State/UTs_Code,District_Code,CD Block_Code,Town/Village_Code,Ward_Code,EB_Code,State/UTs_Name,District_Name,Level,Name,Total/Rural/Urban,No of Households,Total Population Person,Total Population Male,Total Population Female,Population in the age group 0-6 Person,Population in the age group 0-6 Male,Population in the age group 0-6 Female,Scheduled Castes population Person,Scheduled Castes population Male,Scheduled Castes population Female,Scheduled Tribes population Person,Scheduled Tribes population Male,Scheduled Tribes population Female,Literates Population Person,Literates Population Male,Literates Population Female,Illiterate Persons,Illiterate Male,Illiterate Female,Total Worker Population Person,Total Worker Population Male,Total Worker Population Female,Main Working Population Person,Main Working Population Male,Main Working Population Female,Main Cultivator Population Person,Main Cultivator Population Male,Main Cultivator Population Female,Main Agricultural Labourers Population Person,Main Agricultural Labourers Population Male,Main Agricultural Labourers Population Female,Main Household Industries Population Person,Main Household Industries Population Male,Main Household Industries Population Female,Main Other Workers Population Person,Main Other Workers Population Male,Main Other Workers Population Female,Marginal Worker Population Person,Marginal Worker Population Male,Marginal Worker Population Female,Marginal Cultivator Population Person,Marginal Cultivator Population Male,Marginal Cultivator Population Female,Marginal Agriculture Labourers Population Person,Marginal Agriculture Labourers Population Male,Marginal Agriculture Labourers Population Female,Marginal Household Industries Population Person,Marginal Household Industries Population Male,Marginal Household Industries Population Female,Marginal Other Workers Population Person,Marginal Other Workers Population Male,Marginal Other Workers Population Female,Marginal Worker Population 3_6 Person,Marginal Worker Population 3_6 Male,Marginal Worker Population 3_6 Female,Marginal Cultivator Population 3_6 Person,Marginal Cultivator Population 3_6 Male,Marginal Cultivator Population 3_6 Female,Marginal Agriculture Labourers Population 3_6 Person,Marginal Agriculture Labourers Population 3_6 Male,Marginal Agriculture Labourers Population 3_6 Female,Marginal Household Industries Population 3_6 Person,Marginal Household Industries Population 3_6 Male,Marginal Household Industries Population 3-6 Female,Marginal Other Workers Population Person 3_6 Person,Marginal Other Workers Population Person 3_6 Male,Marginal Other Workers Population Person 3_6 Female,Marginal Worker Population 0_3 Person,Marginal Worker Population 0_3 Male,Marginal Worker Population 0_3_Female,Marginal Cultivator Population 0_3 Person,Marginal Cultivator Population 0_3 Male,Marginal Cultivator Population 0_3_Female,Marginal Agriculture Labourers Population 0_3 Person,Marginal Agriculture Labourers Population 0_3 Male,Marginal Agriculture Labourers Population 0_3 Female,Marginal Household Industries Population 0_3 Person,Marginal Household Industries Population 0_3 Male,Marginal Household Industries Population 0_3 Female,Marginal Other Workers Population 0_3 Person,Marginal Other Workers Population 0_3 Male,Marginal Other Workers Population 0_3 Female,Non Working Population Person,Non Working Population Male,Non Working Population Female
29,583,0169,000000,0000,000000,KARNATAKA,Bangalore Rural,CD BLOCK,Nelamangala ,Total,42152,173657,88664,84993,18350,9391,8959,40650,20358,20292,7482,3848,3634,118980,66730,52250,54677,21934,32743,78145,54907,23238,66642,49069,17573,22500,17497,5003,8341,4390,3951,1893,1300,593,33908,25882,8026,11503,5838,5665,1432,613,819,3751,1250,2501,849,449,400,5471,3526,1945,9841,4875,4966,1352,572,780,3452,1115,2337,557,284,273,4480,2904,1576,1662,963,699,80,41,39,299,135,164,292,165,127,991,622,369,95512,33757,61755
29,583,0169,000000,0000,000000,KARNATAKA,Bangalore Rural,CD BLOCK,Nelamangala ,Rural,39412,163090,83242,79848,17165,8784,8381,39479,19762,19717,7212,3708,3504,110625,62241,48384,52465,21001,31464,74013,51706,22307,62956,46198,16758,22415,17416,4999,8309,4364,3945,1718,1162,556,30514,23256,7258,11057,5508,5549,1423,606,817,3707,1220,2487,806,422,384,5121,3260,1861,9453,4578,4875,1344,565,779,3418,1092,2326,526,260,266,4165,2661,1504,1604,930,674,79,41,38,289,128,161,280,162,118,956,599,357,89077,31536,57541
29,583,0169,000000,0000,000000,KARNATAKA,Bangalore Rural,CD BLOCK,Nelamangala ,Urban,2740,10567,5422,5145,1185,607,578,1171,596,575,270,140,130,8355,4489,3866,2212,933,1279,4132,3201,931,3686,2871,815,85,81,4,32,26,6,175,138,37,3394,2626,768,446,330,116,9,7,2,44,30,14,43,27,16,350,266,84,388,297,91,8,7,1,34,23,11,31,24,7,315,243,72,58,33,25,1,0,1,10,7,3,12,3,9,35,23,12,6435,2221,4214
29,583,0169,624707,0000,000000,KARNATAKA,Bangalore Rural,VILLAGE,Halenahalli,Rural,192,864,443,421,90,46,44,252,120,132,42,21,21,609,342,267,255,101,154,376,280,96,375,280,95,102,95,7,192,120,72,3,2,1,78,63,15,1,0,1,0,0,0,0,0,0,0,0,0,1,0,1,0,0,0,0,0,0,0,0,0,0,0,0,0,0,0,1,0,1,0,0,0,0,0,0,0,0,0,1,0,1,488,163,325
29,583,0169,624708,0000,000000,KARNATAKA,Bangalore Rural,VILLAGE,Jajoor,Rural,58,287,152,135,39,19,20,57,30,27,60,33,27,197,120,77,90,32,58,124,90,34,89,70,19,53,41,12,21,16,5,0,0,0,15,13,2,35,20,15,2,0,2,13,3,10,0,0,0,20,17,3,30,16,14,2,0,2,12,3,9,0,0,0,16,13,3,5,4,1,0,0,0,1,0,1,0,0,0,4,4,0,163,62,101
29,583,0169,624709,0000,000000,KARNATAKA,Bangalore Rural,VILLAGE,Makenahalli,Rural,146,595,315,280,60,32,28,208,118,90,56,27,29,330,203,127,265,112,153,333,178,155,168,154,14,119,113,6,5,1,4,0,0,0,44,40,4,165,24,141,136,10,126,1,0,1,1,1,0,27,13,14,164,23,141,136,10,126,1,0,1,0,0,0,27,13,14,1,1,0,0,0,0,0,0,0,1,1,0,0,0,0,262,137,125
29,583,0169,624710,0000,000000,KARNATAKA,Bangalore Rural,VILLAGE,Kuruvel Thimmanahalli,Rural,36,136,67,69,7,5,2,0,0,0,0,0,0,107,58,49,29,9,20,105,50,55,67,38,29,48,33,15,15,5,10,4,0,4,0,0,0,38,12,26,5,0,5,24,9,15,7,2,5,2,1,1,35,11,24,5,0,5,21,8,13,7,2,5,2,1,1,3,1,2,0,0,0,3,1,2,0,0,0,0,0,0,31,17,14
29,583,0169,624711,0000,000000,KARNATAKA,Bangalore Rural,VILLAGE,Yelekyathanahalli,Rural,101,414,231,183,27,15,12,22,15,7,67,40,27,339,204,135,75,27,48,294,154,140,75,59,16,64,54,10,6,1,5,3,2,1,2,2,0,219,95,124,5,2,3,205,88,117,0,0,0,9,5,4,219,95,124,5,2,3,205,88,117,0,0,0,9,5,4,0,0,0,0,0,0,0,0,0,0,0,0,0,0,0,120,77,43
29,583,0169,624712,0000,000000,KARNATAKA,Bangalore Rural,VILLAGE,Bennegere,Rural,38,169,79,90,13,5,8,0,0,0,0,0,0,119,62,57,50,17,33,82,53,29,82,53,29,67,39,28,4,3,1,0,0,0,11,11,0,0,0,0,0,0,0,0,0,0,0,0,0,0,0,0,0,0,0,0,0,0,0,0,0,0,0,0,0,0,0,0,0,0,0,0,0,0,0,0,0,0,0,0,0,0,87,26,61
29,583,0169,624713,0000,000000,KARNATAKA,Bangalore Rural,VILLAGE,Benchanahalli,Rural,234,907,454,453,80,42,38,248,127,121,11,4,7,539,308,231,368,146,222,455,273,182,454,272,182,318,180,138,75,42,33,1,1,0,60,49,11,1,1,0,0,0,0,1,1,0,0,0,0,0,0,0,1,1,0,0,0,0,1,1,0,0,0,0,0,0,0,0,0,0,0,0,0,0,0,0,0,0,0,0,0,0,452,181,271
29,583,0169,624714,0000,000000,KARNATAKA,Bangalore Rural,VILLAGE,Maralakunte,Rural,335,1281,626,655,113,62,51,395,191,204,0,0,0,821,438,383,460,188,272,899,430,469,886,421,465,823,395,428,32,7,25,0,0,0,31,19,12,13,9,4,6,5,1,1,0,1,1,0,1,5,4,1,13,9,4,6,5,1,1,0,1,1,0,1,5,4,1,0,0,0,0,0,0,0,0,0,0,0,0,0,0,0,382,196,186
29,583,0169,624715,0000,000000,KARNATAKA,Bangalore Rural,VILLAGE,Chikkannanahalli,Rural,20,85,45,40,6,2,4,0,0,0,0,0,0,63,38,25,22,7,15,54,27,27,53,27,26,47,23,24,0,0,0,0,0,0,6,4,2,1,0,1,0,0,0,0,0,0,1,0,1,0,0,0,1,0,1,0,0,0,0,0,0,1,0,1,0,0,0,0,0,0,0,0,0,0,0,0,0,0,0,0,0,0,31,18,13
29,583,0169,624716,0000,000000,KARNATAKA,Bangalore Rural,VILLAGE,Hulleharve,Rural,73,279,143,136,27,10,17,55,28,27,0,0,0,160,104,56,119,39,80,92,85,7,87,82,5,58,58,0,0,0,0,6,4,2,23,20,3,5,3,2,0,0,0,1,0,1,0,0,0,4,3,1,5,3,2,0,0,0,1,0,1,0,0,0,4,3,1,0,0,0,0,0,0,0,0,0,0,0,0,0,0,0,187,58,129
29,583,0169,624717,0000,000000,KARNATAKA,Bangalore Rural,VILLAGE,Baragoor,Rural,186,632,305,327,54,23,31,164,79,85,42,19,23,298,187,111,334,118,216,214,171,43,118,115,3,106,104,2,2,1,1,7,7,0,3,3,0,96,56,40,12,9,3,53,28,25,4,3,1,27,16,11,76,48,28,12,9,3,41,24,17,3,2,1,20,13,7,20,8,12,0,0,0,12,4,8,1,1,0,7,3,4,418,134,284
29,583,0169,624718,0000,000000,KARNATAKA,Bangalore Rural,VILLAGE,Madaga,Rural,8,31,19,12,2,2,0,0,0,0,0,0,0,18,13,5,13,6,7,10,9,1,9,9,0,8,8,0,0,0,0,1,1,0,0,0,0,1,0,1,0,0,0,1,0,1,0,0,0,0,0,0,1,0,1,0,0,0,1,0,1,0,0,0,0,0,0,0,0,0,0,0,0,0,0,0,0,0,0,0,0,0,21,10,11
29,583,0169,624719,0000,000000,KARNATAKA,Bangalore Rural,VILLAGE,Chikkanapalya,Rural,8,35,17,18,7,3,4,34,16,18,0,0,0,19,11,8,16,6,10,10,10,0,6,6,0,6,6,0,0,0,0,0,0,0,0,0,0,4,4,0,1,1,0,3,3,0,0,0,0,0,0,0,4,4,0,1,1,0,3,3,0,0,0,0,0,0,0,0,0,0,0,0,0,0,0,0,0,0,0,0,0,0,25,7,18
29,583,0169,624720,0000,000000,KARNATAKA,Bangalore Rural,VILLAGE,Giriyanapalya,Rural,31,140,73,67,12,8,4,4,2,2,0,0,0,85,51,34,55,22,33,44,41,3,43,40,3,33,30,3,0,0,0,3,3,0,7,7,0,1,1,0,0,0,0,0,0,0,1,1,0,0,0,0,0,0,0,0,0,0,0,0,0,0,0,0,0,0,0,1,1,0,0,0,0,0,0,0,1,1,0,0,0,0,96,32,64
29,583,0169,624721,0000,000000,KARNATAKA,Bangalore Rural,VILLAGE,Kuntbommanahalli,Rural,100,467,224,243,53,18,35,82,40,42,0,0,0,274,164,110,193,60,133,145,127,18,139,125,14,99,88,11,0,0,0,2,2,0,38,35,3,6,2,4,0,0,0,3,1,2,0,0,0,3,1,2,4,2,2,0,0,0,2,1,1,0,0,0,2,1,1,2,0,2,0,0,0,1,0,1,0,0,0,1,0,1,322,97,225
29,583,0169,624722,0000,000000,KARNATAKA,Bangalore Rural,VILLAGE,Dasenahalli,Rural,172,772,390,382,86,41,45,360,178,182,53,25,28,516,303,213,256,87,169,347,259,88,345,258,87,140,115,25,119,72,47,7,7,0,79,64,15,2,1,1,1,0,1,0,0,0,0,0,0,1,1,0,2,1,1,1,0,1,0,0,0,0,0,0,1,1,0,0,0,0,0,0,0,0,0,0,0,0,0,0,0,0,425,131,294
29,583,0169,624723,0000,000000,KARNATAKA,Bangalore Rural,VILLAGE,Heggunda,Rural,487,2079,1049,1030,229,115,114,351,181,170,120,60,60,1374,790,584,705,259,446,985,636,349,767,519,248,392,278,114,97,29,68,11,6,5,267,206,61,218,117,101,9,7,2,124,49,75,7,1,6,78,60,18,198,108,90,8,7,1,119,47,72,4,1,3,67,53,14,20,9,11,1,0,1,5,2,3,3,0,3,11,7,4,1094,413,681
29,583,0169,624724,0000,000000,KARNATAKA,Bangalore Rural,VILLAGE,Bugadihalli,Rural,138,667,364,303,82,51,31,37,21,16,11,8,3,397,241,156,270,123,147,312,217,95,295,204,91,183,137,46,80,40,40,1,0,1,31,27,4,17,13,4,2,1,1,2,2,0,0,0,0,13,10,3,13,10,3,2,1,1,1,1,0,0,0,0,10,8,2,4,3,1,0,0,0,1,1,0,0,0,0,3,2,1,355,147,208
29,583,0169,624725,0000,000000,KARNATAKA,Bangalore Rural,VILLAGE,Narasipura,Rural,188,828,444,384,103,54,49,246,141,105,43,22,21,560,335,225,268,109,159,288,233,55,269,219,50,101,87,14,6,2,4,6,6,0,156,124,32,19,14,5,1,0,1,3,3,0,0,0,0,15,11,4,19,14,5,1,0,1,3,3,0,0,0,0,15,11,4,0,0,0,0,0,0,0,0,0,0,0,0,0,0,0,540,211,329
29,583,0169,624726,0000,000000,KARNATAKA,Bangalore Rural,VILLAGE,Bettadahosahalli,Rural,18,87,39,48,7,3,4,69,29,40,0,0,0,51,28,23,36,11,25,24,18,6,21,16,5,14,10,4,2,1,1,0,0,0,5,5,0,3,2,1,0,0,0,1,0,1,0,0,0,2,2,0,3,2,1,0,0,0,1,0,1,0,0,0,2,2,0,0,0,0,0,0,0,0,0,0,0,0,0,0,0,0,63,21,42
29,583,0169,624727,0000,000000,KARNATAKA,Bangalore Rural,VILLAGE,Ramanahalli,Rural,5,21,10,11,4,2,2,0,0,0,21,10,11,11,7,4,10,3,7,6,6,0,5,5,0,4,4,0,0,0,0,0,0,0,1,1,0,1,1,0,0,0,0,0,0,0,0,0,0,1,1,0,1,1,0,0,0,0,0,0,0,0,0,0,1,1,0,0,0,0,0,0,0,0,0,0,0,0,0,0,0,0,15,4,11
29,583,0169,624728,0000,000000,KARNATAKA,Bangalore Rural,VILLAGE,Halenijagal,Rural,250,1006,507,499,78,34,44,206,95,111,0,0,0,701,393,308,305,114,191,484,331,153,473,323,150,173,156,17,95,21,74,0,0,0,205,146,59,11,8,3,0,0,0,0,0,0,0,0,0,11,8,3,6,4,2,0,0,0,0,0,0,0,0,0,6,4,2,5,4,1,0,0,0,0,0,0,0,0,0,5,4,1,522,176,346
29,583,0169,624729,0000,000000,KARNATAKA,Bangalore Rural,VILLAGE,Devarahosahalli,Rural,287,1258,631,627,99,43,56,243,125,118,61,30,31,1010,548,462,248,83,165,497,379,118,434,332,102,244,217,27,76,20,56,16,13,3,98,82,16,63,47,16,10,8,2,29,22,7,8,4,4,16,13,3,55,46,9,9,7,2,25,22,3,6,4,2,15,13,2,8,1,7,1,1,0,4,0,4,2,0,2,1,0,1,761,252,509
29,583,0169,624730,0000,000000,KARNATAKA,Bangalore Rural,VILLAGE,Kamalapura,Rural,150,583,300,283,42,18,24,172,87,85,0,0,0,337,214,123,246,86,160,222,217,5,217,213,4,204,203,1,3,3,0,4,3,1,6,4,2,5,4,1,3,2,1,0,0,0,0,0,0,2,2,0,5,4,1,3,2,1,0,0,0,0,0,0,2,2,0,0,0,0,0,0,0,0,0,0,0,0,0,0,0,0,361,83,278
29,583,0169,624731,0000,000000,KARNATAKA,Bangalore Rural,VILLAGE,Biragondanahalli,Rural,53,239,112,127,31,13,18,22,8,14,0,0,0,126,72,54,113,40,73,134,76,58,134,76,58,100,47,53,7,3,4,0,0,0,27,26,1,0,0,0,0,0,0,0,0,0,0,0,0,0,0,0,0,0,0,0,0,0,0,0,0,0,0,0,0,0,0,0,0,0,0,0,0,0,0,0,0,0,0,0,0,0,105,36,69
29,583,0169,624732,0000,000000,KARNATAKA,Bangalore Rural,VILLAGE,Kallunaikanahalli,Rural,61,253,118,135,28,14,14,0,0,0,2,1,1,166,88,78,87,30,57,141,81,60,141,81,60,81,43,38,20,7,13,0,0,0,40,31,9,0,0,0,0,0,0,0,0,0,0,0,0,0,0,0,0,0,0,0,0,0,0,0,0,0,0,0,0,0,0,0,0,0,0,0,0,0,0,0,0,0,0,0,0,0,112,37,75
29,583,0169,624733,0000,000000,KARNATAKA,Bangalore Rural,VILLAGE,Agalakuppa,Rural,281,1239,613,626,138,73,65,304,141,163,350,176,174,806,440,366,433,173,260,606,386,220,524,345,179,273,179,94,60,16,44,3,3,0,188,147,41,82,41,41,6,4,2,19,5,14,2,0,2,55,32,23,74,35,39,5,3,2,19,5,14,2,0,2,48,27,21,8,6,2,1,1,0,0,0,0,0,0,0,7,5,2,633,227,406
29,583,0169,624734,0000,000000,KARNATAKA,Bangalore Rural,VILLAGE,Nijagal,Rural,74,312,158,154,33,17,16,96,44,52,3,3,0,195,106,89,117,52,65,193,107,86,193,107,86,61,51,10,9,7,2,2,2,0,121,47,74,0,0,0,0,0,0,0,0,0,0,0,0,0,0,0,0,0,0,0,0,0,0,0,0,0,0,0,0,0,0,0,0,0,0,0,0,0,0,0,0,0,0,0,0,0,119,51,68
29,583,0169,624735,0000,000000,KARNATAKA,Bangalore Rural,VILLAGE,Nijagal Kempohalli,Rural,137,563,285,278,77,43,34,160,80,80,71,38,33,367,200,167,196,85,111,376,191,185,358,176,182,124,115,9,2,2,0,8,7,1,224,52,172,18,15,3,2,2,0,1,1,0,1,1,0,14,11,3,18,15,3,2,2,0,1,1,0,1,1,0,14,11,3,0,0,0,0,0,0,0,0,0,0,0,0,0,0,0,187,94,93
29,583,0169,624736,0000,000000,KARNATAKA,Bangalore Rural,VILLAGE,Channohalli,Rural,54,222,108,114,31,13,18,72,29,43,0,0,0,151,83,68,71,25,46,82,68,14,61,50,11,40,33,7,2,1,1,4,3,1,15,13,2,21,18,3,2,1,1,2,2,0,2,1,1,15,14,1,21,18,3,2,1,1,2,2,0,2,1,1,15,14,1,0,0,0,0,0,0,0,0,0,0,0,0,0,0,0,140,40,100
29,583,0169,624737,0000,000000,KARNATAKA,Bangalore Rural,VILLAGE,Imchanahalli,Rural,78,324,162,162,31,17,14,237,117,120,6,2,4,195,113,82,129,49,80,150,99,51,149,98,51,69,47,22,15,5,10,0,0,0,65,46,19,1,1,0,1,1,0,0,0,0,0,0,0,0,0,0,1,1,0,1,1,0,0,0,0,0,0,0,0,0,0,0,0,0,0,0,0,0,0,0,0,0,0,0,0,0,174,63,111
29,583,0169,624738,0000,000000,KARNATAKA,Bangalore Rural,VILLAGE,Govindapura,Rural,65,248,121,127,26,13,13,242,119,123,0,0,0,148,89,59,100,32,68,131,72,59,126,71,55,17,12,5,3,2,1,2,1,1,104,56,48,5,1,4,0,0,0,0,0,0,0,0,0,5,1,4,4,1,3,0,0,0,0,0,0,0,0,0,4,1,3,1,0,1,0,0,0,0,0,0,0,0,0,1,0,1,117,49,68
29,583,0169,624739,0000,000000,KARNATAKA,Bangalore Rural,VILLAGE,Karimanne,Rural,107,451,211,240,51,22,29,57,23,34,78,40,38,317,168,149,134,43,91,286,148,138,283,147,136,192,82,110,10,5,5,12,1,11,69,59,10,3,1,2,1,0,1,1,0,1,0,0,0,1,1,0,3,1,2,1,0,1,1,0,1,0,0,0,1,1,0,0,0,0,0,0,0,0,0,0,0,0,0,0,0,0,165,63,102
29,583,0169,624740,0000,000000,KARNATAKA,Bangalore Rural,VILLAGE,Thattekere,Rural,74,301,150,151,31,19,12,86,38,48,24,12,12,208,112,96,93,38,55,180,96,84,179,95,84,114,51,63,28,14,14,0,0,0,37,30,7,1,1,0,0,0,0,0,0,0,0,0,0,1,1,0,1,1,0,0,0,0,0,0,0,0,0,0,1,1,0,0,0,0,0,0,0,0,0,0,0,0,0,0,0,0,121,54,67
29,583,0169,624741,0000,000000,KARNATAKA,Bangalore Rural,VILLAGE,Nidavanda,Rural,370,1540,799,741,163,88,75,468,233,235,154,77,77,1036,613,423,504,186,318,555,474,81,521,446,75,153,145,8,92,72,20,3,3,0,273,226,47,34,28,6,1,1,0,4,1,3,0,0,0,29,26,3,33,27,6,1,1,0,4,1,3,0,0,0,28,25,3,1,1,0,0,0,0,0,0,0,0,0,0,1,1,0,985,325,660
29,583,0169,624742,0000,000000,KARNATAKA,Bangalore Rural,VILLAGE,Maddenahalli,Rural,98,381,190,191,40,17,23,197,97,100,6,2,4,274,154,120,107,36,71,151,131,20,149,129,20,83,75,8,41,36,5,0,0,0,25,18,7,2,2,0,2,2,0,0,0,0,0,0,0,0,0,0,2,2,0,2,2,0,0,0,0,0,0,0,0,0,0,0,0,0,0,0,0,0,0,0,0,0,0,0,0,0,230,59,171
29,583,0169,624743,0000,000000,KARNATAKA,Bangalore Rural,VILLAGE,Lakkuru,Rural,493,2391,1213,1178,312,146,166,339,178,161,207,104,103,1589,862,727,802,351,451,928,748,180,787,650,137,253,234,19,47,39,8,83,19,64,404,358,46,141,98,43,4,4,0,77,43,34,22,17,5,38,34,4,134,92,42,3,3,0,77,43,34,22,17,5,32,29,3,7,6,1,1,1,0,0,0,0,0,0,0,6,5,1,1463,465,998
29,583,0169,624744,0000,000000,KARNATAKA,Bangalore Rural,VILLAGE,Sompura,Rural,1078,4336,2278,2058,545,293,252,493,262,231,190,101,89,3392,1851,1541,944,427,517,1564,1291,273,1518,1257,261,113,101,12,90,66,24,38,23,15,1277,1067,210,46,34,12,4,3,1,0,0,0,0,0,0,42,31,11,46,34,12,4,3,1,0,0,0,0,0,0,42,31,11,0,0,0,0,0,0,0,0,0,0,0,0,0,0,0,2772,987,1785
29,583,0169,624745,0000,000000,KARNATAKA,Bangalore Rural,VILLAGE,Thimmanaikanahalli,Rural,88,360,203,157,33,21,12,3,2,1,8,6,2,253,151,102,107,52,55,152,130,22,146,124,22,77,72,5,0,0,0,0,0,0,69,52,17,6,6,0,0,0,0,0,0,0,0,0,0,6,6,0,6,6,0,0,0,0,0,0,0,0,0,0,6,6,0,0,0,0,0,0,0,0,0,0,0,0,0,0,0,0,208,73,135
29,583,0169,624746,0000,000000,KARNATAKA,Bangalore Rural,VILLAGE,Pemmanahalli,Rural,179,666,353,313,74,42,32,153,77,76,14,11,3,438,252,186,228,101,127,261,211,50,124,115,9,51,50,1,6,3,3,1,1,0,66,61,5,137,96,41,0,0,0,34,14,20,1,1,0,102,81,21,11,8,3,0,0,0,1,0,1,0,0,0,10,8,2,126,88,38,0,0,0,33,14,19,1,1,0,92,73,19,405,142,263
29,583,0169,624747,0000,000000,KARNATAKA,Bangalore Rural,VILLAGE,Bharathipura,Rural,104,450,228,222,40,24,16,160,78,82,0,0,0,302,167,135,148,61,87,164,133,31,161,130,31,78,68,10,2,0,2,0,0,0,81,62,19,3,3,0,1,1,0,0,0,0,0,0,0,2,2,0,3,3,0,1,1,0,0,0,0,0,0,0,2,2,0,0,0,0,0,0,0,0,0,0,0,0,0,0,0,0,286,95,191
29,583,0169,624748,0000,000000,KARNATAKA,Bangalore Rural,VILLAGE,Yedehalli,Rural,130,581,279,302,85,36,49,184,88,96,2,1,1,388,214,174,193,65,128,225,170,55,114,85,29,29,27,2,2,1,1,7,6,1,76,51,25,111,85,26,5,5,0,9,4,5,14,10,4,83,66,17,102,79,23,5,5,0,6,3,3,12,8,4,79,63,16,9,6,3,0,0,0,3,1,2,2,2,0,4,3,1,356,109,247
29,583,0169,624749,0000,000000,KARNATAKA,Bangalore Rural,VILLAGE,Chandanahosahalli,Rural,45,231,119,112,34,22,12,33,16,17,0,0,0,123,71,52,108,48,60,87,67,20,38,32,6,25,22,3,0,0,0,1,0,1,12,10,2,49,35,14,7,7,0,2,2,0,0,0,0,40,26,14,46,33,13,7,7,0,0,0,0,0,0,0,39,26,13,3,2,1,0,0,0,2,2,0,0,0,0,1,0,1,144,52,92
29,583,0169,624750,0000,000000,KARNATAKA,Bangalore Rural,VILLAGE,Kengal,Rural,283,1221,643,578,129,69,60,240,134,106,44,23,21,697,424,273,524,219,305,639,413,226,383,292,91,292,220,72,6,3,3,2,1,1,83,68,15,256,121,135,38,18,20,176,73,103,1,1,0,41,29,12,206,98,108,31,16,15,137,54,83,1,1,0,37,27,10,50,23,27,7,2,5,39,19,20,0,0,0,4,2,2,582,230,352
29,583,0169,624751,0000,000000,KARNATAKA,Bangalore Rural,VILLAGE,Veerasagara,Rural,110,442,221,221,32,18,14,44,19,25,6,5,1,282,157,125,160,64,96,229,145,84,226,145,81,186,117,69,10,4,6,5,5,0,25,19,6,3,0,3,1,0,1,1,0,1,1,0,1,0,0,0,3,0,3,1,0,1,1,0,1,1,0,1,0,0,0,0,0,0,0,0,0,0,0,0,0,0,0,0,0,0,213,76,137
29,583,0169,624752,0000,000000,KARNATAKA,Bangalore Rural,VILLAGE,Sripathihalli,Rural,92,442,238,204,39,27,12,6,4,2,102,58,44,288,176,112,154,62,92,266,162,104,261,158,103,222,124,98,6,4,2,3,2,1,30,28,2,5,4,1,4,3,1,0,0,0,0,0,0,1,1,0,5,4,1,4,3,1,0,0,0,0,0,0,1,1,0,0,0,0,0,0,0,0,0,0,0,0,0,0,0,0,176,76,100
29,583,0169,624753,0000,000000,KARNATAKA,Bangalore Rural,VILLAGE,Kuthagatta,Rural,103,451,215,236,57,25,32,66,28,38,16,6,10,325,172,153,126,43,83,189,132,57,170,121,49,53,32,21,18,8,10,14,0,14,85,81,4,19,11,8,1,1,0,4,1,3,4,0,4,10,9,1,19,11,8,1,1,0,4,1,3,4,0,4,10,9,1,0,0,0,0,0,0,0,0,0,0,0,0,0,0,0,262,83,179
29,583,0169,624754,0000,000000,KARNATAKA,Bangalore Rural,VILLAGE,Bargenahalli,Rural,254,1067,539,528,99,54,45,461,231,230,54,28,26,725,396,329,342,143,199,568,344,224,542,325,217,274,150,124,125,69,56,4,1,3,139,105,34,26,19,7,5,2,3,2,2,0,0,0,0,19,15,4,22,17,5,3,1,2,2,2,0,0,0,0,17,14,3,4,2,2,2,1,1,0,0,0,0,0,0,2,1,1,499,195,304
29,583,0169,624755,0000,000000,KARNATAKA,Bangalore Rural,VILLAGE,Honnenahalli,Rural,265,1123,537,586,92,49,43,636,303,333,37,16,21,736,388,348,387,149,238,410,302,108,395,290,105,152,87,65,169,154,15,12,8,4,62,41,21,15,12,3,3,2,1,2,2,0,1,1,0,9,7,2,14,11,3,3,2,1,2,2,0,0,0,0,9,7,2,1,1,0,0,0,0,0,0,0,1,1,0,0,0,0,713,235,478
29,583,0169,624756,0000,000000,KARNATAKA,Bangalore Rural,VILLAGE,Srinivasapura,Rural,89,383,184,199,49,21,28,316,154,162,0,0,0,221,124,97,162,60,102,124,121,3,82,80,2,73,73,0,0,0,0,0,0,0,9,7,2,42,41,1,0,0,0,1,1,0,0,0,0,41,40,1,41,40,1,0,0,0,1,1,0,0,0,0,40,39,1,1,1,0,0,0,0,0,0,0,0,0,0,1,1,0,259,63,196
29,583,0169,624757,0000,000000,KARNATAKA,Bangalore Rural,VILLAGE,Kengalkempohalli,Rural,137,534,264,270,59,27,32,56,28,28,12,7,5,396,222,174,138,42,96,201,177,24,170,158,12,44,44,0,6,5,1,17,17,0,103,92,11,31,19,12,0,0,0,1,1,0,4,2,2,26,16,10,19,13,6,0,0,0,1,1,0,4,2,2,14,10,4,12,6,6,0,0,0,0,0,0,0,0,0,12,6,6,333,87,246
29,583,0169,624758,0000,000000,KARNATAKA,Bangalore Rural,VILLAGE,Hosahalli,Rural,147,614,343,271,74,46,28,33,20,13,72,36,36,401,244,157,213,99,114,226,217,9,215,207,8,149,144,5,3,3,0,1,1,0,62,59,3,11,10,1,0,0,0,0,0,0,0,0,0,11,10,1,11,10,1,0,0,0,0,0,0,0,0,0,11,10,1,0,0,0,0,0,0,0,0,0,0,0,0,0,0,0,388,126,262
29,583,0169,624759,0000,000000,KARNATAKA,Bangalore Rural,VILLAGE,Billanakote,Rural,333,1359,719,640,147,82,65,116,59,57,68,35,33,943,554,389,416,165,251,566,415,151,506,371,135,216,165,51,151,92,59,6,4,2,133,110,23,60,44,16,3,2,1,10,7,3,8,5,3,39,30,9,36,29,7,2,1,1,7,5,2,2,2,0,25,21,4,24,15,9,1,1,0,3,2,1,6,3,3,14,9,5,793,304,489
29,583,0169,624760,0000,000000,KARNATAKA,Bangalore Rural,VILLAGE,Avverahalli,Rural,80,319,158,161,35,17,18,210,99,111,6,5,1,189,110,79,130,48,82,155,105,50,126,93,33,39,32,7,2,1,1,0,0,0,85,60,25,29,12,17,2,2,0,2,0,2,0,0,0,25,10,15,29,12,17,2,2,0,2,0,2,0,0,0,25,10,15,0,0,0,0,0,0,0,0,0,0,0,0,0,0,0,164,53,111
29,583,0169,624761,0000,000000,KARNATAKA,Bangalore Rural,VILLAGE,Gottikere,Rural,99,379,186,193,34,17,17,286,138,148,0,0,0,240,143,97,139,43,96,167,123,44,129,98,31,41,37,4,1,1,0,1,1,0,86,59,27,38,25,13,3,3,0,3,2,1,0,0,0,32,20,12,38,25,13,3,3,0,3,2,1,0,0,0,32,20,12,0,0,0,0,0,0,0,0,0,0,0,0,0,0,0,212,63,149
29,583,0169,624762,0000,000000,KARNATAKA,Bangalore Rural,VILLAGE,Shivagange,Rural,358,1398,692,706,152,78,74,333,162,171,81,41,40,1048,560,488,350,132,218,578,419,159,569,414,155,111,97,14,89,63,26,2,1,1,367,253,114,9,5,4,7,4,3,2,1,1,0,0,0,0,0,0,9,5,4,7,4,3,2,1,1,0,0,0,0,0,0,0,0,0,0,0,0,0,0,0,0,0,0,0,0,0,820,273,547
29,583,0169,624763,0000,000000,KARNATAKA,Bangalore Rural,VILLAGE,Gowrapura,Rural,73,305,170,135,27,16,11,0,0,0,9,5,4,169,107,62,136,63,73,148,112,36,69,62,7,57,50,7,3,3,0,1,1,0,8,8,0,79,50,29,0,0,0,35,14,21,4,1,3,40,35,5,66,41,25,0,0,0,32,13,19,1,0,1,33,28,5,13,9,4,0,0,0,3,1,2,3,1,2,7,7,0,157,58,99
29,583,0169,624764,0000,000000,KARNATAKA,Bangalore Rural,VILLAGE,Gangenapura,Rural,158,705,376,329,92,52,40,369,200,169,120,63,57,378,227,151,327,149,178,422,231,191,318,206,112,227,128,99,5,4,1,1,1,0,85,73,12,104,25,79,1,0,1,85,13,72,1,1,0,17,11,6,103,24,79,1,0,1,85,13,72,1,1,0,16,10,6,1,1,0,0,0,0,0,0,0,0,0,0,1,1,0,283,145,138
29,583,0169,624765,0000,000000,KARNATAKA,Bangalore Rural,VILLAGE,Narayanapura,Rural,107,413,204,209,32,14,18,281,140,141,2,1,1,225,131,94,188,73,115,222,112,110,215,111,104,184,88,96,5,4,1,0,0,0,26,19,7,7,1,6,5,0,5,0,0,0,0,0,0,2,1,1,7,1,6,5,0,5,0,0,0,0,0,0,2,1,1,0,0,0,0,0,0,0,0,0,0,0,0,0,0,0,191,92,99
29,583,0169,624766,0000,000000,KARNATAKA,Bangalore Rural,VILLAGE,Basavapatna,Rural,53,197,107,90,11,7,4,77,39,38,0,0,0,127,84,43,70,23,47,106,71,35,105,70,35,84,57,27,1,0,1,0,0,0,20,13,7,1,1,0,0,0,0,0,0,0,0,0,0,1,1,0,1,1,0,0,0,0,0,0,0,0,0,0,1,1,0,0,0,0,0,0,0,0,0,0,0,0,0,0,0,0,91,36,55
29,583,0169,624767,0000,000000,KARNATAKA,Bangalore Rural,VILLAGE,Kambal,Rural,320,1265,657,608,118,67,51,336,173,163,0,0,0,858,500,358,407,157,250,580,385,195,575,381,194,284,185,99,152,86,66,0,0,0,139,110,29,5,4,1,0,0,0,3,2,1,0,0,0,2,2,0,5,4,1,0,0,0,3,2,1,0,0,0,2,2,0,0,0,0,0,0,0,0,0,0,0,0,0,0,0,0,685,272,413
29,583,0169,624768,0000,000000,KARNATAKA,Bangalore Rural,VILLAGE,Gantehosahalli,Rural,81,318,152,166,37,20,17,202,100,102,0,0,0,197,109,88,121,43,78,179,91,88,179,91,88,90,44,46,7,2,5,0,0,0,82,45,37,0,0,0,0,0,0,0,0,0,0,0,0,0,0,0,0,0,0,0,0,0,0,0,0,0,0,0,0,0,0,0,0,0,0,0,0,0,0,0,0,0,0,0,0,0,139,61,78
29,583,0169,624769,0000,000000,KARNATAKA,Bangalore Rural,VILLAGE,Guruvanahalli,Rural,32,130,73,57,5,2,3,0,0,0,0,0,0,101,64,37,29,9,20,75,45,30,42,38,4,24,21,3,3,2,1,0,0,0,15,15,0,33,7,26,2,0,2,28,4,24,0,0,0,3,3,0,33,7,26,2,0,2,28,4,24,0,0,0,3,3,0,0,0,0,0,0,0,0,0,0,0,0,0,0,0,0,55,28,27
29,583,0169,624770,0000,000000,KARNATAKA,Bangalore Rural,VILLAGE,Machenahalli,Rural,165,717,389,328,69,44,25,376,207,169,12,7,5,447,273,174,270,116,154,401,231,170,182,157,25,105,100,5,20,7,13,3,2,1,54,48,6,219,74,145,10,4,6,163,28,135,3,3,0,43,39,4,204,72,132,8,3,5,150,27,123,3,3,0,43,39,4,15,2,13,2,1,1,13,1,12,0,0,0,0,0,0,316,158,158
29,583,0169,624771,0000,000000,KARNATAKA,Bangalore Rural,VILLAGE,Kasaragatta,Rural,123,519,271,248,53,22,31,298,149,149,4,3,1,321,199,122,198,72,126,268,178,90,220,151,69,51,44,7,58,22,36,3,3,0,108,82,26,48,27,21,11,9,2,12,4,8,0,0,0,25,14,11,42,24,18,11,9,2,12,4,8,0,0,0,19,11,8,6,3,3,0,0,0,0,0,0,0,0,0,6,3,3,251,93,158
29,583,0169,624772,0000,000000,KARNATAKA,Bangalore Rural,VILLAGE,Maragondanahalli,Rural,71,259,137,122,21,12,9,162,87,75,0,0,0,175,108,67,84,29,55,179,104,75,164,97,67,17,14,3,69,22,47,5,5,0,73,56,17,15,7,8,2,2,0,8,1,7,0,0,0,5,4,1,12,5,7,2,2,0,8,1,7,0,0,0,2,2,0,3,2,1,0,0,0,0,0,0,0,0,0,3,2,1,80,33,47
29,583,0169,624773,0000,000000,KARNATAKA,Bangalore Rural,VILLAGE,Dasanapura,Rural,1,5,2,3,3,1,2,5,2,3,0,0,0,1,1,0,4,1,3,2,1,1,2,1,1,0,0,0,2,1,1,0,0,0,0,0,0,0,0,0,0,0,0,0,0,0,0,0,0,0,0,0,0,0,0,0,0,0,0,0,0,0,0,0,0,0,0,0,0,0,0,0,0,0,0,0,0,0,0,0,0,0,3,1,2
29,583,0169,624774,0000,000000,KARNATAKA,Bangalore Rural,VILLAGE,Melekattiganoor,Rural,103,413,195,218,30,13,17,139,56,83,87,40,47,282,149,133,131,46,85,283,139,144,278,135,143,3,2,1,193,70,123,1,1,0,81,62,19,5,4,1,0,0,0,1,1,0,0,0,0,4,3,1,3,3,0,0,0,0,1,1,0,0,0,0,2,2,0,2,1,1,0,0,0,0,0,0,0,0,0,2,1,1,130,56,74
29,583,0169,624775,0000,000000,KARNATAKA,Bangalore Rural,VILLAGE,Kerekattiganoor ,Rural,184,799,403,396,73,36,37,472,221,251,5,3,2,473,284,189,326,119,207,426,263,163,347,204,143,279,165,114,45,24,21,1,0,1,22,15,7,79,59,20,1,0,1,3,2,1,1,0,1,74,57,17,63,48,15,1,0,1,3,2,1,1,0,1,58,46,12,16,11,5,0,0,0,0,0,0,0,0,0,16,11,5,373,140,233
29,583,0169,624776,0000,000000,KARNATAKA,Bangalore Rural,VILLAGE,Geddalahalli,Rural,30,139,74,65,13,6,7,0,0,0,0,0,0,109,62,47,30,12,18,40,34,6,37,31,6,30,24,6,3,3,0,2,2,0,2,2,0,3,3,0,0,0,0,0,0,0,1,1,0,2,2,0,3,3,0,0,0,0,0,0,0,1,1,0,2,2,0,0,0,0,0,0,0,0,0,0,0,0,0,0,0,0,99,40,59
29,583,0169,624777,0000,000000,KARNATAKA,Bangalore Rural,VILLAGE,Aladahalli,Rural,13,51,25,26,2,1,1,10,4,6,0,0,0,34,20,14,17,5,12,10,8,2,3,2,1,1,1,0,1,0,1,0,0,0,1,1,0,7,6,1,0,0,0,3,3,0,0,0,0,4,3,1,0,0,0,0,0,0,0,0,0,0,0,0,0,0,0,7,6,1,0,0,0,3,3,0,0,0,0,4,3,1,41,17,24
29,583,0169,624778,0000,000000,KARNATAKA,Bangalore Rural,VILLAGE,Gundenahalli,Rural,49,227,117,110,23,9,14,207,108,99,0,0,0,138,79,59,89,38,51,67,56,11,54,46,8,33,29,4,5,4,1,8,5,3,8,8,0,13,10,3,0,0,0,4,2,2,2,2,0,7,6,1,6,6,0,0,0,0,2,2,0,2,2,0,2,2,0,7,4,3,0,0,0,2,0,2,0,0,0,5,4,1,160,61,99
29,583,0169,624779,0000,000000,KARNATAKA,Bangalore Rural,VILLAGE,Hanumanthapura,Rural,172,675,349,326,71,41,30,243,131,112,0,0,0,443,247,196,232,102,130,341,222,119,334,218,116,172,110,62,48,22,26,2,2,0,112,84,28,7,4,3,0,0,0,3,0,3,0,0,0,4,4,0,7,4,3,0,0,0,3,0,3,0,0,0,4,4,0,0,0,0,0,0,0,0,0,0,0,0,0,0,0,0,334,127,207
29,583,0169,624780,0000,000000,KARNATAKA,Bangalore Rural,VILLAGE,Ananthapura,Rural,0,0,0,0,0,0,0,0,0,0,0,0,0,0,0,0,0,0,0,0,0,0,0,0,0,0,0,0,0,0,0,0,0,0,0,0,0,0,0,0,0,0,0,0,0,0,0,0,0,0,0,0,0,0,0,0,0,0,0,0,0,0,0,0,0,0,0,0,0,0,0,0,0,0,0,0,0,0,0,0,0,0,0,0,0
29,583,0169,624781,0000,000000,KARNATAKA,Bangalore Rural,VILLAGE,Sirganahalli,Rural,17,45,24,21,0,0,0,25,14,11,0,0,0,26,19,7,19,5,14,34,19,15,27,14,13,24,12,12,2,1,1,0,0,0,1,1,0,7,5,2,2,1,1,0,0,0,0,0,0,5,4,1,7,5,2,2,1,1,0,0,0,0,0,0,5,4,1,0,0,0,0,0,0,0,0,0,0,0,0,0,0,0,11,5,6
29,583,0169,624782,0000,000000,KARNATAKA,Bangalore Rural,VILLAGE,Mannerampura,Rural,28,95,43,52,8,4,4,22,11,11,0,0,0,65,31,34,30,12,18,63,33,30,59,30,29,43,18,25,6,2,4,0,0,0,10,10,0,4,3,1,2,2,0,0,0,0,0,0,0,2,1,1,4,3,1,2,2,0,0,0,0,0,0,0,2,1,1,0,0,0,0,0,0,0,0,0,0,0,0,0,0,0,32,10,22
29,583,0169,624783,0000,000000,KARNATAKA,Bangalore Rural,VILLAGE,Venkatapura,Rural,11,46,22,24,3,1,2,1,1,0,0,0,0,30,16,14,16,6,10,31,16,15,30,15,15,22,10,12,7,4,3,0,0,0,1,1,0,1,1,0,0,0,0,0,0,0,0,0,0,1,1,0,1,1,0,0,0,0,0,0,0,0,0,0,1,1,0,0,0,0,0,0,0,0,0,0,0,0,0,0,0,0,15,6,9
29,583,0169,624784,0000,000000,KARNATAKA,Bangalore Rural,VILLAGE,Somasagara,Rural,69,287,148,139,28,11,17,111,58,53,21,11,10,167,103,64,120,45,75,176,97,79,165,90,75,138,68,70,5,3,2,0,0,0,22,19,3,11,7,4,0,0,0,4,1,3,0,0,0,7,6,1,11,7,4,0,0,0,4,1,3,0,0,0,7,6,1,0,0,0,0,0,0,0,0,0,0,0,0,0,0,0,111,51,60
29,583,0169,624785,0000,000000,KARNATAKA,Bangalore Rural,VILLAGE,Karimaranahalli,Rural,98,335,179,156,31,16,15,0,0,0,0,0,0,216,134,82,119,45,74,154,99,55,150,99,51,70,67,3,53,7,46,1,0,1,26,25,1,4,0,4,0,0,0,2,0,2,0,0,0,2,0,2,4,0,4,0,0,0,2,0,2,0,0,0,2,0,2,0,0,0,0,0,0,0,0,0,0,0,0,0,0,0,181,80,101
29,583,0169,624786,0000,000000,KARNATAKA,Bangalore Rural,VILLAGE,Mavinakunte,Rural,75,288,146,142,23,12,11,152,76,76,0,0,0,177,103,74,111,43,68,135,86,49,135,86,49,40,40,0,74,30,44,0,0,0,21,16,5,0,0,0,0,0,0,0,0,0,0,0,0,0,0,0,0,0,0,0,0,0,0,0,0,0,0,0,0,0,0,0,0,0,0,0,0,0,0,0,0,0,0,0,0,0,153,60,93
29,583,0169,624787,0000,000000,KARNATAKA,Bangalore Rural,VILLAGE,Goraghatta,Rural,225,972,490,482,103,56,47,216,104,112,0,0,0,625,359,266,347,131,216,604,333,271,603,333,270,237,172,65,302,110,192,4,3,1,60,48,12,1,0,1,0,0,0,0,0,0,1,0,1,0,0,0,1,0,1,0,0,0,0,0,0,1,0,1,0,0,0,0,0,0,0,0,0,0,0,0,0,0,0,0,0,0,368,157,211
29,583,0169,624788,0000,000000,KARNATAKA,Bangalore Rural,VILLAGE,Jakkasandra,Rural,5,20,12,8,5,2,3,0,0,0,0,0,0,11,8,3,9,4,5,11,7,4,11,7,4,9,5,4,0,0,0,0,0,0,2,2,0,0,0,0,0,0,0,0,0,0,0,0,0,0,0,0,0,0,0,0,0,0,0,0,0,0,0,0,0,0,0,0,0,0,0,0,0,0,0,0,0,0,0,0,0,0,9,5,4
29,583,0169,624789,0000,000000,KARNATAKA,Bangalore Rural,VILLAGE,Krishnarajapura,Rural,0,0,0,0,0,0,0,0,0,0,0,0,0,0,0,0,0,0,0,0,0,0,0,0,0,0,0,0,0,0,0,0,0,0,0,0,0,0,0,0,0,0,0,0,0,0,0,0,0,0,0,0,0,0,0,0,0,0,0,0,0,0,0,0,0,0,0,0,0,0,0,0,0,0,0,0,0,0,0,0,0,0,0,0,0
29,583,0169,624790,0000,000000,KARNATAKA,Bangalore Rural,VILLAGE,Appagondanahalli,Rural,106,480,225,255,43,14,29,0,0,0,0,0,0,325,185,140,155,40,115,279,142,137,279,142,137,226,115,111,19,5,14,0,0,0,34,22,12,0,0,0,0,0,0,0,0,0,0,0,0,0,0,0,0,0,0,0,0,0,0,0,0,0,0,0,0,0,0,0,0,0,0,0,0,0,0,0,0,0,0,0,0,0,201,83,118
29,583,0169,624791,0000,000000,KARNATAKA,Bangalore Rural,VILLAGE,Adihosahalli,Rural,80,336,189,147,37,24,13,0,0,0,0,0,0,249,155,94,87,34,53,157,101,56,112,87,25,58,50,8,7,5,2,0,0,0,47,32,15,45,14,31,3,0,3,0,0,0,0,0,0,42,14,28,42,13,29,3,0,3,0,0,0,0,0,0,39,13,26,3,1,2,0,0,0,0,0,0,0,0,0,3,1,2,179,88,91
29,583,0169,624792,0000,000000,KARNATAKA,Bangalore Rural,VILLAGE,Maddenahalli,Rural,57,208,99,109,23,12,11,107,50,57,0,0,0,138,72,66,70,27,43,88,60,28,65,52,13,25,21,4,8,6,2,0,0,0,32,25,7,23,8,15,4,0,4,2,1,1,0,0,0,17,7,10,19,4,15,4,0,4,2,1,1,0,0,0,13,3,10,4,4,0,0,0,0,0,0,0,0,0,0,4,4,0,120,39,81
29,583,0169,624793,0000,000000,KARNATAKA,Bangalore Rural,VILLAGE,Manne,Rural,379,1429,695,734,74,48,26,462,214,248,278,138,140,1041,577,464,388,118,270,512,405,107,489,385,104,129,117,12,88,51,37,0,0,0,272,217,55,23,20,3,7,5,2,2,2,0,0,0,0,14,13,1,23,20,3,7,5,2,2,2,0,0,0,0,14,13,1,0,0,0,0,0,0,0,0,0,0,0,0,0,0,0,917,290,627
29,583,0169,624794,0000,000000,KARNATAKA,Bangalore Rural,VILLAGE,Kannohalli,Rural,35,140,67,73,13,6,7,15,6,9,0,0,0,97,56,41,43,11,32,54,37,17,45,35,10,19,14,5,1,1,0,0,0,0,25,20,5,9,2,7,2,0,2,0,0,0,0,0,0,7,2,5,9,2,7,2,0,2,0,0,0,0,0,0,7,2,5,0,0,0,0,0,0,0,0,0,0,0,0,0,0,0,86,30,56
29,583,0169,624795,0000,000000,KARNATAKA,Bangalore Rural,VILLAGE,Makanakuppe,Rural,209,817,397,420,99,47,52,472,224,248,26,11,15,524,283,241,293,114,179,347,259,88,323,249,74,76,60,16,11,8,3,20,16,4,216,165,51,24,10,14,0,0,0,0,0,0,1,1,0,23,9,14,23,9,14,0,0,0,0,0,0,0,0,0,23,9,14,1,1,0,0,0,0,0,0,0,1,1,0,0,0,0,470,138,332
29,583,0169,624796,0000,000000,KARNATAKA,Bangalore Rural,VILLAGE,Muddalinganahalli,Rural,89,342,154,188,36,16,20,48,24,24,17,8,9,244,125,119,98,29,69,133,93,40,133,93,40,43,35,8,3,2,1,1,1,0,86,55,31,0,0,0,0,0,0,0,0,0,0,0,0,0,0,0,0,0,0,0,0,0,0,0,0,0,0,0,0,0,0,0,0,0,0,0,0,0,0,0,0,0,0,0,0,0,209,61,148
29,583,0169,624797,0000,000000,KARNATAKA,Bangalore Rural,VILLAGE,Obalapura,Rural,309,1185,596,589,86,47,39,249,124,125,98,50,48,843,486,357,342,110,232,607,386,221,493,363,130,194,154,40,69,31,38,17,13,4,213,165,48,114,23,91,3,2,1,94,13,81,1,0,1,16,8,8,113,23,90,3,2,1,93,13,80,1,0,1,16,8,8,1,0,1,0,0,0,1,0,1,0,0,0,0,0,0,578,210,368
29,583,0169,624798,0000,000000,KARNATAKA,Bangalore Rural,VILLAGE,Kodigehalli,Rural,232,894,445,449,75,46,29,64,31,33,37,17,20,563,322,241,331,123,208,339,290,49,315,290,25,191,190,1,6,4,2,108,86,22,10,10,0,24,0,24,1,0,1,23,0,23,0,0,0,0,0,0,24,0,24,1,0,1,23,0,23,0,0,0,0,0,0,0,0,0,0,0,0,0,0,0,0,0,0,0,0,0,555,155,400
29,583,0169,624799,0000,000000,KARNATAKA,Bangalore Rural,VILLAGE,Ballagere,Rural,175,749,383,366,72,43,29,64,30,34,176,87,89,573,310,263,176,73,103,266,239,27,261,237,24,153,145,8,8,6,2,9,7,2,91,79,12,5,2,3,0,0,0,0,0,0,0,0,0,5,2,3,5,2,3,0,0,0,0,0,0,0,0,0,5,2,3,0,0,0,0,0,0,0,0,0,0,0,0,0,0,0,483,144,339
29,583,0169,624800,0000,000000,KARNATAKA,Bangalore Rural,VILLAGE,Kenchanapura,Rural,81,339,172,167,32,18,14,207,110,97,0,0,0,230,133,97,109,39,70,133,120,13,131,118,13,44,40,4,75,73,2,0,0,0,12,5,7,2,2,0,0,0,0,1,1,0,0,0,0,1,1,0,2,2,0,0,0,0,1,1,0,0,0,0,1,1,0,0,0,0,0,0,0,0,0,0,0,0,0,0,0,0,206,52,154
29,583,0169,624801,0000,000000,KARNATAKA,Bangalore Rural,VILLAGE,Tadasigatta,Rural,195,762,372,390,54,29,25,234,116,118,0,0,0,552,301,251,210,71,139,341,222,119,238,161,77,23,19,4,2,1,1,39,31,8,174,110,64,103,61,42,27,21,6,10,4,6,20,13,7,46,23,23,57,36,21,19,15,4,3,1,2,9,6,3,26,14,12,46,25,21,8,6,2,7,3,4,11,7,4,20,9,11,421,150,271
29,583,0169,624802,0000,000000,KARNATAKA,Bangalore Rural,VILLAGE,Mavinakommenahalli,Rural,24,107,57,50,5,2,3,0,0,0,0,0,0,70,46,24,37,11,26,35,35,0,35,35,0,3,3,0,31,31,0,0,0,0,1,1,0,0,0,0,0,0,0,0,0,0,0,0,0,0,0,0,0,0,0,0,0,0,0,0,0,0,0,0,0,0,0,0,0,0,0,0,0,0,0,0,0,0,0,0,0,0,72,22,50
29,583,0169,624803,0000,000000,KARNATAKA,Bangalore Rural,VILLAGE,Doddachannohalli,Rural,81,287,136,151,30,16,14,122,57,65,1,0,1,196,105,91,91,31,60,143,96,47,131,91,40,49,43,6,50,23,27,1,0,1,31,25,6,12,5,7,0,0,0,7,1,6,0,0,0,5,4,1,9,4,5,0,0,0,5,1,4,0,0,0,4,3,1,3,1,2,0,0,0,2,0,2,0,0,0,1,1,0,144,40,104
29,583,0169,624804,0000,000000,KARNATAKA,Bangalore Rural,VILLAGE,Tavarekere,Rural,164,673,353,320,69,39,30,272,140,132,11,6,5,469,269,200,204,84,120,302,225,77,295,223,72,103,83,20,68,37,31,2,0,2,122,103,19,7,2,5,0,0,0,5,1,4,1,0,1,1,1,0,7,2,5,0,0,0,5,1,4,1,0,1,1,1,0,0,0,0,0,0,0,0,0,0,0,0,0,0,0,0,371,128,243
29,583,0169,624805,0000,000000,KARNATAKA,Bangalore Rural,VILLAGE,Lakshmanapura,Rural,18,80,39,41,9,4,5,79,39,40,0,0,0,36,21,15,44,18,26,33,29,4,32,28,4,15,15,0,16,12,4,0,0,0,1,1,0,1,1,0,0,0,0,0,0,0,0,0,0,1,1,0,1,1,0,0,0,0,0,0,0,0,0,0,1,1,0,0,0,0,0,0,0,0,0,0,0,0,0,0,0,0,47,10,37
29,583,0169,624806,0000,000000,KARNATAKA,Bangalore Rural,VILLAGE,Biragundanahalli,Rural,65,315,169,146,25,14,11,187,98,89,0,0,0,206,120,86,109,49,60,138,117,21,138,117,21,64,63,1,49,33,16,0,0,0,25,21,4,0,0,0,0,0,0,0,0,0,0,0,0,0,0,0,0,0,0,0,0,0,0,0,0,0,0,0,0,0,0,0,0,0,0,0,0,0,0,0,0,0,0,0,0,0,177,52,125
29,583,0169,624807,0000,000000,KARNATAKA,Bangalore Rural,VILLAGE,Hallurampura,Rural,0,0,0,0,0,0,0,0,0,0,0,0,0,0,0,0,0,0,0,0,0,0,0,0,0,0,0,0,0,0,0,0,0,0,0,0,0,0,0,0,0,0,0,0,0,0,0,0,0,0,0,0,0,0,0,0,0,0,0,0,0,0,0,0,0,0,0,0,0,0,0,0,0,0,0,0,0,0,0,0,0,0,0,0,0
29,583,0169,624808,0000,000000,KARNATAKA,Bangalore Rural,VILLAGE,Thippasettihalli,Rural,171,712,376,336,60,35,25,2,2,0,4,2,2,535,301,234,177,75,102,329,243,86,304,225,79,106,104,2,87,33,54,2,2,0,109,86,23,25,18,7,6,6,0,5,1,4,0,0,0,14,11,3,25,18,7,6,6,0,5,1,4,0,0,0,14,11,3,0,0,0,0,0,0,0,0,0,0,0,0,0,0,0,383,133,250
29,583,0169,624809,0000,000000,KARNATAKA,Bangalore Rural,VILLAGE,Karehalli,Rural,142,639,319,320,68,28,40,334,174,160,0,0,0,386,239,147,253,80,173,315,220,95,304,214,90,75,73,2,136,64,72,3,2,1,90,75,15,11,6,5,0,0,0,4,1,3,1,1,0,6,4,2,9,5,4,0,0,0,4,1,3,1,1,0,4,3,1,2,1,1,0,0,0,0,0,0,0,0,0,2,1,1,324,99,225
29,583,0169,624810,0000,000000,KARNATAKA,Bangalore Rural,VILLAGE,Doddabele,Rural,315,1388,708,680,118,61,57,374,179,195,66,34,32,968,560,408,420,148,272,695,459,236,690,454,236,255,172,83,260,141,119,0,0,0,175,141,34,5,5,0,0,0,0,0,0,0,0,0,0,5,5,0,2,2,0,0,0,0,0,0,0,0,0,0,2,2,0,3,3,0,0,0,0,0,0,0,0,0,0,3,3,0,693,249,444
29,583,0169,624811,0000,000000,KARNATAKA,Bangalore Rural,VILLAGE,Gulapura,Rural,171,733,353,380,79,33,46,204,99,105,9,4,5,479,271,208,254,82,172,264,210,54,258,209,49,58,51,7,28,23,5,0,0,0,172,135,37,6,1,5,0,0,0,3,1,2,0,0,0,3,0,3,3,1,2,0,0,0,2,1,1,0,0,0,1,0,1,3,0,3,0,0,0,1,0,1,0,0,0,2,0,2,469,143,326
29,583,0169,624812,0000,000000,KARNATAKA,Bangalore Rural,VILLAGE,Nimbenahalli,Rural,47,223,103,120,26,13,13,115,52,63,0,0,0,144,78,66,79,25,54,129,66,63,128,65,63,14,14,0,89,28,61,0,0,0,25,23,2,1,1,0,0,0,0,0,0,0,0,0,0,1,1,0,1,1,0,0,0,0,0,0,0,0,0,0,1,1,0,0,0,0,0,0,0,0,0,0,0,0,0,0,0,0,94,37,57
29,583,0169,624813,0000,000000,KARNATAKA,Bangalore Rural,VILLAGE,Vadakunte,Rural,163,746,375,371,68,30,38,109,56,53,2,1,1,537,314,223,209,61,148,330,262,68,290,248,42,117,104,13,5,4,1,0,0,0,168,140,28,40,14,26,1,1,0,16,4,12,0,0,0,23,9,14,34,11,23,1,1,0,15,3,12,0,0,0,18,7,11,6,3,3,0,0,0,1,1,0,0,0,0,5,2,3,416,113,303
29,583,0169,624814,0000,000000,KARNATAKA,Bangalore Rural,VILLAGE,Lakkappanahalli,Rural,58,238,113,125,18,7,11,18,10,8,2,1,1,156,89,67,82,24,58,160,83,77,160,83,77,26,22,4,101,31,70,2,1,1,31,29,2,0,0,0,0,0,0,0,0,0,0,0,0,0,0,0,0,0,0,0,0,0,0,0,0,0,0,0,0,0,0,0,0,0,0,0,0,0,0,0,0,0,0,0,0,0,78,30,48
29,583,0169,624815,0000,000000,KARNATAKA,Bangalore Rural,VILLAGE,Byranaikanahalli,Rural,184,1050,596,454,73,38,35,225,116,109,7,6,1,805,504,301,245,92,153,389,247,142,364,245,119,95,86,9,90,23,67,0,0,0,179,136,43,25,2,23,1,0,1,21,1,20,0,0,0,3,1,2,23,2,21,1,0,1,20,1,19,0,0,0,2,1,1,2,0,2,0,0,0,1,0,1,0,0,0,1,0,1,661,349,312
29,583,0169,624816,0000,000000,KARNATAKA,Bangalore Rural,VILLAGE,Chikkanahalli,Rural,229,1072,554,518,112,55,57,311,161,150,0,0,0,603,350,253,469,204,265,509,380,129,441,356,85,183,175,8,129,72,57,3,2,1,126,107,19,68,24,44,30,1,29,3,1,2,1,1,0,34,21,13,68,24,44,30,1,29,3,1,2,1,1,0,34,21,13,0,0,0,0,0,0,0,0,0,0,0,0,0,0,0,563,174,389
29,583,0169,624817,0000,000000,KARNATAKA,Bangalore Rural,VILLAGE,Hasurahalli,Rural,229,916,481,435,90,51,39,84,45,39,213,116,97,541,318,223,375,163,212,499,292,207,497,291,206,333,204,129,63,30,33,2,2,0,99,55,44,2,1,1,1,1,0,1,0,1,0,0,0,0,0,0,2,1,1,1,1,0,1,0,1,0,0,0,0,0,0,0,0,0,0,0,0,0,0,0,0,0,0,0,0,0,417,189,228
29,583,0169,624818,0000,000000,KARNATAKA,Bangalore Rural,VILLAGE,Guddegowdana Channohalli,Rural,68,294,144,150,20,10,10,10,7,3,0,0,0,179,104,75,115,40,75,203,103,100,203,103,100,144,98,46,56,3,53,0,0,0,3,2,1,0,0,0,0,0,0,0,0,0,0,0,0,0,0,0,0,0,0,0,0,0,0,0,0,0,0,0,0,0,0,0,0,0,0,0,0,0,0,0,0,0,0,0,0,0,91,41,50
29,583,0169,624819,0000,000000,KARNATAKA,Bangalore Rural,VILLAGE,Isuvanahalli,Rural,272,1183,585,598,101,43,58,206,97,109,62,29,33,748,418,330,435,167,268,551,359,192,528,342,186,320,271,49,159,32,127,0,0,0,49,39,10,23,17,6,0,0,0,11,6,5,0,0,0,12,11,1,23,17,6,0,0,0,11,6,5,0,0,0,12,11,1,0,0,0,0,0,0,0,0,0,0,0,0,0,0,0,632,226,406
29,583,0169,624820,0000,000000,KARNATAKA,Bangalore Rural,VILLAGE,Narasapura,Rural,140,647,328,319,77,43,34,239,128,111,0,0,0,407,235,172,240,93,147,360,202,158,174,158,16,75,71,4,29,25,4,0,0,0,70,62,8,186,44,142,4,0,4,169,37,132,2,0,2,11,7,4,168,39,129,3,0,3,157,35,122,1,0,1,7,4,3,18,5,13,1,0,1,12,2,10,1,0,1,4,3,1,287,126,161
29,583,0169,624821,0000,000000,KARNATAKA,Bangalore Rural,VILLAGE,Gundenahalli,Rural,259,1127,553,574,101,45,56,154,62,92,18,8,10,765,408,357,362,145,217,462,327,135,435,313,122,216,176,40,25,21,4,60,13,47,134,103,31,27,14,13,7,4,3,7,1,6,3,1,2,10,8,2,23,13,10,7,4,3,7,1,6,1,1,0,8,7,1,4,1,3,0,0,0,0,0,0,2,0,2,2,1,1,665,226,439
29,583,0169,624822,0000,000000,KARNATAKA,Bangalore Rural,VILLAGE,Thyamagondlu Amanikere,Rural,0,0,0,0,0,0,0,0,0,0,0,0,0,0,0,0,0,0,0,0,0,0,0,0,0,0,0,0,0,0,0,0,0,0,0,0,0,0,0,0,0,0,0,0,0,0,0,0,0,0,0,0,0,0,0,0,0,0,0,0,0,0,0,0,0,0,0,0,0,0,0,0,0,0,0,0,0,0,0,0,0,0,0,0,0
29,583,0169,624823,0000,000000,KARNATAKA,Bangalore Rural,VILLAGE,Thyamagondlu,Rural,1918,8160,4151,4009,839,423,416,1357,700,657,114,58,56,5952,3228,2724,2208,923,1285,3341,2476,865,2846,2235,611,434,344,90,383,245,138,274,175,99,1755,1471,284,495,241,254,41,20,21,139,59,80,23,7,16,292,155,137,451,219,232,38,17,21,115,46,69,20,7,13,278,149,129,44,22,22,3,3,0,24,13,11,3,0,3,14,6,8,4819,1675,3144
29,583,0169,624824,0000,000000,KARNATAKA,Bangalore Rural,VILLAGE,Totanahalli,Rural,100,393,210,183,30,21,9,223,111,112,0,0,0,265,154,111,128,56,72,250,139,111,218,122,96,76,63,13,4,3,1,20,15,5,118,41,77,32,17,15,10,9,1,0,0,0,3,3,0,19,5,14,32,17,15,10,9,1,0,0,0,3,3,0,19,5,14,0,0,0,0,0,0,0,0,0,0,0,0,0,0,0,143,71,72
29,583,0169,624825,0000,000000,KARNATAKA,Bangalore Rural,VILLAGE,Kodipalya,Rural,45,163,81,82,9,7,2,23,13,10,0,0,0,118,62,56,45,19,26,98,49,49,94,46,48,33,29,4,4,2,2,3,2,1,54,13,41,4,3,1,0,0,0,0,0,0,0,0,0,4,3,1,4,3,1,0,0,0,0,0,0,0,0,0,4,3,1,0,0,0,0,0,0,0,0,0,0,0,0,0,0,0,65,32,33
29,583,0169,624826,0000,000000,KARNATAKA,Bangalore Rural,VILLAGE,Bidalur,Rural,180,690,357,333,58,25,33,78,40,38,339,180,159,437,246,191,253,111,142,437,243,194,116,107,9,50,48,2,11,10,1,2,2,0,53,47,6,321,136,185,3,2,1,271,94,177,0,0,0,47,40,7,318,133,185,3,2,1,271,94,177,0,0,0,44,37,7,3,3,0,0,0,0,0,0,0,0,0,0,3,3,0,253,114,139
29,583,0169,624827,0000,000000,KARNATAKA,Bangalore Rural,VILLAGE,Kodihalli,Rural,154,655,332,323,48,25,23,396,201,195,0,0,0,396,235,161,259,97,162,482,242,240,110,62,48,49,28,21,27,14,13,28,16,12,6,4,2,372,180,192,100,45,55,152,86,66,103,39,64,17,10,7,356,172,184,97,44,53,145,81,64,98,37,61,16,10,6,16,8,8,3,1,2,7,5,2,5,2,3,1,0,1,173,90,83
29,583,0169,624828,0000,000000,KARNATAKA,Bangalore Rural,VILLAGE,Kalalghatta,Rural,144,693,384,309,70,39,31,138,73,65,0,0,0,523,304,219,170,80,90,186,169,17,138,132,6,133,128,5,0,0,0,0,0,0,5,4,1,48,37,11,15,11,4,2,2,0,3,2,1,28,22,6,43,33,10,15,11,4,2,2,0,3,2,1,23,18,5,5,4,1,0,0,0,0,0,0,0,0,0,5,4,1,507,215,292
29,583,0169,624829,0000,000000,KARNATAKA,Bangalore Rural,VILLAGE,Harvesandra,Rural,38,141,75,66,7,6,1,73,38,35,0,0,0,87,55,32,54,20,34,67,38,29,39,35,4,23,22,1,5,3,2,0,0,0,11,10,1,28,3,25,20,2,18,8,1,7,0,0,0,0,0,0,27,2,25,19,1,18,8,1,7,0,0,0,0,0,0,1,1,0,1,1,0,0,0,0,0,0,0,0,0,0,74,37,37
29,583,0169,624830,0000,000000,KARNATAKA,Bangalore Rural,VILLAGE,Alunaikanahalli,Rural,73,302,154,148,28,12,16,122,65,57,7,3,4,181,107,74,121,47,74,157,101,56,94,89,5,32,32,0,41,38,3,0,0,0,21,19,2,63,12,51,29,5,24,34,7,27,0,0,0,0,0,0,60,10,50,26,3,23,34,7,27,0,0,0,0,0,0,3,2,1,3,2,1,0,0,0,0,0,0,0,0,0,145,53,92
29,583,0169,624831,0000,000000,KARNATAKA,Bangalore Rural,VILLAGE,Lakkenahalli,Rural,109,449,228,221,47,20,27,224,114,110,53,28,25,256,146,110,193,82,111,186,148,38,182,147,35,85,78,7,41,24,17,0,0,0,56,45,11,4,1,3,0,0,0,0,0,0,0,0,0,4,1,3,4,1,3,0,0,0,0,0,0,0,0,0,4,1,3,0,0,0,0,0,0,0,0,0,0,0,0,0,0,0,263,80,183
29,583,0169,624832,0000,000000,KARNATAKA,Bangalore Rural,VILLAGE,Mahimapura,Rural,72,333,162,171,25,13,12,41,21,20,0,0,0,208,122,86,125,40,85,137,110,27,137,110,27,87,73,14,17,9,8,0,0,0,33,28,5,0,0,0,0,0,0,0,0,0,0,0,0,0,0,0,0,0,0,0,0,0,0,0,0,0,0,0,0,0,0,0,0,0,0,0,0,0,0,0,0,0,0,0,0,0,196,52,144
29,583,0169,624833,0000,000000,KARNATAKA,Bangalore Rural,VILLAGE,Kuluvanahalli,Rural,238,972,470,502,95,42,53,251,119,132,10,8,2,654,367,287,318,103,215,393,321,72,335,294,41,106,99,7,26,21,5,8,7,1,195,167,28,58,27,31,3,1,2,49,23,26,1,1,0,5,2,3,57,26,31,3,1,2,48,22,26,1,1,0,5,2,3,1,1,0,0,0,0,1,1,0,0,0,0,0,0,0,579,149,430
29,583,0169,624834,0000,000000,KARNATAKA,Bangalore Rural,VILLAGE,Karenahalli,Rural,12,49,29,20,1,1,0,0,0,0,0,0,0,34,24,10,15,5,10,17,17,0,5,5,0,4,4,0,0,0,0,0,0,0,1,1,0,12,12,0,6,6,0,0,0,0,0,0,0,6,6,0,12,12,0,6,6,0,0,0,0,0,0,0,6,6,0,0,0,0,0,0,0,0,0,0,0,0,0,0,0,0,32,12,20
29,583,0169,624835,0000,000000,KARNATAKA,Bangalore Rural,VILLAGE,Sulkunte,Rural,228,940,484,456,109,59,50,245,134,111,0,0,0,597,341,256,343,143,200,318,293,25,259,247,12,210,201,9,20,19,1,6,5,1,23,22,1,59,46,13,5,4,1,4,3,1,0,0,0,50,39,11,59,46,13,5,4,1,4,3,1,0,0,0,50,39,11,0,0,0,0,0,0,0,0,0,0,0,0,0,0,0,622,191,431
29,583,0169,624836,0000,000000,KARNATAKA,Bangalore Rural,VILLAGE,Kempapura Agrahara,Rural,114,495,252,243,66,41,25,22,13,9,25,14,11,345,185,160,150,67,83,188,162,26,70,68,2,42,42,0,0,0,0,13,12,1,15,14,1,118,94,24,39,36,3,0,0,0,0,0,0,79,58,21,118,94,24,39,36,3,0,0,0,0,0,0,79,58,21,0,0,0,0,0,0,0,0,0,0,0,0,0,0,0,307,90,217
29,583,0169,624837,0000,000000,KARNATAKA,Bangalore Rural,VILLAGE,Arebommanahalli,Rural,134,547,282,265,63,31,32,127,66,61,10,5,5,408,230,178,139,52,87,192,162,30,188,159,29,69,68,1,15,13,2,0,0,0,104,78,26,4,3,1,1,1,0,0,0,0,0,0,0,3,2,1,3,2,1,1,1,0,0,0,0,0,0,0,2,1,1,1,1,0,0,0,0,0,0,0,0,0,0,1,1,0,355,120,235
29,583,0169,624838,0000,000000,KARNATAKA,Bangalore Rural,VILLAGE,Kodigebommanahalli,Rural,101,391,199,192,28,16,12,173,88,85,20,10,10,241,140,101,150,59,91,165,125,40,160,122,38,80,77,3,33,4,29,0,0,0,47,41,6,5,3,2,0,0,0,1,0,1,0,0,0,4,3,1,4,3,1,0,0,0,0,0,0,0,0,0,4,3,1,1,0,1,0,0,0,1,0,1,0,0,0,0,0,0,226,74,152
29,583,0169,624839,0000,000000,KARNATAKA,Bangalore Rural,VILLAGE,Halkur,Rural,58,235,117,118,24,14,10,102,52,50,0,0,0,142,83,59,93,34,59,72,67,5,72,67,5,48,48,0,0,0,0,0,0,0,24,19,5,0,0,0,0,0,0,0,0,0,0,0,0,0,0,0,0,0,0,0,0,0,0,0,0,0,0,0,0,0,0,0,0,0,0,0,0,0,0,0,0,0,0,0,0,0,163,50,113
29,583,0169,624840,0000,000000,KARNATAKA,Bangalore Rural,VILLAGE,Honnarayanahalli,Rural,108,429,211,218,46,21,25,113,58,55,2,1,1,286,156,130,143,55,88,182,139,43,182,139,43,83,76,7,24,5,19,0,0,0,75,58,17,0,0,0,0,0,0,0,0,0,0,0,0,0,0,0,0,0,0,0,0,0,0,0,0,0,0,0,0,0,0,0,0,0,0,0,0,0,0,0,0,0,0,0,0,0,247,72,175
29,583,0169,624841,0000,000000,KARNATAKA,Bangalore Rural,VILLAGE,Thimmasandra,Rural,119,457,221,236,40,18,22,146,67,79,21,12,9,241,137,104,216,84,132,220,156,64,216,153,63,132,85,47,0,0,0,0,0,0,84,68,16,4,3,1,0,0,0,0,0,0,1,1,0,3,2,1,3,2,1,0,0,0,0,0,0,1,1,0,2,1,1,1,1,0,0,0,0,0,0,0,0,0,0,1,1,0,237,65,172
29,583,0169,624842,0000,000000,KARNATAKA,Bangalore Rural,VILLAGE,Govindapura,Rural,87,419,196,223,61,33,28,0,0,0,0,0,0,285,139,146,134,57,77,155,107,48,155,107,48,12,8,4,51,26,25,15,0,15,77,73,4,0,0,0,0,0,0,0,0,0,0,0,0,0,0,0,0,0,0,0,0,0,0,0,0,0,0,0,0,0,0,0,0,0,0,0,0,0,0,0,0,0,0,0,0,0,264,89,175
29,583,0169,624843,0000,000000,KARNATAKA,Bangalore Rural,VILLAGE,Pallarahalli,Rural,29,129,63,66,5,1,4,0,0,0,0,0,0,79,44,35,50,19,31,40,39,1,40,39,1,25,25,0,4,4,0,0,0,0,11,10,1,0,0,0,0,0,0,0,0,0,0,0,0,0,0,0,0,0,0,0,0,0,0,0,0,0,0,0,0,0,0,0,0,0,0,0,0,0,0,0,0,0,0,0,0,0,89,24,65
29,583,0169,624844,0000,000000,KARNATAKA,Bangalore Rural,VILLAGE,Lakkasandra,Rural,92,375,185,190,35,22,13,83,36,47,5,3,2,261,138,123,114,47,67,234,130,104,233,130,103,108,58,50,69,32,37,0,0,0,56,40,16,1,0,1,1,0,1,0,0,0,0,0,0,0,0,0,1,0,1,1,0,1,0,0,0,0,0,0,0,0,0,0,0,0,0,0,0,0,0,0,0,0,0,0,0,0,141,55,86
29,583,0169,624845,0000,000000,KARNATAKA,Bangalore Rural,VILLAGE,Thalekere,Rural,104,411,202,209,33,17,16,129,67,62,10,6,4,250,142,108,161,60,101,231,139,92,222,133,89,117,76,41,59,26,33,4,3,1,42,28,14,9,6,3,0,0,0,2,1,1,1,0,1,6,5,1,8,6,2,0,0,0,2,1,1,0,0,0,6,5,1,1,0,1,0,0,0,0,0,0,1,0,1,0,0,0,180,63,117
29,583,0169,624846,0000,000000,KARNATAKA,Bangalore Rural,VILLAGE,Byadarahalli,Rural,101,456,228,228,52,21,31,153,76,77,0,0,0,276,158,118,180,70,110,302,163,139,300,162,138,189,89,100,40,14,26,15,12,3,56,47,9,2,1,1,0,0,0,1,1,0,0,0,0,1,0,1,2,1,1,0,0,0,1,1,0,0,0,0,1,0,1,0,0,0,0,0,0,0,0,0,0,0,0,0,0,0,154,65,89
29,583,0169,624847,0000,000000,KARNATAKA,Bangalore Rural,VILLAGE,Thippagundanahalli,Rural,125,474,248,226,46,27,19,2,1,1,5,3,2,314,173,141,160,75,85,180,165,15,179,164,15,66,64,2,11,10,1,4,4,0,98,86,12,1,1,0,0,0,0,0,0,0,0,0,0,1,1,0,1,1,0,0,0,0,0,0,0,0,0,0,1,1,0,0,0,0,0,0,0,0,0,0,0,0,0,0,0,0,294,83,211
29,583,0169,624848,0000,000000,KARNATAKA,Bangalore Rural,VILLAGE,Chikkannanne,Rural,0,0,0,0,0,0,0,0,0,0,0,0,0,0,0,0,0,0,0,0,0,0,0,0,0,0,0,0,0,0,0,0,0,0,0,0,0,0,0,0,0,0,0,0,0,0,0,0,0,0,0,0,0,0,0,0,0,0,0,0,0,0,0,0,0,0,0,0,0,0,0,0,0,0,0,0,0,0,0,0,0,0,0,0,0
29,583,0169,624849,0000,000000,KARNATAKA,Bangalore Rural,VILLAGE,Dodderi,Rural,204,891,460,431,83,42,41,339,170,169,0,0,0,671,374,297,220,86,134,332,293,39,272,246,26,148,146,2,11,6,5,2,2,0,111,92,19,60,47,13,4,4,0,10,8,2,0,0,0,46,35,11,48,39,9,4,4,0,6,5,1,0,0,0,38,30,8,12,8,4,0,0,0,4,3,1,0,0,0,8,5,3,559,167,392
29,583,0169,624850,0000,000000,KARNATAKA,Bangalore Rural,VILLAGE,Govenahalli,Rural,174,847,433,414,83,39,44,156,82,74,1,1,0,619,351,268,228,82,146,353,266,87,226,191,35,175,148,27,2,2,0,1,1,0,48,40,8,127,75,52,1,0,1,88,42,46,1,1,0,37,32,5,126,75,51,1,0,1,87,42,45,1,1,0,37,32,5,1,0,1,0,0,0,1,0,1,0,0,0,0,0,0,494,167,327
29,583,0169,624851,0000,000000,KARNATAKA,Bangalore Rural,VILLAGE,Minnapura,Rural,128,566,284,282,60,29,31,63,28,35,0,0,0,361,203,158,205,81,124,227,194,33,216,188,28,84,81,3,15,10,5,2,2,0,115,95,20,11,6,5,9,5,4,1,1,0,0,0,0,1,0,1,11,6,5,9,5,4,1,1,0,0,0,0,1,0,1,0,0,0,0,0,0,0,0,0,0,0,0,0,0,0,339,90,249
29,583,0169,624852,0000,000000,KARNATAKA,Bangalore Rural,VILLAGE,Jakkanahalli,Rural,226,922,477,445,105,56,49,246,122,124,27,13,14,611,355,256,311,122,189,383,324,59,353,296,57,159,141,18,55,33,22,6,6,0,133,116,17,30,28,2,9,9,0,6,5,1,0,0,0,15,14,1,29,27,2,9,9,0,5,4,1,0,0,0,15,14,1,1,1,0,0,0,0,1,1,0,0,0,0,0,0,0,539,153,386
29,583,0169,624853,0000,000000,KARNATAKA,Bangalore Rural,VILLAGE,Krishnarajapalya,Rural,11,61,29,32,7,4,3,17,8,9,0,0,0,41,22,19,20,7,13,26,18,8,26,18,8,11,8,3,8,5,3,0,0,0,7,5,2,0,0,0,0,0,0,0,0,0,0,0,0,0,0,0,0,0,0,0,0,0,0,0,0,0,0,0,0,0,0,0,0,0,0,0,0,0,0,0,0,0,0,0,0,0,35,11,24
29,583,0169,624854,0000,000000,KARNATAKA,Bangalore Rural,VILLAGE,Varadanaikanahalli,Rural,121,457,232,225,43,25,18,68,32,36,0,0,0,325,181,144,132,51,81,209,143,66,206,140,66,114,67,47,20,7,13,0,0,0,72,66,6,3,3,0,0,0,0,0,0,0,0,0,0,3,3,0,2,2,0,0,0,0,0,0,0,0,0,0,2,2,0,1,1,0,0,0,0,0,0,0,0,0,0,1,1,0,248,89,159
29,583,0169,624855,0000,000000,KARNATAKA,Bangalore Rural,VILLAGE,T.Begur,Rural,652,2576,1300,1276,267,140,127,391,189,202,120,65,55,1840,1005,835,736,295,441,923,688,235,609,475,134,96,91,5,70,57,13,19,18,1,424,309,115,314,213,101,4,4,0,32,27,5,166,110,56,112,72,40,135,88,47,0,0,0,16,14,2,35,26,9,84,48,36,179,125,54,4,4,0,16,13,3,131,84,47,28,24,4,1653,612,1041
29,583,0169,624856,0000,000000,KARNATAKA,Bangalore Rural,VILLAGE,Malonagathihalli,Rural,69,264,130,134,28,16,12,30,15,15,1,0,1,173,95,78,91,35,56,125,70,55,120,68,52,21,13,8,1,0,1,3,1,2,95,54,41,5,2,3,0,0,0,0,0,0,5,2,3,0,0,0,4,2,2,0,0,0,0,0,0,4,2,2,0,0,0,1,0,1,0,0,0,0,0,0,1,0,1,0,0,0,139,60,79
29,583,0169,624857,0000,000000,KARNATAKA,Bangalore Rural,VILLAGE,Marohalli,Rural,121,453,234,219,43,23,20,26,14,12,15,6,9,332,181,151,121,53,68,269,157,112,256,151,105,50,28,22,6,4,2,2,0,2,198,119,79,13,6,7,1,1,0,1,0,1,3,3,0,8,2,6,12,6,6,1,1,0,1,0,1,3,3,0,7,2,5,1,0,1,0,0,0,0,0,0,0,0,0,1,0,1,184,77,107
29,583,0169,624858,0000,000000,KARNATAKA,Bangalore Rural,VILLAGE,Byranahalli,Rural,167,715,367,348,77,35,42,124,60,64,0,0,0,419,256,163,296,111,185,278,244,34,277,243,34,134,126,8,29,21,8,0,0,0,114,96,18,1,1,0,0,0,0,0,0,0,0,0,0,1,1,0,1,1,0,0,0,0,0,0,0,0,0,0,1,1,0,0,0,0,0,0,0,0,0,0,0,0,0,0,0,0,437,123,314
29,583,0169,624859,0000,000000,KARNATAKA,Bangalore Rural,VILLAGE,Yeramanchanahalli,Rural,112,502,258,244,48,24,24,77,42,35,0,0,0,310,184,126,192,74,118,196,173,23,180,158,22,92,92,0,41,24,17,0,0,0,47,42,5,16,15,1,0,0,0,0,0,0,0,0,0,16,15,1,16,15,1,0,0,0,0,0,0,0,0,0,16,15,1,0,0,0,0,0,0,0,0,0,0,0,0,0,0,0,306,85,221
29,583,0169,624860,0000,000000,KARNATAKA,Bangalore Rural,VILLAGE,Mandigere,Rural,89,417,211,206,46,22,24,51,22,29,3,0,3,324,178,146,93,33,60,143,121,22,104,93,11,20,20,0,6,6,0,1,1,0,77,66,11,39,28,11,5,3,2,2,1,1,2,2,0,30,22,8,38,27,11,5,3,2,2,1,1,2,2,0,29,21,8,1,1,0,0,0,0,0,0,0,0,0,0,1,1,0,274,90,184
29,583,0169,624861,0000,000000,KARNATAKA,Bangalore Rural,VILLAGE,Bardi,Rural,280,1258,638,620,120,61,59,158,79,79,147,81,66,892,498,394,366,140,226,593,365,228,324,300,24,180,180,0,11,7,4,0,0,0,133,113,20,269,65,204,12,4,8,200,6,194,1,0,1,56,55,1,269,65,204,12,4,8,200,6,194,1,0,1,56,55,1,0,0,0,0,0,0,0,0,0,0,0,0,0,0,0,665,273,392
29,583,0169,624862,0000,000000,KARNATAKA,Bangalore Rural,VILLAGE,Tyagadahalli,Rural,77,330,174,156,31,18,13,138,71,67,0,0,0,223,128,95,107,46,61,148,104,44,87,70,17,42,34,8,0,0,0,0,0,0,45,36,9,61,34,27,10,3,7,9,3,6,1,0,1,41,28,13,46,25,21,6,1,5,5,1,4,0,0,0,35,23,12,15,9,6,4,2,2,4,2,2,1,0,1,6,5,1,182,70,112
29,583,0169,624863,0000,000000,KARNATAKA,Bangalore Rural,VILLAGE,Bettahalli,Rural,132,620,324,296,55,27,28,223,116,107,7,2,5,453,255,198,167,69,98,343,194,149,325,185,140,129,117,12,133,33,100,8,7,1,55,28,27,18,9,9,3,3,0,11,4,7,0,0,0,4,2,2,17,9,8,3,3,0,11,4,7,0,0,0,3,2,1,1,0,1,0,0,0,0,0,0,0,0,0,1,0,1,277,130,147
29,583,0169,624864,0000,000000,KARNATAKA,Bangalore Rural,VILLAGE,Bolamaranahalli,Rural,100,395,199,196,31,13,18,0,0,0,0,0,0,299,168,131,96,31,65,134,127,7,129,126,3,93,92,1,1,1,0,9,8,1,26,25,1,5,1,4,0,0,0,0,0,0,1,1,0,4,0,4,5,1,4,0,0,0,0,0,0,1,1,0,4,0,4,0,0,0,0,0,0,0,0,0,0,0,0,0,0,0,261,72,189
29,583,0169,624865,0000,000000,KARNATAKA,Bangalore Rural,VILLAGE,Byrasettihalli,Rural,200,837,409,428,110,56,54,423,206,217,68,34,34,529,277,252,308,132,176,278,229,49,273,226,47,48,46,2,25,17,8,3,1,2,197,162,35,5,3,2,0,0,0,2,2,0,0,0,0,3,1,2,3,2,1,0,0,0,1,1,0,0,0,0,2,1,1,2,1,1,0,0,0,1,1,0,0,0,0,1,0,1,559,180,379
29,583,0169,624866,0000,000000,KARNATAKA,Bangalore Rural,VILLAGE,Arjunabettahalli,Rural,102,398,210,188,32,21,11,41,19,22,0,0,0,335,182,153,63,28,35,163,132,31,161,130,31,86,83,3,41,19,22,3,3,0,31,25,6,2,2,0,1,1,0,1,1,0,0,0,0,0,0,0,2,2,0,1,1,0,1,1,0,0,0,0,0,0,0,0,0,0,0,0,0,0,0,0,0,0,0,0,0,0,235,78,157
29,583,0169,624867,0000,000000,KARNATAKA,Bangalore Rural,VILLAGE,Gollahalli,Rural,356,1402,710,692,119,69,50,325,170,155,26,15,11,1151,600,551,251,110,141,540,438,102,449,375,74,125,116,9,29,14,15,2,2,0,293,243,50,91,63,28,7,3,4,4,0,4,5,3,2,75,57,18,67,49,18,6,3,3,1,0,1,2,1,1,58,45,13,24,14,10,1,0,1,3,0,3,3,2,1,17,12,5,862,272,590
29,583,0169,624868,0000,000000,KARNATAKA,Bangalore Rural,VILLAGE,Hydalu,Rural,188,834,414,420,83,42,41,184,83,101,135,74,61,607,322,285,227,92,135,432,264,168,429,262,167,104,68,36,241,130,111,0,0,0,84,64,20,3,2,1,0,0,0,3,2,1,0,0,0,0,0,0,3,2,1,0,0,0,3,2,1,0,0,0,0,0,0,0,0,0,0,0,0,0,0,0,0,0,0,0,0,0,402,150,252
29,583,0169,624869,0000,000000,KARNATAKA,Bangalore Rural,VILLAGE,K.G.  Srinivasapura,Rural,55,246,128,118,30,18,12,82,42,40,0,0,0,162,89,73,84,39,45,126,83,43,120,82,38,42,41,1,0,0,0,2,1,1,76,40,36,6,1,5,0,0,0,0,0,0,0,0,0,6,1,5,6,1,5,0,0,0,0,0,0,0,0,0,6,1,5,0,0,0,0,0,0,0,0,0,0,0,0,0,0,0,120,45,75
29,583,0169,624870,0000,000000,KARNATAKA,Bangalore Rural,VILLAGE,Mylanahalli,Rural,280,1077,511,566,100,49,51,387,178,209,10,5,5,926,445,481,151,66,85,442,295,147,400,271,129,68,62,6,36,32,4,21,20,1,275,157,118,42,24,18,4,2,2,4,3,1,4,4,0,30,15,15,42,24,18,4,2,2,4,3,1,4,4,0,30,15,15,0,0,0,0,0,0,0,0,0,0,0,0,0,0,0,635,216,419
29,583,0169,624871,0000,000000,KARNATAKA,Bangalore Rural,VILLAGE,Narasimanapalya,Rural,25,113,59,54,9,4,5,56,31,25,0,0,0,79,50,29,34,9,25,58,37,21,37,34,3,11,11,0,4,2,2,3,3,0,19,18,1,21,3,18,3,1,2,1,1,0,3,0,3,14,1,13,6,3,3,2,1,1,1,1,0,0,0,0,3,1,2,15,0,15,1,0,1,0,0,0,3,0,3,11,0,11,55,22,33
29,583,0169,624872,0000,000000,KARNATAKA,Bangalore Rural,VILLAGE,Narayanaraopalya,Rural,5,17,8,9,1,0,1,0,0,0,0,0,0,14,8,6,3,0,3,11,7,4,8,7,1,6,5,1,0,0,0,1,1,0,1,1,0,3,0,3,0,0,0,0,0,0,2,0,2,1,0,1,0,0,0,0,0,0,0,0,0,0,0,0,0,0,0,3,0,3,0,0,0,0,0,0,2,0,2,1,0,1,6,1,5
29,583,0169,624873,0000,000000,KARNATAKA,Bangalore Rural,VILLAGE,Machonaikanahalli,Rural,125,486,248,238,52,24,28,296,147,149,1,1,0,353,203,150,133,45,88,218,149,69,150,129,21,76,70,6,20,11,9,3,2,1,51,46,5,68,20,48,17,3,14,6,1,5,7,1,6,38,15,23,40,19,21,9,3,6,5,1,4,3,1,2,23,14,9,28,1,27,8,0,8,1,0,1,4,0,4,15,1,14,268,99,169
29,583,0169,624874,0000,000000,KARNATAKA,Bangalore Rural,VILLAGE,Ahobalapalya,Rural,0,0,0,0,0,0,0,0,0,0,0,0,0,0,0,0,0,0,0,0,0,0,0,0,0,0,0,0,0,0,0,0,0,0,0,0,0,0,0,0,0,0,0,0,0,0,0,0,0,0,0,0,0,0,0,0,0,0,0,0,0,0,0,0,0,0,0,0,0,0,0,0,0,0,0,0,0,0,0,0,0,0,0,0,0
29,583,0169,624875,0000,000000,KARNATAKA,Bangalore Rural,VILLAGE,Kachanahalli,Rural,234,980,487,493,101,53,48,189,96,93,4,2,2,686,378,308,294,109,185,531,304,227,332,301,31,156,152,4,52,37,15,0,0,0,124,112,12,199,3,196,3,0,3,1,0,1,0,0,0,195,3,192,199,3,196,3,0,3,1,0,1,0,0,0,195,3,192,0,0,0,0,0,0,0,0,0,0,0,0,0,0,0,449,183,266
29,583,0169,624876,0000,000000,KARNATAKA,Bangalore Rural,VILLAGE,Mylanahalli,Rural,0,0,0,0,0,0,0,0,0,0,0,0,0,0,0,0,0,0,0,0,0,0,0,0,0,0,0,0,0,0,0,0,0,0,0,0,0,0,0,0,0,0,0,0,0,0,0,0,0,0,0,0,0,0,0,0,0,0,0,0,0,0,0,0,0,0,0,0,0,0,0,0,0,0,0,0,0,0,0,0,0,0,0,0,0
29,583,0169,624877,0000,000000,KARNATAKA,Bangalore Rural,VILLAGE,Deganahalli,Rural,127,491,248,243,55,24,31,167,87,80,93,43,50,292,170,122,199,78,121,215,160,55,141,120,21,34,34,0,23,18,5,0,0,0,84,68,16,74,40,34,2,2,0,7,3,4,0,0,0,65,35,30,73,40,33,2,2,0,7,3,4,0,0,0,64,35,29,1,0,1,0,0,0,0,0,0,0,0,0,1,0,1,276,88,188
29,583,0169,624878,0000,000000,KARNATAKA,Bangalore Rural,VILLAGE,Ananthapura,Rural,72,286,139,147,35,17,18,275,134,141,4,2,2,200,106,94,86,33,53,130,87,43,86,59,27,6,5,1,13,7,6,5,2,3,62,45,17,44,28,16,1,1,0,14,8,6,1,0,1,28,19,9,41,27,14,1,1,0,12,8,4,1,0,1,27,18,9,3,1,2,0,0,0,2,0,2,0,0,0,1,1,0,156,52,104
29,583,0169,624879,0000,000000,KARNATAKA,Bangalore Rural,VILLAGE,Kanugondanahalli,Rural,880,3931,2055,1876,648,349,299,218,99,119,56,30,26,2642,1425,1217,1289,630,659,1570,1167,403,1412,1077,335,97,65,32,68,42,26,1,1,0,1246,969,277,158,90,68,6,1,5,6,5,1,0,0,0,146,84,62,92,46,46,5,1,4,3,2,1,0,0,0,84,43,41,66,44,22,1,0,1,3,3,0,0,0,0,62,41,21,2361,888,1473
29,583,0169,624880,0000,000000,KARNATAKA,Bangalore Rural,VILLAGE,Krishnarajapalya,Rural,0,0,0,0,0,0,0,0,0,0,0,0,0,0,0,0,0,0,0,0,0,0,0,0,0,0,0,0,0,0,0,0,0,0,0,0,0,0,0,0,0,0,0,0,0,0,0,0,0,0,0,0,0,0,0,0,0,0,0,0,0,0,0,0,0,0,0,0,0,0,0,0,0,0,0,0,0,0,0,0,0,0,0,0,0
29,583,0169,624881,0000,000000,KARNATAKA,Bangalore Rural,VILLAGE,Koolipura,Rural,138,562,291,271,70,33,37,118,63,55,0,0,0,390,226,164,172,65,107,283,184,99,272,177,95,45,28,17,36,24,12,20,13,7,171,112,59,11,7,4,0,0,0,2,1,1,1,1,0,8,5,3,10,6,4,0,0,0,2,1,1,1,1,0,7,4,3,1,1,0,0,0,0,0,0,0,0,0,0,1,1,0,279,107,172
29,583,0169,624882,0000,000000,KARNATAKA,Bangalore Rural,VILLAGE,Vajarahalli,Rural,1413,5637,2843,2794,678,359,319,1304,648,656,118,60,58,4230,2238,1992,1407,605,802,2514,1699,815,2255,1626,629,104,78,26,65,39,26,50,32,18,2036,1477,559,259,73,186,19,6,13,25,0,25,12,4,8,203,63,140,220,43,177,18,5,13,23,0,23,10,4,6,169,34,135,39,30,9,1,1,0,2,0,2,2,0,2,34,29,5,3123,1144,1979
29,583,0169,624883,0000,000000,KARNATAKA,Bangalore Rural,VILLAGE,Narasipalya,Rural,1,5,3,2,0,0,0,0,0,0,0,0,0,5,3,2,0,0,0,1,1,0,1,1,0,1,1,0,0,0,0,0,0,0,0,0,0,0,0,0,0,0,0,0,0,0,0,0,0,0,0,0,0,0,0,0,0,0,0,0,0,0,0,0,0,0,0,0,0,0,0,0,0,0,0,0,0,0,0,0,0,0,4,2,2
29,583,0169,624884,0000,000000,KARNATAKA,Bangalore Rural,VILLAGE,Mallapura,Rural,301,1191,591,600,142,71,71,631,304,327,45,23,22,803,434,369,388,157,231,474,352,122,466,349,117,125,82,43,24,14,10,74,56,18,243,197,46,8,3,5,0,0,0,0,0,0,1,0,1,7,3,4,8,3,5,0,0,0,0,0,0,1,0,1,7,3,4,0,0,0,0,0,0,0,0,0,0,0,0,0,0,0,717,239,478
29,583,0169,624885,0000,000000,KARNATAKA,Bangalore Rural,VILLAGE,Nelamangala (Rural),Rural,0,0,0,0,0,0,0,0,0,0,0,0,0,0,0,0,0,0,0,0,0,0,0,0,0,0,0,0,0,0,0,0,0,0,0,0,0,0,0,0,0,0,0,0,0,0,0,0,0,0,0,0,0,0,0,0,0,0,0,0,0,0,0,0,0,0,0,0,0,0,0,0,0,0,0,0,0,0,0,0,0,0,0,0,0
29,583,0169,624886,0000,000000,KARNATAKA,Bangalore Rural,VILLAGE,Jakkasandra,Rural,753,2804,1424,1380,346,175,171,367,184,183,109,57,52,1953,1066,887,851,358,493,1230,909,321,1081,798,283,92,72,20,22,14,8,78,54,24,889,658,231,149,111,38,12,6,6,0,0,0,3,2,1,134,103,31,143,106,37,12,6,6,0,0,0,3,2,1,128,98,30,6,5,1,0,0,0,0,0,0,0,0,0,6,5,1,1574,515,1059
29,583,0169,624887,0000,000000,KARNATAKA,Bangalore Rural,VILLAGE,Visveswarapura,Rural,1009,4196,2155,2041,500,242,258,798,386,412,93,51,42,3048,1668,1380,1148,487,661,1802,1358,444,1756,1330,426,116,91,25,17,14,3,36,22,14,1587,1203,384,46,28,18,1,0,1,1,0,1,2,2,0,42,26,16,42,25,17,1,0,1,0,0,0,2,2,0,39,23,16,4,3,1,0,0,0,1,0,1,0,0,0,3,3,0,2394,797,1597
29,583,0169,624888,0000,000000,KARNATAKA,Bangalore Rural,VILLAGE,Basavanahalli,Rural,1619,6428,3413,3015,778,410,368,1105,583,522,651,328,323,4765,2682,2083,1663,731,932,2764,2149,615,2638,2055,583,79,69,10,23,18,5,54,42,12,2482,1926,556,126,94,32,6,4,2,5,4,1,7,2,5,108,84,24,123,92,31,5,4,1,5,4,1,7,2,5,106,82,24,3,2,1,1,0,1,0,0,0,0,0,0,2,2,0,3664,1264,2400
29,583,0169,624889,0000,000000,KARNATAKA,Bangalore Rural,VILLAGE,Gangadharanapalya,Rural,183,611,369,242,43,23,20,93,44,49,21,11,10,459,305,154,152,64,88,366,284,82,302,233,69,26,24,2,0,0,0,1,1,0,275,208,67,64,51,13,3,3,0,1,0,1,0,0,0,60,48,12,64,51,13,3,3,0,1,0,1,0,0,0,60,48,12,0,0,0,0,0,0,0,0,0,0,0,0,0,0,0,245,85,160
29,583,0169,624890,0000,000000,KARNATAKA,Bangalore Rural,VILLAGE,Virananjipura,Rural,50,192,94,98,26,12,14,29,13,16,0,0,0,113,61,52,79,33,46,89,58,31,51,43,8,7,7,0,13,9,4,3,3,0,28,24,4,38,15,23,0,0,0,23,7,16,0,0,0,15,8,7,35,14,21,0,0,0,21,6,15,0,0,0,14,8,6,3,1,2,0,0,0,2,1,1,0,0,0,1,0,1,103,36,67
29,583,0169,624891,0000,000000,KARNATAKA,Bangalore Rural,VILLAGE,Budihal,Rural,283,1129,553,576,146,69,77,351,173,178,30,14,16,757,424,333,372,129,243,465,357,108,463,356,107,78,65,13,25,22,3,0,0,0,360,269,91,2,1,1,1,0,1,0,0,0,0,0,0,1,1,0,2,1,1,1,0,1,0,0,0,0,0,0,1,1,0,0,0,0,0,0,0,0,0,0,0,0,0,0,0,0,664,196,468
29,583,0169,624892,0000,000000,KARNATAKA,Bangalore Rural,VILLAGE,Tonachinakuppe,Rural,382,1445,846,599,129,64,65,145,73,72,59,38,21,1054,671,383,391,175,216,823,643,180,764,600,164,76,72,4,21,14,7,10,6,4,657,508,149,59,43,16,1,1,0,1,1,0,2,1,1,55,40,15,55,40,15,1,1,0,1,1,0,2,1,1,51,37,14,4,3,1,0,0,0,0,0,0,0,0,0,4,3,1,622,203,419
29,583,0169,624893,0000,000000,KARNATAKA,Bangalore Rural,VILLAGE,Krishnarajapura,Rural,16,65,31,34,8,5,3,0,0,0,2,1,1,43,24,19,22,7,15,28,16,12,17,16,1,12,12,0,2,1,1,0,0,0,3,3,0,11,0,11,5,0,5,2,0,2,0,0,0,4,0,4,11,0,11,5,0,5,2,0,2,0,0,0,4,0,4,0,0,0,0,0,0,0,0,0,0,0,0,0,0,0,37,15,22
29,583,0169,624894,0000,000000,KARNATAKA,Bangalore Rural,VILLAGE,Agasarahalli,Rural,64,263,128,135,39,18,21,20,10,10,5,3,2,161,91,70,102,37,65,157,81,76,79,75,4,48,46,2,13,12,1,1,1,0,17,16,1,78,6,72,50,3,47,20,0,20,0,0,0,8,3,5,73,5,68,46,3,43,20,0,20,0,0,0,7,2,5,5,1,4,4,0,4,0,0,0,0,0,0,1,1,0,106,47,59
29,583,0169,624895,0000,000000,KARNATAKA,Bangalore Rural,VILLAGE,Araledibba,Rural,228,1012,498,514,136,64,72,144,70,74,0,0,0,609,334,275,403,164,239,477,297,180,240,216,24,80,79,1,89,72,17,7,6,1,64,59,5,237,81,156,102,7,95,77,43,34,16,12,4,42,19,23,223,72,151,101,6,95,68,37,31,12,10,2,42,19,23,14,9,5,1,1,0,9,6,3,4,2,2,0,0,0,535,201,334
29,583,0169,624896,0000,000000,KARNATAKA,Bangalore Rural,VILLAGE,Tirumalapura,Rural,70,301,146,155,31,19,12,0,0,0,3,1,2,184,99,85,117,47,70,124,85,39,117,83,34,30,25,5,4,2,2,5,2,3,78,54,24,7,2,5,2,0,2,2,0,2,0,0,0,3,2,1,7,2,5,2,0,2,2,0,2,0,0,0,3,2,1,0,0,0,0,0,0,0,0,0,0,0,0,0,0,0,177,61,116
29,583,0169,624897,0000,000000,KARNATAKA,Bangalore Rural,VILLAGE,Koneripura,Rural,0,0,0,0,0,0,0,0,0,0,0,0,0,0,0,0,0,0,0,0,0,0,0,0,0,0,0,0,0,0,0,0,0,0,0,0,0,0,0,0,0,0,0,0,0,0,0,0,0,0,0,0,0,0,0,0,0,0,0,0,0,0,0,0,0,0,0,0,0,0,0,0,0,0,0,0,0,0,0,0,0,0,0,0,0
29,583,0169,624898,0000,000000,KARNATAKA,Bangalore Rural,VILLAGE,Aralasandra,Rural,61,256,127,129,28,16,12,86,42,44,6,4,2,158,83,75,98,44,54,108,76,32,108,76,32,76,52,24,4,3,1,0,0,0,28,21,7,0,0,0,0,0,0,0,0,0,0,0,0,0,0,0,0,0,0,0,0,0,0,0,0,0,0,0,0,0,0,0,0,0,0,0,0,0,0,0,0,0,0,0,0,0,148,51,97
29,583,0169,624899,0000,000000,KARNATAKA,Bangalore Rural,VILLAGE,Madalakote,Rural,272,1101,554,547,107,50,57,170,84,86,2,1,1,730,421,309,371,133,238,533,394,139,424,380,44,248,242,6,61,43,18,2,2,0,113,93,20,109,14,95,2,2,0,89,4,85,5,3,2,13,5,8,105,12,93,1,1,0,88,4,84,4,2,2,12,5,7,4,2,2,1,1,0,1,0,1,1,1,0,1,0,1,568,160,408
29,583,0169,624900,0000,000000,KARNATAKA,Bangalore Rural,VILLAGE,Kempohalli,Rural,195,776,399,377,67,32,35,228,121,107,0,0,0,477,282,195,299,117,182,267,225,42,254,219,35,32,32,0,145,124,21,0,0,0,77,63,14,13,6,7,3,3,0,8,1,7,0,0,0,2,2,0,13,6,7,3,3,0,8,1,7,0,0,0,2,2,0,0,0,0,0,0,0,0,0,0,0,0,0,0,0,0,509,174,335
29,583,0169,624901,0000,000000,KARNATAKA,Bangalore Rural,VILLAGE,Geddalahalli,Rural,136,578,295,283,63,31,32,42,21,21,0,0,0,370,208,162,208,87,121,241,189,52,196,176,20,87,83,4,6,5,1,39,36,3,64,52,12,45,13,32,3,2,1,31,3,28,1,1,0,10,7,3,45,13,32,3,2,1,31,3,28,1,1,0,10,7,3,0,0,0,0,0,0,0,0,0,0,0,0,0,0,0,337,106,231
29,583,0169,624902,0000,000000,KARNATAKA,Bangalore Rural,VILLAGE,Huralihalli,Rural,120,521,266,255,54,20,34,118,63,55,46,22,24,338,201,137,183,65,118,417,224,193,39,25,14,29,18,11,1,1,0,1,1,0,8,5,3,378,199,179,120,70,50,51,24,27,19,12,7,188,93,95,260,139,121,108,64,44,36,17,19,14,9,5,102,49,53,118,60,58,12,6,6,15,7,8,5,3,2,86,44,42,104,42,62
29,583,0169,624903,0000,000000,KARNATAKA,Bangalore Rural,VILLAGE,Bommanahalli,Rural,402,1413,738,675,143,89,54,172,89,83,122,63,59,985,555,430,428,183,245,760,504,256,736,486,250,89,54,35,2,0,2,1,0,1,644,432,212,24,18,6,0,0,0,0,0,0,1,0,1,23,18,5,22,17,5,0,0,0,0,0,0,1,0,1,21,17,4,2,1,1,0,0,0,0,0,0,0,0,0,2,1,1,653,234,419
29,583,0169,624904,0000,000000,KARNATAKA,Bangalore Rural,VILLAGE,Viraraghuvanapalya,Rural,294,1006,520,486,86,47,39,94,47,47,92,46,46,722,401,321,284,119,165,615,353,262,587,347,240,64,44,20,2,1,1,2,1,1,519,301,218,28,6,22,0,0,0,0,0,0,0,0,0,28,6,22,22,3,19,0,0,0,0,0,0,0,0,0,22,3,19,6,3,3,0,0,0,0,0,0,0,0,0,6,3,3,391,167,224
29,583,0169,624905,0000,000000,KARNATAKA,Bangalore Rural,VILLAGE,Byadarahalli,Rural,219,831,423,408,88,46,42,408,204,204,5,2,3,564,325,239,267,98,169,418,281,137,415,280,135,50,46,4,31,13,18,3,3,0,331,218,113,3,1,2,1,1,0,0,0,0,0,0,0,2,0,2,3,1,2,1,1,0,0,0,0,0,0,0,2,0,2,0,0,0,0,0,0,0,0,0,0,0,0,0,0,0,413,142,271
29,583,0169,624906,0000,000000,KARNATAKA,Bangalore Rural,VILLAGE,Ghandragulupura,Rural,45,176,84,92,17,5,12,22,8,14,1,1,0,125,69,56,51,15,36,81,55,26,81,55,26,25,25,0,19,3,16,0,0,0,37,27,10,0,0,0,0,0,0,0,0,0,0,0,0,0,0,0,0,0,0,0,0,0,0,0,0,0,0,0,0,0,0,0,0,0,0,0,0,0,0,0,0,0,0,0,0,0,95,29,66
29,583,0169,624907,0000,000000,KARNATAKA,Bangalore Rural,VILLAGE,Yelachagere,Rural,251,1054,507,547,109,57,52,250,111,139,21,11,10,650,341,309,404,166,238,494,319,175,418,283,135,144,94,50,47,23,24,1,1,0,226,165,61,76,36,40,10,3,7,23,8,15,3,0,3,40,25,15,75,35,40,9,2,7,23,8,15,3,0,3,40,25,15,1,1,0,1,1,0,0,0,0,0,0,0,0,0,0,560,188,372
29,583,0169,624908,0000,000000,KARNATAKA,Bangalore Rural,VILLAGE,Kenchanahalli,Rural,89,360,184,176,31,16,15,81,38,43,4,3,1,224,121,103,136,63,73,160,122,38,158,120,38,43,39,4,39,21,18,0,0,0,76,60,16,2,2,0,1,1,0,0,0,0,0,0,0,1,1,0,2,2,0,1,1,0,0,0,0,0,0,0,1,1,0,0,0,0,0,0,0,0,0,0,0,0,0,0,0,0,200,62,138
29,583,0169,624909,0000,000000,KARNATAKA,Bangalore Rural,VILLAGE,Byrasandra,Rural,238,981,524,457,91,45,46,153,79,74,0,0,0,639,391,248,342,133,209,635,367,268,291,246,45,135,130,5,37,22,15,5,3,2,114,91,23,344,121,223,25,7,18,183,22,161,2,1,1,134,91,43,339,118,221,25,7,18,182,22,160,2,1,1,130,88,42,5,3,2,0,0,0,1,0,1,0,0,0,4,3,1,346,157,189
29,583,0169,624910,0000,000000,KARNATAKA,Bangalore Rural,VILLAGE,Chikmaranahalli,Rural,311,1189,595,594,113,45,68,485,237,248,4,1,3,699,400,299,490,195,295,636,358,278,452,316,136,216,172,44,50,22,28,1,1,0,185,121,64,184,42,142,5,3,2,144,17,127,4,3,1,31,19,12,177,36,141,4,2,2,144,17,127,2,1,1,27,16,11,7,6,1,1,1,0,0,0,0,2,2,0,4,3,1,553,237,316
29,583,0169,624911,0000,000000,KARNATAKA,Bangalore Rural,VILLAGE,Hajipalya,Rural,14,57,29,28,6,2,4,0,0,0,0,0,0,39,21,18,18,8,10,18,17,1,18,17,1,16,15,1,0,0,0,1,1,0,1,1,0,0,0,0,0,0,0,0,0,0,0,0,0,0,0,0,0,0,0,0,0,0,0,0,0,0,0,0,0,0,0,0,0,0,0,0,0,0,0,0,0,0,0,0,0,0,39,12,27
29,583,0169,624912,0000,000000,KARNATAKA,Bangalore Rural,VILLAGE,Srinivasapura,Rural,403,1754,870,884,197,82,115,389,182,207,29,16,13,1133,634,499,621,236,385,645,421,224,468,303,165,175,114,61,72,22,50,0,0,0,221,167,54,177,118,59,52,47,5,94,49,45,2,0,2,29,22,7,171,115,56,52,47,5,92,48,44,2,0,2,25,20,5,6,3,3,0,0,0,2,1,1,0,0,0,4,2,2,1109,449,660
29,583,0169,624913,0000,000000,KARNATAKA,Bangalore Rural,VILLAGE,Obanaikanahalli,Rural,75,282,151,131,33,16,17,78,45,33,51,25,26,178,107,71,104,44,60,163,100,63,100,62,38,24,19,5,34,8,26,0,0,0,42,35,7,63,38,25,1,1,0,18,2,16,3,1,2,41,34,7,43,26,17,0,0,0,13,2,11,0,0,0,30,24,6,20,12,8,1,1,0,5,0,5,3,1,2,11,10,1,119,51,68
29,583,0169,624914,0000,000000,KARNATAKA,Bangalore Rural,VILLAGE,K.Kempalinganahalli,Rural,239,945,482,463,101,55,46,240,119,121,12,6,6,608,329,279,337,153,184,389,298,91,87,77,10,42,40,2,1,1,0,3,3,0,41,33,8,302,221,81,6,6,0,6,5,1,0,0,0,290,210,80,120,100,20,4,4,0,4,3,1,0,0,0,112,93,19,182,121,61,2,2,0,2,2,0,0,0,0,178,117,61,556,184,372
29,583,0169,624915,0000,000000,KARNATAKA,Bangalore Rural,VILLAGE,Bhavikere,Rural,208,863,470,393,122,64,58,203,112,91,29,11,18,512,306,206,351,164,187,540,316,224,104,72,32,48,44,4,6,2,4,14,8,6,36,18,18,436,244,192,3,3,0,29,18,11,188,90,98,216,133,83,279,160,119,3,3,0,24,15,9,126,50,76,126,92,34,157,84,73,0,0,0,5,3,2,62,40,22,90,41,49,323,154,169
29,583,0169,624916,0000,000000,KARNATAKA,Bangalore Rural,VILLAGE,Mallarabanavadi,Rural,356,1356,677,679,139,69,70,547,269,278,138,69,69,905,504,401,451,173,278,586,399,187,558,378,180,70,62,8,72,50,22,1,1,0,415,265,150,28,21,7,1,1,0,4,3,1,0,0,0,23,17,6,17,12,5,1,1,0,3,3,0,0,0,0,13,8,5,11,9,2,0,0,0,1,0,1,0,0,0,10,9,1,770,278,492
29,583,0169,624917,0000,000000,KARNATAKA,Bangalore Rural,VILLAGE,Vaddarapalya,Rural,15,68,32,36,3,1,2,33,16,17,0,0,0,42,21,21,26,11,15,21,18,3,21,18,3,11,11,0,6,5,1,0,0,0,4,2,2,0,0,0,0,0,0,0,0,0,0,0,0,0,0,0,0,0,0,0,0,0,0,0,0,0,0,0,0,0,0,0,0,0,0,0,0,0,0,0,0,0,0,0,0,0,47,14,33
29,583,0169,624918,0000,000000,KARNATAKA,Bangalore Rural,VILLAGE,Kodappanahalli,Rural,84,407,215,192,38,24,14,156,83,73,0,0,0,265,154,111,142,61,81,171,132,39,162,129,33,61,60,1,37,15,22,1,1,0,63,53,10,9,3,6,3,2,1,4,0,4,0,0,0,2,1,1,9,3,6,3,2,1,4,0,4,0,0,0,2,1,1,0,0,0,0,0,0,0,0,0,0,0,0,0,0,0,236,83,153
29,583,0169,624919,0000,000000,KARNATAKA,Bangalore Rural,VILLAGE,Hanchipura,Rural,257,1056,527,529,98,50,48,192,97,95,16,11,5,692,390,302,364,137,227,461,322,139,403,276,127,165,154,11,118,31,87,3,2,1,117,89,28,58,46,12,15,14,1,7,4,3,7,4,3,29,24,5,57,45,12,15,14,1,7,4,3,7,4,3,28,23,5,1,1,0,0,0,0,0,0,0,0,0,0,1,1,0,595,205,390
29,583,0169,624920,0000,000000,KARNATAKA,Bangalore Rural,VILLAGE,Doddakarenahalli,Rural,123,486,248,238,43,18,25,58,34,24,0,0,0,370,217,153,116,31,85,291,175,116,232,174,58,129,118,11,41,7,34,0,0,0,62,49,13,59,1,58,0,0,0,59,1,58,0,0,0,0,0,0,59,1,58,0,0,0,59,1,58,0,0,0,0,0,0,0,0,0,0,0,0,0,0,0,0,0,0,0,0,0,195,73,122
29,583,0169,624921,0000,000000,KARNATAKA,Bangalore Rural,VILLAGE,Balaguruvanapalya,Rural,0,0,0,0,0,0,0,0,0,0,0,0,0,0,0,0,0,0,0,0,0,0,0,0,0,0,0,0,0,0,0,0,0,0,0,0,0,0,0,0,0,0,0,0,0,0,0,0,0,0,0,0,0,0,0,0,0,0,0,0,0,0,0,0,0,0,0,0,0,0,0,0,0,0,0,0,0,0,0,0,0,0,0,0,0
29,583,0169,624922,0000,000000,KARNATAKA,Bangalore Rural,VILLAGE,Bhoosandra,Rural,94,334,169,165,23,12,11,92,47,45,0,0,0,207,126,81,127,43,84,144,108,36,144,108,36,50,36,14,0,0,0,10,10,0,84,62,22,0,0,0,0,0,0,0,0,0,0,0,0,0,0,0,0,0,0,0,0,0,0,0,0,0,0,0,0,0,0,0,0,0,0,0,0,0,0,0,0,0,0,0,0,0,190,61,129
29,583,0169,624923,0000,000000,KARNATAKA,Bangalore Rural,VILLAGE,Mahadevapura,Rural,242,1015,549,466,87,42,45,401,212,189,5,3,2,680,418,262,335,131,204,416,346,70,241,204,37,76,65,11,2,1,1,0,0,0,163,138,25,175,142,33,3,3,0,25,16,9,0,0,0,147,123,24,174,141,33,3,3,0,25,16,9,0,0,0,146,122,24,1,1,0,0,0,0,0,0,0,0,0,0,1,1,0,599,203,396
29,583,0169,624924,0000,000000,KARNATAKA,Bangalore Rural,VILLAGE,Hanumanapalya,Rural,11,47,24,23,7,3,4,8,4,4,0,0,0,30,17,13,17,7,10,35,18,17,0,0,0,0,0,0,0,0,0,0,0,0,0,0,0,35,18,17,10,5,5,12,7,5,8,5,3,5,1,4,18,10,8,10,5,5,1,1,0,5,3,2,2,1,1,17,8,9,0,0,0,11,6,5,3,2,1,3,0,3,12,6,6
29,583,0169,624925,0000,000000,KARNATAKA,Bangalore Rural,VILLAGE,Sitaram Bhattarapalya,Rural,33,149,77,72,15,9,6,78,42,36,9,4,5,107,60,47,42,17,25,94,50,44,13,7,6,1,0,1,3,2,1,4,3,1,5,2,3,81,43,38,13,6,7,35,21,14,20,9,11,13,7,6,56,32,24,13,6,7,28,19,9,13,5,8,2,2,0,25,11,14,0,0,0,7,2,5,7,4,3,11,5,6,55,27,28
29,583,0169,624926,0000,000000,KARNATAKA,Bangalore Rural,VILLAGE,Yentiganahalli,Rural,263,1158,599,559,147,76,71,201,105,96,93,54,39,771,433,338,387,166,221,481,393,88,435,361,74,129,118,11,52,39,13,126,95,31,128,109,19,46,32,14,1,1,0,13,9,4,2,2,0,30,20,10,19,15,4,1,1,0,13,9,4,2,2,0,3,3,0,27,17,10,0,0,0,0,0,0,0,0,0,27,17,10,677,206,471
29,583,0169,624927,0000,000000,KARNATAKA,Bangalore Rural,VILLAGE,Koratagere,Rural,32,133,67,66,9,4,5,5,2,3,0,0,0,81,52,29,52,15,37,46,30,16,46,30,16,20,12,8,0,0,0,24,16,8,2,2,0,0,0,0,0,0,0,0,0,0,0,0,0,0,0,0,0,0,0,0,0,0,0,0,0,0,0,0,0,0,0,0,0,0,0,0,0,0,0,0,0,0,0,0,0,0,87,37,50
29,583,0169,624928,0000,000000,KARNATAKA,Bangalore Rural,VILLAGE,Lingenahalli,Rural,39,162,83,79,29,16,13,98,52,46,0,0,0,107,57,50,55,26,29,85,53,32,64,44,20,19,16,3,10,1,9,30,23,7,5,4,1,21,9,12,1,0,1,11,5,6,2,1,1,7,3,4,16,7,9,1,0,1,9,4,5,2,1,1,4,2,2,5,2,3,0,0,0,2,1,1,0,0,0,3,1,2,77,30,47
29,583,0169,624929,0000,000000,KARNATAKA,Bangalore Rural,VILLAGE,Kadukarenahalli,Rural,31,127,70,57,13,10,3,10,5,5,0,0,0,78,44,34,49,26,23,72,50,22,42,36,6,13,11,2,3,3,0,1,1,0,25,21,4,30,14,16,2,1,1,9,3,6,2,0,2,17,10,7,29,13,16,2,1,1,9,3,6,2,0,2,16,9,7,1,1,0,0,0,0,0,0,0,0,0,0,1,1,0,55,20,35
29,583,0169,624930,0000,000000,KARNATAKA,Bangalore Rural,VILLAGE,Honnasandra,Rural,140,628,322,306,57,35,22,231,124,107,23,13,10,402,214,188,226,108,118,205,183,22,203,181,22,78,78,0,4,3,1,0,0,0,121,100,21,2,2,0,0,0,0,0,0,0,2,2,0,0,0,0,2,2,0,0,0,0,0,0,0,2,2,0,0,0,0,0,0,0,0,0,0,0,0,0,0,0,0,0,0,0,423,139,284
29,583,0169,624931,0000,000000,KARNATAKA,Bangalore Rural,VILLAGE,Bhattarahalli,Rural,50,237,116,121,37,17,20,22,7,15,4,2,2,130,69,61,107,47,60,108,63,45,105,62,43,68,37,31,13,4,9,0,0,0,24,21,3,3,1,2,2,0,2,0,0,0,0,0,0,1,1,0,3,1,2,2,0,2,0,0,0,0,0,0,1,1,0,0,0,0,0,0,0,0,0,0,0,0,0,0,0,0,129,53,76
29,583,0169,624932,0000,000000,KARNATAKA,Bangalore Rural,VILLAGE,Manchenahalli,Rural,219,940,488,452,100,49,51,446,231,215,2,1,1,552,327,225,388,161,227,434,308,126,433,308,125,180,117,63,37,19,18,1,1,0,215,171,44,1,0,1,0,0,0,0,0,0,0,0,0,1,0,1,1,0,1,0,0,0,0,0,0,0,0,0,1,0,1,0,0,0,0,0,0,0,0,0,0,0,0,0,0,0,506,180,326
29,583,0169,624933,0000,000000,KARNATAKA,Bangalore Rural,VILLAGE,Krishnarajapura,Rural,2,8,3,5,2,0,2,0,0,0,0,0,0,5,3,2,3,0,3,3,2,1,3,2,1,2,1,1,0,0,0,0,0,0,1,1,0,0,0,0,0,0,0,0,0,0,0,0,0,0,0,0,0,0,0,0,0,0,0,0,0,0,0,0,0,0,0,0,0,0,0,0,0,0,0,0,0,0,0,0,0,0,5,1,4
29,583,0169,624934,0000,000000,KARNATAKA,Bangalore Rural,VILLAGE,Bidanapalya,Rural,36,157,78,79,13,10,3,157,78,79,0,0,0,101,54,47,56,24,32,77,49,28,76,49,27,22,16,6,4,0,4,0,0,0,50,33,17,1,0,1,0,0,0,1,0,1,0,0,0,0,0,0,1,0,1,0,0,0,1,0,1,0,0,0,0,0,0,0,0,0,0,0,0,0,0,0,0,0,0,0,0,0,80,29,51
29,583,0169,624935,0000,000000,KARNATAKA,Bangalore Rural,VILLAGE,Chowdasandra,Rural,128,569,292,277,57,31,26,109,61,48,8,3,5,337,191,146,232,101,131,246,184,62,228,176,52,110,99,11,24,6,18,0,0,0,94,71,23,18,8,10,2,2,0,13,3,10,0,0,0,3,3,0,18,8,10,2,2,0,13,3,10,0,0,0,3,3,0,0,0,0,0,0,0,0,0,0,0,0,0,0,0,0,323,108,215
29,583,0169,624936,0000,000000,KARNATAKA,Bangalore Rural,VILLAGE,Kothanahalli,Rural,42,165,82,83,21,9,12,0,0,0,160,79,81,79,46,33,86,36,50,65,50,15,45,36,9,21,18,3,8,4,4,0,0,0,16,14,2,20,14,6,0,0,0,5,2,3,0,0,0,15,12,3,16,13,3,0,0,0,4,2,2,0,0,0,12,11,1,4,1,3,0,0,0,1,0,1,0,0,0,3,1,2,100,32,68
29,583,0169,624937,0000,000000,KARNATAKA,Bangalore Rural,VILLAGE,Avalakuppe,Rural,94,398,219,179,31,16,15,54,31,23,11,6,5,204,139,65,194,80,114,157,143,14,144,132,12,75,69,6,7,4,3,0,0,0,62,59,3,13,11,2,1,1,0,7,5,2,1,1,0,4,4,0,13,11,2,1,1,0,7,5,2,1,1,0,4,4,0,0,0,0,0,0,0,0,0,0,0,0,0,0,0,0,241,76,165
29,583,0169,624938,0000,000000,KARNATAKA,Bangalore Rural,VILLAGE,Hosahalli,Rural,22,91,50,41,8,4,4,0,0,0,0,0,0,45,30,15,46,20,26,35,34,1,34,33,1,23,22,1,1,1,0,0,0,0,10,10,0,1,1,0,0,0,0,0,0,0,0,0,0,1,1,0,1,1,0,0,0,0,0,0,0,0,0,0,1,1,0,0,0,0,0,0,0,0,0,0,0,0,0,0,0,0,56,16,40
29,583,0169,624939,0000,000000,KARNATAKA,Bangalore Rural,VILLAGE,Goravanahalli,Rural,31,140,73,67,16,8,8,13,6,7,4,3,1,78,45,33,62,28,34,49,45,4,47,43,4,25,25,0,9,7,2,0,0,0,13,11,2,2,2,0,0,0,0,0,0,0,0,0,0,2,2,0,1,1,0,0,0,0,0,0,0,0,0,0,1,1,0,1,1,0,0,0,0,0,0,0,0,0,0,1,1,0,91,28,63
29,583,0169,624940,0000,000000,KARNATAKA,Bangalore Rural,VILLAGE,Soladevanahalli,Rural,164,710,351,359,83,34,49,32,15,17,258,123,135,443,247,196,267,104,163,424,235,189,402,232,170,127,119,8,134,6,128,0,0,0,141,107,34,22,3,19,1,0,1,17,0,17,0,0,0,4,3,1,22,3,19,1,0,1,17,0,17,0,0,0,4,3,1,0,0,0,0,0,0,0,0,0,0,0,0,0,0,0,286,116,170
29,583,0169,624941,0000,000000,KARNATAKA,Bangalore Rural,VILLAGE,Narasimhapalya,Rural,16,80,43,37,13,8,5,0,0,0,40,22,18,45,24,21,35,19,16,48,26,22,46,24,22,38,18,20,3,2,1,0,0,0,5,4,1,2,2,0,0,0,0,0,0,0,0,0,0,2,2,0,1,1,0,0,0,0,0,0,0,0,0,0,1,1,0,1,1,0,0,0,0,0,0,0,0,0,0,1,1,0,32,17,15
29,583,0169,624942,0000,000000,KARNATAKA,Bangalore Rural,VILLAGE,Kanuvanahalli,Rural,38,176,92,84,23,8,15,0,0,0,0,0,0,96,61,35,80,31,49,116,69,47,114,68,46,95,53,42,2,1,1,0,0,0,17,14,3,2,1,1,0,0,0,0,0,0,0,0,0,2,1,1,2,1,1,0,0,0,0,0,0,0,0,0,2,1,1,0,0,0,0,0,0,0,0,0,0,0,0,0,0,0,60,23,37
29,583,0169,624943,0000,000000,KARNATAKA,Bangalore Rural,VILLAGE,Banasavadi,Rural,128,512,257,255,57,28,29,96,48,48,15,6,9,306,171,135,206,86,120,315,180,135,301,169,132,230,116,114,30,19,11,1,0,1,40,34,6,14,11,3,0,0,0,1,1,0,0,0,0,13,10,3,10,8,2,0,0,0,1,1,0,0,0,0,9,7,2,4,3,1,0,0,0,0,0,0,0,0,0,4,3,1,197,77,120
29,583,0169,624944,0000,000000,KARNATAKA,Bangalore Rural,VILLAGE,Iregenahalli,Rural,4,19,8,11,3,2,1,4,0,4,0,0,0,13,5,8,6,3,3,9,5,4,9,5,4,2,2,0,4,1,3,0,0,0,3,2,1,0,0,0,0,0,0,0,0,0,0,0,0,0,0,0,0,0,0,0,0,0,0,0,0,0,0,0,0,0,0,0,0,0,0,0,0,0,0,0,0,0,0,0,0,0,10,3,7
29,583,0169,624945,0000,000000,KARNATAKA,Bangalore Rural,VILLAGE,Bolamaranahalli,Rural,72,317,159,158,30,12,18,16,10,6,4,2,2,218,116,102,99,43,56,144,101,43,139,100,39,84,63,21,17,9,8,2,2,0,36,26,10,5,1,4,0,0,0,1,0,1,1,0,1,3,1,2,3,1,2,0,0,0,1,0,1,0,0,0,2,1,1,2,0,2,0,0,0,0,0,0,1,0,1,1,0,1,173,58,115
29,583,0169,624946,0000,000000,KARNATAKA,Bangalore Rural,VILLAGE,Gorinabele,Rural,238,1032,527,505,105,68,37,603,305,298,19,11,8,601,348,253,431,179,252,472,317,155,462,311,151,132,107,25,159,79,80,0,0,0,171,125,46,10,6,4,1,0,1,5,3,2,0,0,0,4,3,1,8,5,3,1,0,1,5,3,2,0,0,0,2,2,0,2,1,1,0,0,0,0,0,0,0,0,0,2,1,1,560,210,350
29,583,0169,624947,0000,000000,KARNATAKA,Bangalore Rural,VILLAGE,H.Kempalinganahalli,Rural,97,445,222,223,53,19,34,130,59,71,0,0,0,267,156,111,178,66,112,161,140,21,161,140,21,72,65,7,28,21,7,0,0,0,61,54,7,0,0,0,0,0,0,0,0,0,0,0,0,0,0,0,0,0,0,0,0,0,0,0,0,0,0,0,0,0,0,0,0,0,0,0,0,0,0,0,0,0,0,0,0,0,284,82,202
29,583,0169,624948,0000,000000,KARNATAKA,Bangalore Rural,VILLAGE,Mantanakurchi,Rural,244,1075,556,519,115,57,58,407,207,200,17,8,9,634,366,268,441,190,251,554,343,211,355,276,79,278,215,63,35,26,9,6,6,0,36,29,7,199,67,132,129,27,102,15,6,9,18,7,11,37,27,10,199,67,132,129,27,102,15,6,9,18,7,11,37,27,10,0,0,0,0,0,0,0,0,0,0,0,0,0,0,0,521,213,308
29,583,0169,624949,0000,000000,KARNATAKA,Bangalore Rural,TOWN,Arasinakunte (CT),Urban,2740,10567,5422,5145,1185,607,578,1171,596,575,270,140,130,8355,4489,3866,2212,933,1279,4132,3201,931,3686,2871,815,85,81,4,32,26,6,175,138,37,3394,2626,768,446,330,116,9,7,2,44,30,14,43,27,16,350,266,84,388,297,91,8,7,1,34,23,11,31,24,7,315,243,72,58,33,25,1,0,1,10,7,3,12,3,9,35,23,12,6435,2221,4214
29,583,0170,000000,0000,000000,KARNATAKA,Bangalore Rural,CD BLOCK,Dod Ballapur ,Total,50750,214952,110325,104627,21953,11230,10723,52037,26040,25997,12472,6426,6046,145106,82811,62295,69846,27514,42332,111718,69939,41779,89826,61217,28609,36052,26069,9983,16322,7563,8759,2176,1422,754,35276,26163,9113,21892,8722,13170,4393,1739,2654,10500,3332,7168,1351,562,789,5648,3089,2559,19675,7766,11909,4237,1672,2565,9500,3023,6477,1025,358,667,4913,2713,2200,2217,956,1261,156,67,89,1000,309,691,326,204,122,735,376,359,103234,40386,62848
29,583,0170,000000,0000,000000,KARNATAKA,Bangalore Rural,CD BLOCK,Dod Ballapur ,Rural,46648,198546,101291,97255,20210,10315,9895,50309,25141,25168,11636,5963,5673,132087,75245,56842,66459,26046,40413,104319,64428,39891,83094,56124,26970,35992,26019,9973,16282,7536,8746,2010,1295,715,28810,21274,7536,21225,8304,12921,4382,1730,2652,10487,3327,7160,1271,531,740,5085,2716,2369,19042,7363,11679,4226,1663,2563,9487,3018,6469,954,329,625,4375,2353,2022,2183,941,1242,156,67,89,1000,309,691,317,202,115,710,363,347,94227,36863,57364
29,583,0170,000000,0000,000000,KARNATAKA,Bangalore Rural,CD BLOCK,Dod Ballapur ,Urban,4102,16406,9034,7372,1743,915,828,1728,899,829,836,463,373,13019,7566,5453,3387,1468,1919,7399,5511,1888,6732,5093,1639,60,50,10,40,27,13,166,127,39,6466,4889,1577,667,418,249,11,9,2,13,5,8,80,31,49,563,373,190,633,403,230,11,9,2,13,5,8,71,29,42,538,360,178,34,15,19,0,0,0,0,0,0,9,2,7,25,13,12,9007,3523,5484
29,583,0170,624950,0000,000000,KARNATAKA,Bangalore Rural,VILLAGE,Gowdanakunte,Rural,120,523,264,259,41,26,15,116,61,55,1,0,1,332,190,142,191,74,117,220,158,62,170,131,39,102,89,13,23,12,11,0,0,0,45,30,15,50,27,23,1,1,0,41,22,19,0,0,0,8,4,4,37,20,17,1,1,0,30,15,15,0,0,0,6,4,2,13,7,6,0,0,0,11,7,4,0,0,0,2,0,2,303,106,197
29,583,0170,624951,0000,000000,KARNATAKA,Bangalore Rural,VILLAGE,Dadighattamadagu,Rural,175,768,396,372,89,42,47,320,169,151,76,38,38,478,286,192,290,110,180,513,253,260,299,245,54,223,199,24,34,17,17,1,1,0,41,28,13,214,8,206,1,0,1,213,8,205,0,0,0,0,0,0,214,8,206,1,0,1,213,8,205,0,0,0,0,0,0,0,0,0,0,0,0,0,0,0,0,0,0,0,0,0,255,143,112
29,583,0170,624952,0000,000000,KARNATAKA,Bangalore Rural,VILLAGE,Kamakshihalli,Rural,0,0,0,0,0,0,0,0,0,0,0,0,0,0,0,0,0,0,0,0,0,0,0,0,0,0,0,0,0,0,0,0,0,0,0,0,0,0,0,0,0,0,0,0,0,0,0,0,0,0,0,0,0,0,0,0,0,0,0,0,0,0,0,0,0,0,0,0,0,0,0,0,0,0,0,0,0,0,0,0,0,0,0,0,0
29,583,0170,624953,0000,000000,KARNATAKA,Bangalore Rural,VILLAGE,Banavathi,Rural,503,2114,1089,1025,203,100,103,521,266,255,260,132,128,1123,675,448,991,414,577,1200,658,542,1069,598,471,872,514,358,110,17,93,10,5,5,77,62,15,131,60,71,6,1,5,67,18,49,6,2,4,52,39,13,106,47,59,6,1,5,55,14,41,3,1,2,42,31,11,25,13,12,0,0,0,12,4,8,3,1,2,10,8,2,914,431,483
29,583,0170,624954,0000,000000,KARNATAKA,Bangalore Rural,VILLAGE,Aroodi,Rural,745,3298,1694,1604,332,180,152,797,405,392,353,178,175,2139,1213,926,1159,481,678,1849,1028,821,1162,813,349,597,542,55,375,117,258,23,20,3,167,134,33,687,215,472,215,105,110,445,97,348,11,3,8,16,10,6,657,199,458,211,103,108,422,85,337,10,3,7,14,8,6,30,16,14,4,2,2,23,12,11,1,0,1,2,2,0,1449,666,783
29,583,0170,624955,0000,000000,KARNATAKA,Bangalore Rural,VILLAGE,K.G.Devapala,Rural,0,0,0,0,0,0,0,0,0,0,0,0,0,0,0,0,0,0,0,0,0,0,0,0,0,0,0,0,0,0,0,0,0,0,0,0,0,0,0,0,0,0,0,0,0,0,0,0,0,0,0,0,0,0,0,0,0,0,0,0,0,0,0,0,0,0,0,0,0,0,0,0,0,0,0,0,0,0,0,0,0,0,0,0,0
29,583,0170,624956,0000,000000,KARNATAKA,Bangalore Rural,VILLAGE,Kallukunte,Rural,100,446,239,207,40,26,14,6,4,2,138,71,67,255,149,106,191,90,101,226,141,85,220,139,81,174,108,66,16,10,6,2,2,0,28,19,9,6,2,4,1,0,1,2,1,1,0,0,0,3,1,2,4,1,3,1,0,1,1,1,0,0,0,0,2,0,2,2,1,1,0,0,0,1,0,1,0,0,0,1,1,0,220,98,122
29,583,0170,624957,0000,000000,KARNATAKA,Bangalore Rural,VILLAGE,Yaramuddenahalli,Rural,2,5,3,2,0,0,0,0,0,0,0,0,0,4,2,2,1,1,0,3,2,1,3,2,1,3,2,1,0,0,0,0,0,0,0,0,0,0,0,0,0,0,0,0,0,0,0,0,0,0,0,0,0,0,0,0,0,0,0,0,0,0,0,0,0,0,0,0,0,0,0,0,0,0,0,0,0,0,0,0,0,0,2,1,1
29,583,0170,624958,0000,000000,KARNATAKA,Bangalore Rural,VILLAGE,Tekalahalli,Rural,10,31,16,15,1,1,0,10,5,5,0,0,0,19,11,8,12,5,7,18,12,6,18,12,6,17,11,6,0,0,0,0,0,0,1,1,0,0,0,0,0,0,0,0,0,0,0,0,0,0,0,0,0,0,0,0,0,0,0,0,0,0,0,0,0,0,0,0,0,0,0,0,0,0,0,0,0,0,0,0,0,0,13,4,9
29,583,0170,624959,0000,000000,KARNATAKA,Bangalore Rural,VILLAGE,Jakkenahalli,Rural,24,123,65,58,20,9,11,29,18,11,7,4,3,79,47,32,44,18,26,46,35,11,46,35,11,42,32,10,0,0,0,0,0,0,4,3,1,0,0,0,0,0,0,0,0,0,0,0,0,0,0,0,0,0,0,0,0,0,0,0,0,0,0,0,0,0,0,0,0,0,0,0,0,0,0,0,0,0,0,0,0,0,77,30,47
29,583,0170,624960,0000,000000,KARNATAKA,Bangalore Rural,VILLAGE,Ujjani,Rural,355,1543,783,760,137,70,67,493,242,251,87,47,40,1002,569,433,541,214,327,1036,530,506,607,423,184,337,292,45,184,72,112,1,1,0,85,58,27,429,107,322,336,85,251,43,7,36,2,0,2,48,15,33,402,98,304,316,76,240,39,7,32,1,0,1,46,15,31,27,9,18,20,9,11,4,0,4,1,0,1,2,0,2,507,253,254
29,583,0170,624961,0000,000000,KARNATAKA,Bangalore Rural,VILLAGE,Hosahalli,Rural,417,1805,915,890,218,118,100,422,218,204,165,86,79,1215,678,537,590,237,353,816,524,292,580,405,175,179,160,19,200,94,106,0,0,0,201,151,50,236,119,117,89,54,35,98,37,61,3,2,1,46,26,20,229,114,115,89,54,35,92,33,59,3,2,1,45,25,20,7,5,2,0,0,0,6,4,2,0,0,0,1,1,0,989,391,598
29,583,0170,624962,0000,000000,KARNATAKA,Bangalore Rural,VILLAGE,Hosakote,Rural,39,170,89,81,19,8,11,5,1,4,34,18,16,104,63,41,66,26,40,75,54,21,74,54,20,45,33,12,12,7,5,0,0,0,17,14,3,1,0,1,1,0,1,0,0,0,0,0,0,0,0,0,0,0,0,0,0,0,0,0,0,0,0,0,0,0,0,1,0,1,1,0,1,0,0,0,0,0,0,0,0,0,95,35,60
29,583,0170,624963,0000,000000,KARNATAKA,Bangalore Rural,VILLAGE,Bankenahalli,Rural,65,281,138,143,20,7,13,2,1,1,9,6,3,186,110,76,95,28,67,175,88,87,106,78,28,65,55,10,11,3,8,0,0,0,30,20,10,69,10,59,42,6,36,7,1,6,0,0,0,20,3,17,69,10,59,42,6,36,7,1,6,0,0,0,20,3,17,0,0,0,0,0,0,0,0,0,0,0,0,0,0,0,106,50,56
29,583,0170,624964,0000,000000,KARNATAKA,Bangalore Rural,VILLAGE,Vabasandra,Rural,41,171,89,82,18,9,9,79,40,39,64,35,29,105,62,43,66,27,39,112,60,52,60,47,13,33,27,6,9,8,1,0,0,0,18,12,6,52,13,39,26,5,21,22,5,17,0,0,0,4,3,1,49,12,37,25,5,20,21,5,16,0,0,0,3,2,1,3,1,2,1,0,1,1,0,1,0,0,0,1,1,0,59,29,30
29,583,0170,624965,0000,000000,KARNATAKA,Bangalore Rural,VILLAGE,Pura,Rural,0,0,0,0,0,0,0,0,0,0,0,0,0,0,0,0,0,0,0,0,0,0,0,0,0,0,0,0,0,0,0,0,0,0,0,0,0,0,0,0,0,0,0,0,0,0,0,0,0,0,0,0,0,0,0,0,0,0,0,0,0,0,0,0,0,0,0,0,0,0,0,0,0,0,0,0,0,0,0,0,0,0,0,0,0
29,583,0170,624966,0000,000000,KARNATAKA,Bangalore Rural,VILLAGE,Makali,Rural,83,401,210,191,50,25,25,4,2,2,222,114,108,225,123,102,176,87,89,159,124,35,150,122,28,109,98,11,6,6,0,3,1,2,32,17,15,9,2,7,0,0,0,0,0,0,0,0,0,9,2,7,9,2,7,0,0,0,0,0,0,0,0,0,9,2,7,0,0,0,0,0,0,0,0,0,0,0,0,0,0,0,242,86,156
29,583,0170,624967,0000,000000,KARNATAKA,Bangalore Rural,VILLAGE,Gundumgere,Rural,493,2076,1029,1047,210,102,108,635,308,327,335,178,157,1339,755,584,737,274,463,1218,636,582,1168,632,536,654,382,272,271,81,190,12,4,8,231,165,66,50,4,46,8,1,7,12,1,11,9,1,8,21,1,20,45,4,41,8,1,7,10,1,9,8,1,7,19,1,18,5,0,5,0,0,0,2,0,2,1,0,1,2,0,2,858,393,465
29,583,0170,624968,0000,000000,KARNATAKA,Bangalore Rural,VILLAGE,Ojenahalli,Rural,109,427,202,225,29,10,19,9,5,4,23,10,13,274,149,125,153,53,100,296,142,154,163,135,28,82,77,5,15,6,9,1,1,0,65,51,14,133,7,126,1,0,1,127,5,122,1,0,1,4,2,2,126,6,120,1,0,1,120,4,116,1,0,1,4,2,2,7,1,6,0,0,0,7,1,6,0,0,0,0,0,0,131,60,71
29,583,0170,624969,0000,000000,KARNATAKA,Bangalore Rural,VILLAGE,Hosanagenahalli,Rural,0,0,0,0,0,0,0,0,0,0,0,0,0,0,0,0,0,0,0,0,0,0,0,0,0,0,0,0,0,0,0,0,0,0,0,0,0,0,0,0,0,0,0,0,0,0,0,0,0,0,0,0,0,0,0,0,0,0,0,0,0,0,0,0,0,0,0,0,0,0,0,0,0,0,0,0,0,0,0,0,0,0,0,0,0
29,583,0170,624970,0000,000000,KARNATAKA,Bangalore Rural,VILLAGE,Sonnenahalli,Rural,76,310,161,149,43,20,23,44,23,21,10,3,7,162,97,65,148,64,84,148,111,37,141,108,33,68,63,5,28,14,14,1,1,0,44,30,14,7,3,4,0,0,0,2,2,0,0,0,0,5,1,4,7,3,4,0,0,0,2,2,0,0,0,0,5,1,4,0,0,0,0,0,0,0,0,0,0,0,0,0,0,0,162,50,112
29,583,0170,624971,0000,000000,KARNATAKA,Bangalore Rural,VILLAGE,Byadarahalli,Rural,0,0,0,0,0,0,0,0,0,0,0,0,0,0,0,0,0,0,0,0,0,0,0,0,0,0,0,0,0,0,0,0,0,0,0,0,0,0,0,0,0,0,0,0,0,0,0,0,0,0,0,0,0,0,0,0,0,0,0,0,0,0,0,0,0,0,0,0,0,0,0,0,0,0,0,0,0,0,0,0,0,0,0,0,0
29,583,0170,624972,0000,000000,KARNATAKA,Bangalore Rural,VILLAGE,Bommenahalli,Rural,0,0,0,0,0,0,0,0,0,0,0,0,0,0,0,0,0,0,0,0,0,0,0,0,0,0,0,0,0,0,0,0,0,0,0,0,0,0,0,0,0,0,0,0,0,0,0,0,0,0,0,0,0,0,0,0,0,0,0,0,0,0,0,0,0,0,0,0,0,0,0,0,0,0,0,0,0,0,0,0,0,0,0,0,0
29,583,0170,624973,0000,000000,KARNATAKA,Bangalore Rural,VILLAGE,Mallasandra,Rural,178,695,343,352,56,25,31,181,90,91,122,64,58,407,236,171,288,107,181,379,214,165,376,212,164,159,92,67,133,70,63,0,0,0,84,50,34,3,2,1,1,0,1,0,0,0,0,0,0,2,2,0,3,2,1,1,0,1,0,0,0,0,0,0,2,2,0,0,0,0,0,0,0,0,0,0,0,0,0,0,0,0,316,129,187
29,583,0170,624974,0000,000000,KARNATAKA,Bangalore Rural,VILLAGE,Kadakunte,Rural,39,191,99,92,19,9,10,19,12,7,0,0,0,116,70,46,75,29,46,128,66,62,121,66,55,45,43,2,52,8,44,0,0,0,24,15,9,7,0,7,2,0,2,5,0,5,0,0,0,0,0,0,7,0,7,2,0,2,5,0,5,0,0,0,0,0,0,0,0,0,0,0,0,0,0,0,0,0,0,0,0,0,63,33,30
29,583,0170,624975,0000,000000,KARNATAKA,Bangalore Rural,VILLAGE,Kukkalahalli,Rural,46,213,105,108,29,14,15,0,0,0,44,21,23,132,76,56,81,29,52,134,68,66,106,64,42,57,53,4,33,2,31,1,1,0,15,8,7,28,4,24,2,0,2,20,1,19,0,0,0,6,3,3,28,4,24,2,0,2,20,1,19,0,0,0,6,3,3,0,0,0,0,0,0,0,0,0,0,0,0,0,0,0,79,37,42
29,583,0170,624976,0000,000000,KARNATAKA,Bangalore Rural,VILLAGE,Kottige Machenahalli,Rural,159,684,354,330,78,45,33,115,59,56,7,3,4,367,224,143,317,130,187,213,207,6,208,203,5,171,170,1,16,15,1,0,0,0,21,18,3,5,4,1,0,0,0,4,3,1,0,0,0,1,1,0,5,4,1,0,0,0,4,3,1,0,0,0,1,1,0,0,0,0,0,0,0,0,0,0,0,0,0,0,0,0,471,147,324
29,583,0170,624977,0000,000000,KARNATAKA,Bangalore Rural,VILLAGE,K.G.Thammaganahalli,Rural,74,350,180,170,44,23,21,129,70,59,0,0,0,190,109,81,160,71,89,208,106,102,197,100,97,149,74,75,23,2,21,15,14,1,10,10,0,11,6,5,10,5,5,0,0,0,0,0,0,1,1,0,11,6,5,10,5,5,0,0,0,0,0,0,1,1,0,0,0,0,0,0,0,0,0,0,0,0,0,0,0,0,142,74,68
29,583,0170,624978,0000,000000,KARNATAKA,Bangalore Rural,VILLAGE,Gummanahalli,Rural,150,657,346,311,73,39,34,79,41,38,370,187,183,404,240,164,253,106,147,421,221,200,350,202,148,170,129,41,135,40,95,0,0,0,45,33,12,71,19,52,35,7,28,33,9,24,0,0,0,3,3,0,70,19,51,35,7,28,32,9,23,0,0,0,3,3,0,1,0,1,0,0,0,1,0,1,0,0,0,0,0,0,236,125,111
29,583,0170,624979,0000,000000,KARNATAKA,Bangalore Rural,VILLAGE,Lingadaveeranahalli,Rural,122,554,286,268,40,22,18,22,11,11,0,0,0,344,203,141,210,83,127,290,142,148,286,139,147,267,131,136,0,0,0,3,1,2,16,7,9,4,3,1,1,1,0,0,0,0,1,1,0,2,1,1,4,3,1,1,1,0,0,0,0,1,1,0,2,1,1,0,0,0,0,0,0,0,0,0,0,0,0,0,0,0,264,144,120
29,583,0170,624980,0000,000000,KARNATAKA,Bangalore Rural,VILLAGE,Kilarlahalli,Rural,50,203,104,99,33,17,16,0,0,0,1,1,0,105,63,42,98,41,57,86,54,32,84,53,31,81,50,31,0,0,0,0,0,0,3,3,0,2,1,1,2,1,1,0,0,0,0,0,0,0,0,0,2,1,1,2,1,1,0,0,0,0,0,0,0,0,0,0,0,0,0,0,0,0,0,0,0,0,0,0,0,0,117,50,67
29,583,0170,624981,0000,000000,KARNATAKA,Bangalore Rural,VILLAGE,Harohalli,Rural,16,97,49,48,9,2,7,0,0,0,0,0,0,62,39,23,35,10,25,67,34,33,36,34,2,28,27,1,0,0,0,0,0,0,8,7,1,31,0,31,0,0,0,31,0,31,0,0,0,0,0,0,31,0,31,0,0,0,31,0,31,0,0,0,0,0,0,0,0,0,0,0,0,0,0,0,0,0,0,0,0,0,30,15,15
29,583,0170,624982,0000,000000,KARNATAKA,Bangalore Rural,VILLAGE,Sriramanahalli,Rural,74,286,146,140,33,17,16,42,20,22,0,0,0,178,101,77,108,45,63,92,85,7,90,83,7,83,79,4,1,1,0,0,0,0,6,3,3,2,2,0,1,1,0,0,0,0,0,0,0,1,1,0,2,2,0,1,1,0,0,0,0,0,0,0,1,1,0,0,0,0,0,0,0,0,0,0,0,0,0,0,0,0,194,61,133
29,583,0170,624983,0000,000000,KARNATAKA,Bangalore Rural,VILLAGE,Machenahalli,Rural,104,358,182,176,24,13,11,2,1,1,2,0,2,174,112,62,184,70,114,216,111,105,144,95,49,131,83,48,0,0,0,0,0,0,13,12,1,72,16,56,61,12,49,7,2,5,0,0,0,4,2,2,60,10,50,53,7,46,5,2,3,0,0,0,2,1,1,12,6,6,8,5,3,2,0,2,0,0,0,2,1,1,142,71,71
29,583,0170,624984,0000,000000,KARNATAKA,Bangalore Rural,VILLAGE,Garudagallu,Rural,64,239,117,122,24,10,14,9,3,6,0,0,0,159,90,69,80,27,53,75,65,10,68,58,10,48,46,2,3,0,3,2,2,0,15,10,5,7,7,0,5,5,0,0,0,0,0,0,0,2,2,0,7,7,0,5,5,0,0,0,0,0,0,0,2,2,0,0,0,0,0,0,0,0,0,0,0,0,0,0,0,0,164,52,112
29,583,0170,624985,0000,000000,KARNATAKA,Bangalore Rural,VILLAGE,Singenahalli,Rural,96,357,191,166,35,17,18,0,0,0,1,0,1,187,120,67,170,71,99,249,127,122,112,81,31,88,66,22,5,5,0,0,0,0,19,10,9,137,46,91,32,13,19,105,33,72,0,0,0,0,0,0,102,27,75,16,2,14,86,25,61,0,0,0,0,0,0,35,19,16,16,11,5,19,8,11,0,0,0,0,0,0,108,64,44
29,583,0170,624986,0000,000000,KARNATAKA,Bangalore Rural,VILLAGE,Ganadalu,Rural,23,92,46,46,10,6,4,3,2,1,0,0,0,48,27,21,44,19,25,61,33,28,32,24,8,13,13,0,13,6,7,1,1,0,5,4,1,29,9,20,1,1,0,28,8,20,0,0,0,0,0,0,29,9,20,1,1,0,28,8,20,0,0,0,0,0,0,0,0,0,0,0,0,0,0,0,0,0,0,0,0,0,31,13,18
29,583,0170,624987,0000,000000,KARNATAKA,Bangalore Rural,VILLAGE,Sasalu,Rural,224,954,487,467,77,36,41,386,198,188,44,21,23,688,376,312,266,111,155,557,291,266,294,240,54,246,201,45,13,10,3,2,2,0,33,27,6,263,51,212,4,3,1,193,19,174,4,3,1,62,26,36,244,41,203,4,3,1,190,18,172,0,0,0,50,20,30,19,10,9,0,0,0,3,1,2,4,3,1,12,6,6,397,196,201
29,583,0170,624988,0000,000000,KARNATAKA,Bangalore Rural,VILLAGE,Todalabande,Rural,63,251,119,132,31,13,18,0,0,0,0,0,0,115,68,47,136,51,85,155,77,78,149,73,76,137,70,67,4,0,4,5,1,4,3,2,1,6,4,2,4,4,0,2,0,2,0,0,0,0,0,0,6,4,2,4,4,0,2,0,2,0,0,0,0,0,0,0,0,0,0,0,0,0,0,0,0,0,0,0,0,0,96,42,54
29,583,0170,624989,0000,000000,KARNATAKA,Bangalore Rural,VILLAGE,Kanikenahalli,Rural,110,467,218,249,61,29,32,87,36,51,117,47,70,249,141,108,218,77,141,300,137,163,32,31,1,22,22,0,4,4,0,0,0,0,6,5,1,268,106,162,5,3,2,262,103,159,0,0,0,1,0,1,266,106,160,5,3,2,260,103,157,0,0,0,1,0,1,2,0,2,0,0,0,2,0,2,0,0,0,0,0,0,167,81,86
29,583,0170,624990,0000,000000,KARNATAKA,Bangalore Rural,VILLAGE,Alappanahalli,Rural,184,904,454,450,104,47,57,657,326,331,29,18,11,540,312,228,364,142,222,417,262,155,366,247,119,234,161,73,45,17,28,0,0,0,87,69,18,51,15,36,0,0,0,33,10,23,0,0,0,18,5,13,36,15,21,0,0,0,25,10,15,0,0,0,11,5,6,15,0,15,0,0,0,8,0,8,0,0,0,7,0,7,487,192,295
29,583,0170,624991,0000,000000,KARNATAKA,Bangalore Rural,VILLAGE,Lakkenahalli,Rural,65,302,155,147,31,14,17,0,0,0,1,0,1,182,110,72,120,45,75,159,103,56,159,103,56,142,91,51,1,0,1,0,0,0,16,12,4,0,0,0,0,0,0,0,0,0,0,0,0,0,0,0,0,0,0,0,0,0,0,0,0,0,0,0,0,0,0,0,0,0,0,0,0,0,0,0,0,0,0,0,0,0,143,52,91
29,583,0170,624992,0000,000000,KARNATAKA,Bangalore Rural,VILLAGE,Narasapura,Rural,10,44,24,20,4,3,1,16,10,6,0,0,0,29,20,9,15,4,11,25,15,10,23,13,10,20,11,9,2,1,1,0,0,0,1,1,0,2,2,0,0,0,0,1,1,0,0,0,0,1,1,0,1,1,0,0,0,0,1,1,0,0,0,0,0,0,0,1,1,0,0,0,0,0,0,0,0,0,0,1,1,0,19,9,10
29,583,0170,624993,0000,000000,KARNATAKA,Bangalore Rural,VILLAGE,Byappanahalli,Rural,138,559,292,267,53,27,26,190,99,91,102,50,52,363,213,150,196,79,117,322,178,144,288,169,119,265,150,115,1,1,0,0,0,0,22,18,4,34,9,25,1,0,1,20,9,11,0,0,0,13,0,13,34,9,25,1,0,1,20,9,11,0,0,0,13,0,13,0,0,0,0,0,0,0,0,0,0,0,0,0,0,0,237,114,123
29,583,0170,624994,0000,000000,KARNATAKA,Bangalore Rural,VILLAGE,Ankonahalli,Rural,25,106,59,47,11,7,4,4,3,1,0,0,0,68,42,26,38,17,21,56,32,24,54,30,24,49,25,24,0,0,0,0,0,0,5,5,0,2,2,0,0,0,0,0,0,0,0,0,0,2,2,0,2,2,0,0,0,0,0,0,0,0,0,0,2,2,0,0,0,0,0,0,0,0,0,0,0,0,0,0,0,0,50,27,23
29,583,0170,624995,0000,000000,KARNATAKA,Bangalore Rural,VILLAGE,Bhaktharahalli,Rural,169,779,391,388,80,42,38,406,201,205,0,0,0,534,301,233,245,90,155,349,199,150,328,192,136,109,94,15,154,47,107,0,0,0,65,51,14,21,7,14,3,1,2,9,2,7,0,0,0,9,4,5,21,7,14,3,1,2,9,2,7,0,0,0,9,4,5,0,0,0,0,0,0,0,0,0,0,0,0,0,0,0,430,192,238
29,583,0170,624996,0000,000000,KARNATAKA,Bangalore Rural,VILLAGE,Adakavala,Rural,58,239,121,118,18,6,12,88,49,39,0,0,0,158,98,60,81,23,58,161,81,80,161,81,80,50,41,9,95,27,68,0,0,0,16,13,3,0,0,0,0,0,0,0,0,0,0,0,0,0,0,0,0,0,0,0,0,0,0,0,0,0,0,0,0,0,0,0,0,0,0,0,0,0,0,0,0,0,0,0,0,0,78,40,38
29,583,0170,624997,0000,000000,KARNATAKA,Bangalore Rural,VILLAGE,Jyotipura,Rural,38,169,83,86,12,5,7,45,23,22,82,39,43,92,52,40,77,31,46,116,58,58,7,4,3,0,0,0,0,0,0,0,0,0,7,4,3,109,54,55,5,2,3,104,52,52,0,0,0,0,0,0,109,54,55,5,2,3,104,52,52,0,0,0,0,0,0,0,0,0,0,0,0,0,0,0,0,0,0,0,0,0,53,25,28
29,583,0170,624998,0000,000000,KARNATAKA,Bangalore Rural,VILLAGE,K.G.Lingenahalli,Rural,6,18,11,7,3,2,1,5,3,2,11,6,5,14,9,5,4,2,2,12,7,5,12,7,5,2,2,0,10,5,5,0,0,0,0,0,0,0,0,0,0,0,0,0,0,0,0,0,0,0,0,0,0,0,0,0,0,0,0,0,0,0,0,0,0,0,0,0,0,0,0,0,0,0,0,0,0,0,0,0,0,0,6,4,2
29,583,0170,624999,0000,000000,KARNATAKA,Bangalore Rural,VILLAGE,Mallegowdanahalli,Rural,70,283,139,144,24,14,10,0,0,0,0,0,0,185,94,91,98,45,53,167,80,87,167,80,87,56,52,4,107,27,80,0,0,0,4,1,3,0,0,0,0,0,0,0,0,0,0,0,0,0,0,0,0,0,0,0,0,0,0,0,0,0,0,0,0,0,0,0,0,0,0,0,0,0,0,0,0,0,0,0,0,0,116,59,57
29,583,0170,625000,0000,000000,KARNATAKA,Bangalore Rural,VILLAGE,Kadlapanahalli,Rural,148,593,296,297,57,30,27,133,59,74,0,0,0,409,230,179,184,66,118,352,193,159,351,193,158,290,150,140,2,1,1,0,0,0,59,42,17,1,0,1,0,0,0,0,0,0,0,0,0,1,0,1,1,0,1,0,0,0,0,0,0,0,0,0,1,0,1,0,0,0,0,0,0,0,0,0,0,0,0,0,0,0,241,103,138
29,583,0170,625001,0000,000000,KARNATAKA,Bangalore Rural,VILLAGE,Benakinamadugu,Rural,77,330,168,162,29,14,15,114,57,57,0,0,0,206,127,79,124,41,83,198,100,98,117,99,18,95,85,10,2,1,1,1,1,0,19,12,7,81,1,80,66,0,66,11,0,11,1,1,0,3,0,3,79,0,79,66,0,66,11,0,11,0,0,0,2,0,2,2,1,1,0,0,0,0,0,0,1,1,0,1,0,1,132,68,64
29,583,0170,625002,0000,000000,KARNATAKA,Bangalore Rural,VILLAGE,Sulikunte,Rural,72,292,143,149,29,10,19,94,44,50,0,0,0,175,101,74,117,42,75,186,95,91,98,91,7,91,85,6,0,0,0,0,0,0,7,6,1,88,4,84,83,2,81,4,1,3,0,0,0,1,1,0,88,4,84,83,2,81,4,1,3,0,0,0,1,1,0,0,0,0,0,0,0,0,0,0,0,0,0,0,0,0,106,48,58
29,583,0170,625003,0000,000000,KARNATAKA,Bangalore Rural,VILLAGE,Channaveeranahalli,Rural,148,608,312,296,48,20,28,84,37,47,13,6,7,370,221,149,238,91,147,334,186,148,329,186,143,212,111,101,29,11,18,0,0,0,88,64,24,5,0,5,0,0,0,4,0,4,0,0,0,1,0,1,4,0,4,0,0,0,4,0,4,0,0,0,0,0,0,1,0,1,0,0,0,0,0,0,0,0,0,1,0,1,274,126,148
29,583,0170,625004,0000,000000,KARNATAKA,Bangalore Rural,VILLAGE,Jaligere,Rural,65,320,160,160,40,19,21,124,59,65,0,0,0,226,130,96,94,30,64,173,89,84,173,89,84,153,82,71,0,0,0,0,0,0,20,7,13,0,0,0,0,0,0,0,0,0,0,0,0,0,0,0,0,0,0,0,0,0,0,0,0,0,0,0,0,0,0,0,0,0,0,0,0,0,0,0,0,0,0,0,0,0,147,71,76
29,583,0170,625005,0000,000000,KARNATAKA,Bangalore Rural,VILLAGE,Kadabyadarahalli,Rural,68,320,159,161,49,23,26,15,9,6,302,149,153,205,113,92,115,46,69,185,101,84,185,101,84,150,82,68,2,1,1,11,7,4,22,11,11,0,0,0,0,0,0,0,0,0,0,0,0,0,0,0,0,0,0,0,0,0,0,0,0,0,0,0,0,0,0,0,0,0,0,0,0,0,0,0,0,0,0,0,0,0,135,58,77
29,583,0170,625006,0000,000000,KARNATAKA,Bangalore Rural,VILLAGE,Byrapura,Rural,107,505,261,244,58,30,28,174,90,84,68,34,34,303,187,116,202,74,128,341,176,165,263,157,106,214,126,88,5,2,3,5,4,1,39,25,14,78,19,59,77,18,59,0,0,0,0,0,0,1,1,0,78,19,59,77,18,59,0,0,0,0,0,0,1,1,0,0,0,0,0,0,0,0,0,0,0,0,0,0,0,0,164,85,79
29,583,0170,625007,0000,000000,KARNATAKA,Bangalore Rural,VILLAGE,Suthahalli,Rural,131,680,345,335,92,45,47,678,344,334,0,0,0,332,198,134,348,147,201,435,222,213,95,67,28,29,25,4,42,30,12,1,0,1,23,12,11,340,155,185,2,1,1,304,129,175,0,0,0,34,25,9,339,154,185,2,1,1,304,129,175,0,0,0,33,24,9,1,1,0,0,0,0,0,0,0,0,0,0,1,1,0,245,123,122
29,583,0170,625008,0000,000000,KARNATAKA,Bangalore Rural,VILLAGE,Hulikunte State Forest,Rural,0,0,0,0,0,0,0,0,0,0,0,0,0,0,0,0,0,0,0,0,0,0,0,0,0,0,0,0,0,0,0,0,0,0,0,0,0,0,0,0,0,0,0,0,0,0,0,0,0,0,0,0,0,0,0,0,0,0,0,0,0,0,0,0,0,0,0,0,0,0,0,0,0,0,0,0,0,0,0,0,0,0,0,0,0
29,583,0170,625009,0000,000000,KARNATAKA,Bangalore Rural,VILLAGE,Gunjur,Rural,210,891,432,459,102,51,51,230,110,120,141,69,72,595,327,268,296,105,191,554,299,255,463,247,216,374,179,195,8,4,4,5,4,1,76,60,16,91,52,39,17,10,7,65,36,29,0,0,0,9,6,3,90,52,38,17,10,7,65,36,29,0,0,0,8,6,2,1,0,1,0,0,0,0,0,0,0,0,0,1,0,1,337,133,204
29,583,0170,625010,0000,000000,KARNATAKA,Bangalore Rural,VILLAGE,Kelaginajuganahalli,Rural,125,592,288,304,56,23,33,172,84,88,67,32,35,314,180,134,278,108,170,351,177,174,350,176,174,317,152,165,6,3,3,1,0,1,26,21,5,1,1,0,1,1,0,0,0,0,0,0,0,0,0,0,1,1,0,1,1,0,0,0,0,0,0,0,0,0,0,0,0,0,0,0,0,0,0,0,0,0,0,0,0,0,241,111,130
29,583,0170,625011,0000,000000,KARNATAKA,Bangalore Rural,VILLAGE,Melinajuganahalli,Rural,296,1283,620,663,143,68,75,512,244,268,61,31,30,803,430,373,480,190,290,528,384,144,507,377,130,94,84,10,146,96,50,2,1,1,265,196,69,21,7,14,0,0,0,15,5,10,1,0,1,5,2,3,17,6,11,0,0,0,14,5,9,0,0,0,3,1,2,4,1,3,0,0,0,1,0,1,1,0,1,2,1,1,755,236,519
29,583,0170,625012,0000,000000,KARNATAKA,Bangalore Rural,VILLAGE,Lagumenahalli,Rural,185,819,420,399,95,54,41,142,71,71,21,14,7,463,277,186,356,143,213,452,239,213,445,236,209,307,156,151,44,9,35,0,0,0,94,71,23,7,3,4,0,0,0,3,0,3,0,0,0,4,3,1,7,3,4,0,0,0,3,0,3,0,0,0,4,3,1,0,0,0,0,0,0,0,0,0,0,0,0,0,0,0,367,181,186
29,583,0170,625013,0000,000000,KARNATAKA,Bangalore Rural,VILLAGE,Mugachinnenahalli,Rural,107,522,255,267,72,26,46,6,3,3,59,28,31,278,162,116,244,93,151,226,148,78,225,148,77,213,139,74,0,0,0,1,1,0,11,8,3,1,0,1,1,0,1,0,0,0,0,0,0,0,0,0,1,0,1,1,0,1,0,0,0,0,0,0,0,0,0,0,0,0,0,0,0,0,0,0,0,0,0,0,0,0,296,107,189
29,583,0170,625014,0000,000000,KARNATAKA,Bangalore Rural,VILLAGE,Myakalathimmanahalli,Rural,0,0,0,0,0,0,0,0,0,0,0,0,0,0,0,0,0,0,0,0,0,0,0,0,0,0,0,0,0,0,0,0,0,0,0,0,0,0,0,0,0,0,0,0,0,0,0,0,0,0,0,0,0,0,0,0,0,0,0,0,0,0,0,0,0,0,0,0,0,0,0,0,0,0,0,0,0,0,0,0,0,0,0,0,0
29,583,0170,625015,0000,000000,KARNATAKA,Bangalore Rural,VILLAGE,K.G.Lakkasandra,Rural,16,71,34,37,5,0,5,4,1,3,0,0,0,38,17,21,33,17,16,38,24,14,38,24,14,37,23,14,0,0,0,0,0,0,1,1,0,0,0,0,0,0,0,0,0,0,0,0,0,0,0,0,0,0,0,0,0,0,0,0,0,0,0,0,0,0,0,0,0,0,0,0,0,0,0,0,0,0,0,0,0,0,33,10,23
29,583,0170,625016,0000,000000,KARNATAKA,Bangalore Rural,VILLAGE,Kallukote,Rural,121,592,299,293,68,33,35,220,105,115,7,4,3,358,204,154,234,95,139,285,176,109,271,173,98,229,143,86,16,10,6,1,1,0,25,19,6,14,3,11,0,0,0,9,1,8,1,0,1,4,2,2,10,2,8,0,0,0,7,0,7,0,0,0,3,2,1,4,1,3,0,0,0,2,1,1,1,0,1,1,0,1,307,123,184
29,583,0170,625017,0000,000000,KARNATAKA,Bangalore Rural,VILLAGE,Mukkadigatta,Rural,70,309,157,152,34,21,13,2,2,0,141,67,74,173,99,74,136,58,78,164,95,69,163,95,68,128,73,55,7,3,4,0,0,0,28,19,9,1,0,1,0,0,0,1,0,1,0,0,0,0,0,0,1,0,1,0,0,0,1,0,1,0,0,0,0,0,0,0,0,0,0,0,0,0,0,0,0,0,0,0,0,0,145,62,83
29,583,0170,625018,0000,000000,KARNATAKA,Bangalore Rural,VILLAGE,Myakalahalli,Rural,0,0,0,0,0,0,0,0,0,0,0,0,0,0,0,0,0,0,0,0,0,0,0,0,0,0,0,0,0,0,0,0,0,0,0,0,0,0,0,0,0,0,0,0,0,0,0,0,0,0,0,0,0,0,0,0,0,0,0,0,0,0,0,0,0,0,0,0,0,0,0,0,0,0,0,0,0,0,0,0,0,0,0,0,0
29,583,0170,625019,0000,000000,KARNATAKA,Bangalore Rural,VILLAGE,Hiremuddenahalli,Rural,233,1161,596,565,119,69,50,567,290,277,11,6,5,659,365,294,502,231,271,431,349,82,428,347,81,348,283,65,17,16,1,0,0,0,63,48,15,3,2,1,1,0,1,2,2,0,0,0,0,0,0,0,3,2,1,1,0,1,2,2,0,0,0,0,0,0,0,0,0,0,0,0,0,0,0,0,0,0,0,0,0,0,730,247,483
29,583,0170,625020,0000,000000,KARNATAKA,Bangalore Rural,VILLAGE,Chikkamuddenahalli,Rural,119,564,278,286,62,26,36,199,101,98,139,66,73,323,177,146,241,101,140,185,156,29,182,155,27,117,115,2,43,30,13,6,2,4,16,8,8,3,1,2,0,0,0,2,0,2,1,1,0,0,0,0,3,1,2,0,0,0,2,0,2,1,1,0,0,0,0,0,0,0,0,0,0,0,0,0,0,0,0,0,0,0,379,122,257
29,583,0170,625021,0000,000000,KARNATAKA,Bangalore Rural,VILLAGE,Durgenahalli,Rural,172,766,380,386,75,37,38,422,220,202,13,6,7,454,266,188,312,114,198,375,235,140,363,230,133,104,71,33,141,64,77,41,32,9,77,63,14,12,5,7,0,0,0,3,0,3,6,3,3,3,2,1,12,5,7,0,0,0,3,0,3,6,3,3,3,2,1,0,0,0,0,0,0,0,0,0,0,0,0,0,0,0,391,145,246
29,583,0170,625022,0000,000000,KARNATAKA,Bangalore Rural,VILLAGE,Gedlapalya,Rural,114,477,244,233,70,34,36,467,240,227,0,0,0,253,145,108,224,99,125,263,148,115,254,146,108,85,51,34,49,22,27,0,0,0,120,73,47,9,2,7,4,0,4,3,1,2,0,0,0,2,1,1,9,2,7,4,0,4,3,1,2,0,0,0,2,1,1,0,0,0,0,0,0,0,0,0,0,0,0,0,0,0,214,96,118
29,583,0170,625023,0000,000000,KARNATAKA,Bangalore Rural,VILLAGE,Subraya Nagenahalli,Rural,289,1337,682,655,156,74,82,485,234,251,6,3,3,738,443,295,599,239,360,742,433,309,712,421,291,430,224,206,74,28,46,0,0,0,208,169,39,30,12,18,9,3,6,19,7,12,0,0,0,2,2,0,28,12,16,9,3,6,17,7,10,0,0,0,2,2,0,2,0,2,0,0,0,2,0,2,0,0,0,0,0,0,595,249,346
29,583,0170,625024,0000,000000,KARNATAKA,Bangalore Rural,VILLAGE,Kelaginanaikaradahalli,Rural,112,548,288,260,78,38,40,545,286,259,0,0,0,282,181,101,266,107,159,200,180,20,200,180,20,88,84,4,94,81,13,0,0,0,18,15,3,0,0,0,0,0,0,0,0,0,0,0,0,0,0,0,0,0,0,0,0,0,0,0,0,0,0,0,0,0,0,0,0,0,0,0,0,0,0,0,0,0,0,0,0,0,348,108,240
29,583,0170,625025,0000,000000,KARNATAKA,Bangalore Rural,VILLAGE,Melinanaikaradahalli,Rural,166,746,387,359,83,45,38,317,164,153,84,43,41,425,263,162,321,124,197,356,187,169,208,170,38,195,162,33,2,1,1,5,3,2,6,4,2,148,17,131,130,9,121,5,1,4,7,2,5,6,5,1,140,12,128,126,7,119,5,1,4,7,2,5,2,2,0,8,5,3,4,2,2,0,0,0,0,0,0,4,3,1,390,200,190
29,583,0170,625026,0000,000000,KARNATAKA,Bangalore Rural,VILLAGE,Chokkanahalli,Rural,3,8,5,3,2,1,1,0,0,0,0,0,0,2,2,0,6,3,3,5,3,2,3,3,0,3,3,0,0,0,0,0,0,0,0,0,0,2,0,2,2,0,2,0,0,0,0,0,0,0,0,0,2,0,2,2,0,2,0,0,0,0,0,0,0,0,0,0,0,0,0,0,0,0,0,0,0,0,0,0,0,0,3,2,1
29,583,0170,625027,0000,000000,KARNATAKA,Bangalore Rural,VILLAGE,Cheelenahalli,Rural,152,635,315,320,48,23,25,311,159,152,37,20,17,340,201,139,295,114,181,343,210,133,133,96,37,104,80,24,15,7,8,0,0,0,14,9,5,210,114,96,136,80,56,64,29,35,0,0,0,10,5,5,207,112,95,136,80,56,63,29,34,0,0,0,8,3,5,3,2,1,0,0,0,1,0,1,0,0,0,2,2,0,292,105,187
29,583,0170,625028,0000,000000,KARNATAKA,Bangalore Rural,VILLAGE,Kalludevanahalli,Rural,116,449,233,216,39,20,19,219,102,117,0,0,0,268,156,112,181,77,104,248,144,104,157,104,53,62,46,16,50,21,29,26,21,5,19,16,3,91,40,51,0,0,0,85,38,47,3,1,2,3,1,2,90,39,51,0,0,0,84,37,47,3,1,2,3,1,2,1,1,0,0,0,0,1,1,0,0,0,0,0,0,0,201,89,112
29,583,0170,625029,0000,000000,KARNATAKA,Bangalore Rural,VILLAGE,Somasettihalli,Rural,87,378,192,186,36,19,17,27,14,13,0,0,0,269,156,113,109,36,73,208,102,106,72,60,12,23,23,0,11,8,3,18,15,3,20,14,6,136,42,94,16,11,5,62,10,52,25,14,11,33,7,26,105,38,67,14,10,4,51,9,42,20,12,8,20,7,13,31,4,27,2,1,1,11,1,10,5,2,3,13,0,13,170,90,80
29,583,0170,625030,0000,000000,KARNATAKA,Bangalore Rural,VILLAGE,Srinivasapura,Rural,28,110,55,55,17,9,8,6,2,4,9,4,5,64,36,28,46,19,27,61,31,30,61,31,30,37,18,19,10,4,6,0,0,0,14,9,5,0,0,0,0,0,0,0,0,0,0,0,0,0,0,0,0,0,0,0,0,0,0,0,0,0,0,0,0,0,0,0,0,0,0,0,0,0,0,0,0,0,0,0,0,0,49,24,25
29,583,0170,625031,0000,000000,KARNATAKA,Bangalore Rural,VILLAGE,Siravara,Rural,128,586,297,289,62,30,32,153,74,79,0,0,0,353,204,149,233,93,140,390,199,191,134,115,19,34,32,2,63,52,11,4,4,0,33,27,6,256,84,172,2,1,1,244,75,169,4,3,1,6,5,1,248,83,165,2,1,1,236,74,162,4,3,1,6,5,1,8,1,7,0,0,0,8,1,7,0,0,0,0,0,0,196,98,98
29,583,0170,625032,0000,000000,KARNATAKA,Bangalore Rural,VILLAGE,Sevanagara,Rural,141,668,338,330,84,44,40,668,338,330,0,0,0,298,173,125,370,165,205,345,194,151,234,162,72,39,35,4,136,79,57,10,8,2,49,40,9,111,32,79,2,0,2,92,21,71,2,2,0,15,9,6,109,31,78,2,0,2,91,21,70,2,2,0,14,8,6,2,1,1,0,0,0,1,0,1,0,0,0,1,1,0,323,144,179
29,583,0170,625033,0000,000000,KARNATAKA,Bangalore Rural,VILLAGE,Majarahosahalli,Rural,41,198,95,103,21,11,10,0,0,0,19,10,9,106,55,51,92,40,52,82,57,25,73,50,23,51,36,15,12,7,5,0,0,0,10,7,3,9,7,2,4,3,1,4,3,1,0,0,0,1,1,0,8,6,2,4,3,1,3,2,1,0,0,0,1,1,0,1,1,0,0,0,0,1,1,0,0,0,0,0,0,0,116,38,78
29,583,0170,625034,0000,000000,KARNATAKA,Bangalore Rural,VILLAGE,Nellukunte,Rural,114,527,262,265,35,21,14,130,67,63,0,0,0,360,208,152,167,54,113,348,169,179,295,151,144,116,99,17,29,16,13,112,8,104,38,28,10,53,18,35,5,1,4,3,1,2,26,1,25,19,15,4,52,18,34,4,1,3,3,1,2,26,1,25,19,15,4,1,0,1,1,0,1,0,0,0,0,0,0,0,0,0,179,93,86
29,583,0170,625035,0000,000000,KARNATAKA,Bangalore Rural,VILLAGE,Karenahalli,Rural,51,221,113,108,18,11,7,44,22,22,47,27,20,136,83,53,85,30,55,128,66,62,21,16,5,7,6,1,1,1,0,4,3,1,9,6,3,107,50,57,18,14,4,48,23,25,15,6,9,26,7,19,69,43,26,16,12,4,35,21,14,7,4,3,11,6,5,38,7,31,2,2,0,13,2,11,8,2,6,15,1,14,93,47,46
29,583,0170,625036,0000,000000,KARNATAKA,Bangalore Rural,VILLAGE,Kamalur,Rural,106,425,210,215,36,15,21,63,28,35,0,0,0,280,157,123,145,53,92,258,147,111,158,115,43,100,71,29,19,12,7,0,0,0,39,32,7,100,32,68,8,1,7,86,26,60,1,0,1,5,5,0,96,32,64,8,1,7,82,26,56,1,0,1,5,5,0,4,0,4,0,0,0,4,0,4,0,0,0,0,0,0,167,63,104
29,583,0170,625037,0000,000000,KARNATAKA,Bangalore Rural,VILLAGE,Allalasandra,Rural,88,396,206,190,58,31,27,18,8,10,106,57,49,196,121,75,200,85,115,202,136,66,139,127,12,43,43,0,46,42,4,0,0,0,50,42,8,63,9,54,11,2,9,52,7,45,0,0,0,0,0,0,60,9,51,11,2,9,49,7,42,0,0,0,0,0,0,3,0,3,0,0,0,3,0,3,0,0,0,0,0,0,194,70,124
29,583,0170,625038,0000,000000,KARNATAKA,Bangalore Rural,VILLAGE,Antharahalli,Rural,174,782,387,395,69,29,40,239,122,117,12,5,7,498,294,204,284,93,191,503,267,236,499,266,233,283,142,141,155,76,79,1,0,1,60,48,12,4,1,3,0,0,0,0,0,0,0,0,0,4,1,3,2,1,1,0,0,0,0,0,0,0,0,0,2,1,1,2,0,2,0,0,0,0,0,0,0,0,0,2,0,2,279,120,159
29,583,0170,625039,0000,000000,KARNATAKA,Bangalore Rural,VILLAGE,Tapasihalli,Rural,168,743,396,347,73,40,33,109,62,47,35,19,16,501,304,197,242,92,150,289,255,34,280,246,34,115,112,3,42,23,19,4,2,2,119,109,10,9,9,0,3,3,0,2,2,0,0,0,0,4,4,0,8,8,0,3,3,0,2,2,0,0,0,0,3,3,0,1,1,0,0,0,0,0,0,0,0,0,0,1,1,0,454,141,313
29,583,0170,625040,0000,000000,KARNATAKA,Bangalore Rural,VILLAGE,Bachchahalli,Rural,114,518,263,255,46,21,25,136,70,66,0,0,0,285,154,131,233,109,124,254,138,116,181,128,53,104,86,18,59,26,33,1,1,0,17,15,2,73,10,63,1,0,1,69,7,62,0,0,0,3,3,0,72,10,62,1,0,1,68,7,61,0,0,0,3,3,0,1,0,1,0,0,0,1,0,1,0,0,0,0,0,0,264,125,139
29,583,0170,625041,0000,000000,KARNATAKA,Bangalore Rural,VILLAGE,Shivalinga Pura,Rural,135,609,308,301,70,34,36,589,299,290,0,0,0,383,230,153,226,78,148,343,177,166,119,104,15,16,16,0,58,51,7,1,0,1,44,37,7,224,73,151,10,2,8,198,61,137,0,0,0,16,10,6,223,73,150,9,2,7,198,61,137,0,0,0,16,10,6,1,0,1,1,0,1,0,0,0,0,0,0,0,0,0,266,131,135
29,583,0170,625042,0000,000000,KARNATAKA,Bangalore Rural,VILLAGE,Thirumagondanahalli,Rural,292,1365,693,672,144,79,65,469,241,228,17,7,10,816,463,353,549,230,319,850,442,408,755,428,327,496,273,223,121,38,83,3,2,1,135,115,20,95,14,81,2,0,2,82,7,75,6,4,2,5,3,2,95,14,81,2,0,2,82,7,75,6,4,2,5,3,2,0,0,0,0,0,0,0,0,0,0,0,0,0,0,0,515,251,264
29,583,0170,625043,0000,000000,KARNATAKA,Bangalore Rural,VILLAGE,Hadonahalli,Rural,361,1586,818,768,155,76,79,300,146,154,42,22,20,1132,656,476,454,162,292,858,541,317,808,534,274,157,137,20,234,25,209,3,3,0,414,369,45,50,7,43,10,1,9,34,1,33,3,3,0,3,2,1,50,7,43,10,1,9,34,1,33,3,3,0,3,2,1,0,0,0,0,0,0,0,0,0,0,0,0,0,0,0,728,277,451
29,583,0170,625044,0000,000000,KARNATAKA,Bangalore Rural,VILLAGE,Lakshmidevipura,Rural,236,1041,539,502,130,78,52,322,171,151,4,2,2,632,361,271,409,178,231,662,350,312,121,95,26,24,20,4,1,1,0,0,0,0,96,74,22,541,255,286,245,112,133,259,113,146,1,1,0,36,29,7,535,250,285,244,111,133,256,111,145,1,1,0,34,27,7,6,5,1,1,1,0,3,2,1,0,0,0,2,2,0,379,189,190
29,583,0170,625045,0000,000000,KARNATAKA,Bangalore Rural,VILLAGE,Karnala,Rural,328,1470,770,700,144,78,66,185,99,86,49,30,19,900,539,361,570,231,339,830,503,327,547,374,173,150,123,27,258,144,114,24,17,7,115,90,25,283,129,154,4,2,2,27,16,11,2,0,2,250,111,139,246,114,132,4,2,2,26,16,10,1,0,1,215,96,119,37,15,22,0,0,0,1,0,1,1,0,1,35,15,20,640,267,373
29,583,0170,625046,0000,000000,KARNATAKA,Bangalore Rural,VILLAGE,Naraganahalli,Rural,22,103,49,54,10,2,8,80,38,42,0,0,0,59,30,29,44,19,25,71,36,35,29,26,3,26,25,1,1,0,1,0,0,0,2,1,1,42,10,32,11,1,10,25,3,22,5,5,0,1,1,0,42,10,32,11,1,10,25,3,22,5,5,0,1,1,0,0,0,0,0,0,0,0,0,0,0,0,0,0,0,0,32,13,19
29,583,0170,625047,0000,000000,KARNATAKA,Bangalore Rural,VILLAGE,Tubagere,Rural,564,2485,1278,1207,259,136,123,514,277,237,53,27,26,1623,899,724,862,379,483,1255,791,464,871,701,170,289,254,35,175,93,82,2,2,0,405,352,53,384,90,294,26,5,21,317,63,254,2,2,0,39,20,19,354,85,269,23,5,18,293,60,233,2,2,0,36,18,18,30,5,25,3,0,3,24,3,21,0,0,0,3,2,1,1230,487,743
29,583,0170,625048,0000,000000,KARNATAKA,Bangalore Rural,VILLAGE,Sothenahalli,Rural,74,389,204,185,36,24,12,3,2,1,7,6,1,275,161,114,114,43,71,206,129,77,205,128,77,137,74,63,7,4,3,0,0,0,61,50,11,1,1,0,0,0,0,0,0,0,0,0,0,1,1,0,1,1,0,0,0,0,0,0,0,0,0,0,1,1,0,0,0,0,0,0,0,0,0,0,0,0,0,0,0,0,183,75,108
29,583,0170,625049,0000,000000,KARNATAKA,Bangalore Rural,VILLAGE,Yedlahalli,Rural,83,416,201,215,57,24,33,43,19,24,45,25,20,218,132,86,198,69,129,221,123,98,214,121,93,95,47,48,37,10,27,1,1,0,81,63,18,7,2,5,1,0,1,5,1,4,0,0,0,1,1,0,7,2,5,1,0,1,5,1,4,0,0,0,1,1,0,0,0,0,0,0,0,0,0,0,0,0,0,0,0,0,195,78,117
29,583,0170,625050,0000,000000,KARNATAKA,Bangalore Rural,VILLAGE,Kavalahalli,Rural,0,0,0,0,0,0,0,0,0,0,0,0,0,0,0,0,0,0,0,0,0,0,0,0,0,0,0,0,0,0,0,0,0,0,0,0,0,0,0,0,0,0,0,0,0,0,0,0,0,0,0,0,0,0,0,0,0,0,0,0,0,0,0,0,0,0,0,0,0,0,0,0,0,0,0,0,0,0,0,0,0,0,0,0,0
29,583,0170,625051,0000,000000,KARNATAKA,Bangalore Rural,VILLAGE,Bhumenahalli,Rural,122,528,272,256,63,34,29,25,10,15,31,18,13,309,181,128,219,91,128,318,169,149,174,155,19,159,149,10,1,0,1,0,0,0,14,6,8,144,14,130,7,1,6,113,7,106,2,0,2,22,6,16,13,5,8,0,0,0,3,1,2,2,0,2,8,4,4,131,9,122,7,1,6,110,6,104,0,0,0,14,2,12,210,103,107
29,583,0170,625052,0000,000000,KARNATAKA,Bangalore Rural,VILLAGE,Marahalli,Rural,114,479,246,233,38,17,21,115,54,61,0,0,0,356,205,151,123,41,82,331,166,165,320,159,161,285,133,152,2,1,1,6,4,2,27,21,6,11,7,4,1,1,0,8,5,3,0,0,0,2,1,1,6,3,3,0,0,0,4,2,2,0,0,0,2,1,1,5,4,1,1,1,0,4,3,1,0,0,0,0,0,0,148,80,68
29,583,0170,625053,0000,000000,KARNATAKA,Bangalore Rural,VILLAGE,Melekote,Rural,451,1832,892,940,171,80,91,271,124,147,160,80,80,1248,675,573,584,217,367,1043,567,476,685,415,270,307,179,128,149,66,83,10,9,1,219,161,58,358,152,206,65,34,31,270,106,164,3,2,1,20,10,10,320,134,186,59,31,28,248,94,154,2,2,0,11,7,4,38,18,20,6,3,3,22,12,10,1,0,1,9,3,6,789,325,464
29,583,0170,625054,0000,000000,KARNATAKA,Bangalore Rural,VILLAGE,Doddarayappanahalli,Rural,116,499,251,248,48,30,18,140,72,68,8,4,4,289,166,123,210,85,125,166,148,18,130,124,6,123,121,2,2,2,0,0,0,0,5,1,4,36,24,12,0,0,0,30,21,9,0,0,0,6,3,3,4,3,1,0,0,0,0,0,0,0,0,0,4,3,1,32,21,11,0,0,0,30,21,9,0,0,0,2,0,2,333,103,230
29,583,0170,625055,0000,000000,KARNATAKA,Bangalore Rural,VILLAGE,Chikkarayappanahalli,Rural,106,460,226,234,44,21,23,53,23,30,74,37,37,297,162,135,163,64,99,251,154,97,56,53,3,55,53,2,0,0,0,0,0,0,1,0,1,195,101,94,178,89,89,15,10,5,1,1,0,1,1,0,183,94,89,178,89,89,3,3,0,1,1,0,1,1,0,12,7,5,0,0,0,12,7,5,0,0,0,0,0,0,209,72,137
29,583,0170,625056,0000,000000,KARNATAKA,Bangalore Rural,VILLAGE,Channapura,Rural,99,396,185,211,27,10,17,38,19,19,32,14,18,278,155,123,118,30,88,264,128,136,13,10,3,7,5,2,4,3,1,0,0,0,2,2,0,251,118,133,234,112,122,15,4,11,2,2,0,0,0,0,251,118,133,234,112,122,15,4,11,2,2,0,0,0,0,0,0,0,0,0,0,0,0,0,0,0,0,0,0,0,132,57,75
29,583,0170,625057,0000,000000,KARNATAKA,Bangalore Rural,VILLAGE,Heggadihalli,Rural,265,1222,598,624,130,67,63,238,115,123,28,15,13,832,450,382,390,148,242,579,349,230,358,270,88,178,171,7,59,22,37,6,3,3,115,74,41,221,79,142,3,3,0,11,3,8,14,0,14,193,73,120,201,71,130,3,3,0,11,3,8,13,0,13,174,65,109,20,8,12,0,0,0,0,0,0,1,0,1,19,8,11,643,249,394
29,583,0170,625058,0000,000000,KARNATAKA,Bangalore Rural,VILLAGE,Acharlahalli,Rural,89,430,225,205,47,26,21,56,28,28,89,49,40,331,180,151,99,45,54,264,139,125,243,129,114,34,32,2,44,20,24,12,0,12,153,77,76,21,10,11,2,2,0,4,4,0,2,0,2,13,4,9,20,10,10,2,2,0,4,4,0,2,0,2,12,4,8,1,0,1,0,0,0,0,0,0,0,0,0,1,0,1,166,86,80
29,583,0170,625059,0000,000000,KARNATAKA,Bangalore Rural,VILLAGE,Tapasipura,Rural,9,41,23,18,5,3,2,0,0,0,18,8,10,27,16,11,14,7,7,26,15,11,23,13,10,5,5,0,9,4,5,0,0,0,9,4,5,3,2,1,1,1,0,2,1,1,0,0,0,0,0,0,3,2,1,1,1,0,2,1,1,0,0,0,0,0,0,0,0,0,0,0,0,0,0,0,0,0,0,0,0,0,15,8,7
29,583,0170,625060,0000,000000,KARNATAKA,Bangalore Rural,VILLAGE,Machagondahalli,Rural,229,915,465,450,92,51,41,82,42,40,84,42,42,644,358,286,271,107,164,386,274,112,366,267,99,146,136,10,132,65,67,6,6,0,82,60,22,20,7,13,1,0,1,5,2,3,0,0,0,14,5,9,19,6,13,1,0,1,4,1,3,0,0,0,14,5,9,1,1,0,0,0,0,1,1,0,0,0,0,0,0,0,529,191,338
29,583,0170,625061,0000,000000,KARNATAKA,Bangalore Rural,VILLAGE,Chowgondanahalli,Rural,264,1072,529,543,109,55,54,185,95,90,108,54,54,818,439,379,254,90,164,661,350,311,366,223,143,190,136,54,115,54,61,5,3,2,56,30,26,295,127,168,31,17,14,168,50,118,9,6,3,87,54,33,290,123,167,31,17,14,167,50,117,9,6,3,83,50,33,5,4,1,0,0,0,1,0,1,0,0,0,4,4,0,411,179,232
29,583,0170,625062,0000,000000,KARNATAKA,Bangalore Rural,VILLAGE,Gantiganahalli,Rural,315,1332,710,622,107,68,39,396,201,195,17,8,9,959,550,409,373,160,213,879,486,393,790,459,331,360,243,117,250,71,179,3,1,2,177,144,33,89,27,62,14,1,13,32,6,26,2,1,1,41,19,22,86,26,60,14,1,13,31,6,25,2,1,1,39,18,21,3,1,2,0,0,0,1,0,1,0,0,0,2,1,1,453,224,229
29,583,0170,625063,0000,000000,KARNATAKA,Bangalore Rural,VILLAGE,Kuruvigere,Rural,98,455,226,229,52,27,25,161,73,88,0,0,0,282,163,119,173,63,110,165,137,28,164,136,28,76,71,5,45,33,12,2,1,1,41,31,10,1,1,0,0,0,0,0,0,0,0,0,0,1,1,0,1,1,0,0,0,0,0,0,0,0,0,0,1,1,0,0,0,0,0,0,0,0,0,0,0,0,0,0,0,0,290,89,201
29,583,0170,625064,0000,000000,KARNATAKA,Bangalore Rural,VILLAGE,Dinnenahalli,Rural,0,0,0,0,0,0,0,0,0,0,0,0,0,0,0,0,0,0,0,0,0,0,0,0,0,0,0,0,0,0,0,0,0,0,0,0,0,0,0,0,0,0,0,0,0,0,0,0,0,0,0,0,0,0,0,0,0,0,0,0,0,0,0,0,0,0,0,0,0,0,0,0,0,0,0,0,0,0,0,0,0,0,0,0,0
29,583,0170,625065,0000,000000,KARNATAKA,Bangalore Rural,VILLAGE,Masthimmanahalli,Rural,9,36,19,17,6,4,2,2,1,1,3,1,2,15,8,7,21,11,10,13,13,0,11,11,0,3,3,0,6,6,0,1,1,0,1,1,0,2,2,0,0,0,0,1,1,0,1,1,0,0,0,0,2,2,0,0,0,0,1,1,0,1,1,0,0,0,0,0,0,0,0,0,0,0,0,0,0,0,0,0,0,0,23,6,17
29,583,0170,625066,0000,000000,KARNATAKA,Bangalore Rural,VILLAGE,Kachahalli,Rural,56,250,137,113,25,14,11,0,0,0,0,0,0,165,101,64,85,36,49,156,77,79,82,74,8,73,69,4,3,2,1,0,0,0,6,3,3,74,3,71,4,1,3,70,2,68,0,0,0,0,0,0,1,0,1,0,0,0,1,0,1,0,0,0,0,0,0,73,3,70,4,1,3,69,2,67,0,0,0,0,0,0,94,60,34
29,583,0170,625067,0000,000000,KARNATAKA,Bangalore Rural,VILLAGE,Muttugadahalli,Rural,0,0,0,0,0,0,0,0,0,0,0,0,0,0,0,0,0,0,0,0,0,0,0,0,0,0,0,0,0,0,0,0,0,0,0,0,0,0,0,0,0,0,0,0,0,0,0,0,0,0,0,0,0,0,0,0,0,0,0,0,0,0,0,0,0,0,0,0,0,0,0,0,0,0,0,0,0,0,0,0,0,0,0,0,0
29,583,0170,625068,0000,000000,KARNATAKA,Bangalore Rural,VILLAGE,Hireanaguddadahalli,Rural,51,215,117,98,29,13,16,0,0,0,210,115,95,102,69,33,113,48,65,71,67,4,71,67,4,61,58,3,2,2,0,0,0,0,8,7,1,0,0,0,0,0,0,0,0,0,0,0,0,0,0,0,0,0,0,0,0,0,0,0,0,0,0,0,0,0,0,0,0,0,0,0,0,0,0,0,0,0,0,0,0,0,144,50,94
29,583,0170,625069,0000,000000,KARNATAKA,Bangalore Rural,VILLAGE,Kanchiganala,Rural,329,1454,744,710,156,88,68,537,257,280,46,23,23,866,493,373,588,251,337,825,461,364,657,390,267,57,41,16,387,194,193,20,16,4,193,139,54,168,71,97,14,8,6,115,41,74,3,0,3,36,22,14,153,68,85,14,8,6,103,38,65,3,0,3,33,22,11,15,3,12,0,0,0,12,3,9,0,0,0,3,0,3,629,283,346
29,583,0170,625070,0000,000000,KARNATAKA,Bangalore Rural,VILLAGE,Beedikere,Rural,305,1386,704,682,134,64,70,319,170,149,106,48,58,1037,565,472,349,139,210,633,442,191,473,371,102,212,195,17,113,72,41,13,8,5,135,96,39,160,71,89,29,19,10,36,22,14,7,2,5,88,28,60,148,62,86,29,19,10,31,17,14,7,2,5,81,24,57,12,9,3,0,0,0,5,5,0,0,0,0,7,4,3,753,262,491
29,583,0170,625071,0000,000000,KARNATAKA,Bangalore Rural,VILLAGE,Beedikere Agrahara,Rural,13,47,21,26,5,1,4,34,13,21,2,1,1,31,18,13,16,3,13,21,13,8,9,7,2,0,0,0,2,1,1,0,0,0,7,6,1,12,6,6,0,0,0,0,0,0,1,0,1,11,6,5,9,6,3,0,0,0,0,0,0,0,0,0,9,6,3,3,0,3,0,0,0,0,0,0,1,0,1,2,0,2,26,8,18
29,583,0170,625072,0000,000000,KARNATAKA,Bangalore Rural,VILLAGE,Kurubarahalli,Rural,34,155,80,75,12,7,5,0,0,0,140,73,67,82,46,36,73,34,39,72,47,25,29,27,2,1,1,0,1,1,0,3,2,1,24,23,1,43,20,23,0,0,0,7,4,3,1,0,1,35,16,19,26,19,7,0,0,0,5,3,2,0,0,0,21,16,5,17,1,16,0,0,0,2,1,1,1,0,1,14,0,14,83,33,50
29,583,0170,625073,0000,000000,KARNATAKA,Bangalore Rural,VILLAGE,Dandu Dasakodigehalli,Rural,140,598,293,305,55,35,20,51,26,25,238,111,127,400,218,182,198,75,123,269,165,104,85,69,16,15,13,2,0,0,0,10,6,4,60,50,10,184,96,88,0,0,0,20,11,9,43,24,19,121,61,60,75,59,16,0,0,0,16,9,7,19,16,3,40,34,6,109,37,72,0,0,0,4,2,2,24,8,16,81,27,54,329,128,201
29,583,0170,625074,0000,000000,KARNATAKA,Bangalore Rural,VILLAGE,Udanahalli,Rural,49,212,116,96,26,13,13,86,43,43,15,7,8,174,101,73,38,15,23,113,79,34,80,70,10,64,60,4,1,0,1,1,0,1,14,10,4,33,9,24,2,1,1,28,5,23,1,1,0,2,2,0,31,8,23,0,0,0,28,5,23,1,1,0,2,2,0,2,1,1,2,1,1,0,0,0,0,0,0,0,0,0,99,37,62
29,583,0170,625075,0000,000000,KARNATAKA,Bangalore Rural,VILLAGE,Gulyanandigunda ,Rural,248,1106,547,559,116,51,65,507,248,259,3,1,2,721,400,321,385,147,238,653,337,316,450,321,129,189,181,8,85,58,27,34,6,28,142,76,66,203,16,187,141,8,133,23,3,20,21,1,20,18,4,14,182,15,167,127,7,120,20,3,17,18,1,17,17,4,13,21,1,20,14,1,13,3,0,3,3,0,3,1,0,1,453,210,243
29,583,0170,625076,0000,000000,KARNATAKA,Bangalore Rural,VILLAGE,Sonnamaranahalli,Rural,116,559,284,275,47,23,24,117,59,58,23,13,10,399,223,176,160,61,99,294,180,114,201,142,59,132,105,27,11,4,7,0,0,0,58,33,25,93,38,55,1,0,1,57,26,31,4,1,3,31,11,20,87,36,51,0,0,0,55,26,29,4,1,3,28,9,19,6,2,4,1,0,1,2,0,2,0,0,0,3,2,1,265,104,161
29,583,0170,625077,0000,000000,KARNATAKA,Bangalore Rural,VILLAGE,Maralenahalli,Rural,220,919,468,451,82,45,37,226,112,114,3,2,1,655,373,282,264,95,169,533,303,230,523,303,220,233,126,107,92,29,63,6,6,0,192,142,50,10,0,10,1,0,1,6,0,6,0,0,0,3,0,3,9,0,9,1,0,1,5,0,5,0,0,0,3,0,3,1,0,1,0,0,0,1,0,1,0,0,0,0,0,0,386,165,221
29,583,0170,625078,0000,000000,KARNATAKA,Bangalore Rural,VILLAGE,Honnaghatta,Rural,149,648,336,312,80,36,44,215,112,103,0,0,0,448,261,187,200,75,125,363,219,144,360,218,142,196,122,74,120,63,57,1,1,0,43,32,11,3,1,2,2,0,2,0,0,0,0,0,0,1,1,0,3,1,2,2,0,2,0,0,0,0,0,0,1,1,0,0,0,0,0,0,0,0,0,0,0,0,0,0,0,0,285,117,168
29,583,0170,625079,0000,000000,KARNATAKA,Bangalore Rural,VILLAGE,Kolur Plantation,Rural,0,0,0,0,0,0,0,0,0,0,0,0,0,0,0,0,0,0,0,0,0,0,0,0,0,0,0,0,0,0,0,0,0,0,0,0,0,0,0,0,0,0,0,0,0,0,0,0,0,0,0,0,0,0,0,0,0,0,0,0,0,0,0,0,0,0,0,0,0,0,0,0,0,0,0,0,0,0,0,0,0,0,0,0,0
29,583,0170,625080,0000,000000,KARNATAKA,Bangalore Rural,VILLAGE,Kolur,Rural,241,991,517,474,88,49,39,338,172,166,39,24,15,689,389,300,302,128,174,619,339,280,168,113,55,64,47,17,38,27,11,19,10,9,47,29,18,451,226,225,275,131,144,70,33,37,23,10,13,83,52,31,439,219,220,274,131,143,67,31,36,15,5,10,83,52,31,12,7,5,1,0,1,3,2,1,8,5,3,0,0,0,372,178,194
29,583,0170,625081,0000,000000,KARNATAKA,Bangalore Rural,VILLAGE,Kantanakunte,Rural,410,1636,830,806,191,93,98,249,128,121,32,14,18,1146,629,517,490,201,289,738,487,251,556,419,137,112,91,21,31,25,6,27,9,18,386,294,92,182,68,114,0,0,0,88,29,59,51,18,33,43,21,22,181,67,114,0,0,0,87,28,59,51,18,33,43,21,22,1,1,0,0,0,0,1,1,0,0,0,0,0,0,0,898,343,555
29,583,0170,625082,0000,000000,KARNATAKA,Bangalore Rural,VILLAGE,Vaddarahalli,Rural,300,1295,654,641,136,80,56,467,226,241,0,0,0,848,474,374,447,180,267,778,427,351,503,373,130,232,211,21,116,37,79,36,27,9,119,98,21,275,54,221,51,4,47,179,40,139,25,2,23,20,8,12,268,52,216,51,4,47,178,39,139,22,2,20,17,7,10,7,2,5,0,0,0,1,1,0,3,0,3,3,1,2,517,227,290
29,583,0170,625083,0000,000000,KARNATAKA,Bangalore Rural,VILLAGE,Medihalli,Rural,65,315,156,159,52,24,28,279,134,145,6,3,3,211,123,88,104,33,71,155,106,49,116,95,21,20,17,3,2,2,0,6,5,1,88,71,17,39,11,28,0,0,0,9,2,7,19,3,16,11,6,5,39,11,28,0,0,0,9,2,7,19,3,16,11,6,5,0,0,0,0,0,0,0,0,0,0,0,0,0,0,0,160,50,110
29,583,0170,625084,0000,000000,KARNATAKA,Bangalore Rural,VILLAGE,Thogarighatta,Rural,214,945,491,454,107,65,42,231,115,116,0,0,0,518,315,203,427,176,251,514,334,180,512,333,179,157,113,44,238,127,111,0,0,0,117,93,24,2,1,1,0,0,0,2,1,1,0,0,0,0,0,0,2,1,1,0,0,0,2,1,1,0,0,0,0,0,0,0,0,0,0,0,0,0,0,0,0,0,0,0,0,0,431,157,274
29,583,0170,625085,0000,000000,KARNATAKA,Bangalore Rural,VILLAGE,Thimmasandra,Rural,294,1231,615,616,138,73,65,409,201,208,13,7,6,804,435,369,427,180,247,592,377,215,385,291,94,123,119,4,117,54,63,13,9,4,132,109,23,207,86,121,3,1,2,186,75,111,0,0,0,18,10,8,201,83,118,3,1,2,184,75,109,0,0,0,14,7,7,6,3,3,0,0,0,2,0,2,0,0,0,4,3,1,639,238,401
29,583,0170,625086,0000,000000,KARNATAKA,Bangalore Rural,VILLAGE,Rajaghatta Amanikere,Rural,0,0,0,0,0,0,0,0,0,0,0,0,0,0,0,0,0,0,0,0,0,0,0,0,0,0,0,0,0,0,0,0,0,0,0,0,0,0,0,0,0,0,0,0,0,0,0,0,0,0,0,0,0,0,0,0,0,0,0,0,0,0,0,0,0,0,0,0,0,0,0,0,0,0,0,0,0,0,0,0,0,0,0,0,0
29,583,0170,625087,0000,000000,KARNATAKA,Bangalore Rural,VILLAGE,Rajaghatta,Rural,581,2562,1289,1273,288,153,135,694,341,353,203,99,104,1766,978,788,796,311,485,1293,806,487,1229,792,437,425,293,132,374,186,188,3,2,1,427,311,116,64,14,50,21,4,17,31,6,25,0,0,0,12,4,8,64,14,50,21,4,17,31,6,25,0,0,0,12,4,8,0,0,0,0,0,0,0,0,0,0,0,0,0,0,0,1269,483,786
29,583,0170,625088,0000,000000,KARNATAKA,Bangalore Rural,VILLAGE,Linganahalli,Rural,365,1662,830,832,184,104,80,440,226,214,455,231,224,1150,608,542,512,222,290,970,519,451,425,326,99,78,69,9,143,99,44,2,2,0,202,156,46,545,193,352,227,115,112,300,71,229,4,2,2,14,5,9,498,186,312,225,115,110,256,64,192,4,2,2,13,5,8,47,7,40,2,0,2,44,7,37,0,0,0,1,0,1,692,311,381
29,583,0170,625089,0000,000000,KARNATAKA,Bangalore Rural,VILLAGE,Dasagondanahalli,Rural,158,678,342,336,62,32,30,186,92,94,124,54,70,419,243,176,259,99,160,473,252,221,461,251,210,193,109,84,179,73,106,0,0,0,89,69,20,12,1,11,1,0,1,0,0,0,0,0,0,11,1,10,11,1,10,0,0,0,0,0,0,0,0,0,11,1,10,1,0,1,1,0,1,0,0,0,0,0,0,0,0,0,205,90,115
29,583,0170,625090,0000,000000,KARNATAKA,Bangalore Rural,VILLAGE,Konaghatta,Rural,814,3663,1872,1791,341,186,155,711,366,345,76,40,36,2476,1385,1091,1187,487,700,1894,1170,724,1281,982,299,770,725,45,252,54,198,10,6,4,249,197,52,613,188,425,207,26,181,280,76,204,41,16,25,85,70,15,573,168,405,203,25,178,251,62,189,38,14,24,81,67,14,40,20,20,4,1,3,29,14,15,3,2,1,4,3,1,1769,702,1067
29,583,0170,625091,0000,000000,KARNATAKA,Bangalore Rural,VILLAGE,Nagadenahalli,Rural,156,681,358,323,56,27,29,250,129,121,0,0,0,465,278,187,216,80,136,429,233,196,411,224,187,339,180,159,11,10,1,35,18,17,26,16,10,18,9,9,11,6,5,0,0,0,0,0,0,7,3,4,18,9,9,11,6,5,0,0,0,0,0,0,7,3,4,0,0,0,0,0,0,0,0,0,0,0,0,0,0,0,252,125,127
29,583,0170,625092,0000,000000,KARNATAKA,Bangalore Rural,VILLAGE,Adinarayana Hosahalli,Rural,137,659,332,327,65,28,37,121,53,68,182,97,85,442,242,200,217,90,127,377,219,158,300,180,120,197,114,83,58,44,14,32,12,20,13,10,3,77,39,38,19,4,15,15,11,4,27,15,12,16,9,7,74,36,38,19,4,15,14,10,4,27,15,12,14,7,7,3,3,0,0,0,0,1,1,0,0,0,0,2,2,0,282,113,169
29,583,0170,625093,0000,000000,KARNATAKA,Bangalore Rural,VILLAGE,Ragunathapura,Rural,198,776,396,380,88,44,44,145,73,72,3,2,1,544,315,229,232,81,151,323,232,91,320,229,91,11,11,0,1,1,0,0,0,0,308,217,91,3,3,0,0,0,0,0,0,0,0,0,0,3,3,0,3,3,0,0,0,0,0,0,0,0,0,0,3,3,0,0,0,0,0,0,0,0,0,0,0,0,0,0,0,0,453,164,289
29,583,0170,625094,0000,000000,KARNATAKA,Bangalore Rural,VILLAGE,Thammasettihalli,Rural,0,0,0,0,0,0,0,0,0,0,0,0,0,0,0,0,0,0,0,0,0,0,0,0,0,0,0,0,0,0,0,0,0,0,0,0,0,0,0,0,0,0,0,0,0,0,0,0,0,0,0,0,0,0,0,0,0,0,0,0,0,0,0,0,0,0,0,0,0,0,0,0,0,0,0,0,0,0,0,0,0,0,0,0,0
29,583,0170,625095,0000,000000,KARNATAKA,Bangalore Rural,VILLAGE,K.G.Govindapura,Rural,0,0,0,0,0,0,0,0,0,0,0,0,0,0,0,0,0,0,0,0,0,0,0,0,0,0,0,0,0,0,0,0,0,0,0,0,0,0,0,0,0,0,0,0,0,0,0,0,0,0,0,0,0,0,0,0,0,0,0,0,0,0,0,0,0,0,0,0,0,0,0,0,0,0,0,0,0,0,0,0,0,0,0,0,0
29,583,0170,625096,0000,000000,KARNATAKA,Bangalore Rural,VILLAGE,Sonnappanahalli,Rural,175,747,375,372,102,57,45,452,221,231,0,0,0,410,232,178,337,143,194,421,227,194,419,226,193,115,113,2,224,35,189,1,1,0,79,77,2,2,1,1,0,0,0,2,1,1,0,0,0,0,0,0,2,1,1,0,0,0,2,1,1,0,0,0,0,0,0,0,0,0,0,0,0,0,0,0,0,0,0,0,0,0,326,148,178
29,583,0170,625097,0000,000000,KARNATAKA,Bangalore Rural,VILLAGE,Shivapura,Rural,604,2554,1291,1263,289,149,140,441,217,224,16,9,7,1742,964,778,812,327,485,1313,792,521,1222,773,449,164,153,11,427,180,247,23,20,3,608,420,188,91,19,72,9,3,6,71,9,62,1,0,1,10,7,3,83,14,69,8,3,5,70,8,62,1,0,1,4,3,1,8,5,3,1,0,1,1,1,0,0,0,0,6,4,2,1241,499,742
29,583,0170,625098,0000,000000,KARNATAKA,Bangalore Rural,VILLAGE,Shivapura Amanikere ,Rural,0,0,0,0,0,0,0,0,0,0,0,0,0,0,0,0,0,0,0,0,0,0,0,0,0,0,0,0,0,0,0,0,0,0,0,0,0,0,0,0,0,0,0,0,0,0,0,0,0,0,0,0,0,0,0,0,0,0,0,0,0,0,0,0,0,0,0,0,0,0,0,0,0,0,0,0,0,0,0,0,0,0,0,0,0
29,583,0170,625099,0000,000000,KARNATAKA,Bangalore Rural,VILLAGE,Pindakuru Thimmanahalli,Rural,184,747,366,381,85,41,44,241,115,126,205,109,96,517,280,237,230,86,144,498,243,255,293,210,83,6,5,1,62,6,56,122,112,10,103,87,16,205,33,172,2,2,0,10,1,9,125,21,104,68,9,59,194,32,162,2,2,0,6,0,6,124,21,103,62,9,53,11,1,10,0,0,0,4,1,3,1,0,1,6,0,6,249,123,126
29,583,0170,625100,0000,000000,KARNATAKA,Bangalore Rural,VILLAGE,Muthasandra,Rural,60,238,126,112,14,5,9,76,38,38,26,15,11,132,79,53,106,47,59,130,81,49,130,81,49,9,8,1,47,20,27,0,0,0,74,53,21,0,0,0,0,0,0,0,0,0,0,0,0,0,0,0,0,0,0,0,0,0,0,0,0,0,0,0,0,0,0,0,0,0,0,0,0,0,0,0,0,0,0,0,0,0,108,45,63
29,583,0170,625101,0000,000000,KARNATAKA,Bangalore Rural,VILLAGE,Mallathahalli,Rural,339,1364,683,681,155,76,79,541,250,291,15,8,7,835,476,359,529,207,322,770,438,332,434,345,89,32,27,5,133,106,27,90,74,16,179,138,41,336,93,243,0,0,0,107,22,85,171,34,137,58,37,21,317,79,238,0,0,0,98,13,85,166,31,135,53,35,18,19,14,5,0,0,0,9,9,0,5,3,2,5,2,3,594,245,349
29,583,0170,625102,0000,000000,KARNATAKA,Bangalore Rural,VILLAGE,Palanjogihalli,Rural,1370,5783,2944,2839,830,433,397,705,361,344,88,48,40,4182,2215,1967,1601,729,872,2182,1729,453,1998,1617,381,90,79,11,26,15,11,45,27,18,1837,1496,341,184,112,72,7,1,6,6,5,1,30,10,20,141,96,45,141,89,52,7,1,6,5,4,1,22,10,12,107,74,33,43,23,20,0,0,0,1,1,0,8,0,8,34,22,12,3601,1215,2386
29,583,0170,625103,0000,000000,KARNATAKA,Bangalore Rural,VILLAGE,Gangadharapura,Rural,0,0,0,0,0,0,0,0,0,0,0,0,0,0,0,0,0,0,0,0,0,0,0,0,0,0,0,0,0,0,0,0,0,0,0,0,0,0,0,0,0,0,0,0,0,0,0,0,0,0,0,0,0,0,0,0,0,0,0,0,0,0,0,0,0,0,0,0,0,0,0,0,0,0,0,0,0,0,0,0,0,0,0,0,0
29,583,0170,625104,0000,000000,KARNATAKA,Bangalore Rural,VILLAGE,Amani Palankere,Rural,0,0,0,0,0,0,0,0,0,0,0,0,0,0,0,0,0,0,0,0,0,0,0,0,0,0,0,0,0,0,0,0,0,0,0,0,0,0,0,0,0,0,0,0,0,0,0,0,0,0,0,0,0,0,0,0,0,0,0,0,0,0,0,0,0,0,0,0,0,0,0,0,0,0,0,0,0,0,0,0,0,0,0,0,0
29,583,0170,625105,0000,000000,KARNATAKA,Bangalore Rural,VILLAGE,Hasanghatta,Rural,105,463,243,220,46,24,22,186,93,93,3,1,2,343,191,152,120,52,68,190,144,46,169,140,29,42,41,1,55,34,21,2,2,0,70,63,7,21,4,17,0,0,0,16,4,12,0,0,0,5,0,5,18,3,15,0,0,0,13,3,10,0,0,0,5,0,5,3,1,2,0,0,0,3,1,2,0,0,0,0,0,0,273,99,174
29,583,0170,625106,0000,000000,KARNATAKA,Bangalore Rural,VILLAGE,Madagondahalli,Rural,173,756,387,369,74,33,41,186,89,97,0,0,0,508,315,193,248,72,176,490,246,244,149,115,34,29,28,1,11,9,2,2,2,0,107,76,31,341,131,210,24,24,0,257,66,191,43,28,15,17,13,4,305,109,196,24,24,0,248,62,186,21,13,8,12,10,2,36,22,14,0,0,0,9,4,5,22,15,7,5,3,2,266,141,125
29,583,0170,625107,0000,000000,KARNATAKA,Bangalore Rural,VILLAGE,Talagavara,Rural,254,1097,540,557,87,45,42,540,270,270,25,14,11,768,426,342,329,114,215,591,380,211,532,343,189,127,92,35,182,90,92,37,29,8,186,132,54,59,37,22,12,10,2,34,19,15,0,0,0,13,8,5,56,36,20,12,10,2,33,19,14,0,0,0,11,7,4,3,1,2,0,0,0,1,0,1,0,0,0,2,1,1,506,160,346
29,583,0170,625108,0000,000000,KARNATAKA,Bangalore Rural,VILLAGE,Galipuje,Rural,54,241,123,118,24,15,9,156,77,79,0,0,0,154,86,68,87,37,50,110,88,22,26,24,2,5,5,0,0,0,0,0,0,0,21,19,2,84,64,20,9,8,1,68,53,15,2,1,1,5,2,3,84,64,20,9,8,1,68,53,15,2,1,1,5,2,3,0,0,0,0,0,0,0,0,0,0,0,0,0,0,0,131,35,96
29,583,0170,625109,0000,000000,KARNATAKA,Bangalore Rural,VILLAGE,Neralaghatta,Rural,243,1081,543,538,107,58,49,363,181,182,10,5,5,750,414,336,331,129,202,539,371,168,537,370,167,235,180,55,117,55,62,5,4,1,180,131,49,2,1,1,0,0,0,1,1,0,0,0,0,1,0,1,1,0,1,0,0,0,0,0,0,0,0,0,1,0,1,1,1,0,0,0,0,1,1,0,0,0,0,0,0,0,542,172,370
29,583,0170,625110,0000,000000,KARNATAKA,Bangalore Rural,VILLAGE,Mandibyadarahalli,Rural,162,687,336,351,47,21,26,140,59,81,0,0,0,502,267,235,185,69,116,462,239,223,428,230,198,188,93,95,100,40,60,1,0,1,139,97,42,34,9,25,21,2,19,4,0,4,0,0,0,9,7,2,27,8,19,16,1,15,2,0,2,0,0,0,9,7,2,7,1,6,5,1,4,2,0,2,0,0,0,0,0,0,225,97,128
29,583,0170,625111,0000,000000,KARNATAKA,Bangalore Rural,VILLAGE,Kesthur,Rural,257,1028,518,510,83,35,48,413,198,215,7,3,4,702,392,310,326,126,200,604,346,258,571,325,246,79,70,9,172,64,108,83,22,61,237,169,68,33,21,12,2,1,1,6,1,5,4,1,3,21,18,3,33,21,12,2,1,1,6,1,5,4,1,3,21,18,3,0,0,0,0,0,0,0,0,0,0,0,0,0,0,0,424,172,252
29,583,0170,625112,0000,000000,KARNATAKA,Bangalore Rural,VILLAGE,Kodigehalli,Rural,396,1699,899,800,159,82,77,583,304,279,12,9,3,1233,716,517,466,183,283,798,518,280,761,497,264,122,107,15,148,80,68,21,14,7,470,296,174,37,21,16,1,1,0,10,4,6,2,2,0,24,14,10,35,21,14,1,1,0,9,4,5,2,2,0,23,14,9,2,0,2,0,0,0,1,0,1,0,0,0,1,0,1,901,381,520
29,583,0170,625113,0000,000000,KARNATAKA,Bangalore Rural,VILLAGE,Kurubarahalli,Rural,538,2397,1146,1251,242,129,113,562,263,299,24,9,15,1822,909,913,575,237,338,950,694,256,867,665,202,69,59,10,86,45,41,103,96,7,609,465,144,83,29,54,10,7,3,39,4,35,5,3,2,29,15,14,75,25,50,9,6,3,38,3,35,4,3,1,24,13,11,8,4,4,1,1,0,1,1,0,1,0,1,5,2,3,1447,452,995
29,583,0170,625114,0000,000000,KARNATAKA,Bangalore Rural,VILLAGE,Srinivasapura,Rural,0,0,0,0,0,0,0,0,0,0,0,0,0,0,0,0,0,0,0,0,0,0,0,0,0,0,0,0,0,0,0,0,0,0,0,0,0,0,0,0,0,0,0,0,0,0,0,0,0,0,0,0,0,0,0,0,0,0,0,0,0,0,0,0,0,0,0,0,0,0,0,0,0,0,0,0,0,0,0,0,0,0,0,0,0
29,583,0170,625115,0000,000000,KARNATAKA,Bangalore Rural,VILLAGE,Kakkehalli,Rural,25,119,56,63,12,6,6,109,51,58,0,0,0,75,39,36,44,17,27,70,36,34,69,36,33,8,6,2,40,19,21,0,0,0,21,11,10,1,0,1,0,0,0,1,0,1,0,0,0,0,0,0,1,0,1,0,0,0,1,0,1,0,0,0,0,0,0,0,0,0,0,0,0,0,0,0,0,0,0,0,0,0,49,20,29
29,583,0170,625116,0000,000000,KARNATAKA,Bangalore Rural,VILLAGE,Nagasandra,Rural,193,759,387,372,77,42,35,174,87,87,0,0,0,483,274,209,276,113,163,345,246,99,313,230,83,125,114,11,80,46,34,17,13,4,91,57,34,32,16,16,15,9,6,9,2,7,2,0,2,6,5,1,32,16,16,15,9,6,9,2,7,2,0,2,6,5,1,0,0,0,0,0,0,0,0,0,0,0,0,0,0,0,414,141,273
29,583,0170,625117,0000,000000,KARNATAKA,Bangalore Rural,VILLAGE,Karenahalli,Rural,447,1906,1013,893,206,103,103,94,56,38,87,45,42,1245,725,520,661,288,373,909,583,326,623,381,242,41,26,15,31,21,10,198,132,66,353,202,151,286,202,84,4,2,2,39,26,13,198,158,40,45,16,29,47,31,16,2,1,1,12,10,2,18,12,6,15,8,7,239,171,68,2,1,1,27,16,11,180,146,34,30,8,22,997,430,567
29,583,0170,625118,0000,000000,KARNATAKA,Bangalore Rural,VILLAGE,Alahalli ,Rural,295,1172,595,577,122,65,57,84,39,45,10,7,3,770,420,350,402,175,227,650,381,269,620,371,249,164,86,78,104,40,64,73,68,5,279,177,102,30,10,20,7,2,5,16,5,11,1,1,0,6,2,4,17,4,13,5,1,4,8,2,6,1,1,0,3,0,3,13,6,7,2,1,1,8,3,5,0,0,0,3,2,1,522,214,308
29,583,0170,625119,0000,000000,KARNATAKA,Bangalore Rural,VILLAGE,Aralamallige,Rural,569,2264,1093,1171,224,118,106,551,264,287,243,119,124,1567,833,734,697,260,437,1282,712,570,1249,697,552,298,174,124,546,252,294,15,10,5,390,261,129,33,15,18,16,8,8,8,2,6,0,0,0,9,5,4,28,12,16,13,5,8,6,2,4,0,0,0,9,5,4,5,3,2,3,3,0,2,0,2,0,0,0,0,0,0,982,381,601
29,583,0170,625120,0000,000000,KARNATAKA,Bangalore Rural,VILLAGE,Jakkasandra,Rural,56,239,114,125,28,11,17,131,65,66,1,0,1,132,78,54,107,36,71,138,74,64,138,74,64,45,22,23,71,34,37,0,0,0,22,18,4,0,0,0,0,0,0,0,0,0,0,0,0,0,0,0,0,0,0,0,0,0,0,0,0,0,0,0,0,0,0,0,0,0,0,0,0,0,0,0,0,0,0,0,0,0,101,40,61
29,583,0170,625121,0000,000000,KARNATAKA,Bangalore Rural,VILLAGE,Menasi,Rural,279,1137,592,545,103,55,48,153,92,61,2,1,1,782,461,321,355,131,224,618,409,209,366,238,128,237,157,80,29,11,18,0,0,0,100,70,30,252,171,81,3,2,1,150,88,62,0,0,0,99,81,18,94,71,23,3,2,1,20,13,7,0,0,0,71,56,15,158,100,58,0,0,0,130,75,55,0,0,0,28,25,3,519,183,336
29,583,0170,625122,0000,000000,KARNATAKA,Bangalore Rural,VILLAGE,Kuntanahalli,Rural,155,669,335,334,68,30,38,117,52,65,3,2,1,446,250,196,223,85,138,335,226,109,334,226,108,158,148,10,84,40,44,0,0,0,92,38,54,1,0,1,0,0,0,1,0,1,0,0,0,0,0,0,1,0,1,0,0,0,1,0,1,0,0,0,0,0,0,0,0,0,0,0,0,0,0,0,0,0,0,0,0,0,334,109,225
29,583,0170,625123,0000,000000,KARNATAKA,Bangalore Rural,VILLAGE,S.M. Gollahalli,Rural,148,707,350,357,79,39,40,126,56,70,0,0,0,511,291,220,196,59,137,387,207,180,283,202,81,96,93,3,20,7,13,1,0,1,166,102,64,104,5,99,96,1,95,1,0,1,0,0,0,7,4,3,104,5,99,96,1,95,1,0,1,0,0,0,7,4,3,0,0,0,0,0,0,0,0,0,0,0,0,0,0,0,320,143,177
29,583,0170,625124,0000,000000,KARNATAKA,Bangalore Rural,VILLAGE,Ekasipura,Rural,161,763,398,365,78,33,45,55,33,22,19,10,9,526,322,204,237,76,161,416,276,140,402,267,135,202,125,77,81,37,44,0,0,0,119,105,14,14,9,5,10,5,5,1,1,0,0,0,0,3,3,0,14,9,5,10,5,5,1,1,0,0,0,0,3,3,0,0,0,0,0,0,0,0,0,0,0,0,0,0,0,0,347,122,225
29,583,0170,625125,0000,000000,KARNATAKA,Bangalore Rural,VILLAGE,Chikka Tumkur,Rural,210,898,469,429,101,56,45,515,268,247,3,2,1,650,366,284,248,103,145,534,291,243,261,166,95,131,74,57,14,4,10,3,0,3,113,88,25,273,125,148,0,0,0,258,117,141,1,0,1,14,8,6,273,125,148,0,0,0,258,117,141,1,0,1,14,8,6,0,0,0,0,0,0,0,0,0,0,0,0,0,0,0,364,178,186
29,583,0170,625126,0000,000000,KARNATAKA,Bangalore Rural,VILLAGE,Majarahosahalli,Rural,208,904,497,407,96,49,47,231,116,115,21,12,9,640,376,264,264,121,143,532,357,175,428,281,147,106,67,39,82,46,36,0,0,0,240,168,72,104,76,28,3,2,1,0,0,0,0,0,0,101,74,27,104,76,28,3,2,1,0,0,0,0,0,0,101,74,27,0,0,0,0,0,0,0,0,0,0,0,0,0,0,0,372,140,232
29,583,0170,625127,0000,000000,KARNATAKA,Bangalore Rural,VILLAGE,Jinkebachchahalli,Rural,251,1088,603,485,117,59,58,238,117,121,17,11,6,777,474,303,311,129,182,539,440,99,482,395,87,223,192,31,73,37,36,6,6,0,180,160,20,57,45,12,14,10,4,7,4,3,3,1,2,33,30,3,14,10,4,2,0,2,3,2,1,0,0,0,9,8,1,43,35,8,12,10,2,4,2,2,3,1,2,24,22,2,549,163,386
29,583,0170,625128,0000,000000,KARNATAKA,Bangalore Rural,VILLAGE,K.G. Kuntanahalli,Rural,0,0,0,0,0,0,0,0,0,0,0,0,0,0,0,0,0,0,0,0,0,0,0,0,0,0,0,0,0,0,0,0,0,0,0,0,0,0,0,0,0,0,0,0,0,0,0,0,0,0,0,0,0,0,0,0,0,0,0,0,0,0,0,0,0,0,0,0,0,0,0,0,0,0,0,0,0,0,0,0,0,0,0,0,0
29,583,0170,625129,0000,000000,KARNATAKA,Bangalore Rural,VILLAGE,Hosahudya,Rural,113,429,220,209,47,22,25,130,69,61,10,5,5,277,160,117,152,60,92,226,155,71,224,153,71,25,20,5,46,24,22,2,1,1,151,108,43,2,2,0,0,0,0,0,0,0,0,0,0,2,2,0,2,2,0,0,0,0,0,0,0,0,0,0,2,2,0,0,0,0,0,0,0,0,0,0,0,0,0,0,0,0,203,65,138
29,583,0170,625130,0000,000000,KARNATAKA,Bangalore Rural,VILLAGE,Bisuvanahalli,Rural,227,845,467,378,103,46,57,330,164,166,165,92,73,653,388,265,192,79,113,592,355,237,584,350,234,167,91,76,4,1,3,7,4,3,406,254,152,8,5,3,0,0,0,1,0,1,0,0,0,7,5,2,4,2,2,0,0,0,0,0,0,0,0,0,4,2,2,4,3,1,0,0,0,1,0,1,0,0,0,3,3,0,253,112,141
29,583,0170,625131,0000,000000,KARNATAKA,Bangalore Rural,VILLAGE,Kasuvanahalli,Rural,148,603,294,309,56,23,33,142,67,75,11,6,5,395,213,182,208,81,127,281,184,97,103,73,30,50,34,16,1,1,0,0,0,0,52,38,14,178,111,67,7,5,2,35,19,16,0,0,0,136,87,49,177,111,66,7,5,2,35,19,16,0,0,0,135,87,48,1,0,1,0,0,0,0,0,0,0,0,0,1,0,1,322,110,212
29,583,0170,625132,0000,000000,KARNATAKA,Bangalore Rural,VILLAGE,Yellupura,Rural,647,2002,1197,805,200,112,88,76,44,32,170,92,78,1589,1009,580,413,188,225,1353,942,411,1300,907,393,53,34,19,2,1,1,24,13,11,1221,859,362,53,35,18,2,1,1,6,4,2,9,1,8,36,29,7,53,35,18,2,1,1,6,4,2,9,1,8,36,29,7,0,0,0,0,0,0,0,0,0,0,0,0,0,0,0,649,255,394
29,583,0170,625133,0000,000000,KARNATAKA,Bangalore Rural,VILLAGE,Veerapura,Rural,407,1479,815,664,157,85,72,105,56,49,158,91,67,1064,641,423,415,174,241,806,558,248,800,556,244,154,104,50,26,14,12,9,8,1,611,430,181,6,2,4,1,0,1,0,0,0,0,0,0,5,2,3,6,2,4,1,0,1,0,0,0,0,0,0,5,2,3,0,0,0,0,0,0,0,0,0,0,0,0,0,0,0,673,257,416
29,583,0170,625134,0000,000000,KARNATAKA,Bangalore Rural,VILLAGE,Thippapura,Rural,535,2088,1058,1030,204,105,99,533,266,267,104,52,52,1569,851,718,519,207,312,1103,679,424,926,597,329,127,109,18,31,17,14,26,13,13,742,458,284,177,82,95,5,2,3,42,24,18,7,1,6,123,55,68,147,74,73,3,1,2,39,24,15,5,0,5,100,49,51,30,8,22,2,1,1,3,0,3,2,1,1,23,6,17,985,379,606
29,583,0170,625135,0000,000000,KARNATAKA,Bangalore Rural,VILLAGE,Varadanahalli,Rural,779,2751,1572,1179,269,132,137,500,261,239,202,113,89,2051,1263,788,700,309,391,1555,1145,410,1411,1057,354,117,102,15,19,8,11,4,3,1,1271,944,327,144,88,56,4,2,2,9,3,6,0,0,0,131,83,48,77,37,40,4,2,2,8,3,5,0,0,0,65,32,33,67,51,16,0,0,0,1,0,1,0,0,0,66,51,15,1196,427,769
29,583,0170,625136,0000,000000,KARNATAKA,Bangalore Rural,VILLAGE,Kolipura,Rural,3,10,7,3,0,0,0,0,0,0,5,4,1,10,7,3,0,0,0,7,4,3,7,4,3,0,0,0,0,0,0,0,0,0,7,4,3,0,0,0,0,0,0,0,0,0,0,0,0,0,0,0,0,0,0,0,0,0,0,0,0,0,0,0,0,0,0,0,0,0,0,0,0,0,0,0,0,0,0,0,0,0,3,3,0
29,583,0170,625137,0000,000000,KARNATAKA,Bangalore Rural,VILLAGE,Arehalli Guddadahalli,Rural,476,1880,1018,862,174,78,96,434,213,221,113,60,53,1409,838,571,471,180,291,1025,714,311,1017,711,306,77,61,16,45,23,22,1,1,0,894,626,268,8,3,5,0,0,0,0,0,0,0,0,0,8,3,5,8,3,5,0,0,0,0,0,0,0,0,0,8,3,5,0,0,0,0,0,0,0,0,0,0,0,0,0,0,0,855,304,551
29,583,0170,625138,0000,000000,KARNATAKA,Bangalore Rural,VILLAGE,Obadenahalli,Rural,132,566,292,274,66,37,29,457,231,226,0,0,0,367,210,157,199,82,117,212,162,50,212,162,50,9,8,1,0,0,0,0,0,0,203,154,49,0,0,0,0,0,0,0,0,0,0,0,0,0,0,0,0,0,0,0,0,0,0,0,0,0,0,0,0,0,0,0,0,0,0,0,0,0,0,0,0,0,0,0,0,0,354,130,224
29,583,0170,625139,0000,000000,KARNATAKA,Bangalore Rural,VILLAGE,Kadathippur,Rural,302,1388,717,671,131,70,61,245,120,125,346,178,168,838,514,324,550,203,347,810,435,375,731,409,322,484,260,224,84,33,51,0,0,0,163,116,47,79,26,53,20,5,15,48,15,33,0,0,0,11,6,5,77,26,51,20,5,15,46,15,31,0,0,0,11,6,5,2,0,2,0,0,0,2,0,2,0,0,0,0,0,0,578,282,296
29,583,0170,625140,0000,000000,KARNATAKA,Bangalore Rural,VILLAGE,Sirigondanahalli,Rural,37,141,68,73,24,9,15,0,0,0,0,0,0,74,42,32,67,26,41,67,33,34,64,31,33,56,30,26,7,0,7,0,0,0,1,1,0,3,2,1,0,0,0,0,0,0,0,0,0,3,2,1,3,2,1,0,0,0,0,0,0,0,0,0,3,2,1,0,0,0,0,0,0,0,0,0,0,0,0,0,0,0,74,35,39
29,583,0170,625141,0000,000000,KARNATAKA,Bangalore Rural,VILLAGE,Badrapura,Rural,6,31,16,15,10,7,3,11,6,5,0,0,0,15,7,8,16,9,7,14,7,7,13,7,6,11,7,4,2,0,2,0,0,0,0,0,0,1,0,1,1,0,1,0,0,0,0,0,0,0,0,0,1,0,1,1,0,1,0,0,0,0,0,0,0,0,0,0,0,0,0,0,0,0,0,0,0,0,0,0,0,0,17,9,8
29,583,0170,625142,0000,000000,KARNATAKA,Bangalore Rural,VILLAGE,Konenahalli,Rural,68,300,143,157,27,13,14,0,0,0,0,0,0,185,106,79,115,37,78,169,94,75,158,88,70,91,59,32,45,11,34,2,1,1,20,17,3,11,6,5,3,2,1,5,1,4,0,0,0,3,3,0,6,4,2,3,2,1,1,0,1,0,0,0,2,2,0,5,2,3,0,0,0,4,1,3,0,0,0,1,1,0,131,49,82
29,583,0170,625143,0000,000000,KARNATAKA,Bangalore Rural,VILLAGE,Kangalapura,Rural,60,255,137,118,20,12,8,76,41,35,3,1,2,153,92,61,102,45,57,157,82,75,153,80,73,74,58,16,68,13,55,0,0,0,11,9,2,4,2,2,0,0,0,3,1,2,0,0,0,1,1,0,4,2,2,0,0,0,3,1,2,0,0,0,1,1,0,0,0,0,0,0,0,0,0,0,0,0,0,0,0,0,98,55,43
29,583,0170,625144,0000,000000,KARNATAKA,Bangalore Rural,VILLAGE,Sankarasanahalli,Rural,42,154,82,72,8,3,5,11,6,5,0,0,0,82,52,30,72,30,42,113,60,53,111,58,53,101,52,49,1,0,1,1,1,0,8,5,3,2,2,0,0,0,0,0,0,0,0,0,0,2,2,0,2,2,0,0,0,0,0,0,0,0,0,0,2,2,0,0,0,0,0,0,0,0,0,0,0,0,0,0,0,0,41,22,19
29,583,0170,625145,0000,000000,KARNATAKA,Bangalore Rural,VILLAGE,Buchanahalli,Rural,74,331,167,164,44,22,22,107,50,57,3,1,2,171,107,64,160,60,100,129,102,27,36,31,5,0,0,0,0,0,0,6,5,1,30,26,4,93,71,22,54,53,1,36,16,20,1,0,1,2,2,0,85,70,15,54,53,1,28,15,13,1,0,1,2,2,0,8,1,7,0,0,0,8,1,7,0,0,0,0,0,0,202,65,137
29,583,0170,625146,0000,000000,KARNATAKA,Bangalore Rural,VILLAGE,Thambenahalli,Rural,113,506,251,255,57,30,27,17,13,4,0,0,0,285,168,117,221,83,138,330,170,160,328,170,158,304,154,150,1,0,1,0,0,0,23,16,7,2,0,2,0,0,0,0,0,0,0,0,0,2,0,2,2,0,2,0,0,0,0,0,0,0,0,0,2,0,2,0,0,0,0,0,0,0,0,0,0,0,0,0,0,0,176,81,95
29,583,0170,625147,0000,000000,KARNATAKA,Bangalore Rural,VILLAGE,Halekote,Rural,143,534,270,264,46,26,20,215,108,107,32,16,16,281,162,119,253,108,145,363,186,177,356,184,172,202,99,103,99,46,53,0,0,0,55,39,16,7,2,5,4,2,2,1,0,1,0,0,0,2,0,2,6,2,4,4,2,2,1,0,1,0,0,0,1,0,1,1,0,1,0,0,0,0,0,0,0,0,0,1,0,1,171,84,87
29,583,0170,625148,0000,000000,KARNATAKA,Bangalore Rural,VILLAGE,Bommanahalli,Rural,141,613,308,305,55,31,24,177,82,95,335,174,161,337,196,141,276,112,164,312,189,123,274,167,107,40,33,7,163,82,81,0,0,0,71,52,19,38,22,16,0,0,0,12,6,6,3,1,2,23,15,8,33,21,12,0,0,0,11,6,5,3,1,2,19,14,5,5,1,4,0,0,0,1,0,1,0,0,0,4,1,3,301,119,182
29,583,0170,625149,0000,000000,KARNATAKA,Bangalore Rural,VILLAGE,Galibilikote,Rural,78,345,172,173,27,11,16,160,76,84,0,0,0,221,125,96,124,47,77,119,105,14,118,105,13,59,57,2,0,0,0,0,0,0,59,48,11,1,0,1,0,0,0,0,0,0,1,0,1,0,0,0,1,0,1,0,0,0,0,0,0,1,0,1,0,0,0,0,0,0,0,0,0,0,0,0,0,0,0,0,0,0,226,67,159
29,583,0170,625150,0000,000000,KARNATAKA,Bangalore Rural,VILLAGE,Byadarajakkasandra,Rural,0,0,0,0,0,0,0,0,0,0,0,0,0,0,0,0,0,0,0,0,0,0,0,0,0,0,0,0,0,0,0,0,0,0,0,0,0,0,0,0,0,0,0,0,0,0,0,0,0,0,0,0,0,0,0,0,0,0,0,0,0,0,0,0,0,0,0,0,0,0,0,0,0,0,0,0,0,0,0,0,0,0,0,0,0
29,583,0170,625151,0000,000000,KARNATAKA,Bangalore Rural,VILLAGE,Vanigarahalli,Rural,89,378,206,172,41,27,14,153,86,67,0,0,0,238,143,95,140,63,77,152,130,22,147,127,20,42,38,4,2,1,1,0,0,0,103,88,15,5,3,2,0,0,0,0,0,0,2,1,1,3,2,1,5,3,2,0,0,0,0,0,0,2,1,1,3,2,1,0,0,0,0,0,0,0,0,0,0,0,0,0,0,0,226,76,150
29,583,0170,625152,0000,000000,KARNATAKA,Bangalore Rural,VILLAGE,Thippur,Rural,422,1843,958,885,172,93,79,286,145,141,197,98,99,1205,706,499,638,252,386,1148,639,509,597,456,141,265,223,42,204,124,80,6,4,2,122,105,17,551,183,368,18,9,9,516,165,351,3,1,2,14,8,6,424,155,269,17,8,9,391,138,253,3,1,2,13,8,5,127,28,99,1,1,0,125,27,98,0,0,0,1,0,1,695,319,376
29,583,0170,625153,0000,000000,KARNATAKA,Bangalore Rural,VILLAGE,Hanabe,Rural,456,1914,964,950,172,88,84,632,317,315,14,9,5,1352,763,589,562,201,361,919,586,333,620,419,201,157,120,37,279,134,145,8,6,2,176,159,17,299,167,132,4,2,2,138,57,81,9,5,4,148,103,45,277,161,116,4,2,2,129,57,72,5,3,2,139,99,40,22,6,16,0,0,0,9,0,9,4,2,2,9,4,5,995,378,617
29,583,0170,625154,0000,000000,KARNATAKA,Bangalore Rural,VILLAGE,Gundasandra,Rural,108,422,222,200,31,18,13,68,34,34,0,0,0,321,192,129,101,30,71,256,153,103,209,144,65,144,103,41,27,12,15,0,0,0,38,29,9,47,9,38,35,4,31,11,4,7,0,0,0,1,1,0,47,9,38,35,4,31,11,4,7,0,0,0,1,1,0,0,0,0,0,0,0,0,0,0,0,0,0,0,0,0,166,69,97
29,583,0170,625155,0000,000000,KARNATAKA,Bangalore Rural,VILLAGE,Madeswara,Rural,84,388,197,191,41,23,18,117,58,59,15,7,8,276,159,117,112,38,74,217,114,103,129,89,40,111,77,34,5,0,5,0,0,0,13,12,1,88,25,63,48,11,37,31,8,23,0,0,0,9,6,3,87,24,63,48,11,37,31,8,23,0,0,0,8,5,3,1,1,0,0,0,0,0,0,0,0,0,0,1,1,0,171,83,88
29,583,0170,625156,0000,000000,KARNATAKA,Bangalore Rural,VILLAGE,K.G. Basavanapura,Rural,0,0,0,0,0,0,0,0,0,0,0,0,0,0,0,0,0,0,0,0,0,0,0,0,0,0,0,0,0,0,0,0,0,0,0,0,0,0,0,0,0,0,0,0,0,0,0,0,0,0,0,0,0,0,0,0,0,0,0,0,0,0,0,0,0,0,0,0,0,0,0,0,0,0,0,0,0,0,0,0,0,0,0,0,0
29,583,0170,625157,0000,000000,KARNATAKA,Bangalore Rural,VILLAGE,Bhaktharahalli,Rural,60,297,147,150,33,15,18,161,77,84,0,0,0,187,109,78,110,38,72,182,96,86,54,52,2,31,31,0,20,18,2,1,1,0,2,2,0,128,44,84,1,1,0,121,39,82,3,2,1,3,2,1,128,44,84,1,1,0,121,39,82,3,2,1,3,2,1,0,0,0,0,0,0,0,0,0,0,0,0,0,0,0,115,51,64
29,583,0170,625158,0000,000000,KARNATAKA,Bangalore Rural,VILLAGE,Lingapura,Rural,61,276,138,138,29,16,13,155,81,74,0,0,0,160,88,72,116,50,66,189,96,93,63,41,22,34,28,6,16,5,11,4,1,3,9,7,2,126,55,71,4,0,4,92,40,52,4,1,3,26,14,12,122,53,69,4,0,4,92,40,52,3,1,2,23,12,11,4,2,2,0,0,0,0,0,0,1,0,1,3,2,1,87,42,45
29,583,0170,625159,0000,000000,KARNATAKA,Bangalore Rural,VILLAGE,Bheemarauthanahalli,Rural,37,152,80,72,9,5,4,31,16,15,0,0,0,101,61,40,51,19,32,69,55,14,33,30,3,9,8,1,1,1,0,0,0,0,23,21,2,36,25,11,11,11,0,25,14,11,0,0,0,0,0,0,36,25,11,11,11,0,25,14,11,0,0,0,0,0,0,0,0,0,0,0,0,0,0,0,0,0,0,0,0,0,83,25,58
29,583,0170,625160,0000,000000,KARNATAKA,Bangalore Rural,VILLAGE,Chikkakalenahalli,Rural,16,64,34,30,5,1,4,0,0,0,0,0,0,38,24,14,26,10,16,27,22,5,5,5,0,3,3,0,0,0,0,0,0,0,2,2,0,22,17,5,13,13,0,8,4,4,1,0,1,0,0,0,19,17,2,13,13,0,5,4,1,1,0,1,0,0,0,3,0,3,0,0,0,3,0,3,0,0,0,0,0,0,37,12,25
29,583,0170,625161,0000,000000,KARNATAKA,Bangalore Rural,VILLAGE,Sakkaregollahalli,Rural,238,1043,550,493,120,62,58,314,175,139,3,1,2,686,403,283,357,147,210,448,330,118,147,129,18,49,45,4,24,20,4,5,4,1,69,60,9,301,201,100,80,72,8,153,81,72,28,15,13,40,33,7,297,200,97,80,72,8,152,81,71,25,14,11,40,33,7,4,1,3,0,0,0,1,0,1,3,1,2,0,0,0,595,220,375
29,583,0170,625162,0000,000000,KARNATAKA,Bangalore Rural,VILLAGE,Gundlahalli,Rural,88,403,217,186,37,20,17,34,18,16,0,0,0,236,149,87,167,68,99,236,127,109,234,125,109,157,79,78,38,11,27,0,0,0,39,35,4,2,2,0,0,0,0,0,0,0,0,0,0,2,2,0,2,2,0,0,0,0,0,0,0,0,0,0,2,2,0,0,0,0,0,0,0,0,0,0,0,0,0,0,0,0,167,90,77
29,583,0170,625163,0000,000000,KARNATAKA,Bangalore Rural,VILLAGE,Bommahalli,Rural,55,225,114,111,29,9,20,0,0,0,0,0,0,110,73,37,115,41,74,132,70,62,132,70,62,132,70,62,0,0,0,0,0,0,0,0,0,0,0,0,0,0,0,0,0,0,0,0,0,0,0,0,0,0,0,0,0,0,0,0,0,0,0,0,0,0,0,0,0,0,0,0,0,0,0,0,0,0,0,0,0,0,93,44,49
29,583,0170,625164,0000,000000,KARNATAKA,Bangalore Rural,VILLAGE,Mudlakalenahalli,Rural,85,385,209,176,28,17,11,86,46,40,0,0,0,278,168,110,107,41,66,219,115,104,192,111,81,92,58,34,44,9,35,0,0,0,56,44,12,27,4,23,0,0,0,22,1,21,0,0,0,5,3,2,27,4,23,0,0,0,22,1,21,0,0,0,5,3,2,0,0,0,0,0,0,0,0,0,0,0,0,0,0,0,166,94,72
29,583,0170,625165,0000,000000,KARNATAKA,Bangalore Rural,VILLAGE,Chigaranahalli,Rural,0,0,0,0,0,0,0,0,0,0,0,0,0,0,0,0,0,0,0,0,0,0,0,0,0,0,0,0,0,0,0,0,0,0,0,0,0,0,0,0,0,0,0,0,0,0,0,0,0,0,0,0,0,0,0,0,0,0,0,0,0,0,0,0,0,0,0,0,0,0,0,0,0,0,0,0,0,0,0,0,0,0,0,0,0
29,583,0170,625166,0000,000000,KARNATAKA,Bangalore Rural,VILLAGE,Kadathippenahalli,Rural,15,91,46,45,15,8,7,2,2,0,0,0,0,39,21,18,52,25,27,56,29,27,56,29,27,32,17,15,22,11,11,0,0,0,2,1,1,0,0,0,0,0,0,0,0,0,0,0,0,0,0,0,0,0,0,0,0,0,0,0,0,0,0,0,0,0,0,0,0,0,0,0,0,0,0,0,0,0,0,0,0,0,35,17,18
29,583,0170,625167,0000,000000,KARNATAKA,Bangalore Rural,VILLAGE,Chikkamankanala,Rural,146,497,248,249,46,17,29,154,75,79,0,0,0,255,163,92,242,85,157,188,149,39,177,143,34,138,117,21,15,13,2,5,1,4,19,12,7,11,6,5,4,1,3,0,0,0,0,0,0,7,5,2,9,4,5,4,1,3,0,0,0,0,0,0,5,3,2,2,2,0,0,0,0,0,0,0,0,0,0,2,2,0,309,99,210
29,583,0170,625168,0000,000000,KARNATAKA,Bangalore Rural,VILLAGE,Doddamankanala,Rural,51,185,93,92,15,9,6,119,59,60,0,0,0,100,59,41,85,34,51,103,64,39,92,61,31,51,36,15,34,18,16,0,0,0,7,7,0,11,3,8,1,0,1,7,3,4,0,0,0,3,0,3,11,3,8,1,0,1,7,3,4,0,0,0,3,0,3,0,0,0,0,0,0,0,0,0,0,0,0,0,0,0,82,29,53
29,583,0170,625169,0000,000000,KARNATAKA,Bangalore Rural,VILLAGE,Kamana Agrahara,Rural,90,381,193,188,43,21,22,14,6,8,0,0,0,228,132,96,153,61,92,118,108,10,111,102,9,91,84,7,1,1,0,0,0,0,19,17,2,7,6,1,2,2,0,1,1,0,0,0,0,4,3,1,5,4,1,2,2,0,1,1,0,0,0,0,2,1,1,2,2,0,0,0,0,0,0,0,0,0,0,2,2,0,263,85,178
29,583,0170,625170,0000,000000,KARNATAKA,Bangalore Rural,VILLAGE,Koligere,Rural,193,800,417,383,74,23,51,193,113,80,119,60,59,529,338,191,271,79,192,251,235,16,247,232,15,212,208,4,5,3,2,0,0,0,30,21,9,4,3,1,1,0,1,0,0,0,0,0,0,3,3,0,4,3,1,1,0,1,0,0,0,0,0,0,3,3,0,0,0,0,0,0,0,0,0,0,0,0,0,0,0,0,549,182,367
29,583,0170,625171,0000,000000,KARNATAKA,Bangalore Rural,VILLAGE,Akkathammanahalli,Rural,101,431,210,221,45,16,29,142,78,64,0,0,0,306,170,136,125,40,85,127,116,11,97,92,5,90,85,5,0,0,0,1,1,0,6,6,0,30,24,6,3,3,0,2,0,2,11,11,0,14,10,4,30,24,6,3,3,0,2,0,2,11,11,0,14,10,4,0,0,0,0,0,0,0,0,0,0,0,0,0,0,0,304,94,210
29,583,0170,625172,0000,000000,KARNATAKA,Bangalore Rural,VILLAGE,Sonnenahalli,Rural,152,604,316,288,49,23,26,129,62,67,6,3,3,519,288,231,85,28,57,416,221,195,240,161,79,146,99,47,1,0,1,2,1,1,91,61,30,176,60,116,9,3,6,2,0,2,1,1,0,164,56,108,174,60,114,9,3,6,1,0,1,1,1,0,163,56,107,2,0,2,0,0,0,1,0,1,0,0,0,1,0,1,188,95,93
29,583,0170,625173,0000,000000,KARNATAKA,Bangalore Rural,VILLAGE,Mallanaikanahalli,Rural,54,221,111,110,36,22,14,2,1,1,78,37,41,130,70,60,91,41,50,128,62,66,35,35,0,19,19,0,14,14,0,0,0,0,2,2,0,93,27,66,4,4,0,81,17,64,0,0,0,8,6,2,93,27,66,4,4,0,81,17,64,0,0,0,8,6,2,0,0,0,0,0,0,0,0,0,0,0,0,0,0,0,93,49,44
29,583,0170,625174,0000,000000,KARNATAKA,Bangalore Rural,VILLAGE,Ramapura,Rural,226,948,474,474,95,53,42,290,137,153,137,76,61,590,320,270,358,154,204,457,304,153,161,149,12,107,103,4,25,25,0,7,3,4,22,18,4,296,155,141,6,6,0,150,96,54,60,15,45,80,38,42,293,155,138,6,6,0,147,96,51,60,15,45,80,38,42,3,0,3,0,0,0,3,0,3,0,0,0,0,0,0,491,170,321
29,583,0170,625175,0000,000000,KARNATAKA,Bangalore Rural,VILLAGE,Jodi Karapura,Rural,61,270,131,139,28,12,16,82,37,45,0,0,0,134,75,59,136,56,80,160,86,74,85,78,7,77,72,5,4,3,1,0,0,0,4,3,1,75,8,67,2,0,2,73,8,65,0,0,0,0,0,0,75,8,67,2,0,2,73,8,65,0,0,0,0,0,0,0,0,0,0,0,0,0,0,0,0,0,0,0,0,0,110,45,65
29,583,0170,625176,0000,000000,KARNATAKA,Bangalore Rural,VILLAGE,Chikkanahalli,Rural,154,627,323,304,68,27,41,115,60,55,0,0,0,410,243,167,217,80,137,272,207,65,270,205,65,133,115,18,18,5,13,1,1,0,118,84,34,2,2,0,0,0,0,0,0,0,0,0,0,2,2,0,2,2,0,0,0,0,0,0,0,0,0,0,2,2,0,0,0,0,0,0,0,0,0,0,0,0,0,0,0,0,355,116,239
29,583,0170,625177,0000,000000,KARNATAKA,Bangalore Rural,VILLAGE,Shravanur,Rural,137,595,312,283,46,19,27,96,48,48,0,0,0,425,252,173,170,60,110,358,226,132,253,207,46,123,119,4,38,33,5,1,1,0,91,54,37,105,19,86,2,1,1,81,12,69,1,0,1,21,6,15,102,17,85,2,1,1,81,12,69,1,0,1,18,4,14,3,2,1,0,0,0,0,0,0,0,0,0,3,2,1,237,86,151
29,583,0170,625178,0000,000000,KARNATAKA,Bangalore Rural,VILLAGE,Kugonahalli,Rural,173,762,398,364,82,47,35,185,93,92,110,59,51,509,292,217,253,106,147,501,262,239,134,121,13,88,86,2,22,14,8,1,1,0,23,20,3,367,141,226,9,2,7,316,108,208,9,7,2,33,24,9,365,141,224,9,2,7,314,108,206,9,7,2,33,24,9,2,0,2,0,0,0,2,0,2,0,0,0,0,0,0,261,136,125
29,583,0170,625179,0000,000000,KARNATAKA,Bangalore Rural,VILLAGE,Naranahalli,Rural,145,586,297,289,40,22,18,104,47,57,23,10,13,383,220,163,203,77,126,340,208,132,322,197,125,166,102,64,85,44,41,1,0,1,70,51,19,18,11,7,7,0,7,1,1,0,3,3,0,7,7,0,12,10,2,2,0,2,1,1,0,3,3,0,6,6,0,6,1,5,5,0,5,0,0,0,0,0,0,1,1,0,246,89,157
29,583,0170,625180,0000,000000,KARNATAKA,Bangalore Rural,VILLAGE,Doddabelavangala,Rural,718,2980,1501,1479,334,168,166,524,268,256,121,61,60,2178,1184,994,802,317,485,1358,921,437,858,684,174,163,137,26,24,17,7,15,6,9,656,524,132,500,237,263,13,9,4,10,6,4,13,6,7,464,216,248,459,207,252,13,9,4,10,6,4,12,6,6,424,186,238,41,30,11,0,0,0,0,0,0,1,0,1,40,30,10,1622,580,1042
29,583,0170,625181,0000,000000,KARNATAKA,Bangalore Rural,VILLAGE,Chikkabelavangala,Rural,265,1118,565,553,104,62,42,263,124,139,8,7,1,870,478,392,248,87,161,436,347,89,430,344,86,168,154,14,66,40,26,24,18,6,172,132,40,6,3,3,4,1,3,2,2,0,0,0,0,0,0,0,5,2,3,3,0,3,2,2,0,0,0,0,0,0,0,1,1,0,1,1,0,0,0,0,0,0,0,0,0,0,682,218,464
29,583,0170,625182,0000,000000,KARNATAKA,Bangalore Rural,VILLAGE,Mugenahalli,Rural,41,176,93,83,18,10,8,46,25,21,5,2,3,129,75,54,47,18,29,100,61,39,100,61,39,46,29,17,46,26,20,0,0,0,8,6,2,0,0,0,0,0,0,0,0,0,0,0,0,0,0,0,0,0,0,0,0,0,0,0,0,0,0,0,0,0,0,0,0,0,0,0,0,0,0,0,0,0,0,0,0,0,76,32,44
29,583,0170,625183,0000,000000,KARNATAKA,Bangalore Rural,VILLAGE,Kattiihosahalli,Rural,185,815,415,400,74,32,42,233,114,119,8,6,2,472,284,188,343,131,212,311,244,67,291,230,61,122,100,22,107,76,31,35,30,5,27,24,3,20,14,6,6,5,1,9,7,2,2,0,2,3,2,1,19,14,5,6,5,1,9,7,2,1,0,1,3,2,1,1,0,1,0,0,0,0,0,0,1,0,1,0,0,0,504,171,333
29,583,0170,625184,0000,000000,KARNATAKA,Bangalore Rural,VILLAGE,Tubakunte,Rural,177,717,358,359,83,40,43,147,74,73,0,0,0,438,258,180,279,100,179,407,211,196,334,207,127,252,193,59,44,3,41,27,5,22,11,6,5,73,4,69,17,0,17,45,0,45,3,0,3,8,4,4,72,4,68,17,0,17,44,0,44,3,0,3,8,4,4,1,0,1,0,0,0,1,0,1,0,0,0,0,0,0,310,147,163
29,583,0170,625185,0000,000000,KARNATAKA,Bangalore Rural,VILLAGE,Muttugadahalli,Rural,44,199,96,103,19,9,10,0,0,0,0,0,0,119,67,52,80,29,51,116,57,59,59,55,4,57,55,2,2,0,2,0,0,0,0,0,0,57,2,55,0,0,0,57,2,55,0,0,0,0,0,0,57,2,55,0,0,0,57,2,55,0,0,0,0,0,0,0,0,0,0,0,0,0,0,0,0,0,0,0,0,0,83,39,44
29,583,0170,625186,0000,000000,KARNATAKA,Bangalore Rural,VILLAGE,Appkarenahalli,Rural,82,321,161,160,22,10,12,63,31,32,0,0,0,169,97,72,152,64,88,209,109,100,71,57,14,63,53,10,3,0,3,1,1,0,4,3,1,138,52,86,9,6,3,75,25,50,9,5,4,45,16,29,126,50,76,9,6,3,69,24,45,8,5,3,40,15,25,12,2,10,0,0,0,6,1,5,1,0,1,5,1,4,112,52,60
29,583,0170,625187,0000,000000,KARNATAKA,Bangalore Rural,VILLAGE,Hulikunte,Rural,475,1985,1013,972,170,96,74,482,241,241,61,33,28,1365,766,599,620,247,373,1018,657,361,679,464,215,430,299,131,18,8,10,13,9,4,218,148,70,339,193,146,208,129,79,79,33,46,1,1,0,51,30,21,324,186,138,207,129,78,74,31,43,0,0,0,43,26,17,15,7,8,1,0,1,5,2,3,1,1,0,8,4,4,967,356,611
29,583,0170,625188,0000,000000,KARNATAKA,Bangalore Rural,VILLAGE,Joyis  Agrahara,Rural,1,4,3,1,0,0,0,0,0,0,0,0,0,3,3,0,1,0,1,2,2,0,1,1,0,1,1,0,0,0,0,0,0,0,0,0,0,1,1,0,1,1,0,0,0,0,0,0,0,0,0,0,1,1,0,1,1,0,0,0,0,0,0,0,0,0,0,0,0,0,0,0,0,0,0,0,0,0,0,0,0,0,2,1,1
29,583,0170,625189,0000,000000,KARNATAKA,Bangalore Rural,VILLAGE,Tharabanahalli,Rural,75,312,150,162,30,11,19,89,40,49,0,0,0,169,96,73,143,54,89,201,97,104,73,57,16,70,56,14,3,1,2,0,0,0,0,0,0,128,40,88,0,0,0,95,33,62,3,0,3,30,7,23,128,40,88,0,0,0,95,33,62,3,0,3,30,7,23,0,0,0,0,0,0,0,0,0,0,0,0,0,0,0,111,53,58
29,583,0170,625190,0000,000000,KARNATAKA,Bangalore Rural,VILLAGE,Kasaghatta,Rural,252,1156,598,558,117,65,52,375,193,182,1,1,0,755,431,324,401,167,234,507,394,113,481,372,109,402,302,100,2,1,1,1,1,0,76,68,8,26,22,4,5,3,2,4,2,2,4,4,0,13,13,0,25,22,3,4,3,1,4,2,2,4,4,0,13,13,0,1,0,1,1,0,1,0,0,0,0,0,0,0,0,0,649,204,445
29,583,0170,625191,0000,000000,KARNATAKA,Bangalore Rural,VILLAGE,Ambalagere,Rural,125,474,218,256,53,24,29,179,75,104,0,0,0,294,160,134,180,58,122,240,139,101,230,135,95,190,108,82,1,1,0,1,1,0,38,25,13,10,4,6,0,0,0,3,2,1,1,1,0,6,1,5,9,4,5,0,0,0,3,2,1,1,1,0,5,1,4,1,0,1,0,0,0,0,0,0,0,0,0,1,0,1,234,79,155
29,583,0170,625192,0000,000000,KARNATAKA,Bangalore Rural,VILLAGE,Karepura,Rural,126,524,267,257,43,21,22,133,61,72,11,3,8,398,222,176,126,45,81,221,176,45,147,132,15,97,90,7,3,3,0,0,0,0,47,39,8,74,44,30,3,2,1,56,29,27,0,0,0,15,13,2,55,42,13,3,2,1,40,28,12,0,0,0,12,12,0,19,2,17,0,0,0,16,1,15,0,0,0,3,1,2,303,91,212
29,583,0170,625193,0000,000000,KARNATAKA,Bangalore Rural,VILLAGE,Venkateshpura,Rural,4,13,7,6,0,0,0,0,0,0,0,0,0,13,7,6,0,0,0,6,5,1,4,4,0,2,2,0,0,0,0,0,0,0,2,2,0,2,1,1,0,0,0,2,1,1,0,0,0,0,0,0,2,1,1,0,0,0,2,1,1,0,0,0,0,0,0,0,0,0,0,0,0,0,0,0,0,0,0,0,0,0,7,2,5
29,583,0170,625194,0000,000000,KARNATAKA,Bangalore Rural,VILLAGE,Doddahejjaji,Rural,248,994,505,489,98,55,43,403,195,208,99,50,49,671,385,286,323,120,203,545,329,216,529,318,211,229,138,91,197,94,103,7,5,2,96,81,15,16,11,5,2,1,1,11,7,4,0,0,0,3,3,0,15,11,4,2,1,1,10,7,3,0,0,0,3,3,0,1,0,1,0,0,0,1,0,1,0,0,0,0,0,0,449,176,273
29,583,0170,625195,0000,000000,KARNATAKA,Bangalore Rural,VILLAGE,Chikkahejjaji Amanikere,Rural,0,0,0,0,0,0,0,0,0,0,0,0,0,0,0,0,0,0,0,0,0,0,0,0,0,0,0,0,0,0,0,0,0,0,0,0,0,0,0,0,0,0,0,0,0,0,0,0,0,0,0,0,0,0,0,0,0,0,0,0,0,0,0,0,0,0,0,0,0,0,0,0,0,0,0,0,0,0,0,0,0,0,0,0,0
29,583,0170,625196,0000,000000,KARNATAKA,Bangalore Rural,VILLAGE,Chikkahejjaji,Rural,489,1977,970,1007,177,86,91,100,52,48,364,184,180,1319,748,571,658,222,436,1186,670,516,1083,627,456,419,236,183,491,284,207,43,25,18,130,82,48,103,43,60,18,8,10,31,14,17,1,0,1,53,21,32,99,40,59,18,8,10,28,11,17,1,0,1,52,21,31,4,3,1,0,0,0,3,3,0,0,0,0,1,0,1,791,300,491
29,583,0170,625197,0000,000000,KARNATAKA,Bangalore Rural,VILLAGE,Hadripura,Rural,309,1254,639,615,88,48,40,421,217,204,30,17,13,865,493,372,389,146,243,737,424,313,722,419,303,311,195,116,248,92,156,0,0,0,163,132,31,15,5,10,6,1,5,3,1,2,2,1,1,4,2,2,14,5,9,6,1,5,3,1,2,1,1,0,4,2,2,1,0,1,0,0,0,0,0,0,1,0,1,0,0,0,517,215,302
29,583,0170,625198,0000,000000,KARNATAKA,Bangalore Rural,VILLAGE,Madhurana Hosahalli,Rural,128,525,252,273,42,19,23,108,54,54,11,8,3,365,209,156,160,43,117,265,168,97,263,167,96,75,60,15,150,77,73,0,0,0,38,30,8,2,1,1,1,1,0,1,0,1,0,0,0,0,0,0,2,1,1,1,1,0,1,0,1,0,0,0,0,0,0,0,0,0,0,0,0,0,0,0,0,0,0,0,0,0,260,84,176
29,583,0170,625199,0000,000000,KARNATAKA,Bangalore Rural,VILLAGE,Rameswara,Rural,202,828,420,408,66,33,33,155,85,70,0,0,0,600,340,260,228,80,148,562,298,264,561,298,263,522,277,245,18,7,11,0,0,0,21,14,7,1,0,1,0,0,0,1,0,1,0,0,0,0,0,0,1,0,1,0,0,0,1,0,1,0,0,0,0,0,0,0,0,0,0,0,0,0,0,0,0,0,0,0,0,0,266,122,144
29,583,0170,625200,0000,000000,KARNATAKA,Bangalore Rural,VILLAGE,Chunchegowdanahosahalli,Rural,68,297,149,148,26,13,13,40,20,20,0,0,0,188,110,78,109,39,70,140,94,46,138,94,44,100,67,33,10,7,3,2,0,2,26,20,6,2,0,2,1,0,1,1,0,1,0,0,0,0,0,0,2,0,2,1,0,1,1,0,1,0,0,0,0,0,0,0,0,0,0,0,0,0,0,0,0,0,0,0,0,0,157,55,102
29,583,0170,625201,0000,000000,KARNATAKA,Bangalore Rural,VILLAGE,Huskur,Rural,208,899,470,429,69,38,31,154,74,80,1,1,0,636,376,260,263,94,169,418,346,72,393,326,67,248,209,39,51,31,20,5,4,1,89,82,7,25,20,5,3,2,1,6,3,3,6,5,1,10,10,0,12,10,2,3,2,1,4,3,1,1,1,0,4,4,0,13,10,3,0,0,0,2,0,2,5,4,1,6,6,0,481,124,357
29,583,0170,625202,0000,000000,KARNATAKA,Bangalore Rural,VILLAGE,Bokipura,Rural,55,246,133,113,24,17,7,32,19,13,2,1,1,148,94,54,98,39,59,138,83,55,138,83,55,59,31,28,52,26,26,0,0,0,27,26,1,0,0,0,0,0,0,0,0,0,0,0,0,0,0,0,0,0,0,0,0,0,0,0,0,0,0,0,0,0,0,0,0,0,0,0,0,0,0,0,0,0,0,0,0,0,108,50,58
29,583,0170,625203,0000,000000,KARNATAKA,Bangalore Rural,VILLAGE,Kalludevanahalli,Rural,46,201,97,104,16,8,8,33,16,17,0,0,0,122,71,51,79,26,53,124,72,52,124,72,52,65,35,30,32,11,21,0,0,0,27,26,1,0,0,0,0,0,0,0,0,0,0,0,0,0,0,0,0,0,0,0,0,0,0,0,0,0,0,0,0,0,0,0,0,0,0,0,0,0,0,0,0,0,0,0,0,0,77,25,52
29,583,0170,625204,0000,000000,KARNATAKA,Bangalore Rural,VILLAGE,Honnadevipura,Rural,70,289,147,142,26,15,11,62,32,30,0,0,0,226,125,101,63,22,41,260,132,128,253,128,125,185,120,65,57,3,54,5,2,3,6,3,3,7,4,3,4,3,1,2,1,1,0,0,0,1,0,1,7,4,3,4,3,1,2,1,1,0,0,0,1,0,1,0,0,0,0,0,0,0,0,0,0,0,0,0,0,0,29,15,14
29,583,0170,625205,0000,000000,KARNATAKA,Bangalore Rural,VILLAGE,Puttaiana Agrahara,Rural,215,966,486,480,88,46,42,101,46,55,0,0,0,693,393,300,273,93,180,401,303,98,392,298,94,169,153,16,34,19,15,17,13,4,172,113,59,9,5,4,1,0,1,1,0,1,0,0,0,7,5,2,9,5,4,1,0,1,1,0,1,0,0,0,7,5,2,0,0,0,0,0,0,0,0,0,0,0,0,0,0,0,565,183,382
29,583,0170,625206,0000,000000,KARNATAKA,Bangalore Rural,VILLAGE,Syakaldevanapura,Rural,179,752,373,379,66,34,32,207,97,110,0,0,0,562,311,251,190,62,128,369,247,122,358,239,119,151,104,47,115,60,55,5,4,1,87,71,16,11,8,3,2,1,1,0,0,0,5,4,1,4,3,1,3,1,2,1,0,1,0,0,0,0,0,0,2,1,1,8,7,1,1,1,0,0,0,0,5,4,1,2,2,0,383,126,257
29,583,0170,625207,0000,000000,KARNATAKA,Bangalore Rural,VILLAGE,Muppadighatta,Rural,91,350,170,180,30,16,14,84,43,41,7,3,4,241,132,109,109,38,71,155,113,42,145,107,38,34,32,2,49,27,22,2,2,0,60,46,14,10,6,4,1,1,0,7,3,4,0,0,0,2,2,0,10,6,4,1,1,0,7,3,4,0,0,0,2,2,0,0,0,0,0,0,0,0,0,0,0,0,0,0,0,0,195,57,138
29,583,0170,625208,0000,000000,KARNATAKA,Bangalore Rural,VILLAGE,Narasaihna Agrahara,Rural,48,226,114,112,20,9,11,21,8,13,0,0,0,169,94,75,57,20,37,164,86,78,159,82,77,148,74,74,0,0,0,2,1,1,9,7,2,5,4,1,0,0,0,0,0,0,0,0,0,5,4,1,5,4,1,0,0,0,0,0,0,0,0,0,5,4,1,0,0,0,0,0,0,0,0,0,0,0,0,0,0,0,62,28,34
29,583,0170,625209,0000,000000,KARNATAKA,Bangalore Rural,VILLAGE,Madagondanahalli,Rural,208,915,491,424,107,56,51,261,137,124,1,1,0,531,331,200,384,160,224,360,340,20,334,317,17,186,182,4,14,13,1,8,8,0,126,114,12,26,23,3,5,5,0,1,1,0,7,5,2,13,12,1,24,21,3,5,5,0,1,1,0,7,5,2,11,10,1,2,2,0,0,0,0,0,0,0,0,0,0,2,2,0,555,151,404
29,583,0170,625210,0000,000000,KARNATAKA,Bangalore Rural,VILLAGE,Gejjigadahalli,Rural,171,794,394,400,71,40,31,245,116,129,0,0,0,571,311,260,223,83,140,414,252,162,411,250,161,178,121,57,100,36,64,4,3,1,129,90,39,3,2,1,2,2,0,0,0,0,0,0,0,1,0,1,2,2,0,2,2,0,0,0,0,0,0,0,0,0,0,1,0,1,0,0,0,0,0,0,0,0,0,1,0,1,380,142,238
29,583,0170,625211,0000,000000,KARNATAKA,Bangalore Rural,VILLAGE,Byrasandra,Rural,218,950,489,461,99,44,55,206,100,106,5,3,2,701,405,296,249,84,165,499,309,190,495,308,187,183,128,55,172,63,109,8,0,8,132,117,15,4,1,3,1,0,1,2,0,2,0,0,0,1,1,0,4,1,3,1,0,1,2,0,2,0,0,0,1,1,0,0,0,0,0,0,0,0,0,0,0,0,0,0,0,0,451,180,271
29,583,0170,625212,0000,000000,KARNATAKA,Bangalore Rural,VILLAGE,Dodda Tumkur,Rural,349,1445,726,719,143,68,75,269,132,137,4,1,3,1075,583,492,370,143,227,606,457,149,533,422,111,217,188,29,51,29,22,0,0,0,265,205,60,73,35,38,3,1,2,28,15,13,0,0,0,42,19,23,51,21,30,3,1,2,21,12,9,0,0,0,27,8,19,22,14,8,0,0,0,7,3,4,0,0,0,15,11,4,839,269,570
29,583,0170,625213,0000,000000,KARNATAKA,Bangalore Rural,VILLAGE,Gowdahalli,Rural,128,575,300,275,58,28,30,49,26,23,100,50,50,451,255,196,124,45,79,362,201,161,358,201,157,150,111,39,135,32,103,5,1,4,68,57,11,4,0,4,2,0,2,2,0,2,0,0,0,0,0,0,4,0,4,2,0,2,2,0,2,0,0,0,0,0,0,0,0,0,0,0,0,0,0,0,0,0,0,0,0,0,213,99,114
29,583,0170,625214,0000,000000,KARNATAKA,Bangalore Rural,VILLAGE,Karim Sonnenahalli,Rural,141,666,349,317,88,51,37,383,198,185,20,11,9,420,240,180,246,109,137,324,204,120,316,202,114,47,32,15,205,126,79,5,3,2,59,41,18,8,2,6,4,2,2,4,0,4,0,0,0,0,0,0,4,0,4,1,0,1,3,0,3,0,0,0,0,0,0,4,2,2,3,2,1,1,0,1,0,0,0,0,0,0,342,145,197
29,583,0170,625215,0000,000000,KARNATAKA,Bangalore Rural,VILLAGE,Kadanur,Rural,281,1144,564,580,119,59,60,375,174,201,0,0,0,813,443,370,331,121,210,464,351,113,455,346,109,185,154,31,118,77,41,3,0,3,149,115,34,9,5,4,1,0,1,3,1,2,0,0,0,5,4,1,8,4,4,1,0,1,3,1,2,0,0,0,4,3,1,1,1,0,0,0,0,0,0,0,0,0,0,1,1,0,680,213,467
29,583,0170,625216,0000,000000,KARNATAKA,Bangalore Rural,VILLAGE,Mallohalli,Rural,211,909,459,450,97,45,52,428,216,212,0,0,0,627,355,272,282,104,178,397,306,91,379,295,84,188,169,19,38,15,23,7,3,4,146,108,38,18,11,7,5,3,2,2,0,2,0,0,0,11,8,3,18,11,7,5,3,2,2,0,2,0,0,0,11,8,3,0,0,0,0,0,0,0,0,0,0,0,0,0,0,0,512,153,359
29,583,0170,625217,0000,000000,KARNATAKA,Bangalore Rural,VILLAGE,Isthur,Rural,156,598,295,303,58,37,21,173,81,92,30,16,14,436,235,201,162,60,102,202,162,40,125,104,21,96,78,18,1,1,0,0,0,0,28,25,3,77,58,19,1,0,1,19,12,7,0,0,0,57,46,11,62,45,17,1,0,1,14,7,7,0,0,0,47,38,9,15,13,2,0,0,0,5,5,0,0,0,0,10,8,2,396,133,263
29,583,0170,625218,0000,000000,KARNATAKA,Bangalore Rural,VILLAGE,Gandragolipura,Rural,88,402,199,203,52,22,30,54,26,28,0,0,0,291,161,130,111,38,73,231,123,108,104,97,7,85,81,4,8,6,2,1,1,0,10,9,1,127,26,101,2,0,2,124,25,99,0,0,0,1,1,0,127,26,101,2,0,2,124,25,99,0,0,0,1,1,0,0,0,0,0,0,0,0,0,0,0,0,0,0,0,0,171,76,95
29,583,0170,625219,0000,000000,KARNATAKA,Bangalore Rural,VILLAGE,Simpadipura,Rural,106,406,194,212,40,15,25,200,89,111,126,64,62,258,150,108,148,44,104,254,133,121,96,87,9,43,40,3,1,1,0,1,1,0,51,45,6,158,46,112,7,4,3,1,0,1,0,0,0,150,42,108,156,45,111,7,4,3,1,0,1,0,0,0,148,41,107,2,1,1,0,0,0,0,0,0,0,0,0,2,1,1,152,61,91
29,583,0170,625220,0000,000000,KARNATAKA,Bangalore Rural,VILLAGE,Gulya,Rural,95,366,182,184,24,14,10,171,83,88,0,0,0,253,140,113,113,42,71,345,172,173,336,166,170,238,121,117,77,29,48,3,1,2,18,15,3,9,6,3,3,1,2,2,1,1,0,0,0,4,4,0,9,6,3,3,1,2,2,1,1,0,0,0,4,4,0,0,0,0,0,0,0,0,0,0,0,0,0,0,0,0,21,10,11
29,583,0170,625221,0000,000000,KARNATAKA,Bangalore Rural,VILLAGE,Purusanahalli,Rural,100,412,209,203,38,19,19,51,26,25,4,2,2,318,180,138,94,29,65,141,124,17,130,113,17,70,68,2,5,4,1,2,2,0,53,39,14,11,11,0,4,4,0,1,1,0,0,0,0,6,6,0,11,11,0,4,4,0,1,1,0,0,0,0,6,6,0,0,0,0,0,0,0,0,0,0,0,0,0,0,0,0,271,85,186
29,583,0170,625222,0000,000000,KARNATAKA,Bangalore Rural,VILLAGE,Badrapura,Rural,49,230,113,117,22,11,11,91,43,48,5,2,3,158,88,70,72,25,47,76,63,13,69,61,8,43,43,0,8,3,5,0,0,0,18,15,3,7,2,5,0,0,0,5,1,4,0,0,0,2,1,1,7,2,5,0,0,0,5,1,4,0,0,0,2,1,1,0,0,0,0,0,0,0,0,0,0,0,0,0,0,0,154,50,104
29,583,0170,625223,0000,000000,KARNATAKA,Bangalore Rural,VILLAGE,Halenahalli,Rural,152,592,285,307,47,26,21,136,66,70,7,1,6,430,240,190,162,45,117,408,210,198,386,203,183,94,89,5,23,11,12,17,11,6,252,92,160,22,7,15,1,1,0,4,2,2,7,0,7,10,4,6,21,6,15,0,0,0,4,2,2,7,0,7,10,4,6,1,1,0,1,1,0,0,0,0,0,0,0,0,0,0,184,75,109
29,583,0170,625224,0000,000000,KARNATAKA,Bangalore Rural,VILLAGE,Nallenahalli,Rural,22,108,55,53,9,4,5,0,0,0,0,0,0,83,48,35,25,7,18,34,34,0,30,30,0,29,29,0,0,0,0,0,0,0,1,1,0,4,4,0,1,1,0,0,0,0,0,0,0,3,3,0,4,4,0,1,1,0,0,0,0,0,0,0,3,3,0,0,0,0,0,0,0,0,0,0,0,0,0,0,0,0,74,21,53
29,583,0170,625225,0000,000000,KARNATAKA,Bangalore Rural,VILLAGE,Honnavara,Rural,117,486,244,242,52,32,20,136,68,68,14,7,7,336,187,149,150,57,93,166,143,23,94,88,6,77,74,3,0,0,0,0,0,0,17,14,3,72,55,17,1,0,1,10,8,2,0,0,0,61,47,14,67,50,17,1,0,1,7,5,2,0,0,0,59,45,14,5,5,0,0,0,0,3,3,0,0,0,0,2,2,0,320,101,219
29,583,0170,625226,0000,000000,KARNATAKA,Bangalore Rural,VILLAGE,Doddavadagere,Rural,66,258,124,134,13,7,6,71,27,44,0,0,0,172,100,72,86,24,62,123,94,29,121,92,29,47,39,8,8,3,5,3,3,0,63,47,16,2,2,0,0,0,0,0,0,0,0,0,0,2,2,0,2,2,0,0,0,0,0,0,0,0,0,0,2,2,0,0,0,0,0,0,0,0,0,0,0,0,0,0,0,0,135,30,105
29,583,0170,625227,0000,000000,KARNATAKA,Bangalore Rural,VILLAGE,Kammasandra,Rural,107,435,223,212,41,24,17,143,72,71,8,3,5,301,175,126,134,48,86,191,146,45,188,145,43,72,57,15,4,1,3,0,0,0,112,87,25,3,1,2,0,0,0,0,0,0,0,0,0,3,1,2,2,0,2,0,0,0,0,0,0,0,0,0,2,0,2,1,1,0,0,0,0,0,0,0,0,0,0,1,1,0,244,77,167
29,583,0170,625228,0000,000000,KARNATAKA,Bangalore Rural,VILLAGE,Chikkavadagere,Rural,49,190,100,90,10,5,5,18,8,10,0,0,0,145,83,62,45,17,28,106,70,36,66,58,8,24,23,1,13,9,4,3,3,0,26,23,3,40,12,28,4,3,1,26,3,23,1,0,1,9,6,3,29,11,18,3,3,0,16,2,14,1,0,1,9,6,3,11,1,10,1,0,1,10,1,9,0,0,0,0,0,0,84,30,54
29,583,0170,625229,0000,000000,KARNATAKA,Bangalore Rural,VILLAGE,Nagenahalli,Rural,109,411,221,190,26,16,10,75,37,38,1,1,0,300,176,124,111,45,66,271,151,120,120,111,9,56,55,1,12,9,3,1,1,0,51,46,5,151,40,111,6,5,1,138,31,107,0,0,0,7,4,3,132,38,94,6,5,1,120,29,91,0,0,0,6,4,2,19,2,17,0,0,0,18,2,16,0,0,0,1,0,1,140,70,70
29,583,0170,625230,0000,000000,KARNATAKA,Bangalore Rural,VILLAGE,Kenjiganahalli,Rural,120,589,322,267,55,23,32,87,48,39,5,3,2,432,258,174,157,64,93,288,208,80,211,156,55,66,59,7,71,28,43,3,3,0,71,66,5,77,52,25,5,3,2,25,15,10,4,4,0,43,30,13,71,46,25,5,3,2,24,14,10,4,4,0,38,25,13,6,6,0,0,0,0,1,1,0,0,0,0,5,5,0,301,114,187
29,583,0170,625231,0000,000000,KARNATAKA,Bangalore Rural,VILLAGE,Uddichikkanahalli,Rural,52,231,116,115,36,18,18,0,0,0,0,0,0,148,80,68,83,36,47,96,71,25,95,71,24,53,50,3,0,0,0,0,0,0,42,21,21,1,0,1,0,0,0,0,0,0,0,0,0,1,0,1,1,0,1,0,0,0,0,0,0,0,0,0,1,0,1,0,0,0,0,0,0,0,0,0,0,0,0,0,0,0,135,45,90
29,583,0170,625232,0000,000000,KARNATAKA,Bangalore Rural,VILLAGE,Kannamangala ,Rural,170,715,351,364,74,31,43,134,64,70,83,40,43,538,297,241,177,54,123,262,201,61,252,195,57,133,117,16,13,9,4,0,0,0,106,69,37,10,6,4,1,1,0,4,1,3,1,1,0,4,3,1,9,5,4,1,1,0,4,1,3,1,1,0,3,2,1,1,1,0,0,0,0,0,0,0,0,0,0,1,1,0,453,150,303
29,583,0170,625233,0000,000000,KARNATAKA,Bangalore Rural,VILLAGE,Jodithimasandra,Rural,185,751,386,365,47,18,29,118,59,59,21,10,11,545,317,228,206,69,137,445,240,205,431,239,192,353,182,171,26,14,12,0,0,0,52,43,9,14,1,13,2,0,2,10,1,9,0,0,0,2,0,2,12,1,11,2,0,2,9,1,8,0,0,0,1,0,1,2,0,2,0,0,0,1,0,1,0,0,0,1,0,1,306,146,160
29,583,0170,625234,0000,000000,KARNATAKA,Bangalore Rural,VILLAGE,Puttenahalli,Rural,15,72,40,32,10,5,5,0,0,0,20,12,8,48,30,18,24,10,14,31,27,4,31,27,4,17,15,2,0,0,0,0,0,0,14,12,2,0,0,0,0,0,0,0,0,0,0,0,0,0,0,0,0,0,0,0,0,0,0,0,0,0,0,0,0,0,0,0,0,0,0,0,0,0,0,0,0,0,0,0,0,0,41,13,28
29,583,0170,625235,0000,000000,KARNATAKA,Bangalore Rural,VILLAGE,Kanasavadi,Rural,441,1825,916,909,196,101,95,201,108,93,93,45,48,1347,738,609,478,178,300,770,530,240,681,496,185,70,61,9,138,94,44,10,10,0,463,331,132,89,34,55,14,6,8,36,12,24,0,0,0,39,16,23,67,30,37,9,5,4,30,10,20,0,0,0,28,15,13,22,4,18,5,1,4,6,2,4,0,0,0,11,1,10,1055,386,669
29,583,0170,625236,0000,000000,KARNATAKA,Bangalore Rural,VILLAGE,Marasandra,Rural,236,908,469,439,83,45,38,215,105,110,94,54,40,592,359,233,316,110,206,417,280,137,398,272,126,95,63,32,40,22,18,0,0,0,263,187,76,19,8,11,4,3,1,7,3,4,0,0,0,8,2,6,16,8,8,4,3,1,7,3,4,0,0,0,5,2,3,3,0,3,0,0,0,0,0,0,0,0,0,3,0,3,491,189,302
29,583,0170,625237,0000,000000,KARNATAKA,Bangalore Rural,VILLAGE,Ramadevanahalli,Rural,190,893,445,448,69,26,43,137,65,72,73,38,35,613,352,261,280,93,187,529,319,210,508,309,199,129,112,17,276,117,159,1,1,0,102,79,23,21,10,11,2,0,2,16,7,9,0,0,0,3,3,0,16,8,8,1,0,1,13,6,7,0,0,0,2,2,0,5,2,3,1,0,1,3,1,2,0,0,0,1,1,0,364,126,238
29,583,0170,625238,0000,000000,KARNATAKA,Bangalore Rural,VILLAGE,Kallodu,Rural,51,237,129,108,24,15,9,18,12,6,0,0,0,169,109,60,68,20,48,158,87,71,148,83,65,107,62,45,15,2,13,4,3,1,22,16,6,10,4,6,1,1,0,0,0,0,0,0,0,9,3,6,10,4,6,1,1,0,0,0,0,0,0,0,9,3,6,0,0,0,0,0,0,0,0,0,0,0,0,0,0,0,79,42,37
29,583,0170,625239,0000,000000,KARNATAKA,Bangalore Rural,VILLAGE,K.G. Sastry Palya ,Rural,42,199,110,89,14,5,9,86,44,42,0,0,0,180,102,78,19,8,11,150,83,67,129,72,57,115,68,47,2,0,2,1,0,1,11,4,7,21,11,10,0,0,0,0,0,0,0,0,0,21,11,10,21,11,10,0,0,0,0,0,0,0,0,0,21,11,10,0,0,0,0,0,0,0,0,0,0,0,0,0,0,0,49,27,22
29,583,0170,625240,0000,000000,KARNATAKA,Bangalore Rural,VILLAGE,Kukkanahalli,Rural,121,565,291,274,55,30,25,257,140,117,67,34,33,389,224,165,176,67,109,280,186,94,271,183,88,54,52,2,131,63,68,34,20,14,52,48,4,9,3,6,0,0,0,9,3,6,0,0,0,0,0,0,7,3,4,0,0,0,7,3,4,0,0,0,0,0,0,2,0,2,0,0,0,2,0,2,0,0,0,0,0,0,285,105,180
29,583,0170,625241,0000,000000,KARNATAKA,Bangalore Rural,VILLAGE,Kodihalli,Rural,440,1924,971,953,187,91,96,392,195,197,7,3,4,1257,738,519,667,233,434,886,616,270,832,582,250,254,203,51,234,115,119,0,0,0,344,264,80,54,34,20,9,4,5,13,5,8,0,0,0,32,25,7,42,26,16,9,4,5,11,3,8,0,0,0,22,19,3,12,8,4,0,0,0,2,2,0,0,0,0,10,6,4,1038,355,683
29,583,0170,625242,0000,000000,KARNATAKA,Bangalore Rural,VILLAGE,Junnasandra,Rural,4,25,11,14,1,1,0,13,7,6,0,0,0,15,8,7,10,3,7,10,5,5,10,5,5,9,5,4,0,0,0,0,0,0,1,0,1,0,0,0,0,0,0,0,0,0,0,0,0,0,0,0,0,0,0,0,0,0,0,0,0,0,0,0,0,0,0,0,0,0,0,0,0,0,0,0,0,0,0,0,0,0,15,6,9
29,583,0170,625243,0000,000000,KARNATAKA,Bangalore Rural,VILLAGE,Madhure,Rural,180,843,425,418,82,48,34,170,75,95,2,2,0,550,313,237,293,112,181,434,272,162,429,269,160,155,145,10,161,39,122,4,4,0,109,81,28,5,3,2,0,0,0,2,0,2,0,0,0,3,3,0,3,1,2,0,0,0,2,0,2,0,0,0,1,1,0,2,2,0,0,0,0,0,0,0,0,0,0,2,2,0,409,153,256
29,583,0170,625244,0000,000000,KARNATAKA,Bangalore Rural,VILLAGE,Madhure Amanikere,Rural,0,0,0,0,0,0,0,0,0,0,0,0,0,0,0,0,0,0,0,0,0,0,0,0,0,0,0,0,0,0,0,0,0,0,0,0,0,0,0,0,0,0,0,0,0,0,0,0,0,0,0,0,0,0,0,0,0,0,0,0,0,0,0,0,0,0,0,0,0,0,0,0,0,0,0,0,0,0,0,0,0,0,0,0,0
29,583,0170,625245,0000,000000,KARNATAKA,Bangalore Rural,VILLAGE,Channadevi Agrahara,Rural,215,1016,515,501,94,50,44,253,122,131,18,8,10,692,389,303,324,126,198,435,331,104,433,330,103,133,119,14,118,68,50,5,5,0,177,138,39,2,1,1,0,0,0,1,1,0,1,0,1,0,0,0,2,1,1,0,0,0,1,1,0,1,0,1,0,0,0,0,0,0,0,0,0,0,0,0,0,0,0,0,0,0,581,184,397
29,583,0170,803233,0032,000000,KARNATAKA,Bangalore Rural,OG,Dargajogihalli (OG) WARD NO.-0032 (Rural MDDS CODE:625247),Urban,1957,8463,4426,4037,900,463,437,554,275,279,154,86,68,6536,3607,2929,1927,819,1108,3400,2475,925,2910,2167,743,41,33,8,19,14,5,154,118,36,2696,2002,694,490,308,182,7,6,1,5,2,3,76,28,48,402,272,130,473,303,170,7,6,1,5,2,3,67,26,41,394,269,125,17,5,12,0,0,0,0,0,0,9,2,7,8,3,5,5063,1951,3112
29,583,0170,625246,0000,000000,KARNATAKA,Bangalore Rural,TOWN,Basettihalli (CT),Urban,2145,7943,4608,3335,843,452,391,1174,624,550,682,377,305,6483,3959,2524,1460,649,811,3999,3036,963,3822,2926,896,19,17,2,21,13,8,12,9,3,3770,2887,883,177,110,67,4,3,1,8,3,5,4,3,1,161,101,60,160,100,60,4,3,1,8,3,5,4,3,1,144,91,53,17,10,7,0,0,0,0,0,0,0,0,0,17,10,7,3944,1572,2372
29,583,0171,000000,0000,000000,KARNATAKA,Bangalore Rural,CD BLOCK,Devanahalli ,Total,31774,146705,75798,70907,15827,8066,7761,39705,20097,19608,17451,8930,8521,98187,56143,42044,48518,19655,28863,74538,47660,26878,61566,42393,19173,26572,19613,6959,15026,8083,6943,1118,589,529,18850,14108,4742,12972,5267,7705,1551,628,923,5340,1856,3484,883,276,607,5198,2507,2691,10964,4393,6571,1349,564,785,4893,1676,3217,650,206,444,4072,1947,2125,2008,874,1134,202,64,138,447,180,267,233,70,163,1126,560,566,72167,28138,44029
29,583,0171,000000,0000,000000,KARNATAKA,Bangalore Rural,CD BLOCK,Devanahalli ,Rural,31774,146705,75798,70907,15827,8066,7761,39705,20097,19608,17451,8930,8521,98187,56143,42044,48518,19655,28863,74538,47660,26878,61566,42393,19173,26572,19613,6959,15026,8083,6943,1118,589,529,18850,14108,4742,12972,5267,7705,1551,628,923,5340,1856,3484,883,276,607,5198,2507,2691,10964,4393,6571,1349,564,785,4893,1676,3217,650,206,444,4072,1947,2125,2008,874,1134,202,64,138,447,180,267,233,70,163,1126,560,566,72167,28138,44029
29,583,0171,000000,0000,000000,KARNATAKA,Bangalore Rural,CD BLOCK,Devanahalli ,Urban,0,0,0,0,0,0,0,0,0,0,0,0,0,0,0,0,0,0,0,0,0,0,0,0,0,0,0,0,0,0,0,0,0,0,0,0,0,0,0,0,0,0,0,0,0,0,0,0,0,0,0,0,0,0,0,0,0,0,0,0,0,0,0,0,0,0,0,0,0,0,0,0,0,0,0,0,0,0,0,0,0,0,0,0,0
29,583,0171,625248,0000,000000,KARNATAKA,Bangalore Rural,VILLAGE,Rabbanahalli,Rural,134,595,310,285,67,36,31,97,49,48,210,108,102,406,239,167,189,71,118,382,206,176,334,202,132,158,113,45,75,28,47,6,3,3,95,58,37,48,4,44,9,0,9,5,1,4,0,0,0,34,3,31,47,3,44,9,0,9,5,1,4,0,0,0,33,2,31,1,1,0,0,0,0,0,0,0,0,0,0,1,1,0,213,104,109
29,583,0171,625249,0000,000000,KARNATAKA,Bangalore Rural,VILLAGE,Ramanathapura,Rural,149,657,348,309,52,29,23,184,87,97,0,0,0,439,253,186,218,95,123,282,213,69,273,207,66,122,101,21,66,37,29,3,3,0,82,66,16,9,6,3,1,1,0,1,0,1,0,0,0,7,5,2,8,6,2,1,1,0,1,0,1,0,0,0,6,5,1,1,0,1,0,0,0,0,0,0,0,0,0,1,0,1,375,135,240
29,583,0171,625250,0000,000000,KARNATAKA,Bangalore Rural,VILLAGE,Meesaganahalli,Rural,142,701,359,342,54,28,26,355,176,179,191,101,90,513,281,232,188,78,110,194,184,10,180,171,9,18,18,0,151,146,5,2,2,0,9,5,4,14,13,1,7,7,0,7,6,1,0,0,0,0,0,0,14,13,1,7,7,0,7,6,1,0,0,0,0,0,0,0,0,0,0,0,0,0,0,0,0,0,0,0,0,0,507,175,332
29,583,0171,625251,0000,000000,KARNATAKA,Bangalore Rural,VILLAGE,Thylagere,Rural,148,599,311,288,44,23,21,136,69,67,6,4,2,412,241,171,187,70,117,399,212,187,384,203,181,214,151,63,163,47,116,0,0,0,7,5,2,15,9,6,4,3,1,9,4,5,0,0,0,2,2,0,14,8,6,4,3,1,9,4,5,0,0,0,1,1,0,1,1,0,0,0,0,0,0,0,0,0,0,1,1,0,200,99,101
29,583,0171,625252,0000,000000,KARNATAKA,Bangalore Rural,VILLAGE,Yerrappanahalli,Rural,1,6,3,3,0,0,0,0,0,0,6,3,3,5,2,3,1,1,0,1,1,0,1,1,0,0,0,0,1,1,0,0,0,0,0,0,0,0,0,0,0,0,0,0,0,0,0,0,0,0,0,0,0,0,0,0,0,0,0,0,0,0,0,0,0,0,0,0,0,0,0,0,0,0,0,0,0,0,0,0,0,0,5,2,3
29,583,0171,625253,0000,000000,KARNATAKA,Bangalore Rural,VILLAGE,Kempathimmanahalli,Rural,105,500,259,241,53,31,22,93,46,47,72,38,34,333,198,135,167,61,106,262,163,99,178,104,74,136,78,58,27,12,15,0,0,0,15,14,1,84,59,25,2,1,1,31,15,16,1,1,0,50,42,8,84,59,25,2,1,1,31,15,16,1,1,0,50,42,8,0,0,0,0,0,0,0,0,0,0,0,0,0,0,0,238,96,142
29,583,0171,625254,0000,000000,KARNATAKA,Bangalore Rural,VILLAGE,Moodiganahalli,Rural,78,416,218,198,33,14,19,295,150,145,39,22,17,243,144,99,173,74,99,142,125,17,126,117,9,16,16,0,102,94,8,0,0,0,8,7,1,16,8,8,1,0,1,6,2,4,3,1,2,6,5,1,16,8,8,1,0,1,6,2,4,3,1,2,6,5,1,0,0,0,0,0,0,0,0,0,0,0,0,0,0,0,274,93,181
29,583,0171,625255,0000,000000,KARNATAKA,Bangalore Rural,VILLAGE,Karahalli,Rural,468,2152,1207,945,221,105,116,567,290,277,80,45,35,1471,933,538,681,274,407,1200,864,336,1086,816,270,286,189,97,284,153,131,2,2,0,514,472,42,114,48,66,23,6,17,52,8,44,1,0,1,38,34,4,106,46,60,21,5,16,48,8,40,1,0,1,36,33,3,8,2,6,2,1,1,4,0,4,0,0,0,2,1,1,952,343,609
29,583,0171,625256,0000,000000,KARNATAKA,Bangalore Rural,VILLAGE,Karahalli Amanikere,Rural,1,5,2,3,1,0,1,0,0,0,0,0,0,3,2,1,2,0,2,1,1,0,0,0,0,0,0,0,0,0,0,0,0,0,0,0,0,1,1,0,0,0,0,1,1,0,0,0,0,0,0,0,1,1,0,0,0,0,1,1,0,0,0,0,0,0,0,0,0,0,0,0,0,0,0,0,0,0,0,0,0,0,4,1,3
29,583,0171,625257,0000,000000,KARNATAKA,Bangalore Rural,VILLAGE,Kottigethimmanahalli,Rural,0,0,0,0,0,0,0,0,0,0,0,0,0,0,0,0,0,0,0,0,0,0,0,0,0,0,0,0,0,0,0,0,0,0,0,0,0,0,0,0,0,0,0,0,0,0,0,0,0,0,0,0,0,0,0,0,0,0,0,0,0,0,0,0,0,0,0,0,0,0,0,0,0,0,0,0,0,0,0,0,0,0,0,0,0
29,583,0171,625258,0000,000000,KARNATAKA,Bangalore Rural,VILLAGE,Sonnenahalli,Rural,84,356,185,171,52,28,24,59,34,25,264,134,130,263,141,122,93,44,49,213,106,107,39,34,5,8,8,0,3,3,0,0,0,0,28,23,5,174,72,102,2,0,2,128,54,74,2,1,1,42,17,25,173,72,101,2,0,2,128,54,74,1,1,0,42,17,25,1,0,1,0,0,0,0,0,0,1,0,1,0,0,0,143,79,64
29,583,0171,625259,0000,000000,KARNATAKA,Bangalore Rural,VILLAGE,Muddanayakanahalli,Rural,134,548,286,262,51,26,25,82,48,34,211,110,101,367,218,149,181,68,113,233,166,67,208,152,56,159,118,41,19,12,7,2,1,1,28,21,7,25,14,11,2,1,1,11,6,5,0,0,0,12,7,5,25,14,11,2,1,1,11,6,5,0,0,0,12,7,5,0,0,0,0,0,0,0,0,0,0,0,0,0,0,0,315,120,195
29,583,0171,625260,0000,000000,KARNATAKA,Bangalore Rural,VILLAGE,Mayasandra,Rural,77,333,169,164,47,25,22,117,60,57,0,0,0,226,124,102,107,45,62,197,101,96,177,100,77,106,73,33,18,7,11,13,3,10,40,17,23,20,1,19,6,1,5,0,0,0,3,0,3,11,0,11,19,1,18,6,1,5,0,0,0,3,0,3,10,0,10,1,0,1,0,0,0,0,0,0,0,0,0,1,0,1,136,68,68
29,583,0171,625261,0000,000000,KARNATAKA,Bangalore Rural,VILLAGE,Koira,Rural,451,2101,1078,1023,238,132,106,1000,500,500,0,0,0,1199,660,539,902,418,484,932,657,275,916,652,264,214,168,46,179,28,151,3,2,1,520,454,66,16,5,11,4,3,1,11,2,9,0,0,0,1,0,1,16,5,11,4,3,1,11,2,9,0,0,0,1,0,1,0,0,0,0,0,0,0,0,0,0,0,0,0,0,0,1169,421,748
29,583,0171,625262,0000,000000,KARNATAKA,Bangalore Rural,VILLAGE,Koira Hosur,Rural,96,442,220,222,67,31,36,119,64,55,0,0,0,284,153,131,158,67,91,196,135,61,178,127,51,75,51,24,15,6,9,3,0,3,85,70,15,18,8,10,5,3,2,4,0,4,1,0,1,8,5,3,18,8,10,5,3,2,4,0,4,1,0,1,8,5,3,0,0,0,0,0,0,0,0,0,0,0,0,0,0,0,246,85,161
29,583,0171,625263,0000,000000,KARNATAKA,Bangalore Rural,VILLAGE,Chikkagollahalli,Rural,169,735,385,350,60,30,30,67,33,34,345,183,162,418,251,167,317,134,183,444,258,186,393,248,145,204,128,76,10,4,6,6,4,2,173,112,61,51,10,41,5,1,4,38,3,35,0,0,0,8,6,2,51,10,41,5,1,4,38,3,35,0,0,0,8,6,2,0,0,0,0,0,0,0,0,0,0,0,0,0,0,0,291,127,164
29,583,0171,625264,0000,000000,KARNATAKA,Bangalore Rural,VILLAGE,Byadarahalli,Rural,218,969,515,454,105,56,49,244,134,110,8,6,2,704,403,301,265,112,153,481,320,161,391,280,111,239,167,72,73,46,27,43,42,1,36,25,11,90,40,50,13,3,10,22,10,12,31,11,20,24,16,8,61,28,33,6,0,6,20,9,11,21,9,12,14,10,4,29,12,17,7,3,4,2,1,1,10,2,8,10,6,4,488,195,293
29,583,0171,625265,0000,000000,KARNATAKA,Bangalore Rural,VILLAGE,Shanappanahalli,Rural,61,329,163,166,38,20,18,95,46,49,2,1,1,244,131,113,85,32,53,159,91,68,73,67,6,55,51,4,7,6,1,0,0,0,11,10,1,86,24,62,25,11,14,40,6,34,8,3,5,13,4,9,85,23,62,25,11,14,40,6,34,8,3,5,12,3,9,1,1,0,0,0,0,0,0,0,0,0,0,1,1,0,170,72,98
29,583,0171,625266,0000,000000,KARNATAKA,Bangalore Rural,VILLAGE,Vajarahalli,Rural,12,41,23,18,5,3,2,0,0,0,0,0,0,18,10,8,23,13,10,15,14,1,13,12,1,1,1,0,0,0,0,4,4,0,8,7,1,2,2,0,1,1,0,0,0,0,0,0,0,1,1,0,2,2,0,1,1,0,0,0,0,0,0,0,1,1,0,0,0,0,0,0,0,0,0,0,0,0,0,0,0,0,26,9,17
29,583,0171,625267,0000,000000,KARNATAKA,Bangalore Rural,VILLAGE,Mangondanahalli,Rural,159,746,373,373,84,45,39,337,174,163,0,0,0,480,264,216,266,109,157,330,210,120,215,199,16,44,42,2,39,39,0,4,4,0,128,114,14,115,11,104,46,1,45,8,3,5,2,2,0,59,5,54,72,7,65,31,1,30,6,1,5,1,1,0,34,4,30,43,4,39,15,0,15,2,2,0,1,1,0,25,1,24,416,163,253
29,583,0171,625268,0000,000000,KARNATAKA,Bangalore Rural,VILLAGE,Aruvanahalli,Rural,156,718,374,344,74,34,40,292,148,144,1,0,1,495,285,210,223,89,134,465,258,207,267,209,58,192,159,33,60,41,19,10,5,5,5,4,1,198,49,149,5,4,1,177,41,136,12,3,9,4,1,3,187,47,140,5,4,1,177,41,136,4,1,3,1,1,0,11,2,9,0,0,0,0,0,0,8,2,6,3,0,3,253,116,137
29,583,0171,625269,0000,000000,KARNATAKA,Bangalore Rural,VILLAGE,Chapparadahalli,Rural,17,59,32,27,8,3,5,31,15,16,0,0,0,34,22,12,25,10,15,37,22,15,9,9,0,8,8,0,0,0,0,0,0,0,1,1,0,28,13,15,0,0,0,23,9,14,0,0,0,5,4,1,26,11,15,0,0,0,21,7,14,0,0,0,5,4,1,2,2,0,0,0,0,2,2,0,0,0,0,0,0,0,22,10,12
29,583,0171,625270,0000,000000,KARNATAKA,Bangalore Rural,VILLAGE,Doddagollahalli,Rural,84,386,205,181,44,22,22,81,44,37,0,0,0,233,141,92,153,64,89,268,153,115,101,97,4,73,71,2,22,20,2,0,0,0,6,6,0,167,56,111,4,3,1,161,51,110,1,1,0,1,1,0,167,56,111,4,3,1,161,51,110,1,1,0,1,1,0,0,0,0,0,0,0,0,0,0,0,0,0,0,0,0,118,52,66
29,583,0171,625271,0000,000000,KARNATAKA,Bangalore Rural,VILLAGE,Byradenahalli,Rural,115,506,247,259,68,29,39,106,51,55,0,0,0,339,185,154,167,62,105,220,148,72,145,132,13,54,53,1,4,4,0,24,23,1,63,52,11,75,16,59,3,2,1,5,3,2,56,5,51,11,6,5,35,10,25,3,2,1,5,3,2,25,4,21,2,1,1,40,6,34,0,0,0,0,0,0,31,1,30,9,5,4,286,99,187
29,583,0171,625272,0000,000000,KARNATAKA,Bangalore Rural,VILLAGE,Chikkobanahalli,Rural,58,221,122,99,29,18,11,97,55,42,0,0,0,113,73,40,108,49,59,126,78,48,106,70,36,47,31,16,13,6,7,0,0,0,46,33,13,20,8,12,2,0,2,8,2,6,0,0,0,10,6,4,18,6,12,2,0,2,8,2,6,0,0,0,8,4,4,2,2,0,0,0,0,0,0,0,0,0,0,2,2,0,95,44,51
29,583,0171,625273,0000,000000,KARNATAKA,Bangalore Rural,VILLAGE,Beerasandra,Rural,205,950,501,449,103,57,46,383,201,182,3,1,2,696,391,305,254,110,144,427,306,121,321,258,63,108,107,1,52,26,26,6,3,3,155,122,33,106,48,58,19,12,7,46,22,24,0,0,0,41,14,27,62,43,19,11,11,0,31,20,11,0,0,0,20,12,8,44,5,39,8,1,7,15,2,13,0,0,0,21,2,19,523,195,328
29,583,0171,625274,0000,000000,KARNATAKA,Bangalore Rural,VILLAGE,Vishwanathapura,Rural,379,1701,879,822,168,88,80,600,325,275,135,66,69,1286,720,566,415,159,256,706,544,162,597,485,112,324,267,57,12,5,7,9,9,0,252,204,48,109,59,50,8,2,6,70,42,28,5,2,3,26,13,13,105,58,47,8,2,6,69,42,27,3,2,1,25,12,13,4,1,3,0,0,0,1,0,1,2,0,2,1,1,0,995,335,660
29,583,0171,625275,0000,000000,KARNATAKA,Bangalore Rural,VILLAGE,Seekayanahalli,Rural,120,487,245,242,41,18,23,56,34,22,0,0,0,348,198,150,139,47,92,280,160,120,280,160,120,240,137,103,15,6,9,0,0,0,25,17,8,0,0,0,0,0,0,0,0,0,0,0,0,0,0,0,0,0,0,0,0,0,0,0,0,0,0,0,0,0,0,0,0,0,0,0,0,0,0,0,0,0,0,0,0,0,207,85,122
29,583,0171,625276,0000,000000,KARNATAKA,Bangalore Rural,VILLAGE,Kundana,Rural,260,1378,731,647,138,74,64,414,207,207,219,135,84,987,564,423,391,167,224,550,362,188,545,360,185,331,195,136,90,66,24,3,1,2,121,98,23,5,2,3,1,0,1,4,2,2,0,0,0,0,0,0,5,2,3,1,0,1,4,2,2,0,0,0,0,0,0,0,0,0,0,0,0,0,0,0,0,0,0,0,0,0,828,369,459
29,583,0171,625277,0000,000000,KARNATAKA,Bangalore Rural,VILLAGE,Chinnakempanahalli,Rural,60,255,140,115,13,6,7,73,34,39,7,5,2,149,96,53,106,44,62,139,96,43,109,94,15,37,36,1,26,24,2,0,0,0,46,34,12,30,2,28,0,0,0,30,2,28,0,0,0,0,0,0,30,2,28,0,0,0,30,2,28,0,0,0,0,0,0,0,0,0,0,0,0,0,0,0,0,0,0,0,0,0,116,44,72
29,583,0171,625278,0000,000000,KARNATAKA,Bangalore Rural,VILLAGE,Alurdoddanahalli,Rural,328,1573,815,758,159,84,75,621,324,297,0,0,0,1159,645,514,414,170,244,827,523,304,546,495,51,362,353,9,58,31,27,9,8,1,117,103,14,281,28,253,11,2,9,195,15,180,60,0,60,15,11,4,281,28,253,11,2,9,195,15,180,60,0,60,15,11,4,0,0,0,0,0,0,0,0,0,0,0,0,0,0,0,746,292,454
29,583,0171,625279,0000,000000,KARNATAKA,Bangalore Rural,VILLAGE,Bannimangala,Rural,181,794,413,381,75,39,36,261,136,125,99,57,42,506,303,203,288,110,178,428,272,156,394,266,128,219,139,80,77,39,38,0,0,0,98,88,10,34,6,28,24,4,20,4,2,2,0,0,0,6,0,6,34,6,28,24,4,20,4,2,2,0,0,0,6,0,6,0,0,0,0,0,0,0,0,0,0,0,0,0,0,0,366,141,225
29,583,0171,625280,0000,000000,KARNATAKA,Bangalore Rural,VILLAGE,Sunnagatta,Rural,237,1107,569,538,145,72,73,196,99,97,7,4,3,685,406,279,422,163,259,574,357,217,420,337,83,93,92,1,44,28,16,0,0,0,283,217,66,154,20,134,99,11,88,14,1,13,0,0,0,41,8,33,99,17,82,55,8,47,12,1,11,0,0,0,32,8,24,55,3,52,44,3,41,2,0,2,0,0,0,9,0,9,533,212,321
29,583,0171,625281,0000,000000,KARNATAKA,Bangalore Rural,VILLAGE,Bannimangala Amanikere,Rural,0,0,0,0,0,0,0,0,0,0,0,0,0,0,0,0,0,0,0,0,0,0,0,0,0,0,0,0,0,0,0,0,0,0,0,0,0,0,0,0,0,0,0,0,0,0,0,0,0,0,0,0,0,0,0,0,0,0,0,0,0,0,0,0,0,0,0,0,0,0,0,0,0,0,0,0,0,0,0,0,0,0,0,0,0
29,583,0171,625282,0000,000000,KARNATAKA,Bangalore Rural,VILLAGE,Bachahalli,Rural,51,230,117,113,32,15,17,54,27,27,10,5,5,134,75,59,96,42,54,121,70,51,84,44,40,37,21,16,1,1,0,1,0,1,45,22,23,37,26,11,0,0,0,31,22,9,0,0,0,6,4,2,37,26,11,0,0,0,31,22,9,0,0,0,6,4,2,0,0,0,0,0,0,0,0,0,0,0,0,0,0,0,109,47,62
29,583,0171,625283,0000,000000,KARNATAKA,Bangalore Rural,VILLAGE,Sulakunte,Rural,104,476,245,231,46,26,20,124,62,62,213,112,101,258,143,115,218,102,116,170,135,35,148,118,30,62,57,5,20,17,3,0,0,0,66,44,22,22,17,5,0,0,0,18,13,5,0,0,0,4,4,0,22,17,5,0,0,0,18,13,5,0,0,0,4,4,0,0,0,0,0,0,0,0,0,0,0,0,0,0,0,0,306,110,196
29,583,0171,625284,0000,000000,KARNATAKA,Bangalore Rural,VILLAGE,Venkatapura,Rural,49,210,98,112,22,9,13,165,75,90,8,4,4,107,53,54,103,45,58,114,67,47,104,66,38,14,14,0,73,42,31,0,0,0,17,10,7,10,1,9,4,0,4,6,1,5,0,0,0,0,0,0,10,1,9,4,0,4,6,1,5,0,0,0,0,0,0,0,0,0,0,0,0,0,0,0,0,0,0,0,0,0,96,31,65
29,583,0171,625285,0000,000000,KARNATAKA,Bangalore Rural,VILLAGE,Lingadeeragollahalli,Rural,61,264,145,119,28,16,12,112,63,49,2,1,1,157,93,64,107,52,55,130,93,37,112,93,19,22,21,1,36,31,5,0,0,0,54,41,13,18,0,18,2,0,2,14,0,14,0,0,0,2,0,2,18,0,18,2,0,2,14,0,14,0,0,0,2,0,2,0,0,0,0,0,0,0,0,0,0,0,0,0,0,0,134,52,82
29,583,0171,625286,0000,000000,KARNATAKA,Bangalore Rural,VILLAGE,Doddacheemanahalli,Rural,100,454,235,219,41,27,14,194,102,92,86,50,36,314,175,139,140,60,80,132,108,24,55,50,5,42,42,0,3,3,0,1,1,0,9,4,5,77,58,19,18,16,2,45,32,13,3,3,0,11,7,4,69,54,15,18,16,2,43,32,11,2,2,0,6,4,2,8,4,4,0,0,0,2,0,2,1,1,0,5,3,2,322,127,195
29,583,0171,625287,0000,000000,KARNATAKA,Bangalore Rural,VILLAGE,Dyavarahalli,Rural,99,420,209,211,48,24,24,347,171,176,49,22,27,195,111,84,225,98,127,213,120,93,115,106,9,40,39,1,12,12,0,0,0,0,63,55,8,98,14,84,4,1,3,28,3,25,0,0,0,66,10,56,27,8,19,3,1,2,10,2,8,0,0,0,14,5,9,71,6,65,1,0,1,18,1,17,0,0,0,52,5,47,207,89,118
29,583,0171,625288,0000,000000,KARNATAKA,Bangalore Rural,VILLAGE,Thindlu,Rural,168,786,416,370,84,49,35,127,64,63,9,4,5,585,337,248,201,79,122,421,260,161,204,181,23,126,119,7,22,13,9,2,2,0,54,47,7,217,79,138,6,1,5,25,9,16,9,3,6,177,66,111,148,61,87,4,1,3,13,5,8,3,2,1,128,53,75,69,18,51,2,0,2,12,4,8,6,1,5,49,13,36,365,156,209
29,583,0171,625289,0000,000000,KARNATAKA,Bangalore Rural,VILLAGE,Pandithapura,Rural,81,346,180,166,36,17,19,80,39,41,0,0,0,195,112,83,151,68,83,196,124,72,160,109,51,72,46,26,5,2,3,0,0,0,83,61,22,36,15,21,5,2,3,27,9,18,1,1,0,3,3,0,33,13,20,5,2,3,24,7,17,1,1,0,3,3,0,3,2,1,0,0,0,3,2,1,0,0,0,0,0,0,150,56,94
29,583,0171,625290,0000,000000,KARNATAKA,Bangalore Rural,VILLAGE,Juttanahalli,Rural,133,607,314,293,73,33,40,107,55,52,3,2,1,439,264,175,168,50,118,367,196,171,365,196,169,257,110,147,4,2,2,0,0,0,104,84,20,2,0,2,1,0,1,0,0,0,0,0,0,1,0,1,1,0,1,1,0,1,0,0,0,0,0,0,0,0,0,1,0,1,0,0,0,0,0,0,0,0,0,1,0,1,240,118,122
29,583,0171,625291,0000,000000,KARNATAKA,Bangalore Rural,VILLAGE,Aradeshahalli,Rural,422,1803,899,904,155,81,74,277,143,134,232,111,121,1272,695,577,531,204,327,795,595,200,529,438,91,211,198,13,12,6,6,8,7,1,298,227,71,266,157,109,8,5,3,11,4,7,0,0,0,247,148,99,252,153,99,6,5,1,8,4,4,0,0,0,238,144,94,14,4,10,2,0,2,3,0,3,0,0,0,9,4,5,1008,304,704
29,583,0171,625292,0000,000000,KARNATAKA,Bangalore Rural,VILLAGE,Maragondanahalli,Rural,61,251,138,113,25,15,10,7,4,3,0,0,0,181,107,74,70,31,39,136,88,48,120,82,38,18,17,1,24,11,13,0,0,0,78,54,24,16,6,10,2,1,1,6,1,5,0,0,0,8,4,4,8,1,7,0,0,0,5,1,4,0,0,0,3,0,3,8,5,3,2,1,1,1,0,1,0,0,0,5,4,1,115,50,65
29,583,0171,625293,0000,000000,KARNATAKA,Bangalore Rural,VILLAGE,Chikkannanahosahalli,Rural,45,191,98,93,28,14,14,100,53,47,0,0,0,133,69,64,58,29,29,99,69,30,99,69,30,13,13,0,16,3,13,0,0,0,70,53,17,0,0,0,0,0,0,0,0,0,0,0,0,0,0,0,0,0,0,0,0,0,0,0,0,0,0,0,0,0,0,0,0,0,0,0,0,0,0,0,0,0,0,0,0,0,92,29,63
29,583,0171,625294,0000,000000,KARNATAKA,Bangalore Rural,VILLAGE,Jalige,Rural,267,1301,675,626,143,72,71,551,292,259,34,20,14,849,492,357,452,183,269,639,422,217,425,356,69,185,162,23,49,42,7,4,3,1,187,149,38,214,66,148,13,4,9,111,32,79,3,1,2,87,29,58,190,62,128,10,4,6,109,32,77,2,0,2,69,26,43,24,4,20,3,0,3,2,0,2,1,1,0,18,3,15,662,253,409
29,583,0171,625295,0000,000000,KARNATAKA,Bangalore Rural,VILLAGE,Bettenahalli,Rural,259,1131,589,542,141,75,66,372,187,185,7,5,2,776,437,339,355,152,203,419,351,68,336,293,43,157,153,4,34,18,16,9,9,0,136,113,23,83,58,25,3,1,2,36,15,21,8,8,0,36,34,2,63,41,22,3,1,2,30,12,18,6,6,0,24,22,2,20,17,3,0,0,0,6,3,3,2,2,0,12,12,0,712,238,474
29,583,0171,625296,0000,000000,KARNATAKA,Bangalore Rural,VILLAGE,Kamenahalli,Rural,50,242,118,124,36,18,18,114,51,63,0,0,0,132,72,60,110,46,64,131,77,54,115,72,43,46,27,19,13,7,6,0,0,0,56,38,18,16,5,11,4,0,4,5,3,2,0,0,0,7,2,5,8,3,5,3,0,3,3,2,1,0,0,0,2,1,1,8,2,6,1,0,1,2,1,1,0,0,0,5,1,4,111,41,70
29,583,0171,625297,0000,000000,KARNATAKA,Bangalore Rural,VILLAGE,Indrasanahalli,Rural,106,463,240,223,64,36,28,276,139,137,0,0,0,338,186,152,125,54,71,237,128,109,217,111,106,194,98,96,1,0,1,6,0,6,16,13,3,20,17,3,5,3,2,0,0,0,2,2,0,13,12,1,16,13,3,4,2,2,0,0,0,2,2,0,10,9,1,4,4,0,1,1,0,0,0,0,0,0,0,3,3,0,226,112,114
29,583,0171,625298,0000,000000,KARNATAKA,Bangalore Rural,VILLAGE,Hegganahalli,Rural,191,819,413,406,124,59,65,528,264,264,2,1,1,468,266,202,351,147,204,385,252,133,187,146,41,27,24,3,12,10,2,5,5,0,143,107,36,198,106,92,1,0,1,111,29,82,0,0,0,86,77,9,198,106,92,1,0,1,111,29,82,0,0,0,86,77,9,0,0,0,0,0,0,0,0,0,0,0,0,0,0,0,434,161,273
29,583,0171,625299,0000,000000,KARNATAKA,Bangalore Rural,VILLAGE,Nagamangala,Rural,154,707,360,347,78,44,34,143,69,74,0,0,0,512,278,234,195,82,113,283,223,60,273,216,57,98,93,5,75,50,25,2,0,2,98,73,25,10,7,3,3,3,0,2,1,1,0,0,0,5,3,2,10,7,3,3,3,0,2,1,1,0,0,0,5,3,2,0,0,0,0,0,0,0,0,0,0,0,0,0,0,0,424,137,287
29,583,0171,625300,0000,000000,KARNATAKA,Bangalore Rural,VILLAGE,Chowdenahalli,Rural,78,332,170,162,36,17,19,88,41,47,9,5,4,208,110,98,124,60,64,172,117,55,153,113,40,24,22,2,39,19,20,2,2,0,88,70,18,19,4,15,3,1,2,15,3,12,0,0,0,1,0,1,15,4,11,3,1,2,12,3,9,0,0,0,0,0,0,4,0,4,0,0,0,3,0,3,0,0,0,1,0,1,160,53,107
29,583,0171,625301,0000,000000,KARNATAKA,Bangalore Rural,VILLAGE,Ilathore,Rural,184,804,426,378,78,39,39,150,71,79,48,22,26,493,307,186,311,119,192,334,262,72,322,260,62,119,107,12,37,17,20,11,9,2,155,127,28,12,2,10,2,0,2,4,0,4,1,0,1,5,2,3,12,2,10,2,0,2,4,0,4,1,0,1,5,2,3,0,0,0,0,0,0,0,0,0,0,0,0,0,0,0,470,164,306
29,583,0171,625302,0000,000000,KARNATAKA,Bangalore Rural,VILLAGE,Singrahalli,Rural,145,746,346,400,106,48,58,600,273,327,0,0,0,380,215,165,366,131,235,311,193,118,293,187,106,31,24,7,238,144,94,0,0,0,24,19,5,18,6,12,2,0,2,15,5,10,0,0,0,1,1,0,10,3,7,1,0,1,8,2,6,0,0,0,1,1,0,8,3,5,1,0,1,7,3,4,0,0,0,0,0,0,435,153,282
29,583,0171,625303,0000,000000,KARNATAKA,Bangalore Rural,VILLAGE,Neraganahalli,Rural,96,432,214,218,41,22,19,83,41,42,35,12,23,317,170,147,115,44,71,226,129,97,225,129,96,86,71,15,90,19,71,3,1,2,46,38,8,1,0,1,0,0,0,1,0,1,0,0,0,0,0,0,1,0,1,0,0,0,1,0,1,0,0,0,0,0,0,0,0,0,0,0,0,0,0,0,0,0,0,0,0,0,206,85,121
29,583,0171,625304,0000,000000,KARNATAKA,Bangalore Rural,VILLAGE,Arasanahalli Peddanahalli,Rural,114,456,227,229,46,18,28,235,111,124,0,0,0,267,156,111,189,71,118,295,163,132,238,136,102,66,40,26,72,31,41,3,2,1,97,63,34,57,27,30,9,5,4,20,7,13,0,0,0,28,15,13,55,26,29,8,4,4,19,7,12,0,0,0,28,15,13,2,1,1,1,1,0,1,0,1,0,0,0,0,0,0,161,64,97
29,583,0171,625305,0000,000000,KARNATAKA,Bangalore Rural,VILLAGE,Devaganahalli,Rural,202,821,406,415,111,45,66,488,237,251,4,1,3,493,282,211,328,124,204,332,233,99,159,114,45,58,57,1,5,5,0,6,4,2,90,48,42,173,119,54,1,0,1,149,118,31,1,1,0,22,0,22,147,101,46,1,0,1,126,100,26,1,1,0,19,0,19,26,18,8,0,0,0,23,18,5,0,0,0,3,0,3,489,173,316
29,583,0171,625306,0000,000000,KARNATAKA,Bangalore Rural,VILLAGE,Solur,Rural,255,1101,564,537,117,47,70,160,77,83,137,62,75,786,458,328,315,106,209,550,371,179,402,357,45,206,196,10,55,44,11,1,1,0,140,116,24,148,14,134,15,2,13,114,6,108,0,0,0,19,6,13,145,11,134,13,0,13,113,5,108,0,0,0,19,6,13,3,3,0,2,2,0,1,1,0,0,0,0,0,0,0,551,193,358
29,583,0171,625307,0000,000000,KARNATAKA,Bangalore Rural,VILLAGE,Solur Dinne,Rural,139,608,301,307,76,33,43,0,0,0,599,298,301,330,187,143,278,114,164,236,186,50,231,185,46,49,49,0,133,95,38,6,4,2,43,37,6,5,1,4,0,0,0,3,0,3,1,0,1,1,1,0,5,1,4,0,0,0,3,0,3,1,0,1,1,1,0,0,0,0,0,0,0,0,0,0,0,0,0,0,0,0,372,115,257
29,583,0171,625308,0000,000000,KARNATAKA,Bangalore Rural,VILLAGE,Doddasagarahalli,Rural,149,719,361,358,83,41,42,133,64,69,3,2,1,453,243,210,266,118,148,419,246,173,270,159,111,264,156,108,1,1,0,4,1,3,1,1,0,149,87,62,1,0,1,61,37,24,8,6,2,79,44,35,51,25,26,1,0,1,20,15,5,0,0,0,30,10,20,98,62,36,0,0,0,41,22,19,8,6,2,49,34,15,300,115,185
29,583,0171,625309,0000,000000,KARNATAKA,Bangalore Rural,VILLAGE,Singawara,Rural,78,353,203,150,37,23,14,26,13,13,11,6,5,250,155,95,103,48,55,175,131,44,134,99,35,133,99,34,0,0,0,0,0,0,1,0,1,41,32,9,0,0,0,22,13,9,0,0,0,19,19,0,20,13,7,0,0,0,12,5,7,0,0,0,8,8,0,21,19,2,0,0,0,10,8,2,0,0,0,11,11,0,178,72,106
29,583,0171,625310,0000,000000,KARNATAKA,Bangalore Rural,VILLAGE,Hurlagurki,Rural,303,1416,726,690,168,94,74,261,141,120,263,118,145,976,540,436,440,186,254,955,494,461,899,465,434,366,188,178,240,122,118,2,1,1,291,154,137,56,29,27,4,3,1,4,4,0,0,0,0,48,22,26,53,27,26,4,3,1,3,3,0,0,0,0,46,21,25,3,2,1,0,0,0,1,1,0,0,0,0,2,1,1,461,232,229
29,583,0171,625311,0000,000000,KARNATAKA,Bangalore Rural,VILLAGE,Bingipura,Rural,0,0,0,0,0,0,0,0,0,0,0,0,0,0,0,0,0,0,0,0,0,0,0,0,0,0,0,0,0,0,0,0,0,0,0,0,0,0,0,0,0,0,0,0,0,0,0,0,0,0,0,0,0,0,0,0,0,0,0,0,0,0,0,0,0,0,0,0,0,0,0,0,0,0,0,0,0,0,0,0,0,0,0,0,0
29,583,0171,625312,0000,000000,KARNATAKA,Bangalore Rural,VILLAGE,Mudugurki,Rural,140,667,324,343,81,39,42,383,184,199,2,1,1,430,232,198,237,92,145,348,211,137,345,211,134,143,103,40,201,107,94,0,0,0,1,1,0,3,0,3,0,0,0,2,0,2,0,0,0,1,0,1,3,0,3,0,0,0,2,0,2,0,0,0,1,0,1,0,0,0,0,0,0,0,0,0,0,0,0,0,0,0,319,113,206
29,583,0171,625313,0000,000000,KARNATAKA,Bangalore Rural,VILLAGE,Hosahudya,Rural,197,867,443,424,104,58,46,220,113,107,20,8,12,585,320,265,282,123,159,534,275,259,534,275,259,205,115,90,196,87,109,1,1,0,132,72,60,0,0,0,0,0,0,0,0,0,0,0,0,0,0,0,0,0,0,0,0,0,0,0,0,0,0,0,0,0,0,0,0,0,0,0,0,0,0,0,0,0,0,0,0,0,333,168,165
29,583,0171,625314,0000,000000,KARNATAKA,Bangalore Rural,VILLAGE,Thatamachanahalli Amanikere,Rural,1,2,2,0,0,0,0,0,0,0,0,0,0,2,2,0,0,0,0,2,2,0,2,2,0,0,0,0,0,0,0,0,0,0,2,2,0,0,0,0,0,0,0,0,0,0,0,0,0,0,0,0,0,0,0,0,0,0,0,0,0,0,0,0,0,0,0,0,0,0,0,0,0,0,0,0,0,0,0,0,0,0,0,0,0
29,583,0171,625315,0000,000000,KARNATAKA,Bangalore Rural,VILLAGE,Venkatagirikote,Rural,426,1861,942,919,207,110,97,644,329,315,112,59,53,1223,684,539,638,258,380,763,549,214,758,545,213,143,129,14,498,318,180,0,0,0,117,98,19,5,4,1,1,1,0,0,0,0,0,0,0,4,3,1,5,4,1,1,1,0,0,0,0,0,0,0,4,3,1,0,0,0,0,0,0,0,0,0,0,0,0,0,0,0,1098,393,705
29,583,0171,625316,0000,000000,KARNATAKA,Bangalore Rural,VILLAGE,Irigenahalli,Rural,115,519,257,262,50,29,21,306,151,155,0,0,0,335,182,153,184,75,109,299,167,132,113,85,28,48,42,6,46,27,19,3,3,0,16,13,3,186,82,104,15,3,12,119,46,73,3,0,3,49,33,16,124,72,52,8,2,6,76,41,35,2,0,2,38,29,9,62,10,52,7,1,6,43,5,38,1,0,1,11,4,7,220,90,130
29,583,0171,625317,0000,000000,KARNATAKA,Bangalore Rural,VILLAGE,Hosahalli,Rural,182,820,414,406,69,38,31,91,41,50,12,5,7,622,337,285,198,77,121,506,270,236,286,213,73,164,125,39,74,58,16,6,4,2,42,26,16,220,57,163,78,21,57,116,26,90,13,1,12,13,9,4,209,55,154,76,20,56,110,26,84,11,0,11,12,9,3,11,2,9,2,1,1,6,0,6,2,1,1,1,0,1,314,144,170
29,583,0171,625318,0000,000000,KARNATAKA,Bangalore Rural,VILLAGE,Gollahalli,Rural,147,572,289,283,66,35,31,357,182,175,41,21,20,295,163,132,277,126,151,239,159,80,217,155,62,39,35,4,78,48,30,0,0,0,100,72,28,22,4,18,1,1,0,11,0,11,0,0,0,10,3,7,20,3,17,1,1,0,11,0,11,0,0,0,8,2,6,2,1,1,0,0,0,0,0,0,0,0,0,2,1,1,333,130,203
29,583,0171,625319,0000,000000,KARNATAKA,Bangalore Rural,VILLAGE,Gonur,Rural,83,368,193,175,28,20,8,0,0,0,0,0,0,254,138,116,114,55,59,104,90,14,97,87,10,68,63,5,4,2,2,0,0,0,25,22,3,7,3,4,4,0,4,1,1,0,0,0,0,2,2,0,7,3,4,4,0,4,1,1,0,0,0,0,2,2,0,0,0,0,0,0,0,0,0,0,0,0,0,0,0,0,264,103,161
29,583,0171,625320,0000,000000,KARNATAKA,Bangalore Rural,VILLAGE,Gururayana Hosur,Rural,0,0,0,0,0,0,0,0,0,0,0,0,0,0,0,0,0,0,0,0,0,0,0,0,0,0,0,0,0,0,0,0,0,0,0,0,0,0,0,0,0,0,0,0,0,0,0,0,0,0,0,0,0,0,0,0,0,0,0,0,0,0,0,0,0,0,0,0,0,0,0,0,0,0,0,0,0,0,0,0,0,0,0,0,0
29,583,0171,625321,0000,000000,KARNATAKA,Bangalore Rural,VILLAGE,Bijjawara,Rural,334,1523,747,776,141,63,78,568,282,286,0,0,0,1113,618,495,410,129,281,737,477,260,448,403,45,212,193,19,135,123,12,10,10,0,91,77,14,289,74,215,23,6,17,45,18,27,1,1,0,220,49,171,246,62,184,10,5,5,29,13,16,1,1,0,206,43,163,43,12,31,13,1,12,16,5,11,0,0,0,14,6,8,786,270,516
29,583,0171,625322,0000,000000,KARNATAKA,Bangalore Rural,VILLAGE,Narayanapura,Rural,219,1043,525,518,110,57,53,252,127,125,17,8,9,703,401,302,340,124,216,653,329,324,651,329,322,425,203,222,124,46,78,4,2,2,98,78,20,2,0,2,1,0,1,0,0,0,0,0,0,1,0,1,2,0,2,1,0,1,0,0,0,0,0,0,1,0,1,0,0,0,0,0,0,0,0,0,0,0,0,0,0,0,390,196,194
29,583,0171,625323,0000,000000,KARNATAKA,Bangalore Rural,VILLAGE,Sambaragiddada Kavalu,Rural,0,0,0,0,0,0,0,0,0,0,0,0,0,0,0,0,0,0,0,0,0,0,0,0,0,0,0,0,0,0,0,0,0,0,0,0,0,0,0,0,0,0,0,0,0,0,0,0,0,0,0,0,0,0,0,0,0,0,0,0,0,0,0,0,0,0,0,0,0,0,0,0,0,0,0,0,0,0,0,0,0,0,0,0,0
29,583,0171,625324,0000,000000,KARNATAKA,Bangalore Rural,VILLAGE,Chinnappanayakana Hosur,Rural,73,307,154,153,36,19,17,160,79,81,42,17,25,175,100,75,132,54,78,158,89,69,153,88,65,38,30,8,79,40,39,0,0,0,36,18,18,5,1,4,0,0,0,2,1,1,0,0,0,3,0,3,4,1,3,0,0,0,2,1,1,0,0,0,2,0,2,1,0,1,0,0,0,0,0,0,0,0,0,1,0,1,149,65,84
29,583,0171,625325,0000,000000,KARNATAKA,Bangalore Rural,VILLAGE,Ranganathapura,Rural,140,628,328,300,67,34,33,58,34,24,6,2,4,414,248,166,214,80,134,397,209,188,397,209,188,108,65,43,217,123,94,51,3,48,21,18,3,0,0,0,0,0,0,0,0,0,0,0,0,0,0,0,0,0,0,0,0,0,0,0,0,0,0,0,0,0,0,0,0,0,0,0,0,0,0,0,0,0,0,0,0,0,231,119,112
29,583,0171,625326,0000,000000,KARNATAKA,Bangalore Rural,VILLAGE,P.Ranganathapura,Rural,125,588,288,300,65,35,30,292,142,150,18,9,9,341,187,154,247,101,146,258,176,82,254,174,80,40,36,4,155,91,64,0,0,0,59,47,12,4,2,2,0,0,0,0,0,0,0,0,0,4,2,2,4,2,2,0,0,0,0,0,0,0,0,0,4,2,2,0,0,0,0,0,0,0,0,0,0,0,0,0,0,0,330,112,218
29,583,0171,625327,0000,000000,KARNATAKA,Bangalore Rural,VILLAGE,Gudla Muddenahalli,Rural,227,1105,609,496,78,41,37,287,144,143,15,8,7,815,505,310,290,104,186,462,319,143,334,222,112,191,124,67,104,74,30,2,0,2,37,24,13,128,97,31,5,4,1,111,85,26,5,3,2,7,5,2,124,96,28,5,4,1,110,85,25,2,2,0,7,5,2,4,1,3,0,0,0,1,0,1,3,1,2,0,0,0,643,290,353
29,583,0171,625328,0000,000000,KARNATAKA,Bangalore Rural,VILLAGE,Chikkenahalli,Rural,63,284,137,147,21,11,10,48,22,26,40,18,22,212,107,105,72,30,42,162,82,80,162,82,80,76,50,26,43,20,23,28,2,26,15,10,5,0,0,0,0,0,0,0,0,0,0,0,0,0,0,0,0,0,0,0,0,0,0,0,0,0,0,0,0,0,0,0,0,0,0,0,0,0,0,0,0,0,0,0,0,0,122,55,67
29,583,0171,625329,0000,000000,KARNATAKA,Bangalore Rural,VILLAGE,Doddamuddenahalli,Rural,80,353,186,167,28,14,14,119,69,50,36,17,19,243,148,95,110,38,72,225,124,101,224,123,101,159,85,74,31,18,13,0,0,0,34,20,14,1,1,0,1,1,0,0,0,0,0,0,0,0,0,0,1,1,0,1,1,0,0,0,0,0,0,0,0,0,0,0,0,0,0,0,0,0,0,0,0,0,0,0,0,0,128,62,66
29,583,0171,625330,0000,000000,KARNATAKA,Bangalore Rural,VILLAGE,Holerahalli,Rural,155,705,369,336,83,51,32,59,31,28,598,313,285,478,272,206,227,97,130,354,220,134,165,107,58,51,39,12,6,5,1,1,0,1,107,63,44,189,113,76,6,3,3,150,91,59,2,1,1,31,18,13,189,113,76,6,3,3,150,91,59,2,1,1,31,18,13,0,0,0,0,0,0,0,0,0,0,0,0,0,0,0,351,149,202
29,583,0171,625331,0000,000000,KARNATAKA,Bangalore Rural,VILLAGE,Thimmahalli,Rural,126,537,278,259,39,18,21,181,91,90,10,4,6,390,227,163,147,51,96,323,185,138,280,178,102,73,59,14,100,59,41,20,13,7,87,47,40,43,7,36,7,3,4,6,1,5,4,2,2,26,1,25,39,7,32,7,3,4,4,1,3,3,2,1,25,1,24,4,0,4,0,0,0,2,0,2,1,0,1,1,0,1,214,93,121
29,583,0171,625332,0000,000000,KARNATAKA,Bangalore Rural,VILLAGE,Harohalli,Rural,350,1589,805,784,165,92,73,528,264,264,16,10,6,1089,583,506,500,222,278,660,404,256,616,385,231,243,153,90,102,59,43,7,2,5,264,171,93,44,19,25,12,6,6,6,1,5,1,1,0,25,11,14,41,17,24,10,5,5,6,1,5,1,1,0,24,10,14,3,2,1,2,1,1,0,0,0,0,0,0,1,1,0,929,401,528
29,583,0171,625333,0000,000000,KARNATAKA,Bangalore Rural,VILLAGE,Bullahalli,Rural,192,845,439,406,90,40,50,336,172,164,2,1,1,507,301,206,338,138,200,479,293,186,479,293,186,127,73,54,237,132,105,5,5,0,110,83,27,0,0,0,0,0,0,0,0,0,0,0,0,0,0,0,0,0,0,0,0,0,0,0,0,0,0,0,0,0,0,0,0,0,0,0,0,0,0,0,0,0,0,0,0,0,366,146,220
29,583,0171,625334,0000,000000,KARNATAKA,Bangalore Rural,VILLAGE,Koramangala,Rural,370,1892,976,916,196,97,99,521,264,257,252,131,121,1232,736,496,660,240,420,1216,668,548,953,536,417,273,190,83,531,238,293,19,12,7,130,96,34,263,132,131,2,1,1,225,108,117,5,2,3,31,21,10,246,122,124,2,1,1,208,98,110,5,2,3,31,21,10,17,10,7,0,0,0,17,10,7,0,0,0,0,0,0,676,308,368
29,583,0171,625335,0000,000000,KARNATAKA,Bangalore Rural,VILLAGE,Byrapura,Rural,78,421,215,206,55,30,25,205,103,102,15,10,5,254,147,107,167,68,99,239,137,102,72,68,4,56,55,1,5,4,1,0,0,0,11,9,2,167,69,98,5,3,2,4,1,3,3,3,0,155,62,93,162,67,95,5,3,2,4,1,3,2,2,0,151,61,90,5,2,3,0,0,0,0,0,0,1,1,0,4,1,3,182,78,104
29,583,0171,625336,0000,000000,KARNATAKA,Bangalore Rural,VILLAGE,Dandiganahalli,Rural,261,1188,590,598,122,65,57,251,127,124,276,139,137,807,437,370,381,153,228,664,396,268,657,392,265,297,175,122,226,118,108,18,10,8,116,89,27,7,4,3,0,0,0,0,0,0,1,0,1,6,4,2,3,1,2,0,0,0,0,0,0,0,0,0,3,1,2,4,3,1,0,0,0,0,0,0,1,0,1,3,3,0,524,194,330
29,583,0171,625337,0000,000000,KARNATAKA,Bangalore Rural,VILLAGE,Chikkanahalli,Rural,239,1124,567,557,123,50,73,552,273,279,12,8,4,848,469,379,276,98,178,522,371,151,517,368,149,145,126,19,173,86,87,15,10,5,184,146,38,5,3,2,1,1,0,4,2,2,0,0,0,0,0,0,5,3,2,1,1,0,4,2,2,0,0,0,0,0,0,0,0,0,0,0,0,0,0,0,0,0,0,0,0,0,602,196,406
29,583,0171,625338,0000,000000,KARNATAKA,Bangalore Rural,VILLAGE,Pura,Rural,137,636,325,311,72,39,33,227,110,117,0,0,0,428,240,188,208,85,123,410,208,202,252,137,115,86,70,16,13,5,8,149,59,90,4,3,1,158,71,87,9,2,7,33,15,18,25,12,13,91,42,49,146,69,77,2,2,0,33,15,18,21,10,11,90,42,48,12,2,10,7,0,7,0,0,0,4,2,2,1,0,1,226,117,109
29,583,0171,625339,0000,000000,KARNATAKA,Bangalore Rural,VILLAGE,Kommasandra,Rural,181,885,461,424,101,52,49,281,140,141,69,38,31,575,334,241,310,127,183,574,306,268,572,306,266,308,157,151,186,82,104,0,0,0,78,67,11,2,0,2,1,0,1,1,0,1,0,0,0,0,0,0,2,0,2,1,0,1,1,0,1,0,0,0,0,0,0,0,0,0,0,0,0,0,0,0,0,0,0,0,0,0,311,155,156
29,583,0171,625340,0000,000000,KARNATAKA,Bangalore Rural,VILLAGE,Haralur Nagenahalli,Rural,49,211,107,104,18,8,10,39,17,22,83,44,39,151,82,69,60,25,35,88,59,29,84,57,27,35,26,9,33,18,15,0,0,0,16,13,3,4,2,2,0,0,0,3,1,2,1,1,0,0,0,0,4,2,2,0,0,0,3,1,2,1,1,0,0,0,0,0,0,0,0,0,0,0,0,0,0,0,0,0,0,0,123,48,75
29,583,0171,625341,0000,000000,KARNATAKA,Bangalore Rural,VILLAGE,Bhattrenahalli,Rural,79,390,203,187,32,18,14,129,65,64,0,0,0,297,164,133,93,39,54,254,133,121,168,129,39,73,57,16,69,53,16,0,0,0,26,19,7,86,4,82,24,0,24,59,3,56,1,0,1,2,1,1,85,3,82,24,0,24,58,2,56,1,0,1,2,1,1,1,1,0,0,0,0,1,1,0,0,0,0,0,0,0,136,70,66
29,583,0171,625342,0000,000000,KARNATAKA,Bangalore Rural,VILLAGE,Shettahalli,Rural,47,214,103,111,25,12,13,196,95,101,0,0,0,137,74,63,77,29,48,131,64,67,131,64,67,14,9,5,103,45,58,0,0,0,14,10,4,0,0,0,0,0,0,0,0,0,0,0,0,0,0,0,0,0,0,0,0,0,0,0,0,0,0,0,0,0,0,0,0,0,0,0,0,0,0,0,0,0,0,0,0,0,83,39,44
29,583,0171,625343,0000,000000,KARNATAKA,Bangalore Rural,VILLAGE,Vijayapura Amanikere,Rural,0,0,0,0,0,0,0,0,0,0,0,0,0,0,0,0,0,0,0,0,0,0,0,0,0,0,0,0,0,0,0,0,0,0,0,0,0,0,0,0,0,0,0,0,0,0,0,0,0,0,0,0,0,0,0,0,0,0,0,0,0,0,0,0,0,0,0,0,0,0,0,0,0,0,0,0,0,0,0,0,0,0,0,0,0
29,583,0171,625344,0000,000000,KARNATAKA,Bangalore Rural,VILLAGE,Yaluvahalli,Rural,115,551,277,274,66,41,25,27,11,16,0,0,0,381,197,184,170,80,90,180,168,12,179,168,11,96,96,0,46,38,8,0,0,0,37,34,3,1,0,1,0,0,0,1,0,1,0,0,0,0,0,0,1,0,1,0,0,0,1,0,1,0,0,0,0,0,0,0,0,0,0,0,0,0,0,0,0,0,0,0,0,0,371,109,262
29,583,0171,625345,0000,000000,KARNATAKA,Bangalore Rural,VILLAGE,Venkatenahalli,Rural,133,677,347,330,63,30,33,89,46,43,396,202,194,396,241,155,281,106,175,411,213,198,409,212,197,47,33,14,187,63,124,0,0,0,175,116,59,2,1,1,0,0,0,2,1,1,0,0,0,0,0,0,2,1,1,0,0,0,2,1,1,0,0,0,0,0,0,0,0,0,0,0,0,0,0,0,0,0,0,0,0,0,266,134,132
29,583,0171,625346,0000,000000,KARNATAKA,Bangalore Rural,VILLAGE,Chandenahalli,Rural,153,735,381,354,78,44,34,374,199,175,188,91,97,444,248,196,291,133,158,271,223,48,260,217,43,67,66,1,96,76,20,0,0,0,97,75,22,11,6,5,1,1,0,5,2,3,0,0,0,5,3,2,10,5,5,1,1,0,5,2,3,0,0,0,4,2,2,1,1,0,0,0,0,0,0,0,0,0,0,1,1,0,464,158,306
29,583,0171,625347,0000,000000,KARNATAKA,Bangalore Rural,VILLAGE,Kondenahalli,Rural,2,8,5,3,0,0,0,0,0,0,0,0,0,3,3,0,5,2,3,6,4,2,6,4,2,6,4,2,0,0,0,0,0,0,0,0,0,0,0,0,0,0,0,0,0,0,0,0,0,0,0,0,0,0,0,0,0,0,0,0,0,0,0,0,0,0,0,0,0,0,0,0,0,0,0,0,0,0,0,0,0,0,2,1,1
29,583,0171,625348,0000,000000,KARNATAKA,Bangalore Rural,VILLAGE,Guduvanahalli,Rural,30,175,90,85,19,6,13,0,0,0,3,2,1,123,71,52,52,19,33,83,58,25,63,50,13,27,27,0,21,15,6,0,0,0,15,8,7,20,8,12,0,0,0,0,0,0,0,0,0,20,8,12,18,8,10,0,0,0,0,0,0,0,0,0,18,8,10,2,0,2,0,0,0,0,0,0,0,0,0,2,0,2,92,32,60
29,583,0171,625349,0000,000000,KARNATAKA,Bangalore Rural,VILLAGE,Chikka Thattamangala,Rural,124,636,321,315,58,24,34,65,33,32,564,285,279,449,261,188,187,60,127,252,192,60,227,176,51,97,78,19,94,67,27,0,0,0,36,31,5,25,16,9,5,5,0,10,6,4,0,0,0,10,5,5,25,16,9,5,5,0,10,6,4,0,0,0,10,5,5,0,0,0,0,0,0,0,0,0,0,0,0,0,0,0,384,129,255
29,583,0171,625350,0000,000000,KARNATAKA,Bangalore Rural,VILLAGE,Dodda Thattamangala,Rural,243,1218,619,599,140,58,82,126,67,59,415,213,202,844,491,353,374,128,246,625,386,239,560,367,193,269,179,90,181,105,76,8,6,2,102,77,25,65,19,46,1,0,1,4,2,2,1,0,1,59,17,42,42,17,25,1,0,1,4,2,2,0,0,0,37,15,22,23,2,21,0,0,0,0,0,0,1,0,1,22,2,20,593,233,360
29,583,0171,625351,0000,000000,KARNATAKA,Bangalore Rural,VILLAGE,Thimmanahalli,Rural,61,335,166,169,27,12,15,192,89,103,0,0,0,185,102,83,150,64,86,176,90,86,162,84,78,72,43,29,45,22,23,1,0,1,44,19,25,14,6,8,0,0,0,2,2,0,0,0,0,12,4,8,6,2,4,0,0,0,0,0,0,0,0,0,6,2,4,8,4,4,0,0,0,2,2,0,0,0,0,6,2,4,159,76,83
29,583,0171,625352,0000,000000,KARNATAKA,Bangalore Rural,VILLAGE,Gaddadanagenahalli,Rural,104,515,274,241,46,25,21,125,61,64,0,0,0,379,219,160,136,55,81,224,179,45,193,168,25,79,76,3,57,49,8,0,0,0,57,43,14,31,11,20,0,0,0,9,3,6,0,0,0,22,8,14,26,10,16,0,0,0,7,3,4,0,0,0,19,7,12,5,1,4,0,0,0,2,0,2,0,0,0,3,1,2,291,95,196
29,583,0171,625353,0000,000000,KARNATAKA,Bangalore Rural,VILLAGE,Mandibele,Rural,251,1159,601,558,100,54,46,128,69,59,216,110,106,794,453,341,365,148,217,588,392,196,449,373,76,239,234,5,139,83,56,4,4,0,67,52,15,139,19,120,5,2,3,71,11,60,6,0,6,57,6,51,100,16,84,5,2,3,55,10,45,5,0,5,35,4,31,39,3,36,0,0,0,16,1,15,1,0,1,22,2,20,571,209,362
29,583,0171,625354,0000,000000,KARNATAKA,Bangalore Rural,VILLAGE,Gejjaguppe,Rural,18,96,56,40,9,5,4,86,51,35,0,0,0,66,42,24,30,14,16,64,37,27,63,37,26,3,3,0,56,30,26,0,0,0,4,4,0,1,0,1,0,0,0,1,0,1,0,0,0,0,0,0,1,0,1,0,0,0,1,0,1,0,0,0,0,0,0,0,0,0,0,0,0,0,0,0,0,0,0,0,0,0,32,19,13
29,583,0171,625355,0000,000000,KARNATAKA,Bangalore Rural,VILLAGE,Dharmapura,Rural,230,1129,560,569,118,58,60,228,121,107,40,19,21,731,410,321,398,150,248,773,395,378,770,395,375,266,251,15,486,134,352,0,0,0,18,10,8,3,0,3,1,0,1,0,0,0,0,0,0,2,0,2,3,0,3,1,0,1,0,0,0,0,0,0,2,0,2,0,0,0,0,0,0,0,0,0,0,0,0,0,0,0,356,165,191
29,583,0171,625356,0000,000000,KARNATAKA,Bangalore Rural,VILLAGE,Kodagurki,Rural,224,1062,546,516,127,61,66,299,141,158,181,91,90,661,392,269,401,154,247,490,350,140,466,346,120,250,190,60,38,12,26,11,4,7,167,140,27,24,4,20,3,1,2,17,1,16,0,0,0,4,2,2,22,3,19,3,1,2,17,1,16,0,0,0,2,1,1,2,1,1,0,0,0,0,0,0,0,0,0,2,1,1,572,196,376
29,583,0171,625357,0000,000000,KARNATAKA,Bangalore Rural,VILLAGE,Yambarahalli,Rural,212,1057,547,510,125,63,62,331,172,159,3,1,2,751,422,329,306,125,181,625,348,277,404,344,60,257,249,8,36,14,22,2,1,1,109,80,29,221,4,217,1,0,1,198,4,194,21,0,21,1,0,1,218,2,216,1,0,1,196,2,194,20,0,20,1,0,1,3,2,1,0,0,0,2,2,0,1,0,1,0,0,0,432,199,233
29,583,0171,625358,0000,000000,KARNATAKA,Bangalore Rural,VILLAGE,Dasarahalli,Rural,167,785,413,372,93,50,43,284,144,140,0,0,0,484,286,198,301,127,174,496,279,217,460,258,202,149,85,64,164,74,90,0,0,0,147,99,48,36,21,15,9,5,4,13,6,7,0,0,0,14,10,4,30,16,14,6,2,4,11,4,7,0,0,0,13,10,3,6,5,1,3,3,0,2,2,0,0,0,0,1,0,1,289,134,155
29,583,0171,625359,0000,000000,KARNATAKA,Bangalore Rural,VILLAGE,Avathi,Rural,778,3304,1678,1626,410,218,192,725,374,351,173,88,85,2202,1214,988,1102,464,638,1602,1030,572,1535,1004,531,299,232,67,429,181,248,30,18,12,777,573,204,67,26,41,1,1,0,40,9,31,2,1,1,24,15,9,65,25,40,1,1,0,40,9,31,2,1,1,22,14,8,2,1,1,0,0,0,0,0,0,0,0,0,2,1,1,1702,648,1054
29,583,0171,625360,0000,000000,KARNATAKA,Bangalore Rural,VILLAGE,Gobbarakunte,Rural,179,911,465,446,105,54,51,236,118,118,57,23,34,664,363,301,247,102,145,571,322,249,516,298,218,142,124,18,239,90,149,23,10,13,112,74,38,55,24,31,3,2,1,31,8,23,6,4,2,15,10,5,50,21,29,3,2,1,29,8,21,4,2,2,14,9,5,5,3,2,0,0,0,2,0,2,2,2,0,1,1,0,340,143,197
29,583,0171,625361,0000,000000,KARNATAKA,Bangalore Rural,VILLAGE,Byrappanahalli,Rural,90,364,193,171,34,21,13,109,61,48,97,49,48,227,132,95,137,61,76,223,119,104,166,105,61,89,58,31,11,3,8,1,0,1,65,44,21,57,14,43,2,1,1,42,6,36,0,0,0,13,7,6,56,13,43,2,1,1,42,6,36,0,0,0,12,6,6,1,1,0,0,0,0,0,0,0,0,0,0,1,1,0,141,74,67
29,583,0171,625362,0000,000000,KARNATAKA,Bangalore Rural,VILLAGE,Maligenahalli,Rural,141,1153,789,364,75,37,38,118,72,46,203,107,96,951,712,239,202,77,125,318,241,77,274,216,58,79,73,6,26,17,9,18,16,2,151,110,41,44,25,19,5,2,3,33,19,14,1,1,0,5,3,2,40,24,16,4,2,2,31,19,12,1,1,0,4,2,2,4,1,3,1,0,1,2,0,2,0,0,0,1,1,0,835,548,287
29,583,0171,625363,0000,000000,KARNATAKA,Bangalore Rural,VILLAGE,Vaderahalli,Rural,13,63,35,28,3,2,1,20,11,9,0,0,0,51,30,21,12,5,7,24,19,5,24,19,5,4,4,0,15,12,3,0,0,0,5,3,2,0,0,0,0,0,0,0,0,0,0,0,0,0,0,0,0,0,0,0,0,0,0,0,0,0,0,0,0,0,0,0,0,0,0,0,0,0,0,0,0,0,0,0,0,0,39,16,23
29,583,0171,625364,0000,000000,KARNATAKA,Bangalore Rural,VILLAGE,Bidalur,Rural,384,1843,941,902,197,99,98,429,219,210,577,295,282,1247,701,546,596,240,356,921,592,329,826,576,250,371,242,129,223,143,80,8,5,3,224,186,38,95,16,79,7,1,6,12,3,9,0,0,0,76,12,64,95,16,79,7,1,6,12,3,9,0,0,0,76,12,64,0,0,0,0,0,0,0,0,0,0,0,0,0,0,0,922,349,573
29,583,0171,625365,0000,000000,KARNATAKA,Bangalore Rural,VILLAGE,Gundlahalli,Rural,0,0,0,0,0,0,0,0,0,0,0,0,0,0,0,0,0,0,0,0,0,0,0,0,0,0,0,0,0,0,0,0,0,0,0,0,0,0,0,0,0,0,0,0,0,0,0,0,0,0,0,0,0,0,0,0,0,0,0,0,0,0,0,0,0,0,0,0,0,0,0,0,0,0,0,0,0,0,0,0,0,0,0,0,0
29,583,0171,625366,0000,000000,KARNATAKA,Bangalore Rural,VILLAGE,Lakshmipura,Rural,7,26,13,13,5,1,4,12,4,8,0,0,0,16,10,6,10,3,7,12,9,3,12,9,3,1,1,0,10,7,3,1,1,0,0,0,0,0,0,0,0,0,0,0,0,0,0,0,0,0,0,0,0,0,0,0,0,0,0,0,0,0,0,0,0,0,0,0,0,0,0,0,0,0,0,0,0,0,0,0,0,0,14,4,10
29,583,0171,625367,0000,000000,KARNATAKA,Bangalore Rural,VILLAGE,Setterahalli,Rural,89,430,235,195,54,30,24,133,66,67,49,28,21,298,180,118,132,55,77,189,141,48,159,140,19,88,85,3,52,41,11,0,0,0,19,14,5,30,1,29,0,0,0,15,0,15,0,0,0,15,1,14,30,1,29,0,0,0,15,0,15,0,0,0,15,1,14,0,0,0,0,0,0,0,0,0,0,0,0,0,0,0,241,94,147
29,583,0171,625368,0000,000000,KARNATAKA,Bangalore Rural,VILLAGE,Savakanahalli,Rural,384,1817,913,904,200,111,89,671,338,333,384,193,191,1084,583,501,733,330,403,1129,579,550,804,559,245,468,462,6,243,23,220,3,3,0,90,71,19,325,20,305,1,0,1,282,17,265,0,0,0,42,3,39,325,20,305,1,0,1,282,17,265,0,0,0,42,3,39,0,0,0,0,0,0,0,0,0,0,0,0,0,0,0,688,334,354
29,583,0171,625369,0000,000000,KARNATAKA,Bangalore Rural,VILLAGE,Anighatta,Rural,185,854,444,410,89,54,35,373,197,176,295,150,145,511,295,216,343,149,194,573,286,287,571,286,285,271,144,127,192,52,140,1,0,1,107,90,17,2,0,2,0,0,0,1,0,1,0,0,0,1,0,1,1,0,1,0,0,0,1,0,1,0,0,0,0,0,0,1,0,1,0,0,0,0,0,0,0,0,0,1,0,1,281,158,123
29,583,0171,625370,0000,000000,KARNATAKA,Bangalore Rural,VILLAGE,Devasthanada Amanikere,Rural,0,0,0,0,0,0,0,0,0,0,0,0,0,0,0,0,0,0,0,0,0,0,0,0,0,0,0,0,0,0,0,0,0,0,0,0,0,0,0,0,0,0,0,0,0,0,0,0,0,0,0,0,0,0,0,0,0,0,0,0,0,0,0,0,0,0,0,0,0,0,0,0,0,0,0,0,0,0,0,0,0,0,0,0,0
29,583,0171,625371,0000,000000,KARNATAKA,Bangalore Rural,VILLAGE,Devenahalli,Rural,34,140,74,66,9,4,5,78,40,38,59,32,27,84,51,33,56,23,33,47,42,5,47,42,5,12,11,1,34,30,4,0,0,0,1,1,0,0,0,0,0,0,0,0,0,0,0,0,0,0,0,0,0,0,0,0,0,0,0,0,0,0,0,0,0,0,0,0,0,0,0,0,0,0,0,0,0,0,0,0,0,0,93,32,61
29,583,0171,625372,0000,000000,KARNATAKA,Bangalore Rural,VILLAGE,Attibele,Rural,127,545,302,243,62,36,26,103,59,44,69,35,34,420,251,169,125,51,74,194,173,21,151,141,10,41,40,1,90,85,5,3,2,1,17,14,3,43,32,11,2,0,2,35,28,7,0,0,0,6,4,2,43,32,11,2,0,2,35,28,7,0,0,0,6,4,2,0,0,0,0,0,0,0,0,0,0,0,0,0,0,0,351,129,222
29,583,0171,625373,0000,000000,KARNATAKA,Bangalore Rural,VILLAGE,Abachikkanahalli,Rural,13,47,24,23,7,2,5,5,2,3,5,2,3,31,20,11,16,4,12,17,16,1,17,16,1,2,2,0,14,13,1,0,0,0,1,1,0,0,0,0,0,0,0,0,0,0,0,0,0,0,0,0,0,0,0,0,0,0,0,0,0,0,0,0,0,0,0,0,0,0,0,0,0,0,0,0,0,0,0,0,0,0,30,8,22
29,583,0171,625374,0000,000000,KARNATAKA,Bangalore Rural,VILLAGE,Kurubarakunte,Rural,210,970,494,476,86,39,47,532,263,269,79,44,35,621,361,260,349,133,216,462,303,159,71,62,9,11,9,2,1,1,0,2,2,0,57,50,7,391,241,150,35,29,6,128,75,53,36,10,26,192,127,65,296,198,98,34,29,5,77,44,33,31,10,21,154,115,39,95,43,52,1,0,1,51,31,20,5,0,5,38,12,26,508,191,317
29,583,0171,625375,0000,000000,KARNATAKA,Bangalore Rural,VILLAGE,Lalagondanahalli,Rural,55,296,161,135,39,21,18,4,3,1,0,0,0,192,114,78,104,47,57,125,103,22,125,103,22,76,65,11,3,1,2,0,0,0,46,37,9,0,0,0,0,0,0,0,0,0,0,0,0,0,0,0,0,0,0,0,0,0,0,0,0,0,0,0,0,0,0,0,0,0,0,0,0,0,0,0,0,0,0,0,0,0,171,58,113
29,583,0171,625376,0000,000000,KARNATAKA,Bangalore Rural,VILLAGE,Binnamangala,Rural,61,262,125,137,33,11,22,14,8,6,12,6,6,175,93,82,87,32,55,133,85,48,128,81,47,61,50,11,10,7,3,4,3,1,53,21,32,5,4,1,0,0,0,0,0,0,0,0,0,5,4,1,1,1,0,0,0,0,0,0,0,0,0,0,1,1,0,4,3,1,0,0,0,0,0,0,0,0,0,4,3,1,129,40,89
29,583,0171,625377,0000,000000,KARNATAKA,Bangalore Rural,VILLAGE,Gokare,Rural,236,1066,573,493,121,69,52,371,191,180,11,7,4,678,419,259,388,154,234,541,334,207,460,294,166,266,169,97,98,48,50,1,1,0,95,76,19,81,40,41,15,3,12,28,12,16,4,0,4,34,25,9,74,39,35,14,3,11,26,11,15,0,0,0,34,25,9,7,1,6,1,0,1,2,1,1,4,0,4,0,0,0,525,239,286
29,583,0171,625378,0000,000000,KARNATAKA,Bangalore Rural,VILLAGE,Boodihal,Rural,83,380,188,192,48,22,26,206,102,104,8,4,4,269,144,125,111,44,67,184,112,72,165,105,60,80,43,37,83,61,22,0,0,0,2,1,1,19,7,12,2,2,0,17,5,12,0,0,0,0,0,0,19,7,12,2,2,0,17,5,12,0,0,0,0,0,0,0,0,0,0,0,0,0,0,0,0,0,0,0,0,0,196,76,120
29,583,0171,625379,0000,000000,KARNATAKA,Bangalore Rural,VILLAGE,Southegowdanahalli,Rural,4,15,9,6,3,3,0,0,0,0,0,0,0,12,6,6,3,3,0,7,4,3,7,4,3,0,0,0,6,3,3,0,0,0,1,1,0,0,0,0,0,0,0,0,0,0,0,0,0,0,0,0,0,0,0,0,0,0,0,0,0,0,0,0,0,0,0,0,0,0,0,0,0,0,0,0,0,0,0,0,0,0,8,5,3
29,583,0171,625380,0000,000000,KARNATAKA,Bangalore Rural,VILLAGE,Hire Amanikere,Rural,0,0,0,0,0,0,0,0,0,0,0,0,0,0,0,0,0,0,0,0,0,0,0,0,0,0,0,0,0,0,0,0,0,0,0,0,0,0,0,0,0,0,0,0,0,0,0,0,0,0,0,0,0,0,0,0,0,0,0,0,0,0,0,0,0,0,0,0,0,0,0,0,0,0,0,0,0,0,0,0,0,0,0,0,0
29,583,0171,625381,0000,000000,KARNATAKA,Bangalore Rural,VILLAGE,Kasba Plantation,Rural,0,0,0,0,0,0,0,0,0,0,0,0,0,0,0,0,0,0,0,0,0,0,0,0,0,0,0,0,0,0,0,0,0,0,0,0,0,0,0,0,0,0,0,0,0,0,0,0,0,0,0,0,0,0,0,0,0,0,0,0,0,0,0,0,0,0,0,0,0,0,0,0,0,0,0,0,0,0,0,0,0,0,0,0,0
29,583,0171,625382,0000,000000,KARNATAKA,Bangalore Rural,VILLAGE,Bommawara,Rural,349,1585,793,792,177,91,86,574,292,282,8,2,6,985,555,430,600,238,362,855,480,375,703,423,280,173,157,16,229,170,59,0,0,0,301,96,205,152,57,95,17,6,11,120,44,76,1,1,0,14,6,8,144,53,91,12,3,9,120,44,76,1,1,0,11,5,6,8,4,4,5,3,2,0,0,0,0,0,0,3,1,2,730,313,417
29,583,0171,625383,0000,000000,KARNATAKA,Bangalore Rural,VILLAGE,Chikkachimanahalli,Rural,41,162,81,81,15,12,3,0,0,0,0,0,0,94,46,48,68,35,33,81,48,33,53,36,17,25,18,7,2,2,0,2,1,1,24,15,9,28,12,16,2,1,1,12,5,7,0,0,0,14,6,8,28,12,16,2,1,1,12,5,7,0,0,0,14,6,8,0,0,0,0,0,0,0,0,0,0,0,0,0,0,0,81,33,48
29,583,0171,625384,0000,000000,KARNATAKA,Bangalore Rural,VILLAGE,Uganavadi,Rural,295,1356,723,633,142,75,67,303,159,144,7,3,4,943,564,379,413,159,254,626,455,171,513,401,112,149,115,34,162,116,46,3,1,2,199,169,30,113,54,59,10,3,7,51,19,32,5,2,3,47,30,17,109,54,55,9,3,6,48,19,29,5,2,3,47,30,17,4,0,4,1,0,1,3,0,3,0,0,0,0,0,0,730,268,462
29,583,0171,625385,0000,000000,KARNATAKA,Bangalore Rural,VILLAGE,Kempalingapura,Rural,79,345,179,166,33,16,17,60,31,29,70,37,33,252,140,112,93,39,54,210,112,98,18,10,8,9,4,5,0,0,0,4,3,1,5,3,2,192,102,90,173,92,81,13,6,7,0,0,0,6,4,2,192,102,90,173,92,81,13,6,7,0,0,0,6,4,2,0,0,0,0,0,0,0,0,0,0,0,0,0,0,0,135,67,68
29,583,0171,625386,0000,000000,KARNATAKA,Bangalore Rural,VILLAGE,Mulli Amanikere ,Rural,0,0,0,0,0,0,0,0,0,0,0,0,0,0,0,0,0,0,0,0,0,0,0,0,0,0,0,0,0,0,0,0,0,0,0,0,0,0,0,0,0,0,0,0,0,0,0,0,0,0,0,0,0,0,0,0,0,0,0,0,0,0,0,0,0,0,0,0,0,0,0,0,0,0,0,0,0,0,0,0,0,0,0,0,0
29,583,0171,625387,0000,000000,KARNATAKA,Bangalore Rural,VILLAGE,Thimmegowdana Hosahalli,Rural,162,714,446,268,59,28,31,70,44,26,30,12,18,523,356,167,191,90,101,511,347,164,407,294,113,80,38,42,7,4,3,1,0,1,319,252,67,104,53,51,92,42,50,2,2,0,0,0,0,10,9,1,104,53,51,92,42,50,2,2,0,0,0,0,10,9,1,0,0,0,0,0,0,0,0,0,0,0,0,0,0,0,203,99,104
29,583,0171,625388,0000,000000,KARNATAKA,Bangalore Rural,VILLAGE,Akkupet,Rural,0,0,0,0,0,0,0,0,0,0,0,0,0,0,0,0,0,0,0,0,0,0,0,0,0,0,0,0,0,0,0,0,0,0,0,0,0,0,0,0,0,0,0,0,0,0,0,0,0,0,0,0,0,0,0,0,0,0,0,0,0,0,0,0,0,0,0,0,0,0,0,0,0,0,0,0,0,0,0,0,0,0,0,0,0
29,583,0171,625389,0000,000000,KARNATAKA,Bangalore Rural,VILLAGE,Upparahalli,Rural,0,0,0,0,0,0,0,0,0,0,0,0,0,0,0,0,0,0,0,0,0,0,0,0,0,0,0,0,0,0,0,0,0,0,0,0,0,0,0,0,0,0,0,0,0,0,0,0,0,0,0,0,0,0,0,0,0,0,0,0,0,0,0,0,0,0,0,0,0,0,0,0,0,0,0,0,0,0,0,0,0,0,0,0,0
29,583,0171,625390,0000,000000,KARNATAKA,Bangalore Rural,VILLAGE,Sanne Amanikere,Rural,38,176,87,89,20,6,14,25,10,15,98,50,48,112,69,43,64,18,46,94,66,28,68,52,16,30,25,5,22,16,6,0,0,0,16,11,5,26,14,12,1,1,0,20,12,8,0,0,0,5,1,4,26,14,12,1,1,0,20,12,8,0,0,0,5,1,4,0,0,0,0,0,0,0,0,0,0,0,0,0,0,0,82,21,61
29,583,0171,625391,0000,000000,KARNATAKA,Bangalore Rural,VILLAGE,Chikkasanne,Rural,188,768,392,376,101,43,58,170,90,80,127,64,63,490,284,206,278,108,170,423,261,162,404,249,155,108,72,36,4,3,1,6,3,3,286,171,115,19,12,7,1,1,0,0,0,0,0,0,0,18,11,7,13,9,4,1,1,0,0,0,0,0,0,0,12,8,4,6,3,3,0,0,0,0,0,0,0,0,0,6,3,3,345,131,214
29,583,0171,625392,0000,000000,KARNATAKA,Bangalore Rural,VILLAGE,Bandaramanahalli,Rural,7,21,9,12,1,1,0,0,0,0,3,1,2,12,4,8,9,5,4,18,8,10,11,6,5,6,3,3,5,3,2,0,0,0,0,0,0,7,2,5,0,0,0,6,2,4,0,0,0,1,0,1,7,2,5,0,0,0,6,2,4,0,0,0,1,0,1,0,0,0,0,0,0,0,0,0,0,0,0,0,0,0,3,1,2
29,583,0171,625393,0000,000000,KARNATAKA,Bangalore Rural,VILLAGE,Palya,Rural,135,653,342,311,95,48,47,21,9,12,1,0,1,536,289,247,117,53,64,308,223,85,173,119,54,122,78,44,10,7,3,1,1,0,40,33,7,135,104,31,7,2,5,20,8,12,1,1,0,107,93,14,126,101,25,7,2,5,14,7,7,0,0,0,105,92,13,9,3,6,0,0,0,6,1,5,1,1,0,2,1,1,345,119,226
29,583,0171,625394,0000,000000,KARNATAKA,Bangalore Rural,VILLAGE,Doddappanahalli,Rural,111,562,306,256,79,42,37,73,40,33,0,0,0,405,227,178,157,79,78,202,172,30,187,158,29,17,17,0,7,7,0,12,9,3,151,125,26,15,14,1,1,1,0,3,2,1,0,0,0,11,11,0,10,10,0,1,1,0,0,0,0,0,0,0,9,9,0,5,4,1,0,0,0,3,2,1,0,0,0,2,2,0,360,134,226
29,583,0171,625395,0000,000000,KARNATAKA,Bangalore Rural,VILLAGE,Kempathimmanahalli,Rural,185,793,420,373,100,50,50,245,129,116,451,241,210,439,274,165,354,146,208,393,260,133,235,183,52,76,70,6,16,9,7,1,1,0,142,103,39,158,77,81,3,2,1,39,15,24,17,2,15,99,58,41,156,77,79,3,2,1,39,15,24,16,2,14,98,58,40,2,0,2,0,0,0,0,0,0,1,0,1,1,0,1,400,160,240
29,583,0171,625396,0000,000000,KARNATAKA,Bangalore Rural,VILLAGE,Jogahalli,Rural,16,74,39,35,8,6,2,0,0,0,22,11,11,57,31,26,17,8,9,49,27,22,24,23,1,21,21,0,0,0,0,0,0,0,3,2,1,25,4,21,1,1,0,0,0,0,3,0,3,21,3,18,24,4,20,1,1,0,0,0,0,3,0,3,20,3,17,1,0,1,0,0,0,0,0,0,0,0,0,1,0,1,25,12,13
29,583,0171,625397,0000,000000,KARNATAKA,Bangalore Rural,VILLAGE,Sadahalli,Rural,690,2511,1420,1091,283,142,141,674,335,339,77,38,39,1591,981,610,920,439,481,1327,1032,295,1227,968,259,50,37,13,7,7,0,2,2,0,1168,922,246,100,64,36,17,16,1,5,3,2,5,1,4,73,44,29,85,52,33,11,10,1,5,3,2,4,1,3,65,38,27,15,12,3,6,6,0,0,0,0,1,0,1,8,6,2,1184,388,796
29,583,0171,625398,0000,000000,KARNATAKA,Bangalore Rural,VILLAGE,Pujanahalli,Rural,148,602,318,284,88,38,50,170,84,86,164,82,82,350,201,149,252,117,135,310,216,94,228,197,31,33,33,0,11,8,3,0,0,0,184,156,28,82,19,63,2,0,2,15,9,6,0,0,0,65,10,55,66,16,50,1,0,1,13,9,4,0,0,0,52,7,45,16,3,13,1,0,1,2,0,2,0,0,0,13,3,10,292,102,190
29,583,0171,625399,0000,000000,KARNATAKA,Bangalore Rural,VILLAGE,Kannamangala,Rural,391,1598,823,775,183,84,99,572,280,292,69,39,30,1151,647,504,447,176,271,832,527,305,711,444,267,47,37,10,41,24,17,134,13,121,489,370,119,121,83,38,42,39,3,12,8,4,32,8,24,35,28,7,38,29,9,10,10,0,5,3,2,6,2,4,17,14,3,83,54,29,32,29,3,7,5,2,26,6,20,18,14,4,766,296,470
29,583,0171,625400,0000,000000,KARNATAKA,Bangalore Rural,VILLAGE,Udayagiri,Rural,10,77,39,38,10,3,7,11,5,6,0,0,0,63,35,28,14,4,10,27,24,3,27,24,3,11,11,0,3,2,1,0,0,0,13,11,2,0,0,0,0,0,0,0,0,0,0,0,0,0,0,0,0,0,0,0,0,0,0,0,0,0,0,0,0,0,0,0,0,0,0,0,0,0,0,0,0,0,0,0,0,0,50,15,35
29,583,0171,625401,0000,000000,KARNATAKA,Bangalore Rural,VILLAGE,Akkalenahalli Mallena - Halli,Rural,47,226,117,109,22,11,11,53,29,24,150,74,76,154,85,69,72,32,40,125,70,55,123,70,53,14,9,5,52,25,27,0,0,0,57,36,21,2,0,2,0,0,0,2,0,2,0,0,0,0,0,0,2,0,2,0,0,0,2,0,2,0,0,0,0,0,0,0,0,0,0,0,0,0,0,0,0,0,0,0,0,0,101,47,54
29,583,0171,625402,0000,000000,KARNATAKA,Bangalore Rural,VILLAGE,Yerthiganahalli,Rural,191,847,480,367,105,53,52,44,25,19,631,331,300,516,342,174,331,138,193,424,314,110,421,311,110,75,64,11,41,23,18,0,0,0,305,224,81,3,3,0,1,1,0,0,0,0,0,0,0,2,2,0,2,2,0,1,1,0,0,0,0,0,0,0,1,1,0,1,1,0,0,0,0,0,0,0,0,0,0,1,1,0,423,166,257
29,583,0171,625403,0000,000000,KARNATAKA,Bangalore Rural,VILLAGE,Boovanahalli,Rural,137,637,316,321,76,34,42,182,85,97,405,208,197,411,225,186,226,91,135,384,196,188,368,189,179,78,46,32,203,73,130,4,2,2,83,68,15,16,7,9,5,3,2,8,1,7,0,0,0,3,3,0,16,7,9,5,3,2,8,1,7,0,0,0,3,3,0,0,0,0,0,0,0,0,0,0,0,0,0,0,0,0,253,120,133
29,583,0171,625404,0000,000000,KARNATAKA,Bangalore Rural,VILLAGE,Doddasanne,Rural,327,1417,734,683,161,90,71,448,232,216,498,262,236,884,512,372,533,222,311,723,461,262,693,455,238,168,118,50,286,156,130,0,0,0,239,181,58,30,6,24,5,1,4,21,4,17,0,0,0,4,1,3,30,6,24,5,1,4,21,4,17,0,0,0,4,1,3,0,0,0,0,0,0,0,0,0,0,0,0,0,0,0,694,273,421
29,583,0171,625405,0000,000000,KARNATAKA,Bangalore Rural,VILLAGE,Hosathota,Rural,0,0,0,0,0,0,0,0,0,0,0,0,0,0,0,0,0,0,0,0,0,0,0,0,0,0,0,0,0,0,0,0,0,0,0,0,0,0,0,0,0,0,0,0,0,0,0,0,0,0,0,0,0,0,0,0,0,0,0,0,0,0,0,0,0,0,0,0,0,0,0,0,0,0,0,0,0,0,0,0,0,0,0,0,0
29,583,0171,625406,0000,000000,KARNATAKA,Bangalore Rural,VILLAGE,Bychapura,Rural,299,1543,784,759,197,87,110,233,109,124,14,7,7,985,558,427,558,226,332,687,491,196,567,404,163,257,212,45,177,98,79,7,6,1,126,88,38,120,87,33,9,2,7,25,10,15,61,58,3,25,17,8,120,87,33,9,2,7,25,10,15,61,58,3,25,17,8,0,0,0,0,0,0,0,0,0,0,0,0,0,0,0,856,293,563
29,583,0171,625407,0000,000000,KARNATAKA,Bangalore Rural,VILLAGE,Anneswara,Rural,331,1511,777,734,182,90,92,383,195,188,134,64,70,925,534,391,586,243,343,734,505,229,477,393,84,218,194,24,99,75,24,5,4,1,155,120,35,257,112,145,49,41,8,159,40,119,1,1,0,48,30,18,254,111,143,47,40,7,159,40,119,1,1,0,47,30,17,3,1,2,2,1,1,0,0,0,0,0,0,1,0,1,777,272,505
29,583,0171,625408,0000,000000,KARNATAKA,Bangalore Rural,VILLAGE,Rayasandra,Rural,188,994,502,492,112,57,55,59,27,32,627,318,309,585,326,259,409,176,233,498,309,189,344,243,101,170,155,15,86,25,61,4,4,0,84,59,25,154,66,88,52,10,42,39,10,29,1,1,0,62,45,17,150,63,87,52,10,42,39,10,29,1,1,0,58,42,16,4,3,1,0,0,0,0,0,0,0,0,0,4,3,1,496,193,303
29,583,0171,625409,0000,000000,KARNATAKA,Bangalore Rural,VILLAGE,Thammenahalli,Rural,83,414,213,201,50,24,26,163,84,79,7,4,3,257,142,115,157,71,86,176,123,53,172,123,49,51,48,3,45,30,15,0,0,0,76,45,31,4,0,4,0,0,0,1,0,1,0,0,0,3,0,3,4,0,4,0,0,0,1,0,1,0,0,0,3,0,3,0,0,0,0,0,0,0,0,0,0,0,0,0,0,0,238,90,148
29,583,0171,625410,0000,000000,KARNATAKA,Bangalore Rural,VILLAGE,Kommasandra,Rural,5,21,11,10,5,2,3,0,0,0,0,0,0,15,9,6,6,2,4,5,4,1,5,4,1,5,4,1,0,0,0,0,0,0,0,0,0,0,0,0,0,0,0,0,0,0,0,0,0,0,0,0,0,0,0,0,0,0,0,0,0,0,0,0,0,0,0,0,0,0,0,0,0,0,0,0,0,0,0,0,0,0,16,7,9
29,583,0171,625411,0000,000000,KARNATAKA,Bangalore Rural,VILLAGE,Yaleyur,Rural,455,2167,1084,1083,235,121,114,329,159,170,182,88,94,1563,865,698,604,219,385,1133,700,433,1113,691,422,800,534,266,151,74,77,22,17,5,140,66,74,20,9,11,5,1,4,7,3,4,0,0,0,8,5,3,17,9,8,3,1,2,7,3,4,0,0,0,7,5,2,3,0,3,2,0,2,0,0,0,0,0,0,1,0,1,1034,384,650
29,583,0171,625412,0000,000000,KARNATAKA,Bangalore Rural,VILLAGE,Chikkaramanahalli,Rural,0,0,0,0,0,0,0,0,0,0,0,0,0,0,0,0,0,0,0,0,0,0,0,0,0,0,0,0,0,0,0,0,0,0,0,0,0,0,0,0,0,0,0,0,0,0,0,0,0,0,0,0,0,0,0,0,0,0,0,0,0,0,0,0,0,0,0,0,0,0,0,0,0,0,0,0,0,0,0,0,0,0,0,0,0
29,583,0171,625413,0000,000000,KARNATAKA,Bangalore Rural,VILLAGE,Hyadala,Rural,195,940,470,470,75,41,34,222,103,119,9,3,6,658,366,292,282,104,178,489,287,202,303,252,51,118,111,7,45,32,13,0,0,0,140,109,31,186,35,151,5,2,3,34,4,30,0,0,0,147,29,118,183,32,151,5,2,3,34,4,30,0,0,0,144,26,118,3,3,0,0,0,0,0,0,0,0,0,0,3,3,0,451,183,268
29,583,0171,625414,0000,000000,KARNATAKA,Bangalore Rural,VILLAGE,Hiriganahalli,Rural,43,188,87,101,12,6,6,0,0,0,0,0,0,160,79,81,28,8,20,122,59,63,122,59,63,54,52,2,63,4,59,0,0,0,5,3,2,0,0,0,0,0,0,0,0,0,0,0,0,0,0,0,0,0,0,0,0,0,0,0,0,0,0,0,0,0,0,0,0,0,0,0,0,0,0,0,0,0,0,0,0,0,66,28,38
29,583,0171,625415,0000,000000,KARNATAKA,Bangalore Rural,VILLAGE,Bediganahalli,Rural,115,538,279,259,36,19,17,126,67,59,0,0,0,422,238,184,116,41,75,362,197,165,360,197,163,173,164,9,165,24,141,6,0,6,16,9,7,2,0,2,0,0,0,2,0,2,0,0,0,0,0,0,2,0,2,0,0,0,2,0,2,0,0,0,0,0,0,0,0,0,0,0,0,0,0,0,0,0,0,0,0,0,176,82,94
29,583,0171,625416,0000,000000,KARNATAKA,Bangalore Rural,VILLAGE,Channarayapatna Amanikere,Rural,0,0,0,0,0,0,0,0,0,0,0,0,0,0,0,0,0,0,0,0,0,0,0,0,0,0,0,0,0,0,0,0,0,0,0,0,0,0,0,0,0,0,0,0,0,0,0,0,0,0,0,0,0,0,0,0,0,0,0,0,0,0,0,0,0,0,0,0,0,0,0,0,0,0,0,0,0,0,0,0,0,0,0,0,0
29,583,0171,625417,0000,000000,KARNATAKA,Bangalore Rural,VILLAGE,Channarayapatna,Rural,394,1975,1010,965,200,102,98,233,131,102,445,229,216,1335,742,593,640,268,372,1098,686,412,1064,668,396,646,438,208,236,124,112,9,5,4,173,101,72,34,18,16,4,2,2,19,9,10,1,1,0,10,6,4,31,17,14,4,2,2,17,8,9,1,1,0,9,6,3,3,1,2,0,0,0,2,1,1,0,0,0,1,0,1,877,324,553
29,583,0171,625418,0000,000000,KARNATAKA,Bangalore Rural,VILLAGE,Gokere Bachenahalli,Rural,0,0,0,0,0,0,0,0,0,0,0,0,0,0,0,0,0,0,0,0,0,0,0,0,0,0,0,0,0,0,0,0,0,0,0,0,0,0,0,0,0,0,0,0,0,0,0,0,0,0,0,0,0,0,0,0,0,0,0,0,0,0,0,0,0,0,0,0,0,0,0,0,0,0,0,0,0,0,0,0,0,0,0,0,0
29,583,0171,625419,0000,000000,KARNATAKA,Bangalore Rural,VILLAGE,Mattabaralu,Rural,112,540,279,261,57,29,28,52,24,28,356,184,172,321,195,126,219,84,135,382,198,184,302,185,117,190,132,58,80,30,50,2,1,1,30,22,8,80,13,67,49,9,40,28,4,24,0,0,0,3,0,3,75,11,64,44,7,37,28,4,24,0,0,0,3,0,3,5,2,3,5,2,3,0,0,0,0,0,0,0,0,0,158,81,77
29,583,0171,625420,0000,000000,KARNATAKA,Bangalore Rural,VILLAGE,Bammanahalli,Rural,137,635,341,294,87,51,36,0,0,0,635,341,294,322,193,129,313,148,165,431,227,204,130,95,35,54,48,6,18,11,7,0,0,0,58,36,22,301,132,169,54,30,24,51,13,38,0,0,0,196,89,107,255,117,138,42,28,14,43,12,31,0,0,0,170,77,93,46,15,31,12,2,10,8,1,7,0,0,0,26,12,14,204,114,90
29,583,0171,625421,0000,000000,KARNATAKA,Bangalore Rural,VILLAGE,Thellohalli Agrahara,Rural,96,457,228,229,38,18,20,0,0,0,155,79,76,309,172,137,148,56,92,151,131,20,145,128,17,59,57,2,3,3,0,0,0,0,83,68,15,6,3,3,0,0,0,1,0,1,0,0,0,5,3,2,3,1,2,0,0,0,1,0,1,0,0,0,2,1,1,3,2,1,0,0,0,0,0,0,0,0,0,3,2,1,306,97,209
29,583,0171,625422,0000,000000,KARNATAKA,Bangalore Rural,VILLAGE,Srothreyathellohalli,Rural,117,535,272,263,69,29,40,280,137,143,7,3,4,341,201,140,194,71,123,195,179,16,190,178,12,94,88,6,89,83,6,0,0,0,7,7,0,5,1,4,2,0,2,0,0,0,0,0,0,3,1,2,4,0,4,2,0,2,0,0,0,0,0,0,2,0,2,1,1,0,0,0,0,0,0,0,0,0,0,1,1,0,340,93,247
29,583,0171,625423,0000,000000,KARNATAKA,Bangalore Rural,VILLAGE,Polanahalli,Rural,109,606,317,289,72,37,35,154,80,74,276,140,136,411,246,165,195,71,124,143,125,18,110,108,2,102,100,2,6,6,0,0,0,0,2,2,0,33,17,16,1,1,0,6,2,4,0,0,0,26,14,12,27,13,14,1,1,0,6,2,4,0,0,0,20,10,10,6,4,2,0,0,0,0,0,0,0,0,0,6,4,2,463,192,271
29,583,0171,625424,0000,000000,KARNATAKA,Bangalore Rural,VILLAGE,Naganayakanahalli,Rural,154,681,321,360,74,30,44,123,62,61,11,5,6,419,232,187,262,89,173,360,215,145,325,201,124,218,132,86,61,37,24,1,1,0,45,31,14,35,14,21,7,2,5,7,2,5,1,0,1,20,10,10,34,13,21,7,2,5,6,1,5,1,0,1,20,10,10,1,1,0,0,0,0,1,1,0,0,0,0,0,0,0,321,106,215
29,583,0171,625425,0000,000000,KARNATAKA,Bangalore Rural,VILLAGE,Palya,Rural,101,427,227,200,32,14,18,1,1,0,50,25,25,282,178,104,145,49,96,147,124,23,133,114,19,57,54,3,27,17,10,2,1,1,47,42,5,14,10,4,2,2,0,2,2,0,0,0,0,10,6,4,13,9,4,2,2,0,2,2,0,0,0,0,9,5,4,1,1,0,0,0,0,0,0,0,0,0,0,1,1,0,280,103,177
29,583,0171,625426,0000,000000,KARNATAKA,Bangalore Rural,VILLAGE,Doddakurubarahalli,Rural,169,810,405,405,70,36,34,260,133,127,0,0,0,553,311,242,257,94,163,404,264,140,403,263,140,196,129,67,138,80,58,0,0,0,69,54,15,1,1,0,1,1,0,0,0,0,0,0,0,0,0,0,1,1,0,1,1,0,0,0,0,0,0,0,0,0,0,0,0,0,0,0,0,0,0,0,0,0,0,0,0,0,406,141,265
29,583,0171,625427,0000,000000,KARNATAKA,Bangalore Rural,VILLAGE,Maradiane,Rural,0,0,0,0,0,0,0,0,0,0,0,0,0,0,0,0,0,0,0,0,0,0,0,0,0,0,0,0,0,0,0,0,0,0,0,0,0,0,0,0,0,0,0,0,0,0,0,0,0,0,0,0,0,0,0,0,0,0,0,0,0,0,0,0,0,0,0,0,0,0,0,0,0,0,0,0,0,0,0,0,0,0,0,0,0
29,583,0171,625428,0000,000000,KARNATAKA,Bangalore Rural,VILLAGE,Ibasapura,Rural,277,1275,660,615,109,59,50,330,170,160,17,9,8,848,493,355,427,167,260,743,420,323,540,305,235,388,219,169,55,15,40,1,1,0,96,70,26,203,115,88,6,5,1,137,64,73,1,1,0,59,45,14,161,88,73,5,5,0,112,51,61,1,1,0,43,31,12,42,27,15,1,0,1,25,13,12,0,0,0,16,14,2,532,240,292
29,583,0171,625429,0000,000000,KARNATAKA,Bangalore Rural,VILLAGE,Gummanahalli,Rural,0,0,0,0,0,0,0,0,0,0,0,0,0,0,0,0,0,0,0,0,0,0,0,0,0,0,0,0,0,0,0,0,0,0,0,0,0,0,0,0,0,0,0,0,0,0,0,0,0,0,0,0,0,0,0,0,0,0,0,0,0,0,0,0,0,0,0,0,0,0,0,0,0,0,0,0,0,0,0,0,0,0,0,0,0
29,583,0171,625430,0000,000000,KARNATAKA,Bangalore Rural,VILLAGE,Gopasandra,Rural,117,545,273,272,30,15,15,158,79,79,0,0,0,385,218,167,160,55,105,273,173,100,259,171,88,144,112,32,100,49,51,4,1,3,11,9,2,14,2,12,2,0,2,3,0,3,4,1,3,5,1,4,12,2,10,2,0,2,2,0,2,3,1,2,5,1,4,2,0,2,0,0,0,1,0,1,1,0,1,0,0,0,272,100,172
29,583,0171,625431,0000,000000,KARNATAKA,Bangalore Rural,VILLAGE,Konaginabele,Rural,106,476,234,242,55,24,31,425,206,219,0,0,0,233,135,98,243,99,144,282,150,132,224,131,93,42,32,10,172,94,78,3,2,1,7,3,4,58,19,39,16,4,12,37,12,25,0,0,0,5,3,2,56,18,38,16,4,12,35,11,24,0,0,0,5,3,2,2,1,1,0,0,0,2,1,1,0,0,0,0,0,0,194,84,110
29,583,0171,625432,0000,000000,KARNATAKA,Bangalore Rural,VILLAGE,Varadenahalli,Rural,95,414,221,193,30,17,13,74,38,36,0,0,0,315,185,130,99,36,63,293,163,130,182,111,71,64,53,11,82,38,44,12,8,4,24,12,12,111,52,59,8,4,4,39,22,17,14,7,7,50,19,31,99,46,53,8,4,4,33,19,14,13,6,7,45,17,28,12,6,6,0,0,0,6,3,3,1,1,0,5,2,3,121,58,63
29,583,0171,625433,0000,000000,KARNATAKA,Bangalore Rural,VILLAGE,Papanahalli,Rural,132,627,317,310,66,35,31,188,98,90,8,4,4,405,229,176,222,88,134,394,220,174,270,218,52,99,87,12,71,47,24,1,1,0,99,83,16,124,2,122,0,0,0,0,0,0,0,0,0,124,2,122,124,2,122,0,0,0,0,0,0,0,0,0,124,2,122,0,0,0,0,0,0,0,0,0,0,0,0,0,0,0,233,97,136
29,583,0171,625434,0000,000000,KARNATAKA,Bangalore Rural,VILLAGE,Cheemachanahalli,Rural,191,930,487,443,69,38,31,352,175,177,0,0,0,715,408,307,215,79,136,405,300,105,377,293,84,216,204,12,97,42,55,3,3,0,61,44,17,28,7,21,8,3,5,17,1,16,0,0,0,3,3,0,27,7,20,8,3,5,16,1,15,0,0,0,3,3,0,1,0,1,0,0,0,1,0,1,0,0,0,0,0,0,525,187,338
29,583,0171,625435,0000,000000,KARNATAKA,Bangalore Rural,VILLAGE,Muddenahalli,Rural,27,129,63,66,16,5,11,129,63,66,0,0,0,74,43,31,55,20,35,61,41,20,61,41,20,29,22,7,25,14,11,0,0,0,7,5,2,0,0,0,0,0,0,0,0,0,0,0,0,0,0,0,0,0,0,0,0,0,0,0,0,0,0,0,0,0,0,0,0,0,0,0,0,0,0,0,0,0,0,0,0,0,68,22,46
29,583,0171,625436,0000,000000,KARNATAKA,Bangalore Rural,VILLAGE,Haralur,Rural,100,602,312,290,81,42,39,363,192,171,0,0,0,349,196,153,253,116,137,295,213,82,295,213,82,114,107,7,166,94,72,0,0,0,15,12,3,0,0,0,0,0,0,0,0,0,0,0,0,0,0,0,0,0,0,0,0,0,0,0,0,0,0,0,0,0,0,0,0,0,0,0,0,0,0,0,0,0,0,0,0,0,307,99,208
29,583,0171,625437,0000,000000,KARNATAKA,Bangalore Rural,VILLAGE,Channahalli,Rural,252,1179,628,551,127,74,53,187,100,87,293,155,138,783,469,314,396,159,237,550,388,162,451,329,122,239,184,55,108,70,38,2,1,1,102,74,28,99,59,40,18,1,17,53,37,16,0,0,0,28,21,7,86,51,35,16,1,15,49,35,14,0,0,0,21,15,6,13,8,5,2,0,2,4,2,2,0,0,0,7,6,1,629,240,389
29,583,0171,625438,0000,000000,KARNATAKA,Bangalore Rural,VILLAGE,Agalakote,Rural,55,311,168,143,45,26,19,0,0,0,137,75,62,160,96,64,151,72,79,152,101,51,123,98,25,50,47,3,50,31,19,0,0,0,23,20,3,29,3,26,0,0,0,29,3,26,0,0,0,0,0,0,29,3,26,0,0,0,29,3,26,0,0,0,0,0,0,0,0,0,0,0,0,0,0,0,0,0,0,0,0,0,159,67,92
29,583,0171,625439,0000,000000,KARNATAKA,Bangalore Rural,VILLAGE,Bettakote Amanikere,Rural,0,0,0,0,0,0,0,0,0,0,0,0,0,0,0,0,0,0,0,0,0,0,0,0,0,0,0,0,0,0,0,0,0,0,0,0,0,0,0,0,0,0,0,0,0,0,0,0,0,0,0,0,0,0,0,0,0,0,0,0,0,0,0,0,0,0,0,0,0,0,0,0,0,0,0,0,0,0,0,0,0,0,0,0,0
29,583,0171,625440,0000,000000,KARNATAKA,Bangalore Rural,VILLAGE,Bettakote,Rural,197,919,456,463,89,49,40,168,84,84,71,31,40,666,359,307,253,97,156,420,306,114,334,294,40,169,161,8,13,9,4,0,0,0,152,124,28,86,12,74,0,0,0,26,2,24,0,0,0,60,10,50,79,11,68,0,0,0,26,2,24,0,0,0,53,9,44,7,1,6,0,0,0,0,0,0,0,0,0,7,1,6,499,150,349
29,583,0171,625441,0000,000000,KARNATAKA,Bangalore Rural,VILLAGE,Reddihalli,Rural,147,712,384,328,64,37,27,212,111,101,0,0,0,510,313,197,202,71,131,396,254,142,275,214,61,110,107,3,75,41,34,1,1,0,89,65,24,121,40,81,0,0,0,52,11,41,1,1,0,68,28,40,102,34,68,0,0,0,44,10,34,1,1,0,57,23,34,19,6,13,0,0,0,8,1,7,0,0,0,11,5,6,316,130,186
29,583,0171,625442,0000,000000,KARNATAKA,Bangalore Rural,VILLAGE,Hosahalli,Rural,138,708,371,337,64,24,40,58,30,28,10,8,2,507,309,198,201,62,139,310,232,78,250,199,51,109,93,16,21,16,5,16,5,11,104,85,19,60,33,27,5,2,3,18,13,5,21,10,11,16,8,8,59,32,27,5,2,3,18,13,5,20,9,11,16,8,8,1,1,0,0,0,0,0,0,0,1,1,0,0,0,0,398,139,259
29,583,0171,625443,0000,000000,KARNATAKA,Bangalore Rural,VILLAGE,Nallur Amari,Rural,0,0,0,0,0,0,0,0,0,0,0,0,0,0,0,0,0,0,0,0,0,0,0,0,0,0,0,0,0,0,0,0,0,0,0,0,0,0,0,0,0,0,0,0,0,0,0,0,0,0,0,0,0,0,0,0,0,0,0,0,0,0,0,0,0,0,0,0,0,0,0,0,0,0,0,0,0,0,0,0,0,0,0,0,0
29,583,0171,625444,0000,000000,KARNATAKA,Bangalore Rural,VILLAGE,Nallur,Rural,229,1048,517,531,112,53,59,217,99,118,31,15,16,761,416,345,287,101,186,535,329,206,531,326,205,201,114,87,157,86,71,18,12,6,155,114,41,4,3,1,1,1,0,0,0,0,0,0,0,3,2,1,4,3,1,1,1,0,0,0,0,0,0,0,3,2,1,0,0,0,0,0,0,0,0,0,0,0,0,0,0,0,513,188,325
29,583,0171,625445,0000,000000,KARNATAKA,Bangalore Rural,VILLAGE,Nallappanahalli,Rural,52,235,120,115,20,7,13,0,0,0,0,0,0,196,108,88,39,12,27,101,75,26,97,71,26,88,65,23,4,1,3,1,1,0,4,4,0,4,4,0,2,2,0,0,0,0,0,0,0,2,2,0,4,4,0,2,2,0,0,0,0,0,0,0,2,2,0,0,0,0,0,0,0,0,0,0,0,0,0,0,0,0,134,45,89
29,583,0171,625446,0000,000000,KARNATAKA,Bangalore Rural,VILLAGE,Mallepura,Rural,136,636,318,318,68,32,36,338,167,171,0,0,0,380,220,160,256,98,158,244,194,50,232,189,43,72,70,2,90,58,32,5,5,0,65,56,9,12,5,7,3,1,2,2,1,1,0,0,0,7,3,4,9,3,6,2,1,1,1,0,1,0,0,0,6,2,4,3,2,1,1,0,1,1,1,0,0,0,0,1,1,0,392,124,268
29,583,0171,625447,0000,000000,KARNATAKA,Bangalore Rural,VILLAGE,Balepura,Rural,275,1254,667,587,122,68,54,354,186,168,139,76,63,851,498,353,403,169,234,693,429,264,629,397,232,332,185,147,132,79,53,4,2,2,161,131,30,64,32,32,6,2,4,25,13,12,2,1,1,31,16,15,62,31,31,6,2,4,23,12,11,2,1,1,31,16,15,2,1,1,0,0,0,2,1,1,0,0,0,0,0,0,561,238,323
29,583,0171,625448,0000,000000,KARNATAKA,Bangalore Rural,VILLAGE,Kachipura,Rural,0,0,0,0,0,0,0,0,0,0,0,0,0,0,0,0,0,0,0,0,0,0,0,0,0,0,0,0,0,0,0,0,0,0,0,0,0,0,0,0,0,0,0,0,0,0,0,0,0,0,0,0,0,0,0,0,0,0,0,0,0,0,0,0,0,0,0,0,0,0,0,0,0,0,0,0,0,0,0,0,0,0,0,0,0
29,583,0171,625449,0000,000000,KARNATAKA,Bangalore Rural,VILLAGE,Bidalapura,Rural,193,1120,572,548,117,49,68,109,64,45,0,0,0,804,451,353,316,121,195,766,414,352,764,413,351,589,296,293,88,39,49,0,0,0,87,78,9,2,1,1,0,0,0,0,0,0,0,0,0,2,1,1,2,1,1,0,0,0,0,0,0,0,0,0,2,1,1,0,0,0,0,0,0,0,0,0,0,0,0,0,0,0,354,158,196
29,583,0171,625450,0000,000000,KARNATAKA,Bangalore Rural,VILLAGE,Bidalapura Amanikere,Rural,5,30,20,10,3,1,2,0,0,0,0,0,0,23,16,7,7,4,3,26,18,8,26,18,8,20,12,8,3,3,0,0,0,0,3,3,0,0,0,0,0,0,0,0,0,0,0,0,0,0,0,0,0,0,0,0,0,0,0,0,0,0,0,0,0,0,0,0,0,0,0,0,0,0,0,0,0,0,0,0,0,0,4,2,2
29,583,0171,625451,0000,000000,KARNATAKA,Bangalore Rural,VILLAGE,Devanayakanahalli,Rural,172,822,428,394,82,38,44,232,121,111,0,0,0,571,333,238,251,95,156,387,293,94,348,259,89,272,205,67,57,37,20,0,0,0,19,17,2,39,34,5,0,0,0,39,34,5,0,0,0,0,0,0,39,34,5,0,0,0,39,34,5,0,0,0,0,0,0,0,0,0,0,0,0,0,0,0,0,0,0,0,0,0,435,135,300
29,583,0171,625452,0000,000000,KARNATAKA,Bangalore Rural,VILLAGE,Mallenahalli,Rural,56,286,157,129,29,18,11,95,54,41,4,2,2,209,123,86,77,34,43,171,99,72,170,99,71,86,45,41,39,17,22,0,0,0,45,37,8,1,0,1,0,0,0,0,0,0,0,0,0,1,0,1,0,0,0,0,0,0,0,0,0,0,0,0,0,0,0,1,0,1,0,0,0,0,0,0,0,0,0,1,0,1,115,58,57
29,583,0171,625453,0000,000000,KARNATAKA,Bangalore Rural,VILLAGE,Jonnahalli,Rural,263,1204,616,588,166,88,78,59,31,28,838,422,416,830,458,372,374,158,216,464,345,119,322,252,70,242,197,45,23,8,15,5,4,1,52,43,9,142,93,49,10,6,4,1,1,0,23,8,15,108,78,30,28,17,11,10,6,4,1,1,0,2,1,1,15,9,6,114,76,38,0,0,0,0,0,0,21,7,14,93,69,24,740,271,469
29,583,0171,625454,0000,000000,KARNATAKA,Bangalore Rural,VILLAGE,Baladimmanahalli,Rural,19,98,52,46,7,5,2,0,0,0,98,52,46,59,32,27,39,20,19,32,29,3,32,29,3,17,16,1,7,6,1,1,1,0,7,6,1,0,0,0,0,0,0,0,0,0,0,0,0,0,0,0,0,0,0,0,0,0,0,0,0,0,0,0,0,0,0,0,0,0,0,0,0,0,0,0,0,0,0,0,0,0,66,23,43
29,583,0171,625455,0000,000000,KARNATAKA,Bangalore Rural,VILLAGE,Kavadedasarahalli,Rural,0,0,0,0,0,0,0,0,0,0,0,0,0,0,0,0,0,0,0,0,0,0,0,0,0,0,0,0,0,0,0,0,0,0,0,0,0,0,0,0,0,0,0,0,0,0,0,0,0,0,0,0,0,0,0,0,0,0,0,0,0,0,0,0,0,0,0,0,0,0,0,0,0,0,0,0,0,0,0,0,0,0,0,0,0
29,583,0171,625456,0000,000000,KARNATAKA,Bangalore Rural,VILLAGE,Bhatramarenahalli,Rural,197,940,472,468,101,47,54,297,146,151,13,7,6,684,383,301,256,89,167,364,284,80,350,281,69,218,177,41,51,31,20,2,1,1,79,72,7,14,3,11,1,0,1,2,0,2,0,0,0,11,3,8,13,3,10,1,0,1,2,0,2,0,0,0,10,3,7,1,0,1,0,0,0,0,0,0,0,0,0,1,0,1,576,188,388
29,583,0171,625457,0000,000000,KARNATAKA,Bangalore Rural,VILLAGE,Kaggalahalli,Rural,145,711,349,362,86,46,40,189,88,101,0,0,0,529,273,256,182,76,106,258,223,35,244,213,31,211,190,21,3,3,0,2,2,0,28,18,10,14,10,4,10,7,3,0,0,0,0,0,0,4,3,1,13,9,4,10,7,3,0,0,0,0,0,0,3,2,1,1,1,0,0,0,0,0,0,0,0,0,0,1,1,0,453,126,327
29,583,0171,625458,0000,000000,KARNATAKA,Bangalore Rural,VILLAGE,Kondenahalli,Rural,118,555,261,294,74,31,43,11,5,6,540,254,286,328,173,155,227,88,139,255,166,89,255,166,89,105,76,29,8,2,6,0,0,0,142,88,54,0,0,0,0,0,0,0,0,0,0,0,0,0,0,0,0,0,0,0,0,0,0,0,0,0,0,0,0,0,0,0,0,0,0,0,0,0,0,0,0,0,0,0,0,0,300,95,205
29,583,0171,625459,0000,000000,KARNATAKA,Bangalore Rural,VILLAGE,Kotnathevaru,Rural,2,13,8,5,3,1,2,0,0,0,0,0,0,8,6,2,5,2,3,6,6,0,6,6,0,6,6,0,0,0,0,0,0,0,0,0,0,0,0,0,0,0,0,0,0,0,0,0,0,0,0,0,0,0,0,0,0,0,0,0,0,0,0,0,0,0,0,0,0,0,0,0,0,0,0,0,0,0,0,0,0,0,7,2,5
29,583,0171,625460,0000,000000,KARNATAKA,Bangalore Rural,VILLAGE,Budigere Amanikere,Rural,0,0,0,0,0,0,0,0,0,0,0,0,0,0,0,0,0,0,0,0,0,0,0,0,0,0,0,0,0,0,0,0,0,0,0,0,0,0,0,0,0,0,0,0,0,0,0,0,0,0,0,0,0,0,0,0,0,0,0,0,0,0,0,0,0,0,0,0,0,0,0,0,0,0,0,0,0,0,0,0,0,0,0,0,0
29,583,0171,625461,0000,000000,KARNATAKA,Bangalore Rural,VILLAGE,Budigere,Rural,1369,6109,3132,2977,697,369,328,908,447,461,79,37,42,4241,2325,1916,1868,807,1061,2829,1916,913,2302,1639,663,715,497,218,369,233,136,102,65,37,1116,844,272,527,277,250,7,3,4,51,23,28,150,50,100,319,201,118,294,142,152,6,3,3,34,16,18,106,34,72,148,89,59,233,135,98,1,0,1,17,7,10,44,16,28,171,112,59,3280,1216,2064
29,583,0171,625462,0000,000000,KARNATAKA,Bangalore Rural,VILLAGE,Handrahalli,Rural,364,1600,803,797,165,79,86,579,299,280,3,2,1,1176,648,528,424,155,269,796,501,295,335,307,28,209,199,10,56,43,13,8,8,0,62,57,5,461,194,267,7,7,0,137,58,79,168,21,147,149,108,41,311,96,215,6,6,0,137,58,79,132,8,124,36,24,12,150,98,52,1,1,0,0,0,0,36,13,23,113,84,29,804,302,502
29,583,0171,625463,0000,000000,KARNATAKA,Bangalore Rural,VILLAGE,Gangavara Chowdappana  Halli,Rural,461,2282,1180,1102,270,145,125,485,245,240,4,2,2,1474,869,605,808,311,497,1607,853,754,1267,716,551,1024,555,469,28,13,15,7,3,4,208,145,63,340,137,203,31,13,18,43,19,24,2,1,1,264,104,160,181,78,103,30,13,17,26,10,16,0,0,0,125,55,70,159,59,100,1,0,1,17,9,8,2,1,1,139,49,90,675,327,348
29,583,0171,625464,0000,000000,KARNATAKA,Bangalore Rural,VILLAGE,Somathanahalli,Rural,247,1206,626,580,138,75,63,132,63,69,0,0,0,847,484,363,359,142,217,591,397,194,527,381,146,347,256,91,58,38,20,4,4,0,118,83,35,64,16,48,47,10,37,9,3,6,3,1,2,5,2,3,64,16,48,47,10,37,9,3,6,3,1,2,5,2,3,0,0,0,0,0,0,0,0,0,0,0,0,0,0,0,615,229,386
29,583,0172,000000,0000,000000,KARNATAKA,Bangalore Rural,CD BLOCK,Hosakote ,Total,46980,213838,111038,102800,24203,12582,11621,52008,26184,25824,8113,4208,3905,143733,81828,61905,70105,29210,40895,97751,68774,28977,84918,62167,22751,29152,22297,6855,16647,9525,7122,1894,1325,569,37225,29020,8205,12833,6607,6226,1961,933,1028,4468,1880,2588,1028,474,554,5376,3320,2056,10686,5575,5111,1648,812,836,3812,1625,2187,884,430,454,4342,2708,1634,2147,1032,1115,313,121,192,656,255,401,144,44,100,1034,612,422,116087,42264,73823
29,583,0172,000000,0000,000000,KARNATAKA,Bangalore Rural,CD BLOCK,Hosakote ,Rural,46980,213838,111038,102800,24203,12582,11621,52008,26184,25824,8113,4208,3905,143733,81828,61905,70105,29210,40895,97751,68774,28977,84918,62167,22751,29152,22297,6855,16647,9525,7122,1894,1325,569,37225,29020,8205,12833,6607,6226,1961,933,1028,4468,1880,2588,1028,474,554,5376,3320,2056,10686,5575,5111,1648,812,836,3812,1625,2187,884,430,454,4342,2708,1634,2147,1032,1115,313,121,192,656,255,401,144,44,100,1034,612,422,116087,42264,73823
29,583,0172,000000,0000,000000,KARNATAKA,Bangalore Rural,CD BLOCK,Hosakote ,Urban,0,0,0,0,0,0,0,0,0,0,0,0,0,0,0,0,0,0,0,0,0,0,0,0,0,0,0,0,0,0,0,0,0,0,0,0,0,0,0,0,0,0,0,0,0,0,0,0,0,0,0,0,0,0,0,0,0,0,0,0,0,0,0,0,0,0,0,0,0,0,0,0,0,0,0,0,0,0,0,0,0,0,0,0,0
29,583,0172,625465,0000,000000,KARNATAKA,Bangalore Rural,VILLAGE,Thimmappanahalli,Rural,117,540,280,260,52,29,23,131,69,62,6,4,2,371,212,159,169,68,101,226,181,45,215,176,39,138,118,20,36,24,12,0,0,0,41,34,7,11,5,6,4,1,3,1,0,1,0,0,0,6,4,2,10,5,5,3,1,2,1,0,1,0,0,0,6,4,2,1,0,1,1,0,1,0,0,0,0,0,0,0,0,0,314,99,215
29,583,0172,625466,0000,000000,KARNATAKA,Bangalore Rural,VILLAGE,Theneyur,Rural,112,588,312,276,46,20,26,123,70,53,3,1,2,408,252,156,180,60,120,242,194,48,226,184,42,112,110,2,90,53,37,6,6,0,18,15,3,16,10,6,2,1,1,2,1,1,0,0,0,12,8,4,9,6,3,2,1,1,2,1,1,0,0,0,5,4,1,7,4,3,0,0,0,0,0,0,0,0,0,7,4,3,346,118,228
29,583,0172,625467,0000,000000,KARNATAKA,Bangalore Rural,VILLAGE,Chikkakurubarahalli,Rural,9,36,19,17,1,1,0,0,0,0,0,0,0,33,18,15,3,1,2,15,14,1,15,14,1,13,12,1,0,0,0,0,0,0,2,2,0,0,0,0,0,0,0,0,0,0,0,0,0,0,0,0,0,0,0,0,0,0,0,0,0,0,0,0,0,0,0,0,0,0,0,0,0,0,0,0,0,0,0,0,0,0,21,5,16
29,583,0172,625468,0000,000000,KARNATAKA,Bangalore Rural,VILLAGE,Imanahalli,Rural,1,10,5,5,1,0,1,0,0,0,0,0,0,7,4,3,3,1,2,4,4,0,4,4,0,3,3,0,0,0,0,0,0,0,1,1,0,0,0,0,0,0,0,0,0,0,0,0,0,0,0,0,0,0,0,0,0,0,0,0,0,0,0,0,0,0,0,0,0,0,0,0,0,0,0,0,0,0,0,0,0,0,6,1,5
29,583,0172,625469,0000,000000,KARNATAKA,Bangalore Rural,VILLAGE,Shivapura,Rural,0,0,0,0,0,0,0,0,0,0,0,0,0,0,0,0,0,0,0,0,0,0,0,0,0,0,0,0,0,0,0,0,0,0,0,0,0,0,0,0,0,0,0,0,0,0,0,0,0,0,0,0,0,0,0,0,0,0,0,0,0,0,0,0,0,0,0,0,0,0,0,0,0,0,0,0,0,0,0,0,0,0,0,0,0
29,583,0172,625470,0000,000000,KARNATAKA,Bangalore Rural,VILLAGE,Anupahalli,Rural,212,939,478,461,111,58,53,282,148,134,0,0,0,509,305,204,430,173,257,526,313,213,342,297,45,165,153,12,91,66,25,0,0,0,86,78,8,184,16,168,61,7,54,71,8,63,0,0,0,52,1,51,143,7,136,39,3,36,57,3,54,0,0,0,47,1,46,41,9,32,22,4,18,14,5,9,0,0,0,5,0,5,413,165,248
29,583,0172,625471,0000,000000,KARNATAKA,Bangalore Rural,VILLAGE,Esthur Amanikere,Rural,0,0,0,0,0,0,0,0,0,0,0,0,0,0,0,0,0,0,0,0,0,0,0,0,0,0,0,0,0,0,0,0,0,0,0,0,0,0,0,0,0,0,0,0,0,0,0,0,0,0,0,0,0,0,0,0,0,0,0,0,0,0,0,0,0,0,0,0,0,0,0,0,0,0,0,0,0,0,0,0,0,0,0,0,0
29,583,0172,625472,0000,000000,KARNATAKA,Bangalore Rural,VILLAGE,Esthur  Hosahalli,Rural,140,686,340,346,77,43,34,261,121,140,0,0,0,452,242,210,234,98,136,408,211,197,347,188,159,275,151,124,32,16,16,0,0,0,40,21,19,61,23,38,2,0,2,15,6,9,7,4,3,37,13,24,40,15,25,2,0,2,7,4,3,3,2,1,28,9,19,21,8,13,0,0,0,8,2,6,4,2,2,9,4,5,278,129,149
29,583,0172,625473,0000,000000,KARNATAKA,Bangalore Rural,VILLAGE,Ralkunte,Rural,99,488,238,250,64,32,32,292,140,152,1,0,1,332,177,155,156,61,95,240,150,90,85,61,24,30,23,7,10,6,4,5,4,1,40,28,12,155,89,66,6,4,2,7,3,4,2,1,1,140,81,59,146,87,59,6,4,2,7,3,4,2,1,1,131,79,52,9,2,7,0,0,0,0,0,0,0,0,0,9,2,7,248,88,160
29,583,0172,625474,0000,000000,KARNATAKA,Bangalore Rural,VILLAGE,Esthur,Rural,147,669,339,330,55,34,21,211,105,106,0,0,0,429,259,170,240,80,160,240,193,47,240,193,47,100,99,1,114,77,37,3,2,1,23,15,8,0,0,0,0,0,0,0,0,0,0,0,0,0,0,0,0,0,0,0,0,0,0,0,0,0,0,0,0,0,0,0,0,0,0,0,0,0,0,0,0,0,0,0,0,0,429,146,283
29,583,0172,625475,0000,000000,KARNATAKA,Bangalore Rural,VILLAGE,Cheemasandra,Rural,136,561,287,274,71,41,30,214,105,109,19,11,8,355,200,155,206,87,119,348,172,176,149,137,12,76,74,2,16,13,3,0,0,0,57,50,7,199,35,164,133,20,113,36,4,32,0,0,0,30,11,19,183,34,149,122,19,103,34,4,30,0,0,0,27,11,16,16,1,15,11,1,10,2,0,2,0,0,0,3,0,3,213,115,98
29,583,0172,625476,0000,000000,KARNATAKA,Bangalore Rural,VILLAGE,Dimbahalli,Rural,8,32,16,16,2,0,2,15,9,6,8,3,5,24,13,11,8,3,5,21,11,10,11,10,1,2,2,0,1,1,0,0,0,0,8,7,1,10,1,9,4,1,3,3,0,3,0,0,0,3,0,3,9,1,8,4,1,3,3,0,3,0,0,0,2,0,2,1,0,1,0,0,0,0,0,0,0,0,0,1,0,1,11,5,6
29,583,0172,625477,0000,000000,KARNATAKA,Bangalore Rural,VILLAGE,Balenahalli,Rural,51,225,118,107,22,7,15,41,19,22,52,28,24,132,89,43,93,29,64,89,84,5,89,84,5,0,0,0,77,76,1,0,0,0,12,8,4,0,0,0,0,0,0,0,0,0,0,0,0,0,0,0,0,0,0,0,0,0,0,0,0,0,0,0,0,0,0,0,0,0,0,0,0,0,0,0,0,0,0,0,0,0,136,34,102
29,583,0172,625478,0000,000000,KARNATAKA,Bangalore Rural,VILLAGE,Haniyur,Rural,5,15,8,7,3,2,1,0,0,0,0,0,0,0,0,0,15,8,7,10,5,5,10,5,5,0,0,0,0,0,0,0,0,0,10,5,5,0,0,0,0,0,0,0,0,0,0,0,0,0,0,0,0,0,0,0,0,0,0,0,0,0,0,0,0,0,0,0,0,0,0,0,0,0,0,0,0,0,0,0,0,0,5,3,2
29,583,0172,625479,0000,000000,KARNATAKA,Bangalore Rural,VILLAGE,Dyavasandra,Rural,55,314,153,161,40,24,16,161,70,91,65,39,26,194,109,85,120,44,76,132,83,49,106,77,29,31,29,2,16,6,10,1,1,0,58,41,17,26,6,20,1,0,1,19,5,14,0,0,0,6,1,5,25,6,19,1,0,1,18,5,13,0,0,0,6,1,5,1,0,1,0,0,0,1,0,1,0,0,0,0,0,0,182,70,112
29,583,0172,625480,0000,000000,KARNATAKA,Bangalore Rural,VILLAGE,Bendiganahalli,Rural,127,596,341,255,54,32,22,166,96,70,2,2,0,446,288,158,150,53,97,239,199,40,185,172,13,68,68,0,36,31,5,2,2,0,79,71,8,54,27,27,3,3,0,10,4,6,1,0,1,40,20,20,49,27,22,3,3,0,10,4,6,1,0,1,35,20,15,5,0,5,0,0,0,0,0,0,0,0,0,5,0,5,357,142,215
29,583,0172,625481,0000,000000,KARNATAKA,Bangalore Rural,VILLAGE,Chikkaralagere,Rural,61,308,156,152,31,12,19,107,54,53,26,9,17,201,121,80,107,35,72,121,91,30,119,91,28,41,40,1,39,20,19,2,2,0,37,29,8,2,0,2,0,0,0,2,0,2,0,0,0,0,0,0,2,0,2,0,0,0,2,0,2,0,0,0,0,0,0,0,0,0,0,0,0,0,0,0,0,0,0,0,0,0,187,65,122
29,583,0172,625482,0000,000000,KARNATAKA,Bangalore Rural,VILLAGE,Kachipuradakambada Beedu,Rural,2,16,7,9,0,0,0,0,0,0,0,0,0,15,7,8,1,0,1,4,3,1,4,3,1,2,2,0,2,1,1,0,0,0,0,0,0,0,0,0,0,0,0,0,0,0,0,0,0,0,0,0,0,0,0,0,0,0,0,0,0,0,0,0,0,0,0,0,0,0,0,0,0,0,0,0,0,0,0,0,0,0,12,4,8
29,583,0172,625483,0000,000000,KARNATAKA,Bangalore Rural,VILLAGE,Mattabarlu,Rural,0,0,0,0,0,0,0,0,0,0,0,0,0,0,0,0,0,0,0,0,0,0,0,0,0,0,0,0,0,0,0,0,0,0,0,0,0,0,0,0,0,0,0,0,0,0,0,0,0,0,0,0,0,0,0,0,0,0,0,0,0,0,0,0,0,0,0,0,0,0,0,0,0,0,0,0,0,0,0,0,0,0,0,0,0
29,583,0172,625484,0000,000000,KARNATAKA,Bangalore Rural,VILLAGE,Shantanapura,Rural,7,27,13,14,4,2,2,4,3,1,9,5,4,16,10,6,11,3,8,17,8,9,13,7,6,2,2,0,8,4,4,0,0,0,3,1,2,4,1,3,0,0,0,4,1,3,0,0,0,0,0,0,4,1,3,0,0,0,4,1,3,0,0,0,0,0,0,0,0,0,0,0,0,0,0,0,0,0,0,0,0,0,10,5,5
29,583,0172,625485,0000,000000,KARNATAKA,Bangalore Rural,VILLAGE,Bathiganahalli,Rural,1,4,2,2,0,0,0,0,0,0,0,0,0,3,1,2,1,1,0,0,0,0,0,0,0,0,0,0,0,0,0,0,0,0,0,0,0,0,0,0,0,0,0,0,0,0,0,0,0,0,0,0,0,0,0,0,0,0,0,0,0,0,0,0,0,0,0,0,0,0,0,0,0,0,0,0,0,0,0,0,0,0,4,2,2
29,583,0172,625486,0000,000000,KARNATAKA,Bangalore Rural,VILLAGE,Nallaganahalli,Rural,34,176,95,81,21,11,10,6,3,3,29,15,14,130,77,53,46,18,28,78,57,21,64,53,11,48,43,5,1,0,1,2,1,1,13,9,4,14,4,10,0,0,0,4,1,3,0,0,0,10,3,7,12,3,9,0,0,0,3,1,2,0,0,0,9,2,7,2,1,1,0,0,0,1,0,1,0,0,0,1,1,0,98,38,60
29,583,0172,625487,0000,000000,KARNATAKA,Bangalore Rural,VILLAGE,Ankonahalli,Rural,64,285,165,120,31,20,11,0,0,0,0,0,0,197,126,71,88,39,49,191,115,76,191,115,76,185,109,76,0,0,0,0,0,0,6,6,0,0,0,0,0,0,0,0,0,0,0,0,0,0,0,0,0,0,0,0,0,0,0,0,0,0,0,0,0,0,0,0,0,0,0,0,0,0,0,0,0,0,0,0,0,0,94,50,44
29,583,0172,625488,0000,000000,KARNATAKA,Bangalore Rural,VILLAGE,Arasanahalli,Rural,166,857,449,408,91,49,42,120,55,65,4,2,2,502,295,207,355,154,201,375,287,88,244,214,30,168,164,4,9,7,2,2,2,0,65,41,24,131,73,58,2,1,1,66,22,44,2,1,1,61,49,12,126,72,54,2,1,1,64,22,42,2,1,1,58,48,10,5,1,4,0,0,0,2,0,2,0,0,0,3,1,2,482,162,320
29,583,0172,625489,0000,000000,KARNATAKA,Bangalore Rural,VILLAGE,Ramapura,Rural,31,133,71,62,21,11,10,0,0,0,0,0,0,79,43,36,54,28,26,71,43,28,71,43,28,66,38,28,4,4,0,0,0,0,1,1,0,0,0,0,0,0,0,0,0,0,0,0,0,0,0,0,0,0,0,0,0,0,0,0,0,0,0,0,0,0,0,0,0,0,0,0,0,0,0,0,0,0,0,0,0,0,62,28,34
29,583,0172,625490,0000,000000,KARNATAKA,Bangalore Rural,VILLAGE,Kadaranapura,Rural,60,265,143,122,18,10,8,109,62,47,0,0,0,149,90,59,116,53,63,168,92,76,168,92,76,99,55,44,69,37,32,0,0,0,0,0,0,0,0,0,0,0,0,0,0,0,0,0,0,0,0,0,0,0,0,0,0,0,0,0,0,0,0,0,0,0,0,0,0,0,0,0,0,0,0,0,0,0,0,0,0,0,97,51,46
29,583,0172,625491,0000,000000,KARNATAKA,Bangalore Rural,VILLAGE,Sulibele,Rural,2014,9587,4905,4682,1217,623,594,1214,612,602,1086,542,544,6312,3467,2845,3275,1438,1837,3599,2742,857,3378,2604,774,371,299,72,720,497,223,248,190,58,2039,1618,421,221,138,83,17,10,7,21,10,11,19,14,5,164,104,60,170,108,62,15,8,7,19,9,10,13,10,3,123,81,42,51,30,21,2,2,0,2,1,1,6,4,2,41,23,18,5988,2163,3825
29,583,0172,625492,0000,000000,KARNATAKA,Bangalore Rural,VILLAGE,Siddanahalli,Rural,94,438,221,217,54,28,26,165,79,86,273,142,131,255,144,111,183,77,106,160,138,22,160,138,22,54,54,0,60,51,9,2,2,0,44,31,13,0,0,0,0,0,0,0,0,0,0,0,0,0,0,0,0,0,0,0,0,0,0,0,0,0,0,0,0,0,0,0,0,0,0,0,0,0,0,0,0,0,0,0,0,0,278,83,195
29,583,0172,625493,0000,000000,KARNATAKA,Bangalore Rural,VILLAGE,Thammarasanahalli,Rural,102,522,277,245,71,41,30,44,26,18,1,1,0,265,135,130,257,142,115,170,145,25,168,144,24,26,22,4,1,1,0,11,3,8,130,118,12,2,1,1,0,0,0,0,0,0,0,0,0,2,1,1,2,1,1,0,0,0,0,0,0,0,0,0,2,1,1,0,0,0,0,0,0,0,0,0,0,0,0,0,0,0,352,132,220
29,583,0172,625494,0000,000000,KARNATAKA,Bangalore Rural,VILLAGE,Doddaralagere,Rural,184,800,422,378,70,40,30,355,176,179,51,33,18,537,316,221,263,106,157,450,251,199,391,219,172,37,25,12,112,44,68,7,7,0,235,143,92,59,32,27,5,3,2,17,5,12,3,3,0,34,21,13,59,32,27,5,3,2,17,5,12,3,3,0,34,21,13,0,0,0,0,0,0,0,0,0,0,0,0,0,0,0,350,171,179
29,583,0172,625495,0000,000000,KARNATAKA,Bangalore Rural,VILLAGE,Sashimakanahalli,Rural,44,190,106,84,27,13,14,80,45,35,19,11,8,112,74,38,78,32,46,93,60,33,65,43,22,19,19,0,1,0,1,0,0,0,45,24,21,28,17,11,0,0,0,26,15,11,0,0,0,2,2,0,28,17,11,0,0,0,26,15,11,0,0,0,2,2,0,0,0,0,0,0,0,0,0,0,0,0,0,0,0,0,97,46,51
29,583,0172,625496,0000,000000,KARNATAKA,Bangalore Rural,VILLAGE,Aralagere Amanikere,Rural,0,0,0,0,0,0,0,0,0,0,0,0,0,0,0,0,0,0,0,0,0,0,0,0,0,0,0,0,0,0,0,0,0,0,0,0,0,0,0,0,0,0,0,0,0,0,0,0,0,0,0,0,0,0,0,0,0,0,0,0,0,0,0,0,0,0,0,0,0,0,0,0,0,0,0,0,0,0,0,0,0,0,0,0,0
29,583,0172,625497,0000,000000,KARNATAKA,Bangalore Rural,VILLAGE,Thammarayasandra Agrahara,Rural,116,526,273,253,68,32,36,95,51,44,0,0,0,348,206,142,178,67,111,265,176,89,186,132,54,91,90,1,2,2,0,0,0,0,93,40,53,79,44,35,1,1,0,30,20,10,0,0,0,48,23,25,69,37,32,1,1,0,24,15,9,0,0,0,44,21,23,10,7,3,0,0,0,6,5,1,0,0,0,4,2,2,261,97,164
29,583,0172,625498,0000,000000,KARNATAKA,Bangalore Rural,VILLAGE,Srinivasapura,Rural,1,8,5,3,0,0,0,0,0,0,0,0,0,5,4,1,3,1,2,3,2,1,3,2,1,2,2,0,0,0,0,0,0,0,1,0,1,0,0,0,0,0,0,0,0,0,0,0,0,0,0,0,0,0,0,0,0,0,0,0,0,0,0,0,0,0,0,0,0,0,0,0,0,0,0,0,0,0,0,0,0,0,5,3,2
29,583,0172,625499,0000,000000,KARNATAKA,Bangalore Rural,VILLAGE,Bavapura,Rural,135,644,328,316,68,37,31,144,69,75,88,44,44,416,236,180,228,92,136,358,200,158,354,200,154,173,141,32,54,28,26,3,0,3,124,31,93,4,0,4,0,0,0,0,0,0,0,0,0,4,0,4,4,0,4,0,0,0,0,0,0,0,0,0,4,0,4,0,0,0,0,0,0,0,0,0,0,0,0,0,0,0,286,128,158
29,583,0172,625500,0000,000000,KARNATAKA,Bangalore Rural,VILLAGE,Hosadimbahalli,Rural,26,125,67,58,17,10,7,32,19,13,0,0,0,68,39,29,57,28,29,72,41,31,72,41,31,34,28,6,14,9,5,1,0,1,23,4,19,0,0,0,0,0,0,0,0,0,0,0,0,0,0,0,0,0,0,0,0,0,0,0,0,0,0,0,0,0,0,0,0,0,0,0,0,0,0,0,0,0,0,0,0,0,53,26,27
29,583,0172,625501,0000,000000,KARNATAKA,Bangalore Rural,VILLAGE,Bhuvanahalli,Rural,123,592,294,298,58,26,32,210,98,112,0,0,0,357,196,161,235,98,137,348,214,134,235,199,36,102,98,4,70,45,25,2,2,0,61,54,7,113,15,98,3,0,3,81,14,67,5,0,5,24,1,23,109,13,96,3,0,3,79,13,66,5,0,5,22,0,22,4,2,2,0,0,0,2,1,1,0,0,0,2,1,1,244,80,164
29,583,0172,625502,0000,000000,KARNATAKA,Bangalore Rural,VILLAGE,Pulimanchi,Rural,0,0,0,0,0,0,0,0,0,0,0,0,0,0,0,0,0,0,0,0,0,0,0,0,0,0,0,0,0,0,0,0,0,0,0,0,0,0,0,0,0,0,0,0,0,0,0,0,0,0,0,0,0,0,0,0,0,0,0,0,0,0,0,0,0,0,0,0,0,0,0,0,0,0,0,0,0,0,0,0,0,0,0,0,0
29,583,0172,625503,0000,000000,KARNATAKA,Bangalore Rural,VILLAGE,Gullahalli,Rural,216,1059,537,522,121,61,60,197,96,101,20,10,10,657,390,267,402,147,255,527,329,198,363,303,60,108,103,5,114,76,38,0,0,0,141,124,17,164,26,138,10,6,4,128,12,116,7,1,6,19,7,12,138,25,113,10,6,4,111,11,100,3,1,2,14,7,7,26,1,25,0,0,0,17,1,16,4,0,4,5,0,5,532,208,324
29,583,0172,625504,0000,000000,KARNATAKA,Bangalore Rural,VILLAGE,Chowdasandra,Rural,0,0,0,0,0,0,0,0,0,0,0,0,0,0,0,0,0,0,0,0,0,0,0,0,0,0,0,0,0,0,0,0,0,0,0,0,0,0,0,0,0,0,0,0,0,0,0,0,0,0,0,0,0,0,0,0,0,0,0,0,0,0,0,0,0,0,0,0,0,0,0,0,0,0,0,0,0,0,0,0,0,0,0,0,0
29,583,0172,625505,0000,000000,KARNATAKA,Bangalore Rural,VILLAGE,Vanamanahalli,Rural,0,0,0,0,0,0,0,0,0,0,0,0,0,0,0,0,0,0,0,0,0,0,0,0,0,0,0,0,0,0,0,0,0,0,0,0,0,0,0,0,0,0,0,0,0,0,0,0,0,0,0,0,0,0,0,0,0,0,0,0,0,0,0,0,0,0,0,0,0,0,0,0,0,0,0,0,0,0,0,0,0,0,0,0,0
29,583,0172,625506,0000,000000,KARNATAKA,Bangalore Rural,VILLAGE,Bettahalli,Rural,118,563,296,267,59,32,27,242,129,113,0,0,0,379,216,163,184,80,104,281,188,93,278,186,92,96,72,24,121,62,59,1,1,0,60,51,9,3,2,1,0,0,0,3,2,1,0,0,0,0,0,0,1,0,1,0,0,0,1,0,1,0,0,0,0,0,0,2,2,0,0,0,0,2,2,0,0,0,0,0,0,0,282,108,174
29,583,0172,625507,0000,000000,KARNATAKA,Bangalore Rural,VILLAGE,Giddappanahalli,Rural,272,1420,761,659,168,90,78,172,86,86,122,68,54,898,506,392,522,255,267,641,497,144,537,473,64,106,102,4,140,116,24,7,5,2,284,250,34,104,24,80,2,1,1,47,12,35,0,0,0,55,11,44,95,22,73,2,1,1,39,11,28,0,0,0,54,10,44,9,2,7,0,0,0,8,1,7,0,0,0,1,1,0,779,264,515
29,583,0172,625508,0000,000000,KARNATAKA,Bangalore Rural,VILLAGE,Kodipura,Rural,0,0,0,0,0,0,0,0,0,0,0,0,0,0,0,0,0,0,0,0,0,0,0,0,0,0,0,0,0,0,0,0,0,0,0,0,0,0,0,0,0,0,0,0,0,0,0,0,0,0,0,0,0,0,0,0,0,0,0,0,0,0,0,0,0,0,0,0,0,0,0,0,0,0,0,0,0,0,0,0,0,0,0,0,0
29,583,0172,625509,0000,000000,KARNATAKA,Bangalore Rural,VILLAGE,Valagerepura,Rural,109,536,289,247,68,37,31,7,5,2,278,153,125,349,221,128,187,68,119,263,179,84,259,176,83,36,36,0,121,47,74,0,0,0,102,93,9,4,3,1,0,0,0,0,0,0,0,0,0,4,3,1,0,0,0,0,0,0,0,0,0,0,0,0,0,0,0,4,3,1,0,0,0,0,0,0,0,0,0,4,3,1,273,110,163
29,583,0172,625510,0000,000000,KARNATAKA,Bangalore Rural,VILLAGE,Attibele,Rural,338,1564,819,745,152,86,66,337,169,168,10,6,4,1096,638,458,468,181,287,665,511,154,409,369,40,249,228,21,18,13,5,12,11,1,130,117,13,256,142,114,20,10,10,139,66,73,8,7,1,89,59,30,205,116,89,14,9,5,126,61,65,5,5,0,60,41,19,51,26,25,6,1,5,13,5,8,3,2,1,29,18,11,899,308,591
29,583,0172,625511,0000,000000,KARNATAKA,Bangalore Rural,VILLAGE,Yenagunte,Rural,298,1388,702,686,140,58,82,519,255,264,0,0,0,850,502,348,538,200,338,841,532,309,685,470,215,294,248,46,200,95,105,20,2,18,171,125,46,156,62,94,72,19,53,9,5,4,1,0,1,74,38,36,81,36,45,29,8,21,7,4,3,1,0,1,44,24,20,75,26,49,43,11,32,2,1,1,0,0,0,30,14,16,547,170,377
29,583,0172,625512,0000,000000,KARNATAKA,Bangalore Rural,VILLAGE,Yethinavadeyarapura,Rural,37,159,82,77,16,11,5,36,20,16,0,0,0,110,63,47,49,19,30,66,50,16,63,50,13,35,32,3,16,11,5,0,0,0,12,7,5,3,0,3,3,0,3,0,0,0,0,0,0,0,0,0,3,0,3,3,0,3,0,0,0,0,0,0,0,0,0,0,0,0,0,0,0,0,0,0,0,0,0,0,0,0,93,32,61
29,583,0172,625513,0000,000000,KARNATAKA,Bangalore Rural,VILLAGE,Sadappanahalli,Rural,120,500,247,253,50,28,22,203,99,104,0,0,0,318,179,139,182,68,114,223,158,65,207,152,55,52,51,1,96,51,45,0,0,0,59,50,9,16,6,10,3,3,0,6,1,5,0,0,0,7,2,5,8,1,7,0,0,0,4,0,4,0,0,0,4,1,3,8,5,3,3,3,0,2,1,1,0,0,0,3,1,2,277,89,188
29,583,0172,625514,0000,000000,KARNATAKA,Bangalore Rural,VILLAGE,M.Sathyawara,Rural,170,806,437,369,103,59,44,176,96,80,0,0,0,522,318,204,284,119,165,344,281,63,318,271,47,142,134,8,97,67,30,0,0,0,79,70,9,26,10,16,2,1,1,2,0,2,0,0,0,22,9,13,24,8,16,2,1,1,2,0,2,0,0,0,20,7,13,2,2,0,0,0,0,0,0,0,0,0,0,2,2,0,462,156,306
29,583,0172,625515,0000,000000,KARNATAKA,Bangalore Rural,VILLAGE,Kammasandra,Rural,279,1349,686,663,119,61,58,237,113,124,36,19,17,981,535,446,368,151,217,559,337,222,260,179,81,134,92,42,9,8,1,12,12,0,105,67,38,299,158,141,10,5,5,153,69,84,6,4,2,130,80,50,139,84,55,6,3,3,4,2,2,3,2,1,126,77,49,160,74,86,4,2,2,149,67,82,3,2,1,4,3,1,790,349,441
29,583,0172,625516,0000,000000,KARNATAKA,Bangalore Rural,VILLAGE,Hasigala,Rural,280,1317,663,654,144,69,75,426,206,220,1,0,1,867,491,376,450,172,278,616,429,187,609,424,185,152,117,35,241,141,100,37,27,10,179,139,40,7,5,2,1,1,0,3,2,1,1,0,1,2,2,0,7,5,2,1,1,0,3,2,1,1,0,1,2,2,0,0,0,0,0,0,0,0,0,0,0,0,0,0,0,0,701,234,467
29,583,0172,625517,0000,000000,KARNATAKA,Bangalore Rural,VILLAGE,Thimmasandra,Rural,130,533,282,251,60,29,31,121,66,55,3,2,1,389,225,164,144,57,87,240,172,68,178,151,27,99,88,11,47,34,13,4,4,0,28,25,3,62,21,41,7,0,7,29,13,16,1,0,1,25,8,17,47,19,28,6,0,6,17,11,6,1,0,1,23,8,15,15,2,13,1,0,1,12,2,10,0,0,0,2,0,2,293,110,183
29,583,0172,625518,0000,000000,KARNATAKA,Bangalore Rural,VILLAGE,Shivadenahalli,Rural,70,269,136,133,30,14,16,190,93,97,5,3,2,184,109,75,85,27,58,143,85,58,92,69,23,17,16,1,64,44,20,1,1,0,10,8,2,51,16,35,5,1,4,37,13,24,1,0,1,8,2,6,44,13,31,5,1,4,30,10,20,1,0,1,8,2,6,7,3,4,0,0,0,7,3,4,0,0,0,0,0,0,126,51,75
29,583,0172,625519,0000,000000,KARNATAKA,Bangalore Rural,VILLAGE,Sonnahallipura,Rural,223,1066,551,515,93,41,52,262,134,128,2,1,1,782,449,333,284,102,182,578,362,216,566,357,209,295,169,126,135,69,66,0,0,0,136,119,17,12,5,7,1,0,1,5,2,3,0,0,0,6,3,3,12,5,7,1,0,1,5,2,3,0,0,0,6,3,3,0,0,0,0,0,0,0,0,0,0,0,0,0,0,0,488,189,299
29,583,0172,625520,0000,000000,KARNATAKA,Bangalore Rural,VILLAGE,Kempapura,Rural,68,316,159,157,34,20,14,103,52,51,13,5,8,176,95,81,140,64,76,179,103,76,177,102,75,83,45,38,43,19,24,0,0,0,51,38,13,2,1,1,1,0,1,0,0,0,0,0,0,1,1,0,1,0,1,1,0,1,0,0,0,0,0,0,0,0,0,1,1,0,0,0,0,0,0,0,0,0,0,1,1,0,137,56,81
29,583,0172,625521,0000,000000,KARNATAKA,Bangalore Rural,VILLAGE,Kamblipura,Rural,259,1272,656,616,139,68,71,368,189,179,17,9,8,801,483,318,471,173,298,743,418,325,524,309,215,229,139,90,171,71,100,4,1,3,120,98,22,219,109,110,29,14,15,115,36,79,0,0,0,75,59,16,209,103,106,29,14,15,110,35,75,0,0,0,70,54,16,10,6,4,0,0,0,5,1,4,0,0,0,5,5,0,529,238,291
29,583,0172,625522,0000,000000,KARNATAKA,Bangalore Rural,VILLAGE,Ekarajapura,Rural,185,715,437,278,73,43,30,26,13,13,66,31,35,532,326,206,183,111,72,362,314,48,227,190,37,38,38,0,36,20,16,0,0,0,153,132,21,135,124,11,1,1,0,80,74,6,4,4,0,50,45,5,135,124,11,1,1,0,80,74,6,4,4,0,50,45,5,0,0,0,0,0,0,0,0,0,0,0,0,0,0,0,353,123,230
29,583,0172,625523,0000,000000,KARNATAKA,Bangalore Rural,VILLAGE,Muthasandra,Rural,134,676,362,314,97,52,45,203,117,86,95,44,51,408,248,160,268,114,154,238,213,25,231,207,24,73,72,1,43,32,11,0,0,0,115,103,12,7,6,1,0,0,0,2,2,0,0,0,0,5,4,1,7,6,1,0,0,0,2,2,0,0,0,0,5,4,1,0,0,0,0,0,0,0,0,0,0,0,0,0,0,0,438,149,289
29,583,0172,625524,0000,000000,KARNATAKA,Bangalore Rural,VILLAGE,Venkateshapura,Rural,0,0,0,0,0,0,0,0,0,0,0,0,0,0,0,0,0,0,0,0,0,0,0,0,0,0,0,0,0,0,0,0,0,0,0,0,0,0,0,0,0,0,0,0,0,0,0,0,0,0,0,0,0,0,0,0,0,0,0,0,0,0,0,0,0,0,0,0,0,0,0,0,0,0,0,0,0,0,0,0,0,0,0,0,0
29,583,0172,625525,0000,000000,KARNATAKA,Bangalore Rural,VILLAGE,Nagarenahalli,Rural,50,330,179,151,25,13,12,31,14,17,0,0,0,230,148,82,100,31,69,142,118,24,121,111,10,37,35,2,26,24,2,10,8,2,48,44,4,21,7,14,0,0,0,7,3,4,8,2,6,6,2,4,4,2,2,0,0,0,3,1,2,0,0,0,1,1,0,17,5,12,0,0,0,4,2,2,8,2,6,5,1,4,188,61,127
29,583,0172,625526,0000,000000,KARNATAKA,Bangalore Rural,VILLAGE,Chikkakoliga,Rural,31,229,122,107,17,8,9,21,5,16,0,0,0,165,95,70,64,27,37,94,74,20,94,74,20,22,13,9,34,27,7,8,7,1,30,27,3,0,0,0,0,0,0,0,0,0,0,0,0,0,0,0,0,0,0,0,0,0,0,0,0,0,0,0,0,0,0,0,0,0,0,0,0,0,0,0,0,0,0,0,0,0,135,48,87
29,583,0172,625527,0000,000000,KARNATAKA,Bangalore Rural,VILLAGE,Doddakoliga,Rural,85,388,225,163,27,15,12,30,18,12,0,0,0,275,179,96,113,46,67,225,174,51,202,162,40,146,116,30,53,44,9,0,0,0,3,2,1,23,12,11,3,2,1,20,10,10,0,0,0,0,0,0,0,0,0,0,0,0,0,0,0,0,0,0,0,0,0,23,12,11,3,2,1,20,10,10,0,0,0,0,0,0,163,51,112
29,583,0172,625528,0000,000000,KARNATAKA,Bangalore Rural,VILLAGE,Muthukadahalli,Rural,92,418,212,206,39,22,17,112,55,57,0,0,0,269,155,114,149,57,92,206,126,80,107,84,23,71,58,13,23,18,5,3,2,1,10,6,4,99,42,57,26,8,18,38,20,18,8,3,5,27,11,16,3,3,0,2,2,0,1,1,0,0,0,0,0,0,0,96,39,57,24,6,18,37,19,18,8,3,5,27,11,16,212,86,126
29,583,0172,625529,0000,000000,KARNATAKA,Bangalore Rural,VILLAGE,Begur,Rural,315,1436,735,701,141,84,57,261,136,125,173,78,95,1000,555,445,436,180,256,629,470,159,554,451,103,194,186,8,71,40,31,3,2,1,286,223,63,75,19,56,2,0,2,65,14,51,1,0,1,7,5,2,56,19,37,2,0,2,48,14,34,0,0,0,6,5,1,19,0,19,0,0,0,17,0,17,1,0,1,1,0,1,807,265,542
29,583,0172,625530,0000,000000,KARNATAKA,Bangalore Rural,VILLAGE,Sonnebychanahalli,Rural,32,175,94,81,17,9,8,0,0,0,9,4,5,126,78,48,49,16,33,75,60,15,69,56,13,31,27,4,8,2,6,3,3,0,27,24,3,6,4,2,1,1,0,3,1,2,1,1,0,1,1,0,3,2,1,1,1,0,2,1,1,0,0,0,0,0,0,3,2,1,0,0,0,1,0,1,1,1,0,1,1,0,100,34,66
29,583,0172,625531,0000,000000,KARNATAKA,Bangalore Rural,VILLAGE,Bagalur,Rural,55,231,118,113,26,10,16,84,38,46,0,0,0,118,68,50,113,50,63,111,86,25,108,85,23,33,31,2,36,23,13,0,0,0,39,31,8,3,1,2,1,0,1,1,0,1,0,0,0,1,1,0,1,0,1,0,0,0,1,0,1,0,0,0,0,0,0,2,1,1,1,0,1,0,0,0,0,0,0,1,1,0,120,32,88
29,583,0172,625532,0000,000000,KARNATAKA,Bangalore Rural,VILLAGE,Gundrahalli,Rural,2,9,6,3,0,0,0,0,0,0,9,6,3,7,5,2,2,1,1,3,2,1,3,2,1,0,0,0,1,1,0,0,0,0,2,1,1,0,0,0,0,0,0,0,0,0,0,0,0,0,0,0,0,0,0,0,0,0,0,0,0,0,0,0,0,0,0,0,0,0,0,0,0,0,0,0,0,0,0,0,0,0,6,4,2
29,583,0172,625533,0000,000000,KARNATAKA,Bangalore Rural,VILLAGE,Bheemakkanahalli,Rural,152,691,360,331,72,35,37,4,2,2,192,100,92,428,251,177,263,109,154,256,204,52,171,149,22,56,54,2,36,31,5,0,0,0,79,64,15,85,55,30,4,1,3,18,13,5,4,4,0,59,37,22,69,44,25,4,1,3,15,11,4,3,3,0,47,29,18,16,11,5,0,0,0,3,2,1,1,1,0,12,8,4,435,156,279
29,583,0172,625534,0000,000000,KARNATAKA,Bangalore Rural,VILLAGE,Ittasandra,Rural,313,1394,724,670,123,61,62,462,231,231,1,0,1,1005,587,418,389,137,252,812,454,358,663,411,252,466,270,196,11,4,7,7,5,2,179,132,47,149,43,106,4,0,4,35,6,29,6,2,4,104,35,69,141,40,101,2,0,2,35,6,29,3,1,2,101,33,68,8,3,5,2,0,2,0,0,0,3,1,2,3,2,1,582,270,312
29,583,0172,625535,0000,000000,KARNATAKA,Bangalore Rural,VILLAGE,Doddaharadi Plantation,Rural,0,0,0,0,0,0,0,0,0,0,0,0,0,0,0,0,0,0,0,0,0,0,0,0,0,0,0,0,0,0,0,0,0,0,0,0,0,0,0,0,0,0,0,0,0,0,0,0,0,0,0,0,0,0,0,0,0,0,0,0,0,0,0,0,0,0,0,0,0,0,0,0,0,0,0,0,0,0,0,0,0,0,0,0,0
29,583,0172,625536,0000,000000,KARNATAKA,Bangalore Rural,VILLAGE,Hosahardi,Rural,0,0,0,0,0,0,0,0,0,0,0,0,0,0,0,0,0,0,0,0,0,0,0,0,0,0,0,0,0,0,0,0,0,0,0,0,0,0,0,0,0,0,0,0,0,0,0,0,0,0,0,0,0,0,0,0,0,0,0,0,0,0,0,0,0,0,0,0,0,0,0,0,0,0,0,0,0,0,0,0,0,0,0,0,0
29,583,0172,625537,0000,000000,KARNATAKA,Bangalore Rural,VILLAGE,Hosavenkatapura,Rural,26,111,53,58,9,2,7,15,6,9,0,0,0,68,44,24,43,9,34,56,39,17,56,39,17,28,19,9,10,4,6,0,0,0,18,16,2,0,0,0,0,0,0,0,0,0,0,0,0,0,0,0,0,0,0,0,0,0,0,0,0,0,0,0,0,0,0,0,0,0,0,0,0,0,0,0,0,0,0,0,0,0,55,14,41
29,583,0172,625538,0000,000000,KARNATAKA,Bangalore Rural,VILLAGE,Hindiganala,Rural,602,2728,1401,1327,362,180,182,317,158,159,9,4,5,1988,1080,908,740,321,419,1139,854,285,1085,836,249,139,118,21,182,112,70,133,110,23,631,496,135,54,18,36,3,2,1,5,3,2,8,2,6,38,11,27,52,18,34,3,2,1,5,3,2,6,2,4,38,11,27,2,0,2,0,0,0,0,0,0,2,0,2,0,0,0,1589,547,1042
29,583,0172,625539,0000,000000,KARNATAKA,Bangalore Rural,VILLAGE,Tharabahalli,Rural,199,904,448,456,117,60,57,269,132,137,17,8,9,579,323,256,325,125,200,496,278,218,493,277,216,98,78,20,65,33,32,1,0,1,329,166,163,3,1,2,0,0,0,0,0,0,0,0,0,3,1,2,3,1,2,0,0,0,0,0,0,0,0,0,3,1,2,0,0,0,0,0,0,0,0,0,0,0,0,0,0,0,408,170,238
29,583,0172,625540,0000,000000,KARNATAKA,Bangalore Rural,VILLAGE,Chikkondahalli,Rural,184,856,423,433,91,39,52,84,42,42,24,10,14,576,323,253,280,100,180,392,272,120,374,259,115,110,81,29,43,15,28,2,2,0,219,161,58,18,13,5,5,2,3,2,2,0,0,0,0,11,9,2,16,11,5,5,2,3,2,2,0,0,0,0,9,7,2,2,2,0,0,0,0,0,0,0,0,0,0,2,2,0,464,151,313
29,583,0172,625541,0000,000000,KARNATAKA,Bangalore Rural,VILLAGE,Dalasagere,Rural,262,1224,636,588,126,78,48,319,171,148,387,189,198,832,476,356,392,160,232,699,398,301,685,391,294,151,104,47,444,220,224,5,3,2,85,64,21,14,7,7,8,4,4,2,0,2,0,0,0,4,3,1,14,7,7,8,4,4,2,0,2,0,0,0,4,3,1,0,0,0,0,0,0,0,0,0,0,0,0,0,0,0,525,238,287
29,583,0172,625542,0000,000000,KARNATAKA,Bangalore Rural,VILLAGE,Arehalli,Rural,111,498,260,238,44,24,20,65,31,34,13,6,7,381,212,169,117,48,69,213,175,38,211,174,37,186,155,31,3,2,1,2,2,0,20,15,5,2,1,1,0,0,0,0,0,0,0,0,0,2,1,1,2,1,1,0,0,0,0,0,0,0,0,0,2,1,1,0,0,0,0,0,0,0,0,0,0,0,0,0,0,0,285,85,200
29,583,0172,625543,0000,000000,KARNATAKA,Bangalore Rural,VILLAGE,Yethinavadeyarapura,Rural,77,325,156,169,33,16,17,325,156,169,0,0,0,239,125,114,86,31,55,119,93,26,119,93,26,17,17,0,80,60,20,1,0,1,21,16,5,0,0,0,0,0,0,0,0,0,0,0,0,0,0,0,0,0,0,0,0,0,0,0,0,0,0,0,0,0,0,0,0,0,0,0,0,0,0,0,0,0,0,0,0,0,206,63,143
29,583,0172,625544,0000,000000,KARNATAKA,Bangalore Rural,VILLAGE,Nelavagilu,Rural,363,1540,798,742,133,73,60,355,178,177,6,3,3,1080,613,467,460,185,275,676,511,165,619,477,142,199,175,24,132,75,57,32,26,6,256,201,55,57,34,23,2,0,2,30,14,16,2,0,2,23,20,3,53,33,20,2,0,2,27,14,13,2,0,2,22,19,3,4,1,3,0,0,0,3,0,3,0,0,0,1,1,0,864,287,577
29,583,0172,625545,0000,000000,KARNATAKA,Bangalore Rural,VILLAGE,Sarakanur,Rural,55,264,141,123,20,8,12,49,32,17,1,1,0,206,128,78,58,13,45,109,69,40,105,67,38,51,38,13,24,9,15,0,0,0,30,20,10,4,2,2,2,2,0,0,0,0,0,0,0,2,0,2,4,2,2,2,2,0,0,0,0,0,0,0,2,0,2,0,0,0,0,0,0,0,0,0,0,0,0,0,0,0,155,72,83
29,583,0172,625546,0000,000000,KARNATAKA,Bangalore Rural,VILLAGE,Siddanahalli,Rural,179,791,407,384,79,41,38,92,51,41,0,0,0,595,331,264,196,76,120,488,263,225,481,261,220,350,196,154,91,38,53,0,0,0,40,27,13,7,2,5,3,0,3,1,0,1,0,0,0,3,2,1,7,2,5,3,0,3,1,0,1,0,0,0,3,2,1,0,0,0,0,0,0,0,0,0,0,0,0,0,0,0,303,144,159
29,583,0172,625547,0000,000000,KARNATAKA,Bangalore Rural,VILLAGE,Banahalli,Rural,165,771,401,370,65,34,31,8,5,3,72,40,32,600,327,273,171,74,97,417,281,136,409,278,131,292,210,82,89,54,35,9,4,5,19,10,9,8,3,5,2,0,2,6,3,3,0,0,0,0,0,0,8,3,5,2,0,2,6,3,3,0,0,0,0,0,0,0,0,0,0,0,0,0,0,0,0,0,0,0,0,0,354,120,234
29,583,0172,625548,0000,000000,KARNATAKA,Bangalore Rural,VILLAGE,Geddalahallipura,Rural,59,266,139,127,36,22,14,0,0,0,0,0,0,191,99,92,75,40,35,78,72,6,73,67,6,20,18,2,5,5,0,4,4,0,44,40,4,5,5,0,2,2,0,2,2,0,0,0,0,1,1,0,4,4,0,2,2,0,1,1,0,0,0,0,1,1,0,1,1,0,0,0,0,1,1,0,0,0,0,0,0,0,188,67,121
29,583,0172,625549,0000,000000,KARNATAKA,Bangalore Rural,VILLAGE,Ramagovindapura,Rural,85,367,176,191,36,15,21,167,84,83,0,0,0,255,138,117,112,38,74,151,111,40,120,93,27,60,48,12,13,7,6,0,0,0,47,38,9,31,18,13,4,4,0,24,12,12,1,0,1,2,2,0,29,18,11,4,4,0,22,12,10,1,0,1,2,2,0,2,0,2,0,0,0,2,0,2,0,0,0,0,0,0,216,65,151
29,583,0172,625550,0000,000000,KARNATAKA,Bangalore Rural,VILLAGE,Nandagudi,Rural,808,3718,1863,1855,440,228,212,709,347,362,492,253,239,2530,1365,1165,1188,498,690,1727,1135,592,1643,1076,567,668,340,328,114,67,47,34,22,12,827,647,180,84,59,25,11,6,5,17,11,6,3,1,2,53,41,12,80,56,24,11,6,5,16,11,5,2,0,2,51,39,12,4,3,1,0,0,0,1,0,1,1,1,0,2,2,0,1991,728,1263
29,583,0172,625551,0000,000000,KARNATAKA,Bangalore Rural,VILLAGE,Giddanahalli,Rural,73,356,192,164,33,17,16,126,65,61,95,51,44,209,125,84,147,67,80,188,122,66,134,114,20,51,46,5,44,32,12,0,0,0,39,36,3,54,8,46,31,5,26,21,3,18,0,0,0,2,0,2,54,8,46,31,5,26,21,3,18,0,0,0,2,0,2,0,0,0,0,0,0,0,0,0,0,0,0,0,0,0,168,70,98
29,583,0172,625552,0000,000000,KARNATAKA,Bangalore Rural,VILLAGE,Sarakar Vaddahalli,Rural,71,334,153,181,28,15,13,102,45,57,30,12,18,212,104,108,122,49,73,252,125,127,59,35,24,38,21,17,5,5,0,1,1,0,15,8,7,193,90,103,83,34,49,71,36,35,19,7,12,20,13,7,46,33,13,20,14,6,16,12,4,5,4,1,5,3,2,147,57,90,63,20,43,55,24,31,14,3,11,15,10,5,82,28,54
29,583,0172,625553,0000,000000,KARNATAKA,Bangalore Rural,VILLAGE,Agrahara Vaddahalli,Rural,43,203,102,101,15,6,9,0,0,0,7,3,4,133,75,58,70,27,43,148,79,69,52,32,20,40,25,15,2,1,1,0,0,0,10,6,4,96,47,49,44,21,23,33,14,19,5,2,3,14,10,4,34,22,12,14,8,6,11,8,3,2,1,1,7,5,2,62,25,37,30,13,17,22,6,16,3,1,2,7,5,2,55,23,32
29,583,0172,625554,0000,000000,KARNATAKA,Bangalore Rural,VILLAGE,Medur,Rural,23,115,59,56,12,7,5,26,13,13,0,0,0,67,39,28,48,20,28,76,43,33,46,42,4,28,28,0,6,3,3,0,0,0,12,11,1,30,1,29,11,1,10,8,0,8,0,0,0,11,0,11,30,1,29,11,1,10,8,0,8,0,0,0,11,0,11,0,0,0,0,0,0,0,0,0,0,0,0,0,0,0,39,16,23
29,583,0172,625555,0000,000000,KARNATAKA,Bangalore Rural,VILLAGE,K.Settihalli,Rural,47,209,106,103,23,5,18,62,25,37,0,0,0,185,100,85,24,6,18,79,75,4,68,64,4,3,3,0,2,2,0,0,0,0,63,59,4,11,11,0,0,0,0,0,0,0,0,0,0,11,11,0,11,11,0,0,0,0,0,0,0,0,0,0,11,11,0,0,0,0,0,0,0,0,0,0,0,0,0,0,0,0,130,31,99
29,583,0172,625556,0000,000000,KARNATAKA,Bangalore Rural,VILLAGE,Karahalli,Rural,86,380,182,198,22,11,11,105,51,54,0,0,0,325,162,163,55,20,35,131,106,25,124,100,24,3,1,2,0,0,0,0,0,0,121,99,22,7,6,1,1,0,1,0,0,0,0,0,0,6,6,0,7,6,1,1,0,1,0,0,0,0,0,0,6,6,0,0,0,0,0,0,0,0,0,0,0,0,0,0,0,0,249,76,173
29,583,0172,625557,0000,000000,KARNATAKA,Bangalore Rural,VILLAGE,Yeshvanthapura,Rural,86,411,214,197,37,18,19,182,92,90,0,0,0,247,147,100,164,67,97,165,146,19,165,146,19,137,128,9,16,9,7,0,0,0,12,9,3,0,0,0,0,0,0,0,0,0,0,0,0,0,0,0,0,0,0,0,0,0,0,0,0,0,0,0,0,0,0,0,0,0,0,0,0,0,0,0,0,0,0,0,0,0,246,68,178
29,583,0172,625558,0000,000000,KARNATAKA,Bangalore Rural,VILLAGE,Sonnekempanahalli,Rural,3,8,5,3,2,2,0,2,1,1,2,1,1,3,2,1,5,3,2,6,3,3,6,3,3,0,0,0,6,3,3,0,0,0,0,0,0,0,0,0,0,0,0,0,0,0,0,0,0,0,0,0,0,0,0,0,0,0,0,0,0,0,0,0,0,0,0,0,0,0,0,0,0,0,0,0,0,0,0,0,0,0,2,2,0
29,583,0172,625559,0000,000000,KARNATAKA,Bangalore Rural,VILLAGE,Korati,Rural,304,1548,817,731,153,85,68,253,130,123,205,114,91,1054,635,419,494,182,312,687,447,240,677,439,238,309,213,96,90,38,52,5,3,2,273,185,88,10,8,2,1,1,0,2,0,2,0,0,0,7,7,0,10,8,2,1,1,0,2,0,2,0,0,0,7,7,0,0,0,0,0,0,0,0,0,0,0,0,0,0,0,0,861,370,491
29,583,0172,625560,0000,000000,KARNATAKA,Bangalore Rural,VILLAGE,Thimmasandra,Rural,27,100,54,46,21,10,11,0,0,0,0,0,0,5,4,1,95,50,45,66,39,27,61,37,24,2,2,0,0,0,0,0,0,0,59,35,24,5,2,3,0,0,0,0,0,0,0,0,0,5,2,3,5,2,3,0,0,0,0,0,0,0,0,0,5,2,3,0,0,0,0,0,0,0,0,0,0,0,0,0,0,0,34,15,19
29,583,0172,625561,0000,000000,KARNATAKA,Bangalore Rural,VILLAGE,Doddaganahalli,Rural,49,211,113,98,18,12,6,6,3,3,23,12,11,97,59,38,114,54,60,74,71,3,73,70,3,52,51,1,0,0,0,0,0,0,21,19,2,1,1,0,1,1,0,0,0,0,0,0,0,0,0,0,1,1,0,1,1,0,0,0,0,0,0,0,0,0,0,0,0,0,0,0,0,0,0,0,0,0,0,0,0,0,137,42,95
29,583,0172,625562,0000,000000,KARNATAKA,Bangalore Rural,VILLAGE,N.Hosahalli,Rural,308,1450,750,700,167,93,74,359,170,189,3,2,1,1019,560,459,431,190,241,693,455,238,682,447,235,241,173,68,362,218,144,0,0,0,79,56,23,11,8,3,1,0,1,1,1,0,0,0,0,9,7,2,7,5,2,1,0,1,1,1,0,0,0,0,5,4,1,4,3,1,0,0,0,0,0,0,0,0,0,4,3,1,757,295,462
29,583,0172,625563,0000,000000,KARNATAKA,Bangalore Rural,VILLAGE,Muddenahalli,Rural,57,283,140,143,25,15,10,104,51,53,0,0,0,157,95,62,126,45,81,205,103,102,162,85,77,44,23,21,0,0,0,0,0,0,118,62,56,43,18,25,13,6,7,0,0,0,0,0,0,30,12,18,34,15,19,12,6,6,0,0,0,0,0,0,22,9,13,9,3,6,1,0,1,0,0,0,0,0,0,8,3,5,78,37,41
29,583,0172,625564,0000,000000,KARNATAKA,Bangalore Rural,VILLAGE,Chokkasandra,Rural,151,606,303,303,80,38,42,219,103,116,0,0,0,311,187,124,295,116,179,237,188,49,226,180,46,111,101,10,26,11,15,5,1,4,84,67,17,11,8,3,2,2,0,5,4,1,0,0,0,4,2,2,11,8,3,2,2,0,5,4,1,0,0,0,4,2,2,0,0,0,0,0,0,0,0,0,0,0,0,0,0,0,369,115,254
29,583,0172,625565,0000,000000,KARNATAKA,Bangalore Rural,VILLAGE,Mothakadahalli,Rural,164,772,386,386,90,45,45,148,66,82,0,0,0,488,278,210,284,108,176,282,251,31,280,250,30,187,181,6,24,8,16,0,0,0,69,61,8,2,1,1,0,0,0,0,0,0,0,0,0,2,1,1,2,1,1,0,0,0,0,0,0,0,0,0,2,1,1,0,0,0,0,0,0,0,0,0,0,0,0,0,0,0,490,135,355
29,583,0172,625566,0000,000000,KARNATAKA,Bangalore Rural,VILLAGE,Kondrahalli,Rural,237,1121,557,564,134,64,70,402,191,211,11,8,3,728,401,327,393,156,237,572,347,225,570,347,223,313,210,103,129,42,87,1,1,0,127,94,33,2,0,2,1,0,1,0,0,0,0,0,0,1,0,1,2,0,2,1,0,1,0,0,0,0,0,0,1,0,1,0,0,0,0,0,0,0,0,0,0,0,0,0,0,0,549,210,339
29,583,0172,625567,0000,000000,KARNATAKA,Bangalore Rural,VILLAGE,Bylanarasapura,Rural,777,3837,2007,1830,549,297,252,48,21,27,13,7,6,2700,1434,1266,1137,573,564,1287,1152,135,1148,1034,114,126,122,4,129,118,11,91,59,32,802,735,67,139,118,21,3,2,1,50,44,6,5,4,1,81,68,13,130,112,18,3,2,1,50,44,6,5,4,1,72,62,10,9,6,3,0,0,0,0,0,0,0,0,0,9,6,3,2550,855,1695
29,583,0172,625568,0000,000000,KARNATAKA,Bangalore Rural,VILLAGE,Hedakanahalli,Rural,130,537,285,252,44,25,19,87,44,43,138,71,67,378,230,148,159,55,104,408,226,182,390,215,175,373,205,168,7,3,4,0,0,0,10,7,3,18,11,7,13,7,6,0,0,0,1,1,0,4,3,1,15,9,6,10,5,5,0,0,0,1,1,0,4,3,1,3,2,1,3,2,1,0,0,0,0,0,0,0,0,0,129,59,70
29,583,0172,625569,0000,000000,KARNATAKA,Bangalore Rural,VILLAGE,Gundrahalli,Rural,39,194,101,93,15,9,6,0,0,0,149,76,73,81,48,33,113,53,60,66,59,7,66,59,7,35,34,1,0,0,0,1,1,0,30,24,6,0,0,0,0,0,0,0,0,0,0,0,0,0,0,0,0,0,0,0,0,0,0,0,0,0,0,0,0,0,0,0,0,0,0,0,0,0,0,0,0,0,0,0,0,0,128,42,86
29,583,0172,625570,0000,000000,KARNATAKA,Bangalore Rural,VILLAGE,Sathigenahalli,Rural,14,75,39,36,7,2,5,0,0,0,0,0,0,35,22,13,40,17,23,20,20,0,18,18,0,12,12,0,0,0,0,1,1,0,5,5,0,2,2,0,2,2,0,0,0,0,0,0,0,0,0,0,2,2,0,2,2,0,0,0,0,0,0,0,0,0,0,0,0,0,0,0,0,0,0,0,0,0,0,0,0,0,55,19,36
29,583,0172,625571,0000,000000,KARNATAKA,Bangalore Rural,VILLAGE,Bandahalli,Rural,95,433,221,212,68,33,35,277,145,132,2,1,1,232,138,94,201,83,118,192,125,67,182,121,61,73,49,24,15,5,10,2,0,2,92,67,25,10,4,6,2,0,2,0,0,0,0,0,0,8,4,4,6,2,4,2,0,2,0,0,0,0,0,0,4,2,2,4,2,2,0,0,0,0,0,0,0,0,0,4,2,2,241,96,145
29,583,0172,625572,0000,000000,KARNATAKA,Bangalore Rural,VILLAGE,Huluvanahalli,Rural,56,250,129,121,30,19,11,60,30,30,2,1,1,147,78,69,103,51,52,105,81,24,105,81,24,46,37,9,11,8,3,1,0,1,47,36,11,0,0,0,0,0,0,0,0,0,0,0,0,0,0,0,0,0,0,0,0,0,0,0,0,0,0,0,0,0,0,0,0,0,0,0,0,0,0,0,0,0,0,0,0,0,145,48,97
29,583,0172,625573,0000,000000,KARNATAKA,Bangalore Rural,VILLAGE,Oblahalli,Rural,145,713,367,346,100,45,55,206,108,98,0,0,0,368,221,147,345,146,199,477,246,231,477,246,231,196,105,91,222,103,119,3,1,2,56,37,19,0,0,0,0,0,0,0,0,0,0,0,0,0,0,0,0,0,0,0,0,0,0,0,0,0,0,0,0,0,0,0,0,0,0,0,0,0,0,0,0,0,0,0,0,0,236,121,115
29,583,0172,625574,0000,000000,KARNATAKA,Bangalore Rural,VILLAGE,Gullenahalli,Rural,9,29,15,14,3,1,2,8,3,5,0,0,0,17,10,7,12,5,7,18,11,7,18,11,7,5,3,2,2,1,1,0,0,0,11,7,4,0,0,0,0,0,0,0,0,0,0,0,0,0,0,0,0,0,0,0,0,0,0,0,0,0,0,0,0,0,0,0,0,0,0,0,0,0,0,0,0,0,0,0,0,0,11,4,7
29,583,0172,625575,0000,000000,KARNATAKA,Bangalore Rural,VILLAGE,Shivanapura,Rural,489,2278,1178,1100,256,122,134,367,183,184,5,2,3,1588,905,683,690,273,417,1011,716,295,967,684,283,559,385,174,189,116,73,0,0,0,219,183,36,44,32,12,1,0,1,31,21,10,0,0,0,12,11,1,42,31,11,1,0,1,29,20,9,0,0,0,12,11,1,2,1,1,0,0,0,2,1,1,0,0,0,0,0,0,1267,462,805
29,583,0172,625576,0000,000000,KARNATAKA,Bangalore Rural,VILLAGE,Karapanahalli,Rural,142,680,343,337,89,43,46,121,64,57,0,0,0,369,213,156,311,130,181,290,214,76,196,153,43,46,40,6,27,21,6,3,2,1,120,90,30,94,61,33,39,31,8,23,10,13,0,0,0,32,20,12,60,39,21,28,21,7,14,7,7,0,0,0,18,11,7,34,22,12,11,10,1,9,3,6,0,0,0,14,9,5,390,129,261
29,583,0172,625577,0000,000000,KARNATAKA,Bangalore Rural,VILLAGE,Mumynahosahalli,Rural,41,158,82,76,18,11,7,20,9,11,4,3,1,107,60,47,51,22,29,88,54,34,88,54,34,14,10,4,42,21,21,0,0,0,32,23,9,0,0,0,0,0,0,0,0,0,0,0,0,0,0,0,0,0,0,0,0,0,0,0,0,0,0,0,0,0,0,0,0,0,0,0,0,0,0,0,0,0,0,0,0,0,70,28,42
29,583,0172,625578,0000,000000,KARNATAKA,Bangalore Rural,VILLAGE,K.Sathyawara,Rural,173,799,426,373,88,47,41,106,53,53,68,37,31,518,312,206,281,114,167,439,291,148,419,279,140,177,127,50,163,89,74,0,0,0,79,63,16,20,12,8,9,5,4,7,3,4,0,0,0,4,4,0,20,12,8,9,5,4,7,3,4,0,0,0,4,4,0,0,0,0,0,0,0,0,0,0,0,0,0,0,0,0,360,135,225
29,583,0172,625579,0000,000000,KARNATAKA,Bangalore Rural,VILLAGE,D.Settihalli,Rural,98,519,278,241,71,46,25,55,31,24,4,2,2,334,189,145,185,89,96,244,171,73,236,168,68,47,42,5,60,31,29,3,3,0,126,92,34,8,3,5,1,0,1,4,1,3,0,0,0,3,2,1,8,3,5,1,0,1,4,1,3,0,0,0,3,2,1,0,0,0,0,0,0,0,0,0,0,0,0,0,0,0,275,107,168
29,583,0172,625580,0000,000000,KARNATAKA,Bangalore Rural,VILLAGE,Doddenahalli,Rural,133,616,323,293,74,37,37,111,69,42,0,0,0,359,211,148,257,112,145,227,202,25,221,197,24,22,22,0,1,1,0,1,1,0,197,173,24,6,5,1,0,0,0,0,0,0,0,0,0,6,5,1,6,5,1,0,0,0,0,0,0,0,0,0,6,5,1,0,0,0,0,0,0,0,0,0,0,0,0,0,0,0,389,121,268
29,583,0172,625581,0000,000000,KARNATAKA,Bangalore Rural,VILLAGE,Ankonahalli,Rural,0,0,0,0,0,0,0,0,0,0,0,0,0,0,0,0,0,0,0,0,0,0,0,0,0,0,0,0,0,0,0,0,0,0,0,0,0,0,0,0,0,0,0,0,0,0,0,0,0,0,0,0,0,0,0,0,0,0,0,0,0,0,0,0,0,0,0,0,0,0,0,0,0,0,0,0,0,0,0,0,0,0,0,0,0
29,583,0172,625582,0000,000000,KARNATAKA,Bangalore Rural,VILLAGE,Siddapura,Rural,46,196,97,99,20,8,12,24,11,13,20,10,10,125,71,54,71,26,45,93,67,26,90,64,26,26,23,3,10,4,6,0,0,0,54,37,17,3,3,0,1,1,0,0,0,0,0,0,0,2,2,0,2,2,0,1,1,0,0,0,0,0,0,0,1,1,0,1,1,0,0,0,0,0,0,0,0,0,0,1,1,0,103,30,73
29,583,0172,625583,0000,000000,KARNATAKA,Bangalore Rural,VILLAGE,Kembaliganahalli,Rural,361,1737,915,822,167,82,85,356,186,170,231,118,113,1095,671,424,642,244,398,795,529,266,440,354,86,191,174,17,108,57,51,7,4,3,134,119,15,355,175,180,9,5,4,286,113,173,1,1,0,59,56,3,319,150,169,9,5,4,253,90,163,1,1,0,56,54,2,36,25,11,0,0,0,33,23,10,0,0,0,3,2,1,942,386,556
29,583,0172,625584,0000,000000,KARNATAKA,Bangalore Rural,VILLAGE,Chinnathimmanagolla Halli,Rural,121,671,358,313,76,43,33,109,58,51,49,28,21,412,248,164,259,110,149,349,226,123,247,179,68,81,61,20,35,18,17,2,1,1,129,99,30,102,47,55,4,1,3,38,9,29,0,0,0,60,37,23,76,34,42,3,1,2,23,4,19,0,0,0,50,29,21,26,13,13,1,0,1,15,5,10,0,0,0,10,8,2,322,132,190
29,583,0172,625585,0000,000000,KARNATAKA,Bangalore Rural,VILLAGE,Mallyappanahalli,Rural,123,555,292,263,56,32,24,105,58,47,2,0,2,384,222,162,171,70,101,186,154,32,165,143,22,61,56,5,12,9,3,4,4,0,88,74,14,21,11,10,0,0,0,14,7,7,0,0,0,7,4,3,21,11,10,0,0,0,14,7,7,0,0,0,7,4,3,0,0,0,0,0,0,0,0,0,0,0,0,0,0,0,369,138,231
29,583,0172,625586,0000,000000,KARNATAKA,Bangalore Rural,VILLAGE,Bisanahalli,Rural,214,1004,520,484,109,63,46,473,231,242,13,8,5,597,348,249,407,172,235,442,297,145,374,264,110,78,64,14,135,62,73,0,0,0,161,138,23,68,33,35,3,2,1,38,15,23,1,0,1,26,16,10,68,33,35,3,2,1,38,15,23,1,0,1,26,16,10,0,0,0,0,0,0,0,0,0,0,0,0,0,0,0,562,223,339
29,583,0172,625587,0000,000000,KARNATAKA,Bangalore Rural,VILLAGE,Bheemapura,Rural,185,888,473,415,90,54,36,132,67,65,0,0,0,695,395,300,193,78,115,347,300,47,10,6,4,2,1,1,0,0,0,0,0,0,8,5,3,337,294,43,170,165,5,101,66,35,0,0,0,66,63,3,336,293,43,170,165,5,100,65,35,0,0,0,66,63,3,1,1,0,0,0,0,1,1,0,0,0,0,0,0,0,541,173,368
29,583,0172,625588,0000,000000,KARNATAKA,Bangalore Rural,VILLAGE,Chikkanahalli,Rural,160,686,339,347,80,37,43,261,130,131,3,0,3,459,256,203,227,83,144,247,184,63,90,78,12,58,54,4,6,4,2,2,1,1,24,19,5,157,106,51,69,48,21,72,45,27,2,2,0,14,11,3,157,106,51,69,48,21,72,45,27,2,2,0,14,11,3,0,0,0,0,0,0,0,0,0,0,0,0,0,0,0,439,155,284
29,583,0172,625589,0000,000000,KARNATAKA,Bangalore Rural,VILLAGE,Yelachahalli,Rural,250,1251,647,604,181,86,95,128,65,63,1,1,0,814,461,353,437,186,251,453,388,65,363,311,52,90,66,24,25,15,10,43,38,5,205,192,13,90,77,13,8,6,2,8,5,3,29,24,5,45,42,3,86,75,11,5,4,1,8,5,3,28,24,4,45,42,3,4,2,2,3,2,1,0,0,0,1,0,1,0,0,0,798,259,539
29,583,0172,625590,0000,000000,KARNATAKA,Bangalore Rural,VILLAGE,Manchappanahalli,Rural,133,625,309,316,64,25,39,235,112,123,0,0,0,397,214,183,228,95,133,253,183,70,251,183,68,102,91,11,100,55,45,0,0,0,49,37,12,2,0,2,1,0,1,0,0,0,0,0,0,1,0,1,2,0,2,1,0,1,0,0,0,0,0,0,1,0,1,0,0,0,0,0,0,0,0,0,0,0,0,0,0,0,372,126,246
29,583,0172,625591,0000,000000,KARNATAKA,Bangalore Rural,VILLAGE,Kalappanahalli,Rural,189,845,418,427,117,59,58,397,193,204,0,0,0,494,269,225,351,149,202,426,246,180,414,241,173,145,97,48,133,65,68,0,0,0,136,79,57,12,5,7,0,0,0,2,1,1,0,0,0,10,4,6,12,5,7,0,0,0,2,1,1,0,0,0,10,4,6,0,0,0,0,0,0,0,0,0,0,0,0,0,0,0,419,172,247
29,583,0172,625592,0000,000000,KARNATAKA,Bangalore Rural,VILLAGE,Gerahalli,Rural,21,85,40,45,19,12,7,0,0,0,70,32,38,29,14,15,56,26,30,30,20,10,30,20,10,1,1,0,15,6,9,0,0,0,14,13,1,0,0,0,0,0,0,0,0,0,0,0,0,0,0,0,0,0,0,0,0,0,0,0,0,0,0,0,0,0,0,0,0,0,0,0,0,0,0,0,0,0,0,0,0,0,55,20,35
29,583,0172,625593,0000,000000,KARNATAKA,Bangalore Rural,VILLAGE,Thavarekere,Rural,552,2481,1303,1178,323,156,167,808,431,377,19,9,10,1621,956,665,860,347,513,958,784,174,894,738,156,191,162,29,104,56,48,7,7,0,592,513,79,64,46,18,4,2,2,13,3,10,0,0,0,47,41,6,58,44,14,4,2,2,9,3,6,0,0,0,45,39,6,6,2,4,0,0,0,4,0,4,0,0,0,2,2,0,1523,519,1004
29,583,0172,625594,0000,000000,KARNATAKA,Bangalore Rural,VILLAGE,Goravihalli,Rural,0,0,0,0,0,0,0,0,0,0,0,0,0,0,0,0,0,0,0,0,0,0,0,0,0,0,0,0,0,0,0,0,0,0,0,0,0,0,0,0,0,0,0,0,0,0,0,0,0,0,0,0,0,0,0,0,0,0,0,0,0,0,0,0,0,0,0,0,0,0,0,0,0,0,0,0,0,0,0,0,0,0,0,0,0
29,583,0172,625595,0000,000000,KARNATAKA,Bangalore Rural,VILLAGE,Lingapura,Rural,79,392,213,179,54,34,20,323,175,148,0,0,0,225,129,96,167,84,83,165,100,65,156,97,59,65,52,13,65,27,38,7,5,2,19,13,6,9,3,6,4,1,3,2,0,2,0,0,0,3,2,1,9,3,6,4,1,3,2,0,2,0,0,0,3,2,1,0,0,0,0,0,0,0,0,0,0,0,0,0,0,0,227,113,114
29,583,0172,625596,0000,000000,KARNATAKA,Bangalore Rural,VILLAGE,Beerahalli,Rural,144,598,302,296,63,27,36,252,118,134,0,0,0,387,221,166,211,81,130,306,196,110,303,194,109,66,40,26,85,39,46,0,0,0,152,115,37,3,2,1,0,0,0,2,1,1,0,0,0,1,1,0,2,1,1,0,0,0,1,0,1,0,0,0,1,1,0,1,1,0,0,0,0,1,1,0,0,0,0,0,0,0,292,106,186
29,583,0172,625597,0000,000000,KARNATAKA,Bangalore Rural,VILLAGE,Hethakki,Rural,179,822,421,401,93,47,46,240,120,120,0,0,0,554,317,237,268,104,164,524,270,254,292,232,60,267,218,49,8,0,8,1,1,0,16,13,3,232,38,194,9,0,9,176,2,174,2,2,0,45,34,11,232,38,194,9,0,9,176,2,174,2,2,0,45,34,11,0,0,0,0,0,0,0,0,0,0,0,0,0,0,0,298,151,147
29,583,0172,625598,0000,000000,KARNATAKA,Bangalore Rural,VILLAGE,Agasarahalli,Rural,41,218,106,112,25,13,12,54,23,31,0,0,0,140,77,63,78,29,49,150,75,75,147,74,73,32,28,4,80,20,60,0,0,0,35,26,9,3,1,2,0,0,0,1,0,1,0,0,0,2,1,1,3,1,2,0,0,0,1,0,1,0,0,0,2,1,1,0,0,0,0,0,0,0,0,0,0,0,0,0,0,0,68,31,37
29,583,0172,625599,0000,000000,KARNATAKA,Bangalore Rural,VILLAGE,Marasandahalli,Rural,113,483,251,232,57,31,26,64,33,31,24,8,16,259,159,100,224,92,132,206,163,43,202,161,41,117,101,16,14,8,6,17,10,7,54,42,12,4,2,2,0,0,0,1,0,1,0,0,0,3,2,1,3,2,1,0,0,0,0,0,0,0,0,0,3,2,1,1,0,1,0,0,0,1,0,1,0,0,0,0,0,0,277,88,189
29,583,0172,625600,0000,000000,KARNATAKA,Bangalore Rural,VILLAGE,Doddaramanahalli,Rural,0,0,0,0,0,0,0,0,0,0,0,0,0,0,0,0,0,0,0,0,0,0,0,0,0,0,0,0,0,0,0,0,0,0,0,0,0,0,0,0,0,0,0,0,0,0,0,0,0,0,0,0,0,0,0,0,0,0,0,0,0,0,0,0,0,0,0,0,0,0,0,0,0,0,0,0,0,0,0,0,0,0,0,0,0
29,583,0172,625601,0000,000000,KARNATAKA,Bangalore Rural,VILLAGE,Kolalachannenahalli,Rural,0,0,0,0,0,0,0,0,0,0,0,0,0,0,0,0,0,0,0,0,0,0,0,0,0,0,0,0,0,0,0,0,0,0,0,0,0,0,0,0,0,0,0,0,0,0,0,0,0,0,0,0,0,0,0,0,0,0,0,0,0,0,0,0,0,0,0,0,0,0,0,0,0,0,0,0,0,0,0,0,0,0,0,0,0
29,583,0172,625602,0000,000000,KARNATAKA,Bangalore Rural,VILLAGE,Guddadachannenahalli,Rural,0,0,0,0,0,0,0,0,0,0,0,0,0,0,0,0,0,0,0,0,0,0,0,0,0,0,0,0,0,0,0,0,0,0,0,0,0,0,0,0,0,0,0,0,0,0,0,0,0,0,0,0,0,0,0,0,0,0,0,0,0,0,0,0,0,0,0,0,0,0,0,0,0,0,0,0,0,0,0,0,0,0,0,0,0
29,583,0172,625603,0000,000000,KARNATAKA,Bangalore Rural,VILLAGE,Banamakanahalli,Rural,84,420,218,202,50,26,24,193,101,92,0,0,0,228,130,98,192,88,104,157,138,19,156,138,18,60,60,0,52,36,16,0,0,0,44,42,2,1,0,1,0,0,0,1,0,1,0,0,0,0,0,0,1,0,1,0,0,0,1,0,1,0,0,0,0,0,0,0,0,0,0,0,0,0,0,0,0,0,0,0,0,0,263,80,183
29,583,0172,625604,0000,000000,KARNATAKA,Bangalore Rural,VILLAGE,Gangapura,Rural,209,960,492,468,119,62,57,90,43,47,59,30,29,580,329,251,380,163,217,312,269,43,303,263,40,136,130,6,58,40,18,0,0,0,109,93,16,9,6,3,0,0,0,3,1,2,0,0,0,6,5,1,7,4,3,0,0,0,3,1,2,0,0,0,4,3,1,2,2,0,0,0,0,0,0,0,0,0,0,2,2,0,648,223,425
29,583,0172,625605,0000,000000,KARNATAKA,Bangalore Rural,VILLAGE,Venkatapura,Rural,0,0,0,0,0,0,0,0,0,0,0,0,0,0,0,0,0,0,0,0,0,0,0,0,0,0,0,0,0,0,0,0,0,0,0,0,0,0,0,0,0,0,0,0,0,0,0,0,0,0,0,0,0,0,0,0,0,0,0,0,0,0,0,0,0,0,0,0,0,0,0,0,0,0,0,0,0,0,0,0,0,0,0,0,0
29,583,0172,625606,0000,000000,KARNATAKA,Bangalore Rural,VILLAGE,Doddanallurahalli,Rural,269,1250,659,591,136,75,61,72,36,36,565,289,276,888,513,375,362,146,216,488,401,87,292,257,35,97,90,7,16,9,7,6,6,0,173,152,21,196,144,52,39,29,10,114,80,34,0,0,0,43,35,8,194,144,50,39,29,10,112,80,32,0,0,0,43,35,8,2,0,2,0,0,0,2,0,2,0,0,0,0,0,0,762,258,504
29,583,0172,625607,0000,000000,KARNATAKA,Bangalore Rural,VILLAGE,Nakkanahalli,Rural,74,344,178,166,34,25,9,61,30,31,95,49,46,251,132,119,93,46,47,158,110,48,145,98,47,36,27,9,29,25,4,0,0,0,80,46,34,13,12,1,12,11,1,0,0,0,0,0,0,1,1,0,13,12,1,12,11,1,0,0,0,0,0,0,1,1,0,0,0,0,0,0,0,0,0,0,0,0,0,0,0,0,186,68,118
29,583,0172,625608,0000,000000,KARNATAKA,Bangalore Rural,VILLAGE,Mugabala,Rural,378,1740,898,842,189,102,87,575,297,278,11,5,6,1135,635,500,605,263,342,677,527,150,255,224,31,112,99,13,10,10,0,16,15,1,117,100,17,422,303,119,4,2,2,20,18,2,114,72,42,284,211,73,208,156,52,3,2,1,15,13,2,91,64,27,99,77,22,214,147,67,1,0,1,5,5,0,23,8,15,185,134,51,1063,371,692
29,583,0172,625609,0000,000000,KARNATAKA,Bangalore Rural,VILLAGE,Poojaramanahalli,Rural,79,412,204,208,52,27,25,135,63,72,0,0,0,287,155,132,125,49,76,275,138,137,251,129,122,119,54,65,79,41,38,26,18,8,27,16,11,24,9,15,9,2,7,4,1,3,1,0,1,10,6,4,23,9,14,9,2,7,4,1,3,1,0,1,9,6,3,1,0,1,0,0,0,0,0,0,0,0,0,1,0,1,137,66,71
29,583,0172,625610,0000,000000,KARNATAKA,Bangalore Rural,VILLAGE,Chinnandahalli,Rural,78,382,188,194,47,22,25,0,0,0,68,35,33,214,115,99,168,73,95,268,135,133,244,120,124,104,51,53,92,45,47,44,22,22,4,2,2,24,15,9,0,0,0,8,4,4,1,1,0,15,10,5,24,15,9,0,0,0,8,4,4,1,1,0,15,10,5,0,0,0,0,0,0,0,0,0,0,0,0,0,0,0,114,53,61
29,583,0172,625611,0000,000000,KARNATAKA,Bangalore Rural,VILLAGE,Chikkanallala,Rural,109,560,283,277,81,42,39,320,160,160,0,0,0,290,167,123,270,116,154,251,160,91,246,156,90,86,55,31,99,49,50,1,1,0,60,51,9,5,4,1,0,0,0,2,2,0,0,0,0,3,2,1,5,4,1,0,0,0,2,2,0,0,0,0,3,2,1,0,0,0,0,0,0,0,0,0,0,0,0,0,0,0,309,123,186
29,583,0172,625612,0000,000000,KARNATAKA,Bangalore Rural,VILLAGE,Dabbagunte,Rural,43,213,117,96,19,11,8,26,15,11,0,0,0,133,83,50,80,34,46,113,77,36,100,67,33,23,16,7,58,35,23,3,3,0,16,13,3,13,10,3,2,1,1,1,0,1,2,2,0,8,7,1,7,4,3,1,0,1,1,0,1,1,1,0,4,3,1,6,6,0,1,1,0,0,0,0,1,1,0,4,4,0,100,40,60
29,583,0172,625613,0000,000000,KARNATAKA,Bangalore Rural,VILLAGE,Halasakaipura,Rural,55,266,138,128,38,17,21,266,138,128,0,0,0,128,77,51,138,61,77,137,76,61,128,70,58,38,23,15,81,39,42,0,0,0,9,8,1,9,6,3,0,0,0,3,1,2,0,0,0,6,5,1,4,2,2,0,0,0,3,1,2,0,0,0,1,1,0,5,4,1,0,0,0,0,0,0,0,0,0,5,4,1,129,62,67
29,583,0172,625614,0000,000000,KARNATAKA,Bangalore Rural,VILLAGE,Veerapura,Rural,0,0,0,0,0,0,0,0,0,0,0,0,0,0,0,0,0,0,0,0,0,0,0,0,0,0,0,0,0,0,0,0,0,0,0,0,0,0,0,0,0,0,0,0,0,0,0,0,0,0,0,0,0,0,0,0,0,0,0,0,0,0,0,0,0,0,0,0,0,0,0,0,0,0,0,0,0,0,0,0,0,0,0,0,0
29,583,0172,625615,0000,000000,KARNATAKA,Bangalore Rural,VILLAGE,Mugabala Hosahalli,Rural,76,356,185,171,46,27,19,194,102,92,0,0,0,191,115,76,165,70,95,174,113,61,164,110,54,61,38,23,23,7,16,0,0,0,80,65,15,10,3,7,3,1,2,2,0,2,0,0,0,5,2,3,9,3,6,3,1,2,1,0,1,0,0,0,5,2,3,1,0,1,0,0,0,1,0,1,0,0,0,0,0,0,182,72,110
29,583,0172,625616,0000,000000,KARNATAKA,Bangalore Rural,VILLAGE,Mylapura,Rural,123,592,299,293,72,30,42,57,26,31,0,0,0,411,226,185,181,73,108,245,182,63,244,182,62,101,93,8,68,29,39,0,0,0,75,60,15,1,0,1,0,0,0,0,0,0,0,0,0,1,0,1,1,0,1,0,0,0,0,0,0,0,0,0,1,0,1,0,0,0,0,0,0,0,0,0,0,0,0,0,0,0,347,117,230
29,583,0172,625617,0000,000000,KARNATAKA,Bangalore Rural,VILLAGE,Valagerepura,Rural,96,464,245,219,45,29,16,81,39,42,33,19,14,348,196,152,116,49,67,328,173,155,317,166,151,290,150,140,7,5,2,1,1,0,19,10,9,11,7,4,1,1,0,0,0,0,0,0,0,10,6,4,10,6,4,0,0,0,0,0,0,0,0,0,10,6,4,1,1,0,1,1,0,0,0,0,0,0,0,0,0,0,136,72,64
29,583,0172,625618,0000,000000,KARNATAKA,Bangalore Rural,VILLAGE,Channapura,Rural,25,107,54,53,10,4,6,91,45,46,0,0,0,62,37,25,45,17,28,67,37,30,66,36,30,37,17,20,23,15,8,0,0,0,6,4,2,1,1,0,1,1,0,0,0,0,0,0,0,0,0,0,1,1,0,1,1,0,0,0,0,0,0,0,0,0,0,0,0,0,0,0,0,0,0,0,0,0,0,0,0,0,40,17,23
29,583,0172,625619,0000,000000,KARNATAKA,Bangalore Rural,VILLAGE,Gottipura,Rural,129,642,326,316,82,43,39,254,122,132,270,139,131,399,225,174,243,101,142,330,193,137,318,184,134,94,55,39,158,78,80,1,1,0,65,50,15,12,9,3,3,2,1,0,0,0,0,0,0,9,7,2,11,8,3,3,2,1,0,0,0,0,0,0,8,6,2,1,1,0,0,0,0,0,0,0,0,0,0,1,1,0,312,133,179
29,583,0172,625620,0000,000000,KARNATAKA,Bangalore Rural,VILLAGE,Attur,Rural,79,347,169,178,48,25,23,77,33,44,0,0,0,227,121,106,120,48,72,150,104,46,149,104,45,84,56,28,8,4,4,0,0,0,57,44,13,1,0,1,1,0,1,0,0,0,0,0,0,0,0,0,1,0,1,1,0,1,0,0,0,0,0,0,0,0,0,0,0,0,0,0,0,0,0,0,0,0,0,0,0,0,197,65,132
29,583,0172,625621,0000,000000,KARNATAKA,Bangalore Rural,VILLAGE,Nidagatta,Rural,275,1301,690,611,155,83,72,123,67,56,0,0,0,769,461,308,532,229,303,591,414,177,422,360,62,127,106,21,44,34,10,2,2,0,249,218,31,169,54,115,35,6,29,79,28,51,8,3,5,47,17,30,81,28,53,15,3,12,40,15,25,4,2,2,22,8,14,88,26,62,20,3,17,39,13,26,4,1,3,25,9,16,710,276,434
29,583,0172,625622,0000,000000,KARNATAKA,Bangalore Rural,VILLAGE,Doddanallala Plantation,Rural,0,0,0,0,0,0,0,0,0,0,0,0,0,0,0,0,0,0,0,0,0,0,0,0,0,0,0,0,0,0,0,0,0,0,0,0,0,0,0,0,0,0,0,0,0,0,0,0,0,0,0,0,0,0,0,0,0,0,0,0,0,0,0,0,0,0,0,0,0,0,0,0,0,0,0,0,0,0,0,0,0,0,0,0,0
29,583,0172,625623,0000,000000,KARNATAKA,Bangalore Rural,VILLAGE,Doddanallala,Rural,172,788,419,369,89,50,39,175,93,82,0,0,0,492,300,192,296,119,177,325,259,66,324,259,65,177,149,28,57,30,27,0,0,0,90,80,10,1,0,1,1,0,1,0,0,0,0,0,0,0,0,0,1,0,1,1,0,1,0,0,0,0,0,0,0,0,0,0,0,0,0,0,0,0,0,0,0,0,0,0,0,0,463,160,303
29,583,0172,625624,0000,000000,KARNATAKA,Bangalore Rural,VILLAGE,Guguttahalli,Rural,118,571,292,279,86,40,46,319,173,146,72,28,44,298,179,119,273,113,160,267,180,87,267,180,87,44,40,4,80,44,36,1,1,0,142,95,47,0,0,0,0,0,0,0,0,0,0,0,0,0,0,0,0,0,0,0,0,0,0,0,0,0,0,0,0,0,0,0,0,0,0,0,0,0,0,0,0,0,0,0,0,0,304,112,192
29,583,0172,625625,0000,000000,KARNATAKA,Bangalore Rural,VILLAGE,Thimmapura,Rural,6,27,11,16,0,0,0,0,0,0,0,0,0,25,10,15,2,1,1,12,7,5,9,7,2,2,2,0,0,0,0,0,0,0,7,5,2,3,0,3,1,0,1,0,0,0,0,0,0,2,0,2,3,0,3,1,0,1,0,0,0,0,0,0,2,0,2,0,0,0,0,0,0,0,0,0,0,0,0,0,0,0,15,4,11
29,583,0172,625626,0000,000000,KARNATAKA,Bangalore Rural,VILLAGE,Ummalu,Rural,217,907,438,469,107,55,52,358,167,191,14,7,7,523,286,237,384,152,232,497,280,217,404,245,159,26,20,6,71,26,45,0,0,0,307,199,108,93,35,58,30,19,11,35,6,29,0,0,0,28,10,18,72,26,46,23,13,10,31,6,25,0,0,0,18,7,11,21,9,12,7,6,1,4,0,4,0,0,0,10,3,7,410,158,252
29,583,0172,625627,0000,000000,KARNATAKA,Bangalore Rural,VILLAGE,Doddadenahalli,Rural,153,673,349,324,61,35,26,309,161,148,15,11,4,389,219,170,284,130,154,308,224,84,305,223,82,59,51,8,81,39,42,3,3,0,162,130,32,3,1,2,0,0,0,3,1,2,0,0,0,0,0,0,3,1,2,0,0,0,3,1,2,0,0,0,0,0,0,0,0,0,0,0,0,0,0,0,0,0,0,0,0,0,365,125,240
29,583,0172,625628,0000,000000,KARNATAKA,Bangalore Rural,VILLAGE,Alagondahalli,Rural,89,486,262,224,67,34,33,96,51,45,0,0,0,305,182,123,181,80,101,209,160,49,205,156,49,58,54,4,39,29,10,0,0,0,108,73,35,4,4,0,1,1,0,2,2,0,0,0,0,1,1,0,4,4,0,1,1,0,2,2,0,0,0,0,1,1,0,0,0,0,0,0,0,0,0,0,0,0,0,0,0,0,277,102,175
29,583,0172,625629,0000,000000,KARNATAKA,Bangalore Rural,VILLAGE,Yelachammanahalli,Rural,51,232,114,118,26,9,17,210,101,109,8,6,2,119,68,51,113,46,67,107,74,33,107,74,33,1,1,0,30,20,10,2,2,0,74,51,23,0,0,0,0,0,0,0,0,0,0,0,0,0,0,0,0,0,0,0,0,0,0,0,0,0,0,0,0,0,0,0,0,0,0,0,0,0,0,0,0,0,0,0,0,0,125,40,85
29,583,0172,625630,0000,000000,KARNATAKA,Bangalore Rural,VILLAGE,Appasandra Plantation,Rural,0,0,0,0,0,0,0,0,0,0,0,0,0,0,0,0,0,0,0,0,0,0,0,0,0,0,0,0,0,0,0,0,0,0,0,0,0,0,0,0,0,0,0,0,0,0,0,0,0,0,0,0,0,0,0,0,0,0,0,0,0,0,0,0,0,0,0,0,0,0,0,0,0,0,0,0,0,0,0,0,0,0,0,0,0
29,583,0172,625631,0000,000000,KARNATAKA,Bangalore Rural,VILLAGE,Appasandra,Rural,122,590,313,277,82,43,39,170,93,77,0,0,0,320,204,116,270,109,161,284,183,101,275,180,95,95,60,35,26,7,19,0,0,0,154,113,41,9,3,6,1,0,1,1,0,1,0,0,0,7,3,4,9,3,6,1,0,1,1,0,1,0,0,0,7,3,4,0,0,0,0,0,0,0,0,0,0,0,0,0,0,0,306,130,176
29,583,0172,625632,0000,000000,KARNATAKA,Bangalore Rural,VILLAGE,Injanahalli,Rural,93,440,234,206,39,23,16,150,85,65,0,0,0,275,161,114,165,73,92,200,146,54,60,57,3,48,48,0,11,9,2,0,0,0,1,0,1,140,89,51,11,10,1,54,39,15,0,0,0,75,40,35,107,66,41,9,8,1,53,39,14,0,0,0,45,19,26,33,23,10,2,2,0,1,0,1,0,0,0,30,21,9,240,88,152
29,583,0172,625633,0000,000000,KARNATAKA,Bangalore Rural,VILLAGE,Ambalipura,Rural,21,91,46,45,10,5,5,26,13,13,0,0,0,58,31,27,33,15,18,39,30,9,7,7,0,5,5,0,2,2,0,0,0,0,0,0,0,32,23,9,9,8,1,11,8,3,0,0,0,12,7,5,28,19,9,8,7,1,10,7,3,0,0,0,10,5,5,4,4,0,1,1,0,1,1,0,0,0,0,2,2,0,52,16,36
29,583,0172,625634,0000,000000,KARNATAKA,Bangalore Rural,VILLAGE,Thavatahalli,Rural,122,671,362,309,68,32,36,146,76,70,119,65,54,379,246,133,292,116,176,270,220,50,268,219,49,89,84,5,10,3,7,0,0,0,169,132,37,2,1,1,1,1,0,0,0,0,0,0,0,1,0,1,2,1,1,1,1,0,0,0,0,0,0,0,1,0,1,0,0,0,0,0,0,0,0,0,0,0,0,0,0,0,401,142,259
29,583,0172,625635,0000,000000,KARNATAKA,Bangalore Rural,VILLAGE,Attivatta,Rural,223,1008,542,466,96,55,41,210,110,100,6,4,2,613,374,239,395,168,227,461,330,131,428,322,106,201,145,56,47,20,27,5,4,1,175,153,22,33,8,25,1,0,1,19,2,17,0,0,0,13,6,7,33,8,25,1,0,1,19,2,17,0,0,0,13,6,7,0,0,0,0,0,0,0,0,0,0,0,0,0,0,0,547,212,335
29,583,0172,625636,0000,000000,KARNATAKA,Bangalore Rural,VILLAGE,Solur,Rural,164,873,455,418,97,50,47,156,78,78,0,0,0,617,353,264,256,102,154,388,279,109,281,258,23,225,210,15,18,14,4,9,9,0,29,25,4,107,21,86,65,4,61,29,10,19,0,0,0,13,7,6,102,19,83,62,4,58,27,8,19,0,0,0,13,7,6,5,2,3,3,0,3,2,2,0,0,0,0,0,0,0,485,176,309
29,583,0172,625637,0000,000000,KARNATAKA,Bangalore Rural,VILLAGE,Mattanahalli,Rural,0,0,0,0,0,0,0,0,0,0,0,0,0,0,0,0,0,0,0,0,0,0,0,0,0,0,0,0,0,0,0,0,0,0,0,0,0,0,0,0,0,0,0,0,0,0,0,0,0,0,0,0,0,0,0,0,0,0,0,0,0,0,0,0,0,0,0,0,0,0,0,0,0,0,0,0,0,0,0,0,0,0,0,0,0
29,583,0172,625638,0000,000000,KARNATAKA,Bangalore Rural,VILLAGE,Jadigenahalli Plantation,Rural,1,6,1,5,0,0,0,6,1,5,0,0,0,4,0,4,2,1,1,3,1,2,1,1,0,0,0,0,1,1,0,0,0,0,0,0,0,2,0,2,0,0,0,2,0,2,0,0,0,0,0,0,2,0,2,0,0,0,2,0,2,0,0,0,0,0,0,0,0,0,0,0,0,0,0,0,0,0,0,0,0,0,3,0,3
29,583,0172,625639,0000,000000,KARNATAKA,Bangalore Rural,VILLAGE,Orohalli,Rural,117,518,259,259,48,28,20,59,29,30,0,0,0,299,166,133,219,93,126,211,162,49,113,102,11,93,86,7,0,0,0,1,1,0,19,15,4,98,60,38,7,5,2,66,35,31,0,0,0,25,20,5,82,50,32,3,2,1,58,31,27,0,0,0,21,17,4,16,10,6,4,3,1,8,4,4,0,0,0,4,3,1,307,97,210
29,583,0172,625640,0000,000000,KARNATAKA,Bangalore Rural,VILLAGE,Doddathaggali,Rural,99,450,235,215,48,23,25,226,114,112,0,0,0,291,172,119,159,63,96,219,164,55,126,106,20,50,49,1,56,48,8,0,0,0,20,9,11,93,58,35,17,14,3,26,15,11,0,0,0,50,29,21,77,46,31,16,13,3,25,15,10,0,0,0,36,18,18,16,12,4,1,1,0,1,0,1,0,0,0,14,11,3,231,71,160
29,583,0172,625641,0000,000000,KARNATAKA,Bangalore Rural,VILLAGE,Chikkathaggali,Rural,78,365,194,171,40,21,19,118,64,54,3,1,2,254,146,108,111,48,63,230,134,96,73,64,9,44,39,5,13,12,1,1,1,0,15,12,3,157,70,87,6,4,2,62,37,25,0,0,0,89,29,60,114,49,65,3,2,1,55,32,23,0,0,0,56,15,41,43,21,22,3,2,1,7,5,2,0,0,0,33,14,19,135,60,75
29,583,0172,625642,0000,000000,KARNATAKA,Bangalore Rural,VILLAGE,Thaggali Hosahalli,Rural,126,662,328,334,74,36,38,161,75,86,0,0,0,388,220,168,274,108,166,359,200,159,301,170,131,95,81,14,82,43,39,0,0,0,124,46,78,58,30,28,13,8,5,15,7,8,3,2,1,27,13,14,58,30,28,13,8,5,15,7,8,3,2,1,27,13,14,0,0,0,0,0,0,0,0,0,0,0,0,0,0,0,303,128,175
29,583,0172,625643,0000,000000,KARNATAKA,Bangalore Rural,VILLAGE,Thiratahalli,Rural,0,0,0,0,0,0,0,0,0,0,0,0,0,0,0,0,0,0,0,0,0,0,0,0,0,0,0,0,0,0,0,0,0,0,0,0,0,0,0,0,0,0,0,0,0,0,0,0,0,0,0,0,0,0,0,0,0,0,0,0,0,0,0,0,0,0,0,0,0,0,0,0,0,0,0,0,0,0,0,0,0,0,0,0,0
29,583,0172,625644,0000,000000,KARNATAKA,Bangalore Rural,VILLAGE,Gonakanahalli,Rural,171,805,417,388,71,36,35,366,176,190,15,9,6,591,329,262,214,88,126,368,242,126,358,235,123,90,63,27,90,62,28,7,3,4,171,107,64,10,7,3,0,0,0,6,3,3,0,0,0,4,4,0,10,7,3,0,0,0,6,3,3,0,0,0,4,4,0,0,0,0,0,0,0,0,0,0,0,0,0,0,0,0,437,175,262
29,583,0172,625645,0000,000000,KARNATAKA,Bangalore Rural,VILLAGE,Belamangala,Rural,93,401,199,202,39,17,22,17,8,9,0,0,0,274,158,116,127,41,86,164,131,33,123,102,21,54,53,1,32,19,13,0,0,0,37,30,7,41,29,12,5,5,0,18,8,10,1,1,0,17,15,2,37,27,10,5,5,0,15,7,8,1,1,0,16,14,2,4,2,2,0,0,0,3,1,2,0,0,0,1,1,0,237,68,169
29,583,0172,625646,0000,000000,KARNATAKA,Bangalore Rural,VILLAGE,Jadigenahalli,Rural,449,1977,1010,967,203,104,99,475,249,226,3,2,1,1421,802,619,556,208,348,825,576,249,527,423,104,191,170,21,34,20,14,4,2,2,298,231,67,298,153,145,20,17,3,121,62,59,5,3,2,152,71,81,268,137,131,17,15,2,118,60,58,4,3,1,129,59,70,30,16,14,3,2,1,3,2,1,1,0,1,23,12,11,1152,434,718
29,583,0172,625647,0000,000000,KARNATAKA,Bangalore Rural,VILLAGE,Haralur,Rural,179,832,434,398,99,52,47,157,84,73,8,4,4,585,338,247,247,96,151,282,244,38,277,242,35,148,140,8,32,16,16,2,2,0,95,84,11,5,2,3,1,1,0,2,0,2,0,0,0,2,1,1,5,2,3,1,1,0,2,0,2,0,0,0,2,1,1,0,0,0,0,0,0,0,0,0,0,0,0,0,0,0,550,190,360
29,583,0172,625648,0000,000000,KARNATAKA,Bangalore Rural,VILLAGE,Arlemakanahalli Plantation,Rural,0,0,0,0,0,0,0,0,0,0,0,0,0,0,0,0,0,0,0,0,0,0,0,0,0,0,0,0,0,0,0,0,0,0,0,0,0,0,0,0,0,0,0,0,0,0,0,0,0,0,0,0,0,0,0,0,0,0,0,0,0,0,0,0,0,0,0,0,0,0,0,0,0,0,0,0,0,0,0,0,0,0,0,0,0
29,583,0172,625649,0000,000000,KARNATAKA,Bangalore Rural,VILLAGE,Arlemakanahalli,Rural,4,15,9,6,0,0,0,5,2,3,4,3,1,11,8,3,4,1,3,14,9,5,13,9,4,0,0,0,9,5,4,0,0,0,4,4,0,1,0,1,0,0,0,1,0,1,0,0,0,0,0,0,1,0,1,0,0,0,1,0,1,0,0,0,0,0,0,0,0,0,0,0,0,0,0,0,0,0,0,0,0,0,1,0,1
29,583,0172,625650,0000,000000,KARNATAKA,Bangalore Rural,VILLAGE,Arlemakanahalli District  Plantation,Rural,0,0,0,0,0,0,0,0,0,0,0,0,0,0,0,0,0,0,0,0,0,0,0,0,0,0,0,0,0,0,0,0,0,0,0,0,0,0,0,0,0,0,0,0,0,0,0,0,0,0,0,0,0,0,0,0,0,0,0,0,0,0,0,0,0,0,0,0,0,0,0,0,0,0,0,0,0,0,0,0,0,0,0,0,0
29,583,0172,625651,0000,000000,KARNATAKA,Bangalore Rural,VILLAGE,Chandrapura,Rural,0,0,0,0,0,0,0,0,0,0,0,0,0,0,0,0,0,0,0,0,0,0,0,0,0,0,0,0,0,0,0,0,0,0,0,0,0,0,0,0,0,0,0,0,0,0,0,0,0,0,0,0,0,0,0,0,0,0,0,0,0,0,0,0,0,0,0,0,0,0,0,0,0,0,0,0,0,0,0,0,0,0,0,0,0
29,583,0172,625652,0000,000000,KARNATAKA,Bangalore Rural,VILLAGE,Vadigehalli,Rural,21,103,41,62,3,1,2,57,21,36,0,0,0,69,31,38,34,10,24,32,25,7,16,15,1,13,13,0,1,1,0,1,1,0,1,0,1,16,10,6,1,1,0,6,4,2,2,1,1,7,4,3,12,8,4,1,1,0,6,4,2,2,1,1,3,2,1,4,2,2,0,0,0,0,0,0,0,0,0,4,2,2,71,16,55
29,583,0172,625653,0000,000000,KARNATAKA,Bangalore Rural,VILLAGE,Karibeeranahosahalli,Rural,129,583,293,290,61,38,23,189,91,98,127,64,63,409,224,185,174,69,105,272,178,94,272,178,94,59,47,12,187,108,79,0,0,0,26,23,3,0,0,0,0,0,0,0,0,0,0,0,0,0,0,0,0,0,0,0,0,0,0,0,0,0,0,0,0,0,0,0,0,0,0,0,0,0,0,0,0,0,0,0,0,0,311,115,196
29,583,0172,625654,0000,000000,KARNATAKA,Bangalore Rural,VILLAGE,Bhakthagondahalli,Rural,0,0,0,0,0,0,0,0,0,0,0,0,0,0,0,0,0,0,0,0,0,0,0,0,0,0,0,0,0,0,0,0,0,0,0,0,0,0,0,0,0,0,0,0,0,0,0,0,0,0,0,0,0,0,0,0,0,0,0,0,0,0,0,0,0,0,0,0,0,0,0,0,0,0,0,0,0,0,0,0,0,0,0,0,0
29,583,0172,625655,0000,000000,KARNATAKA,Bangalore Rural,VILLAGE,Vijayapura,Rural,1,11,3,8,0,0,0,0,0,0,0,0,0,11,3,8,0,0,0,3,0,3,3,0,3,0,0,0,0,0,0,0,0,0,3,0,3,0,0,0,0,0,0,0,0,0,0,0,0,0,0,0,0,0,0,0,0,0,0,0,0,0,0,0,0,0,0,0,0,0,0,0,0,0,0,0,0,0,0,0,0,0,8,3,5
29,583,0172,625656,0000,000000,KARNATAKA,Bangalore Rural,VILLAGE,Kattigenahalli,Rural,623,3047,1604,1443,532,281,251,44,25,19,5,3,2,2093,1105,988,954,499,455,1053,914,139,863,800,63,51,49,2,49,48,1,32,4,28,731,699,32,190,114,76,3,2,1,11,11,0,76,19,57,100,82,18,150,102,48,2,1,1,10,10,0,50,17,33,88,74,14,40,12,28,1,1,0,1,1,0,26,2,24,12,8,4,1994,690,1304
29,583,0172,625657,0000,000000,KARNATAKA,Bangalore Rural,VILLAGE,Maragondanahalli,Rural,0,0,0,0,0,0,0,0,0,0,0,0,0,0,0,0,0,0,0,0,0,0,0,0,0,0,0,0,0,0,0,0,0,0,0,0,0,0,0,0,0,0,0,0,0,0,0,0,0,0,0,0,0,0,0,0,0,0,0,0,0,0,0,0,0,0,0,0,0,0,0,0,0,0,0,0,0,0,0,0,0,0,0,0,0
29,583,0172,625658,0000,000000,KARNATAKA,Bangalore Rural,VILLAGE,Kurubara Gollahalli,Rural,6,32,17,15,5,2,3,32,17,15,0,0,0,25,15,10,7,2,5,10,10,0,10,10,0,1,1,0,1,1,0,3,3,0,5,5,0,0,0,0,0,0,0,0,0,0,0,0,0,0,0,0,0,0,0,0,0,0,0,0,0,0,0,0,0,0,0,0,0,0,0,0,0,0,0,0,0,0,0,0,0,0,22,7,15
29,583,0172,625659,0000,000000,KARNATAKA,Bangalore Rural,VILLAGE,Govindapura,Rural,150,724,350,374,88,42,46,419,193,226,71,37,34,513,279,234,211,71,140,259,188,71,190,146,44,38,34,4,4,1,3,7,3,4,141,108,33,69,42,27,10,7,3,5,1,4,3,0,3,51,34,17,56,36,20,9,7,2,4,1,3,1,0,1,42,28,14,13,6,7,1,0,1,1,0,1,2,0,2,9,6,3,465,162,303
29,583,0172,625660,0000,000000,KARNATAKA,Bangalore Rural,VILLAGE,Vagata ,Rural,239,1098,557,541,130,67,63,197,92,105,9,6,3,796,422,374,302,135,167,426,342,84,297,237,60,94,88,6,3,1,2,7,5,2,193,143,50,129,105,24,3,3,0,2,2,0,7,3,4,117,97,20,116,98,18,3,3,0,1,1,0,3,3,0,109,91,18,13,7,6,0,0,0,1,1,0,4,0,4,8,6,2,672,215,457
29,583,0172,625661,0000,000000,KARNATAKA,Bangalore Rural,VILLAGE,Vagata Agrahara,Rural,164,751,374,377,47,25,22,346,163,183,0,0,0,512,283,229,239,91,148,377,219,158,359,211,148,178,98,80,67,31,36,48,34,14,66,48,18,18,8,10,2,2,0,8,1,7,1,1,0,7,4,3,9,3,6,1,1,0,6,1,5,1,1,0,1,0,1,9,5,4,1,1,0,2,0,2,0,0,0,6,4,2,374,155,219
29,583,0172,625662,0000,000000,KARNATAKA,Bangalore Rural,VILLAGE,Jinnagara,Rural,172,783,396,387,66,33,33,260,130,130,1,0,1,560,314,246,223,82,141,498,271,227,495,269,226,398,204,194,9,7,2,1,1,0,87,57,30,3,2,1,2,1,1,0,0,0,0,0,0,1,1,0,3,2,1,2,1,1,0,0,0,0,0,0,1,1,0,0,0,0,0,0,0,0,0,0,0,0,0,0,0,0,285,125,160
29,583,0172,625663,0000,000000,KARNATAKA,Bangalore Rural,VILLAGE,Devasettihalli,Rural,121,637,349,288,61,28,33,269,139,130,0,0,0,429,254,175,208,95,113,367,215,152,139,81,58,85,47,38,2,2,0,9,5,4,43,27,16,228,134,94,12,6,6,43,40,3,16,12,4,157,76,81,218,130,88,11,6,5,43,40,3,16,12,4,148,72,76,10,4,6,1,0,1,0,0,0,0,0,0,9,4,5,270,134,136
29,583,0172,625664,0000,000000,KARNATAKA,Bangalore Rural,VILLAGE,Kodihalli,Rural,186,823,431,392,78,47,31,321,162,159,0,0,0,572,333,239,251,98,153,441,287,154,436,285,151,166,99,67,106,50,56,6,5,1,158,131,27,5,2,3,1,0,1,3,1,2,0,0,0,1,1,0,5,2,3,1,0,1,3,1,2,0,0,0,1,1,0,0,0,0,0,0,0,0,0,0,0,0,0,0,0,0,382,144,238
29,583,0172,625665,0000,000000,KARNATAKA,Bangalore Rural,VILLAGE,Bisanahalli,Rural,223,1020,528,492,118,59,59,133,75,58,0,0,0,769,428,341,251,100,151,481,328,153,424,302,122,116,74,42,53,17,36,18,16,2,237,195,42,57,26,31,16,5,11,27,12,15,3,1,2,11,8,3,49,21,28,15,4,11,26,11,15,1,0,1,7,6,1,8,5,3,1,1,0,1,1,0,2,1,1,4,2,2,539,200,339
29,583,0172,625666,0000,000000,KARNATAKA,Bangalore Rural,VILLAGE,Kacharakanahalli,Rural,114,549,294,255,63,29,34,342,179,163,0,0,0,365,213,152,184,81,103,305,190,115,138,109,29,13,10,3,40,28,12,0,0,0,85,71,14,167,81,86,30,16,14,91,43,48,5,3,2,41,19,22,130,68,62,24,14,10,74,38,36,5,3,2,27,13,14,37,13,24,6,2,4,17,5,12,0,0,0,14,6,8,244,104,140
29,583,0172,625667,0000,000000,KARNATAKA,Bangalore Rural,VILLAGE,Kanekallu,Rural,89,404,203,201,39,17,22,131,56,75,8,4,4,280,156,124,124,47,77,266,143,123,241,133,108,52,33,19,151,72,79,0,0,0,38,28,10,25,10,15,0,0,0,21,7,14,0,0,0,4,3,1,23,9,14,0,0,0,19,6,13,0,0,0,4,3,1,2,1,1,0,0,0,2,1,1,0,0,0,0,0,0,138,60,78
29,583,0172,625668,0000,000000,KARNATAKA,Bangalore Rural,VILLAGE,Hunasehalli,Rural,108,495,256,239,51,30,21,52,27,25,7,3,4,319,187,132,176,69,107,189,161,28,189,161,28,101,97,4,47,24,23,1,1,0,40,39,1,0,0,0,0,0,0,0,0,0,0,0,0,0,0,0,0,0,0,0,0,0,0,0,0,0,0,0,0,0,0,0,0,0,0,0,0,0,0,0,0,0,0,0,0,0,306,95,211
29,583,0172,625669,0000,000000,KARNATAKA,Bangalore Rural,VILLAGE,Makanahalli,Rural,361,1630,825,805,161,92,69,170,80,90,2,1,1,1092,608,484,538,217,321,708,511,197,630,467,163,240,204,36,88,40,48,47,33,14,255,190,65,78,44,34,7,6,1,20,7,13,5,5,0,46,26,20,75,42,33,5,5,0,20,7,13,4,4,0,46,26,20,3,2,1,2,1,1,0,0,0,1,1,0,0,0,0,922,314,608
29,583,0172,625670,0000,000000,KARNATAKA,Bangalore Rural,VILLAGE,Doddadasarahalli,Rural,106,442,228,214,40,24,16,50,24,26,0,0,0,322,175,147,120,53,67,215,137,78,172,118,54,76,57,19,13,9,4,5,3,2,78,49,29,43,19,24,2,1,1,9,5,4,0,0,0,32,13,19,27,11,16,1,0,1,8,5,3,0,0,0,18,6,12,16,8,8,1,1,0,1,0,1,0,0,0,14,7,7,227,91,136
29,583,0172,625671,0000,000000,KARNATAKA,Bangalore Rural,VILLAGE,Paramanahalli,Rural,129,616,311,305,55,31,24,246,122,124,0,0,0,457,250,207,159,61,98,229,181,48,227,180,47,94,84,10,1,0,1,0,0,0,132,96,36,2,1,1,0,0,0,0,0,0,0,0,0,2,1,1,1,0,1,0,0,0,0,0,0,0,0,0,1,0,1,1,1,0,0,0,0,0,0,0,0,0,0,1,1,0,387,130,257
29,583,0172,625672,0000,000000,KARNATAKA,Bangalore Rural,VILLAGE,Tharabahalli,Rural,182,851,421,430,99,48,51,657,326,331,0,0,0,531,292,239,320,129,191,311,254,57,310,253,57,43,40,3,248,198,50,2,2,0,17,13,4,1,1,0,0,0,0,0,0,0,0,0,0,1,1,0,0,0,0,0,0,0,0,0,0,0,0,0,0,0,0,1,1,0,0,0,0,0,0,0,0,0,0,1,1,0,540,167,373
29,583,0172,625673,0000,000000,KARNATAKA,Bangalore Rural,VILLAGE,Thindlu Plantation,Rural,0,0,0,0,0,0,0,0,0,0,0,0,0,0,0,0,0,0,0,0,0,0,0,0,0,0,0,0,0,0,0,0,0,0,0,0,0,0,0,0,0,0,0,0,0,0,0,0,0,0,0,0,0,0,0,0,0,0,0,0,0,0,0,0,0,0,0,0,0,0,0,0,0,0,0,0,0,0,0,0,0,0,0,0,0
29,583,0172,625674,0000,000000,KARNATAKA,Bangalore Rural,VILLAGE,Thindlu,Rural,104,513,255,258,43,23,20,218,114,104,18,8,10,347,198,149,166,57,109,335,178,157,332,176,156,150,73,77,105,51,54,4,1,3,73,51,22,3,2,1,2,2,0,1,0,1,0,0,0,0,0,0,3,2,1,2,2,0,1,0,1,0,0,0,0,0,0,0,0,0,0,0,0,0,0,0,0,0,0,0,0,0,178,77,101
29,583,0172,625675,0000,000000,KARNATAKA,Bangalore Rural,VILLAGE,Banahalli,Rural,0,0,0,0,0,0,0,0,0,0,0,0,0,0,0,0,0,0,0,0,0,0,0,0,0,0,0,0,0,0,0,0,0,0,0,0,0,0,0,0,0,0,0,0,0,0,0,0,0,0,0,0,0,0,0,0,0,0,0,0,0,0,0,0,0,0,0,0,0,0,0,0,0,0,0,0,0,0,0,0,0,0,0,0,0
29,583,0172,625676,0000,000000,KARNATAKA,Bangalore Rural,VILLAGE,Khajihosahalli,Rural,229,1105,596,509,101,47,54,350,184,166,13,6,7,877,511,366,228,85,143,634,394,240,566,354,212,322,199,123,104,50,54,2,0,2,138,105,33,68,40,28,15,6,9,15,11,4,3,0,3,35,23,12,65,37,28,15,6,9,15,11,4,3,0,3,32,20,12,3,3,0,0,0,0,0,0,0,0,0,0,3,3,0,471,202,269
29,583,0172,625677,0000,000000,KARNATAKA,Bangalore Rural,VILLAGE,Honachanahalli,Rural,142,601,325,276,75,41,34,96,50,46,0,0,0,382,231,151,219,94,125,233,197,36,227,192,35,83,80,3,17,14,3,9,8,1,118,90,28,6,5,1,1,1,0,3,2,1,0,0,0,2,2,0,6,5,1,1,1,0,3,2,1,0,0,0,2,2,0,0,0,0,0,0,0,0,0,0,0,0,0,0,0,0,368,128,240
29,583,0172,625678,0000,000000,KARNATAKA,Bangalore Rural,VILLAGE,Kamarasanahalli,Rural,146,623,320,303,71,34,37,206,103,103,3,2,1,450,259,191,173,61,112,305,200,105,238,165,73,18,14,4,9,9,0,0,0,0,211,142,69,67,35,32,1,1,0,51,26,25,0,0,0,15,8,7,63,34,29,1,1,0,49,25,24,0,0,0,13,8,5,4,1,3,0,0,0,2,1,1,0,0,0,2,0,2,318,120,198
29,583,0172,625679,0000,000000,KARNATAKA,Bangalore Rural,VILLAGE,Bommanabande,Rural,136,615,326,289,67,41,26,0,0,0,172,87,85,426,237,189,189,89,100,374,196,178,233,188,45,174,145,29,20,11,9,0,0,0,39,32,7,141,8,133,129,1,128,5,1,4,0,0,0,7,6,1,141,8,133,129,1,128,5,1,4,0,0,0,7,6,1,0,0,0,0,0,0,0,0,0,0,0,0,0,0,0,241,130,111
29,583,0172,625680,0000,000000,KARNATAKA,Bangalore Rural,VILLAGE,Devara Gollahalli,Rural,1,5,4,1,0,0,0,0,0,0,0,0,0,3,3,0,2,1,1,5,4,1,3,3,0,3,3,0,0,0,0,0,0,0,0,0,0,2,1,1,2,1,1,0,0,0,0,0,0,0,0,0,2,1,1,2,1,1,0,0,0,0,0,0,0,0,0,0,0,0,0,0,0,0,0,0,0,0,0,0,0,0,0,0,0
29,583,0172,625681,0000,000000,KARNATAKA,Bangalore Rural,VILLAGE,Lakkondahalli,Rural,348,1703,870,833,195,91,104,451,228,223,11,5,6,1142,659,483,561,211,350,1090,602,488,1023,565,458,539,327,212,214,112,102,49,5,44,221,121,100,67,37,30,3,1,2,38,18,20,8,4,4,18,14,4,62,35,27,3,1,2,35,17,18,6,3,3,18,14,4,5,2,3,0,0,0,3,1,2,2,1,1,0,0,0,613,268,345
29,583,0172,625682,0000,000000,KARNATAKA,Bangalore Rural,VILLAGE,Vabasandra,Rural,139,722,363,359,89,37,52,137,68,69,0,0,0,524,301,223,198,62,136,643,332,311,133,123,10,128,119,9,1,1,0,2,1,1,2,2,0,510,209,301,1,1,0,4,2,2,480,197,283,25,9,16,505,206,299,1,1,0,0,0,0,479,196,283,25,9,16,5,3,2,0,0,0,4,2,2,1,1,0,0,0,0,79,31,48
29,583,0172,625683,0000,000000,KARNATAKA,Bangalore Rural,VILLAGE,Shankanipura,Rural,203,1046,535,511,151,76,75,187,88,99,0,0,0,712,372,340,334,163,171,385,319,66,324,267,57,49,49,0,46,22,24,26,14,12,203,182,21,61,52,9,1,1,0,7,4,3,0,0,0,53,47,6,55,47,8,1,1,0,6,3,3,0,0,0,48,43,5,6,5,1,0,0,0,1,1,0,0,0,0,5,4,1,661,216,445
29,583,0172,625684,0000,000000,KARNATAKA,Bangalore Rural,VILLAGE,Alappanahalli,Rural,214,1103,565,538,117,58,59,175,91,84,0,0,0,772,427,345,331,138,193,514,393,121,512,392,120,289,239,50,77,38,39,0,0,0,146,115,31,2,1,1,1,0,1,0,0,0,0,0,0,1,1,0,1,0,1,1,0,1,0,0,0,0,0,0,0,0,0,1,1,0,0,0,0,0,0,0,0,0,0,1,1,0,589,172,417
29,583,0172,625685,0000,000000,KARNATAKA,Bangalore Rural,VILLAGE,Upparahalli,Rural,206,978,501,477,142,74,68,69,37,32,18,10,8,631,350,281,347,151,196,389,309,80,311,262,49,110,102,8,85,70,15,17,15,2,99,75,24,78,47,31,8,7,1,20,16,4,21,5,16,29,19,10,75,45,30,8,7,1,20,16,4,20,5,15,27,17,10,3,2,1,0,0,0,0,0,0,1,0,1,2,2,0,589,192,397
29,583,0172,625686,0000,000000,KARNATAKA,Bangalore Rural,VILLAGE,Chikka Amanikere,Rural,28,174,101,73,24,15,9,0,0,0,0,0,0,131,80,51,43,21,22,63,60,3,58,56,2,24,23,1,4,4,0,16,16,0,14,13,1,5,4,1,1,1,0,0,0,0,1,0,1,3,3,0,4,3,1,1,1,0,0,0,0,1,0,1,2,2,0,1,1,0,0,0,0,0,0,0,0,0,0,1,1,0,111,41,70
29,583,0172,625687,0000,000000,KARNATAKA,Bangalore Rural,VILLAGE,Kumbalahalli,Rural,704,3258,1726,1532,348,190,158,171,82,89,3,2,1,2325,1308,1017,933,418,515,1589,1037,552,1393,935,458,864,640,224,337,150,187,14,9,5,178,136,42,196,102,94,47,16,31,76,56,20,6,4,2,67,26,41,192,100,92,45,15,30,76,56,20,6,4,2,65,25,40,4,2,2,2,1,1,0,0,0,0,0,0,2,1,1,1669,689,980
29,583,0172,625688,0000,000000,KARNATAKA,Bangalore Rural,VILLAGE,Kallahalli,Rural,156,773,386,387,89,33,56,223,103,120,0,0,0,542,306,236,231,80,151,272,239,33,262,231,31,144,140,4,91,67,24,8,8,0,19,16,3,10,8,2,5,5,0,5,3,2,0,0,0,0,0,0,10,8,2,5,5,0,5,3,2,0,0,0,0,0,0,0,0,0,0,0,0,0,0,0,0,0,0,0,0,0,501,147,354
29,583,0172,625689,0000,000000,KARNATAKA,Bangalore Rural,VILLAGE,Kurubarahalli,Rural,362,1823,940,883,223,130,93,58,25,33,0,0,0,1126,638,488,697,302,395,597,541,56,531,488,43,301,289,12,23,18,5,30,26,4,177,155,22,66,53,13,22,21,1,7,5,2,5,3,2,32,24,8,65,52,13,22,21,1,6,4,2,5,3,2,32,24,8,1,1,0,0,0,0,1,1,0,0,0,0,0,0,0,1226,399,827
29,583,0172,625690,0000,000000,KARNATAKA,Bangalore Rural,VILLAGE,Sompura,Rural,99,521,267,254,59,35,24,513,264,249,0,0,0,347,198,149,174,69,105,238,153,85,144,115,29,11,11,0,43,26,17,21,19,2,69,59,10,94,38,56,8,6,2,51,11,40,15,5,10,20,16,4,89,36,53,8,6,2,50,11,39,13,5,8,18,14,4,5,2,3,0,0,0,1,0,1,2,0,2,2,2,0,283,114,169
29,583,0172,625691,0000,000000,KARNATAKA,Bangalore Rural,VILLAGE,Sonnadenahalli,Rural,104,499,260,239,68,45,23,487,256,231,1,0,1,338,179,159,161,81,80,221,143,78,112,96,16,19,19,0,13,9,4,3,3,0,77,65,12,109,47,62,3,2,1,18,5,13,1,1,0,87,39,48,88,39,49,3,2,1,13,2,11,0,0,0,72,35,37,21,8,13,0,0,0,5,3,2,1,1,0,15,4,11,278,117,161
29,583,0172,625692,0000,000000,KARNATAKA,Bangalore Rural,VILLAGE,Yelachanayakanapura,Rural,20,86,57,29,9,4,5,6,3,3,10,6,4,59,43,16,27,14,13,47,40,7,32,30,2,7,7,0,3,2,1,0,0,0,22,21,1,15,10,5,0,0,0,13,8,5,0,0,0,2,2,0,15,10,5,0,0,0,13,8,5,0,0,0,2,2,0,0,0,0,0,0,0,0,0,0,0,0,0,0,0,0,39,17,22
29,583,0172,625693,0000,000000,KARNATAKA,Bangalore Rural,VILLAGE,Doddahullur,Rural,425,1701,949,752,165,90,75,534,275,259,117,68,49,1180,713,467,521,236,285,855,677,178,792,645,147,160,148,12,78,49,29,2,1,1,552,447,105,63,32,31,18,3,15,9,3,6,0,0,0,36,26,10,62,31,31,18,3,15,9,3,6,0,0,0,35,25,10,1,1,0,0,0,0,0,0,0,0,0,0,1,1,0,846,272,574
29,583,0172,625694,0000,000000,KARNATAKA,Bangalore Rural,VILLAGE,Chikkahullur,Rural,430,1615,937,678,177,94,83,99,50,49,13,10,3,1191,749,442,424,188,236,798,676,122,790,672,118,140,133,7,28,16,12,3,3,0,619,520,99,8,4,4,1,0,1,0,0,0,0,0,0,7,4,3,7,3,4,1,0,1,0,0,0,0,0,0,6,3,3,1,1,0,0,0,0,0,0,0,0,0,0,1,1,0,817,261,556
29,583,0172,625695,0000,000000,KARNATAKA,Bangalore Rural,VILLAGE,Chokkahalli,Rural,609,2242,1411,831,256,140,116,274,159,115,54,37,17,1731,1180,551,511,231,280,1313,1077,236,1288,1057,231,129,90,39,22,11,11,1,1,0,1136,955,181,25,20,5,3,0,3,2,0,2,0,0,0,20,20,0,25,20,5,3,0,3,2,0,2,0,0,0,20,20,0,0,0,0,0,0,0,0,0,0,0,0,0,0,0,0,929,334,595
29,583,0172,625696,0000,000000,KARNATAKA,Bangalore Rural,VILLAGE,Cholappanahalli,Rural,343,1279,762,517,105,52,53,86,41,45,113,65,48,1065,681,384,214,81,133,710,579,131,697,574,123,93,77,16,20,15,5,1,1,0,583,481,102,13,5,8,0,0,0,0,0,0,0,0,0,13,5,8,13,5,8,0,0,0,0,0,0,0,0,0,13,5,8,0,0,0,0,0,0,0,0,0,0,0,0,0,0,0,569,183,386
29,583,0172,625697,0000,000000,KARNATAKA,Bangalore Rural,VILLAGE,Malimakanapura,Rural,270,1042,562,480,94,51,43,156,86,70,75,41,34,767,443,324,275,119,156,531,373,158,486,340,146,55,39,16,21,14,7,11,7,4,399,280,119,45,33,12,3,1,2,3,3,0,1,0,1,38,29,9,10,4,6,2,0,2,2,2,0,0,0,0,6,2,4,35,29,6,1,1,0,1,1,0,1,0,1,32,27,5,511,189,322
29,583,0172,625698,0000,000000,KARNATAKA,Bangalore Rural,VILLAGE,Dasarathimmanahalli,Rural,0,0,0,0,0,0,0,0,0,0,0,0,0,0,0,0,0,0,0,0,0,0,0,0,0,0,0,0,0,0,0,0,0,0,0,0,0,0,0,0,0,0,0,0,0,0,0,0,0,0,0,0,0,0,0,0,0,0,0,0,0,0,0,0,0,0,0,0,0,0,0,0,0,0,0,0,0,0,0,0,0,0,0,0,0
29,583,0172,625699,0000,000000,KARNATAKA,Bangalore Rural,VILLAGE,Chikkanallurahalli,Rural,160,674,347,327,87,46,41,147,78,69,160,81,79,391,233,158,283,114,169,346,215,131,344,214,130,57,52,5,59,32,27,1,1,0,227,129,98,2,1,1,0,0,0,2,1,1,0,0,0,0,0,0,2,1,1,0,0,0,2,1,1,0,0,0,0,0,0,0,0,0,0,0,0,0,0,0,0,0,0,0,0,0,328,132,196
29,583,0172,625700,0000,000000,KARNATAKA,Bangalore Rural,VILLAGE,Pillagumpe,Rural,321,1272,780,492,163,87,76,263,132,131,189,120,69,941,629,312,331,151,180,704,540,164,671,524,147,53,31,22,44,18,26,9,7,2,565,468,97,33,16,17,6,2,4,0,0,0,0,0,0,27,14,13,33,16,17,6,2,4,0,0,0,0,0,0,27,14,13,0,0,0,0,0,0,0,0,0,0,0,0,0,0,0,568,240,328
29,583,0172,625701,0000,000000,KARNATAKA,Bangalore Rural,VILLAGE,Dasarahalli,Rural,364,1692,882,810,208,109,99,0,0,0,58,30,28,1006,596,410,686,286,400,678,516,162,644,491,153,264,225,39,236,174,62,1,1,0,143,91,52,34,25,9,17,12,5,9,6,3,1,1,0,7,6,1,32,23,9,16,11,5,9,6,3,1,1,0,6,5,1,2,2,0,1,1,0,0,0,0,0,0,0,1,1,0,1014,366,648
29,583,0172,625702,0000,000000,KARNATAKA,Bangalore Rural,VILLAGE,Halasahalli,Rural,139,713,371,342,70,37,33,159,82,77,12,7,5,486,290,196,227,81,146,437,251,186,434,251,183,218,114,104,68,27,41,3,2,1,145,108,37,3,0,3,0,0,0,2,0,2,0,0,0,1,0,1,3,0,3,0,0,0,2,0,2,0,0,0,1,0,1,0,0,0,0,0,0,0,0,0,0,0,0,0,0,0,276,120,156
29,583,0172,625703,0000,000000,KARNATAKA,Bangalore Rural,VILLAGE,Hullur Amanikere,Rural,0,0,0,0,0,0,0,0,0,0,0,0,0,0,0,0,0,0,0,0,0,0,0,0,0,0,0,0,0,0,0,0,0,0,0,0,0,0,0,0,0,0,0,0,0,0,0,0,0,0,0,0,0,0,0,0,0,0,0,0,0,0,0,0,0,0,0,0,0,0,0,0,0,0,0,0,0,0,0,0,0,0,0,0,0
29,583,0172,625704,0000,000000,KARNATAKA,Bangalore Rural,VILLAGE,Kolathur,Rural,322,1568,822,746,182,86,96,288,143,145,101,46,55,1119,653,466,449,169,280,603,522,81,597,519,78,271,263,8,42,35,7,2,2,0,282,219,63,6,3,3,2,1,1,1,0,1,0,0,0,3,2,1,6,3,3,2,1,1,1,0,1,0,0,0,3,2,1,0,0,0,0,0,0,0,0,0,0,0,0,0,0,0,965,300,665
29,583,0172,625705,0000,000000,KARNATAKA,Bangalore Rural,VILLAGE,Kannurahalli,Rural,582,2644,1426,1218,319,179,140,465,239,226,52,25,27,1742,1025,717,902,401,501,1403,871,532,1383,862,521,493,295,198,219,114,105,54,41,13,617,412,205,20,9,11,4,1,3,3,1,2,1,1,0,12,6,6,20,9,11,4,1,3,3,1,2,1,1,0,12,6,6,0,0,0,0,0,0,0,0,0,0,0,0,0,0,0,1241,555,686
29,583,0172,625706,0000,000000,KARNATAKA,Bangalore Rural,VILLAGE,Ganagalu,Rural,116,470,233,237,42,21,21,135,60,75,4,1,3,324,170,154,146,63,83,221,163,58,170,138,32,108,92,16,3,3,0,1,1,0,58,42,16,51,25,26,5,5,0,0,0,0,0,0,0,46,20,26,51,25,26,5,5,0,0,0,0,0,0,0,46,20,26,0,0,0,0,0,0,0,0,0,0,0,0,0,0,0,249,70,179
29,583,0172,625707,0000,000000,KARNATAKA,Bangalore Rural,VILLAGE,Pethanahalli,Rural,123,577,284,293,75,41,34,116,55,61,0,0,0,392,215,177,185,69,116,264,177,87,252,166,86,139,95,44,39,15,24,9,8,1,65,48,17,12,11,1,4,3,1,2,2,0,1,1,0,5,5,0,12,11,1,4,3,1,2,2,0,1,1,0,5,5,0,0,0,0,0,0,0,0,0,0,0,0,0,0,0,0,313,107,206
29,583,0172,625708,0000,000000,KARNATAKA,Bangalore Rural,VILLAGE,Dodda Amanikere,Rural,2,11,6,5,1,1,0,0,0,0,11,6,5,5,2,3,6,4,2,6,3,3,1,0,1,0,0,0,0,0,0,0,0,0,1,0,1,5,3,2,0,0,0,3,2,1,0,0,0,2,1,1,5,3,2,0,0,0,3,2,1,0,0,0,2,1,1,0,0,0,0,0,0,0,0,0,0,0,0,0,0,0,5,3,2
29,583,0172,625709,0000,000000,KARNATAKA,Bangalore Rural,VILLAGE,Sarakariguttahalli,Rural,263,1095,568,527,141,66,75,690,359,331,19,7,12,673,385,288,422,183,239,317,286,31,316,286,30,81,77,4,38,36,2,1,1,0,196,172,24,1,0,1,1,0,1,0,0,0,0,0,0,0,0,0,1,0,1,1,0,1,0,0,0,0,0,0,0,0,0,0,0,0,0,0,0,0,0,0,0,0,0,0,0,0,778,282,496
29,583,0172,625710,0000,000000,KARNATAKA,Bangalore Rural,VILLAGE,Doddagattiganabbe,Rural,79,335,176,159,34,18,16,31,18,13,0,0,0,240,137,103,95,39,56,129,109,20,106,97,9,50,49,1,5,3,2,2,2,0,49,43,6,23,12,11,0,0,0,19,9,10,0,0,0,4,3,1,14,10,4,0,0,0,12,8,4,0,0,0,2,2,0,9,2,7,0,0,0,7,1,6,0,0,0,2,1,1,206,67,139
29,583,0172,625711,0000,000000,KARNATAKA,Bangalore Rural,VILLAGE,Bhaktharahalli,Rural,245,1105,551,554,108,62,46,518,258,260,1,1,0,765,399,366,340,152,188,477,321,156,470,317,153,104,75,29,89,39,50,0,0,0,277,203,74,7,4,3,1,1,0,2,0,2,1,1,0,3,2,1,7,4,3,1,1,0,2,0,2,1,1,0,3,2,1,0,0,0,0,0,0,0,0,0,0,0,0,0,0,0,628,230,398
29,583,0172,625712,0000,000000,KARNATAKA,Bangalore Rural,VILLAGE,Mallasandra,Rural,514,2191,1128,1063,280,142,138,792,405,387,8,4,4,1539,867,672,652,261,391,1054,717,337,824,581,243,246,163,83,110,65,45,14,8,6,454,345,109,230,136,94,10,5,5,9,5,4,5,4,1,206,122,84,42,26,16,9,4,5,5,3,2,2,1,1,26,18,8,188,110,78,1,1,0,4,2,2,3,3,0,180,104,76,1137,411,726
29,583,0172,625713,0000,000000,KARNATAKA,Bangalore Rural,VILLAGE,Koralur,Rural,554,2182,1138,1044,308,165,143,514,259,255,30,17,13,1459,835,624,723,303,420,988,699,289,911,650,261,132,82,50,45,21,24,16,4,12,718,543,175,77,49,28,10,8,2,10,6,4,2,0,2,55,35,20,72,47,25,10,8,2,10,6,4,2,0,2,50,33,17,5,2,3,0,0,0,0,0,0,0,0,0,5,2,3,1194,439,755
29,583,0172,625714,0000,000000,KARNATAKA,Bangalore Rural,VILLAGE,Appajipura,Rural,21,89,50,39,7,4,3,4,2,2,0,0,0,71,42,29,18,8,10,43,33,10,43,33,10,37,27,10,2,2,0,0,0,0,4,4,0,0,0,0,0,0,0,0,0,0,0,0,0,0,0,0,0,0,0,0,0,0,0,0,0,0,0,0,0,0,0,0,0,0,0,0,0,0,0,0,0,0,0,0,0,0,46,17,29
29,583,0172,625715,0000,000000,KARNATAKA,Bangalore Rural,VILLAGE,Naduvathi,Rural,463,2197,1127,1070,258,127,131,934,465,469,4,3,1,1588,897,691,609,230,379,978,683,295,921,649,272,249,190,59,109,54,55,7,5,2,556,400,156,57,34,23,9,3,6,9,1,8,2,0,2,37,30,7,50,30,20,8,2,6,9,1,8,2,0,2,31,27,4,7,4,3,1,1,0,0,0,0,0,0,0,6,3,3,1219,444,775
29,583,0172,625716,0000,000000,KARNATAKA,Bangalore Rural,VILLAGE,Poojena Agrahara,Rural,304,1399,712,687,148,80,68,512,248,264,17,9,8,984,533,451,415,179,236,627,476,151,620,474,146,121,116,5,292,223,69,18,8,10,189,127,62,7,2,5,0,0,0,5,1,4,0,0,0,2,1,1,7,2,5,0,0,0,5,1,4,0,0,0,2,1,1,0,0,0,0,0,0,0,0,0,0,0,0,0,0,0,772,236,536
29,583,0172,625717,0000,000000,KARNATAKA,Bangalore Rural,VILLAGE,Chikkagattiganabbe,Rural,181,777,385,392,93,43,50,159,75,84,1,1,0,460,241,219,317,144,173,286,246,40,253,225,28,86,80,6,44,36,8,10,8,2,113,101,12,33,21,12,5,2,3,19,13,6,1,1,0,8,5,3,25,18,7,4,1,3,14,12,2,1,1,0,6,4,2,8,3,5,1,1,0,5,1,4,0,0,0,2,1,1,491,139,352
29,583,0172,625718,0000,000000,KARNATAKA,Bangalore Rural,VILLAGE,Cheemandahalli,Rural,145,606,322,284,69,31,38,133,69,64,0,0,0,380,223,157,226,99,127,228,204,24,204,182,22,71,69,2,5,3,2,4,4,0,124,106,18,24,22,2,10,10,0,0,0,0,1,1,0,13,11,2,24,22,2,10,10,0,0,0,0,1,1,0,13,11,2,0,0,0,0,0,0,0,0,0,0,0,0,0,0,0,378,118,260
29,583,0172,625719,0000,000000,KARNATAKA,Bangalore Rural,VILLAGE,Thirumalasettihalli,Rural,400,1603,840,763,214,120,94,255,126,129,24,15,9,1128,646,482,475,194,281,780,514,266,731,480,251,115,106,9,195,26,169,15,12,3,406,336,70,49,34,15,3,2,1,9,3,6,0,0,0,37,29,8,49,34,15,3,2,1,9,3,6,0,0,0,37,29,8,0,0,0,0,0,0,0,0,0,0,0,0,0,0,0,823,326,497
29,583,0172,625720,0000,000000,KARNATAKA,Bangalore Rural,VILLAGE,Samethanahalli,Rural,999,4102,2067,2035,535,255,280,1347,674,673,19,6,13,2972,1603,1369,1130,464,666,1707,1269,438,1454,1107,347,247,193,54,296,194,102,12,9,3,899,711,188,253,162,91,44,33,11,27,15,12,6,3,3,176,111,65,238,153,85,42,31,11,27,15,12,5,3,2,164,104,60,15,9,6,2,2,0,0,0,0,1,0,1,12,7,5,2395,798,1597
29,583,0172,625721,0000,000000,KARNATAKA,Bangalore Rural,VILLAGE,Bhodanahosahalli,Rural,587,2338,1224,1114,294,146,148,828,427,401,3,2,1,1582,901,681,756,323,433,1039,739,300,1026,728,298,177,143,34,145,63,82,9,7,2,695,515,180,13,11,2,1,0,1,0,0,0,1,1,0,11,10,1,12,11,1,1,0,1,0,0,0,1,1,0,10,10,0,1,0,1,0,0,0,0,0,0,0,0,0,1,0,1,1299,485,814
29,583,0172,625722,0000,000000,KARNATAKA,Bangalore Rural,VILLAGE,Doddadunnasandra,Rural,593,2400,1201,1199,265,142,123,665,320,345,25,13,12,1757,922,835,643,279,364,1013,753,260,955,717,238,162,143,19,90,50,40,5,5,0,698,519,179,58,36,22,0,0,0,4,4,0,0,0,0,54,32,22,53,34,19,0,0,0,4,4,0,0,0,0,49,30,19,5,2,3,0,0,0,0,0,0,0,0,0,5,2,3,1387,448,939
29,583,0172,625723,0000,000000,KARNATAKA,Bangalore Rural,VILLAGE,Devalapura,Rural,222,867,468,399,117,56,61,174,88,86,39,24,15,677,391,286,190,77,113,375,303,72,372,302,70,24,21,3,2,1,1,0,0,0,346,280,66,3,1,2,0,0,0,0,0,0,0,0,0,3,1,2,3,1,2,0,0,0,0,0,0,0,0,0,3,1,2,0,0,0,0,0,0,0,0,0,0,0,0,0,0,0,492,165,327
29,583,0172,625724,0000,000000,KARNATAKA,Bangalore Rural,VILLAGE,Devanagondi,Rural,472,2004,1016,988,213,108,105,863,433,430,28,12,16,1378,769,609,626,247,379,868,654,214,831,634,197,159,151,8,121,85,36,5,4,1,546,394,152,37,20,17,9,5,4,2,2,0,0,0,0,26,13,13,32,16,16,9,5,4,2,2,0,0,0,0,21,9,12,5,4,1,0,0,0,0,0,0,0,0,0,5,4,1,1136,362,774
29,583,0172,625725,0000,000000,KARNATAKA,Bangalore Rural,VILLAGE,Lingadeeramallasandra,Rural,68,311,168,143,22,11,11,39,15,24,8,5,3,251,142,109,60,26,34,158,105,53,158,105,53,58,28,30,6,3,3,1,1,0,93,73,20,0,0,0,0,0,0,0,0,0,0,0,0,0,0,0,0,0,0,0,0,0,0,0,0,0,0,0,0,0,0,0,0,0,0,0,0,0,0,0,0,0,0,0,0,0,153,63,90
29,583,0172,625726,0000,000000,KARNATAKA,Bangalore Rural,VILLAGE,Somalapura,Rural,42,188,105,83,16,11,5,44,27,17,0,0,0,137,84,53,51,21,30,109,73,36,109,73,36,63,39,24,0,0,0,0,0,0,46,34,12,0,0,0,0,0,0,0,0,0,0,0,0,0,0,0,0,0,0,0,0,0,0,0,0,0,0,0,0,0,0,0,0,0,0,0,0,0,0,0,0,0,0,0,0,0,79,32,47
29,583,0172,625727,0000,000000,KARNATAKA,Bangalore Rural,VILLAGE,Medihalli,Rural,102,507,249,258,50,18,32,252,122,130,0,0,0,352,195,157,155,54,101,203,152,51,158,128,30,42,40,2,10,8,2,1,1,0,105,79,26,45,24,21,7,3,4,37,20,17,0,0,0,1,1,0,40,22,18,4,1,3,35,20,15,0,0,0,1,1,0,5,2,3,3,2,1,2,0,2,0,0,0,0,0,0,304,97,207
29,583,0172,625728,0000,000000,KARNATAKA,Bangalore Rural,VILLAGE,Devanagondi Hosahalli,Rural,211,916,468,448,83,42,41,313,153,160,0,0,0,589,345,244,327,123,204,413,293,120,372,285,87,49,44,5,13,6,7,5,4,1,305,231,74,41,8,33,2,1,1,32,5,27,0,0,0,7,2,5,38,7,31,0,0,0,32,5,27,0,0,0,6,2,4,3,1,2,2,1,1,0,0,0,0,0,0,1,0,1,503,175,328
29,583,0172,625729,0000,000000,KARNATAKA,Bangalore Rural,VILLAGE,Obalapura,Rural,91,378,193,185,28,17,11,251,124,127,5,3,2,259,145,114,119,48,71,153,117,36,151,116,35,11,10,1,40,23,17,0,0,0,100,83,17,2,1,1,0,0,0,0,0,0,0,0,0,2,1,1,2,1,1,0,0,0,0,0,0,0,0,0,2,1,1,0,0,0,0,0,0,0,0,0,0,0,0,0,0,0,225,76,149
29,583,0172,625730,0000,000000,KARNATAKA,Bangalore Rural,VILLAGE,Anugondahalli,Rural,249,1027,524,503,104,53,51,195,95,100,12,7,5,707,391,316,320,133,187,415,306,109,409,302,107,109,83,26,47,25,22,8,6,2,245,188,57,6,4,2,1,1,0,1,0,1,1,1,0,3,2,1,6,4,2,1,1,0,1,0,1,1,1,0,3,2,1,0,0,0,0,0,0,0,0,0,0,0,0,0,0,0,612,218,394
29,583,0172,625731,0000,000000,KARNATAKA,Bangalore Rural,VILLAGE,Hemmandahalli,Rural,65,309,147,162,37,15,22,209,102,107,0,0,0,210,107,103,99,40,59,119,88,31,110,80,30,11,11,0,10,8,2,4,2,2,85,59,26,9,8,1,2,2,0,2,2,0,0,0,0,5,4,1,9,8,1,2,2,0,2,2,0,0,0,0,5,4,1,0,0,0,0,0,0,0,0,0,0,0,0,0,0,0,190,59,131
29,583,0172,625732,0000,000000,KARNATAKA,Bangalore Rural,VILLAGE,Naganayakanakote,Rural,224,889,464,425,92,53,39,270,139,131,3,2,1,607,349,258,282,115,167,521,276,245,311,257,54,98,85,13,58,39,19,2,2,0,153,131,22,210,19,191,21,11,10,181,6,175,4,0,4,4,2,2,204,17,187,19,10,9,178,5,173,3,0,3,4,2,2,6,2,4,2,1,1,3,1,2,1,0,1,0,0,0,368,188,180
29,583,0172,625733,0000,000000,KARNATAKA,Bangalore Rural,VILLAGE,Harohalli,Rural,264,1117,573,544,109,64,45,330,173,157,12,9,3,788,421,367,329,152,177,553,348,205,540,340,200,200,125,75,278,166,112,7,4,3,55,45,10,13,8,5,4,3,1,6,2,4,0,0,0,3,3,0,13,8,5,4,3,1,6,2,4,0,0,0,3,3,0,0,0,0,0,0,0,0,0,0,0,0,0,0,0,0,564,225,339
29,583,0172,625734,0000,000000,KARNATAKA,Bangalore Rural,VILLAGE,Thimmadahalli,Rural,51,203,111,92,24,16,8,11,6,5,0,0,0,155,89,66,48,22,26,85,59,26,82,58,24,44,37,7,10,5,5,0,0,0,28,16,12,3,1,2,0,0,0,2,0,2,0,0,0,1,1,0,3,1,2,0,0,0,2,0,2,0,0,0,1,1,0,0,0,0,0,0,0,0,0,0,0,0,0,0,0,0,118,52,66
29,583,0172,625735,0000,000000,KARNATAKA,Bangalore Rural,VILLAGE,Ajjagondahalli,Rural,102,406,211,195,45,20,25,92,51,41,2,1,1,293,168,125,113,43,70,194,139,55,163,128,35,68,55,13,12,4,8,3,2,1,80,67,13,31,11,20,1,0,1,23,5,18,0,0,0,7,6,1,31,11,20,1,0,1,23,5,18,0,0,0,7,6,1,0,0,0,0,0,0,0,0,0,0,0,0,0,0,0,212,72,140
29,583,0172,625736,0000,000000,KARNATAKA,Bangalore Rural,VILLAGE,Kotur,Rural,201,961,488,473,135,74,61,449,218,231,4,1,3,596,319,277,365,169,196,392,280,112,386,280,106,90,85,5,186,112,74,0,0,0,110,83,27,6,0,6,0,0,0,4,0,4,0,0,0,2,0,2,2,0,2,0,0,0,0,0,0,0,0,0,2,0,2,4,0,4,0,0,0,4,0,4,0,0,0,0,0,0,569,208,361
29,583,0172,625737,0000,000000,KARNATAKA,Bangalore Rural,VILLAGE,Gullakaipura,Rural,27,99,52,47,16,7,9,15,8,7,0,0,0,42,25,17,57,27,30,51,33,18,51,33,18,8,8,0,40,22,18,0,0,0,3,3,0,0,0,0,0,0,0,0,0,0,0,0,0,0,0,0,0,0,0,0,0,0,0,0,0,0,0,0,0,0,0,0,0,0,0,0,0,0,0,0,0,0,0,0,0,0,48,19,29
29,583,0172,625738,0000,000000,KARNATAKA,Bangalore Rural,VILLAGE,Muthasandra,Rural,377,1615,815,800,167,87,80,548,269,279,1,0,1,1135,619,516,480,196,284,824,528,296,818,525,293,412,230,182,108,56,52,2,2,0,296,237,59,6,3,3,2,1,1,3,1,2,0,0,0,1,1,0,6,3,3,2,1,1,3,1,2,0,0,0,1,1,0,0,0,0,0,0,0,0,0,0,0,0,0,0,0,0,791,287,504
29,583,0172,625739,0000,000000,KARNATAKA,Bangalore Rural,VILLAGE,Bellikere,Rural,232,1028,514,514,106,52,54,169,88,81,14,7,7,717,398,319,311,116,195,410,336,74,393,326,67,104,94,10,36,25,11,59,42,17,194,165,29,17,10,7,0,0,0,4,1,3,1,1,0,12,8,4,12,7,5,0,0,0,3,1,2,1,1,0,8,5,3,5,3,2,0,0,0,1,0,1,0,0,0,4,3,1,618,178,440
29,583,0172,625740,0000,000000,KARNATAKA,Bangalore Rural,VILLAGE,Bylahalli,Rural,110,503,260,243,48,28,20,143,71,72,0,0,0,341,198,143,162,62,100,164,146,18,163,145,18,128,114,14,5,4,1,4,3,1,26,24,2,1,1,0,0,0,0,0,0,0,0,0,0,1,1,0,1,1,0,0,0,0,0,0,0,0,0,0,1,1,0,0,0,0,0,0,0,0,0,0,0,0,0,0,0,0,339,114,225
29,583,0172,625741,0000,000000,KARNATAKA,Bangalore Rural,VILLAGE,Muthkur,Rural,493,2107,1097,1010,247,129,118,454,220,234,4,3,1,1416,798,618,691,299,392,878,653,225,867,645,222,215,179,36,186,123,63,5,4,1,461,339,122,11,8,3,2,1,1,1,1,0,1,0,1,7,6,1,11,8,3,2,1,1,1,1,0,1,0,1,7,6,1,0,0,0,0,0,0,0,0,0,0,0,0,0,0,0,1229,444,785
29,583,0172,625742,0000,000000,KARNATAKA,Bangalore Rural,VILLAGE,Yedagondahalli,Rural,126,596,307,289,44,30,14,210,107,103,0,0,0,474,251,223,122,56,66,320,179,141,316,177,139,166,95,71,131,71,60,2,2,0,17,9,8,4,2,2,0,0,0,1,0,1,0,0,0,3,2,1,4,2,2,0,0,0,1,0,1,0,0,0,3,2,1,0,0,0,0,0,0,0,0,0,0,0,0,0,0,0,276,128,148
29,583,0172,625743,0000,000000,KARNATAKA,Bangalore Rural,VILLAGE,Byrahalli,Rural,0,0,0,0,0,0,0,0,0,0,0,0,0,0,0,0,0,0,0,0,0,0,0,0,0,0,0,0,0,0,0,0,0,0,0,0,0,0,0,0,0,0,0,0,0,0,0,0,0,0,0,0,0,0,0,0,0,0,0,0,0,0,0,0,0,0,0,0,0,0,0,0,0,0,0,0,0,0,0,0,0,0,0,0,0
29,583,0172,625744,0000,000000,KARNATAKA,Bangalore Rural,VILLAGE,Medimallasandra,Rural,589,2763,1400,1363,349,179,170,288,131,157,4,2,2,1937,1017,920,826,383,443,945,774,171,827,686,141,55,47,8,162,128,34,21,19,2,589,492,97,118,88,30,8,6,2,35,30,5,11,1,10,64,51,13,112,87,25,8,6,2,32,30,2,11,1,10,61,50,11,6,1,5,0,0,0,3,0,3,0,0,0,3,1,2,1818,626,1192
29,583,0172,625745,0000,000000,KARNATAKA,Bangalore Rural,VILLAGE,Handenahalli,Rural,242,1112,554,558,155,72,83,347,180,167,0,0,0,665,355,310,447,199,248,372,324,48,330,295,35,79,74,5,122,101,21,4,2,2,125,118,7,42,29,13,4,2,2,18,11,7,0,0,0,20,16,4,41,28,13,4,2,2,17,10,7,0,0,0,20,16,4,1,1,0,0,0,0,1,1,0,0,0,0,0,0,0,740,230,510
29,583,0172,625746,0000,000000,KARNATAKA,Bangalore Rural,VILLAGE,Basabathanahalli,Rural,0,0,0,0,0,0,0,0,0,0,0,0,0,0,0,0,0,0,0,0,0,0,0,0,0,0,0,0,0,0,0,0,0,0,0,0,0,0,0,0,0,0,0,0,0,0,0,0,0,0,0,0,0,0,0,0,0,0,0,0,0,0,0,0,0,0,0,0,0,0,0,0,0,0,0,0,0,0,0,0,0,0,0,0,0
29,583,0172,625747,0000,000000,KARNATAKA,Bangalore Rural,VILLAGE,Banarahalli,Rural,34,214,115,99,16,7,9,205,109,96,0,0,0,146,94,52,68,21,47,94,74,20,89,72,17,21,19,2,41,30,11,0,0,0,27,23,4,5,2,3,0,0,0,4,2,2,0,0,0,1,0,1,5,2,3,0,0,0,4,2,2,0,0,0,1,0,1,0,0,0,0,0,0,0,0,0,0,0,0,0,0,0,120,41,79
29,583,0172,625748,0000,000000,KARNATAKA,Bangalore Rural,VILLAGE,S.Narayanakere,Rural,386,1644,853,791,149,81,68,177,85,92,1,0,1,1099,641,458,545,212,333,636,508,128,569,457,112,115,103,12,80,56,24,28,25,3,346,273,73,67,51,16,3,2,1,11,5,6,5,5,0,48,39,9,65,50,15,3,2,1,10,5,5,4,4,0,48,39,9,2,1,1,0,0,0,1,0,1,1,1,0,0,0,0,1008,345,663
29,583,0172,625749,0000,000000,KARNATAKA,Bangalore Rural,VILLAGE,Kalkunte Agrahara,Rural,369,1629,855,774,142,76,66,455,229,226,4,3,1,1124,655,469,505,200,305,575,444,131,418,352,66,130,121,9,55,32,23,1,1,0,232,198,34,157,92,65,4,4,0,97,49,48,4,2,2,52,37,15,134,90,44,4,4,0,85,49,36,2,2,0,43,35,8,23,2,21,0,0,0,12,0,12,2,0,2,9,2,7,1054,411,643
29,583,0172,625750,0000,000000,KARNATAKA,Bangalore Rural,VILLAGE,Arehalli,Rural,182,792,396,396,71,35,36,243,115,128,3,2,1,545,302,243,247,94,153,376,253,123,365,248,117,58,39,19,122,66,56,0,0,0,185,143,42,11,5,6,2,1,1,2,1,1,0,0,0,7,3,4,9,5,4,2,1,1,1,1,0,0,0,0,6,3,3,2,0,2,0,0,0,1,0,1,0,0,0,1,0,1,416,143,273
29,583,0172,625751,0000,000000,KARNATAKA,Bangalore Rural,VILLAGE,Muthakadahalli,Rural,75,339,177,162,37,18,19,179,90,89,0,0,0,254,144,110,85,33,52,110,101,9,94,85,9,70,65,5,1,1,0,0,0,0,23,19,4,16,16,0,2,2,0,4,4,0,1,1,0,9,9,0,15,15,0,1,1,0,4,4,0,1,1,0,9,9,0,1,1,0,1,1,0,0,0,0,0,0,0,0,0,0,229,76,153
29,583,0172,625752,0000,000000,KARNATAKA,Bangalore Rural,VILLAGE,Thathnur,Rural,208,920,485,435,85,47,38,260,138,122,1,0,1,554,332,222,366,153,213,356,275,81,353,272,81,172,153,19,90,44,46,0,0,0,91,75,16,3,3,0,1,1,0,2,2,0,0,0,0,0,0,0,3,3,0,1,1,0,2,2,0,0,0,0,0,0,0,0,0,0,0,0,0,0,0,0,0,0,0,0,0,0,564,210,354
29,583,0172,625753,0000,000000,KARNATAKA,Bangalore Rural,VILLAGE,Thiruvaranga,Rural,148,731,394,337,66,43,23,483,260,223,0,0,0,469,277,192,262,117,145,360,248,112,354,243,111,141,122,19,137,59,78,0,0,0,76,62,14,6,5,1,0,0,0,2,1,1,0,0,0,4,4,0,6,5,1,0,0,0,2,1,1,0,0,0,4,4,0,0,0,0,0,0,0,0,0,0,0,0,0,0,0,0,371,146,225
29,583,0172,625754,0000,000000,KARNATAKA,Bangalore Rural,VILLAGE,Bagur,Rural,190,890,461,429,82,50,32,222,116,106,2,0,2,587,331,256,303,130,173,624,331,293,591,317,274,134,111,23,341,108,233,85,73,12,31,25,6,33,14,19,4,3,1,19,3,16,6,4,2,4,4,0,30,14,16,4,3,1,16,3,13,6,4,2,4,4,0,3,0,3,0,0,0,3,0,3,0,0,0,0,0,0,266,130,136
29,583,0172,625755,0000,000000,KARNATAKA,Bangalore Rural,VILLAGE,Gundur,Rural,147,747,389,358,94,53,41,205,107,98,1,0,1,460,267,193,287,122,165,452,250,202,442,246,196,234,151,83,58,32,26,49,4,45,101,59,42,10,4,6,1,0,1,2,0,2,1,0,1,6,4,2,9,4,5,1,0,1,2,0,2,0,0,0,6,4,2,1,0,1,0,0,0,0,0,0,1,0,1,0,0,0,295,139,156
29,583,0172,625756,0000,000000,KARNATAKA,Bangalore Rural,VILLAGE,Siddanapura,Rural,100,394,204,190,23,10,13,27,13,14,0,0,0,310,170,140,84,34,50,210,103,107,141,73,68,72,40,32,44,18,26,2,0,2,23,15,8,69,30,39,21,8,13,28,11,17,1,0,1,19,11,8,69,30,39,21,8,13,28,11,17,1,0,1,19,11,8,0,0,0,0,0,0,0,0,0,0,0,0,0,0,0,184,101,83
29,583,0172,625757,0000,000000,KARNATAKA,Bangalore Rural,VILLAGE,Shivanapura,Rural,85,345,190,155,16,7,9,0,0,0,0,0,0,270,164,106,75,26,49,231,122,109,128,87,41,33,22,11,37,22,15,2,2,0,56,41,15,103,35,68,24,8,16,51,14,37,1,0,1,27,13,14,103,35,68,24,8,16,51,14,37,1,0,1,27,13,14,0,0,0,0,0,0,0,0,0,0,0,0,0,0,0,114,68,46
29,583,0172,625758,0000,000000,KARNATAKA,Bangalore Rural,VILLAGE,Maramgere,Rural,139,708,361,347,88,46,42,57,34,23,0,0,0,387,219,168,321,142,179,342,218,124,339,216,123,62,58,4,115,43,72,0,0,0,162,115,47,3,2,1,2,1,1,1,1,0,0,0,0,0,0,0,3,2,1,2,1,1,1,1,0,0,0,0,0,0,0,0,0,0,0,0,0,0,0,0,0,0,0,0,0,0,366,143,223
29,583,0172,625759,0000,000000,KARNATAKA,Bangalore Rural,VILLAGE,Ganagalur,Rural,212,1015,516,499,112,53,59,220,112,108,0,0,0,660,372,288,355,144,211,411,307,104,386,293,93,137,107,30,105,55,50,0,0,0,144,131,13,25,14,11,3,2,1,15,8,7,0,0,0,7,4,3,24,13,11,3,2,1,14,7,7,0,0,0,7,4,3,1,1,0,0,0,0,1,1,0,0,0,0,0,0,0,604,209,395
29,583,0172,625760,0000,000000,KARNATAKA,Bangalore Rural,VILLAGE,Thathnur Plantation,Rural,4,18,10,8,0,0,0,4,2,2,0,0,0,13,7,6,5,3,2,10,6,4,10,6,4,10,6,4,0,0,0,0,0,0,0,0,0,0,0,0,0,0,0,0,0,0,0,0,0,0,0,0,0,0,0,0,0,0,0,0,0,0,0,0,0,0,0,0,0,0,0,0,0,0,0,0,0,0,0,0,0,0,8,4,4
