State/UTs_Code,District_Code,CD Block_Code,Town/Village_Code,Ward_Code,EB_Code,State/UTs_Name,District_Name,Level,Name,Total/Rural/Urban,No of Households,Total Population Person,Total Population Male,Total Population Female,Population in the age group 0-6 Person,Population in the age group 0-6 Male,Population in the age group 0-6 Female,Scheduled Castes population Person,Scheduled Castes population Male,Scheduled Castes population Female,Scheduled Tribes population Person,Scheduled Tribes population Male,Scheduled Tribes population Female,Literates Population Person,Literates Population Male,Literates Population Female,Illiterate Persons,Illiterate Male,Illiterate Female,Total Worker Population Person,Total Worker Population Male,Total Worker Population Female,Main Working Population Person,Main Working Population Male,Main Working Population Female,Main Cultivator Population Person,Main Cultivator Population Male,Main Cultivator Population Female,Main Agricultural Labourers Population Person,Main Agricultural Labourers Population Male,Main Agricultural Labourers Population Female,Main Household Industries Population Person,Main Household Industries Population Male,Main Household Industries Population Female,Main Other Workers Population Person,Main Other Workers Population Male,Main Other Workers Population Female,Marginal Worker Population Person,Marginal Worker Population Male,Marginal Worker Population Female,Marginal Cultivator Population Person,Marginal Cultivator Population Male,Marginal Cultivator Population Female,Marginal Agriculture Labourers Population Person,Marginal Agriculture Labourers Population Male,Marginal Agriculture Labourers Population Female,Marginal Household Industries Population Person,Marginal Household Industries Population Male,Marginal Household Industries Population Female,Marginal Other Workers Population Person,Marginal Other Workers Population Male,Marginal Other Workers Population Female,Marginal Worker Population 3_6 Person,Marginal Worker Population 3_6 Male,Marginal Worker Population 3_6 Female,Marginal Cultivator Population 3_6 Person,Marginal Cultivator Population 3_6 Male,Marginal Cultivator Population 3_6 Female,Marginal Agriculture Labourers Population 3_6 Person,Marginal Agriculture Labourers Population 3_6 Male,Marginal Agriculture Labourers Population 3_6 Female,Marginal Household Industries Population 3_6 Person,Marginal Household Industries Population 3_6 Male,Marginal Household Industries Population 3-6 Female,Marginal Other Workers Population Person 3_6 Person,Marginal Other Workers Population Person 3_6 Male,Marginal Other Workers Population Person 3_6 Female,Marginal Worker Population 0_3 Person,Marginal Worker Population 0_3 Male,Marginal Worker Population 0_3_Female,Marginal Cultivator Population 0_3 Person,Marginal Cultivator Population 0_3 Male,Marginal Cultivator Population 0_3_Female,Marginal Agriculture Labourers Population 0_3 Person,Marginal Agriculture Labourers Population 0_3 Male,Marginal Agriculture Labourers Population 0_3 Female,Marginal Household Industries Population 0_3 Person,Marginal Household Industries Population 0_3 Male,Marginal Household Industries Population 0_3 Female,Marginal Other Workers Population 0_3 Person,Marginal Other Workers Population 0_3 Male,Marginal Other Workers Population 0_3 Female,Non Working Population Person,Non Working Population Male,Non Working Population Female
29,562,0041,000000,0000,000000,KARNATAKA,Dharwad,CD BLOCK,Dharwad,Total,46493,232765,119544,113221,31020,15950,15070,17557,8941,8616,15799,8001,7798,143794,82559,61235,88971,36985,51986,111461,71557,39904,99687,67310,32377,34911,26465,8446,38028,19116,18912,2182,1575,607,24566,20154,4412,11774,4247,7527,2206,680,1526,6896,1855,5041,321,158,163,2351,1554,797,10199,3538,6661,1749,483,1266,6214,1611,4603,275,137,138,1961,1307,654,1575,709,866,457,197,260,682,244,438,46,21,25,390,247,143,121304,47987,73317
29,562,0041,000000,0000,000000,KARNATAKA,Dharwad,CD BLOCK,Dharwad,Rural,46493,232765,119544,113221,31020,15950,15070,17557,8941,8616,15799,8001,7798,143794,82559,61235,88971,36985,51986,111461,71557,39904,99687,67310,32377,34911,26465,8446,38028,19116,18912,2182,1575,607,24566,20154,4412,11774,4247,7527,2206,680,1526,6896,1855,5041,321,158,163,2351,1554,797,10199,3538,6661,1749,483,1266,6214,1611,4603,275,137,138,1961,1307,654,1575,709,866,457,197,260,682,244,438,46,21,25,390,247,143,121304,47987,73317
29,562,0041,000000,0000,000000,KARNATAKA,Dharwad,CD BLOCK,Dharwad,Urban,0,0,0,0,0,0,0,0,0,0,0,0,0,0,0,0,0,0,0,0,0,0,0,0,0,0,0,0,0,0,0,0,0,0,0,0,0,0,0,0,0,0,0,0,0,0,0,0,0,0,0,0,0,0,0,0,0,0,0,0,0,0,0,0,0,0,0,0,0,0,0,0,0,0,0,0,0,0,0,0,0,0,0,0,0
29,562,0041,602198,0000,000000,KARNATAKA,Dharwad,VILLAGE,Madanabhavi,Rural,749,3690,1877,1813,488,255,233,272,139,133,173,88,85,2170,1252,918,1520,625,895,1610,1094,516,1094,928,166,594,553,41,297,209,88,56,42,14,147,124,23,516,166,350,21,9,12,448,123,325,6,4,2,41,30,11,429,102,327,17,7,10,371,66,305,4,2,2,37,27,10,87,64,23,4,2,2,77,57,20,2,2,0,4,3,1,2080,783,1297
29,562,0041,602199,0000,000000,KARNATAKA,Dharwad,VILLAGE,Hosatti,Rural,227,1346,723,623,172,96,76,31,16,15,26,13,13,812,490,322,534,233,301,661,413,248,471,350,121,178,176,2,225,112,113,0,0,0,68,62,6,190,63,127,84,23,61,92,27,65,0,0,0,14,13,1,190,63,127,84,23,61,92,27,65,0,0,0,14,13,1,0,0,0,0,0,0,0,0,0,0,0,0,0,0,0,685,310,375
29,562,0041,602200,0000,000000,KARNATAKA,Dharwad,VILLAGE,Khanapur-M-Tadakod,Rural,144,723,378,345,87,45,42,0,0,0,0,0,0,496,288,208,227,90,137,430,240,190,426,238,188,113,108,5,250,79,171,6,3,3,57,48,9,4,2,2,0,0,0,1,0,1,1,0,1,2,2,0,4,2,2,0,0,0,1,0,1,1,0,1,2,2,0,0,0,0,0,0,0,0,0,0,0,0,0,0,0,0,293,138,155
29,562,0041,602201,0000,000000,KARNATAKA,Dharwad,VILLAGE,Thimmapur-M-Tadakod,Rural,142,670,352,318,85,45,40,0,0,0,0,0,0,408,238,170,262,114,148,333,228,105,327,224,103,188,138,50,84,43,41,6,5,1,49,38,11,6,4,2,2,1,1,0,0,0,1,0,1,3,3,0,6,4,2,2,1,1,0,0,0,1,0,1,3,3,0,0,0,0,0,0,0,0,0,0,0,0,0,0,0,0,337,124,213
29,562,0041,602202,0000,000000,KARNATAKA,Dharwad,VILLAGE,Tadakod,Rural,1319,6524,3377,3147,832,426,406,546,278,268,31,16,15,3871,2241,1630,2653,1136,1517,3176,2063,1113,2882,1897,985,1141,770,371,1214,702,512,10,8,2,517,417,100,294,166,128,40,16,24,151,77,74,14,8,6,89,65,24,251,137,114,30,14,16,135,67,68,13,7,6,73,49,24,43,29,14,10,2,8,16,10,6,1,1,0,16,16,0,3348,1314,2034
29,562,0041,602203,0000,000000,KARNATAKA,Dharwad,VILLAGE,Jeeragiwad,Rural,214,923,479,444,125,66,59,67,33,34,3,2,1,581,352,229,342,127,215,470,274,196,462,272,190,151,126,25,237,88,149,22,14,8,52,44,8,8,2,6,0,0,0,6,1,5,1,1,0,1,0,1,7,1,6,0,0,0,6,1,5,0,0,0,1,0,1,1,1,0,0,0,0,0,0,0,1,1,0,0,0,0,453,205,248
29,562,0041,602204,0000,000000,KARNATAKA,Dharwad,VILLAGE,Kotabagi,Rural,538,2676,1365,1311,322,164,158,145,71,74,19,9,10,1749,1020,729,927,345,582,1200,795,405,1188,786,402,437,343,94,530,252,278,15,9,6,206,182,24,12,9,3,0,0,0,3,2,1,0,0,0,9,7,2,10,8,2,0,0,0,3,2,1,0,0,0,7,6,1,2,1,1,0,0,0,0,0,0,0,0,0,2,1,1,1476,570,906
29,562,0041,602205,0000,000000,KARNATAKA,Dharwad,VILLAGE,Kallur,Rural,590,2836,1424,1412,404,213,191,137,77,60,183,82,101,1574,896,678,1262,528,734,1524,854,670,1098,803,295,561,446,115,361,206,155,20,18,2,156,133,23,426,51,375,251,12,239,153,21,132,2,1,1,20,17,3,337,37,300,197,8,189,125,17,108,1,0,1,14,12,2,89,14,75,54,4,50,28,4,24,1,1,0,6,5,1,1312,570,742
29,562,0041,602206,0000,000000,KARNATAKA,Dharwad,VILLAGE,Lokur,Rural,611,3268,1653,1615,458,232,226,110,47,63,270,130,140,2016,1152,864,1252,501,751,1636,1022,614,1561,991,570,615,406,209,638,338,300,93,76,17,215,171,44,75,31,44,3,3,0,53,18,35,7,5,2,12,5,7,72,29,43,3,3,0,52,17,35,5,4,1,12,5,7,3,2,1,0,0,0,1,1,0,2,1,1,0,0,0,1632,631,1001
29,562,0041,602207,0000,000000,KARNATAKA,Dharwad,VILLAGE,Hangarki,Rural,445,2248,1140,1108,285,137,148,138,69,69,53,24,29,1293,770,523,955,370,585,1152,704,448,1104,696,408,487,323,164,400,193,207,2,2,0,215,178,37,48,8,40,27,2,25,18,5,13,0,0,0,3,1,2,48,8,40,27,2,25,18,5,13,0,0,0,3,1,2,0,0,0,0,0,0,0,0,0,0,0,0,0,0,0,1096,436,660
29,562,0041,602208,0000,000000,KARNATAKA,Dharwad,VILLAGE,Shedbal,Rural,45,238,133,105,29,15,14,38,17,21,0,0,0,152,98,54,86,35,51,129,84,45,127,83,44,72,43,29,33,22,11,0,0,0,22,18,4,2,1,1,0,0,0,1,1,0,0,0,0,1,0,1,2,1,1,0,0,0,1,1,0,0,0,0,1,0,1,0,0,0,0,0,0,0,0,0,0,0,0,0,0,0,109,49,60
29,562,0041,602209,0000,000000,KARNATAKA,Dharwad,VILLAGE,Mugali,Rural,253,1236,624,612,192,99,93,122,58,64,68,33,35,797,444,353,439,180,259,635,341,294,572,323,249,228,171,57,305,118,187,10,8,2,29,26,3,63,18,45,6,2,4,57,16,41,0,0,0,0,0,0,62,17,45,6,2,4,56,15,41,0,0,0,0,0,0,1,1,0,0,0,0,1,1,0,0,0,0,0,0,0,601,283,318
29,562,0041,602210,0000,000000,KARNATAKA,Dharwad,VILLAGE,Hale Tegur,Rural,245,1378,720,658,172,95,77,184,101,83,8,5,3,798,473,325,580,247,333,657,428,229,652,425,227,339,255,84,242,110,132,10,8,2,61,52,9,5,3,2,0,0,0,2,0,2,0,0,0,3,3,0,1,0,1,0,0,0,1,0,1,0,0,0,0,0,0,4,3,1,0,0,0,1,0,1,0,0,0,3,3,0,721,292,429
29,562,0041,602211,0000,000000,KARNATAKA,Dharwad,VILLAGE,Tegur,Rural,626,3010,1558,1452,375,192,183,110,50,60,214,113,101,2073,1186,887,937,372,565,1455,910,545,1133,723,410,268,202,66,336,209,127,14,12,2,515,300,215,322,187,135,50,46,4,213,111,102,0,0,0,59,30,29,304,178,126,48,44,4,199,105,94,0,0,0,57,29,28,18,9,9,2,2,0,14,6,8,0,0,0,2,1,1,1555,648,907
29,562,0041,602212,0000,000000,KARNATAKA,Dharwad,VILLAGE,Bogur,Rural,225,1099,573,526,160,79,81,174,93,81,50,30,20,603,354,249,496,219,277,630,334,296,573,310,263,251,234,17,286,47,239,2,1,1,34,28,6,57,24,33,0,0,0,53,21,32,0,0,0,4,3,1,55,23,32,0,0,0,51,20,31,0,0,0,4,3,1,2,1,1,0,0,0,2,1,1,0,0,0,0,0,0,469,239,230
29,562,0041,602213,0000,000000,KARNATAKA,Dharwad,VILLAGE,Dubbanamardi,Rural,139,594,310,284,110,65,45,43,20,23,121,65,56,290,176,114,304,134,170,344,177,167,335,177,158,58,55,3,221,74,147,12,11,1,44,37,7,9,0,9,1,0,1,8,0,8,0,0,0,0,0,0,2,0,2,0,0,0,2,0,2,0,0,0,0,0,0,7,0,7,1,0,1,6,0,6,0,0,0,0,0,0,250,133,117
29,562,0041,602214,0000,000000,KARNATAKA,Dharwad,VILLAGE,Agasanahalli,Rural,37,168,84,84,29,11,18,0,0,0,19,8,11,74,43,31,94,41,53,91,51,40,86,48,38,9,9,0,68,31,37,0,0,0,9,8,1,5,3,2,0,0,0,4,3,1,0,0,0,1,0,1,5,3,2,0,0,0,4,3,1,0,0,0,1,0,1,0,0,0,0,0,0,0,0,0,0,0,0,0,0,0,77,33,44
29,562,0041,602215,0000,000000,KARNATAKA,Dharwad,VILLAGE,Garag,Rural,2152,10528,5388,5140,1281,677,604,612,314,298,578,298,280,6929,3817,3112,3599,1571,2028,4575,3217,1358,4114,3029,1085,1070,860,210,1326,764,562,82,60,22,1636,1345,291,461,188,273,55,15,40,277,78,199,3,2,1,126,93,33,394,164,230,35,9,26,246,70,176,2,2,0,111,83,28,67,24,43,20,6,14,31,8,23,1,0,1,15,10,5,5953,2171,3782
29,562,0041,602216,0000,000000,KARNATAKA,Dharwad,VILLAGE,Kurabagatti,Rural,430,2423,1285,1138,331,176,155,168,94,74,426,225,201,1522,928,594,901,357,544,1414,767,647,1076,741,335,452,440,12,540,229,311,10,10,0,74,62,12,338,26,312,105,16,89,228,8,220,0,0,0,5,2,3,338,26,312,105,16,89,228,8,220,0,0,0,5,2,3,0,0,0,0,0,0,0,0,0,0,0,0,0,0,0,1009,518,491
29,562,0041,602217,0000,000000,KARNATAKA,Dharwad,VILLAGE,Shibaragatti,Rural,346,1986,1003,983,282,135,147,156,77,79,163,81,82,1156,651,505,830,352,478,919,569,350,669,525,144,324,303,21,183,76,107,1,1,0,161,145,16,250,44,206,65,15,50,175,23,152,0,0,0,10,6,4,250,44,206,65,15,50,175,23,152,0,0,0,10,6,4,0,0,0,0,0,0,0,0,0,0,0,0,0,0,0,1067,434,633
29,562,0041,602218,0000,000000,KARNATAKA,Dharwad,VILLAGE,Yadwad,Rural,697,3439,1780,1659,454,238,216,170,90,80,440,218,222,2372,1351,1021,1067,429,638,1679,1092,587,1619,1051,568,774,571,203,623,311,312,16,14,2,206,155,51,60,41,19,2,2,0,26,12,14,10,10,0,22,17,5,48,35,13,2,2,0,20,11,9,10,10,0,16,12,4,12,6,6,0,0,0,6,1,5,0,0,0,6,5,1,1760,688,1072
29,562,0041,602219,0000,000000,KARNATAKA,Dharwad,VILLAGE,Mulamuttal,Rural,433,2081,1065,1016,264,131,133,248,127,121,209,104,105,1266,744,522,815,321,494,1007,683,324,952,647,305,192,185,7,573,318,255,19,16,3,168,128,40,55,36,19,10,9,1,18,8,10,2,2,0,25,17,8,54,36,18,10,9,1,18,8,10,2,2,0,24,17,7,1,0,1,0,0,0,0,0,0,0,0,0,1,0,1,1074,382,692
29,562,0041,602220,0000,000000,KARNATAKA,Dharwad,VILLAGE,Mangalagatti,Rural,465,1972,1014,958,261,138,123,149,72,77,239,122,117,1271,728,543,701,286,415,924,587,337,824,565,259,267,196,71,315,165,150,40,30,10,202,174,28,100,22,78,17,2,15,49,6,43,27,11,16,7,3,4,98,21,77,16,2,14,48,5,43,27,11,16,7,3,4,2,1,1,1,0,1,1,1,0,0,0,0,0,0,0,1048,427,621
29,562,0041,602221,0000,000000,KARNATAKA,Dharwad,VILLAGE,Neeralakatti,Rural,352,1964,1178,786,244,129,115,256,138,118,85,43,42,1358,929,429,606,249,357,733,482,251,680,451,229,213,168,45,283,139,144,60,30,30,124,114,10,53,31,22,0,0,0,2,1,1,0,0,0,51,30,21,53,31,22,0,0,0,2,1,1,0,0,0,51,30,21,0,0,0,0,0,0,0,0,0,0,0,0,0,0,0,1231,696,535
29,562,0041,602222,0000,000000,KARNATAKA,Dharwad,VILLAGE,Kummanayakanakoppa,Rural,23,89,47,42,14,8,6,0,0,0,0,0,0,48,25,23,41,22,19,41,30,11,40,29,11,30,24,6,8,4,4,0,0,0,2,1,1,1,1,0,0,0,0,0,0,0,0,0,0,1,1,0,1,1,0,0,0,0,0,0,0,0,0,0,1,1,0,0,0,0,0,0,0,0,0,0,0,0,0,0,0,0,48,17,31
29,562,0041,602223,0000,000000,KARNATAKA,Dharwad,VILLAGE,Shinganahalli,Rural,744,3284,1654,1630,481,237,244,133,64,69,31,10,21,1607,936,671,1677,718,959,1408,981,427,1302,954,348,420,332,88,520,311,209,18,13,5,344,298,46,106,27,79,30,10,20,63,12,51,1,1,0,12,4,8,99,27,72,30,10,20,57,12,45,1,1,0,11,4,7,7,0,7,0,0,0,6,0,6,0,0,0,1,0,1,1876,673,1203
29,562,0041,602224,0000,000000,KARNATAKA,Dharwad,VILLAGE,Venkatapur,Rural,342,1588,815,773,307,155,152,623,307,316,6,4,2,892,542,350,696,273,423,508,396,112,358,330,28,150,144,6,133,119,14,1,1,0,74,66,8,150,66,84,3,1,2,87,46,41,3,2,1,57,17,40,146,62,84,3,1,2,86,45,41,3,2,1,54,14,40,4,4,0,0,0,0,1,1,0,0,0,0,3,3,0,1080,419,661
29,562,0041,602225,0000,000000,KARNATAKA,Dharwad,VILLAGE,Guledakoppa,Rural,414,1844,963,881,229,116,113,36,19,17,87,47,40,1204,725,479,640,238,402,845,556,289,805,528,277,237,190,47,369,164,205,6,4,2,193,170,23,40,28,12,1,1,0,18,9,9,6,5,1,15,13,2,38,27,11,1,1,0,18,9,9,6,5,1,13,12,1,2,1,1,0,0,0,0,0,0,0,0,0,2,1,1,999,407,592
29,562,0041,602226,0000,000000,KARNATAKA,Dharwad,VILLAGE,Kotur,Rural,1025,4790,2453,2337,650,338,312,102,57,45,152,82,70,2914,1655,1259,1876,798,1078,1817,1418,399,1493,1180,313,351,310,41,335,169,166,3,3,0,804,698,106,324,238,86,13,5,8,207,159,48,5,3,2,99,71,28,289,217,72,11,5,6,200,157,43,5,3,2,73,52,21,35,21,14,2,0,2,7,2,5,0,0,0,26,19,7,2973,1035,1938
29,562,0041,602227,0000,000000,KARNATAKA,Dharwad,VILLAGE,Belur,Rural,829,3567,1821,1746,559,286,273,511,257,254,564,289,275,2213,1239,974,1354,582,772,1443,1122,321,1422,1116,306,197,189,8,303,181,122,23,16,7,899,730,169,21,6,15,2,0,2,8,2,6,0,0,0,11,4,7,20,6,14,1,0,1,8,2,6,0,0,0,11,4,7,1,0,1,1,0,1,0,0,0,0,0,0,0,0,0,2124,699,1425
29,562,0041,602228,0000,000000,KARNATAKA,Dharwad,VILLAGE,Devagiri-M-Narendra,Rural,527,2439,1220,1219,355,172,183,216,107,109,143,72,71,1388,776,612,1051,444,607,1075,742,333,990,712,278,165,145,20,362,193,169,32,14,18,431,360,71,85,30,55,4,0,4,60,15,45,0,0,0,21,15,6,77,29,48,3,0,3,58,15,43,0,0,0,16,14,2,8,1,7,1,0,1,2,0,2,0,0,0,5,1,4,1364,478,886
29,562,0041,602229,0000,000000,KARNATAKA,Dharwad,VILLAGE,Lakamapur,Rural,396,2123,1084,1039,293,142,151,109,64,45,156,76,80,1178,705,473,945,379,566,1136,685,451,1111,674,437,286,226,60,610,269,341,2,2,0,213,177,36,25,11,14,3,3,0,3,0,3,0,0,0,19,8,11,23,11,12,3,3,0,2,0,2,0,0,0,18,8,10,2,0,2,0,0,0,1,0,1,0,0,0,1,0,1,987,399,588
29,562,0041,602230,0000,000000,KARNATAKA,Dharwad,VILLAGE,Dasanakoppa,Rural,35,238,121,117,21,12,9,0,0,0,38,20,18,172,94,78,66,27,39,104,65,39,102,64,38,68,42,26,10,6,4,0,0,0,24,16,8,2,1,1,0,0,0,0,0,0,0,0,0,2,1,1,2,1,1,0,0,0,0,0,0,0,0,0,2,1,1,0,0,0,0,0,0,0,0,0,0,0,0,0,0,0,134,56,78
29,562,0041,602231,0000,000000,KARNATAKA,Dharwad,VILLAGE,Narendra,Rural,971,5276,2688,2588,686,379,307,28,12,16,163,79,84,3242,1797,1445,2034,891,1143,2039,1556,483,1940,1489,451,771,638,133,458,256,202,64,58,6,647,537,110,99,67,32,8,3,5,40,22,18,3,2,1,48,40,8,97,65,32,8,3,5,40,22,18,3,2,1,46,38,8,2,2,0,0,0,0,0,0,0,0,0,0,2,2,0,3237,1132,2105
29,562,0041,602232,0000,000000,KARNATAKA,Dharwad,VILLAGE,Heggeri,Rural,105,478,233,245,84,43,41,10,4,6,151,75,76,262,136,126,216,97,119,213,139,74,184,124,60,30,21,9,78,47,31,2,1,1,74,55,19,29,15,14,6,4,2,14,5,9,1,1,0,8,5,3,27,14,13,5,4,1,14,5,9,1,1,0,7,4,3,2,1,1,1,0,1,0,0,0,0,0,0,1,1,0,265,94,171
29,562,0041,602233,0000,000000,KARNATAKA,Dharwad,VILLAGE,Kumbapur-M-Narendra,Rural,336,1481,782,699,188,101,87,48,27,21,58,30,28,1079,618,461,402,164,238,637,440,197,607,426,181,70,40,30,112,60,52,22,18,4,403,308,95,30,14,16,2,0,2,14,7,7,2,0,2,12,7,5,23,11,12,2,0,2,14,7,7,1,0,1,6,4,2,7,3,4,0,0,0,0,0,0,1,0,1,6,3,3,844,342,502
29,562,0041,602234,0000,000000,KARNATAKA,Dharwad,VILLAGE,Govanakoppa-M-Narendra,Rural,0,0,0,0,0,0,0,0,0,0,0,0,0,0,0,0,0,0,0,0,0,0,0,0,0,0,0,0,0,0,0,0,0,0,0,0,0,0,0,0,0,0,0,0,0,0,0,0,0,0,0,0,0,0,0,0,0,0,0,0,0,0,0,0,0,0,0,0,0,0,0,0,0,0,0,0,0,0,0,0,0,0,0,0,0
29,562,0041,602235,0000,000000,KARNATAKA,Dharwad,VILLAGE,Khanapur-M-Narendra,Rural,130,676,351,325,87,47,40,115,55,60,0,0,0,416,240,176,260,111,149,265,200,65,143,118,25,80,69,11,28,17,11,1,1,0,34,31,3,122,82,40,0,0,0,47,25,22,3,3,0,72,54,18,101,68,33,0,0,0,44,23,21,3,3,0,54,42,12,21,14,7,0,0,0,3,2,1,0,0,0,18,12,6,411,151,260
29,562,0041,602236,0000,000000,KARNATAKA,Dharwad,VILLAGE,Hulikeri,Rural,323,1505,792,713,183,97,86,101,46,55,0,0,0,941,552,389,564,240,324,682,456,226,670,452,218,151,134,17,456,261,195,3,3,0,60,54,6,12,4,8,0,0,0,7,0,7,1,1,0,4,3,1,10,3,7,0,0,0,7,0,7,0,0,0,3,3,0,2,1,1,0,0,0,0,0,0,1,1,0,1,0,1,823,336,487
29,562,0041,602237,0000,000000,KARNATAKA,Dharwad,VILLAGE,Kadabagatti,Rural,379,1820,929,891,225,113,112,221,110,111,8,4,4,1073,617,456,747,312,435,966,578,388,889,552,337,148,141,7,584,279,305,34,30,4,123,102,21,77,26,51,9,6,3,55,13,42,4,3,1,9,4,5,67,24,43,6,4,2,51,13,38,4,3,1,6,4,2,10,2,8,3,2,1,4,0,4,0,0,0,3,0,3,854,351,503
29,562,0041,602238,0000,000000,KARNATAKA,Dharwad,VILLAGE,Hindasgeri,Rural,270,1462,747,715,200,110,90,15,7,8,380,187,193,735,427,308,727,320,407,803,487,316,792,479,313,152,138,14,573,280,293,0,0,0,67,61,6,11,8,3,1,1,0,3,0,3,6,6,0,1,1,0,8,6,2,0,0,0,2,0,2,5,5,0,1,1,0,3,2,1,1,1,0,1,0,1,1,1,0,0,0,0,659,260,399
29,562,0041,602239,0000,000000,KARNATAKA,Dharwad,VILLAGE,Balageri,Rural,1,4,3,1,0,0,0,0,0,0,0,0,0,0,0,0,4,3,1,4,3,1,4,3,1,1,1,0,3,2,1,0,0,0,0,0,0,0,0,0,0,0,0,0,0,0,0,0,0,0,0,0,0,0,0,0,0,0,0,0,0,0,0,0,0,0,0,0,0,0,0,0,0,0,0,0,0,0,0,0,0,0,0,0,0
29,562,0041,602240,0000,000000,KARNATAKA,Dharwad,VILLAGE,Kogilageri,Rural,272,1371,690,681,184,99,85,124,62,62,27,17,10,819,448,371,552,242,310,807,442,365,794,436,358,300,211,89,248,124,124,14,12,2,232,89,143,13,6,7,1,1,0,2,0,2,0,0,0,10,5,5,13,6,7,1,1,0,2,0,2,0,0,0,10,5,5,0,0,0,0,0,0,0,0,0,0,0,0,0,0,0,564,248,316
29,562,0041,602241,0000,000000,KARNATAKA,Dharwad,VILLAGE,Kumbarkoppa,Rural,430,2073,1053,1020,301,150,151,416,210,206,46,22,24,1122,649,473,951,404,547,1082,665,417,830,580,250,197,184,13,487,278,209,36,30,6,110,88,22,252,85,167,4,2,2,223,66,157,4,3,1,21,14,7,252,85,167,4,2,2,223,66,157,4,3,1,21,14,7,0,0,0,0,0,0,0,0,0,0,0,0,0,0,0,991,388,603
29,562,0041,602242,0000,000000,KARNATAKA,Dharwad,VILLAGE,Durgadakeri,Rural,203,951,480,471,143,60,83,24,14,10,18,8,10,681,388,293,270,92,178,590,316,274,558,307,251,215,190,25,305,92,213,14,8,6,24,17,7,32,9,23,5,1,4,23,6,17,0,0,0,4,2,2,28,8,20,3,1,2,21,5,16,0,0,0,4,2,2,4,1,3,2,0,2,2,1,1,0,0,0,0,0,0,361,164,197
29,562,0041,602243,0000,000000,KARNATAKA,Dharwad,VILLAGE,Kallapur,Rural,267,1209,639,570,147,67,80,73,37,36,127,61,66,776,470,306,433,169,264,708,394,314,661,368,293,214,136,78,385,187,198,4,3,1,58,42,16,47,26,21,31,18,13,13,6,7,0,0,0,3,2,1,39,19,20,25,13,12,11,4,7,0,0,0,3,2,1,8,7,1,6,5,1,2,2,0,0,0,0,0,0,0,501,245,256
29,562,0041,602244,0000,000000,KARNATAKA,Dharwad,VILLAGE,Hosawal,Rural,95,489,266,223,82,46,36,6,4,2,0,0,0,241,156,85,248,110,138,242,132,110,240,131,109,238,131,107,0,0,0,1,0,1,1,0,1,2,1,1,2,1,1,0,0,0,0,0,0,0,0,0,2,1,1,2,1,1,0,0,0,0,0,0,0,0,0,0,0,0,0,0,0,0,0,0,0,0,0,0,0,0,247,134,113
29,562,0041,602245,0000,000000,KARNATAKA,Dharwad,VILLAGE,Veerapur,Rural,207,962,495,467,125,56,69,20,11,9,92,44,48,565,347,218,397,148,249,601,358,243,493,299,194,279,163,116,134,72,62,0,0,0,80,64,16,108,59,49,82,52,30,19,6,13,0,0,0,7,1,6,62,34,28,50,31,19,8,2,6,0,0,0,4,1,3,46,25,21,32,21,11,11,4,7,0,0,0,3,0,3,361,137,224
29,562,0041,602246,0000,000000,KARNATAKA,Dharwad,VILLAGE,Ramapur,Rural,362,1777,933,844,249,123,126,26,15,11,274,149,125,971,592,379,806,341,465,958,592,366,903,568,335,497,343,154,289,134,155,35,19,16,82,72,10,55,24,31,28,8,20,15,9,6,7,3,4,5,4,1,53,22,31,27,7,20,14,8,6,7,3,4,5,4,1,2,2,0,1,1,0,1,1,0,0,0,0,0,0,0,819,341,478
29,562,0041,602247,0000,000000,KARNATAKA,Dharwad,VILLAGE,Kumbarganvi,Rural,432,2110,1069,1041,319,167,152,53,29,24,529,270,259,1168,663,505,942,406,536,879,598,281,861,589,272,258,193,65,459,300,159,0,0,0,144,96,48,18,9,9,2,2,0,6,3,3,1,1,0,9,3,6,17,8,9,2,2,0,6,3,3,0,0,0,9,3,6,1,1,0,0,0,0,0,0,0,1,1,0,0,0,0,1231,471,760
29,562,0041,602248,0000,000000,KARNATAKA,Dharwad,VILLAGE,Aravatagi,Rural,240,1064,527,537,128,59,69,66,34,32,221,118,103,601,347,254,463,180,283,462,300,162,422,279,143,115,86,29,164,87,77,42,28,14,101,78,23,40,21,19,5,4,1,23,9,14,5,3,2,7,5,2,36,19,17,5,4,1,22,9,13,4,3,1,5,3,2,4,2,2,0,0,0,1,0,1,1,0,1,2,2,0,602,227,375
29,562,0041,602249,0000,000000,KARNATAKA,Dharwad,VILLAGE,Amboli,Rural,190,956,493,463,116,46,70,54,28,26,20,8,12,535,317,218,421,176,245,544,334,210,541,331,210,114,70,44,389,232,157,0,0,0,38,29,9,3,3,0,0,0,0,3,3,0,0,0,0,0,0,0,3,3,0,0,0,0,3,3,0,0,0,0,0,0,0,0,0,0,0,0,0,0,0,0,0,0,0,0,0,0,412,159,253
29,562,0041,602250,0000,000000,KARNATAKA,Dharwad,VILLAGE,Dori,Rural,308,1523,754,769,207,99,108,208,112,96,75,32,43,852,474,378,671,280,391,729,465,264,729,465,264,293,199,94,356,198,158,0,0,0,80,68,12,0,0,0,0,0,0,0,0,0,0,0,0,0,0,0,0,0,0,0,0,0,0,0,0,0,0,0,0,0,0,0,0,0,0,0,0,0,0,0,0,0,0,0,0,0,794,289,505
29,562,0041,602251,0000,000000,KARNATAKA,Dharwad,VILLAGE,Benachi,Rural,382,1982,1041,941,267,143,124,176,94,82,27,16,11,1210,708,502,772,333,439,1038,649,389,997,635,362,393,319,74,486,212,274,14,11,3,104,93,11,41,14,27,4,1,3,34,12,22,1,1,0,2,0,2,40,13,27,4,1,3,34,12,22,0,0,0,2,0,2,1,1,0,0,0,0,0,0,0,1,1,0,0,0,0,944,392,552
29,562,0041,602252,0000,000000,KARNATAKA,Dharwad,VILLAGE,Honnapur ,Rural,582,2546,1298,1248,351,186,165,287,148,139,437,219,218,1435,849,586,1111,449,662,1233,748,485,1131,740,391,344,305,39,536,238,298,15,10,5,236,187,49,102,8,94,2,0,2,88,3,85,4,0,4,8,5,3,100,8,92,2,0,2,86,3,83,4,0,4,8,5,3,2,0,2,0,0,0,2,0,2,0,0,0,0,0,0,1313,550,763
29,562,0041,602253,0000,000000,KARNATAKA,Dharwad,VILLAGE,Waravanagalavi,Rural,272,1303,667,636,216,117,99,332,179,153,310,154,156,718,396,322,585,271,314,580,366,214,556,354,202,117,82,35,210,88,122,4,2,2,225,182,43,24,12,12,2,0,2,9,4,5,1,0,1,12,8,4,14,6,8,2,0,2,4,1,3,0,0,0,8,5,3,10,6,4,0,0,0,5,3,2,1,0,1,4,3,1,723,301,422
29,562,0041,602254,0000,000000,KARNATAKA,Dharwad,VILLAGE,Daddikamalapur,Rural,113,634,352,282,95,50,45,0,0,0,2,1,1,368,223,145,266,129,137,295,216,79,295,216,79,47,33,14,81,39,42,1,1,0,166,143,23,0,0,0,0,0,0,0,0,0,0,0,0,0,0,0,0,0,0,0,0,0,0,0,0,0,0,0,0,0,0,0,0,0,0,0,0,0,0,0,0,0,0,0,0,0,339,136,203
29,562,0041,602255,0000,000000,KARNATAKA,Dharwad,VILLAGE,Mandihal,Rural,309,1490,792,698,231,134,97,142,79,63,135,71,64,789,486,303,701,306,395,988,519,469,286,181,105,144,90,54,54,19,35,11,11,0,77,61,16,702,338,364,83,50,33,485,198,287,11,5,6,123,85,38,606,293,313,77,47,30,415,167,248,10,5,5,104,74,30,96,45,51,6,3,3,70,31,39,1,0,1,19,11,8,502,273,229
29,562,0041,602256,0000,000000,KARNATAKA,Dharwad,VILLAGE,Mugad,Rural,1027,5085,2630,2455,649,341,308,1018,514,504,141,77,64,3143,1816,1327,1942,814,1128,2680,1649,1031,2347,1504,843,884,618,266,651,265,386,172,117,55,640,504,136,333,145,188,19,10,9,206,56,150,3,2,1,105,77,28,307,132,175,18,9,9,203,55,148,3,2,1,83,66,17,26,13,13,1,1,0,3,1,2,0,0,0,22,11,11,2405,981,1424
29,562,0041,602257,0000,000000,KARNATAKA,Dharwad,VILLAGE,Kalakeri,Rural,421,2544,1329,1215,381,192,189,172,88,84,114,57,57,1372,818,554,1172,511,661,1080,675,405,1061,665,396,461,261,200,322,179,143,11,10,1,267,215,52,19,10,9,2,1,1,5,2,3,1,1,0,11,6,5,9,5,4,2,1,1,3,2,1,0,0,0,4,2,2,10,5,5,0,0,0,2,0,2,1,1,0,7,4,3,1464,654,810
29,562,0041,602258,0000,000000,KARNATAKA,Dharwad,VILLAGE,Mavinakoppa,Rural,150,546,280,266,59,35,24,74,34,40,36,21,15,381,210,171,165,70,95,366,185,181,361,184,177,66,40,26,272,124,148,0,0,0,23,20,3,5,1,4,0,0,0,2,0,2,1,1,0,2,0,2,4,1,3,0,0,0,2,0,2,1,1,0,1,0,1,1,0,1,0,0,0,0,0,0,0,0,0,1,0,1,180,95,85
29,562,0041,602259,0000,000000,KARNATAKA,Dharwad,VILLAGE,Holtikoti,Rural,356,1786,929,857,308,161,147,20,8,12,117,68,49,822,496,326,964,433,531,965,541,424,944,534,410,212,123,89,601,305,296,11,10,1,120,96,24,21,7,14,8,2,6,9,3,6,1,0,1,3,2,1,15,5,10,8,2,6,3,1,2,1,0,1,3,2,1,6,2,4,0,0,0,6,2,4,0,0,0,0,0,0,821,388,433
29,562,0041,602260,0000,000000,KARNATAKA,Dharwad,VILLAGE,Devagiri-M-Kyarkoppa,Rural,139,767,393,374,116,62,54,61,31,30,0,0,0,622,324,298,145,69,76,415,228,187,411,226,185,341,177,164,19,9,10,0,0,0,51,40,11,4,2,2,1,0,1,1,0,1,0,0,0,2,2,0,4,2,2,1,0,1,1,0,1,0,0,0,2,2,0,0,0,0,0,0,0,0,0,0,0,0,0,0,0,0,352,165,187
29,562,0041,602261,0000,000000,KARNATAKA,Dharwad,VILLAGE,Kyarkoppa,Rural,590,2869,1474,1395,417,223,194,176,99,77,204,99,105,1785,1019,766,1084,455,629,1386,888,498,1262,862,400,262,188,74,426,217,209,3,3,0,571,454,117,124,26,98,31,1,30,62,14,48,0,0,0,31,11,20,93,18,75,23,1,22,45,10,35,0,0,0,25,7,18,31,8,23,8,0,8,17,4,13,0,0,0,6,4,2,1483,586,897
29,562,0041,602262,0000,000000,KARNATAKA,Dharwad,VILLAGE,Lalagatti,Rural,87,481,253,228,67,40,27,40,23,17,25,14,11,312,190,122,169,63,106,236,133,103,228,132,96,58,54,4,122,36,86,5,5,0,43,37,6,8,1,7,0,0,0,6,0,6,0,0,0,2,1,1,8,1,7,0,0,0,6,0,6,0,0,0,2,1,1,0,0,0,0,0,0,0,0,0,0,0,0,0,0,0,245,120,125
29,562,0041,602263,0000,000000,KARNATAKA,Dharwad,VILLAGE,Narayanadevarakoppa,Rural,0,0,0,0,0,0,0,0,0,0,0,0,0,0,0,0,0,0,0,0,0,0,0,0,0,0,0,0,0,0,0,0,0,0,0,0,0,0,0,0,0,0,0,0,0,0,0,0,0,0,0,0,0,0,0,0,0,0,0,0,0,0,0,0,0,0,0,0,0,0,0,0,0,0,0,0,0,0,0,0,0,0,0,0,0
29,562,0041,602264,0000,000000,KARNATAKA,Dharwad,VILLAGE,Bommarsikoppa,Rural,10,54,25,29,9,4,5,0,0,0,0,0,0,34,17,17,20,8,12,27,15,12,27,15,12,9,9,0,14,3,11,0,0,0,4,3,1,0,0,0,0,0,0,0,0,0,0,0,0,0,0,0,0,0,0,0,0,0,0,0,0,0,0,0,0,0,0,0,0,0,0,0,0,0,0,0,0,0,0,0,0,0,27,10,17
29,562,0041,602265,0000,000000,KARNATAKA,Dharwad,VILLAGE,Murakatti,Rural,218,1046,541,505,159,80,79,30,16,14,223,120,103,669,380,289,377,161,216,566,329,237,451,317,134,218,168,50,152,87,65,6,1,5,75,61,14,115,12,103,3,0,3,107,10,97,0,0,0,5,2,3,113,11,102,3,0,3,106,10,96,0,0,0,4,1,3,2,1,1,0,0,0,1,0,1,0,0,0,1,1,0,480,212,268
29,562,0041,602266,0000,000000,KARNATAKA,Dharwad,VILLAGE,Devarhubli,Rural,416,2324,1187,1137,334,157,177,141,72,69,165,80,85,1544,882,662,780,305,475,1254,774,480,1001,675,326,461,331,130,274,125,149,66,37,29,200,182,18,253,99,154,55,27,28,100,25,75,36,5,31,62,42,20,217,80,137,41,18,23,79,16,63,36,5,31,61,41,20,36,19,17,14,9,5,21,9,12,0,0,0,1,1,0,1070,413,657
29,562,0041,602267,0000,000000,KARNATAKA,Dharwad,VILLAGE,Halligeri,Rural,325,1784,885,899,312,148,164,211,107,104,168,83,85,1078,621,457,706,264,442,990,508,482,679,459,220,204,196,8,337,142,195,15,15,0,123,106,17,311,49,262,70,5,65,197,6,191,2,1,1,42,37,5,308,47,261,69,4,65,196,6,190,2,1,1,41,36,5,3,2,1,1,1,0,1,0,1,0,0,0,1,1,0,794,377,417
29,562,0041,602268,0000,000000,KARNATAKA,Dharwad,VILLAGE,Ambalikoppa,Rural,215,1081,552,529,171,84,87,92,46,46,110,58,52,636,365,271,445,187,258,586,348,238,565,341,224,250,190,60,251,105,146,4,4,0,60,42,18,21,7,14,16,3,13,0,0,0,2,1,1,3,3,0,17,6,11,12,2,10,0,0,0,2,1,1,3,3,0,4,1,3,4,1,3,0,0,0,0,0,0,0,0,0,495,204,291
29,562,0041,602269,0000,000000,KARNATAKA,Dharwad,VILLAGE,Mummigatti,Rural,943,4731,2371,2360,682,336,346,743,359,384,773,391,382,3074,1713,1361,1657,658,999,1855,1398,457,1698,1347,351,388,321,67,360,222,138,31,22,9,919,782,137,157,51,106,8,2,6,62,12,50,5,3,2,82,34,48,145,46,99,7,2,5,59,10,49,4,2,2,75,32,43,12,5,7,1,0,1,3,2,1,1,1,0,7,2,5,2876,973,1903
29,562,0041,602270,0000,000000,KARNATAKA,Dharwad,VILLAGE,Chikkamalligwad,Rural,441,2389,1237,1152,351,190,161,150,76,74,263,124,139,1451,831,620,938,406,532,1080,729,351,965,687,278,317,258,59,357,202,155,33,22,11,258,205,53,115,42,73,42,17,25,42,12,30,7,5,2,24,8,16,76,29,47,29,11,18,29,7,22,6,5,1,12,6,6,39,13,26,13,6,7,13,5,8,1,0,1,12,2,10,1309,508,801
29,562,0041,602271,0000,000000,KARNATAKA,Dharwad,VILLAGE,Hiremalligawad,Rural,249,1236,621,615,162,85,77,68,36,32,156,79,77,799,447,352,437,174,263,521,370,151,517,370,147,120,113,7,117,51,66,8,8,0,272,198,74,4,0,4,2,0,2,2,0,2,0,0,0,0,0,0,4,0,4,2,0,2,2,0,2,0,0,0,0,0,0,0,0,0,0,0,0,0,0,0,0,0,0,0,0,0,715,251,464
29,562,0041,602272,0000,000000,KARNATAKA,Dharwad,VILLAGE,Kelgeri,Rural,153,1083,611,472,74,31,43,98,50,48,79,39,40,879,524,355,204,87,117,273,187,86,273,187,86,48,39,9,139,82,57,0,0,0,86,66,20,0,0,0,0,0,0,0,0,0,0,0,0,0,0,0,0,0,0,0,0,0,0,0,0,0,0,0,0,0,0,0,0,0,0,0,0,0,0,0,0,0,0,0,0,0,810,424,386
29,562,0041,602273,0000,000000,KARNATAKA,Dharwad,VILLAGE,Kamalapur,Rural,0,0,0,0,0,0,0,0,0,0,0,0,0,0,0,0,0,0,0,0,0,0,0,0,0,0,0,0,0,0,0,0,0,0,0,0,0,0,0,0,0,0,0,0,0,0,0,0,0,0,0,0,0,0,0,0,0,0,0,0,0,0,0,0,0,0,0,0,0,0,0,0,0,0,0,0,0,0,0,0,0,0,0,0,0
29,562,0041,602274,0000,000000,KARNATAKA,Dharwad,VILLAGE,Dharwad (Rural),Rural,94,407,206,201,39,20,19,27,16,11,1,0,1,340,183,157,67,23,44,138,107,31,137,107,30,23,12,11,0,0,0,0,0,0,114,95,19,1,0,1,0,0,0,0,0,0,0,0,0,1,0,1,1,0,1,0,0,0,0,0,0,0,0,0,1,0,1,0,0,0,0,0,0,0,0,0,0,0,0,0,0,0,269,99,170
29,562,0041,602275,0000,000000,KARNATAKA,Dharwad,VILLAGE,Lakamanahalli,Rural,0,0,0,0,0,0,0,0,0,0,0,0,0,0,0,0,0,0,0,0,0,0,0,0,0,0,0,0,0,0,0,0,0,0,0,0,0,0,0,0,0,0,0,0,0,0,0,0,0,0,0,0,0,0,0,0,0,0,0,0,0,0,0,0,0,0,0,0,0,0,0,0,0,0,0,0,0,0,0,0,0,0,0,0,0
29,562,0041,602276,0000,000000,KARNATAKA,Dharwad,VILLAGE,Navalur,Rural,0,0,0,0,0,0,0,0,0,0,0,0,0,0,0,0,0,0,0,0,0,0,0,0,0,0,0,0,0,0,0,0,0,0,0,0,0,0,0,0,0,0,0,0,0,0,0,0,0,0,0,0,0,0,0,0,0,0,0,0,0,0,0,0,0,0,0,0,0,0,0,0,0,0,0,0,0,0,0,0,0,0,0,0,0
29,562,0041,602277,0000,000000,KARNATAKA,Dharwad,VILLAGE,Rayapur,Rural,0,0,0,0,0,0,0,0,0,0,0,0,0,0,0,0,0,0,0,0,0,0,0,0,0,0,0,0,0,0,0,0,0,0,0,0,0,0,0,0,0,0,0,0,0,0,0,0,0,0,0,0,0,0,0,0,0,0,0,0,0,0,0,0,0,0,0,0,0,0,0,0,0,0,0,0,0,0,0,0,0,0,0,0,0
29,562,0041,602278,0000,000000,KARNATAKA,Dharwad,VILLAGE,Salakinkoppa,Rural,268,1433,728,705,177,97,80,88,42,46,487,241,246,887,511,376,546,217,329,550,413,137,549,413,136,75,72,3,177,150,27,1,1,0,296,190,106,1,0,1,0,0,0,0,0,0,0,0,0,1,0,1,1,0,1,0,0,0,0,0,0,0,0,0,1,0,1,0,0,0,0,0,0,0,0,0,0,0,0,0,0,0,883,315,568
29,562,0041,602279,0000,000000,KARNATAKA,Dharwad,VILLAGE,Baad,Rural,389,2061,1047,1014,278,128,150,67,35,32,456,239,217,1366,769,597,695,278,417,884,629,255,820,592,228,279,220,59,344,200,144,5,5,0,192,167,25,64,37,27,5,3,2,20,4,16,0,0,0,39,30,9,53,31,22,4,2,2,15,4,11,0,0,0,34,25,9,11,6,5,1,1,0,5,0,5,0,0,0,5,5,0,1177,418,759
29,562,0041,602280,0000,000000,KARNATAKA,Dharwad,VILLAGE,Mallur ,Rural,12,56,33,23,7,5,2,0,0,0,11,7,4,26,16,10,30,17,13,29,22,7,29,22,7,15,14,1,13,7,6,0,0,0,1,1,0,0,0,0,0,0,0,0,0,0,0,0,0,0,0,0,0,0,0,0,0,0,0,0,0,0,0,0,0,0,0,0,0,0,0,0,0,0,0,0,0,0,0,0,0,0,27,11,16
29,562,0041,602281,0000,000000,KARNATAKA,Dharwad,VILLAGE,Nigadi,Rural,479,2295,1193,1102,299,169,130,95,47,48,6,5,1,1514,862,652,781,331,450,856,655,201,745,597,148,333,304,29,184,95,89,31,27,4,197,171,26,111,58,53,10,4,6,48,13,35,10,6,4,43,35,8,104,52,52,9,3,6,47,12,35,10,6,4,38,31,7,7,6,1,1,1,0,1,1,0,0,0,0,5,4,1,1439,538,901
29,562,0041,602282,0000,000000,KARNATAKA,Dharwad,VILLAGE,Benkankatti,Rural,259,1580,814,766,234,125,109,107,59,48,14,6,8,982,552,430,598,262,336,714,460,254,673,443,230,269,220,49,219,83,136,6,5,1,179,135,44,41,17,24,3,0,3,9,0,9,1,1,0,28,16,12,39,16,23,3,0,3,8,0,8,1,1,0,27,15,12,2,1,1,0,0,0,1,0,1,0,0,0,1,1,0,866,354,512
29,562,0041,602283,0000,000000,KARNATAKA,Dharwad,VILLAGE,Mansur,Rural,572,2808,1416,1392,401,183,218,120,61,59,396,188,208,1702,975,727,1106,441,665,1382,833,549,1216,806,410,498,354,144,352,172,180,107,70,37,259,210,49,166,27,139,9,0,9,126,9,117,1,1,0,30,17,13,151,26,125,8,0,8,118,9,109,1,1,0,24,16,8,15,1,14,1,0,1,8,0,8,0,0,0,6,1,5,1426,583,843
29,562,0041,602284,0000,000000,KARNATAKA,Dharwad,VILLAGE,Nuggikeri,Rural,0,0,0,0,0,0,0,0,0,0,0,0,0,0,0,0,0,0,0,0,0,0,0,0,0,0,0,0,0,0,0,0,0,0,0,0,0,0,0,0,0,0,0,0,0,0,0,0,0,0,0,0,0,0,0,0,0,0,0,0,0,0,0,0,0,0,0,0,0,0,0,0,0,0,0,0,0,0,0,0,0,0,0,0,0
29,562,0041,602285,0000,000000,KARNATAKA,Dharwad,VILLAGE,Joga Yellapur,Rural,1,1,1,0,0,0,0,0,0,0,0,0,0,0,0,0,1,1,0,1,1,0,1,1,0,0,0,0,1,1,0,0,0,0,0,0,0,0,0,0,0,0,0,0,0,0,0,0,0,0,0,0,0,0,0,0,0,0,0,0,0,0,0,0,0,0,0,0,0,0,0,0,0,0,0,0,0,0,0,0,0,0,0,0,0
29,562,0041,602286,0000,000000,KARNATAKA,Dharwad,VILLAGE,Yerikoppa,Rural,299,1541,802,739,187,100,87,210,114,96,141,77,64,1057,595,462,484,207,277,684,509,175,540,462,78,172,163,9,129,85,44,55,47,8,184,167,17,144,47,97,31,14,17,103,27,76,2,1,1,8,5,3,142,45,97,31,14,17,102,26,76,2,1,1,7,4,3,2,2,0,0,0,0,1,1,0,0,0,0,1,1,0,857,293,564
29,562,0041,602287,0000,000000,KARNATAKA,Dharwad,VILLAGE,Managundi,Rural,941,4918,2546,2372,656,351,305,222,112,110,585,301,284,3057,1768,1289,1861,778,1083,2600,1548,1052,2448,1495,953,1064,686,378,795,363,432,21,13,8,568,433,135,152,53,99,18,3,15,65,14,51,11,1,10,58,35,23,109,40,69,11,1,10,52,14,38,7,0,7,39,25,14,43,13,30,7,2,5,13,0,13,4,1,3,19,10,9,2318,998,1320
29,562,0041,602288,0000,000000,KARNATAKA,Dharwad,VILLAGE,Nayakanahulikatti,Rural,137,756,385,371,95,48,47,49,27,22,166,89,77,499,276,223,257,109,148,322,204,118,274,179,95,24,18,6,154,82,72,1,1,0,95,78,17,48,25,23,9,5,4,21,10,11,0,0,0,18,10,8,41,22,19,9,5,4,21,10,11,0,0,0,11,7,4,7,3,4,0,0,0,0,0,0,0,0,0,7,3,4,434,181,253
29,562,0041,602289,0000,000000,KARNATAKA,Dharwad,VILLAGE,Kanavihonnapura,Rural,416,2044,1025,1019,276,153,123,306,154,152,627,308,319,1317,721,596,727,304,423,1153,667,486,1036,621,415,421,199,222,185,75,110,5,4,1,425,343,82,117,46,71,93,36,57,6,2,4,2,0,2,16,8,8,48,6,42,33,2,31,2,0,2,2,0,2,11,4,7,69,40,29,60,34,26,4,2,2,0,0,0,5,4,1,891,358,533
29,562,0041,602290,0000,000000,KARNATAKA,Dharwad,VILLAGE,Itigatti,Rural,47,207,110,97,19,12,7,1,0,1,56,31,25,130,75,55,77,35,42,120,75,45,114,71,43,29,19,10,51,24,27,1,1,0,33,27,6,6,4,2,5,4,1,1,0,1,0,0,0,0,0,0,1,0,1,1,0,1,0,0,0,0,0,0,0,0,0,5,4,1,4,4,0,1,0,1,0,0,0,0,0,0,87,35,52
29,562,0041,602291,0000,000000,KARNATAKA,Dharwad,VILLAGE,Saibankoppa,Rural,30,110,59,51,15,8,7,0,0,0,38,23,15,65,42,23,45,17,28,71,35,36,61,35,26,10,10,0,38,14,24,0,0,0,13,11,2,10,0,10,1,0,1,9,0,9,0,0,0,0,0,0,10,0,10,1,0,1,9,0,9,0,0,0,0,0,0,0,0,0,0,0,0,0,0,0,0,0,0,0,0,0,39,24,15
29,562,0041,602292,0000,000000,KARNATAKA,Dharwad,VILLAGE,Kalle,Rural,175,953,508,445,125,62,63,82,49,33,26,17,9,572,357,215,381,151,230,603,354,249,438,298,140,243,175,68,132,69,63,0,0,0,63,54,9,165,56,109,114,29,85,44,21,23,0,0,0,7,6,1,94,20,74,68,7,61,19,7,12,0,0,0,7,6,1,71,36,35,46,22,24,25,14,11,0,0,0,0,0,0,350,154,196
29,562,0041,602293,0000,000000,KARNATAKA,Dharwad,VILLAGE,Kabbenur,Rural,451,2384,1186,1198,310,146,164,163,84,79,12,7,5,1431,849,582,953,337,616,1332,758,574,1078,676,402,734,481,253,192,70,122,9,7,2,143,118,25,254,82,172,205,63,142,34,9,25,1,1,0,14,9,5,161,22,139,135,16,119,17,0,17,0,0,0,9,6,3,93,60,33,70,47,23,17,9,8,1,1,0,5,3,2,1052,428,624
29,562,0041,602294,0000,000000,KARNATAKA,Dharwad,VILLAGE,Hanamanhal,Rural,192,991,503,488,136,65,71,64,33,31,67,37,30,581,343,238,410,160,250,528,331,197,455,323,132,237,185,52,139,70,69,0,0,0,79,68,11,73,8,65,48,3,45,20,1,19,0,0,0,5,4,1,68,8,60,44,3,41,19,1,18,0,0,0,5,4,1,5,0,5,4,0,4,1,0,1,0,0,0,0,0,0,463,172,291
29,562,0041,602295,0000,000000,KARNATAKA,Dharwad,VILLAGE,Harobelavadi,Rural,610,2957,1512,1445,322,178,144,273,140,133,197,100,97,1953,1140,813,1004,372,632,1344,868,476,1205,787,418,652,441,211,336,161,175,35,31,4,182,154,28,139,81,58,23,12,11,64,27,37,0,0,0,52,42,10,136,80,56,22,12,10,63,27,36,0,0,0,51,41,10,3,1,2,1,0,1,1,0,1,0,0,0,1,1,0,1613,644,969
29,562,0041,602296,0000,000000,KARNATAKA,Dharwad,VILLAGE,Uppinbetageri,Rural,1453,7931,4074,3857,1007,530,477,342,170,172,323,164,159,5526,3090,2436,2405,984,1421,3372,2393,979,2969,2257,712,738,598,140,720,360,360,142,94,48,1369,1205,164,403,136,267,45,17,28,215,34,181,33,16,17,110,69,41,292,89,203,31,12,19,163,19,144,26,12,14,72,46,26,111,47,64,14,5,9,52,15,37,7,4,3,38,23,15,4559,1681,2878
29,562,0041,602297,0000,000000,KARNATAKA,Dharwad,VILLAGE,Hanamanakoppa,Rural,232,1491,758,733,212,94,118,93,48,45,12,7,5,1089,609,480,402,149,253,666,447,219,525,416,109,175,167,8,185,96,89,0,0,0,165,153,12,141,31,110,14,6,8,116,17,99,0,0,0,11,8,3,130,27,103,9,4,5,111,16,95,0,0,0,10,7,3,11,4,7,5,2,3,5,1,4,0,0,0,1,1,0,825,311,514
29,562,0041,602298,0000,000000,KARNATAKA,Dharwad,VILLAGE,Pudakalakatti,Rural,516,2578,1286,1292,332,173,159,202,89,113,57,24,33,1738,1006,732,840,280,560,1322,759,563,1011,735,276,418,345,73,392,211,181,8,8,0,193,171,22,311,24,287,2,2,0,290,10,280,4,1,3,15,11,4,300,22,278,1,1,0,281,10,271,4,1,3,14,10,4,11,2,9,1,1,0,9,0,9,0,0,0,1,1,0,1256,527,729
29,562,0041,602299,0000,000000,KARNATAKA,Dharwad,VILLAGE,Karadigudda,Rural,903,4757,2448,2309,609,320,289,234,116,118,297,148,149,2609,1519,1090,2148,929,1219,2178,1461,717,1953,1424,529,762,688,74,887,453,434,4,4,0,300,279,21,225,37,188,47,8,39,160,17,143,1,1,0,17,11,6,152,30,122,20,5,15,117,14,103,0,0,0,15,11,4,73,7,66,27,3,24,43,3,40,1,1,0,2,0,2,2579,987,1592
29,562,0041,602300,0000,000000,KARNATAKA,Dharwad,VILLAGE,Amminabhavi,Rural,2423,12243,6226,6017,1550,746,804,1149,588,561,646,319,327,7348,4179,3169,4895,2047,2848,5987,3855,2132,5488,3699,1789,1934,1319,615,2159,1147,1012,63,52,11,1332,1181,151,499,156,343,80,21,59,294,49,245,11,6,5,114,80,34,454,143,311,70,19,51,272,44,228,9,5,4,103,75,28,45,13,32,10,2,8,22,5,17,2,1,1,11,5,6,6256,2371,3885
29,562,0041,602301,0000,000000,KARNATAKA,Dharwad,VILLAGE,Thimmapura-M-Amminabhavi,Rural,389,1921,988,933,234,122,112,235,119,116,79,46,33,1160,692,468,761,296,465,955,597,358,941,593,348,383,257,126,334,164,170,44,21,23,180,151,29,14,4,10,3,1,2,4,1,3,2,0,2,5,2,3,12,3,9,2,0,2,4,1,3,1,0,1,5,2,3,2,1,1,1,1,0,0,0,0,1,0,1,0,0,0,966,391,575
29,562,0041,602302,0000,000000,KARNATAKA,Dharwad,VILLAGE,Marewad,Rural,635,3194,1603,1591,388,209,179,266,129,137,67,27,40,2103,1153,950,1091,450,641,1715,1041,674,1499,966,533,299,231,68,832,426,406,13,13,0,355,296,59,216,75,141,27,7,20,172,55,117,0,0,0,17,13,4,204,74,130,23,7,16,166,55,111,0,0,0,15,12,3,12,1,11,4,0,4,6,0,6,0,0,0,2,1,1,1479,562,917
29,562,0041,602303,0000,000000,KARNATAKA,Dharwad,VILLAGE,Benakanamatti,Rural,0,0,0,0,0,0,0,0,0,0,0,0,0,0,0,0,0,0,0,0,0,0,0,0,0,0,0,0,0,0,0,0,0,0,0,0,0,0,0,0,0,0,0,0,0,0,0,0,0,0,0,0,0,0,0,0,0,0,0,0,0,0,0,0,0,0,0,0,0,0,0,0,0,0,0,0,0,0,0,0,0,0,0,0,0
29,562,0041,602304,0000,000000,KARNATAKA,Dharwad,VILLAGE,Kavalgeri,Rural,450,2137,1128,1009,284,140,144,65,30,35,23,14,9,1316,782,534,821,346,475,1165,722,443,1005,642,363,447,301,146,416,223,193,25,17,8,117,101,16,160,80,80,15,6,9,98,39,59,1,1,0,46,34,12,120,48,72,13,5,8,92,36,56,1,1,0,14,6,8,40,32,8,2,1,1,6,3,3,0,0,0,32,28,4,972,406,566
29,562,0041,602305,0000,000000,KARNATAKA,Dharwad,VILLAGE,Chandanmatti,Rural,322,1330,694,636,186,83,103,75,39,36,47,28,19,801,487,314,529,207,322,757,448,309,684,427,257,192,131,61,304,137,167,2,1,1,186,158,28,73,21,52,11,3,8,40,6,34,2,1,1,20,11,9,58,18,40,10,3,7,28,4,24,1,0,1,19,11,8,15,3,12,1,0,1,12,2,10,1,1,0,1,0,1,573,246,327
29,562,0041,602306,0000,000000,KARNATAKA,Dharwad,VILLAGE,Kanakur,Rural,157,855,434,421,96,52,44,96,48,48,4,2,2,602,334,268,253,100,153,450,266,184,439,262,177,147,115,32,213,82,131,13,7,6,66,58,8,11,4,7,0,0,0,7,1,6,0,0,0,4,3,1,9,4,5,0,0,0,5,1,4,0,0,0,4,3,1,2,0,2,0,0,0,2,0,2,0,0,0,0,0,0,405,168,237
29,562,0041,602307,0000,000000,KARNATAKA,Dharwad,VILLAGE,Talwai,Rural,181,932,490,442,132,72,60,2,1,1,0,0,0,610,344,266,322,146,176,498,286,212,350,223,127,144,110,34,142,58,84,14,11,3,50,44,6,148,63,85,9,3,6,117,43,74,11,9,2,11,8,3,134,56,78,8,3,5,109,41,68,11,9,2,6,3,3,14,7,7,1,0,1,8,2,6,0,0,0,5,5,0,434,204,230
29,562,0041,602308,0000,000000,KARNATAKA,Dharwad,VILLAGE,Vanahalli,Rural,294,1439,769,670,169,99,70,101,59,42,46,26,20,782,478,304,657,291,366,715,474,241,706,468,238,328,270,58,281,107,174,2,2,0,95,89,6,9,6,3,0,0,0,4,1,3,0,0,0,5,5,0,6,3,3,0,0,0,3,0,3,0,0,0,3,3,0,3,3,0,0,0,0,1,1,0,0,0,0,2,2,0,724,295,429
29,562,0041,602309,0000,000000,KARNATAKA,Dharwad,VILLAGE,Hebballi,Rural,2502,12659,6456,6203,1497,794,703,969,488,481,160,75,85,7938,4368,3570,4721,2088,2633,6100,3904,2196,5569,3690,1879,1667,1304,363,2178,1052,1126,221,136,85,1503,1198,305,531,214,317,23,10,13,348,90,258,16,4,12,144,110,34,431,171,260,18,6,12,283,65,218,9,4,5,121,96,25,100,43,57,5,4,1,65,25,40,7,0,7,23,14,9,6559,2552,4007
29,562,0041,602310,0000,000000,KARNATAKA,Dharwad,VILLAGE,Dandikoppa,Rural,168,937,473,464,119,56,63,157,79,78,68,35,33,623,350,273,314,123,191,501,306,195,457,299,158,161,118,43,188,99,89,4,2,2,104,80,24,44,7,37,21,3,18,19,3,16,0,0,0,4,1,3,42,7,35,20,3,17,18,3,15,0,0,0,4,1,3,2,0,2,1,0,1,1,0,1,0,0,0,0,0,0,436,167,269
29,562,0041,602311,0000,000000,KARNATAKA,Dharwad,VILLAGE,Govankoppa,Rural,293,1436,742,694,194,99,95,1,0,1,72,40,32,913,538,375,523,204,319,668,444,224,645,434,211,164,150,14,303,147,156,33,26,7,145,111,34,23,10,13,3,0,3,9,4,5,3,0,3,8,6,2,16,6,10,3,0,3,8,4,4,1,0,1,4,2,2,7,4,3,0,0,0,1,0,1,2,0,2,4,4,0,768,298,470
29,562,0041,602312,0000,000000,KARNATAKA,Dharwad,VILLAGE,Ghongadikoppa,Rural,47,248,132,116,34,20,14,0,0,0,38,18,20,145,85,60,103,47,56,149,89,60,149,89,60,41,32,9,103,53,50,0,0,0,5,4,1,0,0,0,0,0,0,0,0,0,0,0,0,0,0,0,0,0,0,0,0,0,0,0,0,0,0,0,0,0,0,0,0,0,0,0,0,0,0,0,0,0,0,0,0,0,99,43,56
29,562,0041,602313,0000,000000,KARNATAKA,Dharwad,VILLAGE,Maradagi,Rural,464,2270,1165,1105,300,165,135,129,71,58,212,104,108,1462,851,611,808,314,494,1113,683,430,1107,679,428,366,224,142,488,231,257,1,1,0,252,223,29,6,4,2,0,0,0,1,0,1,0,0,0,5,4,1,3,2,1,0,0,0,1,0,1,0,0,0,2,2,0,3,2,1,0,0,0,0,0,0,0,0,0,3,2,1,1157,482,675
29,562,0041,602314,0000,000000,KARNATAKA,Dharwad,VILLAGE,Somapur (Allapur),Rural,318,1616,844,772,186,99,87,85,46,39,24,12,12,1148,669,479,468,175,293,716,506,210,708,502,206,475,364,111,151,70,81,7,6,1,75,62,13,8,4,4,2,1,1,4,1,3,1,1,0,1,1,0,8,4,4,2,1,1,4,1,3,1,1,0,1,1,0,0,0,0,0,0,0,0,0,0,0,0,0,0,0,0,900,338,562
29,562,0041,602315,0000,000000,KARNATAKA,Dharwad,VILLAGE,Shivalli,Rural,696,3359,1707,1652,499,241,258,237,116,121,109,52,57,1955,1120,835,1404,587,817,1737,1093,644,1699,1080,619,639,482,157,802,372,430,36,31,5,222,195,27,38,13,25,1,1,0,20,5,15,7,1,6,10,6,4,36,13,23,1,1,0,19,5,14,6,1,5,10,6,4,2,0,2,0,0,0,1,0,1,1,0,1,0,0,0,1622,614,1008
29,562,0042,000000,0000,000000,KARNATAKA,Dharwad,CD BLOCK,Navalgund ,Total,27067,137328,70304,67024,16690,8575,8115,11575,5922,5653,8216,4185,4031,89304,51919,37385,48024,18385,29639,75968,43687,32281,63298,40150,23148,30941,22585,8356,25313,11725,13588,475,398,77,6569,5442,1127,12670,3537,9133,2915,813,2102,8313,1939,6374,182,106,76,1260,679,581,10779,2638,8141,2304,576,1728,7327,1444,5883,152,86,66,996,532,464,1891,899,992,611,237,374,986,495,491,30,20,10,264,147,117,61360,26617,34743
29,562,0042,000000,0000,000000,KARNATAKA,Dharwad,CD BLOCK,Navalgund ,Rural,27067,137328,70304,67024,16690,8575,8115,11575,5922,5653,8216,4185,4031,89304,51919,37385,48024,18385,29639,75968,43687,32281,63298,40150,23148,30941,22585,8356,25313,11725,13588,475,398,77,6569,5442,1127,12670,3537,9133,2915,813,2102,8313,1939,6374,182,106,76,1260,679,581,10779,2638,8141,2304,576,1728,7327,1444,5883,152,86,66,996,532,464,1891,899,992,611,237,374,986,495,491,30,20,10,264,147,117,61360,26617,34743
29,562,0042,000000,0000,000000,KARNATAKA,Dharwad,CD BLOCK,Navalgund ,Urban,0,0,0,0,0,0,0,0,0,0,0,0,0,0,0,0,0,0,0,0,0,0,0,0,0,0,0,0,0,0,0,0,0,0,0,0,0,0,0,0,0,0,0,0,0,0,0,0,0,0,0,0,0,0,0,0,0,0,0,0,0,0,0,0,0,0,0,0,0,0,0,0,0,0,0,0,0,0,0,0,0,0,0,0,0
29,562,0042,602316,0000,000000,KARNATAKA,Dharwad,VILLAGE,Ahetti,Rural,446,2439,1249,1190,285,161,124,277,145,132,226,128,98,1439,827,612,1000,422,578,1342,752,590,1109,724,385,512,377,135,516,279,237,0,0,0,81,68,13,233,28,205,6,2,4,219,20,199,1,0,1,7,6,1,233,28,205,6,2,4,219,20,199,1,0,1,7,6,1,0,0,0,0,0,0,0,0,0,0,0,0,0,0,0,1097,497,600
29,562,0042,602317,0000,000000,KARNATAKA,Dharwad,VILLAGE,Shirur,Rural,634,3260,1686,1574,413,213,200,228,123,105,262,139,123,2141,1242,899,1119,444,675,1471,1010,461,1367,987,380,560,517,43,595,295,300,4,2,2,208,173,35,104,23,81,73,14,59,18,4,14,0,0,0,13,5,8,104,23,81,73,14,59,18,4,14,0,0,0,13,5,8,0,0,0,0,0,0,0,0,0,0,0,0,0,0,0,1789,676,1113
29,562,0042,602318,0000,000000,KARNATAKA,Dharwad,VILLAGE,Gummagol,Rural,563,2861,1483,1378,373,191,182,132,69,63,40,17,23,1750,1031,719,1111,452,659,1506,887,619,1501,885,616,806,488,318,510,237,273,9,8,1,176,152,24,5,2,3,2,1,1,0,0,0,1,1,0,2,0,2,4,1,3,1,0,1,0,0,0,1,1,0,2,0,2,1,1,0,1,1,0,0,0,0,0,0,0,0,0,0,1355,596,759
29,562,0042,602319,0000,000000,KARNATAKA,Dharwad,VILLAGE,Byalal,Rural,332,1715,881,834,230,118,112,148,79,69,33,16,17,1160,671,489,555,210,345,1099,570,529,548,368,180,311,296,15,183,30,153,10,7,3,44,35,9,551,202,349,25,13,12,492,174,318,1,1,0,33,14,19,547,202,345,24,13,11,491,174,317,1,1,0,31,14,17,4,0,4,1,0,1,1,0,1,0,0,0,2,0,2,616,311,305
29,562,0042,602320,0000,000000,KARNATAKA,Dharwad,VILLAGE,Hanashi,Rural,348,2127,1100,1027,311,147,164,232,118,114,269,138,131,1214,722,492,913,378,535,1250,684,566,1104,645,459,833,516,317,238,105,133,2,2,0,31,22,9,146,39,107,22,5,17,114,26,88,2,1,1,8,7,1,138,33,105,22,5,17,109,23,86,1,0,1,6,5,1,8,6,2,0,0,0,5,3,2,1,1,0,2,2,0,877,416,461
29,562,0042,602321,0000,000000,KARNATAKA,Dharwad,VILLAGE,Javoor,Rural,386,2117,1089,1028,314,164,150,133,72,61,133,68,65,1189,705,484,928,384,544,1345,700,645,841,552,289,488,369,119,266,124,142,3,3,0,84,56,28,504,148,356,8,5,3,283,65,218,2,2,0,211,76,135,328,58,270,7,4,3,230,34,196,1,1,0,90,19,71,176,90,86,1,1,0,53,31,22,1,1,0,121,57,64,772,389,383
29,562,0042,602322,0000,000000,KARNATAKA,Dharwad,VILLAGE,Hebbal,Rural,664,3522,1824,1698,451,229,222,363,178,185,424,219,205,2179,1305,874,1343,519,824,1728,1043,685,1569,1007,562,482,430,52,933,445,488,19,17,2,135,115,20,159,36,123,4,1,3,139,28,111,1,0,1,15,7,8,155,32,123,4,1,3,139,28,111,1,0,1,11,3,8,4,4,0,0,0,0,0,0,0,0,0,0,4,4,0,1794,781,1013
29,562,0042,602323,0000,000000,KARNATAKA,Dharwad,VILLAGE,Alagawadi,Rural,1166,5838,2929,2909,732,357,375,334,166,168,518,260,258,3334,1908,1426,2504,1021,1483,3238,1909,1329,2906,1772,1134,1190,867,323,1402,643,759,17,13,4,297,249,48,332,137,195,21,17,4,289,105,184,0,0,0,22,15,7,293,119,174,17,14,3,255,91,164,0,0,0,21,14,7,39,18,21,4,3,1,34,14,20,0,0,0,1,1,0,2600,1020,1580
29,562,0042,602324,0000,000000,KARNATAKA,Dharwad,VILLAGE,Amaragol,Rural,557,2933,1487,1446,410,224,186,163,85,78,0,0,0,1794,1047,747,1139,440,699,1796,950,846,922,785,137,661,572,89,101,75,26,3,3,0,157,135,22,874,165,709,29,18,11,810,129,681,6,1,5,29,17,12,802,122,680,25,14,11,751,97,654,5,1,4,21,10,11,72,43,29,4,4,0,59,32,27,1,0,1,8,7,1,1137,537,600
29,562,0042,602325,0000,000000,KARNATAKA,Dharwad,VILLAGE,Belavatagi,Rural,562,2892,1478,1414,346,179,167,484,230,254,99,50,49,1941,1164,777,951,314,637,1502,888,614,1127,840,287,473,416,57,558,345,213,7,6,1,89,73,16,375,48,327,83,12,71,275,28,247,3,1,2,14,7,7,343,41,302,56,8,48,270,25,245,3,1,2,14,7,7,32,7,25,27,4,23,5,3,2,0,0,0,0,0,0,1390,590,800
29,562,0042,602326,0000,000000,KARNATAKA,Dharwad,VILLAGE,Gobbaragumpi,Rural,293,1548,812,736,204,104,100,54,27,27,124,67,57,1010,591,419,538,221,317,708,520,188,630,480,150,310,284,26,249,132,117,1,0,1,70,64,6,78,40,38,14,6,8,61,33,28,0,0,0,3,1,2,65,36,29,14,6,8,48,29,19,0,0,0,3,1,2,13,4,9,0,0,0,13,4,9,0,0,0,0,0,0,840,292,548
29,562,0042,602327,0000,000000,KARNATAKA,Dharwad,VILLAGE,Shanawad,Rural,392,1945,997,948,220,108,112,260,129,131,279,142,137,1178,713,465,767,284,483,1170,671,499,1128,652,476,474,337,137,604,274,330,9,9,0,41,32,9,42,19,23,10,5,5,29,12,17,0,0,0,3,2,1,40,17,23,9,4,5,28,11,17,0,0,0,3,2,1,2,2,0,1,1,0,1,1,0,0,0,0,0,0,0,775,326,449
29,562,0042,602328,0000,000000,KARNATAKA,Dharwad,VILLAGE,Halakusugal,Rural,749,4147,2166,1981,515,270,245,330,171,159,403,213,190,2651,1579,1072,1496,587,909,2479,1450,1029,1651,1151,500,765,655,110,771,396,375,10,10,0,105,90,15,828,299,529,53,25,28,764,264,500,6,6,0,5,4,1,521,118,403,41,17,24,469,91,378,6,6,0,5,4,1,307,181,126,12,8,4,295,173,122,0,0,0,0,0,0,1668,716,952
29,562,0042,602329,0000,000000,KARNATAKA,Dharwad,VILLAGE,Ballur,Rural,332,1651,893,758,203,116,87,53,29,24,24,14,10,1163,693,470,488,200,288,891,532,359,765,508,257,367,248,119,261,142,119,6,6,0,131,112,19,126,24,102,76,11,65,37,8,29,1,0,1,12,5,7,105,19,86,63,8,55,31,6,25,1,0,1,10,5,5,21,5,16,13,3,10,6,2,4,0,0,0,2,0,2,760,361,399
29,562,0042,602330,0000,000000,KARNATAKA,Dharwad,VILLAGE,Shirkol,Rural,736,3668,1910,1758,411,210,201,242,117,125,102,53,49,2254,1356,898,1414,554,860,1944,1148,796,1558,1075,483,762,726,36,619,200,419,17,15,2,160,134,26,386,73,313,49,12,37,314,44,270,7,4,3,16,13,3,369,65,304,49,12,37,302,40,262,6,3,3,12,10,2,17,8,9,0,0,0,12,4,8,1,1,0,4,3,1,1724,762,962
29,562,0042,602331,0000,000000,KARNATAKA,Dharwad,VILLAGE,Morab,Rural,1806,9634,4914,4720,1186,583,603,554,285,269,50,25,25,6240,3572,2668,3394,1342,2052,4647,2976,1671,4044,2837,1207,2248,1708,540,1193,626,567,26,17,9,577,486,91,603,139,464,130,29,101,430,80,350,4,2,2,39,28,11,459,85,374,106,16,90,320,47,273,4,2,2,29,20,9,144,54,90,24,13,11,110,33,77,0,0,0,10,8,2,4987,1938,3049
29,562,0042,602332,0000,000000,KARNATAKA,Dharwad,VILLAGE,Talimorab,Rural,320,1806,929,877,224,120,104,81,43,38,176,88,88,1174,668,506,632,261,371,1147,605,542,869,480,389,502,311,191,318,132,186,3,3,0,46,34,12,278,125,153,73,31,42,168,71,97,27,17,10,10,6,4,238,105,133,61,23,38,140,59,81,27,17,10,10,6,4,40,20,20,12,8,4,28,12,16,0,0,0,0,0,0,659,324,335
29,562,0042,602333,0000,000000,KARNATAKA,Dharwad,VILLAGE,Tirlapur,Rural,1125,5585,2873,2712,679,343,336,898,455,443,214,117,97,3687,2123,1564,1898,750,1148,3249,1848,1401,2394,1503,891,1047,745,302,1045,506,539,29,24,5,273,228,45,855,345,510,63,21,42,444,161,283,19,9,10,329,154,175,819,328,491,60,20,40,429,153,276,19,9,10,311,146,165,36,17,19,3,1,2,15,8,7,0,0,0,18,8,10,2336,1025,1311
29,562,0042,602334,0000,000000,KARNATAKA,Dharwad,VILLAGE,Padesur,Rural,433,2228,1161,1067,237,111,126,258,129,129,276,140,136,1553,919,634,675,242,433,1301,695,606,1010,625,385,544,410,134,384,143,241,15,15,0,67,57,10,291,70,221,28,12,16,244,41,203,7,6,1,12,11,1,286,66,220,28,12,16,244,41,203,7,6,1,7,7,0,5,4,1,0,0,0,0,0,0,0,0,0,5,4,1,927,466,461
29,562,0042,602335,0000,000000,KARNATAKA,Dharwad,VILLAGE,Yamanur,Rural,441,2211,1114,1097,242,117,125,122,60,62,37,18,19,1572,904,668,639,210,429,1020,687,333,965,676,289,457,376,81,316,150,166,7,7,0,185,143,42,55,11,44,10,4,6,45,7,38,0,0,0,0,0,0,55,11,44,10,4,6,45,7,38,0,0,0,0,0,0,0,0,0,0,0,0,0,0,0,0,0,0,0,0,0,1191,427,764
29,562,0042,602336,0000,000000,KARNATAKA,Dharwad,VILLAGE,Kumaragoppa,Rural,145,810,421,389,112,62,50,14,8,6,77,39,38,560,330,230,250,91,159,521,255,266,256,189,67,106,96,10,127,76,51,1,0,1,22,17,5,265,66,199,2,2,0,253,56,197,4,3,1,6,5,1,262,64,198,2,2,0,252,56,196,2,1,1,6,5,1,3,2,1,0,0,0,1,0,1,2,2,0,0,0,0,289,166,123
29,562,0042,602337,0000,000000,KARNATAKA,Dharwad,VILLAGE,Arekurahatti,Rural,666,3387,1687,1700,373,179,194,325,155,170,136,67,69,2269,1272,997,1118,415,703,1669,1014,655,1590,982,608,692,458,234,685,345,340,22,18,4,191,161,30,79,32,47,32,8,24,19,4,15,3,1,2,25,19,6,77,30,47,31,7,24,18,3,15,3,1,2,25,19,6,2,2,0,1,1,0,1,1,0,0,0,0,0,0,0,1718,673,1045
29,562,0042,602338,0000,000000,KARNATAKA,Dharwad,VILLAGE,Chilakawad,Rural,255,1295,666,629,121,68,53,120,58,62,40,23,17,913,505,408,382,161,221,703,429,274,582,381,201,208,167,41,256,125,131,0,0,0,118,89,29,121,48,73,71,20,51,30,14,16,0,0,0,20,14,6,108,42,66,67,18,49,26,12,14,0,0,0,15,12,3,13,6,7,4,2,2,4,2,2,0,0,0,5,2,3,592,237,355
29,562,0042,602339,0000,000000,KARNATAKA,Dharwad,VILLAGE,Karlawad,Rural,262,1299,669,630,128,62,66,72,37,35,192,98,94,955,561,394,344,108,236,712,425,287,677,409,268,357,238,119,273,134,139,2,2,0,45,35,10,35,16,19,6,4,2,18,8,10,1,0,1,10,4,6,33,15,18,4,3,1,18,8,10,1,0,1,10,4,6,2,1,1,2,1,1,0,0,0,0,0,0,0,0,0,587,244,343
29,562,0042,602340,0000,000000,KARNATAKA,Dharwad,VILLAGE,Kalawad,Rural,487,2617,1370,1247,358,188,170,306,163,143,201,105,96,1575,909,666,1042,461,581,1402,813,589,1098,732,366,593,425,168,380,199,181,17,16,1,108,92,16,304,81,223,113,23,90,173,47,126,4,0,4,14,11,3,233,57,176,64,10,54,152,36,116,3,0,3,14,11,3,71,24,47,49,13,36,21,11,10,1,0,1,0,0,0,1215,557,658
29,562,0042,602341,0000,000000,KARNATAKA,Dharwad,VILLAGE,Belahar,Rural,302,1486,759,727,179,87,92,213,109,104,93,48,45,965,570,395,521,189,332,752,413,339,585,376,209,298,286,12,253,60,193,4,3,1,30,27,3,167,37,130,117,22,95,40,6,34,0,0,0,10,9,1,167,37,130,117,22,95,40,6,34,0,0,0,10,9,1,0,0,0,0,0,0,0,0,0,0,0,0,0,0,0,734,346,388
29,562,0042,602342,0000,000000,KARNATAKA,Dharwad,VILLAGE,Kadadahalli,Rural,153,825,415,410,139,66,73,136,68,68,0,0,0,553,311,242,272,104,168,433,245,188,425,237,188,139,84,55,253,128,125,3,3,0,30,22,8,8,8,0,0,0,0,4,4,0,2,2,0,2,2,0,8,8,0,0,0,0,4,4,0,2,2,0,2,2,0,0,0,0,0,0,0,0,0,0,0,0,0,0,0,0,392,170,222
29,562,0042,602343,0000,000000,KARNATAKA,Dharwad,VILLAGE,Arahatti,Rural,149,868,456,412,103,66,37,135,77,58,10,5,5,614,343,271,254,113,141,506,267,239,289,260,29,222,221,1,59,33,26,3,3,0,5,3,2,217,7,210,208,6,202,9,1,8,0,0,0,0,0,0,217,7,210,208,6,202,9,1,8,0,0,0,0,0,0,0,0,0,0,0,0,0,0,0,0,0,0,0,0,0,362,189,173
29,562,0042,602344,0000,000000,KARNATAKA,Dharwad,VILLAGE,Tadahal,Rural,498,2481,1283,1198,311,161,150,310,158,152,312,163,149,1486,911,575,995,372,623,1643,880,763,957,762,195,439,419,20,369,210,159,0,0,0,149,133,16,686,118,568,363,68,295,298,37,261,0,0,0,25,13,12,538,55,483,259,22,237,256,22,234,0,0,0,23,11,12,148,63,85,104,46,58,42,15,27,0,0,0,2,2,0,838,403,435
29,562,0042,602345,0000,000000,KARNATAKA,Dharwad,VILLAGE,Kongawad,Rural,354,1532,789,743,168,87,81,339,185,154,58,30,28,829,524,305,703,265,438,869,506,363,867,506,361,456,437,19,383,53,330,0,0,0,28,16,12,2,0,2,0,0,0,2,0,2,0,0,0,0,0,0,2,0,2,0,0,0,2,0,2,0,0,0,0,0,0,0,0,0,0,0,0,0,0,0,0,0,0,0,0,0,663,283,380
29,562,0042,602346,0000,000000,KARNATAKA,Dharwad,VILLAGE,Sotakanal,Rural,152,855,454,401,88,52,36,44,25,19,19,9,10,633,373,260,222,81,141,475,280,195,464,274,190,148,99,49,267,135,132,0,0,0,49,40,9,11,6,5,0,0,0,10,6,4,0,0,0,1,0,1,8,4,4,0,0,0,7,4,3,0,0,0,1,0,1,3,2,1,0,0,0,3,2,1,0,0,0,0,0,0,380,174,206
29,562,0042,602347,0000,000000,KARNATAKA,Dharwad,VILLAGE,Naganur,Rural,351,1816,916,900,222,102,120,137,73,64,55,28,27,1160,679,481,656,237,419,1117,605,512,1013,557,456,316,192,124,572,264,308,18,11,7,107,90,17,104,48,56,48,17,31,47,24,23,1,1,0,8,6,2,54,21,33,31,10,21,17,6,11,1,1,0,5,4,1,50,27,23,17,7,10,30,18,12,0,0,0,3,2,1,699,311,388
29,562,0042,602348,0000,000000,KARNATAKA,Dharwad,VILLAGE,Gudisagar,Rural,427,2109,1067,1042,264,130,134,134,70,64,4,1,3,1373,810,563,736,257,479,1384,743,641,1108,614,494,557,340,217,461,200,261,2,2,0,88,72,16,276,129,147,125,53,72,129,63,66,5,3,2,17,10,7,90,28,62,43,13,30,37,9,28,2,1,1,8,5,3,186,101,85,82,40,42,92,54,38,3,2,1,9,5,4,725,324,401
29,562,0042,602349,0000,000000,KARNATAKA,Dharwad,VILLAGE,Bhoganur,Rural,228,1159,612,547,125,72,53,132,61,71,8,5,3,810,482,328,349,130,219,648,347,301,407,333,74,152,147,5,215,149,66,5,5,0,35,32,3,241,14,227,2,1,1,232,9,223,0,0,0,7,4,3,238,14,224,2,1,1,231,9,222,0,0,0,5,4,1,3,0,3,0,0,0,1,0,1,0,0,0,2,0,2,511,265,246
29,562,0042,602350,0000,000000,KARNATAKA,Dharwad,VILLAGE,Naikanur,Rural,253,1249,625,624,167,79,88,136,69,67,144,76,68,862,491,371,387,134,253,776,396,380,442,374,68,219,187,32,191,158,33,5,5,0,27,24,3,334,22,312,58,3,55,259,10,249,1,1,0,16,8,8,333,22,311,57,3,54,259,10,249,1,1,0,16,8,8,1,0,1,1,0,1,0,0,0,0,0,0,0,0,0,473,229,244
29,562,0042,602351,0000,000000,KARNATAKA,Dharwad,VILLAGE,Datanal,Rural,513,2628,1373,1255,331,181,150,196,107,89,240,130,110,1628,990,638,1000,383,617,1799,945,854,1503,821,682,808,444,364,617,313,304,20,17,3,58,47,11,296,124,172,103,57,46,175,58,117,9,3,6,9,6,3,292,122,170,102,56,46,174,57,117,8,3,5,8,6,2,4,2,2,1,1,0,1,1,0,1,0,1,1,0,1,829,428,401
29,562,0042,602352,0000,000000,KARNATAKA,Dharwad,VILLAGE,Shelawadi,Rural,1366,6933,3551,3382,854,438,416,396,194,202,252,130,122,4614,2665,1949,2319,886,1433,3446,2082,1364,3221,1943,1278,1424,1007,417,1363,564,799,33,30,3,401,342,59,225,139,86,114,80,34,83,36,47,6,6,0,22,17,5,214,131,83,112,78,34,78,34,44,4,4,0,20,15,5,11,8,3,2,2,0,5,2,3,2,2,0,2,2,0,3487,1469,2018
29,562,0042,602353,0000,000000,KARNATAKA,Dharwad,VILLAGE,Khannur,Rural,156,761,397,364,72,37,35,21,14,7,97,50,47,550,330,220,211,67,144,454,257,197,451,257,194,185,181,4,206,21,185,4,4,0,56,51,5,3,0,3,0,0,0,3,0,3,0,0,0,0,0,0,3,0,3,0,0,0,3,0,3,0,0,0,0,0,0,0,0,0,0,0,0,0,0,0,0,0,0,0,0,0,307,140,167
29,562,0042,602354,0000,000000,KARNATAKA,Dharwad,VILLAGE,Ibrahimpur,Rural,692,3767,1935,1832,524,282,242,334,176,158,238,119,119,2373,1400,973,1394,535,859,1872,1138,734,1672,1085,587,1242,830,412,325,160,165,8,8,0,97,87,10,200,53,147,65,8,57,102,18,84,10,9,1,23,18,5,183,44,139,57,4,53,96,16,80,8,7,1,22,17,5,17,9,8,8,4,4,6,2,4,2,2,0,1,1,0,1895,797,1098
29,562,0042,602355,0000,000000,KARNATAKA,Dharwad,VILLAGE,Navalli,Rural,472,2225,1131,1094,228,120,108,380,200,180,43,20,23,1548,906,642,677,225,452,1259,691,568,1121,650,471,665,405,260,384,186,198,14,9,5,58,50,8,138,41,97,74,23,51,54,14,40,0,0,0,10,4,6,102,33,69,53,21,32,45,10,35,0,0,0,4,2,2,36,8,28,21,2,19,9,4,5,0,0,0,6,2,4,966,440,526
29,562,0042,602356,0000,000000,KARNATAKA,Dharwad,VILLAGE,Tuppadakurahatti,Rural,609,2877,1454,1423,345,167,178,258,135,123,145,69,76,1969,1160,809,908,294,614,1827,958,869,1417,862,555,715,521,194,518,183,335,14,9,5,170,149,21,410,96,314,127,44,83,206,36,170,12,3,9,65,13,52,307,51,256,63,15,48,181,23,158,9,3,6,54,10,44,103,45,58,64,29,35,25,13,12,3,0,3,11,3,8,1050,496,554
29,562,0042,602357,0000,000000,KARNATAKA,Dharwad,VILLAGE,Kittur,Rural,286,1255,635,620,126,73,53,108,56,52,7,2,5,910,536,374,345,99,246,722,379,343,712,371,341,463,246,217,200,85,115,0,0,0,49,40,9,10,8,2,1,1,0,0,0,0,0,0,0,9,7,2,9,8,1,1,1,0,0,0,0,0,0,0,8,7,1,1,0,1,0,0,0,0,0,0,0,0,0,1,0,1,533,256,277
29,562,0042,602358,0000,000000,KARNATAKA,Dharwad,VILLAGE,Adnur,Rural,207,1025,539,486,99,42,57,55,35,20,168,80,88,684,422,262,341,117,224,460,287,173,431,272,159,153,134,19,227,92,135,3,3,0,48,43,5,29,15,14,1,0,1,25,12,13,0,0,0,3,3,0,27,13,14,1,0,1,23,10,13,0,0,0,3,3,0,2,2,0,0,0,0,2,2,0,0,0,0,0,0,0,565,252,313
29,562,0042,602359,0000,000000,KARNATAKA,Dharwad,VILLAGE,Hallikeri,Rural,861,4218,2132,2086,538,298,240,206,102,104,175,83,92,2752,1571,1181,1466,561,905,2500,1347,1153,2071,1266,805,892,667,225,985,440,545,13,13,0,181,146,35,429,81,348,116,20,96,269,27,242,10,10,0,34,24,10,391,53,338,105,14,91,257,17,240,5,5,0,24,17,7,38,28,10,11,6,5,12,10,2,5,5,0,10,7,3,1718,785,933
29,562,0042,602360,0000,000000,KARNATAKA,Dharwad,VILLAGE,Nagarahalli,Rural,277,1391,751,640,148,87,61,150,73,77,28,17,11,971,573,398,420,178,242,753,427,326,458,354,104,369,310,59,56,16,40,0,0,0,33,28,5,295,73,222,2,0,2,224,18,206,12,4,8,57,51,6,263,47,216,2,0,2,218,16,202,8,1,7,35,30,5,32,26,6,0,0,0,6,2,4,4,3,1,22,21,1,638,324,314
29,562,0042,602361,0000,000000,KARNATAKA,Dharwad,VILLAGE,Basapur,Rural,506,2403,1188,1215,276,136,140,82,44,38,161,73,88,1628,918,710,775,270,505,1270,724,546,1231,709,522,543,412,131,482,191,291,5,5,0,201,101,100,39,15,24,6,4,2,15,5,10,1,0,1,17,6,11,33,13,20,6,4,2,13,3,10,0,0,0,14,6,8,6,2,4,0,0,0,2,2,0,1,0,1,3,0,3,1133,464,669
29,562,0042,602362,0000,000000,KARNATAKA,Dharwad,VILLAGE,Saswihalli,Rural,377,1737,865,872,221,97,124,217,104,113,185,103,82,1163,660,503,574,205,369,926,532,394,713,513,200,424,344,80,239,127,112,7,6,1,43,36,7,213,19,194,46,6,40,165,12,153,0,0,0,2,1,1,210,16,194,46,6,40,162,9,153,0,0,0,2,1,1,3,3,0,0,0,0,3,3,0,0,0,0,0,0,0,811,333,478
29,562,0042,602363,0000,000000,KARNATAKA,Dharwad,VILLAGE,Kondikoppa,Rural,368,1588,788,800,170,92,78,182,83,99,104,53,51,1073,602,471,515,186,329,959,496,463,955,492,463,805,408,397,114,55,59,1,1,0,35,28,7,4,4,0,4,4,0,0,0,0,0,0,0,0,0,0,2,2,0,2,2,0,0,0,0,0,0,0,0,0,0,2,2,0,2,2,0,0,0,0,0,0,0,0,0,0,629,292,337
29,562,0042,602364,0000,000000,KARNATAKA,Dharwad,VILLAGE,Ballarawad,Rural,300,1599,787,812,195,87,108,92,55,37,262,111,151,977,551,426,622,236,386,974,536,438,833,485,348,429,236,193,268,131,137,1,1,0,135,117,18,141,51,90,107,34,73,29,13,16,1,1,0,4,3,1,77,24,53,62,15,47,13,7,6,1,1,0,1,1,0,64,27,37,45,19,26,16,6,10,0,0,0,3,2,1,625,251,374
29,562,0042,602365,0000,000000,KARNATAKA,Dharwad,VILLAGE,Bennur,Rural,176,858,433,425,107,58,49,2,1,1,30,15,15,651,356,295,207,77,130,527,293,234,443,256,187,220,124,96,145,67,78,1,1,0,77,64,13,84,37,47,61,28,33,23,9,14,0,0,0,0,0,0,40,21,19,33,18,15,7,3,4,0,0,0,0,0,0,44,16,28,28,10,18,16,6,10,0,0,0,0,0,0,331,140,191
29,562,0042,602366,0000,000000,KARNATAKA,Dharwad,VILLAGE,Dundur,Rural,120,490,232,258,53,24,29,20,10,10,24,10,14,394,202,192,96,30,66,268,160,108,267,159,108,68,46,22,85,25,60,1,1,0,113,87,26,1,1,0,0,0,0,0,0,0,0,0,0,1,1,0,1,1,0,0,0,0,0,0,0,0,0,0,1,1,0,0,0,0,0,0,0,0,0,0,0,0,0,0,0,0,222,72,150
29,562,0042,602367,0000,000000,KARNATAKA,Dharwad,VILLAGE,Siswinahalli,Rural,447,2243,1138,1105,254,144,110,187,93,94,348,175,173,1495,846,649,748,292,456,1055,650,405,1025,636,389,232,189,43,587,277,310,23,17,6,183,153,30,30,14,16,5,3,2,12,3,9,0,0,0,13,8,5,26,12,14,4,3,1,11,3,8,0,0,0,11,6,5,4,2,2,1,0,1,1,0,1,0,0,0,2,2,0,1188,488,700
29,562,0042,602368,0000,000000,KARNATAKA,Dharwad,VILLAGE,Manakawad,Rural,457,2191,1107,1084,233,126,107,143,65,78,40,18,22,1426,832,594,765,275,490,1301,684,617,1269,668,601,768,410,358,401,172,229,16,14,2,84,72,12,32,16,16,4,1,3,12,5,7,7,4,3,9,6,3,24,11,13,4,1,3,8,2,6,5,3,2,7,5,2,8,5,3,0,0,0,4,3,1,2,1,1,2,1,1,890,423,467
29,562,0042,602369,0000,000000,KARNATAKA,Dharwad,VILLAGE,Nalavadi,Rural,799,3658,1876,1782,382,206,176,215,122,93,175,87,88,2546,1437,1109,1112,439,673,1879,1124,755,1846,1102,744,639,451,188,878,375,503,19,12,7,310,264,46,33,22,11,6,3,3,6,3,3,2,1,1,19,15,4,26,18,8,6,3,3,0,0,0,2,1,1,18,14,4,7,4,3,0,0,0,6,3,3,0,0,0,1,1,0,1779,752,1027
29,562,0042,602370,0000,000000,KARNATAKA,Dharwad,VILLAGE,Bhadrapur,Rural,714,3524,1787,1737,444,226,218,311,161,150,125,61,64,2219,1295,924,1305,492,813,2164,1180,984,1928,1079,849,975,585,390,797,354,443,12,11,1,144,129,15,236,101,135,51,14,37,164,72,92,3,3,0,18,12,6,206,92,114,42,13,29,144,64,80,3,3,0,17,12,5,30,9,21,9,1,8,20,8,12,0,0,0,1,0,1,1360,607,753
29,562,0042,602371,0000,000000,KARNATAKA,Dharwad,VILLAGE,Majjigudda,Rural,196,991,506,485,121,64,57,118,65,53,86,42,44,821,429,392,170,77,93,463,312,151,461,310,151,42,40,2,360,215,145,0,0,0,59,55,4,2,2,0,0,0,0,2,2,0,0,0,0,0,0,0,2,2,0,0,0,0,2,2,0,0,0,0,0,0,0,0,0,0,0,0,0,0,0,0,0,0,0,0,0,0,528,194,334
29,562,0042,602372,0000,000000,KARNATAKA,Dharwad,VILLAGE,Annigeri (Rural),Rural,0,0,0,0,0,0,0,0,0,0,0,0,0,0,0,0,0,0,0,0,0,0,0,0,0,0,0,0,0,0,0,0,0,0,0,0,0,0,0,0,0,0,0,0,0,0,0,0,0,0,0,0,0,0,0,0,0,0,0,0,0,0,0,0,0,0,0,0,0,0,0,0,0,0,0,0,0,0,0,0,0,0,0,0,0
29,562,0042,602373,0000,000000,KARNATAKA,Dharwad,VILLAGE,Saidapur,Rural,201,1051,535,516,125,64,61,3,1,2,245,128,117,732,427,305,319,108,211,647,342,305,502,322,180,186,151,35,270,128,142,1,1,0,45,42,3,145,20,125,98,12,86,46,7,39,0,0,0,1,1,0,69,11,58,42,8,34,26,2,24,0,0,0,1,1,0,76,9,67,56,4,52,20,5,15,0,0,0,0,0,0,404,193,211
29,562,0043,000000,0000,000000,KARNATAKA,Dharwad,CD BLOCK,Hubli,Total,29199,142807,72980,69827,17714,9259,8455,10933,5504,5429,7193,3675,3518,92170,52590,39580,50637,20390,30247,72141,44820,27321,61641,41286,20355,21858,16079,5779,24144,12065,12079,699,533,166,14940,12609,2331,10500,3534,6966,1691,426,1265,5806,1466,4340,341,146,195,2662,1496,1166,9094,2963,6131,1556,377,1179,5199,1276,3923,236,85,151,2103,1225,878,1406,571,835,135,49,86,607,190,417,105,61,44,559,271,288,70666,28160,42506
29,562,0043,000000,0000,000000,KARNATAKA,Dharwad,CD BLOCK,Hubli,Rural,29199,142807,72980,69827,17714,9259,8455,10933,5504,5429,7193,3675,3518,92170,52590,39580,50637,20390,30247,72141,44820,27321,61641,41286,20355,21858,16079,5779,24144,12065,12079,699,533,166,14940,12609,2331,10500,3534,6966,1691,426,1265,5806,1466,4340,341,146,195,2662,1496,1166,9094,2963,6131,1556,377,1179,5199,1276,3923,236,85,151,2103,1225,878,1406,571,835,135,49,86,607,190,417,105,61,44,559,271,288,70666,28160,42506
29,562,0043,000000,0000,000000,KARNATAKA,Dharwad,CD BLOCK,Hubli,Urban,0,0,0,0,0,0,0,0,0,0,0,0,0,0,0,0,0,0,0,0,0,0,0,0,0,0,0,0,0,0,0,0,0,0,0,0,0,0,0,0,0,0,0,0,0,0,0,0,0,0,0,0,0,0,0,0,0,0,0,0,0,0,0,0,0,0,0,0,0,0,0,0,0,0,0,0,0,0,0,0,0,0,0,0,0
29,562,0043,602374,0000,000000,KARNATAKA,Dharwad,VILLAGE,Amargol,Rural,0,0,0,0,0,0,0,0,0,0,0,0,0,0,0,0,0,0,0,0,0,0,0,0,0,0,0,0,0,0,0,0,0,0,0,0,0,0,0,0,0,0,0,0,0,0,0,0,0,0,0,0,0,0,0,0,0,0,0,0,0,0,0,0,0,0,0,0,0,0,0,0,0,0,0,0,0,0,0,0,0,0,0,0,0
29,562,0043,602375,0000,000000,KARNATAKA,Dharwad,VILLAGE,Bhairidevarkop,Rural,3,11,5,6,1,0,1,0,0,0,0,0,0,7,3,4,4,2,2,6,4,2,5,4,1,0,0,0,0,0,0,0,0,0,5,4,1,1,0,1,0,0,0,0,0,0,0,0,0,1,0,1,1,0,1,0,0,0,0,0,0,0,0,0,1,0,1,0,0,0,0,0,0,0,0,0,0,0,0,0,0,0,5,1,4
29,562,0043,602376,0000,000000,KARNATAKA,Dharwad,VILLAGE,Unkal,Rural,4,25,13,12,5,5,0,0,0,0,0,0,0,14,6,8,11,7,4,4,4,0,3,3,0,2,2,0,0,0,0,1,1,0,0,0,0,1,1,0,0,0,0,0,0,0,0,0,0,1,1,0,1,1,0,0,0,0,0,0,0,0,0,0,1,1,0,0,0,0,0,0,0,0,0,0,0,0,0,0,0,0,21,9,12
29,562,0043,602377,0000,000000,KARNATAKA,Dharwad,VILLAGE,Gopankop,Rural,1,2,1,1,0,0,0,0,0,0,2,1,1,1,1,0,1,0,1,1,1,0,1,1,0,0,0,0,0,0,0,0,0,0,1,1,0,0,0,0,0,0,0,0,0,0,0,0,0,0,0,0,0,0,0,0,0,0,0,0,0,0,0,0,0,0,0,0,0,0,0,0,0,0,0,0,0,0,0,0,0,0,1,0,1
29,562,0043,602378,0000,000000,KARNATAKA,Dharwad,VILLAGE,Bengeri,Rural,0,0,0,0,0,0,0,0,0,0,0,0,0,0,0,0,0,0,0,0,0,0,0,0,0,0,0,0,0,0,0,0,0,0,0,0,0,0,0,0,0,0,0,0,0,0,0,0,0,0,0,0,0,0,0,0,0,0,0,0,0,0,0,0,0,0,0,0,0,0,0,0,0,0,0,0,0,0,0,0,0,0,0,0,0
29,562,0043,602379,0000,000000,KARNATAKA,Dharwad,VILLAGE,Nagashettikop,Rural,0,0,0,0,0,0,0,0,0,0,0,0,0,0,0,0,0,0,0,0,0,0,0,0,0,0,0,0,0,0,0,0,0,0,0,0,0,0,0,0,0,0,0,0,0,0,0,0,0,0,0,0,0,0,0,0,0,0,0,0,0,0,0,0,0,0,0,0,0,0,0,0,0,0,0,0,0,0,0,0,0,0,0,0,0
29,562,0043,602380,0000,000000,KARNATAKA,Dharwad,VILLAGE,Keshwapur,Rural,0,0,0,0,0,0,0,0,0,0,0,0,0,0,0,0,0,0,0,0,0,0,0,0,0,0,0,0,0,0,0,0,0,0,0,0,0,0,0,0,0,0,0,0,0,0,0,0,0,0,0,0,0,0,0,0,0,0,0,0,0,0,0,0,0,0,0,0,0,0,0,0,0,0,0,0,0,0,0,0,0,0,0,0,0
29,562,0043,602381,0000,000000,KARNATAKA,Dharwad,VILLAGE,Tarihal,Rural,0,0,0,0,0,0,0,0,0,0,0,0,0,0,0,0,0,0,0,0,0,0,0,0,0,0,0,0,0,0,0,0,0,0,0,0,0,0,0,0,0,0,0,0,0,0,0,0,0,0,0,0,0,0,0,0,0,0,0,0,0,0,0,0,0,0,0,0,0,0,0,0,0,0,0,0,0,0,0,0,0,0,0,0,0
29,562,0043,602382,0000,000000,KARNATAKA,Dharwad,VILLAGE,Revadihal,Rural,348,1874,977,897,339,183,156,418,217,201,293,145,148,1028,585,443,846,392,454,886,553,333,794,490,304,251,202,49,369,157,212,7,7,0,167,124,43,92,63,29,4,3,1,28,21,7,2,2,0,58,37,21,71,44,27,4,3,1,22,15,7,1,1,0,44,25,19,21,19,2,0,0,0,6,6,0,1,1,0,14,12,2,988,424,564
29,562,0043,602383,0000,000000,KARNATAKA,Dharwad,VILLAGE,Gokul,Rural,0,0,0,0,0,0,0,0,0,0,0,0,0,0,0,0,0,0,0,0,0,0,0,0,0,0,0,0,0,0,0,0,0,0,0,0,0,0,0,0,0,0,0,0,0,0,0,0,0,0,0,0,0,0,0,0,0,0,0,0,0,0,0,0,0,0,0,0,0,0,0,0,0,0,0,0,0,0,0,0,0,0,0,0,0
29,562,0043,602384,0000,000000,KARNATAKA,Dharwad,VILLAGE,Bommapur,Rural,4,9,6,3,0,0,0,0,0,0,0,0,0,4,4,0,5,2,3,9,6,3,9,6,3,0,0,0,6,3,3,0,0,0,3,3,0,0,0,0,0,0,0,0,0,0,0,0,0,0,0,0,0,0,0,0,0,0,0,0,0,0,0,0,0,0,0,0,0,0,0,0,0,0,0,0,0,0,0,0,0,0,0,0,0
29,562,0043,602385,0000,000000,KARNATAKA,Dharwad,VILLAGE,A.Timmasagar,Rural,205,850,445,405,108,51,57,155,82,73,387,212,175,463,285,178,387,160,227,310,255,55,254,232,22,21,20,1,39,33,6,3,2,1,191,177,14,56,23,33,2,1,1,25,8,17,4,1,3,25,13,12,56,23,33,2,1,1,25,8,17,4,1,3,25,13,12,0,0,0,0,0,0,0,0,0,0,0,0,0,0,0,540,190,350
29,562,0043,602386,0000,000000,KARNATAKA,Dharwad,VILLAGE,Gabbur,Rural,0,0,0,0,0,0,0,0,0,0,0,0,0,0,0,0,0,0,0,0,0,0,0,0,0,0,0,0,0,0,0,0,0,0,0,0,0,0,0,0,0,0,0,0,0,0,0,0,0,0,0,0,0,0,0,0,0,0,0,0,0,0,0,0,0,0,0,0,0,0,0,0,0,0,0,0,0,0,0,0,0,0,0,0,0
29,562,0043,602387,0000,000000,KARNATAKA,Dharwad,VILLAGE,Yellapura,Rural,0,0,0,0,0,0,0,0,0,0,0,0,0,0,0,0,0,0,0,0,0,0,0,0,0,0,0,0,0,0,0,0,0,0,0,0,0,0,0,0,0,0,0,0,0,0,0,0,0,0,0,0,0,0,0,0,0,0,0,0,0,0,0,0,0,0,0,0,0,0,0,0,0,0,0,0,0,0,0,0,0,0,0,0,0
29,562,0043,602388,0000,000000,KARNATAKA,Dharwad,VILLAGE,Sulla,Rural,1356,6938,3558,3380,818,442,376,357,183,174,31,16,15,4575,2595,1980,2363,963,1400,4108,2308,1800,3028,1974,1054,1684,1122,562,635,253,382,28,21,7,681,578,103,1080,334,746,311,71,240,278,53,225,25,8,17,466,202,264,981,299,682,292,69,223,235,41,194,22,7,15,432,182,250,99,35,64,19,2,17,43,12,31,3,1,2,34,20,14,2830,1250,1580
29,562,0043,602389,0000,000000,KARNATAKA,Dharwad,VILLAGE,Byahatti,Rural,2395,11384,5705,5679,1288,649,639,384,188,196,541,277,264,7541,4215,3326,3843,1490,2353,6247,3651,2596,5842,3543,2299,2085,1489,596,2793,1287,1506,33,26,7,931,741,190,405,108,297,92,22,70,268,65,203,2,0,2,43,21,22,366,100,266,65,17,48,263,63,200,1,0,1,37,20,17,39,8,31,27,5,22,5,2,3,1,0,1,6,1,5,5137,2054,3083
29,562,0043,602390,0000,000000,KARNATAKA,Dharwad,VILLAGE,Hebsur,Rural,1276,6245,3152,3093,700,350,350,348,181,167,186,89,97,4461,2536,1925,1784,616,1168,3471,1979,1492,2186,1505,681,931,733,198,827,424,403,40,31,9,388,317,71,1285,474,811,95,31,64,990,338,652,74,43,31,126,62,64,1174,413,761,93,30,63,986,336,650,27,10,17,68,37,31,111,61,50,2,1,1,4,2,2,47,33,14,58,25,33,2774,1173,1601
29,562,0043,602391,0000,000000,KARNATAKA,Dharwad,VILLAGE,Kirasur,Rural,871,3842,1921,1921,475,248,227,158,76,82,12,5,7,2638,1468,1170,1204,453,751,1872,1222,650,1665,1169,496,800,603,197,497,248,249,26,25,1,342,293,49,207,53,154,114,24,90,68,20,48,10,2,8,15,7,8,171,39,132,97,17,80,50,14,36,10,2,8,14,6,8,36,14,22,17,7,10,18,6,12,0,0,0,1,1,0,1970,699,1271
29,562,0043,602392,0000,000000,KARNATAKA,Dharwad,VILLAGE,Kusugal,Rural,2004,9825,4970,4855,1284,642,642,431,208,223,126,61,65,6185,3567,2618,3640,1403,2237,4775,3096,1679,4574,3008,1566,1989,1347,642,1608,784,824,19,16,3,958,861,97,201,88,113,36,9,27,96,23,73,0,0,0,69,56,13,167,76,91,36,9,27,68,14,54,0,0,0,63,53,10,34,12,22,0,0,0,28,9,19,0,0,0,6,3,3,5050,1874,3176
29,562,0043,602393,0000,000000,KARNATAKA,Dharwad,VILLAGE,Ingalhalli,Rural,1062,4917,2485,2432,533,263,270,439,227,212,63,30,33,3486,1986,1500,1431,499,932,2602,1512,1090,2475,1492,983,985,673,312,1187,549,638,51,44,7,252,226,26,127,20,107,56,3,53,56,8,48,2,0,2,13,9,4,117,14,103,54,3,51,51,5,46,2,0,2,10,6,4,10,6,4,2,0,2,5,3,2,0,0,0,3,3,0,2315,973,1342
29,562,0043,602394,0000,000000,KARNATAKA,Dharwad,VILLAGE,Bhandiwad,Rural,839,4079,2116,1963,530,297,233,219,113,106,100,55,45,2396,1391,1005,1683,725,958,1874,1261,613,1585,1228,357,665,599,66,582,334,248,0,0,0,338,295,43,289,33,256,36,5,31,226,12,214,0,0,0,27,16,11,279,31,248,35,5,30,219,12,207,0,0,0,25,14,11,10,2,8,1,0,1,7,0,7,0,0,0,2,2,0,2205,855,1350
29,562,0043,602395,0000,000000,KARNATAKA,Dharwad,VILLAGE,Mantur,Rural,859,4045,2005,2040,439,214,225,168,75,93,123,63,60,2740,1520,1220,1305,485,820,2041,1212,829,1999,1189,810,636,418,218,897,376,521,20,10,10,446,385,61,42,23,19,4,4,0,11,2,9,5,3,2,22,14,8,33,21,12,3,3,0,6,2,4,5,3,2,19,13,6,9,2,7,1,1,0,5,0,5,0,0,0,3,1,2,2004,793,1211
29,562,0043,602396,0000,000000,KARNATAKA,Dharwad,VILLAGE,Halyal,Rural,714,3645,1810,1835,452,237,215,240,118,122,171,86,85,2451,1323,1128,1194,487,707,1725,1108,617,1449,1057,392,453,416,37,754,433,321,20,19,1,222,189,33,276,51,225,6,1,5,238,29,209,4,1,3,28,20,8,258,46,212,6,1,5,222,26,196,3,0,3,27,19,8,18,5,13,0,0,0,16,3,13,1,1,0,1,1,0,1920,702,1218
29,562,0043,602397,0000,000000,KARNATAKA,Dharwad,VILLAGE,Nagarhalli,Rural,213,1070,551,519,115,68,47,23,16,7,32,16,16,764,428,336,306,123,183,457,323,134,444,319,125,219,160,59,128,71,57,0,0,0,97,88,9,13,4,9,8,1,7,2,0,2,0,0,0,3,3,0,13,4,9,8,1,7,2,0,2,0,0,0,3,3,0,0,0,0,0,0,0,0,0,0,0,0,0,0,0,0,613,228,385
29,562,0043,602398,0000,000000,KARNATAKA,Dharwad,VILLAGE,Shirguppi,Rural,1009,4840,2480,2360,568,306,262,360,180,180,193,96,97,3313,1912,1401,1527,568,959,2531,1499,1032,2212,1359,853,884,557,327,954,483,471,19,16,3,355,303,52,319,140,179,51,10,41,167,53,114,19,11,8,82,66,16,262,105,157,49,8,41,152,50,102,12,6,6,49,41,8,57,35,22,2,2,0,15,3,12,7,5,2,33,25,8,2309,981,1328
29,562,0043,602399,0000,000000,KARNATAKA,Dharwad,VILLAGE,Umachigi,Rural,413,1980,1015,965,211,117,94,162,79,83,38,19,19,1294,755,539,686,260,426,1165,630,535,764,594,170,446,410,36,242,124,118,4,3,1,72,57,15,401,36,365,7,5,2,387,26,361,1,0,1,6,5,1,348,22,326,6,4,2,336,13,323,1,0,1,5,5,0,53,14,39,1,1,0,51,13,38,0,0,0,1,0,1,815,385,430
29,562,0043,602400,0000,000000,KARNATAKA,Dharwad,VILLAGE,Koliwad,Rural,1097,5220,2634,2586,603,299,304,556,274,282,650,323,327,3464,1968,1496,1756,666,1090,2850,1616,1234,2161,1348,813,770,573,197,1091,525,566,12,9,3,288,241,47,689,268,421,58,33,25,505,158,347,18,12,6,108,65,43,484,163,321,56,32,24,351,84,267,8,7,1,69,40,29,205,105,100,2,1,1,154,74,80,10,5,5,39,25,14,2370,1018,1352
29,562,0043,602401,0000,000000,KARNATAKA,Dharwad,VILLAGE,Malligwad,Rural,431,2062,1060,1002,226,121,105,175,87,88,377,201,176,1416,808,608,646,252,394,994,627,367,838,577,261,240,222,18,528,297,231,0,0,0,70,58,12,156,50,106,4,3,1,149,44,105,1,1,0,2,2,0,155,50,105,4,3,1,148,44,104,1,1,0,2,2,0,1,0,1,0,0,0,1,0,1,0,0,0,0,0,0,1068,433,635
29,562,0043,602402,0000,000000,KARNATAKA,Dharwad,VILLAGE,Devargudihal,Rural,302,1545,803,742,272,144,128,139,68,71,259,128,131,768,464,304,777,339,438,796,488,308,765,481,284,187,153,34,408,204,204,0,0,0,170,124,46,31,7,24,2,2,0,22,4,18,5,0,5,2,1,1,28,7,21,2,2,0,21,4,17,3,0,3,2,1,1,3,0,3,0,0,0,1,0,1,2,0,2,0,0,0,749,315,434
29,562,0043,602403,0000,000000,KARNATAKA,Dharwad,VILLAGE,Parasapur,Rural,272,1443,757,686,236,127,109,60,28,32,379,208,171,776,449,327,667,308,359,726,457,269,678,425,253,81,54,27,356,179,177,11,5,6,230,187,43,48,32,16,2,0,2,24,13,11,2,2,0,20,17,3,44,28,16,2,0,2,24,13,11,2,2,0,16,13,3,4,4,0,0,0,0,0,0,0,0,0,0,4,4,0,717,300,417
29,562,0043,602404,0000,000000,KARNATAKA,Dharwad,VILLAGE,Rayanal,Rural,534,2614,1339,1275,305,168,137,101,51,50,11,8,3,1829,1036,793,785,303,482,1238,805,433,1194,788,406,258,120,138,273,122,151,19,13,6,644,533,111,44,17,27,7,0,7,13,0,13,4,0,4,20,17,3,38,17,21,6,0,6,11,0,11,2,0,2,19,17,2,6,0,6,1,0,1,2,0,2,2,0,2,1,0,1,1376,534,842
29,562,0043,602405,0000,000000,KARNATAKA,Dharwad,VILLAGE,Gangiwal,Rural,303,1432,724,708,188,92,96,5,3,2,28,13,15,969,552,417,463,172,291,706,461,245,318,278,40,85,78,7,23,12,11,11,10,1,199,178,21,388,183,205,6,3,3,193,69,124,8,1,7,181,110,71,244,161,83,4,2,2,119,59,60,6,1,5,115,99,16,144,22,122,2,1,1,74,10,64,2,0,2,66,11,55,726,263,463
29,562,0043,602406,0000,000000,KARNATAKA,Dharwad,VILLAGE,Anchatgeri,Rural,878,4401,2228,2173,593,307,286,1004,504,500,409,191,218,2766,1521,1245,1635,707,928,1941,1327,614,1670,1207,463,184,141,43,838,484,354,23,20,3,625,562,63,271,120,151,20,3,17,122,27,95,8,2,6,121,88,33,266,118,148,19,3,16,121,27,94,7,2,5,119,86,33,5,2,3,1,0,1,1,0,1,1,0,1,2,2,0,2460,901,1559
29,562,0043,602407,0000,000000,KARNATAKA,Dharwad,VILLAGE,Mavanur,Rural,164,809,427,382,91,53,38,180,94,86,92,45,47,487,289,198,322,138,184,482,256,226,335,226,109,119,102,17,154,79,75,1,1,0,61,44,17,147,30,117,72,17,55,44,2,42,25,8,17,6,3,3,142,28,114,72,17,55,41,2,39,25,8,17,4,1,3,5,2,3,0,0,0,3,0,3,0,0,0,2,2,0,327,171,156
29,562,0043,602408,0000,000000,KARNATAKA,Dharwad,VILLAGE,Budarsingi,Rural,232,1194,637,557,177,96,81,167,80,87,10,5,5,694,427,267,500,210,290,526,345,181,471,323,148,113,102,11,232,111,121,0,0,0,126,110,16,55,22,33,3,0,3,28,9,19,0,0,0,24,13,11,39,16,23,2,0,2,25,9,16,0,0,0,12,7,5,16,6,10,1,0,1,3,0,3,0,0,0,12,6,6,668,292,376
29,562,0043,602409,0000,000000,KARNATAKA,Dharwad,VILLAGE,Kotgondhunshi,Rural,302,1531,776,755,196,94,102,93,45,48,313,147,166,971,563,408,560,213,347,500,474,26,498,472,26,292,281,11,26,17,9,2,2,0,178,172,6,2,2,0,0,0,0,0,0,0,0,0,0,2,2,0,2,2,0,0,0,0,0,0,0,0,0,0,2,2,0,0,0,0,0,0,0,0,0,0,0,0,0,0,0,0,1031,302,729
29,562,0043,602410,0000,000000,KARNATAKA,Dharwad,VILLAGE,Adargunchi,Rural,1559,7625,3837,3788,967,519,448,403,191,212,258,132,126,4963,2744,2219,2662,1093,1569,3410,2318,1092,3118,2177,941,872,619,253,1087,564,523,30,24,6,1129,970,159,292,141,151,44,19,25,173,63,110,4,2,2,71,57,14,264,124,140,40,17,23,158,56,102,2,1,1,64,50,14,28,17,11,4,2,2,15,7,8,2,1,1,7,7,0,4215,1519,2696
29,562,0043,602411,0000,000000,KARNATAKA,Dharwad,VILLAGE,Murarhalli,Rural,111,558,276,282,68,36,32,0,0,0,0,0,0,350,197,153,208,79,129,267,169,98,226,153,73,94,92,2,92,26,66,0,0,0,40,35,5,41,16,25,1,0,1,34,11,23,0,0,0,6,5,1,40,15,25,1,0,1,34,11,23,0,0,0,5,4,1,1,1,0,0,0,0,0,0,0,0,0,0,1,1,0,291,107,184
29,562,0043,602412,0000,000000,KARNATAKA,Dharwad,VILLAGE,Katnur,Rural,363,1890,961,929,223,126,97,86,43,43,12,6,6,1249,695,554,641,266,375,1081,608,473,905,598,307,441,331,110,279,125,154,15,12,3,170,130,40,176,10,166,124,4,120,47,1,46,0,0,0,5,5,0,173,7,166,124,4,120,47,1,46,0,0,0,2,2,0,3,3,0,0,0,0,0,0,0,0,0,0,3,3,0,809,353,456
29,562,0043,602413,0000,000000,KARNATAKA,Dharwad,VILLAGE,Channapur,Rural,325,1646,880,766,221,127,94,279,152,127,0,0,0,809,504,305,837,376,461,868,541,327,854,533,321,237,176,61,355,148,207,0,0,0,262,209,53,14,8,6,1,1,0,3,0,3,0,0,0,10,7,3,13,8,5,1,1,0,2,0,2,0,0,0,10,7,3,1,0,1,0,0,0,1,0,1,0,0,0,0,0,0,778,339,439
29,562,0043,602414,0000,000000,KARNATAKA,Dharwad,VILLAGE,Chavargudd,Rural,231,1204,623,581,144,73,71,163,83,80,98,49,49,620,375,245,584,248,336,655,392,263,649,389,260,249,155,94,224,90,134,0,0,0,176,144,32,6,3,3,2,1,1,3,1,2,0,0,0,1,1,0,4,2,2,1,0,1,2,1,1,0,0,0,1,1,0,2,1,1,1,1,0,1,0,1,0,0,0,0,0,0,549,231,318
29,562,0043,602415,0000,000000,KARNATAKA,Dharwad,VILLAGE,Ramapur,Rural,197,1062,569,493,129,68,61,41,22,19,0,0,0,709,433,276,353,136,217,597,345,252,579,342,237,225,130,95,211,89,122,4,3,1,139,120,19,18,3,15,8,0,8,6,0,6,1,0,1,3,3,0,9,3,6,3,0,3,3,0,3,0,0,0,3,3,0,9,0,9,5,0,5,3,0,3,1,0,1,0,0,0,465,224,241
29,562,0043,602416,0000,000000,KARNATAKA,Dharwad,VILLAGE,Inam-Veerapur,Rural,108,539,281,258,62,30,32,92,38,54,115,63,52,402,234,168,137,47,90,248,149,99,218,134,84,109,67,42,36,15,21,5,0,5,68,52,16,30,15,15,7,2,5,7,4,3,0,0,0,16,9,7,28,14,14,7,2,5,5,3,2,0,0,0,16,9,7,2,1,1,0,0,0,2,1,1,0,0,0,0,0,0,291,132,159
29,562,0043,602417,0000,000000,KARNATAKA,Dharwad,VILLAGE,Giriyal,Rural,236,1369,716,653,198,108,90,374,189,185,18,9,9,858,501,357,511,215,296,791,456,335,762,439,323,373,227,146,332,166,166,0,0,0,57,46,11,29,17,12,11,8,3,16,9,7,0,0,0,2,0,2,29,17,12,11,8,3,16,9,7,0,0,0,2,0,2,0,0,0,0,0,0,0,0,0,0,0,0,0,0,0,578,260,318
29,562,0043,602418,0000,000000,KARNATAKA,Dharwad,VILLAGE,Belegali,Rural,528,2533,1302,1231,311,158,153,69,29,40,71,39,32,1593,948,645,940,354,586,1370,863,507,1280,838,442,367,250,117,517,235,282,21,20,1,375,333,42,90,25,65,48,10,38,23,4,19,0,0,0,19,11,8,68,15,53,37,6,31,18,3,15,0,0,0,13,6,7,22,10,12,11,4,7,5,1,4,0,0,0,6,5,1,1163,439,724
29,562,0043,602419,0000,000000,KARNATAKA,Dharwad,VILLAGE,Nulvi,Rural,1564,7514,3881,3633,910,488,422,406,227,179,423,218,205,4910,2744,2166,2604,1137,1467,3237,2238,999,2826,2096,730,683,513,170,884,540,344,33,29,4,1226,1014,212,411,142,269,62,6,56,223,45,178,5,2,3,121,89,32,347,122,225,59,5,54,195,43,152,3,2,1,90,72,18,64,20,44,3,1,2,28,2,26,2,0,2,31,17,14,4277,1643,2634
29,562,0043,602420,0000,000000,KARNATAKA,Dharwad,VILLAGE,Sherewad,Rural,893,4415,2232,2183,539,263,276,408,195,213,20,9,11,2798,1582,1216,1617,650,967,2206,1394,812,1918,1272,646,690,441,249,598,300,298,65,46,19,565,485,80,288,122,166,23,11,12,164,44,120,18,13,5,83,54,29,252,102,150,19,8,11,149,40,109,11,7,4,73,47,26,36,20,16,4,3,1,15,4,11,7,6,1,10,7,3,2209,838,1371
29,562,0043,602421,0000,000000,KARNATAKA,Dharwad,VILLAGE,Pale,Rural,229,1077,552,525,128,67,61,89,44,45,0,0,0,700,414,286,377,138,239,617,372,245,484,353,131,151,137,14,121,47,74,10,5,5,202,164,38,133,19,114,65,9,56,35,1,34,5,0,5,28,9,19,120,8,112,59,4,55,34,0,34,5,0,5,22,4,18,13,11,2,6,5,1,1,1,0,0,0,0,6,5,1,460,180,280
29,562,0043,602422,0000,000000,KARNATAKA,Dharwad,VILLAGE,Bommasamudra,Rural,268,1405,724,681,219,113,106,79,43,36,61,35,26,687,424,263,718,300,418,607,402,205,586,391,195,187,138,49,232,107,125,11,9,2,156,137,19,21,11,10,0,0,0,6,1,5,2,2,0,13,8,5,17,9,8,0,0,0,6,1,5,0,0,0,11,8,3,4,2,2,0,0,0,0,0,0,2,2,0,2,0,2,798,322,476
29,562,0043,602423,0000,000000,KARNATAKA,Dharwad,VILLAGE,Karadikop,Rural,380,2006,1023,983,293,151,142,116,58,58,51,27,24,1092,634,458,914,389,525,1046,645,401,976,620,356,273,178,95,485,272,213,37,19,18,181,151,30,70,25,45,15,4,11,31,5,26,2,0,2,22,16,6,70,25,45,15,4,11,31,5,26,2,0,2,22,16,6,0,0,0,0,0,0,0,0,0,0,0,0,0,0,0,960,378,582
29,562,0043,602424,0000,000000,KARNATAKA,Dharwad,VILLAGE,Kurdikeri,Rural,512,2452,1236,1216,351,176,175,474,240,234,351,194,157,1377,790,587,1075,446,629,1275,773,502,1091,740,351,411,320,91,317,98,219,19,17,2,344,305,39,184,33,151,91,15,76,77,7,70,0,0,0,16,11,5,181,32,149,91,15,76,75,7,68,0,0,0,15,10,5,3,1,2,0,0,0,2,0,2,0,0,0,1,1,0,1177,463,714
29,562,0043,602425,0000,000000,KARNATAKA,Dharwad,VILLAGE,Kamplikop,Rural,226,1002,527,475,127,64,63,33,17,16,128,68,60,612,357,255,390,170,220,615,333,282,513,290,223,129,102,27,332,161,171,8,5,3,44,22,22,102,43,59,92,40,52,4,0,4,0,0,0,6,3,3,101,43,58,91,40,51,4,0,4,0,0,0,6,3,3,1,0,1,1,0,1,0,0,0,0,0,0,0,0,0,387,194,193
29,562,0043,602426,0000,000000,KARNATAKA,Dharwad,VILLAGE,Chebbi,Rural,1007,4536,2316,2220,591,318,273,490,250,240,64,33,31,2770,1599,1171,1766,717,1049,2232,1480,752,1720,1260,460,551,451,100,620,345,275,17,16,1,532,448,84,512,220,292,33,12,21,357,118,239,15,11,4,107,79,28,428,171,257,26,8,18,310,95,215,8,7,1,84,61,23,84,49,35,7,4,3,47,23,24,7,4,3,23,18,5,2304,836,1468
29,562,0043,602427,0000,000000,KARNATAKA,Dharwad,VILLAGE,B.Aralikatti,Rural,857,4357,2254,2103,505,271,234,257,142,115,309,157,152,2985,1677,1308,1372,577,795,1908,1349,559,1504,1196,308,233,218,15,808,572,236,41,37,4,422,369,53,404,153,251,24,14,10,317,92,225,1,1,0,62,46,16,374,143,231,24,14,10,298,90,208,1,1,0,51,38,13,30,10,20,0,0,0,19,2,17,0,0,0,11,8,3,2449,905,1544
29,562,0043,602428,0000,000000,KARNATAKA,Dharwad,VILLAGE,Warur,Rural,644,3265,1845,1420,407,224,183,405,214,191,283,147,136,2427,1484,943,838,361,477,1798,1084,714,961,748,213,318,298,20,153,112,41,26,6,20,464,332,132,837,336,501,41,19,22,227,71,156,61,15,46,508,231,277,641,266,375,27,11,16,210,65,145,58,14,44,346,176,170,196,70,126,14,8,6,17,6,11,3,1,2,162,55,107,1467,761,706
29,562,0043,602429,0000,000000,KARNATAKA,Dharwad,VILLAGE,Palikop,Rural,197,1014,520,494,105,55,50,64,28,36,23,12,11,645,367,278,369,153,216,531,326,205,466,324,142,230,195,35,178,79,99,4,4,0,54,46,8,65,2,63,3,0,3,2,0,2,2,2,0,58,0,58,65,2,63,3,0,3,2,0,2,2,2,0,58,0,58,0,0,0,0,0,0,0,0,0,0,0,0,0,0,0,483,194,289
29,562,0043,602430,0000,000000,KARNATAKA,Dharwad,VILLAGE,Tirumalkoppa,Rural,181,974,481,493,128,70,58,152,68,84,32,10,22,569,311,258,405,170,235,553,290,263,522,290,232,134,133,1,343,117,226,0,0,0,45,40,5,31,0,31,0,0,0,3,0,3,0,0,0,28,0,28,21,0,21,0,0,0,1,0,1,0,0,0,20,0,20,10,0,10,0,0,0,2,0,2,0,0,0,8,0,8,421,191,230
29,562,0043,602431,0000,000000,KARNATAKA,Dharwad,VILLAGE,Agadi,Rural,492,2532,1344,1188,335,181,154,111,54,57,50,27,23,1544,919,625,988,425,563,1386,813,573,1266,805,461,521,331,190,493,268,225,3,0,3,249,206,43,120,8,112,0,0,0,108,5,103,6,1,5,6,2,4,109,7,102,0,0,0,101,5,96,2,0,2,6,2,4,11,1,10,0,0,0,7,0,7,4,1,3,0,0,0,1146,531,615
29,562,0044,000000,0000,000000,KARNATAKA,Dharwad,CD BLOCK,Kalghatgi ,Total,27965,137742,71205,66537,18912,9777,9135,17206,8767,8439,7865,4116,3749,80237,46548,33689,57505,24657,32848,73571,44296,29275,63283,41207,22076,25368,19162,6206,26313,12457,13856,638,510,128,10964,9078,1886,10288,3089,7199,2743,622,2121,5895,1493,4402,184,87,97,1466,887,579,8206,2249,5957,2042,330,1712,4891,1127,3764,161,74,87,1112,718,394,2082,840,1242,701,292,409,1004,366,638,23,13,10,354,169,185,64171,26909,37262
29,562,0044,000000,0000,000000,KARNATAKA,Dharwad,CD BLOCK,Kalghatgi ,Rural,27965,137742,71205,66537,18912,9777,9135,17206,8767,8439,7865,4116,3749,80237,46548,33689,57505,24657,32848,73571,44296,29275,63283,41207,22076,25368,19162,6206,26313,12457,13856,638,510,128,10964,9078,1886,10288,3089,7199,2743,622,2121,5895,1493,4402,184,87,97,1466,887,579,8206,2249,5957,2042,330,1712,4891,1127,3764,161,74,87,1112,718,394,2082,840,1242,701,292,409,1004,366,638,23,13,10,354,169,185,64171,26909,37262
29,562,0044,000000,0000,000000,KARNATAKA,Dharwad,CD BLOCK,Kalghatgi ,Urban,0,0,0,0,0,0,0,0,0,0,0,0,0,0,0,0,0,0,0,0,0,0,0,0,0,0,0,0,0,0,0,0,0,0,0,0,0,0,0,0,0,0,0,0,0,0,0,0,0,0,0,0,0,0,0,0,0,0,0,0,0,0,0,0,0,0,0,0,0,0,0,0,0,0,0,0,0,0,0,0,0,0,0,0,0
29,562,0044,602432,0000,000000,KARNATAKA,Dharwad,VILLAGE,Hulakoppa,Rural,346,1782,903,879,238,117,121,60,26,34,0,0,0,1149,635,514,633,268,365,967,560,407,643,512,131,345,322,23,193,95,98,13,13,0,92,82,10,324,48,276,4,1,3,301,32,269,1,1,0,18,14,4,209,30,179,1,0,1,192,17,175,1,1,0,15,12,3,115,18,97,3,1,2,109,15,94,0,0,0,3,2,1,815,343,472
29,562,0044,602433,0000,000000,KARNATAKA,Dharwad,VILLAGE,Neerasagar,Rural,290,1493,803,690,213,103,110,362,205,157,195,101,94,908,573,335,585,230,355,961,551,410,803,465,338,564,319,245,133,55,78,4,3,1,102,88,14,158,86,72,51,26,25,92,54,38,1,0,1,14,6,8,68,20,48,18,2,16,39,14,25,1,0,1,10,4,6,90,66,24,33,24,9,53,40,13,0,0,0,4,2,2,532,252,280
29,562,0044,602434,0000,000000,KARNATAKA,Dharwad,VILLAGE,Kannenaikankoppa,Rural,60,361,203,158,60,30,30,0,0,0,81,41,40,206,126,80,155,77,78,230,135,95,202,123,79,135,82,53,59,34,25,0,0,0,8,7,1,28,12,16,20,10,10,7,2,5,0,0,0,1,0,1,1,0,1,1,0,1,0,0,0,0,0,0,0,0,0,27,12,15,19,10,9,7,2,5,0,0,0,1,0,1,131,68,63
29,562,0044,602435,0000,000000,KARNATAKA,Dharwad,VILLAGE,Basavarsikoppa,Rural,32,178,98,80,27,12,15,9,6,3,0,0,0,112,72,40,66,26,40,97,56,41,93,55,38,66,39,27,19,10,9,0,0,0,8,6,2,4,1,3,2,0,2,2,1,1,0,0,0,0,0,0,0,0,0,0,0,0,0,0,0,0,0,0,0,0,0,4,1,3,2,0,2,2,1,1,0,0,0,0,0,0,81,42,39
29,562,0044,602436,0000,000000,KARNATAKA,Dharwad,VILLAGE,Devalingikoppa,Rural,367,1864,957,907,254,134,120,49,22,27,274,143,131,1190,659,531,674,298,376,963,602,361,879,562,317,444,266,178,261,138,123,15,12,3,159,146,13,84,40,44,49,19,30,27,15,12,1,1,0,7,5,2,83,40,43,49,19,30,27,15,12,1,1,0,6,5,1,1,0,1,0,0,0,0,0,0,0,0,0,1,0,1,901,355,546
29,562,0044,602437,0000,000000,KARNATAKA,Dharwad,VILLAGE,Dasanur,Rural,186,1030,536,494,154,82,72,84,43,41,201,106,95,597,354,243,433,182,251,582,326,256,541,313,228,286,168,118,179,82,97,3,2,1,73,61,12,41,13,28,31,9,22,8,2,6,0,0,0,2,2,0,38,12,26,29,8,21,7,2,5,0,0,0,2,2,0,3,1,2,2,1,1,1,0,1,0,0,0,0,0,0,448,210,238
29,562,0044,602438,0000,000000,KARNATAKA,Dharwad,VILLAGE,G. Basavankoppa,Rural,292,1660,853,807,234,123,111,448,229,219,47,27,20,973,568,405,687,285,402,787,519,268,586,426,160,337,243,94,85,41,44,1,1,0,163,141,22,201,93,108,40,11,29,68,24,44,12,2,10,81,56,25,141,76,65,18,5,13,37,16,21,12,2,10,74,53,21,60,17,43,22,6,16,31,8,23,0,0,0,7,3,4,873,334,539
29,562,0044,602439,0000,000000,KARNATAKA,Dharwad,VILLAGE,Jammihal,Rural,164,950,513,437,141,84,57,18,13,5,122,69,53,628,363,265,322,150,172,461,307,154,406,302,104,130,116,14,86,16,70,3,3,0,187,167,20,55,5,50,23,3,20,30,1,29,0,0,0,2,1,1,45,2,43,17,2,15,27,0,27,0,0,0,1,0,1,10,3,7,6,1,5,3,1,2,0,0,0,1,1,0,489,206,283
29,562,0044,602440,0000,000000,KARNATAKA,Dharwad,VILLAGE,Lingankoppa,Rural,187,1009,516,493,168,80,88,35,17,18,6,3,3,468,266,202,541,250,291,643,353,290,579,312,267,417,211,206,102,47,55,0,0,0,60,54,6,64,41,23,53,32,21,7,6,1,1,1,0,3,2,1,6,3,3,3,1,2,1,1,0,0,0,0,2,1,1,58,38,20,50,31,19,6,5,1,1,1,0,1,1,0,366,163,203
29,562,0044,602441,0000,000000,KARNATAKA,Dharwad,VILLAGE,Galagi,Rural,932,4736,2414,2322,744,390,354,573,306,267,49,23,26,2559,1452,1107,2177,962,1215,2428,1465,963,2183,1392,791,946,668,278,822,388,434,51,31,20,364,305,59,245,73,172,151,40,111,63,19,44,4,1,3,27,13,14,200,44,156,131,28,103,47,8,39,3,0,3,19,8,11,45,29,16,20,12,8,16,11,5,1,1,0,8,5,3,2308,949,1359
29,562,0044,602442,0000,000000,KARNATAKA,Dharwad,VILLAGE,Karlakoppa,Rural,11,49,27,22,8,3,5,0,0,0,0,0,0,21,13,8,28,14,14,35,19,16,32,17,15,32,17,15,0,0,0,0,0,0,0,0,0,3,2,1,3,2,1,0,0,0,0,0,0,0,0,0,2,1,1,2,1,1,0,0,0,0,0,0,0,0,0,1,1,0,1,1,0,0,0,0,0,0,0,0,0,0,14,8,6
29,562,0044,602443,0000,000000,KARNATAKA,Dharwad,VILLAGE,Gambyapur,Rural,502,2588,1322,1266,373,201,172,788,385,403,8,4,4,1433,832,601,1155,490,665,1264,787,477,1223,768,455,454,380,74,535,196,339,5,5,0,229,187,42,41,19,22,5,4,1,23,4,19,1,0,1,12,11,1,15,9,6,1,1,0,7,1,6,0,0,0,7,7,0,26,10,16,4,3,1,16,3,13,1,0,1,5,4,1,1324,535,789
29,562,0044,602444,0000,000000,KARNATAKA,Dharwad,VILLAGE,Dhummawad,Rural,778,3827,1949,1878,535,259,276,459,255,204,671,347,324,2348,1353,995,1479,596,883,1826,1180,646,1126,877,249,446,367,79,248,133,115,14,14,0,418,363,55,700,303,397,109,28,81,368,115,253,1,0,1,222,160,62,535,227,308,85,17,68,272,81,191,1,0,1,177,129,48,165,76,89,24,11,13,96,34,62,0,0,0,45,31,14,2001,769,1232
29,562,0044,602445,0000,000000,KARNATAKA,Dharwad,VILLAGE,Yammihatti,Rural,166,892,464,428,125,58,67,59,31,28,120,57,63,482,286,196,410,178,232,455,299,156,363,275,88,112,98,14,87,26,61,2,2,0,162,149,13,92,24,68,33,6,27,48,11,37,1,1,0,10,6,4,66,13,53,22,2,20,35,5,30,0,0,0,9,6,3,26,11,15,11,4,7,13,6,7,1,1,0,1,0,1,437,165,272
29,562,0044,602446,0000,000000,KARNATAKA,Dharwad,VILLAGE,B.Shigigatti,Rural,125,664,335,329,81,43,38,93,43,50,34,18,16,359,207,152,305,128,177,360,197,163,356,193,163,204,115,89,141,69,72,1,1,0,10,8,2,4,4,0,1,1,0,2,2,0,0,0,0,1,1,0,4,4,0,1,1,0,2,2,0,0,0,0,1,1,0,0,0,0,0,0,0,0,0,0,0,0,0,0,0,0,304,138,166
29,562,0044,602447,0000,000000,KARNATAKA,Dharwad,VILLAGE,Arebasankoppa,Rural,122,632,321,311,114,55,59,96,51,45,54,26,28,373,225,148,259,96,163,318,196,122,164,141,23,62,59,3,41,26,15,0,0,0,61,56,5,154,55,99,61,17,44,62,12,50,0,0,0,31,26,5,104,49,55,27,14,13,50,11,39,0,0,0,27,24,3,50,6,44,34,3,31,12,1,11,0,0,0,4,2,2,314,125,189
29,562,0044,602448,0000,000000,KARNATAKA,Dharwad,VILLAGE,Hasarambi,Rural,200,1186,625,561,185,100,85,63,31,32,28,11,17,585,341,244,601,284,317,686,382,304,382,354,28,267,261,6,28,20,8,2,0,2,85,73,12,304,28,276,257,14,243,37,6,31,0,0,0,10,8,2,303,28,275,256,14,242,37,6,31,0,0,0,10,8,2,1,0,1,1,0,1,0,0,0,0,0,0,0,0,0,500,243,257
29,562,0044,602449,0000,000000,KARNATAKA,Dharwad,VILLAGE,Muttagi,Rural,315,1455,743,712,159,88,71,30,13,17,0,0,0,938,533,405,517,210,307,733,439,294,633,404,229,156,151,5,355,150,205,1,1,0,121,102,19,100,35,65,8,7,1,65,14,51,0,0,0,27,14,13,73,19,54,6,5,1,49,7,42,0,0,0,18,7,11,27,16,11,2,2,0,16,7,9,0,0,0,9,7,2,722,304,418
29,562,0044,602450,0000,000000,KARNATAKA,Dharwad,VILLAGE,Bangittigudihal,Rural,418,2263,1193,1070,288,144,144,79,39,40,214,118,96,1111,655,456,1152,538,614,1014,699,315,893,662,231,392,337,55,331,173,158,12,11,1,158,141,17,121,37,84,22,7,15,82,22,60,6,0,6,11,8,3,119,37,82,22,7,15,82,22,60,4,0,4,11,8,3,2,0,2,0,0,0,0,0,0,2,0,2,0,0,0,1249,494,755
29,562,0044,602451,0000,000000,KARNATAKA,Dharwad,VILLAGE,Kurankoppa,Rural,566,3034,1584,1450,400,200,200,147,73,74,204,108,96,1680,992,688,1354,592,762,1647,981,666,1455,914,541,581,425,156,506,185,321,12,9,3,356,295,61,192,67,125,12,6,6,127,41,86,1,0,1,52,20,32,172,54,118,11,6,5,112,30,82,1,0,1,48,18,30,20,13,7,1,0,1,15,11,4,0,0,0,4,2,2,1387,603,784
29,562,0044,602452,0000,000000,KARNATAKA,Dharwad,VILLAGE,Chalamatti,Rural,180,862,461,401,116,60,56,156,76,80,31,14,17,516,315,201,346,146,200,452,269,183,429,264,165,66,43,23,217,101,116,1,0,1,145,120,25,23,5,18,1,1,0,17,2,15,1,1,0,4,1,3,22,5,17,1,1,0,16,2,14,1,1,0,4,1,3,1,0,1,0,0,0,1,0,1,0,0,0,0,0,0,410,192,218
29,562,0044,602453,0000,000000,KARNATAKA,Dharwad,VILLAGE,Kadankoppa,Rural,300,1448,782,666,184,95,89,112,68,44,0,0,0,861,547,314,587,235,352,882,521,361,876,521,355,179,160,19,408,126,282,2,1,1,287,234,53,6,0,6,0,0,0,5,0,5,0,0,0,1,0,1,5,0,5,0,0,0,4,0,4,0,0,0,1,0,1,1,0,1,0,0,0,1,0,1,0,0,0,0,0,0,566,261,305
29,562,0044,602454,0000,000000,KARNATAKA,Dharwad,VILLAGE,Ugginakeri,Rural,461,2440,1263,1177,333,170,163,136,75,61,0,0,0,1437,839,598,1003,424,579,1393,789,604,1234,752,482,552,346,206,311,111,200,22,9,13,349,286,63,159,37,122,109,18,91,31,6,25,4,2,2,15,11,4,125,32,93,79,14,65,28,6,22,3,1,2,15,11,4,34,5,29,30,4,26,3,0,3,1,1,0,0,0,0,1047,474,573
29,562,0044,602455,0000,000000,KARNATAKA,Dharwad,VILLAGE,Hirehonnihalli,Rural,1137,5345,2789,2556,712,387,325,202,106,96,139,79,60,3400,1945,1455,1945,844,1101,2748,1681,1067,2380,1611,769,840,669,171,925,473,452,44,37,7,571,432,139,368,70,298,187,25,162,137,16,121,17,13,4,27,16,11,333,57,276,170,19,151,123,12,111,16,12,4,24,14,10,35,13,22,17,6,11,14,4,10,1,1,0,3,2,1,2597,1108,1489
29,562,0044,602456,0000,000000,KARNATAKA,Dharwad,VILLAGE,Dhulikoppa,Rural,164,787,425,362,96,53,43,67,39,28,66,36,30,503,316,187,284,109,175,515,279,236,507,274,233,23,20,3,479,253,226,0,0,0,5,1,4,8,5,3,0,0,0,7,5,2,0,0,0,1,0,1,6,3,3,0,0,0,5,3,2,0,0,0,1,0,1,2,2,0,0,0,0,2,2,0,0,0,0,0,0,0,272,146,126
29,562,0044,602457,0000,000000,KARNATAKA,Dharwad,VILLAGE,Shivanagar,Rural,346,1958,1041,917,398,213,185,1952,1039,913,0,0,0,656,408,248,1302,633,669,1189,621,568,1053,567,486,49,44,5,969,497,472,1,1,0,34,25,9,136,54,82,2,1,1,132,51,81,0,0,0,2,2,0,46,7,39,0,0,0,46,7,39,0,0,0,0,0,0,90,47,43,2,1,1,86,44,42,0,0,0,2,2,0,769,420,349
29,562,0044,602458,0000,000000,KARNATAKA,Dharwad,VILLAGE,Hullambi,Rural,315,1477,747,730,183,91,92,56,25,31,144,74,70,848,478,370,629,269,360,812,471,341,752,446,306,430,265,165,229,103,126,9,8,1,84,70,14,60,25,35,26,12,14,22,8,14,0,0,0,12,5,7,48,17,31,22,8,14,19,7,12,0,0,0,7,2,5,12,8,4,4,4,0,3,1,2,0,0,0,5,3,2,665,276,389
29,562,0044,602459,0000,000000,KARNATAKA,Dharwad,VILLAGE,Begur,Rural,585,2839,1488,1351,384,211,173,59,26,33,13,7,6,1540,887,653,1299,601,698,1742,942,800,1427,832,595,405,348,57,876,365,511,20,17,3,126,102,24,315,110,205,139,36,103,163,67,96,2,1,1,11,6,5,219,71,148,85,14,71,124,52,72,0,0,0,10,5,5,96,39,57,54,22,32,39,15,24,2,1,1,1,1,0,1097,546,551
29,562,0044,602460,0000,000000,KARNATAKA,Dharwad,VILLAGE,Bisaralli,Rural,212,942,475,467,133,54,79,249,124,125,10,4,6,550,326,224,392,149,243,538,298,240,405,291,114,105,102,3,214,119,95,7,6,1,79,64,15,133,7,126,36,2,34,93,3,90,1,0,1,3,2,1,130,6,124,36,2,34,90,2,88,1,0,1,3,2,1,3,1,2,0,0,0,3,1,2,0,0,0,0,0,0,404,177,227
29,562,0044,602461,0000,000000,KARNATAKA,Dharwad,VILLAGE,Kamadhenu,Rural,407,1772,923,849,192,97,95,42,24,18,177,99,78,1029,623,406,743,300,443,1124,602,522,925,569,356,433,287,146,376,191,185,2,2,0,114,89,25,199,33,166,95,9,86,76,11,65,0,0,0,28,13,15,91,23,68,27,1,26,45,11,34,0,0,0,19,11,8,108,10,98,68,8,60,31,0,31,0,0,0,9,2,7,648,321,327
29,562,0044,602462,0000,000000,KARNATAKA,Dharwad,VILLAGE,Mishrikoti,Rural,1932,9006,4646,4360,1113,602,511,1083,538,545,175,83,92,5280,2916,2364,3726,1730,1996,4657,2978,1679,3510,2409,1101,596,423,173,1219,575,644,60,44,16,1635,1367,268,1147,569,578,88,32,56,679,258,421,39,26,13,341,253,88,943,474,469,59,19,40,591,225,366,33,24,9,260,206,54,204,95,109,29,13,16,88,33,55,6,2,4,81,47,34,4349,1668,2681
29,562,0044,602463,0000,000000,KARNATAKA,Dharwad,VILLAGE,Harogeri,Rural,122,603,305,298,104,47,57,63,34,29,98,51,47,337,197,140,266,108,158,365,207,158,360,203,157,186,109,77,154,77,77,5,5,0,15,12,3,5,4,1,0,0,0,3,2,1,0,0,0,2,2,0,3,2,1,0,0,0,2,1,1,0,0,0,1,1,0,2,2,0,0,0,0,1,1,0,0,0,0,1,1,0,238,98,140
29,562,0044,602464,0000,000000,KARNATAKA,Dharwad,VILLAGE,Bhogenagarkoppa,Rural,520,2419,1253,1166,333,167,166,278,145,133,1,1,0,1219,719,500,1200,534,666,1239,749,490,1178,736,442,502,334,168,448,219,229,5,3,2,223,180,43,61,13,48,9,2,7,39,4,35,1,0,1,12,7,5,43,11,32,6,2,4,29,4,25,1,0,1,7,5,2,18,2,16,3,0,3,10,0,10,0,0,0,5,2,3,1180,504,676
29,562,0044,602465,0000,000000,KARNATAKA,Dharwad,VILLAGE,Kudalgi,Rural,236,1142,591,551,128,68,60,64,34,30,0,0,0,735,433,302,407,158,249,552,371,181,550,369,181,157,102,55,305,189,116,7,7,0,81,71,10,2,2,0,0,0,0,2,2,0,0,0,0,0,0,0,1,1,0,0,0,0,1,1,0,0,0,0,0,0,0,1,1,0,0,0,0,1,1,0,0,0,0,0,0,0,590,220,370
29,562,0044,602466,0000,000000,KARNATAKA,Dharwad,VILLAGE,Tumarikoppa,Rural,294,1355,697,658,165,72,93,228,118,110,24,12,12,917,542,375,438,155,283,694,406,288,656,392,264,137,111,26,394,179,215,4,4,0,121,98,23,38,14,24,1,0,1,27,6,21,0,0,0,10,8,2,38,14,24,1,0,1,27,6,21,0,0,0,10,8,2,0,0,0,0,0,0,0,0,0,0,0,0,0,0,0,661,291,370
29,562,0044,602467,0000,000000,KARNATAKA,Dharwad,VILLAGE,Rangapur,Rural,174,862,433,429,100,50,50,64,31,33,9,3,6,604,336,268,258,97,161,439,253,186,250,204,46,28,25,3,109,81,28,2,2,0,111,96,15,189,49,140,1,1,0,112,10,102,1,0,1,75,38,37,139,45,94,1,1,0,75,7,68,1,0,1,62,37,25,50,4,46,0,0,0,37,3,34,0,0,0,13,1,12,423,180,243
29,562,0044,602468,0000,000000,KARNATAKA,Dharwad,VILLAGE,Dastikoppa,Rural,576,2614,1358,1256,323,175,148,526,264,262,8,2,6,1656,950,706,958,408,550,1536,853,683,1264,793,471,414,324,90,395,98,297,9,3,6,446,368,78,272,60,212,15,6,9,181,35,146,0,0,0,76,19,57,209,32,177,15,6,9,136,14,122,0,0,0,58,12,46,63,28,35,0,0,0,45,21,24,0,0,0,18,7,11,1078,505,573
29,562,0044,602469,0000,000000,KARNATAKA,Dharwad,VILLAGE,Ramanal,Rural,280,1436,748,688,202,106,96,161,75,86,369,204,165,791,466,325,645,282,363,856,488,368,744,430,314,425,247,178,261,140,121,0,0,0,58,43,15,112,58,54,53,24,29,52,27,25,0,0,0,7,7,0,8,4,4,5,2,3,1,0,1,0,0,0,2,2,0,104,54,50,48,22,26,51,27,24,0,0,0,5,5,0,580,260,320
29,562,0044,602470,0000,000000,KARNATAKA,Dharwad,VILLAGE,Sangedevarkoppa,Rural,200,1010,523,487,147,71,76,169,87,82,14,8,6,524,310,214,486,213,273,568,319,249,321,311,10,258,256,2,12,10,2,3,3,0,48,42,6,247,8,239,228,6,222,18,1,17,0,0,0,1,1,0,245,6,239,227,5,222,18,1,17,0,0,0,0,0,0,2,2,0,1,1,0,0,0,0,0,0,0,1,1,0,442,204,238
29,562,0044,602471,0000,000000,KARNATAKA,Dharwad,VILLAGE,Madkihonnihalli,Rural,429,1993,1013,980,271,146,125,83,43,40,88,48,40,1210,703,507,783,310,473,998,633,365,919,593,326,358,235,123,305,159,146,2,0,2,254,199,55,79,40,39,1,0,1,66,31,35,0,0,0,12,9,3,78,40,38,0,0,0,66,31,35,0,0,0,12,9,3,1,0,1,1,0,1,0,0,0,0,0,0,0,0,0,995,380,615
29,562,0044,602472,0000,000000,KARNATAKA,Dharwad,VILLAGE,Kalakundi,Rural,129,608,309,299,95,40,55,45,23,22,0,0,0,311,178,133,297,131,166,399,222,177,397,220,177,107,102,5,281,110,171,0,0,0,9,8,1,2,2,0,0,0,0,0,0,0,1,1,0,1,1,0,2,2,0,0,0,0,0,0,0,1,1,0,1,1,0,0,0,0,0,0,0,0,0,0,0,0,0,0,0,0,209,87,122
29,562,0044,602473,0000,000000,KARNATAKA,Dharwad,VILLAGE,Sangameshwar,Rural,423,2151,1109,1042,275,140,135,125,64,61,16,11,5,1300,777,523,851,332,519,1248,693,555,947,669,278,752,523,229,41,15,26,9,9,0,145,122,23,301,24,277,53,10,43,239,8,231,4,3,1,5,3,2,273,12,261,31,2,29,238,8,230,2,1,1,2,1,1,28,12,16,22,8,14,1,0,1,2,2,0,3,2,1,903,416,487
29,562,0044,602474,0000,000000,KARNATAKA,Dharwad,VILLAGE,Masalikatti,Rural,124,743,395,348,104,54,50,43,24,19,0,0,0,422,255,167,321,140,181,441,238,203,435,235,200,242,131,111,137,57,80,4,4,0,52,43,9,6,3,3,5,3,2,1,0,1,0,0,0,0,0,0,4,3,1,4,3,1,0,0,0,0,0,0,0,0,0,2,0,2,1,0,1,1,0,1,0,0,0,0,0,0,302,157,145
29,562,0044,602475,0000,000000,KARNATAKA,Dharwad,VILLAGE,Sulikatti,Rural,188,929,470,459,125,53,72,30,12,18,27,12,15,517,333,184,412,137,275,562,298,264,512,275,237,238,158,80,193,44,149,2,2,0,79,71,8,50,23,27,39,19,20,6,1,5,3,1,2,2,2,0,23,10,13,14,7,7,5,1,4,2,0,2,2,2,0,27,13,14,25,12,13,1,0,1,1,1,0,0,0,0,367,172,195
29,562,0044,602476,0000,000000,KARNATAKA,Dharwad,VILLAGE,Hatakinhal,Rural,82,408,224,184,60,32,28,168,90,78,33,18,15,262,167,95,146,57,89,235,131,104,165,127,38,62,62,0,62,29,33,1,1,0,40,35,5,70,4,66,2,1,1,67,2,65,0,0,0,1,1,0,69,3,66,2,1,1,67,2,65,0,0,0,0,0,0,1,1,0,0,0,0,0,0,0,0,0,0,1,1,0,173,93,80
29,562,0044,602477,0000,000000,KARNATAKA,Dharwad,VILLAGE,Kandli,Rural,95,449,237,212,65,33,32,22,11,11,0,0,0,265,169,96,184,68,116,253,138,115,253,138,115,0,0,0,234,121,113,0,0,0,19,17,2,0,0,0,0,0,0,0,0,0,0,0,0,0,0,0,0,0,0,0,0,0,0,0,0,0,0,0,0,0,0,0,0,0,0,0,0,0,0,0,0,0,0,0,0,0,196,99,97
29,562,0044,602478,0000,000000,KARNATAKA,Dharwad,VILLAGE,Dimbavalli,Rural,69,426,204,222,79,34,45,83,36,47,3,2,1,192,114,78,234,90,144,242,126,116,237,123,114,59,30,29,161,78,83,0,0,0,17,15,2,5,3,2,2,1,1,3,2,1,0,0,0,0,0,0,5,3,2,2,1,1,3,2,1,0,0,0,0,0,0,0,0,0,0,0,0,0,0,0,0,0,0,0,0,0,184,78,106
29,562,0044,602479,0000,000000,KARNATAKA,Dharwad,VILLAGE,Nehru Nagar,Rural,140,705,339,366,130,67,63,704,338,366,0,0,0,445,244,201,260,95,165,362,184,178,357,184,173,44,40,4,300,132,168,0,0,0,13,12,1,5,0,5,0,0,0,5,0,5,0,0,0,0,0,0,4,0,4,0,0,0,4,0,4,0,0,0,0,0,0,1,0,1,0,0,0,1,0,1,0,0,0,0,0,0,343,155,188
29,562,0044,602480,0000,000000,KARNATAKA,Dharwad,VILLAGE,Devikoppa,Rural,975,4741,2392,2349,745,386,359,430,210,220,162,76,86,2842,1618,1224,1899,774,1125,2260,1456,804,2070,1377,693,654,532,122,1014,489,525,18,18,0,384,338,46,190,79,111,63,22,41,80,30,50,3,1,2,44,26,18,182,75,107,62,22,40,76,28,48,3,1,2,41,24,17,8,4,4,1,0,1,4,2,2,0,0,0,3,2,1,2481,936,1545
29,562,0044,602481,0000,000000,KARNATAKA,Dharwad,VILLAGE,Galaginakatti,Rural,107,466,241,225,69,34,35,19,11,8,54,29,25,312,180,132,154,61,93,286,150,136,286,150,136,24,12,12,258,137,121,0,0,0,4,1,3,0,0,0,0,0,0,0,0,0,0,0,0,0,0,0,0,0,0,0,0,0,0,0,0,0,0,0,0,0,0,0,0,0,0,0,0,0,0,0,0,0,0,0,0,0,180,91,89
29,562,0044,602482,0000,000000,KARNATAKA,Dharwad,VILLAGE,Belavantra,Rural,528,2474,1254,1220,347,188,159,105,55,50,138,73,65,1502,840,662,972,414,558,1071,788,283,879,720,159,641,549,92,112,65,47,6,6,0,120,100,20,192,68,124,40,1,39,145,61,84,0,0,0,7,6,1,191,67,124,40,1,39,145,61,84,0,0,0,6,5,1,1,1,0,0,0,0,0,0,0,0,0,0,1,1,0,1403,466,937
29,562,0044,602483,0000,000000,KARNATAKA,Dharwad,VILLAGE,Hanamapur,Rural,85,398,217,181,53,30,23,71,38,33,5,4,1,256,158,98,142,59,83,265,143,122,209,139,70,87,82,5,104,43,61,1,1,0,17,13,4,56,4,52,2,0,2,53,4,49,0,0,0,1,0,1,56,4,52,2,0,2,53,4,49,0,0,0,1,0,1,0,0,0,0,0,0,0,0,0,0,0,0,0,0,0,133,74,59
29,562,0044,602484,0000,000000,KARNATAKA,Dharwad,VILLAGE,Aladakatti,Rural,229,1062,550,512,131,62,69,103,56,47,98,45,53,651,392,259,411,158,253,608,352,256,607,352,255,127,127,0,423,180,243,0,0,0,57,45,12,1,0,1,0,0,0,1,0,1,0,0,0,0,0,0,1,0,1,0,0,0,1,0,1,0,0,0,0,0,0,0,0,0,0,0,0,0,0,0,0,0,0,0,0,0,454,198,256
29,562,0044,602485,0000,000000,KARNATAKA,Dharwad,VILLAGE,Singanahalli,Rural,130,656,333,323,110,59,51,255,124,131,0,0,0,399,225,174,257,108,149,398,208,190,358,206,152,179,103,76,170,97,73,0,0,0,9,6,3,40,2,38,19,1,18,21,1,20,0,0,0,0,0,0,36,2,34,18,1,17,18,1,17,0,0,0,0,0,0,4,0,4,1,0,1,3,0,3,0,0,0,0,0,0,258,125,133
29,562,0044,602486,0000,000000,KARNATAKA,Dharwad,VILLAGE,Junjanbail,Rural,232,1287,687,600,200,106,94,301,156,145,8,4,4,736,474,262,551,213,338,779,445,334,776,443,333,258,146,112,461,249,212,7,7,0,50,41,9,3,2,1,1,1,0,2,1,1,0,0,0,0,0,0,3,2,1,1,1,0,2,1,1,0,0,0,0,0,0,0,0,0,0,0,0,0,0,0,0,0,0,0,0,0,508,242,266
29,562,0044,602487,0000,000000,KARNATAKA,Dharwad,VILLAGE,Sangatikoppa,Rural,91,397,203,194,36,22,14,119,63,56,7,2,5,252,143,109,145,60,85,165,116,49,165,116,49,29,28,1,78,41,37,1,0,1,57,47,10,0,0,0,0,0,0,0,0,0,0,0,0,0,0,0,0,0,0,0,0,0,0,0,0,0,0,0,0,0,0,0,0,0,0,0,0,0,0,0,0,0,0,0,0,0,232,87,145
29,562,0044,602488,0000,000000,KARNATAKA,Dharwad,VILLAGE,Tambur,Rural,407,1899,986,913,299,146,153,64,31,33,36,20,16,1076,647,429,823,339,484,1042,607,435,1020,602,418,306,280,26,613,236,377,4,4,0,97,82,15,22,5,17,1,1,0,18,2,16,0,0,0,3,2,1,22,5,17,1,1,0,18,2,16,0,0,0,3,2,1,0,0,0,0,0,0,0,0,0,0,0,0,0,0,0,857,379,478
29,562,0044,602489,0000,000000,KARNATAKA,Dharwad,VILLAGE,Shiddanabhavi,Rural,4,16,6,10,5,1,4,0,0,0,0,0,0,6,3,3,10,3,7,7,4,3,7,4,3,4,4,0,3,0,3,0,0,0,0,0,0,0,0,0,0,0,0,0,0,0,0,0,0,0,0,0,0,0,0,0,0,0,0,0,0,0,0,0,0,0,0,0,0,0,0,0,0,0,0,0,0,0,0,0,0,0,9,2,7
29,562,0044,602490,0000,000000,KARNATAKA,Dharwad,VILLAGE,Hulaginakoppa,Rural,94,435,222,213,67,35,32,46,23,23,0,0,0,208,118,90,227,104,123,169,125,44,169,125,44,50,50,0,100,61,39,0,0,0,19,14,5,0,0,0,0,0,0,0,0,0,0,0,0,0,0,0,0,0,0,0,0,0,0,0,0,0,0,0,0,0,0,0,0,0,0,0,0,0,0,0,0,0,0,0,0,0,266,97,169
29,562,0044,602491,0000,000000,KARNATAKA,Dharwad,VILLAGE,Bagadageri,Rural,328,1457,756,701,180,100,80,134,75,59,127,72,55,803,459,344,654,297,357,823,483,340,818,480,338,392,239,153,295,142,153,6,6,0,125,93,32,5,3,2,2,0,2,0,0,0,0,0,0,3,3,0,3,2,1,1,0,1,0,0,0,0,0,0,2,2,0,2,1,1,1,0,1,0,0,0,0,0,0,1,1,0,634,273,361
29,562,0044,602492,0000,000000,KARNATAKA,Dharwad,VILLAGE,Ganjigatti,Rural,848,4406,2198,2208,570,298,272,683,327,356,231,119,112,2642,1448,1194,1764,750,1014,2161,1314,847,1930,1253,677,597,465,132,1116,645,471,31,23,8,186,120,66,231,61,170,0,0,0,71,17,54,59,19,40,101,25,76,144,45,99,0,0,0,68,16,52,58,19,39,18,10,8,87,16,71,0,0,0,3,1,2,1,0,1,83,15,68,2245,884,1361
29,562,0044,602493,0000,000000,KARNATAKA,Dharwad,VILLAGE,Surasettikoppa,Rural,464,2334,1262,1072,280,174,106,259,155,104,99,62,37,1607,958,649,727,304,423,1216,730,486,1188,714,474,491,326,165,499,219,280,7,7,0,191,162,29,28,16,12,11,6,5,12,6,6,0,0,0,5,4,1,16,9,7,7,5,2,5,1,4,0,0,0,4,3,1,12,7,5,4,1,3,7,5,2,0,0,0,1,1,0,1118,532,586
29,562,0044,602494,0000,000000,KARNATAKA,Dharwad,VILLAGE,Naganur,Rural,303,1413,712,701,198,98,100,258,138,120,401,195,206,847,472,375,566,240,326,610,438,172,599,435,164,340,276,64,209,116,93,4,4,0,46,39,7,11,3,8,3,1,2,7,1,6,0,0,0,1,1,0,11,3,8,3,1,2,7,1,6,0,0,0,1,1,0,0,0,0,0,0,0,0,0,0,0,0,0,0,0,0,803,274,529
29,562,0044,602495,0000,000000,KARNATAKA,Dharwad,VILLAGE,Dyamapur,Rural,82,375,178,197,61,22,39,32,17,15,0,0,0,264,144,120,111,34,77,157,120,37,153,118,35,73,70,3,70,39,31,0,0,0,10,9,1,4,2,2,1,1,0,1,0,1,0,0,0,2,1,1,4,2,2,1,1,0,1,0,1,0,0,0,2,1,1,0,0,0,0,0,0,0,0,0,0,0,0,0,0,0,218,58,160
29,562,0044,602496,0000,000000,KARNATAKA,Dharwad,VILLAGE,Parasapur,Rural,139,680,363,317,77,39,38,60,30,30,59,37,22,563,307,256,117,56,61,437,231,206,437,231,206,147,134,13,287,96,191,0,0,0,3,1,2,0,0,0,0,0,0,0,0,0,0,0,0,0,0,0,0,0,0,0,0,0,0,0,0,0,0,0,0,0,0,0,0,0,0,0,0,0,0,0,0,0,0,0,0,0,243,132,111
29,562,0044,602497,0000,000000,KARNATAKA,Dharwad,VILLAGE,Solargoppa,Rural,157,863,447,416,102,47,55,2,2,0,132,64,68,528,313,215,335,134,201,559,304,255,487,300,187,66,57,9,400,228,172,3,3,0,18,12,6,72,4,68,4,1,3,65,3,62,0,0,0,3,0,3,72,4,68,4,1,3,65,3,62,0,0,0,3,0,3,0,0,0,0,0,0,0,0,0,0,0,0,0,0,0,304,143,161
29,562,0044,602498,0000,000000,KARNATAKA,Dharwad,VILLAGE,Malkankoppa,Rural,340,1672,856,816,224,117,107,201,102,99,10,7,3,1007,576,431,665,280,385,721,547,174,718,544,174,498,380,118,155,106,49,6,6,0,59,52,7,3,3,0,0,0,0,0,0,0,2,2,0,1,1,0,2,2,0,0,0,0,0,0,0,2,2,0,0,0,0,1,1,0,0,0,0,0,0,0,0,0,0,1,1,0,951,309,642
29,562,0044,602499,0000,000000,KARNATAKA,Dharwad,VILLAGE,Hindasgeri,Rural,174,865,445,420,136,74,62,79,38,41,109,60,49,431,240,191,434,205,229,549,288,261,519,281,238,308,173,135,169,74,95,8,7,1,34,27,7,30,7,23,25,5,20,4,2,2,0,0,0,1,0,1,17,3,14,14,1,13,3,2,1,0,0,0,0,0,0,13,4,9,11,4,7,1,0,1,0,0,0,1,0,1,316,157,159
29,562,0044,602500,0000,000000,KARNATAKA,Dharwad,VILLAGE,Jinnur,Rural,400,1757,886,871,226,107,119,93,49,44,15,5,10,991,564,427,766,322,444,1033,598,435,985,578,407,556,346,210,303,126,177,8,7,1,118,99,19,48,20,28,29,14,15,17,5,12,0,0,0,2,1,1,17,5,12,8,2,6,8,3,5,0,0,0,1,0,1,31,15,16,21,12,9,9,2,7,0,0,0,1,1,0,724,288,436
29,562,0044,602501,0000,000000,KARNATAKA,Dharwad,VILLAGE,Shivanapur,Rural,138,740,384,356,125,69,56,38,18,20,215,98,117,391,218,173,349,166,183,404,206,198,195,169,26,59,57,2,50,36,14,0,0,0,86,76,10,209,37,172,30,4,26,143,16,127,0,0,0,36,17,19,208,37,171,30,4,26,142,16,126,0,0,0,36,17,19,1,0,1,0,0,0,1,0,1,0,0,0,0,0,0,336,178,158
29,562,0044,602502,0000,000000,KARNATAKA,Dharwad,VILLAGE,Somanakoppa,Rural,221,1086,570,516,145,80,65,69,32,37,159,78,81,680,403,277,406,167,239,627,348,279,581,344,237,308,223,85,186,54,132,11,9,2,76,58,18,46,4,42,17,1,16,26,0,26,1,1,0,2,2,0,40,1,39,15,0,15,24,0,24,0,0,0,1,1,0,6,3,3,2,1,1,2,0,2,1,1,0,1,1,0,459,222,237
29,562,0044,602503,0000,000000,KARNATAKA,Dharwad,VILLAGE,Dyavankonda,Rural,247,1136,596,540,141,69,72,52,29,23,15,8,7,686,422,264,450,174,276,715,389,326,466,308,158,251,186,65,174,82,92,17,17,0,24,23,1,249,81,168,0,0,0,237,71,166,3,3,0,9,7,2,248,81,167,0,0,0,236,71,165,3,3,0,9,7,2,1,0,1,0,0,0,1,0,1,0,0,0,0,0,0,421,207,214
29,562,0044,602504,0000,000000,KARNATAKA,Dharwad,VILLAGE,K. Hunishikatti,Rural,218,1045,554,491,164,94,70,72,34,38,41,23,18,576,353,223,469,201,268,545,333,212,512,323,189,205,153,52,241,119,122,8,4,4,58,47,11,33,10,23,4,2,2,27,6,21,1,1,0,1,1,0,18,2,16,2,0,2,16,2,14,0,0,0,0,0,0,15,8,7,2,2,0,11,4,7,1,1,0,1,1,0,500,221,279
29,562,0044,602505,0000,000000,KARNATAKA,Dharwad,VILLAGE,Tabakadhonnihalli,Rural,835,4170,2174,1996,586,300,286,338,180,158,611,321,290,2255,1283,972,1915,891,1024,2339,1385,954,1593,1192,401,949,753,196,447,282,165,23,15,8,174,142,32,746,193,553,9,5,4,728,181,547,0,0,0,9,7,2,736,188,548,7,4,3,721,178,543,0,0,0,8,6,2,10,5,5,2,1,1,7,3,4,0,0,0,1,1,0,1831,789,1042
29,562,0044,602506,0000,000000,KARNATAKA,Dharwad,VILLAGE,Bullanaikanahulikatti,Rural,141,749,410,339,103,56,47,39,17,22,67,44,23,451,280,171,298,130,168,420,275,145,419,274,145,257,175,82,125,69,56,4,4,0,33,26,7,1,1,0,1,1,0,0,0,0,0,0,0,0,0,0,1,1,0,1,1,0,0,0,0,0,0,0,0,0,0,0,0,0,0,0,0,0,0,0,0,0,0,0,0,0,329,135,194
29,562,0044,602507,0000,000000,KARNATAKA,Dharwad,VILLAGE,Guddad Hulikatti,Rural,300,1518,810,708,206,100,106,83,42,41,335,174,161,850,506,344,668,304,364,623,531,92,600,528,72,327,322,5,170,120,50,15,11,4,88,75,13,23,3,20,2,0,2,19,2,17,0,0,0,2,1,1,23,3,20,2,0,2,19,2,17,0,0,0,2,1,1,0,0,0,0,0,0,0,0,0,0,0,0,0,0,0,895,279,616
29,562,0044,602508,0000,000000,KARNATAKA,Dharwad,VILLAGE,Beeravalli,Rural,434,2080,1102,978,268,144,124,304,156,148,108,58,50,1257,769,488,823,333,490,1348,738,610,881,645,236,539,401,138,249,171,78,8,8,0,85,65,20,467,93,374,277,49,228,178,40,138,5,2,3,7,2,5,281,15,266,192,12,180,80,0,80,4,2,2,5,1,4,186,78,108,85,37,48,98,40,58,1,0,1,2,1,1,732,364,368
29,562,0044,602509,0000,000000,KARNATAKA,Dharwad,VILLAGE,Mukkall ,Rural,579,2674,1383,1291,300,164,136,104,50,54,302,164,138,1616,942,674,1058,441,617,1181,892,289,1125,863,262,534,520,14,433,219,214,9,9,0,149,115,34,56,29,27,34,23,11,5,2,3,1,0,1,16,4,12,31,11,20,20,9,11,5,2,3,1,0,1,5,0,5,25,18,7,14,14,0,0,0,0,0,0,0,11,4,7,1493,491,1002
29,562,0044,602510,0000,000000,KARNATAKA,Dharwad,VILLAGE,Yalavadal,Rural,266,1236,632,604,151,75,76,45,22,23,208,107,101,748,433,315,488,199,289,641,357,284,632,353,279,251,233,18,360,106,254,6,4,2,15,10,5,9,4,5,0,0,0,9,4,5,0,0,0,0,0,0,9,4,5,0,0,0,9,4,5,0,0,0,0,0,0,0,0,0,0,0,0,0,0,0,0,0,0,0,0,0,595,275,320
29,562,0044,602511,0000,000000,KARNATAKA,Dharwad,VILLAGE,Tavargeri,Rural,341,1612,822,790,188,102,86,167,77,90,159,85,74,901,511,390,711,311,400,1005,533,472,977,531,446,268,247,21,625,222,403,4,1,3,80,61,19,28,2,26,0,0,0,21,1,20,0,0,0,7,1,6,28,2,26,0,0,0,21,1,20,0,0,0,7,1,6,0,0,0,0,0,0,0,0,0,0,0,0,0,0,0,607,289,318
29,562,0044,602512,0000,000000,KARNATAKA,Dharwad,VILLAGE,Bammigatti,Rural,806,3731,1945,1786,424,218,206,99,49,50,41,21,20,2372,1349,1023,1359,596,763,1610,1203,407,1391,1120,271,597,510,87,412,263,149,33,27,6,349,320,29,219,83,136,55,16,39,145,52,93,3,2,1,16,13,3,207,79,128,49,14,35,141,51,90,3,2,1,14,12,2,12,4,8,6,2,4,4,1,3,0,0,0,2,1,1,2121,742,1379
29,562,0044,602513,0000,000000,KARNATAKA,Dharwad,VILLAGE,Aralihonda,Rural,157,841,437,404,108,53,55,146,67,79,9,4,5,460,263,197,381,174,207,461,270,191,459,269,190,246,244,2,207,20,187,2,2,0,4,3,1,2,1,1,0,0,0,1,1,0,0,0,0,1,0,1,2,1,1,0,0,0,1,1,0,0,0,0,1,0,1,0,0,0,0,0,0,0,0,0,0,0,0,0,0,0,380,167,213
29,562,0044,602514,0000,000000,KARNATAKA,Dharwad,VILLAGE,Nelliharvi,Rural,272,1410,721,689,199,94,105,159,77,82,81,50,31,832,491,341,578,230,348,766,434,332,691,428,263,214,183,31,417,199,218,0,0,0,60,46,14,75,6,69,1,1,0,73,5,68,0,0,0,1,0,1,73,5,68,1,1,0,72,4,68,0,0,0,0,0,0,2,1,1,0,0,0,1,1,0,0,0,0,1,0,1,644,287,357
29,562,0044,602515,0000,000000,KARNATAKA,Dharwad,VILLAGE,Rajajinagar,Rural,97,525,248,277,113,57,56,510,240,270,0,0,0,202,109,93,323,139,184,282,144,138,267,138,129,38,37,1,221,95,126,1,1,0,7,5,2,15,6,9,1,1,0,13,5,8,0,0,0,1,0,1,5,1,4,0,0,0,4,1,3,0,0,0,1,0,1,10,5,5,1,1,0,9,4,5,0,0,0,0,0,0,243,104,139
29,562,0044,602516,0000,000000,KARNATAKA,Dharwad,VILLAGE,Rajivanagar,Rural,209,1115,559,556,229,118,111,982,493,489,12,3,9,440,253,187,675,306,369,637,323,314,472,286,186,75,60,15,379,214,165,4,4,0,14,8,6,165,37,128,9,5,4,154,31,123,0,0,0,2,1,1,137,30,107,6,4,2,130,26,104,0,0,0,1,0,1,28,7,21,3,1,2,24,5,19,0,0,0,1,1,0,478,236,242
29,562,0044,602517,0000,000000,KARNATAKA,Dharwad,VILLAGE,Astakatti,Rural,109,520,275,245,81,43,38,2,1,1,58,34,24,280,170,110,240,105,135,267,154,113,257,151,106,79,77,2,158,60,98,7,7,0,13,7,6,10,3,7,3,2,1,7,1,6,0,0,0,0,0,0,6,1,5,0,0,0,6,1,5,0,0,0,0,0,0,4,2,2,3,2,1,1,0,1,0,0,0,0,0,0,253,121,132
29,562,0044,602518,0000,000000,KARNATAKA,Dharwad,VILLAGE,Bendalgatti,Rural,299,1519,782,737,214,102,112,261,126,135,0,0,0,870,516,354,649,266,383,886,521,365,800,512,288,321,262,59,394,201,193,16,12,4,69,37,32,86,9,77,72,6,66,10,1,9,2,1,1,2,1,1,80,6,74,68,3,65,8,1,7,2,1,1,2,1,1,6,3,3,4,3,1,2,0,2,0,0,0,0,0,0,633,261,372
29,562,0045,000000,0000,000000,KARNATAKA,Dharwad,CD BLOCK,Kundgol ,Total,29950,146842,75383,71459,16824,8770,8054,14116,7232,6884,11016,5609,5407,96449,55555,40894,50393,19828,30565,74079,46259,27820,64778,42953,21825,23567,18799,4768,31406,16156,15250,735,565,170,9070,7433,1637,9301,3306,5995,1077,367,710,6791,2020,4771,194,69,125,1239,850,389,8594,3019,5575,984,316,668,6419,1914,4505,121,47,74,1070,742,328,707,287,420,93,51,42,372,106,266,73,22,51,169,108,61,72763,29124,43639
29,562,0045,000000,0000,000000,KARNATAKA,Dharwad,CD BLOCK,Kundgol ,Rural,29950,146842,75383,71459,16824,8770,8054,14116,7232,6884,11016,5609,5407,96449,55555,40894,50393,19828,30565,74079,46259,27820,64778,42953,21825,23567,18799,4768,31406,16156,15250,735,565,170,9070,7433,1637,9301,3306,5995,1077,367,710,6791,2020,4771,194,69,125,1239,850,389,8594,3019,5575,984,316,668,6419,1914,4505,121,47,74,1070,742,328,707,287,420,93,51,42,372,106,266,73,22,51,169,108,61,72763,29124,43639
29,562,0045,000000,0000,000000,KARNATAKA,Dharwad,CD BLOCK,Kundgol ,Urban,0,0,0,0,0,0,0,0,0,0,0,0,0,0,0,0,0,0,0,0,0,0,0,0,0,0,0,0,0,0,0,0,0,0,0,0,0,0,0,0,0,0,0,0,0,0,0,0,0,0,0,0,0,0,0,0,0,0,0,0,0,0,0,0,0,0,0,0,0,0,0,0,0,0,0,0,0,0,0,0,0,0,0,0,0
29,562,0045,602519,0000,000000,KARNATAKA,Dharwad,VILLAGE,Pura,Rural,468,2527,1311,1216,273,142,131,168,80,88,14,6,8,1759,1036,723,768,275,493,1419,824,595,1212,780,432,295,281,14,791,408,383,3,3,0,123,88,35,207,44,163,3,3,0,168,14,154,1,0,1,35,27,8,206,43,163,2,2,0,168,14,154,1,0,1,35,27,8,1,1,0,1,1,0,0,0,0,0,0,0,0,0,0,1108,487,621
29,562,0045,602520,0000,000000,KARNATAKA,Dharwad,VILLAGE,Gudenakatti,Rural,362,1909,983,926,262,135,127,30,17,13,0,0,0,1293,760,533,616,223,393,1169,620,549,725,576,149,462,388,74,128,73,55,5,5,0,130,110,20,444,44,400,356,34,322,77,7,70,0,0,0,11,3,8,398,19,379,323,12,311,67,4,63,0,0,0,8,3,5,46,25,21,33,22,11,10,3,7,0,0,0,3,0,3,740,363,377
29,562,0045,602521,0000,000000,KARNATAKA,Dharwad,VILLAGE,Kundgol (Rural),Rural,0,0,0,0,0,0,0,0,0,0,0,0,0,0,0,0,0,0,0,0,0,0,0,0,0,0,0,0,0,0,0,0,0,0,0,0,0,0,0,0,0,0,0,0,0,0,0,0,0,0,0,0,0,0,0,0,0,0,0,0,0,0,0,0,0,0,0,0,0,0,0,0,0,0,0,0,0,0,0,0,0,0,0,0,0
29,562,0045,602522,0000,000000,KARNATAKA,Dharwad,VILLAGE,Shirur,Rural,722,3495,1764,1731,403,201,202,281,141,140,117,54,63,2259,1287,972,1236,477,759,1761,1119,642,1624,1073,551,515,416,99,785,381,404,14,12,2,310,264,46,137,46,91,38,9,29,65,10,55,1,1,0,33,26,7,127,41,86,34,7,27,60,8,52,1,1,0,32,25,7,10,5,5,4,2,2,5,2,3,0,0,0,1,1,0,1734,645,1089
29,562,0045,602523,0000,000000,KARNATAKA,Dharwad,VILLAGE,Bilebal,Rural,275,1333,694,639,162,73,89,190,102,88,39,20,19,929,543,386,404,151,253,845,446,399,524,338,186,179,158,21,314,156,158,6,5,1,25,19,6,321,108,213,4,2,2,302,98,204,7,1,6,8,7,1,229,78,151,1,1,0,218,72,146,4,0,4,6,5,1,92,30,62,3,1,2,84,26,58,3,1,2,2,2,0,488,248,240
29,562,0045,602524,0000,000000,KARNATAKA,Dharwad,VILLAGE,Devanur,Rural,586,3111,1631,1480,392,208,184,73,44,29,406,213,193,1948,1134,814,1163,497,666,1508,1001,507,1148,879,269,375,370,5,651,403,248,5,4,1,117,102,15,360,122,238,50,16,34,270,73,197,4,3,1,36,30,6,357,119,238,50,16,34,270,73,197,3,2,1,34,28,6,3,3,0,0,0,0,0,0,0,1,1,0,2,2,0,1603,630,973
29,562,0045,602525,0000,000000,KARNATAKA,Dharwad,VILLAGE,Betadur,Rural,900,4497,2307,2190,548,293,255,537,275,262,253,133,120,2687,1539,1148,1810,768,1042,2153,1384,769,2120,1375,745,643,509,134,1143,569,574,26,18,8,308,279,29,33,9,24,3,2,1,25,4,21,1,1,0,4,2,2,30,9,21,2,2,0,24,4,20,1,1,0,3,2,1,3,0,3,1,0,1,1,0,1,0,0,0,1,0,1,2344,923,1421
29,562,0045,602526,0000,000000,KARNATAKA,Dharwad,VILLAGE,Inamkoppa,Rural,207,1175,609,566,171,84,87,242,129,113,303,153,150,680,407,273,495,202,293,608,352,256,575,345,230,95,91,4,389,174,215,10,5,5,81,75,6,33,7,26,1,0,1,29,5,24,0,0,0,3,2,1,33,7,26,1,0,1,29,5,24,0,0,0,3,2,1,0,0,0,0,0,0,0,0,0,0,0,0,0,0,0,567,257,310
29,562,0045,602527,0000,000000,KARNATAKA,Dharwad,VILLAGE,Yaliwal,Rural,1021,5212,2723,2489,548,289,259,203,99,104,51,30,21,3584,2107,1477,1628,616,1012,2987,1713,1274,2409,1583,826,771,718,53,1283,575,708,19,16,3,336,274,62,578,130,448,38,7,31,458,67,391,8,0,8,74,56,18,572,127,445,38,7,31,457,67,390,8,0,8,69,53,16,6,3,3,0,0,0,1,0,1,0,0,0,5,3,2,2225,1010,1215
29,562,0045,602528,0000,000000,KARNATAKA,Dharwad,VILLAGE,Hanchinal,Rural,442,2110,1100,1010,229,115,114,110,56,54,55,28,27,1251,770,481,859,330,529,1076,703,373,918,668,250,282,234,48,540,349,191,6,6,0,90,79,11,158,35,123,39,6,33,112,29,83,0,0,0,7,0,7,153,33,120,37,5,32,109,28,81,0,0,0,7,0,7,5,2,3,2,1,1,3,1,2,0,0,0,0,0,0,1034,397,637
29,562,0045,602529,0000,000000,KARNATAKA,Dharwad,VILLAGE,Kamadolli,Rural,1636,7931,4027,3904,863,463,400,678,350,328,595,305,290,5017,2811,2206,2914,1216,1698,3793,2492,1301,2562,1791,771,580,501,79,1350,813,537,79,58,21,553,419,134,1231,701,530,93,60,33,975,535,440,13,9,4,150,97,53,1147,659,488,92,59,33,926,516,410,7,5,2,122,79,43,84,42,42,1,1,0,49,19,30,6,4,2,28,18,10,4138,1535,2603
29,562,0045,602530,0000,000000,KARNATAKA,Dharwad,VILLAGE,Chikkaharakuni,Rural,95,438,222,216,64,34,30,158,80,78,66,31,35,285,166,119,153,56,97,159,118,41,149,110,39,12,12,0,131,94,37,0,0,0,6,4,2,10,8,2,0,0,0,8,6,2,0,0,0,2,2,0,9,7,2,0,0,0,8,6,2,0,0,0,1,1,0,1,1,0,0,0,0,0,0,0,0,0,0,1,1,0,279,104,175
29,562,0045,602531,0000,000000,KARNATAKA,Dharwad,VILLAGE,Hireharakuni,Rural,985,4721,2425,2296,452,251,201,100,53,47,100,47,53,3377,1945,1432,1344,480,864,2630,1458,1172,2240,1329,911,923,659,264,1228,597,631,12,12,0,77,61,16,390,129,261,61,4,57,308,111,197,1,1,0,20,13,7,388,127,261,60,3,57,308,111,197,0,0,0,20,13,7,2,2,0,1,1,0,0,0,0,1,1,0,0,0,0,2091,967,1124
29,562,0045,602532,0000,000000,KARNATAKA,Dharwad,VILLAGE,Bujruk Tarlaghatta,Rural,743,3458,1772,1686,389,201,188,288,141,147,155,75,80,2310,1374,936,1148,398,750,1889,1125,764,1657,1093,564,506,448,58,897,453,444,21,21,0,233,171,62,232,32,200,3,2,1,206,19,187,2,0,2,21,11,10,231,32,199,3,2,1,206,19,187,1,0,1,21,11,10,1,0,1,0,0,0,0,0,0,1,0,1,0,0,0,1569,647,922
29,562,0045,602533,0000,000000,KARNATAKA,Dharwad,VILLAGE,Bullappanakoppa,Rural,228,1098,573,525,108,52,56,119,58,61,64,37,27,759,449,310,339,124,215,682,381,301,680,379,301,229,160,69,424,198,226,0,0,0,27,21,6,2,2,0,0,0,0,0,0,0,0,0,0,2,2,0,2,2,0,0,0,0,0,0,0,0,0,0,2,2,0,0,0,0,0,0,0,0,0,0,0,0,0,0,0,0,416,192,224
29,562,0045,602534,0000,000000,KARNATAKA,Dharwad,VILLAGE,Kubihal,Rural,657,3683,1915,1768,456,229,227,274,143,131,45,26,19,2487,1472,1015,1196,443,753,1846,1189,657,1816,1173,643,491,405,86,1168,633,535,4,0,4,153,135,18,30,16,14,3,2,1,20,10,10,0,0,0,7,4,3,25,15,10,3,2,1,15,9,6,0,0,0,7,4,3,5,1,4,0,0,0,5,1,4,0,0,0,0,0,0,1837,726,1111
29,562,0045,602535,0000,000000,KARNATAKA,Dharwad,VILLAGE,Vithalapur,Rural,120,658,354,304,94,46,48,37,20,17,108,60,48,369,235,134,289,119,170,218,210,8,111,107,4,96,93,3,3,3,0,0,0,0,12,11,1,107,103,4,3,3,0,3,2,1,7,7,0,94,91,3,87,83,4,3,3,0,3,2,1,6,6,0,75,72,3,20,20,0,0,0,0,0,0,0,1,1,0,19,19,0,440,144,296
29,562,0045,602536,0000,000000,KARNATAKA,Dharwad,VILLAGE,Hosakatti,Rural,269,1229,656,573,151,86,65,0,0,0,47,24,23,855,504,351,374,152,222,619,402,217,606,398,208,252,194,58,262,124,138,11,10,1,81,70,11,13,4,9,2,1,1,10,3,7,1,0,1,0,0,0,12,4,8,1,1,0,10,3,7,1,0,1,0,0,0,1,0,1,1,0,1,0,0,0,0,0,0,0,0,0,610,254,356
29,562,0045,602537,0000,000000,KARNATAKA,Dharwad,VILLAGE,Ramanakoppa,Rural,325,1720,901,819,236,121,115,164,81,83,34,19,15,1021,604,417,699,297,402,950,564,386,949,564,385,291,189,102,553,294,259,7,5,2,98,76,22,1,0,1,0,0,0,1,0,1,0,0,0,0,0,0,1,0,1,0,0,0,1,0,1,0,0,0,0,0,0,0,0,0,0,0,0,0,0,0,0,0,0,0,0,0,770,337,433
29,562,0045,602538,0000,000000,KARNATAKA,Dharwad,VILLAGE,Malali,Rural,345,1781,912,869,177,91,86,122,59,63,78,38,40,1392,761,631,389,151,238,1069,602,467,960,565,395,792,478,314,130,60,70,4,4,0,34,23,11,109,37,72,51,14,37,52,22,30,0,0,0,6,1,5,105,36,69,49,14,35,51,21,30,0,0,0,5,1,4,4,1,3,2,0,2,1,1,0,0,0,0,1,0,1,712,310,402
29,562,0045,602539,0000,000000,KARNATAKA,Dharwad,VILLAGE,Gurunahalli,Rural,412,2232,1158,1074,318,170,148,414,217,197,231,122,109,1530,875,655,702,283,419,973,702,271,964,698,266,646,484,162,205,112,93,1,1,0,112,101,11,9,4,5,1,1,0,3,0,3,1,0,1,4,3,1,9,4,5,1,1,0,3,0,3,1,0,1,4,3,1,0,0,0,0,0,0,0,0,0,0,0,0,0,0,0,1259,456,803
29,562,0045,602540,0000,000000,KARNATAKA,Dharwad,VILLAGE,Hirebudihal,Rural,284,1611,816,795,212,111,101,89,40,49,43,22,21,1156,626,530,455,190,265,646,515,131,644,513,131,332,321,11,214,106,108,4,3,1,94,83,11,2,2,0,1,1,0,0,0,0,0,0,0,1,1,0,2,2,0,1,1,0,0,0,0,0,0,0,1,1,0,0,0,0,0,0,0,0,0,0,0,0,0,0,0,0,965,301,664
29,562,0045,602541,0000,000000,KARNATAKA,Dharwad,VILLAGE,Ramapur,Rural,239,937,481,456,102,50,52,44,18,26,50,30,20,577,333,244,360,148,212,531,297,234,322,290,32,91,90,1,201,177,24,5,4,1,25,19,6,209,7,202,3,0,3,205,7,198,0,0,0,1,0,1,164,5,159,2,0,2,161,5,156,0,0,0,1,0,1,45,2,43,1,0,1,44,2,42,0,0,0,0,0,0,406,184,222
29,562,0045,602542,0000,000000,KARNATAKA,Dharwad,VILLAGE,Kunkur,Rural,312,1648,839,809,194,101,93,163,81,82,73,43,30,1014,581,433,634,258,376,916,498,418,750,477,273,307,233,74,286,117,169,19,11,8,138,116,22,166,21,145,2,0,2,147,13,134,3,1,2,14,7,7,146,16,130,2,0,2,134,12,122,1,0,1,9,4,5,20,5,15,0,0,0,13,1,12,2,1,1,5,3,2,732,341,391
29,562,0045,602543,0000,000000,KARNATAKA,Dharwad,VILLAGE,Jigalur,Rural,208,1044,554,490,115,63,52,109,61,48,26,13,13,711,424,287,333,130,203,389,335,54,319,294,25,194,186,8,40,33,7,3,2,1,82,73,9,70,41,29,4,0,4,34,16,18,1,1,0,31,24,7,69,40,29,4,0,4,34,16,18,1,1,0,30,23,7,1,1,0,0,0,0,0,0,0,0,0,0,1,1,0,655,219,436
29,562,0045,602544,0000,000000,KARNATAKA,Dharwad,VILLAGE,Belligatti,Rural,28,151,78,73,25,15,10,141,72,69,0,0,0,92,53,39,59,25,34,93,48,45,92,48,44,22,20,2,64,25,39,0,0,0,6,3,3,1,0,1,0,0,0,1,0,1,0,0,0,0,0,0,1,0,1,0,0,0,1,0,1,0,0,0,0,0,0,0,0,0,0,0,0,0,0,0,0,0,0,0,0,0,58,30,28
29,562,0045,602545,0000,000000,KARNATAKA,Dharwad,VILLAGE,Teertha,Rural,168,784,425,359,122,63,59,28,14,14,0,0,0,466,289,177,318,136,182,436,260,176,436,260,176,182,132,50,208,93,115,7,7,0,39,28,11,0,0,0,0,0,0,0,0,0,0,0,0,0,0,0,0,0,0,0,0,0,0,0,0,0,0,0,0,0,0,0,0,0,0,0,0,0,0,0,0,0,0,0,0,0,348,165,183
29,562,0045,602546,0000,000000,KARNATAKA,Dharwad,VILLAGE,Hanamanahalli,Rural,108,468,239,229,63,31,32,109,54,55,62,34,28,265,158,107,203,81,122,232,137,95,223,131,92,42,26,16,133,68,65,0,0,0,48,37,11,9,6,3,4,3,1,1,1,0,0,0,0,4,2,2,8,5,3,4,3,1,1,1,0,0,0,0,3,1,2,1,1,0,0,0,0,0,0,0,0,0,0,1,1,0,236,102,134
29,562,0045,602547,0000,000000,KARNATAKA,Dharwad,VILLAGE,Mattigatti,Rural,608,2908,1483,1425,342,180,162,322,165,157,302,160,142,1954,1095,859,954,388,566,1395,914,481,1272,869,403,202,190,12,902,544,358,12,10,2,156,125,31,123,45,78,13,12,1,88,13,75,3,3,0,19,17,2,116,44,72,12,12,0,82,12,70,3,3,0,19,17,2,7,1,6,1,0,1,6,1,5,0,0,0,0,0,0,1513,569,944
29,562,0045,602548,0000,000000,KARNATAKA,Dharwad,VILLAGE,Ingalagi,Rural,859,4224,2178,2046,450,224,226,499,256,243,176,94,82,2773,1647,1126,1451,531,920,2126,1449,677,2006,1337,669,716,632,84,1006,463,543,25,20,5,259,222,37,120,112,8,95,92,3,9,5,4,4,4,0,12,11,1,93,87,6,75,73,2,7,3,4,3,3,0,8,8,0,27,25,2,20,19,1,2,2,0,1,1,0,4,3,1,2098,729,1369
29,562,0045,602549,0000,000000,KARNATAKA,Dharwad,VILLAGE,Nelagudda,Rural,262,1267,677,590,130,67,63,111,56,55,268,146,122,953,562,391,314,115,199,536,408,128,393,363,30,277,265,12,52,46,6,11,9,2,53,43,10,143,45,98,36,10,26,58,12,46,11,5,6,38,18,20,137,44,93,36,10,26,58,12,46,10,4,6,33,18,15,6,1,5,0,0,0,0,0,0,1,1,0,5,0,5,731,269,462
29,562,0045,602550,0000,000000,KARNATAKA,Dharwad,VILLAGE,Yarinarayanpur,Rural,243,1248,608,640,128,59,69,146,68,78,13,8,5,882,513,369,366,95,271,662,400,262,647,394,253,361,248,113,243,113,130,0,0,0,43,33,10,15,6,9,6,4,2,9,2,7,0,0,0,0,0,0,15,6,9,6,4,2,9,2,7,0,0,0,0,0,0,0,0,0,0,0,0,0,0,0,0,0,0,0,0,0,586,208,378
29,562,0045,602551,0000,000000,KARNATAKA,Dharwad,VILLAGE,Yaraguppi,Rural,816,4055,2076,1979,507,255,252,334,177,157,3,3,0,2465,1399,1066,1590,677,913,2165,1322,843,2071,1280,791,1165,812,353,670,267,403,7,5,2,229,196,33,94,42,52,11,4,7,43,15,28,2,2,0,38,21,17,92,40,52,10,3,7,43,15,28,2,2,0,37,20,17,2,2,0,1,1,0,0,0,0,0,0,0,1,1,0,1890,754,1136
29,562,0045,602552,0000,000000,KARNATAKA,Dharwad,VILLAGE,Rottigawad,Rural,554,2494,1272,1222,265,137,128,155,82,73,267,122,145,1818,1041,777,676,231,445,1044,673,371,1012,652,360,250,202,48,619,332,287,13,11,2,130,107,23,32,21,11,0,0,0,11,4,7,1,0,1,20,17,3,31,20,11,0,0,0,11,4,7,1,0,1,19,16,3,1,1,0,0,0,0,0,0,0,0,0,0,1,1,0,1450,599,851
29,562,0045,602553,0000,000000,KARNATAKA,Dharwad,VILLAGE,Kodliwad,Rural,232,1336,682,654,174,93,81,64,31,33,519,249,270,837,491,346,499,191,308,824,421,403,695,407,288,283,252,31,345,104,241,12,10,2,55,41,14,129,14,115,1,0,1,125,12,113,0,0,0,3,2,1,129,14,115,1,0,1,125,12,113,0,0,0,3,2,1,0,0,0,0,0,0,0,0,0,0,0,0,0,0,0,512,261,251
29,562,0045,602554,0000,000000,KARNATAKA,Dharwad,VILLAGE,Konkanakuratti,Rural,265,1263,637,626,142,81,61,115,65,50,231,121,110,862,495,367,401,142,259,749,379,370,736,373,363,215,163,52,430,154,276,19,8,11,72,48,24,13,6,7,1,0,1,9,3,6,1,1,0,2,2,0,13,6,7,1,0,1,9,3,6,1,1,0,2,2,0,0,0,0,0,0,0,0,0,0,0,0,0,0,0,0,514,258,256
29,562,0045,602555,0000,000000,KARNATAKA,Dharwad,VILLAGE,Chikkanarti,Rural,268,1195,604,591,112,56,56,80,42,38,147,80,67,900,498,402,295,106,189,601,362,239,340,261,79,160,136,24,84,49,35,21,15,6,75,61,14,261,101,160,2,1,1,225,85,140,17,5,12,17,10,7,247,95,152,1,0,1,224,84,140,14,5,9,8,6,2,14,6,8,1,1,0,1,1,0,3,0,3,9,4,5,594,242,352
29,562,0045,602556,0000,000000,KARNATAKA,Dharwad,VILLAGE,Mullahalli,Rural,236,1041,534,507,133,74,59,53,28,25,0,0,0,693,416,277,348,118,230,599,330,269,570,315,255,231,181,50,278,80,198,1,0,1,60,54,6,29,15,14,2,1,1,13,2,11,0,0,0,14,12,2,28,14,14,2,1,1,13,2,11,0,0,0,13,11,2,1,1,0,0,0,0,0,0,0,0,0,0,1,1,0,442,204,238
29,562,0045,602557,0000,000000,KARNATAKA,Dharwad,VILLAGE,Benakanahalli,Rural,223,1237,627,610,102,51,51,104,48,56,94,43,51,864,490,374,373,137,236,606,399,207,511,376,135,302,261,41,116,35,81,7,6,1,86,74,12,95,23,72,0,0,0,95,23,72,0,0,0,0,0,0,95,23,72,0,0,0,95,23,72,0,0,0,0,0,0,0,0,0,0,0,0,0,0,0,0,0,0,0,0,0,631,228,403
29,562,0045,602558,0000,000000,KARNATAKA,Dharwad,VILLAGE,Hirenarti,Rural,607,3010,1524,1486,377,188,189,174,88,86,85,48,37,1811,1071,740,1199,453,746,1378,911,467,1154,806,348,434,398,36,516,244,272,84,55,29,120,109,11,224,105,119,6,1,5,211,102,109,1,0,1,6,2,4,222,105,117,6,1,5,211,102,109,1,0,1,4,2,2,2,0,2,0,0,0,0,0,0,0,0,0,2,0,2,1632,613,1019
29,562,0045,602559,0000,000000,KARNATAKA,Dharwad,VILLAGE,Basapur,Rural,168,881,469,412,93,51,42,109,60,49,17,11,6,576,346,230,305,123,182,409,298,111,398,287,111,101,94,7,183,86,97,1,1,0,113,106,7,11,11,0,1,1,0,6,6,0,0,0,0,4,4,0,10,10,0,1,1,0,6,6,0,0,0,0,3,3,0,1,1,0,0,0,0,0,0,0,0,0,0,1,1,0,472,171,301
29,562,0045,602560,0000,000000,KARNATAKA,Dharwad,VILLAGE,Chakalabbi,Rural,466,2272,1156,1116,247,128,119,165,80,85,228,116,112,1594,914,680,678,242,436,1302,682,620,1217,658,559,737,393,344,420,215,205,9,7,2,51,43,8,85,24,61,31,8,23,50,14,36,0,0,0,4,2,2,58,20,38,16,8,8,40,10,30,0,0,0,2,2,0,27,4,23,15,0,15,10,4,6,0,0,0,2,0,2,970,474,496
29,562,0045,602561,0000,000000,KARNATAKA,Dharwad,VILLAGE,Bardwad,Rural,485,2299,1170,1129,253,137,116,35,14,21,161,75,86,1411,818,593,888,352,536,1391,727,664,1364,715,649,604,483,121,689,182,507,15,11,4,56,39,17,27,12,15,3,1,2,13,3,10,1,1,0,10,7,3,27,12,15,3,1,2,13,3,10,1,1,0,10,7,3,0,0,0,0,0,0,0,0,0,0,0,0,0,0,0,908,443,465
29,562,0045,602562,0000,000000,KARNATAKA,Dharwad,VILLAGE,Bagawad,Rural,103,470,238,232,57,34,23,18,8,10,19,9,10,328,185,143,142,53,89,286,147,139,283,145,138,88,80,8,137,27,110,0,0,0,58,38,20,3,2,1,0,0,0,3,2,1,0,0,0,0,0,0,3,2,1,0,0,0,3,2,1,0,0,0,0,0,0,0,0,0,0,0,0,0,0,0,0,0,0,0,0,0,184,91,93
29,562,0045,602563,0000,000000,KARNATAKA,Dharwad,VILLAGE,Chikkagunjal,Rural,334,1510,788,722,125,70,55,172,92,80,400,201,199,1085,631,454,425,157,268,924,513,411,906,499,407,224,159,65,579,306,273,5,5,0,98,29,69,18,14,4,5,5,0,4,4,0,0,0,0,9,5,4,17,13,4,4,4,0,4,4,0,0,0,0,9,5,4,1,1,0,1,1,0,0,0,0,0,0,0,0,0,0,586,275,311
29,562,0045,602564,0000,000000,KARNATAKA,Dharwad,VILLAGE,Hiregunjal,Rural,532,2199,1080,1119,250,126,124,222,110,112,159,79,80,1490,821,669,709,259,450,1191,665,526,1149,661,488,267,218,49,812,382,430,4,4,0,66,57,9,42,4,38,3,1,2,38,3,35,0,0,0,1,0,1,40,3,37,3,1,2,36,2,34,0,0,0,1,0,1,2,1,1,0,0,0,2,1,1,0,0,0,0,0,0,1008,415,593
29,562,0045,602565,0000,000000,KARNATAKA,Dharwad,VILLAGE,Yaribudihal,Rural,991,4808,2510,2298,540,291,249,478,246,232,681,355,326,3222,1893,1329,1586,617,969,2501,1516,985,2262,1498,764,735,604,131,1329,735,594,28,26,2,170,133,37,239,18,221,7,4,3,228,12,216,1,0,1,3,2,1,239,18,221,7,4,3,228,12,216,1,0,1,3,2,1,0,0,0,0,0,0,0,0,0,0,0,0,0,0,0,2307,994,1313
29,562,0045,602566,0000,000000,KARNATAKA,Dharwad,VILLAGE,Hosahalli,Rural,207,968,511,457,101,55,46,123,67,56,2,1,1,633,377,256,335,134,201,310,293,17,279,265,14,81,78,3,164,158,6,5,3,2,29,26,3,31,28,3,7,7,0,20,18,2,0,0,0,4,3,1,30,28,2,7,7,0,20,18,2,0,0,0,3,3,0,1,0,1,0,0,0,0,0,0,0,0,0,1,0,1,658,218,440
29,562,0045,602567,0000,000000,KARNATAKA,Dharwad,VILLAGE,Saunshi,Rural,2681,12848,6501,6347,1415,739,676,823,424,399,1231,612,619,8506,4777,3729,4342,1724,2618,6114,3983,2131,5457,3764,1693,1284,1064,220,2526,1313,1213,36,29,7,1611,1358,253,657,219,438,16,13,3,465,91,374,4,2,2,172,113,59,643,211,432,16,13,3,462,89,373,2,1,1,163,108,55,14,8,6,0,0,0,3,2,1,2,1,1,9,5,4,6734,2518,4216
29,562,0045,602568,0000,000000,KARNATAKA,Dharwad,VILLAGE,Pasupathihal,Rural,664,3416,1769,1647,398,207,191,200,105,95,701,367,334,2259,1314,945,1157,455,702,1303,1026,277,1077,888,189,459,445,14,473,317,156,16,16,0,129,110,19,226,138,88,6,2,4,212,131,81,0,0,0,8,5,3,222,137,85,4,2,2,212,131,81,0,0,0,6,4,2,4,1,3,2,0,2,0,0,0,0,0,0,2,1,1,2113,743,1370
29,562,0045,602569,0000,000000,KARNATAKA,Dharwad,VILLAGE,Gudgeri,Rural,2183,9886,4996,4890,1036,541,495,1350,675,675,556,282,274,6948,3850,3098,2938,1146,1792,4559,3023,1536,3707,2660,1047,1375,1192,183,1243,652,591,66,56,10,1023,760,263,852,363,489,29,21,8,690,241,449,6,4,2,127,97,30,818,343,475,29,21,8,672,233,439,5,3,2,112,86,26,34,20,14,0,0,0,18,8,10,1,1,0,15,11,4,5327,1973,3354
29,562,0045,602570,0000,000000,KARNATAKA,Dharwad,VILLAGE,Haralapur,Rural,667,3183,1599,1584,373,196,177,573,286,287,732,355,377,2071,1162,909,1112,437,675,1650,946,704,1635,936,699,489,315,174,995,494,501,18,14,4,133,113,20,15,10,5,1,0,1,4,3,1,0,0,0,10,7,3,15,10,5,1,0,1,4,3,1,0,0,0,10,7,3,0,0,0,0,0,0,0,0,0,0,0,0,0,0,0,1533,653,880
29,562,0045,602571,0000,000000,KARNATAKA,Dharwad,VILLAGE,Sultanapur,Rural,305,1467,734,733,157,71,86,244,123,121,129,56,73,898,531,367,569,203,366,690,454,236,688,452,236,287,216,71,329,177,152,2,1,1,70,58,12,2,2,0,0,0,0,1,1,0,0,0,0,1,1,0,2,2,0,0,0,0,1,1,0,0,0,0,1,1,0,0,0,0,0,0,0,0,0,0,0,0,0,0,0,0,777,280,497
29,562,0045,602572,0000,000000,KARNATAKA,Dharwad,VILLAGE,Kalas,Rural,1406,7219,3747,3472,872,449,423,871,458,413,239,121,118,4427,2549,1878,2792,1198,1594,3272,2202,1070,3054,2149,905,1377,949,428,1155,721,434,12,8,4,510,471,39,218,53,165,23,4,19,170,32,138,2,2,0,23,15,8,166,30,136,22,4,18,127,15,112,1,1,0,16,10,6,52,23,29,1,0,1,43,17,26,1,1,0,7,5,2,3947,1545,2402
29,562,0045,602573,0000,000000,KARNATAKA,Dharwad,VILLAGE,Mandiganal,Rural,188,871,436,435,84,38,46,167,79,88,30,14,16,716,387,329,155,49,106,421,271,150,417,270,147,127,110,17,275,148,127,1,1,0,14,11,3,4,1,3,0,0,0,4,1,3,0,0,0,0,0,0,4,1,3,0,0,0,4,1,3,0,0,0,0,0,0,0,0,0,0,0,0,0,0,0,0,0,0,0,0,0,450,165,285
29,562,0045,602574,0000,000000,KARNATAKA,Dharwad,VILLAGE,Rattigeri,Rural,247,1195,607,588,171,78,93,61,31,30,112,55,57,615,390,225,580,217,363,631,389,242,365,353,12,165,164,1,165,156,9,0,0,0,35,33,2,266,36,230,2,1,1,261,33,228,0,0,0,3,2,1,250,34,216,2,1,1,245,31,214,0,0,0,3,2,1,16,2,14,0,0,0,16,2,14,0,0,0,0,0,0,564,218,346
29,562,0045,602575,0000,000000,KARNATAKA,Dharwad,VILLAGE,Goudgeri,Rural,557,2903,1526,1377,426,235,191,1439,759,680,343,181,162,1328,784,544,1575,742,833,1672,917,755,1287,781,506,549,389,160,664,343,321,7,1,6,67,48,19,385,136,249,2,1,1,198,81,117,87,14,73,98,40,58,257,104,153,2,1,1,150,73,77,38,6,32,67,24,43,128,32,96,0,0,0,48,8,40,49,8,41,31,16,15,1231,609,622
29,562,0045,602576,0000,000000,KARNATAKA,Dharwad,VILLAGE,Sankalipur,Rural,448,2208,1175,1033,235,141,94,38,24,14,156,82,74,1457,865,592,751,310,441,1171,744,427,1091,702,389,417,310,107,486,225,261,27,21,6,161,146,15,80,42,38,5,3,2,48,14,34,2,1,1,25,24,1,64,30,34,4,3,1,41,10,31,2,1,1,17,16,1,16,12,4,1,0,1,7,4,3,0,0,0,8,8,0,1037,431,606
