State/UTs_Code,District_Code,CD Block_Code,Town/Village_Code,Ward_Code,EB_Code,State/UTs_Name,District_Name,Level,Name,Total/Rural/Urban,No of Households,Total Population Person,Total Population Male,Total Population Female,Population in the age group 0-6 Person,Population in the age group 0-6 Male,Population in the age group 0-6 Female,Scheduled Castes population Person,Scheduled Castes population Male,Scheduled Castes population Female,Scheduled Tribes population Person,Scheduled Tribes population Male,Scheduled Tribes population Female,Literates Population Person,Literates Population Male,Literates Population Female,Illiterate Persons,Illiterate Male,Illiterate Female,Total Worker Population Person,Total Worker Population Male,Total Worker Population Female,Main Working Population Person,Main Working Population Male,Main Working Population Female,Main Cultivator Population Person,Main Cultivator Population Male,Main Cultivator Population Female,Main Agricultural Labourers Population Person,Main Agricultural Labourers Population Male,Main Agricultural Labourers Population Female,Main Household Industries Population Person,Main Household Industries Population Male,Main Household Industries Population Female,Main Other Workers Population Person,Main Other Workers Population Male,Main Other Workers Population Female,Marginal Worker Population Person,Marginal Worker Population Male,Marginal Worker Population Female,Marginal Cultivator Population Person,Marginal Cultivator Population Male,Marginal Cultivator Population Female,Marginal Agriculture Labourers Population Person,Marginal Agriculture Labourers Population Male,Marginal Agriculture Labourers Population Female,Marginal Household Industries Population Person,Marginal Household Industries Population Male,Marginal Household Industries Population Female,Marginal Other Workers Population Person,Marginal Other Workers Population Male,Marginal Other Workers Population Female,Marginal Worker Population 3_6 Person,Marginal Worker Population 3_6 Male,Marginal Worker Population 3_6 Female,Marginal Cultivator Population 3_6 Person,Marginal Cultivator Population 3_6 Male,Marginal Cultivator Population 3_6 Female,Marginal Agriculture Labourers Population 3_6 Person,Marginal Agriculture Labourers Population 3_6 Male,Marginal Agriculture Labourers Population 3_6 Female,Marginal Household Industries Population 3_6 Person,Marginal Household Industries Population 3_6 Male,Marginal Household Industries Population 3-6 Female,Marginal Other Workers Population Person 3_6 Person,Marginal Other Workers Population Person 3_6 Male,Marginal Other Workers Population Person 3_6 Female,Marginal Worker Population 0_3 Person,Marginal Worker Population 0_3 Male,Marginal Worker Population 0_3_Female,Marginal Cultivator Population 0_3 Person,Marginal Cultivator Population 0_3 Male,Marginal Cultivator Population 0_3_Female,Marginal Agriculture Labourers Population 0_3 Person,Marginal Agriculture Labourers Population 0_3 Male,Marginal Agriculture Labourers Population 0_3 Female,Marginal Household Industries Population 0_3 Person,Marginal Household Industries Population 0_3 Male,Marginal Household Industries Population 0_3 Female,Marginal Other Workers Population 0_3 Person,Marginal Other Workers Population 0_3 Male,Marginal Other Workers Population 0_3 Female,Non Working Population Person,Non Working Population Male,Non Working Population Female
29,564,0057,000000,0000,000000,KARNATAKA,Haveri,CD BLOCK,Shiggaon ,Total,28118,137174,70703,66471,17974,9342,8632,21459,11055,10404,10561,5463,5098,89076,50223,38853,48098,20480,27618,65683,43063,22620,54534,39244,15290,21733,18494,3239,22977,13099,9878,1016,571,445,8808,7080,1728,11149,3819,7330,1446,397,1049,7871,2434,5437,404,144,260,1428,844,584,10306,3546,6760,1292,349,943,7588,2367,5221,299,101,198,1127,729,398,843,273,570,154,48,106,283,67,216,105,43,62,301,115,186,71491,27640,43851
29,564,0057,000000,0000,000000,KARNATAKA,Haveri,CD BLOCK,Shiggaon ,Rural,28118,137174,70703,66471,17974,9342,8632,21459,11055,10404,10561,5463,5098,89076,50223,38853,48098,20480,27618,65683,43063,22620,54534,39244,15290,21733,18494,3239,22977,13099,9878,1016,571,445,8808,7080,1728,11149,3819,7330,1446,397,1049,7871,2434,5437,404,144,260,1428,844,584,10306,3546,6760,1292,349,943,7588,2367,5221,299,101,198,1127,729,398,843,273,570,154,48,106,283,67,216,105,43,62,301,115,186,71491,27640,43851
29,564,0057,000000,0000,000000,KARNATAKA,Haveri,CD BLOCK,Shiggaon ,Urban,0,0,0,0,0,0,0,0,0,0,0,0,0,0,0,0,0,0,0,0,0,0,0,0,0,0,0,0,0,0,0,0,0,0,0,0,0,0,0,0,0,0,0,0,0,0,0,0,0,0,0,0,0,0,0,0,0,0,0,0,0,0,0,0,0,0,0,0,0,0,0,0,0,0,0,0,0,0,0,0,0,0,0,0,0
29,564,0057,603879,0000,000000,KARNATAKA,Haveri,VILLAGE,Kamalanagar,Rural,116,586,319,267,102,57,45,573,311,262,2,1,1,275,166,109,311,153,158,322,180,142,308,174,134,12,12,0,267,138,129,0,0,0,29,24,5,14,6,8,0,0,0,12,5,7,0,0,0,2,1,1,13,5,8,0,0,0,12,5,7,0,0,0,1,0,1,1,1,0,0,0,0,0,0,0,0,0,0,1,1,0,264,139,125
29,564,0057,603880,0000,000000,KARNATAKA,Haveri,VILLAGE,Muthalli,Rural,244,1130,581,549,147,80,67,363,180,183,66,36,30,702,402,300,428,179,249,590,348,242,523,331,192,42,36,6,336,185,151,8,4,4,137,106,31,67,17,50,12,3,9,38,4,34,1,0,1,16,10,6,22,11,11,2,1,1,7,1,6,1,0,1,12,9,3,45,6,39,10,2,8,31,3,28,0,0,0,4,1,3,540,233,307
29,564,0057,603881,0000,000000,KARNATAKA,Haveri,VILLAGE,Tadas,Rural,1760,8755,4449,4306,1268,640,628,1095,554,541,59,29,30,5542,2990,2552,3213,1459,1754,3316,2504,812,2624,2076,548,736,621,115,710,475,235,118,92,26,1060,888,172,692,428,264,22,13,9,249,164,85,172,77,95,249,174,75,588,374,214,18,11,7,248,164,84,115,49,66,207,150,57,104,54,50,4,2,2,1,0,1,57,28,29,42,24,18,5439,1945,3494
29,564,0057,603882,0000,000000,KARNATAKA,Haveri,VILLAGE,Thimmapur,Rural,340,1625,848,777,248,139,109,177,91,86,26,12,14,955,526,429,670,322,348,674,484,190,629,480,149,304,262,42,196,116,80,6,2,4,123,100,23,45,4,41,21,1,20,19,2,17,2,0,2,3,1,2,45,4,41,21,1,20,19,2,17,2,0,2,3,1,2,0,0,0,0,0,0,0,0,0,0,0,0,0,0,0,951,364,587
29,564,0057,603883,0000,000000,KARNATAKA,Haveri,VILLAGE,Adavisomapur,Rural,401,1881,980,901,278,155,123,41,25,16,316,165,151,1064,622,442,817,358,459,887,629,258,709,526,183,368,342,26,296,157,139,8,7,1,37,20,17,178,103,75,3,3,0,155,81,74,0,0,0,20,19,1,178,103,75,3,3,0,155,81,74,0,0,0,20,19,1,0,0,0,0,0,0,0,0,0,0,0,0,0,0,0,994,351,643
29,564,0057,603884,0000,000000,KARNATAKA,Haveri,VILLAGE,Gudageri,Rural,0,0,0,0,0,0,0,0,0,0,0,0,0,0,0,0,0,0,0,0,0,0,0,0,0,0,0,0,0,0,0,0,0,0,0,0,0,0,0,0,0,0,0,0,0,0,0,0,0,0,0,0,0,0,0,0,0,0,0,0,0,0,0,0,0,0,0,0,0,0,0,0,0,0,0,0,0,0,0,0,0,0,0,0,0
29,564,0057,603885,0000,000000,KARNATAKA,Haveri,VILLAGE,Mamadapur,Rural,104,585,304,281,120,63,57,584,303,281,0,0,0,313,185,128,272,119,153,350,177,173,348,177,171,139,75,64,174,77,97,0,0,0,35,25,10,2,0,2,0,0,0,2,0,2,0,0,0,0,0,0,2,0,2,0,0,0,2,0,2,0,0,0,0,0,0,0,0,0,0,0,0,0,0,0,0,0,0,0,0,0,235,127,108
29,564,0057,603886,0000,000000,KARNATAKA,Haveri,VILLAGE,Kunnur,Rural,659,3245,1663,1582,472,229,243,311,156,155,214,113,101,1929,1091,838,1316,572,744,1570,1047,523,1472,1030,442,606,544,62,646,321,325,16,14,2,204,151,53,98,17,81,4,2,2,88,12,76,0,0,0,6,3,3,98,17,81,4,2,2,88,12,76,0,0,0,6,3,3,0,0,0,0,0,0,0,0,0,0,0,0,0,0,0,1675,616,1059
29,564,0057,603887,0000,000000,KARNATAKA,Haveri,VILLAGE,Neeralgi,Rural,352,1584,837,747,196,110,86,572,302,270,137,74,63,1088,629,459,496,208,288,609,506,103,587,494,93,183,178,5,324,253,71,8,7,1,72,56,16,22,12,10,1,1,0,11,3,8,0,0,0,10,8,2,18,10,8,1,1,0,9,2,7,0,0,0,8,7,1,4,2,2,0,0,0,2,1,1,0,0,0,2,1,1,975,331,644
29,564,0057,603888,0000,000000,KARNATAKA,Haveri,VILLAGE,Kadahalli,Rural,214,1084,557,527,157,71,86,238,117,121,274,147,127,777,439,338,307,118,189,329,301,28,317,290,27,257,243,14,30,24,6,0,0,0,30,23,7,12,11,1,0,0,0,7,7,0,0,0,0,5,4,1,7,6,1,0,0,0,5,5,0,0,0,0,2,1,1,5,5,0,0,0,0,2,2,0,0,0,0,3,3,0,755,256,499
29,564,0057,603889,0000,000000,KARNATAKA,Haveri,VILLAGE,Shyadambi,Rural,117,592,303,289,79,41,38,301,147,154,16,10,6,405,232,173,187,71,116,314,205,109,215,193,22,121,120,1,43,30,13,4,4,0,47,39,8,99,12,87,6,3,3,90,7,83,0,0,0,3,2,1,88,8,80,6,3,3,82,5,77,0,0,0,0,0,0,11,4,7,0,0,0,8,2,6,0,0,0,3,2,1,278,98,180
29,564,0057,603890,0000,000000,KARNATAKA,Haveri,VILLAGE,Dhundshi,Rural,550,2444,1254,1190,311,185,126,819,440,379,36,11,25,1749,955,794,695,299,396,1142,759,383,1081,714,367,204,187,17,672,370,302,6,3,3,199,154,45,61,45,16,8,8,0,18,9,9,2,1,1,33,27,6,59,44,15,8,8,0,18,9,9,1,0,1,32,27,5,2,1,1,0,0,0,0,0,0,1,1,0,1,0,1,1302,495,807
29,564,0057,603891,0000,000000,KARNATAKA,Haveri,VILLAGE,Jondalgatti,Rural,41,143,82,61,23,16,7,0,0,0,0,0,0,63,37,26,80,45,35,92,52,40,91,52,39,40,40,0,43,7,36,0,0,0,8,5,3,1,0,1,1,0,1,0,0,0,0,0,0,0,0,0,1,0,1,1,0,1,0,0,0,0,0,0,0,0,0,0,0,0,0,0,0,0,0,0,0,0,0,0,0,0,51,30,21
29,564,0057,603892,0000,000000,KARNATAKA,Haveri,VILLAGE,Aratal,Rural,391,1687,884,803,236,131,105,466,246,220,22,11,11,1103,631,472,584,253,331,778,514,264,763,505,258,311,299,12,338,116,222,14,13,1,100,77,23,15,9,6,2,1,1,11,6,5,0,0,0,2,2,0,15,9,6,2,1,1,11,6,5,0,0,0,2,2,0,0,0,0,0,0,0,0,0,0,0,0,0,0,0,0,909,370,539
29,564,0057,603893,0000,000000,KARNATAKA,Haveri,VILLAGE,Bujruk Basapur,Rural,103,404,196,208,76,32,44,51,23,28,7,3,4,214,121,93,190,75,115,185,121,64,161,112,49,18,17,1,90,49,41,1,0,1,52,46,6,24,9,15,0,0,0,9,3,6,5,2,3,10,4,6,18,7,11,0,0,0,9,3,6,3,1,2,6,3,3,6,2,4,0,0,0,0,0,0,2,1,1,4,1,3,219,75,144
29,564,0057,603894,0000,000000,KARNATAKA,Haveri,VILLAGE,Madli,Rural,284,1349,709,640,205,102,103,389,202,187,247,130,117,735,429,306,614,280,334,852,464,388,810,455,355,200,188,12,569,244,325,1,1,0,40,22,18,42,9,33,0,0,0,2,0,2,0,0,0,40,9,31,35,7,28,0,0,0,2,0,2,0,0,0,33,7,26,7,2,5,0,0,0,0,0,0,0,0,0,7,2,5,497,245,252
29,564,0057,603895,0000,000000,KARNATAKA,Haveri,VILLAGE,Hulsogi,Rural,299,1534,813,721,194,99,95,182,92,90,176,86,90,974,582,392,560,231,329,814,537,277,536,491,45,406,391,15,85,66,19,5,4,1,40,30,10,278,46,232,135,21,114,134,19,115,3,2,1,6,4,2,276,46,230,135,21,114,132,19,113,3,2,1,6,4,2,2,0,2,0,0,0,2,0,2,0,0,0,0,0,0,720,276,444
29,564,0057,603896,0000,000000,KARNATAKA,Haveri,VILLAGE,Hiremanakatti (Manakatti),Rural,376,1945,986,959,244,129,115,189,104,85,37,22,15,1290,714,576,655,272,383,983,641,342,979,639,340,513,399,114,312,118,194,19,15,4,135,107,28,4,2,2,0,0,0,0,0,0,0,0,0,4,2,2,4,2,2,0,0,0,0,0,0,0,0,0,4,2,2,0,0,0,0,0,0,0,0,0,0,0,0,0,0,0,962,345,617
29,564,0057,603897,0000,000000,KARNATAKA,Haveri,VILLAGE,Bisatikoppa,Rural,87,438,221,217,63,27,36,19,9,10,135,63,72,251,147,104,187,74,113,257,149,108,257,149,108,127,84,43,121,60,61,1,1,0,8,4,4,0,0,0,0,0,0,0,0,0,0,0,0,0,0,0,0,0,0,0,0,0,0,0,0,0,0,0,0,0,0,0,0,0,0,0,0,0,0,0,0,0,0,0,0,0,181,72,109
29,564,0057,603898,0000,000000,KARNATAKA,Haveri,VILLAGE,Gotagodi,Rural,151,694,369,325,97,52,45,89,43,46,185,94,91,427,251,176,267,118,149,354,237,117,348,234,114,70,69,1,247,140,107,0,0,0,31,25,6,6,3,3,1,1,0,3,0,3,0,0,0,2,2,0,5,2,3,0,0,0,3,0,3,0,0,0,2,2,0,1,1,0,1,1,0,0,0,0,0,0,0,0,0,0,340,132,208
29,564,0057,603899,0000,000000,KARNATAKA,Haveri,VILLAGE,Sheelvant Somapur,Rural,313,1506,775,731,179,87,92,66,35,31,50,26,24,842,497,345,664,278,386,770,527,243,548,421,127,195,169,26,287,206,81,2,0,2,64,46,18,222,106,116,10,2,8,167,66,101,4,3,1,41,35,6,217,104,113,9,2,7,167,66,101,4,3,1,37,33,4,5,2,3,1,0,1,0,0,0,0,0,0,4,2,2,736,248,488
29,564,0057,603900,0000,000000,KARNATAKA,Haveri,VILLAGE,Wanahalli,Rural,297,1405,725,680,160,92,68,521,278,243,108,59,49,956,534,422,449,191,258,743,445,298,652,400,252,214,153,61,257,100,157,4,3,1,177,144,33,91,45,46,8,1,7,72,35,37,0,0,0,11,9,2,88,45,43,7,1,6,70,35,35,0,0,0,11,9,2,3,0,3,1,0,1,2,0,2,0,0,0,0,0,0,662,280,382
29,564,0057,603901,0000,000000,KARNATAKA,Haveri,VILLAGE,Kamanahalli,Rural,244,1163,619,544,151,81,70,329,181,148,222,116,106,710,434,276,453,185,268,755,411,344,438,381,57,200,195,5,110,71,39,3,3,0,125,112,13,317,30,287,2,1,1,265,13,252,2,0,2,48,16,32,310,27,283,2,1,1,263,12,251,1,0,1,44,14,30,7,3,4,0,0,0,2,1,1,1,0,1,4,2,2,408,208,200
29,564,0057,603902,0000,000000,KARNATAKA,Haveri,VILLAGE,Makapur,Rural,38,195,105,90,22,11,11,175,96,79,0,0,0,108,62,46,87,43,44,118,71,47,118,71,47,1,1,0,115,69,46,0,0,0,2,1,1,0,0,0,0,0,0,0,0,0,0,0,0,0,0,0,0,0,0,0,0,0,0,0,0,0,0,0,0,0,0,0,0,0,0,0,0,0,0,0,0,0,0,0,0,0,77,34,43
29,564,0057,603903,0000,000000,KARNATAKA,Haveri,VILLAGE,Yattinahalli,Rural,426,2091,1080,1011,303,169,134,994,509,485,47,22,25,1230,685,545,861,395,466,1050,622,428,764,486,278,59,53,6,645,383,262,2,2,0,58,48,10,286,136,150,33,14,19,213,101,112,9,5,4,31,16,15,255,128,127,30,14,16,193,96,97,6,4,2,26,14,12,31,8,23,3,0,3,20,5,15,3,1,2,5,2,3,1041,458,583
29,564,0057,603904,0000,000000,KARNATAKA,Haveri,VILLAGE,Hosur,Rural,381,1821,932,889,230,117,113,186,97,89,70,34,36,1309,723,586,512,209,303,874,574,300,575,499,76,342,333,9,106,56,50,0,0,0,127,110,17,299,75,224,9,0,9,264,55,209,0,0,0,26,20,6,288,70,218,9,0,9,257,54,203,0,0,0,22,16,6,11,5,6,0,0,0,7,1,6,0,0,0,4,4,0,947,358,589
29,564,0057,603905,0000,000000,KARNATAKA,Haveri,VILLAGE,Basavanakoppa,Rural,41,211,115,96,26,15,11,49,28,21,95,52,43,105,62,43,106,53,53,125,72,53,76,61,15,51,49,2,21,9,12,0,0,0,4,3,1,49,11,38,0,0,0,47,9,38,0,0,0,2,2,0,49,11,38,0,0,0,47,9,38,0,0,0,2,2,0,0,0,0,0,0,0,0,0,0,0,0,0,0,0,0,86,43,43
29,564,0057,603906,0000,000000,KARNATAKA,Haveri,VILLAGE,Bhadrapur,Rural,199,976,525,451,172,93,79,254,141,113,238,126,112,475,290,185,501,235,266,515,310,205,358,260,98,99,87,12,218,151,67,5,2,3,36,20,16,157,50,107,2,2,0,147,43,104,0,0,0,8,5,3,138,44,94,1,1,0,130,39,91,0,0,0,7,4,3,19,6,13,1,1,0,17,4,13,0,0,0,1,1,0,461,215,246
29,564,0057,603907,0000,000000,KARNATAKA,Haveri,VILLAGE,Konankeri,Rural,327,1566,763,803,250,117,133,167,84,83,122,54,68,986,528,458,580,235,345,623,461,162,505,429,76,286,257,29,163,129,34,2,1,1,54,42,12,118,32,86,55,5,50,63,27,36,0,0,0,0,0,0,118,32,86,55,5,50,63,27,36,0,0,0,0,0,0,0,0,0,0,0,0,0,0,0,0,0,0,0,0,0,943,302,641
29,564,0057,603908,0000,000000,KARNATAKA,Haveri,VILLAGE,Mulkeri,Rural,200,1060,547,513,149,86,63,142,75,67,26,10,16,663,374,289,397,173,224,498,324,174,430,306,124,194,169,25,202,116,86,1,1,0,33,20,13,68,18,50,15,1,14,45,13,32,0,0,0,8,4,4,68,18,50,15,1,14,45,13,32,0,0,0,8,4,4,0,0,0,0,0,0,0,0,0,0,0,0,0,0,0,562,223,339
29,564,0057,603909,0000,000000,KARNATAKA,Haveri,VILLAGE,Shyabala,Rural,146,735,369,366,84,41,43,33,13,20,104,51,53,490,273,217,245,96,149,467,246,221,442,241,201,150,129,21,290,111,179,0,0,0,2,1,1,25,5,20,2,2,0,22,3,19,0,0,0,1,0,1,25,5,20,2,2,0,22,3,19,0,0,0,1,0,1,0,0,0,0,0,0,0,0,0,0,0,0,0,0,0,268,123,145
29,564,0057,603910,0000,000000,KARNATAKA,Haveri,VILLAGE,Neeralakatti,Rural,255,1130,575,555,169,79,90,1026,521,505,31,15,16,421,267,154,709,308,401,606,318,288,442,304,138,134,107,27,264,169,95,5,2,3,39,26,13,164,14,150,39,2,37,124,11,113,0,0,0,1,1,0,160,13,147,39,2,37,120,10,110,0,0,0,1,1,0,4,1,3,0,0,0,4,1,3,0,0,0,0,0,0,524,257,267
29,564,0057,603911,0000,000000,KARNATAKA,Haveri,VILLAGE,Chandapur,Rural,375,1792,908,884,200,105,95,159,82,77,198,99,99,1262,696,566,530,212,318,1101,567,534,1059,558,501,465,284,181,171,98,73,74,35,39,349,141,208,42,9,33,3,2,1,24,2,22,4,1,3,11,4,7,41,9,32,3,2,1,24,2,22,4,1,3,10,4,6,1,0,1,0,0,0,0,0,0,0,0,0,1,0,1,691,341,350
29,564,0057,603912,0000,000000,KARNATAKA,Haveri,VILLAGE,Hirebendigeri,Rural,688,3412,1795,1617,465,246,219,639,347,292,19,12,7,2253,1294,959,1159,501,658,1521,1074,447,1500,1058,442,355,305,50,939,593,346,41,35,6,165,125,40,21,16,5,4,4,0,10,6,4,1,1,0,6,5,1,19,15,4,4,4,0,10,6,4,1,1,0,4,4,0,2,1,1,0,0,0,0,0,0,0,0,0,2,1,1,1891,721,1170
29,564,0057,603913,0000,000000,KARNATAKA,Haveri,VILLAGE,Chikbendigeri,Rural,203,1050,558,492,139,80,59,4,3,1,0,0,0,679,417,262,371,141,230,441,322,119,441,322,119,251,191,60,129,77,52,4,4,0,57,50,7,0,0,0,0,0,0,0,0,0,0,0,0,0,0,0,0,0,0,0,0,0,0,0,0,0,0,0,0,0,0,0,0,0,0,0,0,0,0,0,0,0,0,0,0,0,609,236,373
29,564,0057,603914,0000,000000,KARNATAKA,Haveri,VILLAGE,Belwalakoppa,Rural,483,2401,1253,1148,336,159,177,145,70,75,51,26,25,1702,965,737,699,288,411,1356,760,596,792,519,273,317,266,51,408,202,206,1,1,0,66,50,16,564,241,323,13,6,7,438,141,297,8,2,6,105,92,13,550,235,315,13,6,7,433,141,292,7,2,5,97,86,11,14,6,8,0,0,0,5,0,5,1,0,1,8,6,2,1045,493,552
29,564,0057,603915,0000,000000,KARNATAKA,Haveri,VILLAGE,Panigatti,Rural,342,1664,883,781,192,116,76,195,105,90,42,23,19,1148,659,489,516,224,292,923,559,364,677,519,158,271,227,44,304,208,96,6,1,5,96,83,13,246,40,206,29,3,26,197,33,164,12,1,11,8,3,5,240,38,202,28,3,25,194,32,162,11,0,11,7,3,4,6,2,4,1,0,1,3,1,2,1,1,0,1,0,1,741,324,417
29,564,0057,603916,0000,000000,KARNATAKA,Haveri,VILLAGE,Basanal,Rural,790,3797,1934,1863,431,234,197,507,245,262,325,162,163,2586,1456,1130,1211,478,733,1957,1184,773,1914,1157,757,783,536,247,916,450,466,19,16,3,196,155,41,43,27,16,7,4,3,27,17,10,0,0,0,9,6,3,26,15,11,4,2,2,14,7,7,0,0,0,8,6,2,17,12,5,3,2,1,13,10,3,0,0,0,1,0,1,1840,750,1090
29,564,0057,603917,0000,000000,KARNATAKA,Haveri,VILLAGE,Attigeri,Rural,938,4793,2458,2335,596,307,289,470,229,241,1053,560,493,2691,1558,1133,2102,900,1202,2123,1449,674,1775,1313,462,545,469,76,1017,658,359,16,15,1,197,171,26,348,136,212,53,42,11,284,86,198,0,0,0,11,8,3,344,135,209,53,42,11,280,85,195,0,0,0,11,8,3,4,1,3,0,0,0,4,1,3,0,0,0,0,0,0,2670,1009,1661
29,564,0057,603918,0000,000000,KARNATAKA,Haveri,VILLAGE,Shisuvinal,Rural,579,2864,1514,1350,267,141,126,479,255,224,276,155,121,1958,1147,811,906,367,539,1680,956,724,959,798,161,444,431,13,331,206,125,12,11,1,172,150,22,721,158,563,67,13,54,632,137,495,4,1,3,18,7,11,686,148,538,66,13,53,602,129,473,3,1,2,15,5,10,35,10,25,1,0,1,30,8,22,1,0,1,3,2,1,1184,558,626
29,564,0057,603919,0000,000000,KARNATAKA,Haveri,VILLAGE,Hulgur,Rural,1717,8565,4304,4261,1107,575,532,614,304,310,655,361,294,5918,3120,2798,2647,1184,1463,4037,2650,1387,3659,2561,1098,754,647,107,1696,933,763,133,57,76,1076,924,152,378,89,289,23,3,20,266,46,220,35,7,28,54,33,21,355,82,273,23,3,20,262,46,216,22,3,19,48,30,18,23,7,16,0,0,0,4,0,4,13,4,9,6,3,3,4528,1654,2874
29,564,0057,603920,0000,000000,KARNATAKA,Haveri,VILLAGE,Kyalkond,Rural,562,2829,1450,1379,338,170,168,172,92,80,514,260,254,1819,1070,749,1010,380,630,1509,945,564,1232,875,357,515,398,117,482,283,199,5,5,0,230,189,41,277,70,207,31,10,21,207,37,170,4,2,2,35,21,14,252,60,192,29,10,19,191,31,160,3,2,1,29,17,12,25,10,15,2,0,2,16,6,10,1,0,1,6,4,2,1320,505,815
29,564,0057,603921,0000,000000,KARNATAKA,Haveri,VILLAGE,Surapgatti,Rural,252,1366,727,639,184,88,96,235,124,111,0,0,0,913,568,345,453,159,294,820,444,376,566,356,210,313,287,26,224,51,173,2,2,0,27,16,11,254,88,166,12,7,5,242,81,161,0,0,0,0,0,0,254,88,166,12,7,5,242,81,161,0,0,0,0,0,0,0,0,0,0,0,0,0,0,0,0,0,0,0,0,0,546,283,263
29,564,0057,603922,0000,000000,KARNATAKA,Haveri,VILLAGE,Belagali,Rural,215,1122,601,521,156,83,73,291,157,134,106,59,47,740,452,288,382,149,233,615,362,253,401,349,52,227,224,3,103,65,38,5,4,1,66,56,10,214,13,201,178,11,167,33,2,31,0,0,0,3,0,3,214,13,201,178,11,167,33,2,31,0,0,0,3,0,3,0,0,0,0,0,0,0,0,0,0,0,0,0,0,0,507,239,268
29,564,0057,603923,0000,000000,KARNATAKA,Haveri,VILLAGE,Chikmanakatti,Rural,56,254,130,124,34,20,14,1,1,0,19,14,5,162,89,73,92,41,51,119,84,35,118,83,35,15,15,0,96,63,33,0,0,0,7,5,2,1,1,0,0,0,0,1,1,0,0,0,0,0,0,0,1,1,0,0,0,0,1,1,0,0,0,0,0,0,0,0,0,0,0,0,0,0,0,0,0,0,0,0,0,0,135,46,89
29,564,0057,603924,0000,000000,KARNATAKA,Haveri,VILLAGE,Kabanur,Rural,595,2566,1323,1243,294,150,144,344,174,170,253,135,118,1868,1051,817,698,272,426,914,797,117,856,755,101,409,389,20,339,276,63,17,17,0,91,73,18,58,42,16,13,9,4,20,10,10,1,1,0,24,22,2,56,41,15,13,9,4,20,10,10,1,1,0,22,21,1,2,1,1,0,0,0,0,0,0,0,0,0,2,1,1,1652,526,1126
29,564,0057,603925,0000,000000,KARNATAKA,Haveri,VILLAGE,Kengapur,Rural,259,1210,618,592,129,74,55,73,36,37,208,103,105,741,426,315,469,192,277,711,432,279,706,429,277,206,139,67,470,268,202,0,0,0,30,22,8,5,3,2,0,0,0,2,1,1,1,0,1,2,2,0,5,3,2,0,0,0,2,1,1,1,0,1,2,2,0,0,0,0,0,0,0,0,0,0,0,0,0,0,0,0,499,186,313
29,564,0057,603926,0000,000000,KARNATAKA,Haveri,VILLAGE,Bannur,Rural,472,2420,1209,1211,275,133,142,203,115,88,2,1,1,1785,953,832,635,256,379,820,726,94,767,680,87,311,294,17,286,254,32,43,13,30,127,119,8,53,46,7,3,3,0,8,6,2,0,0,0,42,37,5,53,46,7,3,3,0,8,6,2,0,0,0,42,37,5,0,0,0,0,0,0,0,0,0,0,0,0,0,0,0,1600,483,1117
29,564,0057,603927,0000,000000,KARNATAKA,Haveri,VILLAGE,Mugali,Rural,431,2002,1014,988,208,98,110,327,154,173,56,31,25,1291,751,540,711,263,448,980,624,356,861,611,250,334,293,41,400,215,185,2,2,0,125,101,24,119,13,106,14,2,12,101,10,91,0,0,0,4,1,3,116,12,104,14,2,12,98,9,89,0,0,0,4,1,3,3,1,2,0,0,0,3,1,2,0,0,0,0,0,0,1022,390,632
29,564,0057,603928,0000,000000,KARNATAKA,Haveri,VILLAGE,Bannikoppa,Rural,156,792,416,376,99,56,43,15,9,6,0,0,0,605,340,265,187,76,111,418,258,160,178,171,7,149,147,2,12,8,4,2,2,0,15,14,1,240,87,153,26,17,9,205,64,141,0,0,0,9,6,3,234,87,147,26,17,9,199,64,135,0,0,0,9,6,3,6,0,6,0,0,0,6,0,6,0,0,0,0,0,0,374,158,216
29,564,0057,603929,0000,000000,KARNATAKA,Haveri,VILLAGE,Hiremallur,Rural,533,2615,1329,1286,381,201,180,324,168,156,265,132,133,1599,887,712,1016,442,574,1382,855,527,1101,780,321,470,443,27,474,209,265,11,11,0,146,117,29,281,75,206,38,8,30,234,61,173,0,0,0,9,6,3,259,69,190,32,6,26,221,59,162,0,0,0,6,4,2,22,6,16,6,2,4,13,2,11,0,0,0,3,2,1,1233,474,759
29,564,0057,603930,0000,000000,KARNATAKA,Haveri,VILLAGE,Ganjigatti,Rural,298,1609,835,774,147,76,71,162,82,80,168,88,80,1243,697,546,366,138,228,803,478,325,796,477,319,370,293,77,300,122,178,1,0,1,125,62,63,7,1,6,2,1,1,3,0,3,0,0,0,2,0,2,6,1,5,2,1,1,2,0,2,0,0,0,2,0,2,1,0,1,0,0,0,1,0,1,0,0,0,0,0,0,806,357,449
29,564,0057,603931,0000,000000,KARNATAKA,Haveri,VILLAGE,Shiggaon (Rural),Rural,546,2300,1171,1129,373,183,190,397,198,199,254,128,126,1775,956,819,525,215,310,620,586,34,606,577,29,33,25,8,69,59,10,1,1,0,503,492,11,14,9,5,1,0,1,6,2,4,1,1,0,6,6,0,13,8,5,1,0,1,6,2,4,0,0,0,6,6,0,1,1,0,0,0,0,0,0,0,1,1,0,0,0,0,1680,585,1095
29,564,0057,603932,0000,000000,KARNATAKA,Haveri,VILLAGE,Shivapur,Rural,191,856,421,435,159,80,79,854,419,435,1,1,0,423,243,180,433,178,255,468,242,226,463,241,222,276,152,124,141,58,83,5,4,1,41,27,14,5,1,4,0,0,0,5,1,4,0,0,0,0,0,0,5,1,4,0,0,0,5,1,4,0,0,0,0,0,0,0,0,0,0,0,0,0,0,0,0,0,0,0,0,0,388,179,209
29,564,0057,603933,0000,000000,KARNATAKA,Haveri,VILLAGE,Jakkankatti,Rural,169,931,490,441,119,64,55,69,38,31,0,0,0,746,393,353,185,97,88,566,311,255,560,308,252,203,162,41,115,86,29,186,17,169,56,43,13,6,3,3,4,2,2,2,1,1,0,0,0,0,0,0,4,2,2,3,1,2,1,1,0,0,0,0,0,0,0,2,1,1,1,1,0,1,0,1,0,0,0,0,0,0,365,179,186
29,564,0057,603934,0000,000000,KARNATAKA,Haveri,VILLAGE,Chikmallur,Rural,335,1479,760,719,157,93,64,150,83,67,189,98,91,1056,594,462,423,166,257,908,510,398,751,481,270,395,278,117,305,161,144,4,2,2,47,40,7,157,29,128,113,22,91,38,6,32,0,0,0,6,1,5,109,18,91,82,14,68,23,3,20,0,0,0,4,1,3,48,11,37,31,8,23,15,3,12,0,0,0,2,0,2,571,250,321
29,564,0057,603935,0000,000000,KARNATAKA,Haveri,VILLAGE,Kankanwad,Rural,66,335,173,162,44,26,18,55,30,25,19,6,13,231,125,106,104,48,56,157,103,54,156,102,54,73,49,24,68,43,25,0,0,0,15,10,5,1,1,0,1,1,0,0,0,0,0,0,0,0,0,0,1,1,0,1,1,0,0,0,0,0,0,0,0,0,0,0,0,0,0,0,0,0,0,0,0,0,0,0,0,0,178,70,108
29,564,0057,603936,0000,000000,KARNATAKA,Haveri,VILLAGE,Muddinakoppa,Rural,125,605,313,292,90,47,43,247,133,114,130,64,66,444,232,212,161,81,80,343,182,161,81,72,9,44,42,2,3,3,0,6,6,0,28,21,7,262,110,152,6,3,3,237,104,133,13,2,11,6,1,5,262,110,152,6,3,3,237,104,133,13,2,11,6,1,5,0,0,0,0,0,0,0,0,0,0,0,0,0,0,0,262,131,131
29,564,0057,603937,0000,000000,KARNATAKA,Haveri,VILLAGE,Torur,Rural,123,665,336,329,89,36,53,31,18,13,20,10,10,413,228,185,252,108,144,383,230,153,176,160,16,149,140,9,13,8,5,0,0,0,14,12,2,207,70,137,5,3,2,189,57,132,1,0,1,12,10,2,207,70,137,5,3,2,189,57,132,1,0,1,12,10,2,0,0,0,0,0,0,0,0,0,0,0,0,0,0,0,282,106,176
29,564,0057,603938,0000,000000,KARNATAKA,Haveri,VILLAGE,Kalkatti,Rural,104,485,262,223,58,37,21,57,32,25,161,81,80,271,166,105,214,96,118,203,149,54,111,103,8,104,96,8,1,1,0,0,0,0,6,6,0,92,46,46,1,1,0,15,2,13,1,0,1,75,43,32,87,42,45,0,0,0,15,2,13,1,0,1,71,40,31,5,4,1,1,1,0,0,0,0,0,0,0,4,3,1,282,113,169
29,564,0057,603939,0000,000000,KARNATAKA,Haveri,VILLAGE,Manchinkop,Rural,40,183,91,92,19,10,9,15,7,8,168,84,84,121,69,52,62,22,40,93,51,42,40,36,4,31,30,1,6,5,1,1,0,1,2,1,1,53,15,38,8,2,6,29,4,25,0,0,0,16,9,7,47,11,36,6,1,5,28,3,25,0,0,0,13,7,6,6,4,2,2,1,1,1,1,0,0,0,0,3,2,1,90,40,50
29,564,0057,603940,0000,000000,KARNATAKA,Haveri,VILLAGE,Nidagundi,Rural,129,565,291,274,62,27,35,47,23,24,1,1,0,436,234,202,129,57,72,356,198,158,354,198,156,240,160,80,114,38,76,0,0,0,0,0,0,2,0,2,1,0,1,0,0,0,0,0,0,1,0,1,2,0,2,1,0,1,0,0,0,0,0,0,1,0,1,0,0,0,0,0,0,0,0,0,0,0,0,0,0,0,209,93,116
29,564,0057,603941,0000,000000,KARNATAKA,Haveri,VILLAGE,Hunshikatti,Rural,116,472,237,235,76,37,39,211,108,103,34,14,20,301,162,139,171,75,96,294,159,135,212,154,58,102,90,12,88,56,32,13,4,9,9,4,5,82,5,77,45,2,43,36,2,34,1,1,0,0,0,0,78,5,73,41,2,39,36,2,34,1,1,0,0,0,0,4,0,4,4,0,4,0,0,0,0,0,0,0,0,0,178,78,100
29,564,0057,603942,0000,000000,KARNATAKA,Haveri,VILLAGE,Kalyan,Rural,124,714,374,340,74,40,34,88,43,45,49,26,23,493,275,218,221,99,122,351,226,125,345,221,124,232,170,62,95,39,56,4,4,0,14,8,6,6,5,1,0,0,0,0,0,0,0,0,0,6,5,1,1,0,1,0,0,0,0,0,0,0,0,0,1,0,1,5,5,0,0,0,0,0,0,0,0,0,0,5,5,0,363,148,215
29,564,0057,603943,0000,000000,KARNATAKA,Haveri,VILLAGE,Khursapur,Rural,216,1222,646,576,189,95,94,95,48,47,13,8,5,763,458,305,459,188,271,539,377,162,496,364,132,108,100,8,250,143,107,8,1,7,130,120,10,43,13,30,6,1,5,29,8,21,4,0,4,4,4,0,38,12,26,6,1,5,26,8,18,3,0,3,3,3,0,5,1,4,0,0,0,3,0,3,1,0,1,1,1,0,683,269,414
29,564,0057,603944,0000,000000,KARNATAKA,Haveri,VILLAGE,Chakapur,Rural,264,1166,615,551,121,76,45,186,98,88,160,83,77,685,397,288,481,218,263,680,389,291,677,386,291,253,155,98,381,199,182,1,1,0,42,31,11,3,3,0,2,2,0,0,0,0,0,0,0,1,1,0,3,3,0,2,2,0,0,0,0,0,0,0,1,1,0,0,0,0,0,0,0,0,0,0,0,0,0,0,0,0,486,226,260
29,564,0057,603945,0000,000000,KARNATAKA,Haveri,VILLAGE,Hanumarahalli,Rural,245,1172,594,578,145,77,68,233,118,115,169,86,83,767,430,337,405,164,241,510,362,148,485,340,145,129,121,8,328,196,132,0,0,0,28,23,5,25,22,3,2,2,0,8,6,2,0,0,0,15,14,1,15,12,3,2,2,0,5,3,2,0,0,0,8,7,1,10,10,0,0,0,0,3,3,0,0,0,0,7,7,0,662,232,430
29,564,0057,603946,0000,000000,KARNATAKA,Haveri,VILLAGE,Motalli,Rural,68,336,171,165,52,18,34,77,41,36,0,0,0,215,130,85,121,41,80,161,117,44,158,117,41,60,58,2,80,45,35,0,0,0,18,14,4,3,0,3,0,0,0,3,0,3,0,0,0,0,0,0,3,0,3,0,0,0,3,0,3,0,0,0,0,0,0,0,0,0,0,0,0,0,0,0,0,0,0,0,0,0,175,54,121
29,564,0057,603947,0000,000000,KARNATAKA,Haveri,VILLAGE,Chiknellur,Rural,87,419,225,194,65,41,24,59,34,25,59,33,26,275,163,112,144,62,82,231,142,89,225,140,85,94,62,32,102,54,48,3,2,1,26,22,4,6,2,4,0,0,0,6,2,4,0,0,0,0,0,0,6,2,4,0,0,0,6,2,4,0,0,0,0,0,0,0,0,0,0,0,0,0,0,0,0,0,0,0,0,0,188,83,105
29,564,0057,603948,0000,000000,KARNATAKA,Haveri,VILLAGE,Bisanhalli,Rural,101,484,241,243,49,32,17,81,43,38,5,3,2,329,175,154,155,66,89,146,132,14,144,130,14,101,98,3,7,5,2,1,0,1,35,27,8,2,2,0,1,1,0,0,0,0,0,0,0,1,1,0,2,2,0,1,1,0,0,0,0,0,0,0,1,1,0,0,0,0,0,0,0,0,0,0,0,0,0,0,0,0,338,109,229
29,564,0057,603949,0000,000000,KARNATAKA,Haveri,VILLAGE,Hottur,Rural,23,151,84,67,24,13,11,34,17,17,28,17,11,97,55,42,54,29,25,53,50,3,52,49,3,35,34,1,11,9,2,0,0,0,6,6,0,1,1,0,0,0,0,1,1,0,0,0,0,0,0,0,1,1,0,0,0,0,1,1,0,0,0,0,0,0,0,0,0,0,0,0,0,0,0,0,0,0,0,0,0,0,98,34,64
29,564,0057,603950,0000,000000,KARNATAKA,Haveri,VILLAGE,Baad,Rural,388,1885,956,929,210,102,108,39,20,19,0,0,0,1242,674,568,643,282,361,847,597,250,797,576,221,280,255,25,320,160,160,8,2,6,189,159,30,50,21,29,0,0,0,45,19,26,1,0,1,4,2,2,50,21,29,0,0,0,45,19,26,1,0,1,4,2,2,0,0,0,0,0,0,0,0,0,0,0,0,0,0,0,1038,359,679
29,564,0057,603951,0000,000000,KARNATAKA,Haveri,VILLAGE,Shingapur,Rural,147,701,363,338,99,43,56,76,41,35,134,66,68,521,309,212,180,54,126,371,236,135,155,108,47,82,66,16,69,40,29,1,1,0,3,1,2,216,128,88,16,10,6,192,112,80,1,1,0,7,5,2,208,124,84,16,10,6,188,111,77,1,1,0,3,2,1,8,4,4,0,0,0,4,1,3,0,0,0,4,3,1,330,127,203
29,564,0057,603952,0000,000000,KARNATAKA,Haveri,VILLAGE,Muglikatti,Rural,222,1116,597,519,146,79,67,75,39,36,17,8,9,818,467,351,298,130,168,592,374,218,420,352,68,167,163,4,135,92,43,11,11,0,107,86,21,172,22,150,2,1,1,125,2,123,2,2,0,43,17,26,155,16,139,2,1,1,116,2,114,1,1,0,36,12,24,17,6,11,0,0,0,9,0,9,1,1,0,7,5,2,524,223,301
29,564,0057,603953,0000,000000,KARNATAKA,Haveri,VILLAGE,Andalagi,Rural,559,2749,1390,1359,348,181,167,646,315,331,9,4,5,1760,935,825,989,455,534,1062,801,261,890,726,164,530,516,14,295,157,138,6,6,0,59,47,12,172,75,97,48,21,27,66,36,30,7,0,7,51,18,33,128,57,71,35,13,22,59,32,27,1,0,1,33,12,21,44,18,26,13,8,5,7,4,3,6,0,6,18,6,12,1687,589,1098
29,564,0057,603954,0000,000000,KARNATAKA,Haveri,VILLAGE,Shedagaravalli,Rural,203,1103,577,526,156,76,80,262,131,131,382,205,177,736,427,309,367,150,217,735,384,351,285,267,18,214,208,6,69,58,11,0,0,0,2,1,1,450,117,333,12,12,0,438,105,333,0,0,0,0,0,0,450,117,333,12,12,0,438,105,333,0,0,0,0,0,0,0,0,0,0,0,0,0,0,0,0,0,0,0,0,0,368,193,175
29,564,0057,603955,0000,000000,KARNATAKA,Haveri,VILLAGE,Hanakanahalli,Rural,107,496,251,245,81,39,42,47,23,24,24,10,14,268,156,112,228,95,133,149,137,12,127,121,6,114,112,2,8,8,0,0,0,0,5,1,4,22,16,6,0,0,0,22,16,6,0,0,0,0,0,0,22,16,6,0,0,0,22,16,6,0,0,0,0,0,0,0,0,0,0,0,0,0,0,0,0,0,0,0,0,0,347,114,233
29,564,0057,603956,0000,000000,KARNATAKA,Haveri,VILLAGE,Hungund,Rural,303,1535,781,754,231,114,117,85,36,49,3,1,2,999,559,440,536,222,314,720,496,224,707,486,221,523,377,146,139,80,59,7,5,2,38,24,14,13,10,3,6,5,1,3,2,1,0,0,0,4,3,1,8,6,2,5,4,1,3,2,1,0,0,0,0,0,0,5,4,1,1,1,0,0,0,0,0,0,0,4,3,1,815,285,530
29,564,0057,603957,0000,000000,KARNATAKA,Haveri,VILLAGE,Shidlapur,Rural,83,542,266,276,94,47,47,64,28,36,462,230,232,279,155,124,263,111,152,270,156,114,153,148,5,113,113,0,25,25,0,0,0,0,15,10,5,117,8,109,87,3,84,28,4,24,0,0,0,2,1,1,117,8,109,87,3,84,28,4,24,0,0,0,2,1,1,0,0,0,0,0,0,0,0,0,0,0,0,0,0,0,272,110,162
29,564,0057,603958,0000,000000,KARNATAKA,Haveri,VILLAGE,Mallanaikankoppa,Rural,51,280,143,137,45,19,26,0,0,0,193,97,96,168,101,67,112,42,70,146,95,51,145,95,50,108,73,35,32,19,13,0,0,0,5,3,2,1,0,1,0,0,0,0,0,0,1,0,1,0,0,0,0,0,0,0,0,0,0,0,0,0,0,0,0,0,0,1,0,1,0,0,0,0,0,0,1,0,1,0,0,0,134,48,86
29,564,0057,603959,0000,000000,KARNATAKA,Haveri,VILLAGE,Mukabasarikatti,Rural,228,1017,526,491,116,61,55,1,1,0,20,9,11,711,412,299,306,114,192,499,318,181,492,314,178,250,202,48,199,81,118,0,0,0,43,31,12,7,4,3,1,0,1,6,4,2,0,0,0,0,0,0,7,4,3,1,0,1,6,4,2,0,0,0,0,0,0,0,0,0,0,0,0,0,0,0,0,0,0,0,0,0,518,208,310
29,564,0057,603960,0000,000000,KARNATAKA,Haveri,VILLAGE,Narayanapura,Rural,172,880,441,439,108,54,54,0,0,0,0,0,0,620,337,283,260,104,156,445,262,183,435,259,176,292,167,125,108,65,43,0,0,0,35,27,8,10,3,7,2,0,2,6,1,5,1,1,0,1,1,0,9,2,7,2,0,2,6,1,5,1,1,0,0,0,0,1,1,0,0,0,0,0,0,0,0,0,0,1,1,0,435,179,256
29,564,0057,603961,0000,000000,KARNATAKA,Haveri,VILLAGE,Munavalli,Rural,94,476,257,219,62,38,24,25,14,11,8,5,3,284,175,109,192,82,110,182,168,14,181,167,14,6,6,0,152,143,9,3,3,0,20,15,5,1,1,0,0,0,0,1,1,0,0,0,0,0,0,0,1,1,0,0,0,0,1,1,0,0,0,0,0,0,0,0,0,0,0,0,0,0,0,0,0,0,0,0,0,0,294,89,205
29,564,0057,603962,0000,000000,KARNATAKA,Haveri,VILLAGE,Ibrahimpur ,Rural,305,1527,801,726,160,85,75,141,78,63,164,87,77,1106,609,497,421,192,229,488,476,12,485,473,12,188,185,3,44,38,6,1,1,0,252,249,3,3,3,0,0,0,0,0,0,0,0,0,0,3,3,0,3,3,0,0,0,0,0,0,0,0,0,0,3,3,0,0,0,0,0,0,0,0,0,0,0,0,0,0,0,0,1039,325,714
29,564,0057,603963,0000,000000,KARNATAKA,Haveri,VILLAGE,Sadashivapeth,Rural,219,1098,595,503,133,78,55,59,32,27,9,5,4,759,446,313,339,149,190,493,350,143,463,335,128,242,201,41,145,71,74,0,0,0,76,63,13,30,15,15,1,0,1,14,5,9,1,1,0,14,9,5,24,12,12,1,0,1,13,4,9,0,0,0,10,8,2,6,3,3,0,0,0,1,1,0,1,1,0,4,1,3,605,245,360
29,564,0057,603964,0000,000000,KARNATAKA,Haveri,VILLAGE,Hale Bankapur,Rural,342,1576,833,743,220,127,93,35,18,17,44,18,26,841,502,339,735,331,404,676,498,178,267,198,69,126,115,11,118,66,52,3,2,1,20,15,5,409,300,109,79,38,41,318,252,66,7,6,1,5,4,1,365,284,81,53,29,24,304,249,55,4,3,1,4,3,1,44,16,28,26,9,17,14,3,11,3,3,0,1,1,0,900,335,565
29,564,0057,603965,0000,000000,KARNATAKA,Haveri,VILLAGE,Hulikatti,Rural,78,436,231,205,66,30,36,0,0,0,20,9,11,248,153,95,188,78,110,160,146,14,130,122,8,81,79,2,22,21,1,12,12,0,15,10,5,30,24,6,4,4,0,20,14,6,0,0,0,6,6,0,28,24,4,4,4,0,18,14,4,0,0,0,6,6,0,2,0,2,0,0,0,2,0,2,0,0,0,0,0,0,276,85,191
29,564,0057,603966,0000,000000,KARNATAKA,Haveri,VILLAGE,Lakkikoppa,Rural,185,947,498,449,135,74,61,10,6,4,67,34,33,574,335,239,373,163,210,494,289,205,313,246,67,143,139,4,89,45,44,6,6,0,75,56,19,181,43,138,2,0,2,164,34,130,2,1,1,13,8,5,178,43,135,2,0,2,161,34,127,2,1,1,13,8,5,3,0,3,0,0,0,3,0,3,0,0,0,0,0,0,453,209,244
29,564,0057,603967,0000,000000,KARNATAKA,Haveri,VILLAGE,Hotanahalli,Rural,668,3356,1738,1618,430,205,225,446,240,206,18,9,9,2060,1193,867,1296,545,751,1581,1105,476,1150,941,209,546,507,39,508,361,147,15,11,4,81,62,19,431,164,267,52,14,38,347,140,207,11,4,7,21,6,15,364,158,206,16,9,7,327,139,188,8,4,4,13,6,7,67,6,61,36,5,31,20,1,19,3,0,3,8,0,8,1775,633,1142
29,564,0057,603968,0000,000000,KARNATAKA,Haveri,VILLAGE,Guddadachannapur,Rural,525,2538,1299,1239,373,198,175,556,271,285,50,27,23,1551,866,685,987,433,554,1087,689,398,913,656,257,325,281,44,434,263,171,63,44,19,91,68,23,174,33,141,17,4,13,95,17,78,52,9,43,10,3,7,171,33,138,16,4,12,95,17,78,51,9,42,9,3,6,3,0,3,1,0,1,0,0,0,1,0,1,1,0,1,1451,610,841
29,564,0057,603969,0000,000000,KARNATAKA,Haveri,VILLAGE,Kundur,Rural,695,3310,1733,1577,366,177,189,146,76,70,193,101,92,2293,1308,985,1017,425,592,1692,1096,596,1331,1011,320,620,585,35,525,276,249,13,12,1,173,138,35,361,85,276,14,11,3,165,35,130,27,9,18,155,30,125,234,67,167,10,7,3,161,34,127,21,8,13,42,18,24,127,18,109,4,4,0,4,1,3,6,1,5,113,12,101,1618,637,981
29,564,0057,603970,0000,000000,KARNATAKA,Haveri,VILLAGE,Jalikatti,Rural,72,379,188,191,41,25,16,0,0,0,6,2,4,283,145,138,96,43,53,140,112,28,139,112,27,35,35,0,90,67,23,1,1,0,13,9,4,1,0,1,0,0,0,1,0,1,0,0,0,0,0,0,1,0,1,0,0,0,1,0,1,0,0,0,0,0,0,0,0,0,0,0,0,0,0,0,0,0,0,0,0,0,239,76,163
29,564,0058,000000,0000,000000,KARNATAKA,Haveri,CD BLOCK,Savanur ,Total,24126,120954,62396,58558,15933,8074,7859,21527,11071,10456,11980,6218,5762,75227,43149,32078,45727,19247,26480,57071,37486,19585,49035,34338,14697,17754,14633,3121,23779,14003,9776,1047,507,540,6455,5195,1260,8036,3148,4888,533,221,312,5132,1610,3522,317,140,177,2054,1177,877,7168,2630,4538,477,193,284,4528,1285,3243,257,94,163,1906,1058,848,868,518,350,56,28,28,604,325,279,60,46,14,148,119,29,63883,24910,38973
29,564,0058,000000,0000,000000,KARNATAKA,Haveri,CD BLOCK,Savanur ,Rural,24126,120954,62396,58558,15933,8074,7859,21527,11071,10456,11980,6218,5762,75227,43149,32078,45727,19247,26480,57071,37486,19585,49035,34338,14697,17754,14633,3121,23779,14003,9776,1047,507,540,6455,5195,1260,8036,3148,4888,533,221,312,5132,1610,3522,317,140,177,2054,1177,877,7168,2630,4538,477,193,284,4528,1285,3243,257,94,163,1906,1058,848,868,518,350,56,28,28,604,325,279,60,46,14,148,119,29,63883,24910,38973
29,564,0058,000000,0000,000000,KARNATAKA,Haveri,CD BLOCK,Savanur ,Urban,0,0,0,0,0,0,0,0,0,0,0,0,0,0,0,0,0,0,0,0,0,0,0,0,0,0,0,0,0,0,0,0,0,0,0,0,0,0,0,0,0,0,0,0,0,0,0,0,0,0,0,0,0,0,0,0,0,0,0,0,0,0,0,0,0,0,0,0,0,0,0,0,0,0,0,0,0,0,0,0,0,0,0,0,0
29,564,0058,603971,0000,000000,KARNATAKA,Haveri,VILLAGE,Jekenakatti,Rural,274,1306,682,624,150,80,70,237,120,117,24,10,14,961,534,427,345,148,197,560,472,88,559,471,88,234,232,2,239,169,70,8,8,0,78,62,16,1,1,0,0,0,0,1,1,0,0,0,0,0,0,0,1,1,0,0,0,0,1,1,0,0,0,0,0,0,0,0,0,0,0,0,0,0,0,0,0,0,0,0,0,0,746,210,536
29,564,0058,603972,0000,000000,KARNATAKA,Haveri,VILLAGE,Madapur,Rural,324,1433,714,719,215,95,120,121,58,63,75,40,35,817,475,342,616,239,377,498,420,78,494,418,76,208,201,7,234,174,60,1,0,1,51,43,8,4,2,2,0,0,0,2,2,0,0,0,0,2,0,2,4,2,2,0,0,0,2,2,0,0,0,0,2,0,2,0,0,0,0,0,0,0,0,0,0,0,0,0,0,0,935,294,641
29,564,0058,603973,0000,000000,KARNATAKA,Haveri,VILLAGE,Gonala,Rural,218,1106,560,546,135,69,66,7,5,2,1,0,1,660,389,271,446,171,275,332,308,24,154,141,13,120,114,6,1,1,0,3,1,2,30,25,5,178,167,11,2,2,0,1,0,1,3,2,1,172,163,9,175,165,10,2,2,0,1,0,1,3,2,1,169,161,8,3,2,1,0,0,0,0,0,0,0,0,0,3,2,1,774,252,522
29,564,0058,603974,0000,000000,KARNATAKA,Haveri,VILLAGE,Chowdala,Rural,354,1876,947,929,246,110,136,265,135,130,170,94,76,1151,674,477,725,273,452,902,608,294,811,528,283,654,414,240,41,38,3,4,4,0,112,72,40,91,80,11,2,2,0,4,3,1,3,3,0,82,72,10,89,78,11,1,1,0,4,3,1,3,3,0,81,71,10,2,2,0,1,1,0,0,0,0,0,0,0,1,1,0,974,339,635
29,564,0058,603975,0000,000000,KARNATAKA,Haveri,VILLAGE,Karadagi,Rural,1072,5948,3071,2877,901,449,452,322,167,155,105,57,48,3328,1867,1461,2620,1204,1416,2332,1787,545,2065,1592,473,442,396,46,839,719,120,332,71,261,452,406,46,267,195,72,1,1,0,79,60,19,49,12,37,138,122,16,250,179,71,0,0,0,79,60,19,46,9,37,125,110,15,17,16,1,1,1,0,0,0,0,3,3,0,13,12,1,3616,1284,2332
29,564,0058,603976,0000,000000,KARNATAKA,Haveri,VILLAGE,Mantrodi,Rural,442,2282,1200,1082,252,144,108,242,127,115,248,145,103,1419,806,613,863,394,469,1106,688,418,758,653,105,384,375,9,232,171,61,4,4,0,138,103,35,348,35,313,5,2,3,62,10,52,3,1,2,278,22,256,348,35,313,5,2,3,62,10,52,3,1,2,278,22,256,0,0,0,0,0,0,0,0,0,0,0,0,0,0,0,1176,512,664
29,564,0058,603977,0000,000000,KARNATAKA,Haveri,VILLAGE,Chillur,Rural,225,1202,656,546,170,98,72,87,48,39,155,89,66,694,416,278,508,240,268,554,395,159,469,335,134,159,128,31,194,143,51,31,3,28,85,61,24,85,60,25,0,0,0,63,41,22,0,0,0,22,19,3,82,57,25,0,0,0,63,41,22,0,0,0,19,16,3,3,3,0,0,0,0,0,0,0,0,0,0,3,3,0,648,261,387
29,564,0058,603978,0000,000000,KARNATAKA,Haveri,VILLAGE,Chillur Badni,Rural,650,3540,1765,1775,525,253,272,1194,601,593,329,163,166,1933,1080,853,1607,685,922,1492,1026,466,1046,840,206,633,535,98,39,28,11,4,3,1,370,274,96,446,186,260,2,2,0,27,10,17,1,0,1,416,174,242,444,185,259,2,2,0,27,10,17,0,0,0,415,173,242,2,1,1,0,0,0,0,0,0,1,0,1,1,1,0,2048,739,1309
29,564,0058,603979,0000,000000,KARNATAKA,Haveri,VILLAGE,Allipura,Rural,390,2222,1180,1042,354,196,158,1632,879,753,48,22,26,1258,762,496,964,418,546,1090,650,440,641,544,97,275,257,18,333,258,75,5,5,0,28,24,4,449,106,343,31,3,28,406,97,309,5,1,4,7,5,2,393,65,328,30,3,27,352,57,295,5,1,4,6,4,2,56,41,15,1,0,1,54,40,14,0,0,0,1,1,0,1132,530,602
29,564,0058,603980,0000,000000,KARNATAKA,Haveri,VILLAGE,Bevinahalli,Rural,236,1131,606,525,172,95,77,367,193,174,20,10,10,683,413,270,448,193,255,677,363,314,360,352,8,319,316,3,24,22,2,8,8,0,9,6,3,317,11,306,3,0,3,298,2,296,2,2,0,14,7,7,312,7,305,3,0,3,298,2,296,2,2,0,9,3,6,5,4,1,0,0,0,0,0,0,0,0,0,5,4,1,454,243,211
29,564,0058,603981,0000,000000,KARNATAKA,Haveri,VILLAGE,Gundur,Rural,243,1233,644,589,144,81,63,201,95,106,144,77,67,877,510,367,356,134,222,460,352,108,445,342,103,162,141,21,171,106,65,3,1,2,109,94,15,15,10,5,2,1,1,5,2,3,1,1,0,7,6,1,13,9,4,0,0,0,5,2,3,1,1,0,7,6,1,2,1,1,2,1,1,0,0,0,0,0,0,0,0,0,773,292,481
29,564,0058,603982,0000,000000,KARNATAKA,Haveri,VILLAGE,Hosa Neeralgi-M-Karadgi (New),Rural,243,1125,563,562,147,80,67,51,23,28,135,71,64,694,394,300,431,169,262,450,326,124,331,312,19,240,234,6,33,27,6,0,0,0,58,51,7,119,14,105,1,1,0,101,0,101,0,0,0,17,13,4,117,14,103,1,1,0,100,0,100,0,0,0,16,13,3,2,0,2,0,0,0,1,0,1,0,0,0,1,0,1,675,237,438
29,564,0058,603983,0000,000000,KARNATAKA,Haveri,VILLAGE,Nandihalli,Rural,111,555,262,293,70,28,42,80,35,45,23,10,13,386,207,179,169,55,114,232,165,67,231,164,67,100,95,5,96,42,54,0,0,0,35,27,8,1,1,0,1,1,0,0,0,0,0,0,0,0,0,0,0,0,0,0,0,0,0,0,0,0,0,0,0,0,0,1,1,0,1,1,0,0,0,0,0,0,0,0,0,0,323,97,226
29,564,0058,603984,0000,000000,KARNATAKA,Haveri,VILLAGE,Mannur,Rural,98,498,246,252,52,21,31,38,20,18,19,11,8,390,214,176,108,32,76,193,169,24,193,169,24,125,120,5,51,37,14,1,1,0,16,11,5,0,0,0,0,0,0,0,0,0,0,0,0,0,0,0,0,0,0,0,0,0,0,0,0,0,0,0,0,0,0,0,0,0,0,0,0,0,0,0,0,0,0,0,0,0,305,77,228
29,564,0058,603985,0000,000000,KARNATAKA,Haveri,VILLAGE,Teggihalli,Rural,312,2038,1072,966,315,157,158,171,96,75,151,79,72,1069,653,416,969,419,550,925,711,214,731,630,101,216,206,10,455,372,83,5,3,2,55,49,6,194,81,113,7,6,1,147,44,103,0,0,0,40,31,9,188,76,112,5,4,1,147,44,103,0,0,0,36,28,8,6,5,1,2,2,0,0,0,0,0,0,0,4,3,1,1113,361,752
29,564,0058,603986,0000,000000,KARNATAKA,Haveri,VILLAGE,Savanur (Rural),Rural,28,151,74,77,22,11,11,0,0,0,0,0,0,103,49,54,48,25,23,62,44,18,62,44,18,25,25,0,27,11,16,0,0,0,10,8,2,0,0,0,0,0,0,0,0,0,0,0,0,0,0,0,0,0,0,0,0,0,0,0,0,0,0,0,0,0,0,0,0,0,0,0,0,0,0,0,0,0,0,0,0,0,89,30,59
29,564,0058,603987,0000,000000,KARNATAKA,Haveri,VILLAGE,Mavoor (Mahur),Rural,217,1045,554,491,125,71,54,250,131,119,210,106,104,736,426,310,309,128,181,498,322,176,443,282,161,132,120,12,263,126,137,2,2,0,46,34,12,55,40,15,8,8,0,39,25,14,1,1,0,7,6,1,55,40,15,8,8,0,39,25,14,1,1,0,7,6,1,0,0,0,0,0,0,0,0,0,0,0,0,0,0,0,547,232,315
29,564,0058,603988,0000,000000,KARNATAKA,Haveri,VILLAGE,Fakir Nandihalli,Rural,189,929,493,436,133,74,59,55,28,27,0,0,0,652,373,279,277,120,157,448,283,165,429,281,148,122,111,11,260,134,126,11,8,3,36,28,8,19,2,17,10,2,8,7,0,7,0,0,0,2,0,2,18,2,16,10,2,8,7,0,7,0,0,0,1,0,1,1,0,1,0,0,0,0,0,0,0,0,0,1,0,1,481,210,271
29,564,0058,603989,0000,000000,KARNATAKA,Haveri,VILLAGE,Chikkaboodihal,Rural,30,166,85,81,21,11,10,0,0,0,150,77,73,110,57,53,56,28,28,86,50,36,67,49,18,45,43,2,21,6,15,0,0,0,1,0,1,19,1,18,14,1,13,5,0,5,0,0,0,0,0,0,19,1,18,14,1,13,5,0,5,0,0,0,0,0,0,0,0,0,0,0,0,0,0,0,0,0,0,0,0,0,80,35,45
29,564,0058,603990,0000,000000,KARNATAKA,Haveri,VILLAGE,Savoor,Rural,108,550,273,277,78,42,36,120,58,62,128,63,65,395,216,179,155,57,98,226,157,69,222,153,69,59,58,1,128,69,59,2,2,0,33,24,9,4,4,0,0,0,0,1,1,0,0,0,0,3,3,0,2,2,0,0,0,0,1,1,0,0,0,0,1,1,0,2,2,0,0,0,0,0,0,0,0,0,0,2,2,0,324,116,208
29,564,0058,603991,0000,000000,KARNATAKA,Haveri,VILLAGE,Bardur,Rural,199,983,529,454,116,60,56,130,68,62,111,56,55,700,414,286,283,115,168,502,358,144,501,357,144,173,151,22,261,158,103,6,6,0,61,42,19,1,1,0,0,0,0,0,0,0,0,0,0,1,1,0,1,1,0,0,0,0,0,0,0,0,0,0,1,1,0,0,0,0,0,0,0,0,0,0,0,0,0,0,0,0,481,171,310
29,564,0058,603992,0000,000000,KARNATAKA,Haveri,VILLAGE,Challal,Rural,287,1472,746,726,191,105,86,21,12,9,104,54,50,1072,568,504,400,178,222,605,454,151,588,445,143,290,251,39,207,112,95,23,22,1,68,60,8,17,9,8,2,1,1,5,2,3,3,1,2,7,5,2,16,9,7,1,1,0,5,2,3,3,1,2,7,5,2,1,0,1,1,0,1,0,0,0,0,0,0,0,0,0,867,292,575
29,564,0058,603993,0000,000000,KARNATAKA,Haveri,VILLAGE,Huralikuppi,Rural,982,5025,2634,2391,711,362,349,604,342,262,754,399,355,3237,1874,1363,1788,760,1028,2406,1470,936,1544,1166,378,235,228,7,907,619,288,14,12,2,388,307,81,862,304,558,18,6,12,780,249,531,3,2,1,61,47,14,566,141,425,17,6,11,513,109,404,2,2,0,34,24,10,296,163,133,1,0,1,267,140,127,1,0,1,27,23,4,2619,1164,1455
29,564,0058,603994,0000,000000,KARNATAKA,Haveri,VILLAGE,Tallihalli,Rural,332,1562,802,760,228,110,118,80,40,40,132,65,67,865,500,365,697,302,395,734,500,234,724,495,229,128,124,4,532,315,217,10,10,0,54,46,8,10,5,5,0,0,0,8,5,3,1,0,1,1,0,1,9,5,4,0,0,0,7,5,2,1,0,1,1,0,1,1,0,1,0,0,0,1,0,1,0,0,0,0,0,0,828,302,526
29,564,0058,603995,0000,000000,KARNATAKA,Haveri,VILLAGE,Hosalli-M-Karadgi,Rural,367,1845,947,898,272,140,132,94,49,45,363,184,179,1035,595,440,810,352,458,943,593,350,915,577,338,207,167,40,604,330,274,7,1,6,97,79,18,28,16,12,2,0,2,6,1,5,2,0,2,18,15,3,23,11,12,2,0,2,6,1,5,2,0,2,13,10,3,5,5,0,0,0,0,0,0,0,0,0,0,5,5,0,902,354,548
29,564,0058,603996,0000,000000,KARNATAKA,Haveri,VILLAGE,Tondur,Rural,373,1959,981,978,258,118,140,374,191,183,118,58,60,1260,692,568,699,289,410,965,617,348,936,598,338,577,379,198,309,179,130,3,3,0,47,37,10,29,19,10,12,8,4,2,2,0,5,3,2,10,6,4,28,18,10,12,8,4,1,1,0,5,3,2,10,6,4,1,1,0,0,0,0,1,1,0,0,0,0,0,0,0,994,364,630
29,564,0058,603997,0000,000000,KARNATAKA,Haveri,VILLAGE,Melligatti,Rural,400,1791,953,838,228,124,104,127,73,54,507,265,242,1082,652,430,709,301,408,790,585,205,648,517,131,232,208,24,318,228,90,2,2,0,96,79,17,142,68,74,60,29,31,57,15,42,1,1,0,24,23,1,108,52,56,45,21,24,43,12,31,1,1,0,19,18,1,34,16,18,15,8,7,14,3,11,0,0,0,5,5,0,1001,368,633
29,564,0058,603998,0000,000000,KARNATAKA,Haveri,VILLAGE,Kurubaramallur,Rural,256,1356,700,656,166,75,91,59,31,28,172,87,85,877,516,361,479,184,295,743,433,310,604,391,213,67,64,3,450,248,202,2,2,0,85,77,8,139,42,97,29,4,25,86,24,62,0,0,0,24,14,10,135,41,94,28,4,24,84,24,60,0,0,0,23,13,10,4,1,3,1,0,1,2,0,2,0,0,0,1,1,0,613,267,346
29,564,0058,603999,0000,000000,KARNATAKA,Haveri,VILLAGE,Kalmadavu,Rural,47,229,124,105,19,8,11,0,0,0,59,35,24,208,116,92,21,8,13,151,94,57,79,71,8,43,41,2,23,21,2,1,0,1,12,9,3,72,23,49,6,6,0,35,11,24,20,2,18,11,4,7,69,22,47,6,6,0,35,11,24,17,1,16,11,4,7,3,1,2,0,0,0,0,0,0,3,1,2,0,0,0,78,30,48
29,564,0058,604000,0000,000000,KARNATAKA,Haveri,VILLAGE,Tevaramellihalli,Rural,557,2820,1439,1381,333,154,179,377,198,179,109,50,59,1976,1136,840,844,303,541,1177,905,272,1081,826,255,437,390,47,453,271,182,8,6,2,183,159,24,96,79,17,2,1,1,65,51,14,7,6,1,22,21,1,86,72,14,2,1,1,60,49,11,7,6,1,17,16,1,10,7,3,0,0,0,5,2,3,0,0,0,5,5,0,1643,534,1109
29,564,0058,604001,0000,000000,KARNATAKA,Haveri,VILLAGE,Halasur,Rural,230,1298,679,619,188,90,98,69,31,38,1,1,0,834,493,341,464,186,278,529,367,162,504,356,148,334,240,94,105,64,41,15,13,2,50,39,11,25,11,14,12,6,6,10,3,7,2,2,0,1,0,1,21,9,12,11,6,5,9,3,6,0,0,0,1,0,1,4,2,2,1,0,1,1,0,1,2,2,0,0,0,0,769,312,457
29,564,0058,604002,0000,000000,KARNATAKA,Haveri,VILLAGE,Kunimellihalli,Rural,399,1934,990,944,210,119,91,53,25,28,252,134,118,1376,755,621,558,235,323,799,576,223,554,508,46,336,327,9,143,116,27,2,2,0,73,63,10,245,68,177,9,7,2,226,54,172,0,0,0,10,7,3,234,64,170,7,6,1,217,51,166,0,0,0,10,7,3,11,4,7,2,1,1,9,3,6,0,0,0,0,0,0,1135,414,721
29,564,0058,604003,0000,000000,KARNATAKA,Haveri,VILLAGE,Mannangi,Rural,325,1450,750,700,172,88,84,166,75,91,222,109,113,927,557,370,523,193,330,830,445,385,153,139,14,110,106,4,8,6,2,4,4,0,31,23,8,677,306,371,12,7,5,338,157,181,8,6,2,319,136,183,665,303,362,12,7,5,333,156,177,8,6,2,312,134,178,12,3,9,0,0,0,5,1,4,0,0,0,7,2,5,620,305,315
29,564,0058,604004,0000,000000,KARNATAKA,Haveri,VILLAGE,Yelavigi,Rural,1096,5192,2612,2580,670,319,351,851,445,406,291,152,139,3150,1777,1373,2042,835,1207,2668,1651,1017,2245,1434,811,857,664,193,1016,462,554,56,42,14,316,266,50,423,217,206,8,4,4,271,117,154,45,12,33,99,84,15,389,191,198,6,2,4,246,100,146,45,12,33,92,77,15,34,26,8,2,2,0,25,17,8,0,0,0,7,7,0,2524,961,1563
29,564,0058,604005,0000,000000,KARNATAKA,Haveri,VILLAGE,Huvinshigli,Rural,644,3200,1683,1517,367,187,180,141,63,78,331,161,170,1928,1159,769,1272,524,748,1505,922,583,1277,801,476,481,357,124,654,326,328,4,2,2,138,116,22,228,121,107,39,33,6,147,52,95,7,7,0,35,29,6,204,112,92,38,33,5,131,49,82,6,6,0,29,24,5,24,9,15,1,0,1,16,3,13,1,1,0,6,5,1,1695,761,934
29,564,0058,604006,0000,000000,KARNATAKA,Haveri,VILLAGE,Basavankoppa,Rural,202,1003,518,485,127,67,60,74,37,37,72,37,35,683,379,304,320,139,181,640,325,315,590,311,279,193,120,73,161,80,81,72,6,66,164,105,59,50,14,36,3,1,2,13,5,8,26,5,21,8,3,5,41,12,29,3,1,2,11,3,8,23,5,18,4,3,1,9,2,7,0,0,0,2,2,0,3,0,3,4,0,4,363,193,170
29,564,0058,604007,0000,000000,KARNATAKA,Haveri,VILLAGE,Hesarur,Rural,722,3622,1911,1711,513,263,250,1273,670,603,60,31,29,1975,1212,763,1647,699,948,2154,1182,972,1495,1092,403,422,352,70,894,583,311,29,28,1,150,129,21,659,90,569,20,5,15,625,78,547,4,0,4,10,7,3,657,89,568,20,5,15,624,78,546,4,0,4,9,6,3,2,1,1,0,0,0,1,0,1,0,0,0,1,1,0,1468,729,739
29,564,0058,604008,0000,000000,KARNATAKA,Haveri,VILLAGE,Siddapur,Rural,585,2982,1547,1435,417,228,189,273,137,136,54,29,25,1654,965,689,1328,582,746,1446,922,524,1194,844,350,487,388,99,511,292,219,16,16,0,180,148,32,252,78,174,53,22,31,170,40,130,2,1,1,27,15,12,230,70,160,52,22,30,157,37,120,0,0,0,21,11,10,22,8,14,1,0,1,13,3,10,2,1,1,6,4,2,1536,625,911
29,564,0058,604009,0000,000000,KARNATAKA,Haveri,VILLAGE,Naikerur,Rural,423,2038,1021,1017,273,128,145,138,66,72,251,120,131,1271,715,556,767,306,461,1023,630,393,1021,628,393,465,355,110,483,216,267,6,4,2,67,53,14,2,2,0,1,1,0,0,0,0,0,0,0,1,1,0,1,1,0,1,1,0,0,0,0,0,0,0,0,0,0,1,1,0,0,0,0,0,0,0,0,0,0,1,1,0,1015,391,624
29,564,0058,604010,0000,000000,KARNATAKA,Haveri,VILLAGE,Honikop,Rural,200,1082,567,515,123,65,58,79,33,46,211,118,93,720,425,295,362,142,220,602,346,256,598,346,252,409,243,166,172,87,85,0,0,0,17,16,1,4,0,4,1,0,1,2,0,2,0,0,0,1,0,1,4,0,4,1,0,1,2,0,2,0,0,0,1,0,1,0,0,0,0,0,0,0,0,0,0,0,0,0,0,0,480,221,259
29,564,0058,604011,0000,000000,KARNATAKA,Haveri,VILLAGE,Paramawadi,Rural,130,721,373,348,114,60,54,711,369,342,0,0,0,317,194,123,404,179,225,350,217,133,338,207,131,30,27,3,264,139,125,0,0,0,44,41,3,12,10,2,1,1,0,2,1,1,0,0,0,9,8,1,6,5,1,0,0,0,2,1,1,0,0,0,4,4,0,6,5,1,1,1,0,0,0,0,0,0,0,5,4,1,371,156,215
29,564,0058,604012,0000,000000,KARNATAKA,Haveri,VILLAGE,Maruthipura,Rural,124,619,323,296,88,40,48,619,323,296,0,0,0,330,209,121,289,114,175,305,213,92,291,208,83,33,32,1,142,68,74,1,1,0,115,107,8,14,5,9,3,1,2,9,2,7,0,0,0,2,2,0,14,5,9,3,1,2,9,2,7,0,0,0,2,2,0,0,0,0,0,0,0,0,0,0,0,0,0,0,0,0,314,110,204
29,564,0058,604013,0000,000000,KARNATAKA,Haveri,VILLAGE,Shirabadgi,Rural,429,2147,1094,1053,243,112,131,188,92,96,77,41,36,1505,838,667,642,256,386,875,644,231,802,594,208,396,328,68,331,207,124,10,9,1,65,50,15,73,50,23,16,7,9,32,22,10,7,7,0,18,14,4,68,45,23,15,6,9,32,22,10,6,6,0,15,11,4,5,5,0,1,1,0,0,0,0,1,1,0,3,3,0,1272,450,822
29,564,0058,604014,0000,000000,KARNATAKA,Haveri,VILLAGE,Shevalalpur,Rural,375,2112,1067,1045,359,174,185,2092,1056,1036,3,2,1,865,544,321,1247,523,724,1022,601,421,929,583,346,240,155,85,365,211,154,20,13,7,304,204,100,93,18,75,6,4,2,49,6,43,27,2,25,11,6,5,91,18,73,6,4,2,49,6,43,27,2,25,9,6,3,2,0,2,0,0,0,0,0,0,0,0,0,2,0,2,1090,466,624
29,564,0058,604015,0000,000000,KARNATAKA,Haveri,VILLAGE,Vadnikoppa,Rural,205,907,468,439,116,56,60,110,55,55,57,28,29,592,336,256,315,132,183,529,276,253,448,271,177,353,236,117,85,29,56,4,2,2,6,4,2,81,5,76,58,3,55,23,2,21,0,0,0,0,0,0,77,5,72,58,3,55,19,2,17,0,0,0,0,0,0,4,0,4,0,0,0,4,0,4,0,0,0,0,0,0,378,192,186
29,564,0058,604016,0000,000000,KARNATAKA,Haveri,VILLAGE,Kadakola,Rural,1062,4990,2563,2427,576,295,281,490,234,256,319,166,153,3310,1869,1441,1680,694,986,2616,1576,1040,2580,1561,1019,624,549,75,1694,793,901,45,40,5,217,179,38,36,15,21,7,4,3,22,7,15,1,0,1,6,4,2,35,15,20,7,4,3,21,7,14,1,0,1,6,4,2,1,0,1,0,0,0,1,0,1,0,0,0,0,0,0,2374,987,1387
29,564,0058,604017,0000,000000,KARNATAKA,Haveri,VILLAGE,Kaliwal,Rural,404,1960,968,992,267,121,146,150,69,81,365,178,187,1300,725,575,660,243,417,598,556,42,589,548,41,368,353,15,100,84,16,18,18,0,103,93,10,9,8,1,2,2,0,1,0,1,0,0,0,6,6,0,8,7,1,2,2,0,1,0,1,0,0,0,5,5,0,1,1,0,0,0,0,0,0,0,0,0,0,1,1,0,1362,412,950
29,564,0058,604018,0000,000000,KARNATAKA,Haveri,VILLAGE,Bhairapur,Rural,233,1223,649,574,173,93,80,663,343,320,10,7,3,867,518,349,356,131,225,379,338,41,366,329,37,132,131,1,220,190,30,1,1,0,13,7,6,13,9,4,2,2,0,10,6,4,1,1,0,0,0,0,8,5,3,1,1,0,6,3,3,1,1,0,0,0,0,5,4,1,1,1,0,4,3,1,0,0,0,0,0,0,844,311,533
29,564,0058,604019,0000,000000,KARNATAKA,Haveri,VILLAGE,Ichangi,Rural,538,2464,1248,1216,313,143,170,334,159,175,277,143,134,1684,965,719,780,283,497,1403,821,582,1373,804,569,363,306,57,950,463,487,24,14,10,36,21,15,30,17,13,6,2,4,12,5,7,8,8,0,4,2,2,22,9,13,6,2,4,11,4,7,2,2,0,3,1,2,8,8,0,0,0,0,1,1,0,6,6,0,1,1,0,1061,427,634
29,564,0058,604020,0000,000000,KARNATAKA,Haveri,VILLAGE,Krishnapur,Rural,377,1795,955,840,240,125,115,892,471,421,0,0,0,907,557,350,888,398,490,1051,625,426,1039,619,420,372,209,163,628,385,243,12,9,3,27,16,11,12,6,6,1,1,0,8,4,4,1,1,0,2,0,2,12,6,6,1,1,0,8,4,4,1,1,0,2,0,2,0,0,0,0,0,0,0,0,0,0,0,0,0,0,0,744,330,414
29,564,0058,604021,0000,000000,KARNATAKA,Haveri,VILLAGE,Hattimattur,Rural,1499,7370,3693,3677,941,498,443,1637,811,826,301,159,142,4669,2494,2175,2701,1199,1502,3084,2234,850,3051,2210,841,639,557,82,1785,1201,584,133,36,97,494,416,78,33,24,9,0,0,0,22,17,5,5,3,2,6,4,2,30,22,8,0,0,0,19,15,4,5,3,2,6,4,2,3,2,1,0,0,0,3,2,1,0,0,0,0,0,0,4286,1459,2827
29,564,0058,604022,0000,000000,KARNATAKA,Haveri,VILLAGE,Jallapur,Rural,526,2473,1291,1182,305,163,142,85,47,38,555,276,279,1715,996,719,758,295,463,1148,738,410,1031,695,336,243,237,6,564,272,292,8,4,4,216,182,34,117,43,74,1,1,0,104,32,72,0,0,0,12,10,2,116,43,73,1,1,0,103,32,71,0,0,0,12,10,2,1,0,1,0,0,0,1,0,1,0,0,0,0,0,0,1325,553,772
29,564,0058,604023,0000,000000,KARNATAKA,Haveri,VILLAGE,Kalalkond,Rural,407,2066,1074,992,253,134,119,356,177,179,403,213,190,1252,700,552,814,374,440,977,636,341,945,618,327,343,271,72,486,292,194,13,10,3,103,45,58,32,18,14,6,3,3,8,3,5,6,5,1,12,7,5,27,14,13,6,3,3,8,3,5,3,3,0,10,5,5,5,4,1,0,0,0,0,0,0,3,2,1,2,2,0,1089,438,651
29,564,0058,604024,0000,000000,KARNATAKA,Haveri,VILLAGE,Ichala Yellapur,Rural,145,804,422,382,147,75,72,88,49,39,40,19,21,499,291,208,305,131,174,414,240,174,413,239,174,122,76,46,240,118,122,0,0,0,51,45,6,1,1,0,0,0,0,0,0,0,0,0,0,1,1,0,1,1,0,0,0,0,0,0,0,0,0,0,1,1,0,0,0,0,0,0,0,0,0,0,0,0,0,0,0,0,390,182,208
29,564,0058,604025,0000,000000,KARNATAKA,Haveri,VILLAGE,Hiremaralihalli,Rural,437,2141,1118,1023,275,150,125,748,382,366,387,205,182,1291,740,551,850,378,472,1031,673,358,910,613,297,365,304,61,488,267,221,26,22,4,31,20,11,121,60,61,0,0,0,106,50,56,13,9,4,2,1,1,114,56,58,0,0,0,105,49,56,7,6,1,2,1,1,7,4,3,0,0,0,1,1,0,6,3,3,0,0,0,1110,445,665
29,564,0058,604026,0000,000000,KARNATAKA,Haveri,VILLAGE,Chikkamaralihalli,Rural,319,1595,864,731,196,103,93,269,147,122,157,85,72,1074,648,426,521,216,305,788,508,280,782,506,276,186,154,32,533,303,230,3,2,1,60,47,13,6,2,4,0,0,0,5,2,3,0,0,0,1,0,1,6,2,4,0,0,0,5,2,3,0,0,0,1,0,1,0,0,0,0,0,0,0,0,0,0,0,0,0,0,0,807,356,451
29,564,0058,604027,0000,000000,KARNATAKA,Haveri,VILLAGE,Dombaramattur,Rural,264,1344,716,628,126,64,62,212,113,99,357,195,162,932,557,375,412,159,253,551,387,164,192,178,14,104,102,2,58,49,9,0,0,0,30,27,3,359,209,150,4,2,2,299,159,140,33,29,4,23,19,4,235,125,110,4,2,2,212,109,103,6,4,2,13,10,3,124,84,40,0,0,0,87,50,37,27,25,2,10,9,1,793,329,464
29,564,0058,604028,0000,000000,KARNATAKA,Haveri,VILLAGE,Kamal Bangadi Timmapur,Rural,192,1046,545,501,132,67,65,164,86,78,0,0,0,530,317,213,516,228,288,358,327,31,261,256,5,127,126,1,118,117,1,0,0,0,16,13,3,97,71,26,0,0,0,76,54,22,5,2,3,16,15,1,17,13,4,0,0,0,7,6,1,5,2,3,5,5,0,80,58,22,0,0,0,69,48,21,0,0,0,11,10,1,688,218,470
29,564,0058,604029,0000,000000,KARNATAKA,Haveri,VILLAGE,Kalasur,Rural,551,2379,1237,1142,263,135,128,185,92,93,456,236,220,1635,894,741,744,343,401,1364,813,551,1178,751,427,253,220,33,666,301,365,18,17,1,241,213,28,186,62,124,1,1,0,179,56,123,2,1,1,4,4,0,182,59,123,0,0,0,178,56,122,1,0,1,3,3,0,4,3,1,1,1,0,1,0,1,1,1,0,1,1,0,1015,424,591
29,564,0058,604030,0000,000000,KARNATAKA,Haveri,VILLAGE,Mantagani,Rural,338,1676,844,832,227,110,117,138,69,69,556,279,277,1021,572,449,655,272,383,1096,594,502,1055,588,467,343,208,135,681,355,326,3,1,2,28,24,4,41,6,35,4,1,3,36,5,31,0,0,0,1,0,1,41,6,35,4,1,3,36,5,31,0,0,0,1,0,1,0,0,0,0,0,0,0,0,0,0,0,0,0,0,0,580,250,330
29,564,0058,604031,0000,000000,KARNATAKA,Haveri,VILLAGE,Kalakoti,Rural,268,1252,612,640,157,70,87,149,75,74,232,117,115,861,463,398,391,149,242,589,372,217,589,372,217,224,157,67,312,175,137,0,0,0,53,40,13,0,0,0,0,0,0,0,0,0,0,0,0,0,0,0,0,0,0,0,0,0,0,0,0,0,0,0,0,0,0,0,0,0,0,0,0,0,0,0,0,0,0,0,0,0,663,240,423
29,564,0058,604032,0000,000000,KARNATAKA,Haveri,VILLAGE,Hiremugadur,Rural,396,1779,952,827,195,92,103,323,172,151,106,60,46,1146,690,456,633,262,371,983,591,392,905,563,342,326,229,97,475,248,227,3,3,0,101,83,18,78,28,50,37,13,24,31,12,19,3,0,3,7,3,4,44,17,27,18,6,12,18,8,10,3,0,3,5,3,2,34,11,23,19,7,12,13,4,9,0,0,0,2,0,2,796,361,435
29,564,0058,604033,0000,000000,KARNATAKA,Haveri,VILLAGE,Neeralagi-Mahal-Karadgi ,Rural,351,2039,1103,936,308,166,142,313,175,138,814,436,378,1217,706,511,822,397,425,866,583,283,849,572,277,249,239,10,539,279,260,1,0,1,60,54,6,17,11,6,0,0,0,3,1,2,1,1,0,13,9,4,16,10,6,0,0,0,2,0,2,1,1,0,13,9,4,1,1,0,0,0,0,1,1,0,0,0,0,0,0,0,1173,520,653
29,564,0058,604034,0000,000000,KARNATAKA,Haveri,VILLAGE,Chikkamugadur,Rural,97,516,262,254,62,36,26,165,89,76,131,70,61,339,183,156,177,79,98,208,140,68,208,140,68,96,75,21,112,65,47,0,0,0,0,0,0,0,0,0,0,0,0,0,0,0,0,0,0,0,0,0,0,0,0,0,0,0,0,0,0,0,0,0,0,0,0,0,0,0,0,0,0,0,0,0,0,0,0,0,0,0,308,122,186
29,564,0058,604035,0000,000000,KARNATAKA,Haveri,VILLAGE,Aralihalli,Rural,69,357,175,182,48,17,31,23,11,12,68,34,34,223,128,95,134,47,87,151,112,39,149,111,38,86,76,10,51,26,25,0,0,0,12,9,3,2,1,1,0,0,0,1,0,1,0,0,0,1,1,0,1,1,0,0,0,0,0,0,0,0,0,0,1,1,0,1,0,1,0,0,0,1,0,1,0,0,0,0,0,0,206,63,143
29,564,0059,000000,0000,000000,KARNATAKA,Haveri,CD BLOCK,Hangal ,Total,47652,232296,118863,113433,29292,14796,14496,36640,18568,18072,20609,10442,10167,156397,86654,69743,75899,32209,43690,106079,72791,33288,86412,64637,21775,35642,30921,4721,35552,21180,14372,1065,852,213,14153,11684,2469,19667,8154,11513,2026,708,1318,14301,5435,8866,547,217,330,2793,1794,999,17520,7328,10192,1609,545,1064,13204,5105,8099,466,180,286,2241,1498,743,2147,826,1321,417,163,254,1097,330,767,81,37,44,552,296,256,126217,46072,80145
29,564,0059,000000,0000,000000,KARNATAKA,Haveri,CD BLOCK,Hangal ,Rural,47652,232296,118863,113433,29292,14796,14496,36640,18568,18072,20609,10442,10167,156397,86654,69743,75899,32209,43690,106079,72791,33288,86412,64637,21775,35642,30921,4721,35552,21180,14372,1065,852,213,14153,11684,2469,19667,8154,11513,2026,708,1318,14301,5435,8866,547,217,330,2793,1794,999,17520,7328,10192,1609,545,1064,13204,5105,8099,466,180,286,2241,1498,743,2147,826,1321,417,163,254,1097,330,767,81,37,44,552,296,256,126217,46072,80145
29,564,0059,000000,0000,000000,KARNATAKA,Haveri,CD BLOCK,Hangal ,Urban,0,0,0,0,0,0,0,0,0,0,0,0,0,0,0,0,0,0,0,0,0,0,0,0,0,0,0,0,0,0,0,0,0,0,0,0,0,0,0,0,0,0,0,0,0,0,0,0,0,0,0,0,0,0,0,0,0,0,0,0,0,0,0,0,0,0,0,0,0,0,0,0,0,0,0,0,0,0,0,0,0,0,0,0,0
29,564,0059,604036,0000,000000,KARNATAKA,Haveri,VILLAGE,Yaliwal,Rural,356,1818,954,864,208,92,116,200,102,98,0,0,0,1234,708,526,584,246,338,745,585,160,388,360,28,234,225,9,132,118,14,2,2,0,20,15,5,357,225,132,4,3,1,261,143,118,1,1,0,91,78,13,350,220,130,3,3,0,261,143,118,0,0,0,86,74,12,7,5,2,1,0,1,0,0,0,1,1,0,5,4,1,1073,369,704
29,564,0059,604037,0000,000000,KARNATAKA,Haveri,VILLAGE,Bommanahalli,Rural,1078,5116,2611,2505,687,350,337,425,212,213,45,25,20,3506,1895,1611,1610,716,894,1944,1605,339,1699,1438,261,342,333,9,562,402,160,62,58,4,733,645,88,245,167,78,4,4,0,93,47,46,43,32,11,105,84,21,194,149,45,4,4,0,68,37,31,35,32,3,87,76,11,51,18,33,0,0,0,25,10,15,8,0,8,18,8,10,3172,1006,2166
29,564,0059,604038,0000,000000,KARNATAKA,Haveri,VILLAGE,Hanamasagar,Rural,440,2309,1223,1086,256,137,119,72,39,33,30,16,14,1825,996,829,484,227,257,741,623,118,709,607,102,310,302,8,191,127,64,11,7,4,197,171,26,32,16,16,1,1,0,14,5,9,2,0,2,15,10,5,27,11,16,1,1,0,13,4,9,2,0,2,11,6,5,5,5,0,0,0,0,1,1,0,0,0,0,4,4,0,1568,600,968
29,564,0059,604039,0000,000000,KARNATAKA,Haveri,VILLAGE,Nellikoppa,Rural,70,325,172,153,41,19,22,236,123,113,0,0,0,185,112,73,140,60,80,124,113,11,117,107,10,38,37,1,54,46,8,0,0,0,25,24,1,7,6,1,2,1,1,3,3,0,0,0,0,2,2,0,7,6,1,2,1,1,3,3,0,0,0,0,2,2,0,0,0,0,0,0,0,0,0,0,0,0,0,0,0,0,201,59,142
29,564,0059,604040,0000,000000,KARNATAKA,Haveri,VILLAGE,Badamgatti,Rural,105,550,284,266,77,37,40,42,19,23,295,157,138,413,222,191,137,62,75,350,184,166,350,184,166,50,47,3,298,137,161,0,0,0,2,0,2,0,0,0,0,0,0,0,0,0,0,0,0,0,0,0,0,0,0,0,0,0,0,0,0,0,0,0,0,0,0,0,0,0,0,0,0,0,0,0,0,0,0,0,0,0,200,100,100
29,564,0059,604041,0000,000000,KARNATAKA,Haveri,VILLAGE,Hospet,Rural,148,785,416,369,76,40,36,241,129,112,2,1,1,616,345,271,169,71,98,323,263,60,323,263,60,156,152,4,145,94,51,0,0,0,22,17,5,0,0,0,0,0,0,0,0,0,0,0,0,0,0,0,0,0,0,0,0,0,0,0,0,0,0,0,0,0,0,0,0,0,0,0,0,0,0,0,0,0,0,0,0,0,462,153,309
29,564,0059,604042,0000,000000,KARNATAKA,Haveri,VILLAGE,Walageri,Rural,77,370,185,185,61,28,33,39,19,20,129,66,63,229,123,106,141,62,79,171,123,48,170,123,47,71,69,2,67,34,33,1,1,0,31,19,12,1,0,1,0,0,0,0,0,0,1,0,1,0,0,0,1,0,1,0,0,0,0,0,0,1,0,1,0,0,0,0,0,0,0,0,0,0,0,0,0,0,0,0,0,0,199,62,137
29,564,0059,604043,0000,000000,KARNATAKA,Haveri,VILLAGE,Neeralgi (M) Adur,Rural,434,2249,1128,1121,290,140,150,522,258,264,0,0,0,1562,838,724,687,290,397,947,683,264,618,534,84,360,344,16,193,143,50,14,13,1,51,34,17,329,149,180,7,5,2,299,125,174,0,0,0,23,19,4,329,149,180,7,5,2,299,125,174,0,0,0,23,19,4,0,0,0,0,0,0,0,0,0,0,0,0,0,0,0,1302,445,857
29,564,0059,604044,0000,000000,KARNATAKA,Haveri,VILLAGE,Harvi,Rural,263,1347,700,647,192,101,91,83,48,35,73,36,37,860,490,370,487,210,277,635,434,201,531,413,118,356,287,69,118,80,38,5,5,0,52,41,11,104,21,83,24,2,22,70,14,56,3,1,2,7,4,3,98,18,80,24,2,22,67,12,55,0,0,0,7,4,3,6,3,3,0,0,0,3,2,1,3,1,2,0,0,0,712,266,446
29,564,0059,604045,0000,000000,KARNATAKA,Haveri,VILLAGE,Haranagiri,Rural,179,845,431,414,97,46,51,72,39,33,79,38,41,512,298,214,333,133,200,428,269,159,426,269,157,158,135,23,229,101,128,6,6,0,33,27,6,2,0,2,0,0,0,2,0,2,0,0,0,0,0,0,2,0,2,0,0,0,2,0,2,0,0,0,0,0,0,0,0,0,0,0,0,0,0,0,0,0,0,0,0,0,417,162,255
29,564,0059,604046,0000,000000,KARNATAKA,Haveri,VILLAGE,Maranabeed,Rural,583,3047,1564,1483,341,168,173,329,167,162,401,208,193,2033,1127,906,1014,437,577,1510,882,628,1196,838,358,319,303,16,631,378,253,4,4,0,242,153,89,314,44,270,14,9,5,157,8,149,8,1,7,135,26,109,153,37,116,11,9,2,21,6,15,6,1,5,115,21,94,161,7,154,3,0,3,136,2,134,2,0,2,20,5,15,1537,682,855
29,564,0059,604047,0000,000000,KARNATAKA,Haveri,VILLAGE,Masankatti,Rural,630,3218,1680,1538,386,211,175,147,73,74,65,32,33,2232,1236,996,986,444,542,1379,1025,354,985,842,143,566,538,28,264,178,86,11,11,0,144,115,29,394,183,211,11,2,9,335,143,192,23,14,9,25,24,1,382,178,204,11,2,9,326,141,185,23,14,9,22,21,1,12,5,7,0,0,0,9,2,7,0,0,0,3,3,0,1839,655,1184
29,564,0059,604048,0000,000000,KARNATAKA,Haveri,VILLAGE,Dyamankoppa (Inam),Rural,193,1020,514,506,141,65,76,611,313,298,162,84,78,687,395,292,333,119,214,606,337,269,605,336,269,122,115,7,462,203,259,0,0,0,21,18,3,1,1,0,0,0,0,0,0,0,0,0,0,1,1,0,1,1,0,0,0,0,0,0,0,0,0,0,1,1,0,0,0,0,0,0,0,0,0,0,0,0,0,0,0,0,414,177,237
29,564,0059,604049,0000,000000,KARNATAKA,Haveri,VILLAGE,Belavatti (Hunasikatti),Rural,196,973,513,460,111,53,58,28,15,13,80,38,42,658,394,264,315,119,196,411,324,87,410,324,86,210,203,7,174,102,72,2,2,0,24,17,7,1,0,1,0,0,0,1,0,1,0,0,0,0,0,0,1,0,1,0,0,0,1,0,1,0,0,0,0,0,0,0,0,0,0,0,0,0,0,0,0,0,0,0,0,0,562,189,373
29,564,0059,604050,0000,000000,KARNATAKA,Haveri,VILLAGE,Janagundikoppa,Rural,230,1184,617,567,181,107,74,641,326,315,8,4,4,565,336,229,619,281,338,584,356,228,580,353,227,169,167,2,335,124,211,3,2,1,73,60,13,4,3,1,2,2,0,2,1,1,0,0,0,0,0,0,4,3,1,2,2,0,2,1,1,0,0,0,0,0,0,0,0,0,0,0,0,0,0,0,0,0,0,0,0,0,600,261,339
29,564,0059,604051,0000,000000,KARNATAKA,Haveri,VILLAGE,Yalavatti,Rural,601,3106,1597,1509,432,216,216,112,55,57,134,70,64,2067,1121,946,1039,476,563,1207,1035,172,1197,1030,167,646,594,52,345,268,77,7,4,3,199,164,35,10,5,5,0,0,0,5,3,2,3,0,3,2,2,0,10,5,5,0,0,0,5,3,2,3,0,3,2,2,0,0,0,0,0,0,0,0,0,0,0,0,0,0,0,0,1899,562,1337
29,564,0059,604052,0000,000000,KARNATAKA,Haveri,VILLAGE,Bailwal,Rural,303,1569,814,755,199,103,96,300,153,147,0,0,0,953,532,421,616,282,334,703,536,167,561,507,54,295,286,9,182,141,41,1,0,1,83,80,3,142,29,113,45,9,36,83,10,73,4,4,0,10,6,4,108,22,86,32,6,26,67,10,57,0,0,0,9,6,3,34,7,27,13,3,10,16,0,16,4,4,0,1,0,1,866,278,588
29,564,0059,604053,0000,000000,KARNATAKA,Haveri,VILLAGE,Hullatti,Rural,403,2022,1040,982,317,158,159,3,3,0,50,22,28,1234,693,541,788,347,441,662,633,29,521,495,26,292,289,3,172,152,20,7,7,0,50,47,3,141,138,3,1,1,0,131,128,3,0,0,0,9,9,0,128,125,3,1,1,0,126,123,3,0,0,0,1,1,0,13,13,0,0,0,0,5,5,0,0,0,0,8,8,0,1360,407,953
29,564,0059,604054,0000,000000,KARNATAKA,Haveri,VILLAGE,Dasharatkoppa,Rural,244,1063,528,535,140,61,79,630,299,331,219,114,105,530,303,227,533,225,308,456,322,134,449,317,132,211,173,38,205,124,81,0,0,0,33,20,13,7,5,2,3,2,1,1,0,1,0,0,0,3,3,0,7,5,2,3,2,1,1,0,1,0,0,0,3,3,0,0,0,0,0,0,0,0,0,0,0,0,0,0,0,0,607,206,401
29,564,0059,604055,0000,000000,KARNATAKA,Haveri,VILLAGE,Gadegundiyellapur,Rural,36,193,106,87,17,5,12,0,0,0,0,0,0,134,83,51,59,23,36,79,70,9,78,69,9,60,54,6,10,8,2,0,0,0,8,7,1,1,1,0,1,1,0,0,0,0,0,0,0,0,0,0,1,1,0,1,1,0,0,0,0,0,0,0,0,0,0,0,0,0,0,0,0,0,0,0,0,0,0,0,0,0,114,36,78
29,564,0059,604056,0000,000000,KARNATAKA,Haveri,VILLAGE,Hasanabadi,Rural,196,1034,527,507,154,76,78,29,15,14,300,163,137,643,361,282,391,166,225,427,315,112,259,195,64,211,151,60,12,11,1,19,18,1,17,15,2,168,120,48,12,1,11,130,100,30,11,8,3,15,11,4,141,99,42,12,1,11,117,91,26,7,5,2,5,2,3,27,21,6,0,0,0,13,9,4,4,3,1,10,9,1,607,212,395
29,564,0059,604057,0000,000000,KARNATAKA,Haveri,VILLAGE,Basapur (M) Nidasangi,Rural,110,546,293,253,70,35,35,90,46,44,165,85,80,310,182,128,236,111,125,215,154,61,194,144,50,75,69,6,107,67,40,1,1,0,11,7,4,21,10,11,1,1,0,18,8,10,0,0,0,2,1,1,20,10,10,1,1,0,17,8,9,0,0,0,2,1,1,1,0,1,0,0,0,1,0,1,0,0,0,0,0,0,331,139,192
29,564,0059,604058,0000,000000,KARNATAKA,Haveri,VILLAGE,Yallur,Rural,332,1654,849,805,185,96,89,104,51,53,42,19,23,1081,594,487,573,255,318,863,550,313,637,427,210,235,224,11,316,136,180,1,0,1,85,67,18,226,123,103,5,2,3,211,113,98,0,0,0,10,8,2,224,121,103,5,2,3,209,111,98,0,0,0,10,8,2,2,2,0,0,0,0,2,2,0,0,0,0,0,0,0,791,299,492
29,564,0059,604059,0000,000000,KARNATAKA,Haveri,VILLAGE,Nitaginakoppa,Rural,171,861,442,419,103,52,51,63,33,30,253,127,126,706,380,326,155,62,93,474,277,197,420,259,161,110,105,5,297,143,154,2,2,0,11,9,2,54,18,36,5,4,1,38,7,31,1,1,0,10,6,4,43,17,26,5,4,1,30,7,23,1,1,0,7,5,2,11,1,10,0,0,0,8,0,8,0,0,0,3,1,2,387,165,222
29,564,0059,604060,0000,000000,KARNATAKA,Haveri,VILLAGE,Gundur,Rural,102,488,251,237,69,32,37,40,22,18,19,9,10,380,213,167,108,38,70,182,142,40,80,72,8,52,51,1,12,8,4,5,5,0,11,8,3,102,70,32,3,3,0,89,59,30,4,2,2,6,6,0,99,69,30,3,3,0,87,58,29,3,2,1,6,6,0,3,1,2,0,0,0,2,1,1,1,0,1,0,0,0,306,109,197
29,564,0059,604061,0000,000000,KARNATAKA,Haveri,VILLAGE,Aladakatti,Rural,543,2623,1363,1260,319,167,152,165,85,80,332,177,155,1764,1001,763,859,362,497,1103,866,237,1092,859,233,411,385,26,502,317,185,7,6,1,172,151,21,11,7,4,1,1,0,3,0,3,1,0,1,6,6,0,10,7,3,1,1,0,3,0,3,0,0,0,6,6,0,1,0,1,0,0,0,0,0,0,1,0,1,0,0,0,1520,497,1023
29,564,0059,604062,0000,000000,KARNATAKA,Haveri,VILLAGE,Chandragiri,Rural,17,141,78,63,25,18,7,0,0,0,17,10,7,102,58,44,39,20,19,41,40,1,41,40,1,32,32,0,6,5,1,0,0,0,3,3,0,0,0,0,0,0,0,0,0,0,0,0,0,0,0,0,0,0,0,0,0,0,0,0,0,0,0,0,0,0,0,0,0,0,0,0,0,0,0,0,0,0,0,0,0,0,100,38,62
29,564,0059,604063,0000,000000,KARNATAKA,Haveri,VILLAGE,Bhingapur,Rural,194,893,456,437,89,44,45,34,19,15,22,14,8,522,291,231,371,165,206,460,296,164,432,291,141,164,161,3,239,108,131,6,6,0,23,16,7,28,5,23,1,1,0,27,4,23,0,0,0,0,0,0,28,5,23,1,1,0,27,4,23,0,0,0,0,0,0,0,0,0,0,0,0,0,0,0,0,0,0,0,0,0,433,160,273
29,564,0059,604064,0000,000000,KARNATAKA,Haveri,VILLAGE,Hombli,Rural,101,487,256,231,68,36,32,118,56,62,44,19,25,315,185,130,172,71,101,235,172,63,233,171,62,135,131,4,94,37,57,1,1,0,3,2,1,2,1,1,1,1,0,1,0,1,0,0,0,0,0,0,2,1,1,1,1,0,1,0,1,0,0,0,0,0,0,0,0,0,0,0,0,0,0,0,0,0,0,0,0,0,252,84,168
29,564,0059,604065,0000,000000,KARNATAKA,Haveri,VILLAGE,Allapur,Rural,152,712,377,335,81,49,32,23,12,11,4,3,1,516,293,223,196,84,112,241,239,2,241,239,2,89,89,0,146,146,0,0,0,0,6,4,2,0,0,0,0,0,0,0,0,0,0,0,0,0,0,0,0,0,0,0,0,0,0,0,0,0,0,0,0,0,0,0,0,0,0,0,0,0,0,0,0,0,0,0,0,0,471,138,333
29,564,0059,604066,0000,000000,KARNATAKA,Haveri,VILLAGE,Kudal,Rural,362,1646,857,789,189,102,87,198,95,103,71,32,39,1210,681,529,436,176,260,695,510,185,503,425,78,316,294,22,105,69,36,17,14,3,65,48,17,192,85,107,18,7,11,142,55,87,3,3,0,29,20,9,182,81,101,18,7,11,136,55,81,1,1,0,27,18,9,10,4,6,0,0,0,6,0,6,2,2,0,2,2,0,951,347,604
29,564,0059,604067,0000,000000,KARNATAKA,Haveri,VILLAGE,Naregal,Rural,1078,5196,2615,2581,717,342,375,137,64,73,260,125,135,2989,1590,1399,2207,1025,1182,1999,1542,457,1897,1480,417,633,582,51,954,635,319,29,27,2,281,236,45,102,62,40,1,1,0,65,31,34,13,12,1,23,18,5,84,45,39,1,1,0,61,27,34,9,8,1,13,9,4,18,17,1,0,0,0,4,4,0,4,4,0,10,9,1,3197,1073,2124
29,564,0059,604068,0000,000000,KARNATAKA,Haveri,VILLAGE,Wardi,Rural,610,2919,1476,1443,349,166,183,171,86,85,172,85,87,1939,1056,883,980,420,560,1183,917,266,1175,911,264,364,355,9,724,480,244,10,9,1,77,67,10,8,6,2,2,1,1,5,4,1,0,0,0,1,1,0,7,5,2,2,1,1,5,4,1,0,0,0,0,0,0,1,1,0,0,0,0,0,0,0,0,0,0,1,1,0,1736,559,1177
29,564,0059,604069,0000,000000,KARNATAKA,Haveri,VILLAGE,Kalvekallapur,Rural,267,1156,589,567,123,50,73,204,102,102,55,30,25,805,461,344,351,128,223,608,382,226,360,293,67,60,58,2,194,145,49,13,11,2,93,79,14,248,89,159,5,4,1,238,84,154,2,1,1,3,0,3,245,87,158,5,4,1,235,82,153,2,1,1,3,0,3,3,2,1,0,0,0,3,2,1,0,0,0,0,0,0,548,207,341
29,564,0059,604070,0000,000000,KARNATAKA,Haveri,VILLAGE,Nellibeed,Rural,177,781,405,376,107,52,55,366,182,184,0,0,0,471,282,189,310,123,187,419,277,142,324,272,52,96,84,12,111,78,33,6,6,0,111,104,7,95,5,90,15,1,14,72,1,71,0,0,0,8,3,5,91,4,87,15,1,14,69,1,68,0,0,0,7,2,5,4,1,3,0,0,0,3,0,3,0,0,0,1,1,0,362,128,234
29,564,0059,604071,0000,000000,KARNATAKA,Haveri,VILLAGE,Jakkanaikankoppa,Rural,122,596,318,278,71,34,37,83,39,44,89,52,37,438,262,176,158,56,102,272,209,63,268,209,59,131,127,4,103,54,49,0,0,0,34,28,6,4,0,4,1,0,1,3,0,3,0,0,0,0,0,0,3,0,3,0,0,0,3,0,3,0,0,0,0,0,0,1,0,1,1,0,1,0,0,0,0,0,0,0,0,0,324,109,215
29,564,0059,604072,0000,000000,KARNATAKA,Haveri,VILLAGE,Belagalapeth,Rural,952,4652,2390,2262,566,296,270,358,197,161,105,64,41,3220,1751,1469,1432,639,793,1727,1384,343,1605,1343,262,292,275,17,639,485,154,72,49,23,602,534,68,122,41,81,8,8,0,45,10,35,10,1,9,59,22,37,88,35,53,7,7,0,36,9,27,7,1,6,38,18,20,34,6,28,1,1,0,9,1,8,3,0,3,21,4,17,2925,1006,1919
29,564,0059,604073,0000,000000,KARNATAKA,Haveri,VILLAGE,Negavanigi,Rural,114,887,490,397,71,33,38,274,141,133,55,33,22,742,429,313,145,61,84,167,98,69,73,55,18,9,9,0,3,3,0,3,3,0,58,40,18,94,43,51,3,3,0,64,21,43,3,0,3,24,19,5,62,35,27,2,2,0,44,20,24,1,0,1,15,13,2,32,8,24,1,1,0,20,1,19,2,0,2,9,6,3,720,392,328
29,564,0059,604074,0000,000000,KARNATAKA,Haveri,VILLAGE,Sivajipur,Rural,210,959,518,441,135,74,61,954,514,440,0,0,0,512,321,191,447,197,250,426,287,139,366,235,131,4,4,0,359,229,130,1,0,1,2,2,0,60,52,8,0,0,0,60,52,8,0,0,0,0,0,0,60,52,8,0,0,0,60,52,8,0,0,0,0,0,0,0,0,0,0,0,0,0,0,0,0,0,0,0,0,0,533,231,302
29,564,0059,604075,0000,000000,KARNATAKA,Haveri,VILLAGE,Maharajpet,Rural,116,514,261,253,54,26,28,66,34,32,3,2,1,372,200,172,142,61,81,213,149,64,189,141,48,78,77,1,67,37,30,0,0,0,44,27,17,24,8,16,0,0,0,24,8,16,0,0,0,0,0,0,24,8,16,0,0,0,24,8,16,0,0,0,0,0,0,0,0,0,0,0,0,0,0,0,0,0,0,0,0,0,301,112,189
29,564,0059,604076,0000,000000,KARNATAKA,Haveri,VILLAGE,Cheeranahalli,Rural,185,915,461,454,111,54,57,189,91,98,119,64,55,629,343,286,286,118,168,368,255,113,179,157,22,129,125,4,22,8,14,0,0,0,28,24,4,189,98,91,4,3,1,166,82,84,4,0,4,15,13,2,174,90,84,4,3,1,156,76,80,1,0,1,13,11,2,15,8,7,0,0,0,10,6,4,3,0,3,2,2,0,547,206,341
29,564,0059,604077,0000,000000,KARNATAKA,Haveri,VILLAGE,Gudagudi,Rural,103,494,252,242,67,34,33,43,23,20,59,32,27,347,186,161,147,66,81,211,135,76,133,130,3,124,124,0,1,1,0,0,0,0,8,5,3,78,5,73,68,1,67,6,2,4,0,0,0,4,2,2,78,5,73,68,1,67,6,2,4,0,0,0,4,2,2,0,0,0,0,0,0,0,0,0,0,0,0,0,0,0,283,117,166
29,564,0059,604078,0000,000000,KARNATAKA,Haveri,VILLAGE,Thimmapur (M) Nidasangi,Rural,0,0,0,0,0,0,0,0,0,0,0,0,0,0,0,0,0,0,0,0,0,0,0,0,0,0,0,0,0,0,0,0,0,0,0,0,0,0,0,0,0,0,0,0,0,0,0,0,0,0,0,0,0,0,0,0,0,0,0,0,0,0,0,0,0,0,0,0,0,0,0,0,0,0,0,0,0,0,0,0,0,0,0,0,0
29,564,0059,604079,0000,000000,KARNATAKA,Haveri,VILLAGE,Ramathirtha,Rural,276,1504,794,710,219,103,116,49,25,24,1,0,1,1021,589,432,483,205,278,861,482,379,454,432,22,365,353,12,45,40,5,2,2,0,42,37,5,407,50,357,9,4,5,378,33,345,1,0,1,19,13,6,406,49,357,8,3,5,378,33,345,1,0,1,19,13,6,1,1,0,1,1,0,0,0,0,0,0,0,0,0,0,643,312,331
29,564,0059,604080,0000,000000,KARNATAKA,Haveri,VILLAGE,Baichavalli,Rural,430,1861,931,930,205,98,107,63,32,31,466,238,228,1401,759,642,460,172,288,790,594,196,766,582,184,396,376,20,274,130,144,1,0,1,95,76,19,24,12,12,1,1,0,19,7,12,2,2,0,2,2,0,20,8,12,1,1,0,15,3,12,2,2,0,2,2,0,4,4,0,0,0,0,4,4,0,0,0,0,0,0,0,1071,337,734
29,564,0059,604081,0000,000000,KARNATAKA,Haveri,VILLAGE,Rathnapur,Rural,154,751,374,377,116,57,59,746,372,374,0,0,0,317,209,108,434,165,269,421,228,193,406,223,183,10,9,1,386,204,182,0,0,0,10,10,0,15,5,10,0,0,0,15,5,10,0,0,0,0,0,0,15,5,10,0,0,0,15,5,10,0,0,0,0,0,0,0,0,0,0,0,0,0,0,0,0,0,0,0,0,0,330,146,184
29,564,0059,604082,0000,000000,KARNATAKA,Haveri,VILLAGE,Kargudri,Rural,340,1949,1002,947,311,163,148,206,109,97,26,12,14,1307,690,617,642,312,330,734,579,155,478,462,16,303,297,6,41,35,6,3,3,0,131,127,4,256,117,139,10,5,5,211,80,131,2,2,0,33,30,3,250,113,137,9,5,4,207,76,131,2,2,0,32,30,2,6,4,2,1,0,1,4,4,0,0,0,0,1,0,1,1215,423,792
29,564,0059,604083,0000,000000,KARNATAKA,Haveri,VILLAGE,Shirmapur (M) Adur,Rural,76,344,175,169,45,24,21,4,3,1,165,83,82,240,136,104,104,39,65,171,96,75,88,82,6,78,75,3,3,2,1,0,0,0,7,5,2,83,14,69,2,0,2,67,10,57,8,1,7,6,3,3,78,12,66,2,0,2,64,9,55,8,1,7,4,2,2,5,2,3,0,0,0,3,1,2,0,0,0,2,1,1,173,79,94
29,564,0059,604084,0000,000000,KARNATAKA,Haveri,VILLAGE,Kadashettihalli,Rural,340,1723,882,841,193,98,95,17,11,6,51,23,28,1337,707,630,386,175,211,597,538,59,574,525,49,420,415,5,91,55,36,2,2,0,61,53,8,23,13,10,7,7,0,12,3,9,1,1,0,3,2,1,23,13,10,7,7,0,12,3,9,1,1,0,3,2,1,0,0,0,0,0,0,0,0,0,0,0,0,0,0,0,1126,344,782
29,564,0059,604085,0000,000000,KARNATAKA,Haveri,VILLAGE,Kanchinegalur,Rural,796,4165,2156,2009,534,262,272,112,53,59,554,290,264,2760,1552,1208,1405,604,801,1698,1331,367,1486,1278,208,887,827,60,388,257,131,4,3,1,207,191,16,212,53,159,15,4,11,187,44,143,2,0,2,8,5,3,198,53,145,13,4,9,175,44,131,2,0,2,8,5,3,14,0,14,2,0,2,12,0,12,0,0,0,0,0,0,2467,825,1642
29,564,0059,604086,0000,000000,KARNATAKA,Haveri,VILLAGE,Kopparsikoppa,Rural,557,2730,1400,1330,300,151,149,298,147,151,213,111,102,1793,999,794,937,401,536,1324,852,472,860,632,228,182,179,3,587,384,203,5,4,1,86,65,21,464,220,244,31,7,24,423,207,216,2,1,1,8,5,3,426,213,213,5,1,4,412,206,206,2,1,1,7,5,2,38,7,31,26,6,20,11,1,10,0,0,0,1,0,1,1406,548,858
29,564,0059,604087,0000,000000,KARNATAKA,Haveri,VILLAGE,Gazipur,Rural,201,1046,530,516,156,79,77,8,1,7,6,4,2,647,334,313,399,196,203,353,297,56,305,269,36,132,124,8,133,114,19,4,4,0,36,27,9,48,28,20,4,2,2,35,19,16,2,0,2,7,7,0,47,28,19,4,2,2,34,19,15,2,0,2,7,7,0,1,0,1,0,0,0,1,0,1,0,0,0,0,0,0,693,233,460
29,564,0059,604088,0000,000000,KARNATAKA,Haveri,VILLAGE,Hulaginakoppa,Rural,48,205,90,115,40,17,23,192,85,107,0,0,0,103,53,50,102,37,65,72,50,22,55,45,10,19,19,0,28,20,8,0,0,0,8,6,2,17,5,12,2,0,2,14,4,10,0,0,0,1,1,0,17,5,12,2,0,2,14,4,10,0,0,0,1,1,0,0,0,0,0,0,0,0,0,0,0,0,0,0,0,0,133,40,93
29,564,0059,604089,0000,000000,KARNATAKA,Haveri,VILLAGE,Satenhalli,Rural,23,92,43,49,14,6,8,0,0,0,0,0,0,67,34,33,25,9,16,52,29,23,30,26,4,24,24,0,2,1,1,0,0,0,4,1,3,22,3,19,0,0,0,22,3,19,0,0,0,0,0,0,21,2,19,0,0,0,21,2,19,0,0,0,0,0,0,1,1,0,0,0,0,1,1,0,0,0,0,0,0,0,40,14,26
29,564,0059,604090,0000,000000,KARNATAKA,Haveri,VILLAGE,Malligar,Rural,146,725,369,356,87,44,43,384,206,178,0,0,0,432,240,192,293,129,164,330,221,109,295,208,87,57,57,0,188,107,81,0,0,0,50,44,6,35,13,22,0,0,0,34,12,22,0,0,0,1,1,0,33,13,20,0,0,0,32,12,20,0,0,0,1,1,0,2,0,2,0,0,0,2,0,2,0,0,0,0,0,0,395,148,247
29,564,0059,604091,0000,000000,KARNATAKA,Haveri,VILLAGE,Savasgi,Rural,331,1657,844,813,214,96,118,283,142,141,150,74,76,1014,584,430,643,260,383,781,492,289,474,324,150,397,269,128,8,3,5,0,0,0,69,52,17,307,168,139,14,8,6,286,155,131,1,1,0,6,4,2,304,166,138,13,7,6,285,155,130,0,0,0,6,4,2,3,2,1,1,1,0,1,0,1,1,1,0,0,0,0,876,352,524
29,564,0059,604092,0000,000000,KARNATAKA,Haveri,VILLAGE,Araleshwar,Rural,540,2595,1338,1257,255,136,119,173,92,81,495,244,251,1742,982,760,853,356,497,867,786,81,824,770,54,454,442,12,325,287,38,21,21,0,24,20,4,43,16,27,32,9,23,9,6,3,0,0,0,2,1,1,43,16,27,32,9,23,9,6,3,0,0,0,2,1,1,0,0,0,0,0,0,0,0,0,0,0,0,0,0,0,1728,552,1176
29,564,0059,604093,0000,000000,KARNATAKA,Haveri,VILLAGE,Kalveyellapur,Rural,208,937,467,470,127,62,65,128,62,66,451,225,226,583,325,258,354,142,212,509,284,225,351,254,97,185,136,49,145,102,43,2,1,1,19,15,4,158,30,128,12,7,5,140,20,120,0,0,0,6,3,3,108,22,86,12,7,5,92,13,79,0,0,0,4,2,2,50,8,42,0,0,0,48,7,41,0,0,0,2,1,1,428,183,245
29,564,0059,604094,0000,000000,KARNATAKA,Haveri,VILLAGE,Hotanhalli,Rural,301,1323,694,629,153,82,71,137,70,67,275,127,148,778,475,303,545,219,326,729,438,291,552,420,132,251,217,34,243,155,88,3,3,0,55,45,10,177,18,159,61,3,58,93,0,93,3,2,1,20,13,7,117,9,108,37,3,34,70,0,70,1,1,0,9,5,4,60,9,51,24,0,24,23,0,23,2,1,1,11,8,3,594,256,338
29,564,0059,604095,0000,000000,KARNATAKA,Haveri,VILLAGE,Akkivalli,Rural,334,1511,756,755,187,108,79,174,82,92,734,367,367,990,540,450,521,216,305,724,438,286,200,186,14,142,140,2,11,10,1,1,1,0,46,35,11,524,252,272,27,17,10,481,222,259,0,0,0,16,13,3,509,240,269,13,6,7,480,221,259,0,0,0,16,13,3,15,12,3,14,11,3,1,1,0,0,0,0,0,0,0,787,318,469
29,564,0059,604096,0000,000000,KARNATAKA,Haveri,VILLAGE,Kuntanhosahalli,Rural,108,529,268,261,79,37,42,43,20,23,0,0,0,406,223,183,123,45,78,230,185,45,186,173,13,74,73,1,60,55,5,1,1,0,51,44,7,44,12,32,2,1,1,36,5,31,0,0,0,6,6,0,42,11,31,2,1,1,35,5,30,0,0,0,5,5,0,2,1,1,0,0,0,1,0,1,0,0,0,1,1,0,299,83,216
29,564,0059,604097,0000,000000,KARNATAKA,Haveri,VILLAGE,Hosahalli,Rural,208,953,495,458,98,47,51,9,5,4,46,22,24,714,408,306,239,87,152,436,303,133,434,302,132,202,191,11,204,91,113,5,5,0,23,15,8,2,1,1,0,0,0,1,0,1,0,0,0,1,1,0,2,1,1,0,0,0,1,0,1,0,0,0,1,1,0,0,0,0,0,0,0,0,0,0,0,0,0,0,0,0,517,192,325
29,564,0059,604098,0000,000000,KARNATAKA,Haveri,VILLAGE,Hirekanagi,Rural,166,844,407,437,109,53,56,365,184,181,1,0,1,524,280,244,320,127,193,311,241,70,211,194,17,129,128,1,50,44,6,3,3,0,29,19,10,100,47,53,0,0,0,93,42,51,0,0,0,7,5,2,96,44,52,0,0,0,92,42,50,0,0,0,4,2,2,4,3,1,0,0,0,1,0,1,0,0,0,3,3,0,533,166,367
29,564,0059,604099,0000,000000,KARNATAKA,Haveri,VILLAGE,Basavanagara,Rural,138,638,319,319,81,44,37,60,32,28,0,0,0,455,255,200,183,64,119,413,222,191,331,208,123,166,120,46,136,65,71,0,0,0,29,23,6,82,14,68,9,2,7,71,12,59,0,0,0,2,0,2,78,11,67,8,2,6,68,9,59,0,0,0,2,0,2,4,3,1,1,0,1,3,3,0,0,0,0,0,0,0,225,97,128
29,564,0059,604100,0000,000000,KARNATAKA,Haveri,VILLAGE,Shivajinagar,Rural,267,1353,711,642,184,89,95,13,9,4,6,2,4,926,549,377,427,162,265,842,468,374,419,316,103,319,234,85,78,63,15,9,8,1,13,11,2,423,152,271,18,13,5,269,108,161,118,20,98,18,11,7,356,146,210,18,13,5,206,104,102,116,20,96,16,9,7,67,6,61,0,0,0,63,4,59,2,0,2,2,2,0,511,243,268
29,564,0059,604101,0000,000000,KARNATAKA,Haveri,VILLAGE,Bidarakoppa,Rural,77,393,194,199,63,31,32,347,172,175,2,2,0,244,133,111,149,61,88,156,125,31,101,93,8,61,60,1,26,25,1,2,2,0,12,6,6,55,32,23,1,0,1,52,31,21,0,0,0,2,1,1,55,32,23,1,0,1,52,31,21,0,0,0,2,1,1,0,0,0,0,0,0,0,0,0,0,0,0,0,0,0,237,69,168
29,564,0059,604102,0000,000000,KARNATAKA,Haveri,VILLAGE,Gotagodi,Rural,72,357,178,179,42,17,25,0,0,0,174,88,86,212,122,90,145,56,89,118,112,6,69,68,1,64,63,1,5,5,0,0,0,0,0,0,0,49,44,5,2,1,1,47,43,4,0,0,0,0,0,0,49,44,5,2,1,1,47,43,4,0,0,0,0,0,0,0,0,0,0,0,0,0,0,0,0,0,0,0,0,0,239,66,173
29,564,0059,604103,0000,000000,KARNATAKA,Haveri,VILLAGE,Handihal,Rural,50,243,134,109,28,17,11,0,0,0,38,19,19,151,93,58,92,41,51,104,96,8,66,65,1,62,61,1,3,3,0,0,0,0,1,1,0,38,31,7,0,0,0,38,31,7,0,0,0,0,0,0,37,31,6,0,0,0,37,31,6,0,0,0,0,0,0,1,0,1,0,0,0,1,0,1,0,0,0,0,0,0,139,38,101
29,564,0059,604104,0000,000000,KARNATAKA,Haveri,VILLAGE,Chikkeri,Rural,72,331,169,162,42,18,24,53,29,24,57,28,29,266,145,121,65,24,41,128,96,32,128,96,32,55,55,0,60,32,28,1,1,0,12,8,4,0,0,0,0,0,0,0,0,0,0,0,0,0,0,0,0,0,0,0,0,0,0,0,0,0,0,0,0,0,0,0,0,0,0,0,0,0,0,0,0,0,0,0,0,0,203,73,130
29,564,0059,604105,0000,000000,KARNATAKA,Haveri,VILLAGE,Surleshwar,Rural,362,1698,861,837,235,129,106,79,41,38,67,33,34,1169,615,554,529,246,283,790,528,262,673,465,208,156,143,13,364,190,174,10,10,0,143,122,21,117,63,54,7,6,1,106,55,51,0,0,0,4,2,2,115,62,53,5,5,0,106,55,51,0,0,0,4,2,2,2,1,1,2,1,1,0,0,0,0,0,0,0,0,0,908,333,575
29,564,0059,604106,0000,000000,KARNATAKA,Haveri,VILLAGE,Dolleshwar,Rural,419,2042,1059,983,251,131,120,135,75,60,3,2,1,1349,768,581,693,291,402,832,643,189,799,625,174,297,269,28,309,176,133,1,1,0,192,179,13,33,18,15,7,5,2,16,5,11,0,0,0,10,8,2,32,18,14,7,5,2,15,5,10,0,0,0,10,8,2,1,0,1,0,0,0,1,0,1,0,0,0,0,0,0,1210,416,794
29,564,0059,604107,0000,000000,KARNATAKA,Haveri,VILLAGE,Girishinkoppa,Rural,150,619,322,297,71,34,37,26,13,13,13,7,6,459,260,199,160,62,98,424,216,208,133,122,11,85,80,5,43,37,6,0,0,0,5,5,0,291,94,197,0,0,0,290,93,197,0,0,0,1,1,0,291,94,197,0,0,0,290,93,197,0,0,0,1,1,0,0,0,0,0,0,0,0,0,0,0,0,0,0,0,0,195,106,89
29,564,0059,604108,0000,000000,KARNATAKA,Haveri,VILLAGE,Gejjihalli,Rural,419,1955,989,966,211,103,108,374,189,185,623,305,318,1278,710,568,677,279,398,858,588,270,391,324,67,85,79,6,230,184,46,7,4,3,69,57,12,467,264,203,32,25,7,272,138,134,1,0,1,162,101,61,463,262,201,32,25,7,268,136,132,1,0,1,162,101,61,4,2,2,0,0,0,4,2,2,0,0,0,0,0,0,1097,401,696
29,564,0059,604109,0000,000000,KARNATAKA,Haveri,VILLAGE,Kamanhalli,Rural,212,1126,579,547,206,111,95,211,98,113,7,4,3,515,303,212,611,276,335,571,361,210,441,334,107,151,148,3,253,159,94,0,0,0,37,27,10,130,27,103,46,6,40,75,19,56,1,1,0,8,1,7,112,24,88,39,5,34,64,17,47,1,1,0,8,1,7,18,3,15,7,1,6,11,2,9,0,0,0,0,0,0,555,218,337
29,564,0059,604110,0000,000000,KARNATAKA,Haveri,VILLAGE,Manthagi,Rural,331,1627,824,803,239,125,114,133,74,59,200,105,95,986,547,439,641,277,364,653,483,170,566,478,88,320,279,41,176,140,36,3,3,0,67,56,11,87,5,82,2,1,1,80,2,78,2,1,1,3,1,2,85,3,82,2,1,1,80,2,78,1,0,1,2,0,2,2,2,0,0,0,0,0,0,0,1,1,0,1,1,0,974,341,633
29,564,0059,604111,0000,000000,KARNATAKA,Haveri,VILLAGE,Shivapura,Rural,270,1387,724,663,224,103,121,303,148,155,0,0,0,686,411,275,701,313,388,586,433,153,545,415,130,135,125,10,210,136,74,7,6,1,193,148,45,41,18,23,1,1,0,7,0,7,3,1,2,30,16,14,38,16,22,1,1,0,7,0,7,3,1,2,27,14,13,3,2,1,0,0,0,0,0,0,0,0,0,3,2,1,801,291,510
29,564,0059,604112,0000,000000,KARNATAKA,Haveri,VILLAGE,Laxmipur,Rural,245,1193,614,579,166,85,81,221,119,102,1,0,1,831,455,376,362,159,203,528,372,156,454,348,106,118,114,4,324,224,100,2,2,0,10,8,2,74,24,50,10,4,6,61,18,43,1,1,0,2,1,1,74,24,50,10,4,6,61,18,43,1,1,0,2,1,1,0,0,0,0,0,0,0,0,0,0,0,0,0,0,0,665,242,423
29,564,0059,604113,0000,000000,KARNATAKA,Haveri,VILLAGE,Sagarvalli,Rural,95,498,251,247,82,39,43,249,123,126,39,19,20,315,177,138,183,74,109,291,164,127,289,164,125,17,17,0,260,141,119,0,0,0,12,6,6,2,0,2,0,0,0,2,0,2,0,0,0,0,0,0,2,0,2,0,0,0,2,0,2,0,0,0,0,0,0,0,0,0,0,0,0,0,0,0,0,0,0,0,0,0,207,87,120
29,564,0059,604114,0000,000000,KARNATAKA,Haveri,VILLAGE,Sringeri,Rural,101,517,260,257,76,37,39,380,187,193,0,0,0,377,197,180,140,63,77,327,167,160,315,165,150,138,133,5,157,16,141,1,1,0,19,15,4,12,2,10,0,0,0,12,2,10,0,0,0,0,0,0,12,2,10,0,0,0,12,2,10,0,0,0,0,0,0,0,0,0,0,0,0,0,0,0,0,0,0,0,0,0,190,93,97
29,564,0059,604115,0000,000000,KARNATAKA,Haveri,VILLAGE,Savikeri,Rural,381,1756,880,876,226,122,104,336,164,172,631,306,325,1029,575,454,727,305,422,848,543,305,726,497,229,325,306,19,361,160,201,2,0,2,38,31,7,122,46,76,3,1,2,94,25,69,0,0,0,25,20,5,120,45,75,3,1,2,93,25,68,0,0,0,24,19,5,2,1,1,0,0,0,1,0,1,0,0,0,1,1,0,908,337,571
29,564,0059,604116,0000,000000,KARNATAKA,Haveri,VILLAGE,Hanumanakoppa,Rural,239,1311,687,624,155,93,62,16,11,5,51,25,26,1051,560,491,260,127,133,540,404,136,530,399,131,310,279,31,209,111,98,1,1,0,10,8,2,10,5,5,4,0,4,5,4,1,0,0,0,1,1,0,9,4,5,4,0,4,4,3,1,0,0,0,1,1,0,1,1,0,0,0,0,1,1,0,0,0,0,0,0,0,771,283,488
29,564,0059,604117,0000,000000,KARNATAKA,Haveri,VILLAGE,Hirur,Rural,417,2151,1089,1062,293,138,155,79,36,43,83,38,45,1445,769,676,706,320,386,830,655,175,772,621,151,475,404,71,188,123,65,16,13,3,93,81,12,58,34,24,3,2,1,36,17,19,3,3,0,16,12,4,27,11,16,3,2,1,18,5,13,0,0,0,6,4,2,31,23,8,0,0,0,18,12,6,3,3,0,10,8,2,1321,434,887
29,564,0059,604118,0000,000000,KARNATAKA,Haveri,VILLAGE,Gadiyankanahalli,Rural,74,371,187,184,41,20,21,83,44,39,0,0,0,227,122,105,144,65,79,171,123,48,151,118,33,99,90,9,36,17,19,0,0,0,16,11,5,20,5,15,3,1,2,17,4,13,0,0,0,0,0,0,19,4,15,3,1,2,16,3,13,0,0,0,0,0,0,1,1,0,0,0,0,1,1,0,0,0,0,0,0,0,200,64,136
29,564,0059,604119,0000,000000,KARNATAKA,Haveri,VILLAGE,Mavakoppa,Rural,120,535,276,259,63,30,33,363,181,182,96,51,45,302,191,111,233,85,148,261,165,96,258,163,95,55,54,1,182,94,88,0,0,0,21,15,6,3,2,1,0,0,0,1,1,0,0,0,0,2,1,1,3,2,1,0,0,0,1,1,0,0,0,0,2,1,1,0,0,0,0,0,0,0,0,0,0,0,0,0,0,0,274,111,163
29,564,0059,604120,0000,000000,KARNATAKA,Haveri,VILLAGE,Dyamankoppa (Sarkar),Rural,55,285,149,136,39,21,18,0,0,0,24,13,11,232,123,109,53,26,27,168,94,74,154,87,67,132,75,57,8,4,4,3,2,1,11,6,5,14,7,7,6,3,3,2,1,1,0,0,0,6,3,3,14,7,7,6,3,3,2,1,1,0,0,0,6,3,3,0,0,0,0,0,0,0,0,0,0,0,0,0,0,0,117,55,62
29,564,0059,604121,0000,000000,KARNATAKA,Haveri,VILLAGE,Balihalli,Rural,198,897,465,432,113,59,54,157,86,71,99,49,50,631,358,273,266,107,159,432,274,158,166,155,11,111,108,3,24,23,1,4,3,1,27,21,6,266,119,147,5,5,0,258,113,145,0,0,0,3,1,2,265,118,147,5,5,0,257,112,145,0,0,0,3,1,2,1,1,0,0,0,0,1,1,0,0,0,0,0,0,0,465,191,274
29,564,0059,604122,0000,000000,KARNATAKA,Haveri,VILLAGE,Harlakoppa,Rural,126,560,269,291,69,28,41,31,13,18,0,0,0,407,203,204,153,66,87,183,166,17,176,160,16,86,82,4,78,72,6,0,0,0,12,6,6,7,6,1,0,0,0,6,5,1,0,0,0,1,1,0,7,6,1,0,0,0,6,5,1,0,0,0,1,1,0,0,0,0,0,0,0,0,0,0,0,0,0,0,0,0,377,103,274
29,564,0059,604123,0000,000000,KARNATAKA,Haveri,VILLAGE,Sammasgi,Rural,247,1293,674,619,165,82,83,18,10,8,10,3,7,1084,583,501,209,91,118,414,386,28,218,209,9,201,197,4,0,0,0,0,0,0,17,12,5,196,177,19,3,2,1,169,152,17,3,3,0,21,20,1,188,170,18,3,2,1,169,152,17,3,3,0,13,13,0,8,7,1,0,0,0,0,0,0,0,0,0,8,7,1,879,288,591
29,564,0059,604124,0000,000000,KARNATAKA,Haveri,VILLAGE,Neralgi (Inam),Rural,216,1112,571,541,160,73,87,955,494,461,3,2,1,649,374,275,463,197,266,660,389,271,463,335,128,193,190,3,254,134,120,1,1,0,15,10,5,197,54,143,77,25,52,120,29,91,0,0,0,0,0,0,171,37,134,64,14,50,107,23,84,0,0,0,0,0,0,26,17,9,13,11,2,13,6,7,0,0,0,0,0,0,452,182,270
29,564,0059,604125,0000,000000,KARNATAKA,Haveri,VILLAGE,Hulaginahalli,Rural,84,437,205,232,58,21,37,32,17,15,198,86,112,268,137,131,169,68,101,196,144,52,191,144,47,39,39,0,137,94,43,0,0,0,15,11,4,5,0,5,0,0,0,1,0,1,0,0,0,4,0,4,5,0,5,0,0,0,1,0,1,0,0,0,4,0,4,0,0,0,0,0,0,0,0,0,0,0,0,0,0,0,241,61,180
29,564,0059,604126,0000,000000,KARNATAKA,Haveri,VILLAGE,Mattihalli,Rural,58,241,134,107,37,22,15,214,116,98,4,2,2,138,85,53,103,49,54,148,93,55,146,93,53,34,34,0,100,48,52,4,4,0,8,7,1,2,0,2,0,0,0,2,0,2,0,0,0,0,0,0,2,0,2,0,0,0,2,0,2,0,0,0,0,0,0,0,0,0,0,0,0,0,0,0,0,0,0,0,0,0,93,41,52
29,564,0059,604127,0000,000000,KARNATAKA,Haveri,VILLAGE,Konankoppa,Rural,224,1045,511,534,116,55,61,587,278,309,120,61,59,763,404,359,282,107,175,542,332,210,531,322,209,190,177,13,296,119,177,0,0,0,45,26,19,11,10,1,2,1,1,7,7,0,0,0,0,2,2,0,10,9,1,2,1,1,6,6,0,0,0,0,2,2,0,1,1,0,0,0,0,1,1,0,0,0,0,0,0,0,503,179,324
29,564,0059,604128,0000,000000,KARNATAKA,Haveri,VILLAGE,Kyasanur,Rural,229,1054,534,520,99,55,44,619,306,313,1,1,0,744,413,331,310,121,189,620,329,291,126,114,12,60,58,2,50,41,9,0,0,0,16,15,1,494,215,279,1,1,0,476,203,273,0,0,0,17,11,6,486,213,273,1,1,0,471,203,268,0,0,0,14,9,5,8,2,6,0,0,0,5,0,5,0,0,0,3,2,1,434,205,229
29,564,0059,604129,0000,000000,KARNATAKA,Haveri,VILLAGE,Shirgoda,Rural,637,3189,1585,1604,419,201,218,334,163,171,31,18,13,2229,1132,1097,960,453,507,1454,1016,438,1213,944,269,537,446,91,281,159,122,15,11,4,380,328,52,241,72,169,112,26,86,60,20,40,3,0,3,66,26,40,173,44,129,106,20,86,35,13,22,2,0,2,30,11,19,68,28,40,6,6,0,25,7,18,1,0,1,36,15,21,1735,569,1166
29,564,0059,604130,0000,000000,KARNATAKA,Haveri,VILLAGE,Chikkounshi Hosur,Rural,576,2502,1288,1214,315,168,147,303,150,153,83,43,40,1834,998,836,668,290,378,944,754,190,820,657,163,158,155,3,392,277,115,41,23,18,229,202,27,124,97,27,1,1,0,85,64,21,10,8,2,28,24,4,113,89,24,1,1,0,82,63,19,9,7,2,21,18,3,11,8,3,0,0,0,3,1,2,1,1,0,7,6,1,1558,534,1024
29,564,0059,604131,0000,000000,KARNATAKA,Haveri,VILLAGE,Janginakoppa,Rural,260,1213,609,604,162,77,85,1195,601,594,0,0,0,756,427,329,457,182,275,770,397,373,502,342,160,133,133,0,335,183,152,1,0,1,33,26,7,268,55,213,1,1,0,256,47,209,0,0,0,11,7,4,259,53,206,1,1,0,251,47,204,0,0,0,7,5,2,9,2,7,0,0,0,5,0,5,0,0,0,4,2,2,443,212,231
29,564,0059,604132,0000,000000,KARNATAKA,Haveri,VILLAGE,Mudur,Rural,259,1350,706,644,190,99,91,1,1,0,75,35,40,975,523,452,375,183,192,676,466,210,396,323,73,263,234,29,87,52,35,0,0,0,46,37,9,280,143,137,130,29,101,44,16,28,0,0,0,106,98,8,204,124,80,80,23,57,26,10,16,0,0,0,98,91,7,76,19,57,50,6,44,18,6,12,0,0,0,8,7,1,674,240,434
29,564,0059,604133,0000,000000,KARNATAKA,Haveri,VILLAGE,Ajagundikoppa,Rural,203,966,511,455,122,72,50,863,455,408,12,5,7,489,294,195,477,217,260,535,317,218,532,317,215,171,150,21,324,136,188,2,1,1,35,30,5,3,0,3,0,0,0,3,0,3,0,0,0,0,0,0,3,0,3,0,0,0,3,0,3,0,0,0,0,0,0,0,0,0,0,0,0,0,0,0,0,0,0,0,0,0,431,194,237
29,564,0059,604134,0000,000000,KARNATAKA,Haveri,VILLAGE,Kondoji,Rural,394,1824,933,891,236,133,103,1092,547,545,460,239,221,1089,625,464,735,308,427,1038,595,443,888,534,354,402,321,81,384,141,243,1,1,0,101,71,30,150,61,89,94,33,61,32,8,24,0,0,0,24,20,4,39,20,19,25,15,10,11,3,8,0,0,0,3,2,1,111,41,70,69,18,51,21,5,16,0,0,0,21,18,3,786,338,448
29,564,0059,604135,0000,000000,KARNATAKA,Haveri,VILLAGE,Shyadaguppi,Rural,484,2284,1176,1108,244,124,120,269,139,130,274,142,132,1556,867,689,728,309,419,957,752,205,532,513,19,464,454,10,16,15,1,3,3,0,49,41,8,425,239,186,20,9,11,367,203,164,3,1,2,35,26,9,413,234,179,16,8,8,362,201,161,3,1,2,32,24,8,12,5,7,4,1,3,5,2,3,0,0,0,3,2,1,1327,424,903
29,564,0059,604136,0000,000000,KARNATAKA,Haveri,VILLAGE,Makarvalli,Rural,474,2160,1101,1059,270,134,136,1124,556,568,236,120,116,1331,721,610,829,380,449,1300,756,544,1109,725,384,535,423,112,504,241,263,10,10,0,60,51,9,191,31,160,11,1,10,176,28,148,2,2,0,2,0,2,111,9,102,10,0,10,99,8,91,1,1,0,1,0,1,80,22,58,1,1,0,77,20,57,1,1,0,1,0,1,860,345,515
29,564,0059,604137,0000,000000,KARNATAKA,Haveri,VILLAGE,Hirekounshi,Rural,347,1794,933,861,229,122,107,112,56,56,212,106,106,1313,716,597,481,217,264,631,583,48,626,578,48,361,353,8,210,179,31,19,18,1,36,28,8,5,5,0,1,1,0,1,1,0,0,0,0,3,3,0,3,3,0,1,1,0,1,1,0,0,0,0,1,1,0,2,2,0,0,0,0,0,0,0,0,0,0,2,2,0,1163,350,813
29,564,0059,604138,0000,000000,KARNATAKA,Haveri,VILLAGE,Gondi,Rural,463,2218,1117,1101,249,135,114,160,85,75,57,26,31,1718,914,804,500,203,297,1322,711,611,1066,653,413,585,432,153,421,177,244,3,3,0,57,41,16,256,58,198,53,7,46,194,43,151,1,0,1,8,8,0,241,51,190,46,5,41,190,42,148,1,0,1,4,4,0,15,7,8,7,2,5,4,1,3,0,0,0,4,4,0,896,406,490
29,564,0059,604139,0000,000000,KARNATAKA,Haveri,VILLAGE,Channapur (M) Adur,Rural,139,647,338,309,84,40,44,0,0,0,0,0,0,493,283,210,154,55,99,172,158,14,18,10,8,3,2,1,4,2,2,0,0,0,11,6,5,154,148,6,85,84,1,65,63,2,0,0,0,4,1,3,44,41,3,40,39,1,1,1,0,0,0,0,3,1,2,110,107,3,45,45,0,64,62,2,0,0,0,1,0,1,475,180,295
29,564,0059,604140,0000,000000,KARNATAKA,Haveri,VILLAGE,Adur,Rural,1114,5139,2604,2535,618,333,285,420,207,213,457,231,226,3686,1948,1738,1453,656,797,2114,1508,606,1878,1388,490,376,344,32,1113,723,390,28,23,5,361,298,63,236,120,116,10,5,5,200,96,104,1,1,0,25,18,7,229,119,110,7,5,2,197,95,102,1,1,0,24,18,6,7,1,6,3,0,3,3,1,2,0,0,0,1,0,1,3025,1096,1929
29,564,0059,604141,0000,000000,KARNATAKA,Haveri,VILLAGE,Sankrikoppa,Rural,444,2033,1050,983,249,122,127,128,68,60,248,120,128,1404,817,587,629,233,396,928,640,288,560,521,39,277,272,5,194,171,23,31,25,6,58,53,5,368,119,249,19,17,2,276,79,197,45,4,41,28,19,9,359,117,242,19,17,2,270,79,191,45,4,41,25,17,8,9,2,7,0,0,0,6,0,6,0,0,0,3,2,1,1105,410,695
29,564,0059,604142,0000,000000,KARNATAKA,Haveri,VILLAGE,Kodiyellapur,Rural,108,481,236,245,64,34,30,0,0,0,144,70,74,333,179,154,148,57,91,286,157,129,269,151,118,104,60,44,160,87,73,0,0,0,5,4,1,17,6,11,3,1,2,6,3,3,0,0,0,8,2,6,14,5,9,2,0,2,4,3,1,0,0,0,8,2,6,3,1,2,1,1,0,2,0,2,0,0,0,0,0,0,195,79,116
29,564,0059,604143,0000,000000,KARNATAKA,Haveri,VILLAGE,Shingapur,Rural,117,536,272,264,68,34,34,14,6,8,0,0,0,378,211,167,158,61,97,327,171,156,278,157,121,144,92,52,100,39,61,0,0,0,34,26,8,49,14,35,4,0,4,45,14,31,0,0,0,0,0,0,38,8,30,4,0,4,34,8,26,0,0,0,0,0,0,11,6,5,0,0,0,11,6,5,0,0,0,0,0,0,209,101,108
29,564,0059,604144,0000,000000,KARNATAKA,Haveri,VILLAGE,Sheegihalli (Shingahalli),Rural,312,1563,799,764,179,86,93,67,34,33,198,102,96,1111,633,478,452,166,286,912,520,392,901,515,386,540,303,237,308,171,137,4,4,0,49,37,12,11,5,6,6,3,3,4,1,3,1,1,0,0,0,0,11,5,6,6,3,3,4,1,3,1,1,0,0,0,0,0,0,0,0,0,0,0,0,0,0,0,0,0,0,0,651,279,372
29,564,0059,604145,0000,000000,KARNATAKA,Haveri,VILLAGE,Tumarikoppa,Rural,108,581,319,262,70,36,34,28,14,14,122,60,62,384,247,137,197,72,125,377,232,145,295,229,66,157,141,16,112,67,45,0,0,0,26,21,5,82,3,79,66,1,65,16,2,14,0,0,0,0,0,0,56,2,54,41,0,41,15,2,13,0,0,0,0,0,0,26,1,25,25,1,24,1,0,1,0,0,0,0,0,0,204,87,117
29,564,0059,604146,0000,000000,KARNATAKA,Haveri,VILLAGE,Lakamapur (M) Adur,Rural,188,1008,526,482,114,60,54,14,7,7,0,0,0,691,402,289,317,124,193,411,343,68,246,223,23,199,183,16,36,31,5,3,2,1,8,7,1,165,120,45,3,2,1,156,114,42,3,2,1,3,2,1,138,112,26,3,2,1,129,106,23,3,2,1,3,2,1,27,8,19,0,0,0,27,8,19,0,0,0,0,0,0,597,183,414
29,564,0059,604147,0000,000000,KARNATAKA,Haveri,VILLAGE,Balambeed,Rural,755,3802,1907,1895,502,242,260,379,194,185,508,258,250,2421,1318,1103,1381,589,792,1764,1185,579,1222,987,235,336,326,10,574,408,166,28,20,8,284,233,51,542,198,344,21,12,9,312,99,213,10,9,1,199,78,121,385,142,243,18,10,8,278,88,190,6,6,0,83,38,45,157,56,101,3,2,1,34,11,23,4,3,1,116,40,76,2038,722,1316
29,564,0059,604148,0000,000000,KARNATAKA,Haveri,VILLAGE,Havanagi,Rural,376,1910,1002,908,264,135,129,38,16,22,529,278,251,1227,699,528,683,303,380,1155,656,499,879,582,297,402,351,51,405,174,231,8,6,2,64,51,13,276,74,202,8,5,3,268,69,199,0,0,0,0,0,0,254,67,187,7,5,2,247,62,185,0,0,0,0,0,0,22,7,15,1,0,1,21,7,14,0,0,0,0,0,0,755,346,409
29,564,0059,604149,0000,000000,KARNATAKA,Haveri,VILLAGE,Gururayapatna,Rural,202,939,460,479,137,64,73,912,446,466,2,2,0,459,284,175,480,176,304,429,295,134,426,294,132,36,32,4,369,248,121,0,0,0,21,14,7,3,1,2,0,0,0,3,1,2,0,0,0,0,0,0,3,1,2,0,0,0,3,1,2,0,0,0,0,0,0,0,0,0,0,0,0,0,0,0,0,0,0,0,0,0,510,165,345
29,564,0059,604150,0000,000000,KARNATAKA,Haveri,VILLAGE,Sevalal,Rural,165,772,387,385,104,44,60,770,387,383,0,0,0,378,231,147,394,156,238,364,241,123,336,236,100,12,12,0,297,198,99,0,0,0,27,26,1,28,5,23,0,0,0,27,4,23,0,0,0,1,1,0,28,5,23,0,0,0,27,4,23,0,0,0,1,1,0,0,0,0,0,0,0,0,0,0,0,0,0,0,0,0,408,146,262
29,564,0059,604151,0000,000000,KARNATAKA,Haveri,VILLAGE,Balur,Rural,215,1226,605,621,202,80,122,22,14,8,0,0,0,816,413,403,410,192,218,407,340,67,378,325,53,213,188,25,114,93,21,0,0,0,51,44,7,29,15,14,0,0,0,20,11,9,1,0,1,8,4,4,24,15,9,0,0,0,17,11,6,1,0,1,6,4,2,5,0,5,0,0,0,3,0,3,0,0,0,2,0,2,819,265,554
29,564,0059,604152,0000,000000,KARNATAKA,Haveri,VILLAGE,Akki Alur,Rural,2565,12294,6217,6077,1548,770,778,1157,588,569,172,79,93,9311,4862,4449,2983,1355,1628,4398,3602,796,3826,3236,590,563,525,38,549,338,211,142,99,43,2572,2274,298,572,366,206,17,14,3,85,39,46,89,41,48,381,272,109,518,339,179,15,12,3,78,36,42,89,41,48,336,250,86,54,27,27,2,2,0,7,3,4,0,0,0,45,22,23,7896,2615,5281
29,564,0059,604153,0000,000000,KARNATAKA,Haveri,VILLAGE,Veerapura,Rural,167,825,452,373,91,48,43,0,0,0,0,0,0,654,386,268,171,66,105,706,389,317,265,246,19,209,201,8,22,17,5,7,7,0,27,21,6,441,143,298,52,27,25,362,102,260,15,5,10,12,9,3,278,68,210,39,18,21,227,42,185,3,0,3,9,8,1,163,75,88,13,9,4,135,60,75,12,5,7,3,1,2,119,63,56
29,564,0059,604154,0000,000000,KARNATAKA,Haveri,VILLAGE,Hirehullal,Rural,417,2067,1040,1027,290,136,154,29,15,14,375,190,185,1400,784,616,667,256,411,1198,656,542,912,597,315,573,361,212,239,158,81,9,8,1,91,70,21,286,59,227,92,29,63,178,25,153,4,1,3,12,4,8,228,36,192,53,10,43,164,23,141,2,0,2,9,3,6,58,23,35,39,19,20,14,2,12,2,1,1,3,1,2,869,384,485
29,564,0059,604155,0000,000000,KARNATAKA,Haveri,VILLAGE,Herur,Rural,582,2705,1425,1280,328,167,161,128,65,63,94,43,51,1809,1059,750,896,366,530,1356,843,513,907,726,181,367,314,53,441,328,113,6,5,1,93,79,14,449,117,332,146,38,108,295,72,223,2,2,0,6,5,1,446,116,330,143,37,106,295,72,223,2,2,0,6,5,1,3,1,2,3,1,2,0,0,0,0,0,0,0,0,0,1349,582,767
29,564,0059,604156,0000,000000,KARNATAKA,Haveri,VILLAGE,Chikkahullal,Rural,229,1226,637,589,156,82,74,57,28,29,135,68,67,697,426,271,529,211,318,479,427,52,343,332,11,288,282,6,7,6,1,1,1,0,47,43,4,136,95,41,2,1,1,2,1,1,0,0,0,132,93,39,136,95,41,2,1,1,2,1,1,0,0,0,132,93,39,0,0,0,0,0,0,0,0,0,0,0,0,0,0,0,747,210,537
29,564,0059,604157,0000,000000,KARNATAKA,Haveri,VILLAGE,Uppanshi,Rural,593,3296,1736,1560,433,235,198,298,150,148,263,129,134,2167,1244,923,1129,492,637,1905,1074,831,1800,1034,766,821,555,266,701,359,342,38,15,23,240,105,135,105,40,65,13,11,2,32,10,22,3,1,2,57,18,39,99,39,60,13,11,2,30,10,20,2,1,1,54,17,37,6,1,5,0,0,0,2,0,2,1,0,1,3,1,2,1391,662,729
29,564,0059,604158,0000,000000,KARNATAKA,Haveri,VILLAGE,Kalkeri,Rural,329,1545,768,777,191,88,103,669,333,336,11,6,5,981,573,408,564,195,369,885,478,407,865,473,392,267,184,83,550,254,296,6,6,0,42,29,13,20,5,15,15,4,11,5,1,4,0,0,0,0,0,0,17,2,15,12,1,11,5,1,4,0,0,0,0,0,0,3,3,0,3,3,0,0,0,0,0,0,0,0,0,0,660,290,370
29,564,0059,604159,0000,000000,KARNATAKA,Haveri,VILLAGE,Tavargoppa,Rural,118,653,346,307,95,55,40,22,13,9,93,50,43,467,271,196,186,75,111,442,235,207,392,208,184,305,160,145,64,29,35,1,1,0,22,18,4,50,27,23,8,3,5,30,15,15,1,1,0,11,8,3,33,17,16,6,2,4,19,10,9,0,0,0,8,5,3,17,10,7,2,1,1,11,5,6,1,1,0,3,3,0,211,111,100
29,564,0059,604160,0000,000000,KARNATAKA,Haveri,VILLAGE,Basapur (M) Adur,Rural,201,993,507,486,109,52,57,3,1,2,261,129,132,772,417,355,221,90,131,572,310,262,569,309,260,518,277,241,28,17,11,2,2,0,21,13,8,3,1,2,2,0,2,0,0,0,0,0,0,1,1,0,3,1,2,2,0,2,0,0,0,0,0,0,1,1,0,0,0,0,0,0,0,0,0,0,0,0,0,0,0,0,421,197,224
29,564,0059,604161,0000,000000,KARNATAKA,Haveri,VILLAGE,Somapur,Rural,194,965,507,458,83,45,38,0,0,0,0,0,0,766,438,328,199,69,130,542,326,216,525,314,211,444,264,180,53,29,24,3,3,0,25,18,7,17,12,5,5,4,1,2,0,2,0,0,0,10,8,2,15,11,4,3,3,0,2,0,2,0,0,0,10,8,2,2,1,1,2,1,1,0,0,0,0,0,0,0,0,0,423,181,242
29,564,0059,604162,0000,000000,KARNATAKA,Haveri,VILLAGE,Malagund,Rural,595,2825,1459,1366,362,188,174,103,55,48,434,222,212,1821,1037,784,1004,422,582,1492,906,586,523,471,52,208,207,1,241,201,40,1,1,0,73,62,11,969,435,534,8,6,2,943,413,530,0,0,0,18,16,2,967,433,534,8,6,2,942,412,530,0,0,0,17,15,2,2,2,0,0,0,0,1,1,0,0,0,0,1,1,0,1333,553,780
29,564,0059,604163,0000,000000,KARNATAKA,Haveri,VILLAGE,Kallapur,Rural,408,2022,1029,993,262,128,134,121,70,51,68,31,37,1355,745,610,667,284,383,792,600,192,728,577,151,228,223,5,372,246,126,11,10,1,117,98,19,64,23,41,4,2,2,12,6,6,3,1,2,45,14,31,32,18,14,3,2,1,7,3,4,3,1,2,19,12,7,32,5,27,1,0,1,5,3,2,0,0,0,26,2,24,1230,429,801
29,564,0059,604164,0000,000000,KARNATAKA,Haveri,VILLAGE,Hanamapur,Rural,54,257,143,114,25,16,9,257,143,114,0,0,0,141,87,54,116,56,60,162,95,67,160,95,65,45,39,6,109,52,57,0,0,0,6,4,2,2,0,2,1,0,1,0,0,0,0,0,0,1,0,1,1,0,1,0,0,0,0,0,0,0,0,0,1,0,1,1,0,1,1,0,1,0,0,0,0,0,0,0,0,0,95,48,47
29,564,0059,604165,0000,000000,KARNATAKA,Haveri,VILLAGE,Yallapur (Inam),Rural,225,1019,488,531,111,47,64,16,5,11,21,9,12,688,383,305,331,105,226,568,319,249,546,302,244,148,141,7,342,115,227,2,2,0,54,44,10,22,17,5,0,0,0,1,1,0,0,0,0,21,16,5,14,11,3,0,0,0,1,1,0,0,0,0,13,10,3,8,6,2,0,0,0,0,0,0,0,0,0,8,6,2,451,169,282
29,564,0059,604166,0000,000000,KARNATAKA,Haveri,VILLAGE,Yethinahalli-M-Adur,Rural,203,1054,542,512,110,67,43,280,137,143,277,143,134,724,398,326,330,144,186,657,346,311,652,341,311,317,208,109,162,75,87,0,0,0,173,58,115,5,5,0,2,2,0,0,0,0,0,0,0,3,3,0,2,2,0,2,2,0,0,0,0,0,0,0,0,0,0,3,3,0,0,0,0,0,0,0,0,0,0,3,3,0,397,196,201
29,564,0059,604167,0000,000000,KARNATAKA,Haveri,VILLAGE,Wasan,Rural,172,819,430,389,88,49,39,132,69,63,129,69,60,581,339,242,238,91,147,423,269,154,421,267,154,206,200,6,181,39,142,4,4,0,30,24,6,2,2,0,0,0,0,0,0,0,2,2,0,0,0,0,2,2,0,0,0,0,0,0,0,2,2,0,0,0,0,0,0,0,0,0,0,0,0,0,0,0,0,0,0,0,396,161,235
29,564,0059,604168,0000,000000,KARNATAKA,Haveri,VILLAGE,Kusnur,Rural,800,3567,1838,1729,393,222,171,236,125,111,115,64,51,2638,1430,1208,929,408,521,1466,1111,355,1199,1005,194,513,474,39,426,304,122,5,2,3,255,225,30,267,106,161,4,3,1,208,66,142,3,1,2,52,36,16,244,94,150,3,3,0,208,66,142,2,1,1,31,24,7,23,12,11,1,0,1,0,0,0,1,0,1,21,12,9,2101,727,1374
29,564,0059,604169,0000,000000,KARNATAKA,Haveri,VILLAGE,Byagawadi,Rural,303,1487,734,753,200,89,111,328,162,166,380,193,187,880,514,366,607,220,387,889,483,406,673,444,229,177,174,3,459,244,215,2,1,1,35,25,10,216,39,177,9,3,6,194,34,160,6,1,5,7,1,6,202,36,166,4,1,3,192,34,158,3,0,3,3,1,2,14,3,11,5,2,3,2,0,2,3,1,2,4,0,4,598,251,347
29,564,0059,604170,0000,000000,KARNATAKA,Haveri,VILLAGE,Somasagara,Rural,310,1479,754,725,165,82,83,142,72,70,69,33,36,1041,592,449,438,162,276,837,481,356,506,381,125,263,227,36,197,117,80,2,1,1,44,36,8,331,100,231,4,2,2,277,61,216,5,2,3,45,35,10,282,78,204,3,1,2,250,57,193,2,1,1,27,19,8,49,22,27,1,1,0,27,4,23,3,1,2,18,16,2,642,273,369
29,564,0059,604171,0000,000000,KARNATAKA,Haveri,VILLAGE,Guddad Mattihalli,Rural,187,912,497,415,107,56,51,241,129,112,72,35,37,638,395,243,274,102,172,512,321,191,511,321,190,174,118,56,268,146,122,20,14,6,49,43,6,1,0,1,0,0,0,1,0,1,0,0,0,0,0,0,1,0,1,0,0,0,1,0,1,0,0,0,0,0,0,0,0,0,0,0,0,0,0,0,0,0,0,0,0,0,400,176,224
29,564,0059,604172,0000,000000,KARNATAKA,Haveri,VILLAGE,Mulathalli,Rural,281,1511,765,746,199,107,92,99,52,47,316,169,147,1016,564,452,495,201,294,822,459,363,707,435,272,223,198,25,359,152,207,5,4,1,120,81,39,115,24,91,8,5,3,88,11,77,1,0,1,18,8,10,106,20,86,8,5,3,81,8,73,1,0,1,16,7,9,9,4,5,0,0,0,7,3,4,0,0,0,2,1,1,689,306,383
29,564,0059,604173,0000,000000,KARNATAKA,Haveri,VILLAGE,Dommanala,Rural,138,638,318,320,88,39,49,121,66,55,39,20,19,361,214,147,277,104,173,354,214,140,251,195,56,75,73,2,130,83,47,1,1,0,45,38,7,103,19,84,46,8,38,53,8,45,0,0,0,4,3,1,100,16,84,45,7,38,51,6,45,0,0,0,4,3,1,3,3,0,1,1,0,2,2,0,0,0,0,0,0,0,284,104,180
29,564,0059,604174,0000,000000,KARNATAKA,Haveri,VILLAGE,Hirebasur,Rural,404,2013,1056,957,261,145,116,296,146,150,15,11,4,1306,733,573,707,323,384,1027,641,386,957,631,326,194,137,57,674,413,261,1,1,0,88,80,8,70,10,60,2,0,2,51,4,47,3,0,3,14,6,8,54,9,45,2,0,2,35,3,32,3,0,3,14,6,8,16,1,15,0,0,0,16,1,15,0,0,0,0,0,0,986,415,571
29,564,0059,604175,0000,000000,KARNATAKA,Haveri,VILLAGE,Kelavarkoppa,Rural,540,2485,1254,1231,289,146,143,229,111,118,620,325,295,1733,955,778,752,299,453,1318,808,510,1200,804,396,674,571,103,473,193,280,1,1,0,52,39,13,118,4,114,43,0,43,73,3,70,0,0,0,2,1,1,118,4,114,43,0,43,73,3,70,0,0,0,2,1,1,0,0,0,0,0,0,0,0,0,0,0,0,0,0,0,1167,446,721
29,564,0059,604176,0000,000000,KARNATAKA,Haveri,VILLAGE,Karekyathanahalli,Rural,203,955,489,466,108,55,53,511,256,255,0,0,0,630,359,271,325,130,195,455,298,157,455,298,157,149,132,17,287,152,135,0,0,0,19,14,5,0,0,0,0,0,0,0,0,0,0,0,0,0,0,0,0,0,0,0,0,0,0,0,0,0,0,0,0,0,0,0,0,0,0,0,0,0,0,0,0,0,0,0,0,0,500,191,309
29,564,0059,604177,0000,000000,KARNATAKA,Haveri,VILLAGE,Kanneshwar,Rural,149,684,325,359,78,35,43,307,151,156,167,80,87,545,273,272,139,52,87,215,205,10,215,205,10,198,193,5,1,1,0,0,0,0,16,11,5,0,0,0,0,0,0,0,0,0,0,0,0,0,0,0,0,0,0,0,0,0,0,0,0,0,0,0,0,0,0,0,0,0,0,0,0,0,0,0,0,0,0,0,0,0,469,120,349
29,564,0059,604178,0000,000000,KARNATAKA,Haveri,VILLAGE,Arashinguppi,Rural,259,1206,613,593,175,84,91,196,101,95,179,94,85,738,412,326,468,201,267,513,402,111,512,402,110,130,128,2,343,248,95,8,6,2,31,20,11,1,0,1,0,0,0,1,0,1,0,0,0,0,0,0,1,0,1,0,0,0,1,0,1,0,0,0,0,0,0,0,0,0,0,0,0,0,0,0,0,0,0,0,0,0,693,211,482
29,564,0059,604179,0000,000000,KARNATAKA,Haveri,VILLAGE,Sheshagiri,Rural,289,1314,645,669,158,85,73,144,66,78,162,75,87,762,399,363,552,246,306,605,401,204,592,394,198,326,231,95,178,97,81,0,0,0,88,66,22,13,7,6,0,0,0,0,0,0,0,0,0,13,7,6,12,6,6,0,0,0,0,0,0,0,0,0,12,6,6,1,1,0,0,0,0,0,0,0,0,0,0,1,1,0,709,244,465
29,564,0059,604180,0000,000000,KARNATAKA,Haveri,VILLAGE,Honkan,Rural,389,1989,1007,982,293,152,141,255,135,120,376,190,186,1296,724,572,693,283,410,1057,640,417,1017,631,386,374,252,122,496,254,242,4,4,0,143,121,22,40,9,31,28,3,25,6,2,4,0,0,0,6,4,2,35,7,28,24,1,23,5,2,3,0,0,0,6,4,2,5,2,3,4,2,2,1,0,1,0,0,0,0,0,0,932,367,565
29,564,0059,604181,0000,000000,KARNATAKA,Haveri,VILLAGE,Lakmapur (Inam),Rural,219,990,518,472,112,66,46,61,33,28,335,176,159,686,390,296,304,128,176,456,308,148,442,303,139,170,160,10,225,110,115,1,0,1,46,33,13,14,5,9,2,2,0,10,2,8,0,0,0,2,1,1,14,5,9,2,2,0,10,2,8,0,0,0,2,1,1,0,0,0,0,0,0,0,0,0,0,0,0,0,0,0,534,210,324
29,564,0059,604182,0000,000000,KARNATAKA,Haveri,VILLAGE,Byathanal,Rural,456,2097,1038,1059,308,149,159,69,29,40,177,94,83,1401,780,621,696,258,438,858,666,192,687,642,45,512,510,2,107,72,35,12,12,0,56,48,8,171,24,147,3,1,2,163,19,144,1,1,0,4,3,1,169,22,147,3,1,2,161,17,144,1,1,0,4,3,1,2,2,0,0,0,0,2,2,0,0,0,0,0,0,0,1239,372,867
29,564,0059,604183,0000,000000,KARNATAKA,Haveri,VILLAGE,Malapur,Rural,172,877,458,419,122,61,61,809,424,385,14,8,6,384,237,147,493,221,272,562,298,264,562,298,264,253,157,96,278,119,159,0,0,0,31,22,9,0,0,0,0,0,0,0,0,0,0,0,0,0,0,0,0,0,0,0,0,0,0,0,0,0,0,0,0,0,0,0,0,0,0,0,0,0,0,0,0,0,0,0,0,0,315,160,155
29,564,0059,604184,0000,000000,KARNATAKA,Haveri,VILLAGE,Tilavalli,Rural,1527,7218,3647,3571,833,416,417,540,283,257,561,273,288,5227,2801,2426,1991,846,1145,2794,2154,640,2516,1991,525,573,501,72,836,526,310,81,70,11,1026,894,132,278,163,115,14,10,4,116,54,62,29,7,22,119,92,27,258,147,111,13,9,4,115,53,62,26,5,21,104,80,24,20,16,4,1,1,0,1,1,0,3,2,1,15,12,3,4424,1493,2931
29,564,0059,604185,0000,000000,KARNATAKA,Haveri,VILLAGE,Kirwadi,Rural,323,1603,832,771,154,88,66,365,179,186,206,107,99,1078,621,457,525,211,314,941,512,429,549,356,193,247,180,67,235,123,112,5,5,0,62,48,14,392,156,236,83,12,71,231,104,127,3,1,2,75,39,36,351,142,209,72,12,60,221,101,120,2,1,1,56,28,28,41,14,27,11,0,11,10,3,7,1,0,1,19,11,8,662,320,342
29,564,0059,604186,0000,000000,KARNATAKA,Haveri,VILLAGE,Hallibail,Rural,282,1561,806,755,197,103,94,1083,567,516,9,5,4,989,567,422,572,239,333,725,433,292,710,424,286,52,49,3,632,358,274,10,7,3,16,10,6,15,9,6,0,0,0,8,3,5,0,0,0,7,6,1,14,8,6,0,0,0,8,3,5,0,0,0,6,5,1,1,1,0,0,0,0,0,0,0,0,0,0,1,1,0,836,373,463
29,564,0059,604187,0000,000000,KARNATAKA,Haveri,VILLAGE,Hulagaddi,Rural,166,768,388,380,98,58,40,226,111,115,144,78,66,522,276,246,246,112,134,465,264,201,461,262,199,207,122,85,223,114,109,10,9,1,21,17,4,4,2,2,1,1,0,1,0,1,1,1,0,1,0,1,3,2,1,1,1,0,0,0,0,1,1,0,1,0,1,1,0,1,0,0,0,1,0,1,0,0,0,0,0,0,303,124,179
29,564,0059,604188,0000,000000,KARNATAKA,Haveri,VILLAGE,Kalguddi,Rural,187,847,438,409,93,45,48,783,405,378,54,27,27,530,333,197,317,105,212,530,280,250,285,158,127,152,85,67,126,69,57,1,0,1,6,4,2,245,122,123,11,6,5,228,113,115,0,0,0,6,3,3,235,119,116,11,6,5,218,110,108,0,0,0,6,3,3,10,3,7,0,0,0,10,3,7,0,0,0,0,0,0,317,158,159
29,564,0059,604189,0000,000000,KARNATAKA,Haveri,VILLAGE,Yathinhalli (M) Tilavalli,Rural,59,288,140,148,32,13,19,31,13,18,0,0,0,191,107,84,97,33,64,132,82,50,132,82,50,25,24,1,89,44,45,4,4,0,14,10,4,0,0,0,0,0,0,0,0,0,0,0,0,0,0,0,0,0,0,0,0,0,0,0,0,0,0,0,0,0,0,0,0,0,0,0,0,0,0,0,0,0,0,0,0,0,156,58,98
29,564,0059,604190,0000,000000,KARNATAKA,Haveri,VILLAGE,Koppagondankop,Rural,303,1373,678,695,206,92,114,144,69,75,476,235,241,987,524,463,386,154,232,538,429,109,498,396,102,105,88,17,158,112,46,2,1,1,233,195,38,40,33,7,9,8,1,17,14,3,0,0,0,14,11,3,40,33,7,9,8,1,17,14,3,0,0,0,14,11,3,0,0,0,0,0,0,0,0,0,0,0,0,0,0,0,835,249,586
29,564,0060,000000,0000,000000,KARNATAKA,Haveri,CD BLOCK,Haveri ,Total,43966,213260,109841,103419,26929,13804,13125,28583,14526,14057,21637,11133,10504,135260,77068,58192,78000,32773,45227,102315,67409,34906,85691,59141,26550,26150,21742,4408,43027,23732,19295,1344,1028,316,15170,12639,2531,16624,8268,8356,1241,621,620,11586,5159,6427,639,303,336,3158,2185,973,14998,7498,7500,1103,557,546,10932,4931,6001,442,211,231,2521,1799,722,1626,770,856,138,64,74,654,228,426,197,92,105,637,386,251,110945,42432,68513
29,564,0060,000000,0000,000000,KARNATAKA,Haveri,CD BLOCK,Haveri ,Rural,43966,213260,109841,103419,26929,13804,13125,28583,14526,14057,21637,11133,10504,135260,77068,58192,78000,32773,45227,102315,67409,34906,85691,59141,26550,26150,21742,4408,43027,23732,19295,1344,1028,316,15170,12639,2531,16624,8268,8356,1241,621,620,11586,5159,6427,639,303,336,3158,2185,973,14998,7498,7500,1103,557,546,10932,4931,6001,442,211,231,2521,1799,722,1626,770,856,138,64,74,654,228,426,197,92,105,637,386,251,110945,42432,68513
29,564,0060,000000,0000,000000,KARNATAKA,Haveri,CD BLOCK,Haveri ,Urban,0,0,0,0,0,0,0,0,0,0,0,0,0,0,0,0,0,0,0,0,0,0,0,0,0,0,0,0,0,0,0,0,0,0,0,0,0,0,0,0,0,0,0,0,0,0,0,0,0,0,0,0,0,0,0,0,0,0,0,0,0,0,0,0,0,0,0,0,0,0,0,0,0,0,0,0,0,0,0,0,0,0,0,0,0
29,564,0060,604191,0000,000000,KARNATAKA,Haveri,VILLAGE,Naganur,Rural,445,2100,1090,1010,190,88,102,68,31,37,204,102,102,1501,845,656,599,245,354,1146,719,427,1099,708,391,484,393,91,538,250,288,15,14,1,62,51,11,47,11,36,9,4,5,31,3,28,0,0,0,7,4,3,45,10,35,9,4,5,30,3,27,0,0,0,6,3,3,2,1,1,0,0,0,1,0,1,0,0,0,1,1,0,954,371,583
29,564,0060,604192,0000,000000,KARNATAKA,Haveri,VILLAGE,Varadahalli,Rural,305,1407,692,715,164,84,80,165,79,86,10,3,7,1108,569,539,299,123,176,694,443,251,677,435,242,201,184,17,402,191,211,4,3,1,70,57,13,17,8,9,1,1,0,12,5,7,0,0,0,4,2,2,17,8,9,1,1,0,12,5,7,0,0,0,4,2,2,0,0,0,0,0,0,0,0,0,0,0,0,0,0,0,713,249,464
29,564,0060,604193,0000,000000,KARNATAKA,Haveri,VILLAGE,Devagiri,Rural,1929,8826,4430,4396,1051,521,530,768,392,376,914,470,444,5763,3133,2630,3063,1297,1766,3599,2760,839,2628,2054,574,1129,1067,62,954,531,423,46,38,8,499,418,81,971,706,265,38,34,4,669,438,231,29,20,9,235,214,21,758,553,205,35,31,4,555,372,183,10,5,5,158,145,13,213,153,60,3,3,0,114,66,48,19,15,4,77,69,8,5227,1670,3557
29,564,0060,604194,0000,000000,KARNATAKA,Haveri,VILLAGE,Benchihalli,Rural,167,817,434,383,88,50,38,67,34,33,333,170,163,639,355,284,178,79,99,397,279,118,380,270,110,74,70,4,301,197,104,2,2,0,3,1,2,17,9,8,2,2,0,12,5,7,0,0,0,3,2,1,17,9,8,2,2,0,12,5,7,0,0,0,3,2,1,0,0,0,0,0,0,0,0,0,0,0,0,0,0,0,420,155,265
29,564,0060,604195,0000,000000,KARNATAKA,Haveri,VILLAGE,Venkatapur,Rural,162,829,445,384,93,46,47,100,54,46,122,62,60,443,273,170,386,172,214,287,252,35,267,241,26,70,70,0,96,91,5,1,1,0,100,79,21,20,11,9,3,2,1,8,5,3,0,0,0,9,4,5,20,11,9,3,2,1,8,5,3,0,0,0,9,4,5,0,0,0,0,0,0,0,0,0,0,0,0,0,0,0,542,193,349
29,564,0060,604196,0000,000000,KARNATAKA,Haveri,VILLAGE,Devihosur,Rural,1787,8315,4267,4048,947,505,442,418,199,219,328,169,159,5431,2971,2460,2884,1296,1588,3911,2741,1170,2029,1562,467,765,693,72,806,501,305,53,42,11,405,326,79,1882,1179,703,61,39,22,1657,997,660,9,4,5,155,139,16,1860,1164,696,61,39,22,1643,990,653,9,4,5,147,131,16,22,15,7,0,0,0,14,7,7,0,0,0,8,8,0,4404,1526,2878
29,564,0060,604197,0000,000000,KARNATAKA,Haveri,VILLAGE,Aladakatti,Rural,841,3981,2028,1953,465,232,233,428,220,208,83,40,43,2919,1612,1307,1062,416,646,1762,1303,459,1065,949,116,398,392,6,257,188,69,18,15,3,392,354,38,697,354,343,12,10,2,600,316,284,5,1,4,80,27,53,605,347,258,12,10,2,529,312,217,4,1,3,60,24,36,92,7,85,0,0,0,71,4,67,1,0,1,20,3,17,2219,725,1494
29,564,0060,604198,0000,000000,KARNATAKA,Haveri,VILLAGE,Hosalli-M-Adur,Rural,342,1587,786,801,197,91,106,28,12,16,336,182,154,1114,613,501,473,173,300,684,498,186,627,469,158,231,187,44,215,118,97,3,3,0,178,161,17,57,29,28,4,2,2,14,5,9,14,1,13,25,21,4,53,28,25,4,2,2,11,4,7,14,1,13,24,21,3,4,1,3,0,0,0,3,1,2,0,0,0,1,0,1,903,288,615
29,564,0060,604199,0000,000000,KARNATAKA,Haveri,VILLAGE,Gourapur-M-Adur,Rural,132,640,320,320,94,49,45,8,5,3,537,271,266,386,217,169,254,103,151,350,194,156,346,190,156,144,86,58,187,91,96,0,0,0,15,13,2,4,4,0,0,0,0,3,3,0,0,0,0,1,1,0,4,4,0,0,0,0,3,3,0,0,0,0,1,1,0,0,0,0,0,0,0,0,0,0,0,0,0,0,0,0,290,126,164
29,564,0060,604200,0000,000000,KARNATAKA,Haveri,VILLAGE,Kulenur,Rural,481,2310,1227,1083,238,117,121,198,102,96,324,165,159,1746,1021,725,564,206,358,1160,751,409,854,610,244,278,247,31,417,228,189,25,21,4,134,114,20,306,141,165,36,28,8,81,34,47,149,54,95,40,25,15,103,61,42,25,22,3,14,5,9,30,12,18,34,22,12,203,80,123,11,6,5,67,29,38,119,42,77,6,3,3,1150,476,674
29,564,0060,604201,0000,000000,KARNATAKA,Haveri,VILLAGE,Sangur,Rural,658,3232,1651,1581,377,185,192,134,69,65,388,208,180,2422,1338,1084,810,313,497,1340,981,359,932,794,138,378,353,25,246,188,58,44,35,9,264,218,46,408,187,221,22,15,7,278,105,173,19,14,5,89,53,36,394,181,213,21,14,7,276,104,172,18,14,4,79,49,30,14,6,8,1,1,0,2,1,1,1,0,1,10,4,6,1892,670,1222
29,564,0060,604202,0000,000000,KARNATAKA,Haveri,VILLAGE,Bidaragaddi,Rural,86,498,259,239,71,39,32,4,2,2,0,0,0,378,204,174,120,55,65,321,169,152,14,6,8,3,2,1,1,0,1,0,0,0,10,4,6,307,163,144,21,16,5,13,7,6,11,8,3,262,132,130,33,18,15,1,1,0,13,7,6,0,0,0,19,10,9,274,145,129,20,15,5,0,0,0,11,8,3,243,122,121,177,90,87
29,564,0060,604203,0000,000000,KARNATAKA,Haveri,VILLAGE,Timmapur-M-Adur,Rural,211,990,516,474,121,61,60,128,69,59,100,54,46,561,335,226,429,181,248,580,327,253,96,93,3,8,8,0,66,64,2,0,0,0,22,21,1,484,234,250,0,0,0,416,170,246,9,8,1,59,56,3,468,218,250,0,0,0,416,170,246,4,3,1,48,45,3,16,16,0,0,0,0,0,0,0,5,5,0,11,11,0,410,189,221
29,564,0060,604204,0000,000000,KARNATAKA,Haveri,VILLAGE,Najikalakamapur,Rural,202,982,511,471,94,55,39,0,0,0,0,0,0,587,334,253,395,177,218,589,339,250,584,338,246,308,188,120,263,144,119,0,0,0,13,6,7,5,1,4,1,0,1,4,1,3,0,0,0,0,0,0,5,1,4,1,0,1,4,1,3,0,0,0,0,0,0,0,0,0,0,0,0,0,0,0,0,0,0,0,0,0,393,172,221
29,564,0060,604205,0000,000000,KARNATAKA,Haveri,VILLAGE,Kerimattihalli,Rural,523,2323,1150,1173,337,164,173,467,227,240,361,174,187,1406,785,621,917,365,552,1054,724,330,940,687,253,177,163,14,496,280,216,2,2,0,265,242,23,114,37,77,12,3,9,78,14,64,2,2,0,22,18,4,109,32,77,12,3,9,76,12,64,2,2,0,19,15,4,5,5,0,0,0,0,2,2,0,0,0,0,3,3,0,1269,426,843
29,564,0060,604206,0000,000000,KARNATAKA,Haveri,VILLAGE,Bujruk Kodihalli,Rural,104,481,251,230,30,15,15,34,20,14,54,32,22,339,193,146,142,58,84,202,161,41,200,159,41,83,77,6,89,60,29,0,0,0,28,22,6,2,2,0,0,0,0,0,0,0,0,0,0,2,2,0,2,2,0,0,0,0,0,0,0,0,0,0,2,2,0,0,0,0,0,0,0,0,0,0,0,0,0,0,0,0,279,90,189
29,564,0060,604207,0000,000000,KARNATAKA,Haveri,VILLAGE,Hombardi,Rural,502,2286,1156,1130,282,133,149,405,202,203,9,3,6,1628,901,727,658,255,403,968,740,228,951,729,222,355,319,36,430,262,168,4,0,4,162,148,14,17,11,6,6,2,4,0,0,0,6,5,1,5,4,1,16,10,6,6,2,4,0,0,0,6,5,1,4,3,1,1,1,0,0,0,0,0,0,0,0,0,0,1,1,0,1318,416,902
29,564,0060,604208,0000,000000,KARNATAKA,Haveri,VILLAGE,Chikkalingadahalli,Rural,589,2605,1384,1221,342,188,154,75,41,34,737,389,348,1566,926,640,1039,458,581,1176,844,332,991,707,284,290,246,44,498,283,215,0,0,0,203,178,25,185,137,48,1,1,0,164,116,48,0,0,0,20,20,0,175,128,47,1,1,0,157,110,47,0,0,0,17,17,0,10,9,1,0,0,0,7,6,1,0,0,0,3,3,0,1429,540,889
29,564,0060,604209,0000,000000,KARNATAKA,Haveri,VILLAGE,Kabbur,Rural,876,4072,2096,1976,464,248,216,332,178,154,71,44,27,2976,1609,1367,1096,487,609,2136,1317,819,1818,1223,595,850,708,142,744,327,417,31,30,1,193,158,35,318,94,224,26,13,13,245,40,205,16,16,0,31,25,6,316,94,222,25,13,12,244,40,204,16,16,0,31,25,6,2,0,2,1,0,1,1,0,1,0,0,0,0,0,0,1936,779,1157
29,564,0060,604210,0000,000000,KARNATAKA,Haveri,VILLAGE,Shivajinagar,Rural,140,626,307,319,83,38,45,618,303,315,0,0,0,339,196,143,287,111,176,445,225,220,435,220,215,0,0,0,414,204,210,0,0,0,21,16,5,10,5,5,0,0,0,5,1,4,1,0,1,4,4,0,6,4,2,0,0,0,2,1,1,1,0,1,3,3,0,4,1,3,0,0,0,3,0,3,0,0,0,1,1,0,181,82,99
29,564,0060,604211,0000,000000,KARNATAKA,Haveri,VILLAGE,Didagur,Rural,296,1486,741,745,175,87,88,170,78,92,227,107,120,1060,568,492,426,173,253,761,492,269,752,490,262,269,209,60,408,220,188,16,16,0,59,45,14,9,2,7,3,0,3,4,1,3,1,0,1,1,1,0,8,2,6,3,0,3,3,1,2,1,0,1,1,1,0,1,0,1,0,0,0,1,0,1,0,0,0,0,0,0,725,249,476
29,564,0060,604212,0000,000000,KARNATAKA,Haveri,VILLAGE,Shiddeshwar Nagar,Rural,162,838,432,406,113,63,50,838,432,406,0,0,0,496,284,212,342,148,194,528,268,260,527,267,260,37,20,17,474,237,237,0,0,0,16,10,6,1,1,0,0,0,0,0,0,0,0,0,0,1,1,0,1,1,0,0,0,0,0,0,0,0,0,0,1,1,0,0,0,0,0,0,0,0,0,0,0,0,0,0,0,0,310,164,146
29,564,0060,604213,0000,000000,KARNATAKA,Haveri,VILLAGE,Benakanahalli,Rural,265,1363,735,628,172,97,75,279,142,137,78,45,33,889,518,371,474,217,257,699,434,265,614,406,208,113,107,6,349,181,168,8,3,5,144,115,29,85,28,57,13,0,13,43,7,36,1,0,1,28,21,7,79,24,55,13,0,13,42,7,35,1,0,1,23,17,6,6,4,2,0,0,0,1,0,1,0,0,0,5,4,1,664,301,363
29,564,0060,604214,0000,000000,KARNATAKA,Haveri,VILLAGE,Hirelingadahalli,Rural,350,1818,912,906,231,104,127,28,14,14,45,24,21,1130,672,458,688,240,448,975,590,385,956,585,371,258,215,43,657,341,316,6,6,0,35,23,12,19,5,14,3,1,2,10,2,8,1,0,1,5,2,3,16,5,11,3,1,2,10,2,8,0,0,0,3,2,1,3,0,3,0,0,0,0,0,0,1,0,1,2,0,2,843,322,521
29,564,0060,604215,0000,000000,KARNATAKA,Haveri,VILLAGE,Kallapur,Rural,190,899,462,437,112,46,66,111,57,54,37,22,15,641,371,270,258,91,167,500,279,221,500,279,221,129,116,13,334,138,196,2,2,0,35,23,12,0,0,0,0,0,0,0,0,0,0,0,0,0,0,0,0,0,0,0,0,0,0,0,0,0,0,0,0,0,0,0,0,0,0,0,0,0,0,0,0,0,0,0,0,0,399,183,216
29,564,0060,604216,0000,000000,KARNATAKA,Haveri,VILLAGE,Kurabagonda,Rural,867,4052,2069,1983,515,260,255,1175,612,563,411,215,196,2427,1383,1044,1625,686,939,1907,1260,647,1489,1038,451,369,337,32,890,501,389,14,11,3,216,189,27,418,222,196,62,17,45,305,166,139,4,1,3,47,38,9,394,210,184,46,9,37,297,162,135,4,1,3,47,38,9,24,12,12,16,8,8,8,4,4,0,0,0,0,0,0,2145,809,1336
29,564,0060,604217,0000,000000,KARNATAKA,Haveri,VILLAGE,Kolur,Rural,618,3200,1632,1568,475,240,235,327,167,160,269,131,138,2039,1136,903,1161,496,665,1357,900,457,1329,886,443,327,281,46,726,367,359,9,9,0,267,229,38,28,14,14,4,3,1,17,6,11,0,0,0,7,5,2,26,12,14,3,2,1,16,5,11,0,0,0,7,5,2,2,2,0,1,1,0,1,1,0,0,0,0,0,0,0,1843,732,1111
29,564,0060,604218,0000,000000,KARNATAKA,Haveri,VILLAGE,Karjagi,Rural,1810,8286,4175,4111,1097,543,554,634,308,326,511,257,254,5522,3018,2504,2764,1157,1607,3285,2539,746,2674,2104,570,744,694,50,1158,747,411,37,33,4,735,630,105,611,435,176,19,16,3,312,206,106,34,28,6,246,185,61,558,404,154,18,15,3,285,190,95,33,27,6,222,172,50,53,31,22,1,1,0,27,16,11,1,1,0,24,13,11,5001,1636,3365
29,564,0060,604219,0000,000000,KARNATAKA,Haveri,VILLAGE,Ramapur,Rural,199,1118,582,536,171,89,82,63,32,31,203,111,92,666,391,275,452,191,261,571,341,230,567,338,229,60,52,8,447,229,218,0,0,0,60,57,3,4,3,1,0,0,0,3,2,1,0,0,0,1,1,0,3,3,0,0,0,0,2,2,0,0,0,0,1,1,0,1,0,1,0,0,0,1,0,1,0,0,0,0,0,0,547,241,306
29,564,0060,604220,0000,000000,KARNATAKA,Haveri,VILLAGE,Agasanamatti,Rural,73,358,183,175,54,26,28,32,18,14,143,77,66,230,136,94,128,47,81,219,128,91,217,127,90,21,18,3,189,104,85,1,0,1,6,5,1,2,1,1,0,0,0,1,0,1,0,0,0,1,1,0,2,1,1,0,0,0,1,0,1,0,0,0,1,1,0,0,0,0,0,0,0,0,0,0,0,0,0,0,0,0,139,55,84
29,564,0060,604221,0000,000000,KARNATAKA,Haveri,VILLAGE,Konana Tambigi,Rural,577,3222,1695,1527,427,223,204,261,135,126,713,371,342,1931,1128,803,1291,567,724,1377,1028,349,1192,869,323,424,376,48,698,432,266,6,5,1,64,56,8,185,159,26,14,11,3,165,142,23,1,1,0,5,5,0,181,156,25,12,9,3,163,141,22,1,1,0,5,5,0,4,3,1,2,2,0,2,1,1,0,0,0,0,0,0,1845,667,1178
29,564,0060,604222,0000,000000,KARNATAKA,Haveri,VILLAGE,Kesaralli,Rural,120,506,250,256,64,29,35,257,134,123,0,0,0,325,191,134,181,59,122,279,160,119,275,158,117,115,72,43,147,78,69,0,0,0,13,8,5,4,2,2,1,0,1,3,2,1,0,0,0,0,0,0,3,1,2,1,0,1,2,1,1,0,0,0,0,0,0,1,1,0,0,0,0,1,1,0,0,0,0,0,0,0,227,90,137
29,564,0060,604223,0000,000000,KARNATAKA,Haveri,VILLAGE,Melmuri,Rural,371,1729,867,862,219,115,104,82,45,37,105,54,51,1085,614,471,644,253,391,777,518,259,762,513,249,327,304,23,399,180,219,0,0,0,36,29,7,15,5,10,1,0,1,13,4,9,0,0,0,1,1,0,15,5,10,1,0,1,13,4,9,0,0,0,1,1,0,0,0,0,0,0,0,0,0,0,0,0,0,0,0,0,952,349,603
29,564,0060,604224,0000,000000,KARNATAKA,Haveri,VILLAGE,Handiganur,Rural,475,2258,1155,1103,272,150,122,357,176,181,72,42,30,1460,834,626,798,321,477,1030,702,328,1011,688,323,233,215,18,518,294,224,58,46,12,202,133,69,19,14,5,0,0,0,9,5,4,1,1,0,9,8,1,19,14,5,0,0,0,9,5,4,1,1,0,9,8,1,0,0,0,0,0,0,0,0,0,0,0,0,0,0,0,1228,453,775
29,564,0060,604225,0000,000000,KARNATAKA,Haveri,VILLAGE,Koradur,Rural,303,1449,705,744,153,75,78,604,295,309,0,0,0,983,530,453,466,175,291,797,463,334,787,453,334,95,84,11,572,259,313,2,1,1,118,109,9,10,10,0,0,0,0,0,0,0,0,0,0,10,10,0,10,10,0,0,0,0,0,0,0,0,0,0,10,10,0,0,0,0,0,0,0,0,0,0,0,0,0,0,0,0,652,242,410
29,564,0060,604226,0000,000000,KARNATAKA,Haveri,VILLAGE,Mannur,Rural,151,559,287,272,57,24,33,42,20,22,78,35,43,406,236,170,153,51,102,297,190,107,296,190,106,81,74,7,182,94,88,0,0,0,33,22,11,1,0,1,0,0,0,1,0,1,0,0,0,0,0,0,1,0,1,0,0,0,1,0,1,0,0,0,0,0,0,0,0,0,0,0,0,0,0,0,0,0,0,0,0,0,262,97,165
29,564,0060,604227,0000,000000,KARNATAKA,Haveri,VILLAGE,Shirmapur,Rural,192,963,479,484,135,63,72,136,62,74,71,40,31,661,358,303,302,121,181,330,305,25,324,303,21,205,199,6,101,90,11,0,0,0,18,14,4,6,2,4,1,0,1,5,2,3,0,0,0,0,0,0,4,2,2,1,0,1,3,2,1,0,0,0,0,0,0,2,0,2,0,0,0,2,0,2,0,0,0,0,0,0,633,174,459
29,564,0060,604228,0000,000000,KARNATAKA,Haveri,VILLAGE,Yalagachi,Rural,862,4307,2189,2118,527,253,274,724,339,385,306,150,156,2583,1495,1088,1724,694,1030,2334,1338,996,2308,1323,985,477,372,105,1644,806,838,14,10,4,173,135,38,26,15,11,3,3,0,19,9,10,0,0,0,4,3,1,24,14,10,3,3,0,18,8,10,0,0,0,3,3,0,2,1,1,0,0,0,1,1,0,0,0,0,1,0,1,1973,851,1122
29,564,0060,604229,0000,000000,KARNATAKA,Haveri,VILLAGE,Basavanakatti,Rural,259,1178,606,572,138,69,69,211,117,94,59,29,30,765,425,340,413,181,232,648,382,266,452,304,148,53,41,12,332,210,122,3,3,0,64,50,14,196,78,118,5,3,2,188,72,116,3,3,0,0,0,0,196,78,118,5,3,2,188,72,116,3,3,0,0,0,0,0,0,0,0,0,0,0,0,0,0,0,0,0,0,0,530,224,306
29,564,0060,604230,0000,000000,KARNATAKA,Haveri,VILLAGE,Machapur,Rural,139,830,454,376,121,71,50,183,99,84,1,1,0,476,297,179,354,157,197,475,266,209,438,259,179,162,147,15,229,73,156,0,0,0,47,39,8,37,7,30,16,4,12,13,3,10,0,0,0,8,0,8,37,7,30,16,4,12,13,3,10,0,0,0,8,0,8,0,0,0,0,0,0,0,0,0,0,0,0,0,0,0,355,188,167
29,564,0060,604231,0000,000000,KARNATAKA,Haveri,VILLAGE,Ganajur,Rural,367,1764,880,884,241,114,127,63,28,35,478,234,244,1224,668,556,540,212,328,745,526,219,678,513,165,207,167,40,234,135,99,0,0,0,237,211,26,67,13,54,35,3,32,30,9,21,0,0,0,2,1,1,62,12,50,33,2,31,27,9,18,0,0,0,2,1,1,5,1,4,2,1,1,3,0,3,0,0,0,0,0,0,1019,354,665
29,564,0060,604232,0000,000000,KARNATAKA,Haveri,VILLAGE,Devagiri Yellapur,Rural,211,994,511,483,113,59,54,426,220,206,23,11,12,669,375,294,325,136,189,511,299,212,491,288,203,87,81,6,376,188,188,2,1,1,26,18,8,20,11,9,3,2,1,11,3,8,1,1,0,5,5,0,18,10,8,3,2,1,10,3,7,1,1,0,4,4,0,2,1,1,0,0,0,1,0,1,0,0,0,1,1,0,483,212,271
29,564,0060,604233,0000,000000,KARNATAKA,Haveri,VILLAGE,Yattinahalli,Rural,391,1960,992,968,292,135,157,381,181,200,8,4,4,1222,692,530,738,300,438,928,616,312,829,590,239,161,108,53,338,185,153,7,4,3,323,293,30,99,26,73,2,1,1,82,12,70,0,0,0,15,13,2,97,25,72,2,1,1,81,12,69,0,0,0,14,12,2,2,1,1,0,0,0,1,0,1,0,0,0,1,1,0,1032,376,656
29,564,0060,604234,0000,000000,KARNATAKA,Haveri,VILLAGE,Jangamanakop,Rural,133,772,394,378,105,55,50,25,14,11,3,1,2,484,274,210,288,120,168,327,213,114,322,213,109,36,27,9,136,72,64,0,0,0,150,114,36,5,0,5,0,0,0,5,0,5,0,0,0,0,0,0,4,0,4,0,0,0,4,0,4,0,0,0,0,0,0,1,0,1,0,0,0,1,0,1,0,0,0,0,0,0,445,181,264
29,564,0060,604235,0000,000000,KARNATAKA,Haveri,VILLAGE,Agadi,Rural,2048,9610,5000,4610,1189,617,572,355,179,176,1293,654,639,6427,3637,2790,3183,1363,1820,4584,3090,1494,2904,2200,704,844,743,101,1095,617,478,46,37,9,919,803,116,1680,890,790,161,116,45,1169,501,668,22,12,10,328,261,67,1613,861,752,155,114,41,1142,492,650,19,11,8,297,244,53,67,29,38,6,2,4,27,9,18,3,1,2,31,17,14,5026,1910,3116
29,564,0060,604236,0000,000000,KARNATAKA,Haveri,VILLAGE,Budagatti,Rural,216,1044,545,499,136,73,63,115,57,58,139,72,67,697,402,295,347,143,204,587,353,234,502,329,173,178,171,7,249,88,161,2,2,0,73,68,5,85,24,61,4,4,0,79,18,61,1,1,0,1,1,0,85,24,61,4,4,0,79,18,61,1,1,0,1,1,0,0,0,0,0,0,0,0,0,0,0,0,0,0,0,0,457,192,265
29,564,0060,604237,0000,000000,KARNATAKA,Haveri,VILLAGE,Timmenhalli,Rural,185,1062,573,489,123,75,48,0,0,0,12,5,7,686,399,287,376,174,202,653,385,268,349,287,62,156,144,12,99,65,34,16,12,4,78,66,12,304,98,206,56,11,45,198,57,141,10,4,6,40,26,14,293,92,201,55,10,45,194,55,139,9,3,6,35,24,11,11,6,5,1,1,0,4,2,2,1,1,0,5,2,3,409,188,221
29,564,0060,604238,0000,000000,KARNATAKA,Haveri,VILLAGE,Malapur,Rural,148,730,389,341,93,56,37,3,2,1,30,13,17,403,238,165,327,151,176,372,248,124,335,241,94,131,106,25,137,78,59,0,0,0,67,57,10,37,7,30,16,3,13,18,2,16,0,0,0,3,2,1,37,7,30,16,3,13,18,2,16,0,0,0,3,2,1,0,0,0,0,0,0,0,0,0,0,0,0,0,0,0,358,141,217
29,564,0060,604239,0000,000000,KARNATAKA,Haveri,VILLAGE,Bujruk Veerapur,Rural,204,972,496,476,90,45,45,56,28,28,127,61,66,728,412,316,244,84,160,411,331,80,408,329,79,99,94,5,306,234,72,0,0,0,3,1,2,3,2,1,0,0,0,1,0,1,0,0,0,2,2,0,2,1,1,0,0,0,1,0,1,0,0,0,1,1,0,1,1,0,0,0,0,0,0,0,0,0,0,1,1,0,561,165,396
29,564,0060,604240,0000,000000,KARNATAKA,Haveri,VILLAGE,Totadayellapur,Rural,181,946,481,465,119,70,49,0,0,0,134,64,70,655,363,292,291,118,173,387,291,96,382,289,93,141,137,4,129,58,71,1,1,0,111,93,18,5,2,3,0,0,0,1,0,1,0,0,0,4,2,2,4,2,2,0,0,0,1,0,1,0,0,0,3,2,1,1,0,1,0,0,0,0,0,0,0,0,0,1,0,1,559,190,369
29,564,0060,604241,0000,000000,KARNATAKA,Haveri,VILLAGE,Kanakapur,Rural,569,2771,1399,1372,374,188,186,324,161,163,378,197,181,1575,905,670,1196,494,702,1436,892,544,1072,747,325,280,240,40,517,256,261,3,3,0,272,248,24,364,145,219,3,3,0,340,121,219,0,0,0,21,21,0,363,145,218,3,3,0,339,121,218,0,0,0,21,21,0,1,0,1,0,0,0,1,0,1,0,0,0,0,0,0,1335,507,828
29,564,0060,604242,0000,000000,KARNATAKA,Haveri,VILLAGE,Nelogal,Rural,659,3119,1603,1516,406,218,188,756,396,360,216,100,116,2050,1166,884,1069,437,632,1481,966,515,1255,839,416,349,261,88,547,268,279,20,16,4,339,294,45,226,127,99,4,2,2,35,16,19,13,8,5,174,101,73,215,117,98,4,2,2,34,15,19,13,8,5,164,92,72,11,10,1,0,0,0,1,1,0,0,0,0,10,9,1,1638,637,1001
29,564,0060,604243,0000,000000,KARNATAKA,Haveri,VILLAGE,Kallihal,Rural,639,3301,1735,1566,444,216,228,385,205,180,137,70,67,2104,1277,827,1197,458,739,1691,1080,611,1609,1025,584,539,409,130,891,459,432,28,26,2,151,131,20,82,55,27,13,8,5,35,15,20,5,4,1,29,28,1,80,53,27,13,8,5,34,14,20,4,3,1,29,28,1,2,2,0,0,0,0,1,1,0,1,1,0,0,0,0,1610,655,955
29,564,0060,604244,0000,000000,KARNATAKA,Haveri,VILLAGE,Katenahalli,Rural,550,2602,1349,1253,298,162,136,316,154,162,952,511,441,1549,911,638,1053,438,615,1271,805,466,376,280,96,112,93,19,129,77,52,3,3,0,132,107,25,895,525,370,93,69,24,774,434,340,1,0,1,27,22,5,892,523,369,92,69,23,772,432,340,1,0,1,27,22,5,3,2,1,1,0,1,2,2,0,0,0,0,0,0,0,1331,544,787
29,564,0060,604245,0000,000000,KARNATAKA,Haveri,VILLAGE,Hanumanahalli,Rural,197,1035,549,486,129,70,59,8,5,3,215,115,100,649,402,247,386,147,239,562,377,185,546,362,184,226,161,65,267,157,110,9,7,2,44,37,7,16,15,1,5,4,1,9,9,0,0,0,0,2,2,0,14,13,1,5,4,1,7,7,0,0,0,0,2,2,0,2,2,0,0,0,0,2,2,0,0,0,0,0,0,0,473,172,301
29,564,0060,604246,0000,000000,KARNATAKA,Haveri,VILLAGE,Kanavalli,Rural,1403,6596,3470,3126,869,462,407,858,447,411,272,136,136,3859,2246,1613,2737,1224,1513,2761,2102,659,2562,1996,566,641,550,91,1235,850,385,44,37,7,642,559,83,199,106,93,31,9,22,60,31,29,6,3,3,102,63,39,166,94,72,25,8,17,46,24,22,3,2,1,92,60,32,33,12,21,6,1,5,14,7,7,3,1,2,10,3,7,3835,1368,2467
29,564,0060,604247,0000,000000,KARNATAKA,Haveri,VILLAGE,Bailmadapura,Rural,79,383,201,182,44,19,25,71,33,38,127,73,54,232,147,85,151,54,97,237,144,93,237,144,93,65,57,8,139,63,76,5,4,1,28,20,8,0,0,0,0,0,0,0,0,0,0,0,0,0,0,0,0,0,0,0,0,0,0,0,0,0,0,0,0,0,0,0,0,0,0,0,0,0,0,0,0,0,0,0,0,0,146,57,89
29,564,0060,604248,0000,000000,KARNATAKA,Haveri,VILLAGE,Gudisalkoppa,Rural,74,386,193,193,62,31,31,19,10,9,0,0,0,235,141,94,151,52,99,227,135,92,226,134,92,88,62,26,135,70,65,2,2,0,1,0,1,1,1,0,1,1,0,0,0,0,0,0,0,0,0,0,1,1,0,1,1,0,0,0,0,0,0,0,0,0,0,0,0,0,0,0,0,0,0,0,0,0,0,0,0,0,159,58,101
29,564,0060,604249,0000,000000,KARNATAKA,Haveri,VILLAGE,Kerikop,Rural,149,695,355,340,90,41,49,88,44,44,63,31,32,466,271,195,229,84,145,446,233,213,437,229,208,276,165,111,68,29,39,6,4,2,87,31,56,9,4,5,5,2,3,0,0,0,0,0,0,4,2,2,8,4,4,4,2,2,0,0,0,0,0,0,4,2,2,1,0,1,1,0,1,0,0,0,0,0,0,0,0,0,249,122,127
29,564,0060,604250,0000,000000,KARNATAKA,Haveri,VILLAGE,Meundi,Rural,422,2126,1123,1003,332,172,160,336,188,148,408,203,205,1127,724,403,999,399,600,1079,665,414,944,568,376,193,116,77,662,384,278,1,0,1,88,68,20,135,97,38,24,15,9,19,13,6,0,0,0,92,69,23,131,94,37,23,15,8,19,13,6,0,0,0,89,66,23,4,3,1,1,0,1,0,0,0,0,0,0,3,3,0,1047,458,589
29,564,0060,604251,0000,000000,KARNATAKA,Haveri,VILLAGE,Taredahalli,Rural,167,723,389,334,110,56,54,50,29,21,562,296,266,434,286,148,289,103,186,451,256,195,443,251,192,196,185,11,242,61,181,1,1,0,4,4,0,8,5,3,1,1,0,0,0,0,0,0,0,7,4,3,8,5,3,1,1,0,0,0,0,0,0,0,7,4,3,0,0,0,0,0,0,0,0,0,0,0,0,0,0,0,272,133,139
29,564,0060,604252,0000,000000,KARNATAKA,Haveri,VILLAGE,Guilagundi,Rural,198,835,440,395,106,61,45,154,74,80,85,47,38,710,369,341,125,71,54,445,245,200,438,242,196,227,204,23,204,35,169,1,0,1,6,3,3,7,3,4,2,1,1,3,0,3,0,0,0,2,2,0,7,3,4,2,1,1,3,0,3,0,0,0,2,2,0,0,0,0,0,0,0,0,0,0,0,0,0,0,0,0,390,195,195
29,564,0060,604253,0000,000000,KARNATAKA,Haveri,VILLAGE,Neeralagi-M-Guttal,Rural,335,1575,799,776,171,82,89,239,125,114,112,60,52,1197,661,536,378,138,240,907,529,378,896,522,374,302,234,68,568,268,300,10,8,2,16,12,4,11,7,4,5,3,2,4,2,2,0,0,0,2,2,0,11,7,4,5,3,2,4,2,2,0,0,0,2,2,0,0,0,0,0,0,0,0,0,0,0,0,0,0,0,0,668,270,398
29,564,0060,604254,0000,000000,KARNATAKA,Haveri,VILLAGE,Gudur,Rural,192,974,510,464,137,69,68,14,7,7,0,0,0,584,365,219,390,145,245,405,282,123,403,282,121,145,136,9,219,114,105,0,0,0,39,32,7,2,0,2,1,0,1,1,0,1,0,0,0,0,0,0,1,0,1,0,0,0,1,0,1,0,0,0,0,0,0,1,0,1,1,0,1,0,0,0,0,0,0,0,0,0,569,228,341
29,564,0060,604255,0000,000000,KARNATAKA,Haveri,VILLAGE,Halagi,Rural,397,1932,965,967,248,115,133,280,131,149,19,8,11,1370,763,607,562,202,360,1003,623,380,885,586,299,205,169,36,500,266,234,12,8,4,168,143,25,118,37,81,24,5,19,69,15,54,0,0,0,25,17,8,22,5,17,2,0,2,17,3,14,0,0,0,3,2,1,96,32,64,22,5,17,52,12,40,0,0,0,22,15,7,929,342,587
29,564,0060,604256,0000,000000,KARNATAKA,Haveri,VILLAGE,Maradur,Rural,266,1195,626,569,146,75,71,124,64,60,53,28,25,822,463,359,373,163,210,621,384,237,616,381,235,182,138,44,381,194,187,22,21,1,31,28,3,5,3,2,1,0,1,3,2,1,0,0,0,1,1,0,3,1,2,1,0,1,2,1,1,0,0,0,0,0,0,2,2,0,0,0,0,1,1,0,0,0,0,1,1,0,574,242,332
29,564,0060,604257,0000,000000,KARNATAKA,Haveri,VILLAGE,Kittur,Rural,478,2343,1177,1166,301,147,154,389,192,197,311,158,153,1403,816,587,940,361,579,1183,703,480,1181,702,479,413,289,124,641,308,333,1,1,0,126,104,22,2,1,1,1,1,0,1,0,1,0,0,0,0,0,0,2,1,1,1,1,0,1,0,1,0,0,0,0,0,0,0,0,0,0,0,0,0,0,0,0,0,0,0,0,0,1160,474,686
29,564,0060,604258,0000,000000,KARNATAKA,Haveri,VILLAGE,Channur,Rural,247,1111,577,534,119,64,55,218,113,105,33,16,17,796,450,346,315,127,188,508,368,140,491,353,138,136,124,12,213,111,102,3,2,1,139,116,23,17,15,2,2,2,0,4,4,0,0,0,0,11,9,2,17,15,2,2,2,0,4,4,0,0,0,0,11,9,2,0,0,0,0,0,0,0,0,0,0,0,0,0,0,0,603,209,394
29,564,0060,604259,0000,000000,KARNATAKA,Haveri,VILLAGE,Hosaritti,Rural,1359,6046,3090,2956,702,353,349,659,340,319,465,253,212,4151,2319,1832,1895,771,1124,2517,1855,662,2433,1808,625,250,234,16,793,410,383,94,73,21,1296,1091,205,84,47,37,4,1,3,13,4,9,2,0,2,65,42,23,71,38,33,4,1,3,10,3,7,2,0,2,55,34,21,13,9,4,0,0,0,3,1,2,0,0,0,10,8,2,3529,1235,2294
29,564,0060,604260,0000,000000,KARNATAKA,Haveri,VILLAGE,Akkur,Rural,354,1847,1070,777,181,88,93,125,72,53,633,339,294,1257,837,420,590,233,357,844,536,308,842,534,308,318,226,92,498,289,209,1,0,1,25,19,6,2,2,0,0,0,0,1,1,0,1,1,0,0,0,0,2,2,0,0,0,0,1,1,0,1,1,0,0,0,0,0,0,0,0,0,0,0,0,0,0,0,0,0,0,0,1003,534,469
29,564,0060,604261,0000,000000,KARNATAKA,Haveri,VILLAGE,Kodabal,Rural,278,1145,576,569,150,78,72,229,120,109,68,31,37,823,453,370,322,123,199,539,381,158,338,290,48,62,58,4,230,196,34,9,8,1,37,28,9,201,91,110,5,2,3,123,67,56,21,11,10,52,11,41,189,86,103,5,2,3,118,65,53,15,8,7,51,11,40,12,5,7,0,0,0,5,2,3,6,3,3,1,0,1,606,195,411
29,564,0060,604262,0000,000000,KARNATAKA,Haveri,VILLAGE,Marol,Rural,500,2492,1318,1174,300,167,133,419,229,190,479,247,232,1523,908,615,969,410,559,1251,792,459,1157,772,385,289,260,29,723,402,321,11,10,1,134,100,34,94,20,74,0,0,0,84,12,72,2,2,0,8,6,2,86,19,67,0,0,0,77,12,65,2,2,0,7,5,2,8,1,7,0,0,0,7,0,7,0,0,0,1,1,0,1241,526,715
29,564,0060,604263,0000,000000,KARNATAKA,Haveri,VILLAGE,Belavigi,Rural,665,3080,1598,1482,392,191,201,638,320,318,275,141,134,2057,1189,868,1023,409,614,1913,1031,882,1496,1010,486,473,405,68,933,536,397,6,4,2,84,65,19,417,21,396,14,2,12,381,11,370,5,2,3,17,6,11,394,16,378,13,2,11,366,8,358,1,1,0,14,5,9,23,5,18,1,0,1,15,3,12,4,1,3,3,1,2,1167,567,600
29,564,0060,604264,0000,000000,KARNATAKA,Haveri,VILLAGE,Galaganath,Rural,248,1174,568,606,159,63,96,341,164,177,167,83,84,595,338,257,579,230,349,449,329,120,383,325,58,92,90,2,263,211,52,5,5,0,23,19,4,66,4,62,5,2,3,61,2,59,0,0,0,0,0,0,59,4,55,5,2,3,54,2,52,0,0,0,0,0,0,7,0,7,0,0,0,7,0,7,0,0,0,0,0,0,725,239,486
29,564,0060,604265,0000,000000,KARNATAKA,Haveri,VILLAGE,Neglur,Rural,1448,7461,3850,3611,780,431,349,1157,591,566,547,269,278,5163,2881,2282,2298,969,1329,3414,2321,1093,3040,2226,814,1118,978,140,1520,897,623,50,46,4,352,305,47,374,95,279,51,11,40,285,65,220,17,3,14,21,16,5,352,86,266,46,9,37,270,60,210,16,2,14,20,15,5,22,9,13,5,2,3,15,5,10,1,1,0,1,1,0,4047,1529,2518
29,564,0060,604266,0000,000000,KARNATAKA,Haveri,VILLAGE,Bommanakatti,Rural,280,1522,798,724,189,101,88,348,188,160,127,66,61,921,576,345,601,222,379,455,389,66,231,202,29,167,147,20,23,23,0,18,17,1,23,15,8,224,187,37,5,4,1,213,178,35,5,5,0,1,0,1,224,187,37,5,4,1,213,178,35,5,5,0,1,0,1,0,0,0,0,0,0,0,0,0,0,0,0,0,0,0,1067,409,658
29,564,0060,604267,0000,000000,KARNATAKA,Haveri,VILLAGE,Haleritti,Rural,497,2408,1234,1174,292,150,142,430,223,207,295,152,143,1502,886,616,906,348,558,1135,739,396,1005,695,310,498,409,89,433,227,206,9,8,1,65,51,14,130,44,86,8,6,2,99,18,81,7,5,2,16,15,1,109,38,71,5,4,1,86,18,68,5,4,1,13,12,1,21,6,15,3,2,1,13,0,13,2,1,1,3,3,0,1273,495,778
29,564,0060,604268,0000,000000,KARNATAKA,Haveri,VILLAGE,Basapur,Rural,833,4372,2320,2052,707,378,329,744,394,350,580,313,267,1831,1088,743,2541,1232,1309,2250,1366,884,2152,1323,829,1249,801,448,693,354,339,29,23,6,181,145,36,98,43,55,33,16,17,48,19,29,0,0,0,17,8,9,89,37,52,29,13,16,43,16,27,0,0,0,17,8,9,9,6,3,4,3,1,5,3,2,0,0,0,0,0,0,2122,954,1168
29,564,0060,604269,0000,000000,KARNATAKA,Haveri,VILLAGE,Guttal,Rural,3079,15094,7742,7352,1885,970,915,1500,724,776,1445,723,722,9581,5303,4278,5513,2439,3074,6842,4745,2097,6015,4233,1782,996,823,173,2704,1532,1172,275,179,96,2040,1699,341,827,512,315,28,19,9,378,233,145,142,38,104,279,222,57,762,459,303,25,18,7,363,221,142,135,32,103,239,188,51,65,53,12,3,1,2,15,12,3,7,6,1,40,34,6,8252,2997,5255
29,564,0060,604270,0000,000000,KARNATAKA,Haveri,VILLAGE,Havanur,Rural,1434,7128,3703,3425,982,523,459,762,380,382,338,173,165,3934,2252,1682,3194,1451,1743,3725,2213,1512,3306,2066,1240,705,548,157,1765,951,814,106,49,57,730,518,212,419,147,272,29,15,14,305,82,223,27,16,11,58,34,24,392,135,257,27,14,13,297,79,218,22,13,9,46,29,17,27,12,15,2,1,1,8,3,5,5,3,2,12,5,7,3403,1490,1913
29,564,0060,604271,0000,000000,KARNATAKA,Haveri,VILLAGE,Hulyala,Rural,146,765,395,370,104,58,46,7,4,3,3,2,1,480,297,183,285,98,187,542,279,263,539,278,261,189,112,77,335,154,181,0,0,0,15,12,3,3,1,2,0,0,0,2,0,2,0,0,0,1,1,0,3,1,2,0,0,0,2,0,2,0,0,0,1,1,0,0,0,0,0,0,0,0,0,0,0,0,0,0,0,0,223,116,107
29,564,0060,604272,0000,000000,KARNATAKA,Haveri,VILLAGE,Haunshi,Rural,291,1371,716,655,173,85,88,177,95,82,507,260,247,818,494,324,553,222,331,822,457,365,448,369,79,192,156,36,212,179,33,5,4,1,39,30,9,374,88,286,68,11,57,273,55,218,5,4,1,28,18,10,351,76,275,65,9,56,263,52,211,4,4,0,19,11,8,23,12,11,3,2,1,10,3,7,1,0,1,9,7,2,549,259,290
29,564,0060,604273,0000,000000,KARNATAKA,Haveri,VILLAGE,Shyakar,Rural,185,1004,519,485,140,68,72,102,47,55,315,168,147,695,404,291,309,115,194,535,294,241,246,232,14,135,135,0,83,70,13,2,2,0,26,25,1,289,62,227,3,3,0,260,40,220,3,2,1,23,17,6,287,62,225,3,3,0,259,40,219,3,2,1,22,17,5,2,0,2,0,0,0,1,0,1,0,0,0,1,0,1,469,225,244
29,564,0060,604274,0000,000000,KARNATAKA,Haveri,VILLAGE,Haralahalli,Rural,172,879,456,423,106,47,59,93,46,47,108,57,51,496,307,189,383,149,234,424,303,121,344,290,54,118,114,4,179,133,46,5,4,1,42,39,3,80,13,67,15,3,12,47,2,45,0,0,0,18,8,10,76,10,66,13,1,12,46,2,44,0,0,0,17,7,10,4,3,1,2,2,0,1,0,1,0,0,0,1,1,0,455,153,302
29,564,0060,604275,0000,000000,KARNATAKA,Haveri,VILLAGE,Kancharagatti,Rural,412,2343,1229,1114,323,182,141,166,82,84,0,0,0,1422,823,599,921,406,515,1217,712,505,609,494,115,366,335,31,183,111,72,2,1,1,58,47,11,608,218,390,20,9,11,453,145,308,15,7,8,120,57,63,551,193,358,20,9,11,440,141,299,11,6,5,80,37,43,57,25,32,0,0,0,13,4,9,4,1,3,40,20,20,1126,517,609
29,564,0060,604276,0000,000000,KARNATAKA,Haveri,VILLAGE,Timmapur-M-Guttal,Rural,309,1661,839,822,196,91,105,328,165,163,15,8,7,950,593,357,711,246,465,731,490,241,728,489,239,210,202,8,449,230,219,0,0,0,69,57,12,3,1,2,1,1,0,1,0,1,0,0,0,1,0,1,3,1,2,1,1,0,1,0,1,0,0,0,1,0,1,0,0,0,0,0,0,0,0,0,0,0,0,0,0,0,930,349,581
29,564,0060,604277,0000,000000,KARNATAKA,Haveri,VILLAGE,Shivanagar,Rural,478,2431,1243,1188,391,200,191,2421,1238,1183,0,0,0,639,426,213,1792,817,975,1364,719,645,1348,710,638,4,4,0,1326,691,635,2,2,0,16,13,3,16,9,7,12,6,6,1,0,1,1,1,0,2,2,0,15,8,7,12,6,6,1,0,1,1,1,0,1,1,0,1,1,0,0,0,0,0,0,0,0,0,0,1,1,0,1067,524,543
29,564,0060,604278,0000,000000,KARNATAKA,Haveri,VILLAGE,Bharadi,Rural,399,2081,1084,997,328,164,164,186,100,86,443,234,209,1227,726,501,854,358,496,960,659,301,777,600,177,338,329,9,368,212,156,17,15,2,54,44,10,183,59,124,2,1,1,157,44,113,8,5,3,16,9,7,91,46,45,1,1,0,73,34,39,8,5,3,9,6,3,92,13,79,1,0,1,84,10,74,0,0,0,7,3,4,1121,425,696
29,564,0060,604279,0000,000000,KARNATAKA,Haveri,VILLAGE,Kuragund,Rural,650,3587,1888,1699,538,289,249,314,155,159,397,197,200,1587,985,602,2000,903,1097,2011,1172,839,1832,1116,716,989,569,420,652,388,264,29,27,2,162,132,30,179,56,123,44,13,31,43,20,23,3,1,2,89,22,67,146,44,102,27,9,18,32,15,17,2,0,2,85,20,65,33,12,21,17,4,13,11,5,6,1,1,0,4,2,2,1576,716,860
29,564,0060,604280,0000,000000,KARNATAKA,Haveri,VILLAGE,Rajivnagar,Rural,83,487,274,213,68,44,24,425,241,184,0,0,0,224,145,79,263,129,134,209,136,73,202,133,69,52,50,2,131,67,64,0,0,0,19,16,3,7,3,4,1,0,1,6,3,3,0,0,0,0,0,0,7,3,4,1,0,1,6,3,3,0,0,0,0,0,0,0,0,0,0,0,0,0,0,0,0,0,0,0,0,0,278,138,140
29,564,0061,000000,0000,000000,KARNATAKA,Haveri,CD BLOCK,Byadgi ,Total,23094,111010,57013,53997,13161,6727,6434,13705,7161,6544,15767,8135,7632,74888,42368,32520,36122,14645,21477,53476,34438,19038,43756,30960,12796,16989,14412,2577,20139,11092,9047,684,553,131,5944,4903,1041,9720,3478,6242,1117,319,798,7389,2291,5098,155,78,77,1059,790,269,8938,3156,5782,894,226,668,7003,2173,4830,129,66,63,912,691,221,782,322,460,223,93,130,386,118,268,26,12,14,147,99,48,57534,22575,34959
29,564,0061,000000,0000,000000,KARNATAKA,Haveri,CD BLOCK,Byadgi ,Rural,23094,111010,57013,53997,13161,6727,6434,13705,7161,6544,15767,8135,7632,74888,42368,32520,36122,14645,21477,53476,34438,19038,43756,30960,12796,16989,14412,2577,20139,11092,9047,684,553,131,5944,4903,1041,9720,3478,6242,1117,319,798,7389,2291,5098,155,78,77,1059,790,269,8938,3156,5782,894,226,668,7003,2173,4830,129,66,63,912,691,221,782,322,460,223,93,130,386,118,268,26,12,14,147,99,48,57534,22575,34959
29,564,0061,000000,0000,000000,KARNATAKA,Haveri,CD BLOCK,Byadgi ,Urban,0,0,0,0,0,0,0,0,0,0,0,0,0,0,0,0,0,0,0,0,0,0,0,0,0,0,0,0,0,0,0,0,0,0,0,0,0,0,0,0,0,0,0,0,0,0,0,0,0,0,0,0,0,0,0,0,0,0,0,0,0,0,0,0,0,0,0,0,0,0,0,0,0,0,0,0,0,0,0,0,0,0,0,0,0
29,564,0061,604281,0000,000000,KARNATAKA,Haveri,VILLAGE,Kaginelli,Rural,994,5278,2806,2472,777,390,387,170,116,54,83,41,42,3636,2076,1560,1642,730,912,1919,1553,366,1880,1523,357,399,353,46,754,538,216,7,3,4,720,629,91,39,30,9,4,2,2,8,5,3,0,0,0,27,23,4,28,20,8,3,2,1,7,4,3,0,0,0,18,14,4,11,10,1,1,0,1,1,1,0,0,0,0,9,9,0,3359,1253,2106
29,564,0061,604282,0000,000000,KARNATAKA,Haveri,VILLAGE,Bannihalli,Rural,72,350,176,174,46,27,19,8,1,7,246,128,118,221,120,101,129,56,73,169,113,56,169,113,56,77,68,9,87,41,46,0,0,0,5,4,1,0,0,0,0,0,0,0,0,0,0,0,0,0,0,0,0,0,0,0,0,0,0,0,0,0,0,0,0,0,0,0,0,0,0,0,0,0,0,0,0,0,0,0,0,0,181,63,118
29,564,0061,604283,0000,000000,KARNATAKA,Haveri,VILLAGE,Hedigonda,Rural,643,2856,1493,1363,327,171,156,401,213,188,738,370,368,1932,1113,819,924,380,544,1363,961,402,1295,935,360,511,478,33,622,323,299,30,29,1,132,105,27,68,26,42,9,6,3,43,12,31,2,0,2,14,8,6,42,12,30,6,4,2,26,3,23,1,0,1,9,5,4,26,14,12,3,2,1,17,9,8,1,0,1,5,3,2,1493,532,961
29,564,0061,604284,0000,000000,KARNATAKA,Haveri,VILLAGE,Khurda Veerapura,Rural,95,476,240,236,67,35,32,60,32,28,150,70,80,288,159,129,188,81,107,282,142,140,281,141,140,277,139,138,0,0,0,0,0,0,4,2,2,1,1,0,0,0,0,0,0,0,0,0,0,1,1,0,1,1,0,0,0,0,0,0,0,0,0,0,1,1,0,0,0,0,0,0,0,0,0,0,0,0,0,0,0,0,194,98,96
29,564,0061,604285,0000,000000,KARNATAKA,Haveri,VILLAGE,Kalagonda,Rural,274,1304,686,618,164,83,81,250,131,119,113,62,51,888,515,373,416,171,245,617,424,193,616,423,193,302,301,1,251,69,182,11,9,2,52,44,8,1,1,0,0,0,0,0,0,0,0,0,0,1,1,0,1,1,0,0,0,0,0,0,0,0,0,0,1,1,0,0,0,0,0,0,0,0,0,0,0,0,0,0,0,0,687,262,425
29,564,0061,604286,0000,000000,KARNATAKA,Haveri,VILLAGE,Ingalagondi,Rural,416,2100,1050,1050,341,168,173,18,12,6,0,0,0,1214,634,580,886,416,470,689,582,107,408,330,78,87,85,2,104,58,46,5,5,0,212,182,30,281,252,29,6,4,2,30,19,11,3,2,1,242,227,15,268,246,22,4,3,1,22,15,7,2,2,0,240,226,14,13,6,7,2,1,1,8,4,4,1,0,1,2,1,1,1411,468,943
29,564,0061,604287,0000,000000,KARNATAKA,Haveri,VILLAGE,Kasambi,Rural,324,1506,752,754,174,89,85,42,20,22,275,146,129,954,549,405,552,203,349,876,460,416,673,412,261,166,144,22,452,227,225,8,5,3,47,36,11,203,48,155,21,4,17,159,36,123,1,0,1,22,8,14,203,48,155,21,4,17,159,36,123,1,0,1,22,8,14,0,0,0,0,0,0,0,0,0,0,0,0,0,0,0,630,292,338
29,564,0061,604288,0000,000000,KARNATAKA,Haveri,VILLAGE,Dasanakoppa,Rural,69,299,159,140,24,17,7,5,1,4,22,11,11,250,137,113,49,22,27,109,98,11,109,98,11,76,75,1,6,4,2,0,0,0,27,19,8,0,0,0,0,0,0,0,0,0,0,0,0,0,0,0,0,0,0,0,0,0,0,0,0,0,0,0,0,0,0,0,0,0,0,0,0,0,0,0,0,0,0,0,0,0,190,61,129
29,564,0061,604289,0000,000000,KARNATAKA,Haveri,VILLAGE,Siddapura,Rural,174,835,429,406,100,56,44,90,41,49,136,61,75,557,314,243,278,115,163,488,273,215,385,251,134,190,143,47,155,78,77,0,0,0,40,30,10,103,22,81,51,5,46,46,14,32,0,0,0,6,3,3,74,15,59,39,4,35,32,10,22,0,0,0,3,1,2,29,7,22,12,1,11,14,4,10,0,0,0,3,2,1,347,156,191
29,564,0061,604290,0000,000000,KARNATAKA,Haveri,VILLAGE,Chikkabasur,Rural,658,3424,1748,1676,433,236,197,212,99,113,182,85,97,2639,1396,1243,785,352,433,1282,926,356,923,850,73,358,351,7,190,164,26,82,76,6,293,259,34,359,76,283,6,3,3,274,19,255,17,9,8,62,45,17,319,57,262,5,3,2,268,19,249,14,7,7,32,28,4,40,19,21,1,0,1,6,0,6,3,2,1,30,17,13,2142,822,1320
29,564,0061,604291,0000,000000,KARNATAKA,Haveri,VILLAGE,Hirehalli,Rural,529,2986,1560,1426,434,224,210,61,27,34,588,319,269,1925,1070,855,1061,490,571,1123,936,187,642,575,67,219,214,5,208,167,41,24,22,2,191,172,19,481,361,120,3,2,1,402,306,96,23,8,15,53,45,8,423,326,97,2,1,1,367,285,82,12,3,9,42,37,5,58,35,23,1,1,0,35,21,14,11,5,6,11,8,3,1863,624,1239
29,564,0061,604292,0000,000000,KARNATAKA,Haveri,VILLAGE,Badamalli,Rural,325,1535,791,744,186,83,103,347,181,166,210,108,102,1004,579,425,531,212,319,976,531,445,877,492,385,480,427,53,374,54,320,6,4,2,17,7,10,99,39,60,40,37,3,54,0,54,0,0,0,5,2,3,98,39,59,40,37,3,53,0,53,0,0,0,5,2,3,1,0,1,0,0,0,1,0,1,0,0,0,0,0,0,559,260,299
29,564,0061,604293,0000,000000,KARNATAKA,Haveri,VILLAGE,Kummur,Rural,351,1620,846,774,159,88,71,32,16,16,686,362,324,1044,604,440,576,242,334,847,523,324,585,437,148,318,311,7,210,85,125,4,4,0,53,37,16,262,86,176,5,1,4,231,67,164,6,6,0,20,12,8,254,82,172,2,0,2,231,67,164,6,6,0,15,9,6,8,4,4,3,1,2,0,0,0,0,0,0,5,3,2,773,323,450
29,564,0061,604294,0000,000000,KARNATAKA,Haveri,VILLAGE,Nellikoppa,Rural,214,963,501,462,132,74,58,624,326,298,52,25,27,583,343,240,380,158,222,578,318,260,302,262,40,95,95,0,124,95,29,0,0,0,83,72,11,276,56,220,5,1,4,255,44,211,1,1,0,15,10,5,242,52,190,2,1,1,224,40,184,1,1,0,15,10,5,34,4,30,3,0,3,31,4,27,0,0,0,0,0,0,385,183,202
29,564,0061,604295,0000,000000,KARNATAKA,Haveri,VILLAGE,Nagalapur,Rural,69,333,176,157,38,18,20,99,44,55,51,29,22,213,130,83,120,46,74,196,114,82,79,73,6,39,39,0,24,23,1,0,0,0,16,11,5,117,41,76,1,0,1,115,40,75,0,0,0,1,1,0,115,41,74,1,0,1,113,40,73,0,0,0,1,1,0,2,0,2,0,0,0,2,0,2,0,0,0,0,0,0,137,62,75
29,564,0061,604296,0000,000000,KARNATAKA,Haveri,VILLAGE,Thippalapur,Rural,89,430,231,199,36,18,18,28,13,15,68,34,34,168,105,63,262,126,136,303,160,143,303,160,143,295,155,140,2,0,2,5,4,1,1,1,0,0,0,0,0,0,0,0,0,0,0,0,0,0,0,0,0,0,0,0,0,0,0,0,0,0,0,0,0,0,0,0,0,0,0,0,0,0,0,0,0,0,0,0,0,0,127,71,56
29,564,0061,604297,0000,000000,KARNATAKA,Haveri,VILLAGE,Masanagi,Rural,596,2911,1514,1397,271,134,137,160,82,78,43,23,20,1910,1146,764,1001,368,633,1706,931,775,1164,880,284,400,325,75,628,442,186,18,16,2,118,97,21,542,51,491,50,2,48,480,46,434,2,0,2,10,3,7,538,49,489,50,2,48,478,45,433,2,0,2,8,2,6,4,2,2,0,0,0,2,1,1,0,0,0,2,1,1,1205,583,622
29,564,0061,604298,0000,000000,KARNATAKA,Haveri,VILLAGE,Angaragatti,Rural,246,1115,568,547,132,71,61,96,47,49,134,76,58,740,426,314,375,142,233,554,340,214,443,309,134,56,47,9,306,189,117,15,15,0,66,58,8,111,31,80,2,0,2,105,28,77,2,2,0,2,1,1,110,31,79,2,0,2,105,28,77,2,2,0,1,1,0,1,0,1,0,0,0,0,0,0,0,0,0,1,0,1,561,228,333
29,564,0061,604299,0000,000000,KARNATAKA,Haveri,VILLAGE,Hirenandihalli,Rural,106,499,259,240,46,26,20,37,22,15,85,42,43,398,225,173,101,34,67,200,144,56,135,125,10,100,96,4,15,13,2,3,3,0,17,13,4,65,19,46,25,9,16,34,7,27,2,1,1,4,2,2,65,19,46,25,9,16,34,7,27,2,1,1,4,2,2,0,0,0,0,0,0,0,0,0,0,0,0,0,0,0,299,115,184
29,564,0061,604300,0000,000000,KARNATAKA,Haveri,VILLAGE,Kerawadi,Rural,605,2907,1440,1467,370,187,183,668,330,338,129,67,62,1897,1043,854,1010,397,613,1455,866,589,1051,720,331,359,299,60,475,272,203,53,20,33,164,129,35,404,146,258,34,17,17,335,110,225,9,3,6,26,16,10,377,132,245,29,15,14,316,101,215,8,2,6,24,14,10,27,14,13,5,2,3,19,9,10,1,1,0,2,2,0,1452,574,878
29,564,0061,604301,0000,000000,KARNATAKA,Haveri,VILLAGE,Chinnikatti,Rural,412,1870,916,954,199,101,98,58,22,36,1,0,1,1090,631,459,780,285,495,1126,587,539,1003,535,468,551,315,236,353,138,215,45,45,0,54,37,17,123,52,71,54,27,27,61,19,42,0,0,0,8,6,2,58,19,39,4,1,3,48,13,35,0,0,0,6,5,1,65,33,32,50,26,24,13,6,7,0,0,0,2,1,1,744,329,415
29,564,0061,604302,0000,000000,KARNATAKA,Haveri,VILLAGE,Muttur,Rural,553,2455,1272,1183,312,155,157,74,37,37,391,199,192,1577,915,662,878,357,521,1210,794,416,1201,791,410,666,497,169,467,236,231,9,9,0,59,49,10,9,3,6,2,2,0,7,1,6,0,0,0,0,0,0,6,3,3,2,2,0,4,1,3,0,0,0,0,0,0,3,0,3,0,0,0,3,0,3,0,0,0,0,0,0,1245,478,767
29,564,0061,604303,0000,000000,KARNATAKA,Haveri,VILLAGE,Beeranakoppa,Rural,227,1027,521,506,120,59,61,38,18,20,320,162,158,615,355,260,412,166,246,597,305,292,442,281,161,392,249,143,25,11,14,4,4,0,21,17,4,155,24,131,99,12,87,53,12,41,2,0,2,1,0,1,121,18,103,75,7,68,43,11,32,2,0,2,1,0,1,34,6,28,24,5,19,10,1,9,0,0,0,0,0,0,430,216,214
29,564,0061,604304,0000,000000,KARNATAKA,Haveri,VILLAGE,Chikkalli,Rural,205,960,492,468,71,36,35,92,43,49,6,3,3,628,357,271,332,135,197,593,356,237,387,312,75,206,181,25,124,81,43,0,0,0,57,50,7,206,44,162,162,36,126,41,6,35,0,0,0,3,2,1,145,5,140,111,3,108,32,0,32,0,0,0,2,2,0,61,39,22,51,33,18,9,6,3,0,0,0,1,0,1,367,136,231
29,564,0061,604305,0000,000000,KARNATAKA,Haveri,VILLAGE,Ghalapuji,Rural,466,2143,1094,1049,260,131,129,159,79,80,488,244,244,1368,779,589,775,315,460,1129,700,429,832,631,201,455,423,32,298,143,155,1,1,0,78,64,14,297,69,228,66,17,49,228,51,177,2,0,2,1,1,0,275,66,209,57,15,42,215,50,165,2,0,2,1,1,0,22,3,19,9,2,7,13,1,12,0,0,0,0,0,0,1014,394,620
29,564,0061,604306,0000,000000,KARNATAKA,Haveri,VILLAGE,Dummihal,Rural,241,1164,619,545,131,68,63,82,48,34,614,325,289,746,439,307,418,180,238,656,355,301,525,338,187,261,221,40,238,99,139,0,0,0,26,18,8,131,17,114,9,5,4,111,7,104,2,1,1,9,4,5,127,14,113,7,3,4,111,7,104,0,0,0,9,4,5,4,3,1,2,2,0,0,0,0,2,1,1,0,0,0,508,264,244
29,564,0061,604307,0000,000000,KARNATAKA,Haveri,VILLAGE,Attikatti,Rural,268,1233,606,627,133,59,74,62,34,28,202,100,102,899,492,407,334,114,220,539,374,165,532,371,161,296,253,43,220,107,113,2,2,0,14,9,5,7,3,4,0,0,0,7,3,4,0,0,0,0,0,0,6,2,4,0,0,0,6,2,4,0,0,0,0,0,0,1,1,0,0,0,0,1,1,0,0,0,0,0,0,0,694,232,462
29,564,0061,604308,0000,000000,KARNATAKA,Haveri,VILLAGE,Guddada Mallapur,Rural,174,844,429,415,88,45,43,27,16,11,255,121,134,596,328,268,248,101,147,343,283,60,219,194,25,133,128,5,48,36,12,0,0,0,38,30,8,124,89,35,1,1,0,120,86,34,1,1,0,2,1,1,123,88,35,1,1,0,120,86,34,0,0,0,2,1,1,1,1,0,0,0,0,0,0,0,1,1,0,0,0,0,501,146,355
29,564,0061,604309,0000,000000,KARNATAKA,Haveri,VILLAGE,Thimmapur,Rural,156,678,350,328,68,36,32,76,35,41,89,44,45,547,297,250,131,53,78,263,193,70,178,160,18,133,126,7,29,23,6,1,0,1,15,11,4,85,33,52,10,1,9,75,32,43,0,0,0,0,0,0,85,33,52,10,1,9,75,32,43,0,0,0,0,0,0,0,0,0,0,0,0,0,0,0,0,0,0,0,0,0,415,157,258
29,564,0061,604310,0000,000000,KARNATAKA,Haveri,VILLAGE,Sudambi,Rural,434,2100,1016,1084,221,105,116,126,58,68,26,14,12,1661,857,804,439,159,280,825,648,177,445,416,29,307,302,5,75,61,14,1,1,0,62,52,10,380,232,148,4,3,1,365,218,147,5,5,0,6,6,0,380,232,148,4,3,1,365,218,147,5,5,0,6,6,0,0,0,0,0,0,0,0,0,0,0,0,0,0,0,0,1275,368,907
29,564,0061,604311,0000,000000,KARNATAKA,Haveri,VILLAGE,Hireanaji,Rural,294,1378,759,619,155,89,66,140,92,48,237,128,109,983,575,408,395,184,211,595,413,182,445,390,55,270,265,5,104,72,32,3,2,1,68,51,17,150,23,127,8,3,5,141,19,122,0,0,0,1,1,0,94,19,75,5,1,4,88,17,71,0,0,0,1,1,0,56,4,52,3,2,1,53,2,51,0,0,0,0,0,0,783,346,437
29,564,0061,604312,0000,000000,KARNATAKA,Haveri,VILLAGE,Thumarikoppa,Rural,190,812,440,372,110,54,56,257,136,121,96,54,42,548,331,217,264,109,155,487,253,234,310,240,70,160,154,6,131,74,57,0,0,0,19,12,7,177,13,164,90,4,86,86,8,78,0,0,0,1,1,0,156,12,144,80,3,77,75,8,67,0,0,0,1,1,0,21,1,20,10,1,9,11,0,11,0,0,0,0,0,0,325,187,138
29,564,0061,604313,0000,000000,KARNATAKA,Haveri,VILLAGE,Dhulikoppa,Rural,201,956,488,468,117,67,50,55,28,27,94,51,43,647,363,284,309,125,184,321,278,43,271,246,25,221,210,11,25,16,9,7,5,2,18,15,3,50,32,18,2,1,1,44,29,15,2,0,2,2,2,0,49,32,17,2,1,1,44,29,15,1,0,1,2,2,0,1,0,1,0,0,0,0,0,0,1,0,1,0,0,0,635,210,425
29,564,0061,604314,0000,000000,KARNATAKA,Haveri,VILLAGE,Chikkanaji,Rural,261,1233,638,595,148,70,78,584,306,278,78,44,34,825,474,351,408,164,244,693,377,316,427,344,83,131,131,0,257,179,78,5,5,0,34,29,5,266,33,233,28,10,18,218,12,206,3,0,3,17,11,6,236,23,213,19,6,13,203,9,194,3,0,3,11,8,3,30,10,20,9,4,5,15,3,12,0,0,0,6,3,3,540,261,279
29,564,0061,604315,0000,000000,KARNATAKA,Haveri,VILLAGE,Tadas,Rural,579,2877,1460,1417,349,173,176,558,286,272,397,211,186,1812,1042,770,1065,418,647,1465,880,585,876,683,193,395,371,24,341,201,140,2,2,0,138,109,29,589,197,392,7,1,6,557,178,379,2,2,0,23,16,7,585,194,391,7,1,6,555,177,378,0,0,0,23,16,7,4,3,1,0,0,0,2,1,1,2,2,0,0,0,0,1412,580,832
29,564,0061,604316,0000,000000,KARNATAKA,Haveri,VILLAGE,Gundenahalli,Rural,272,1246,625,621,138,59,79,63,35,28,113,58,55,894,494,400,352,131,221,389,359,30,364,337,27,40,38,2,315,290,25,1,1,0,8,8,0,25,22,3,2,2,0,20,18,2,1,1,0,2,1,1,23,20,3,2,2,0,18,16,2,1,1,0,2,1,1,2,2,0,0,0,0,2,2,0,0,0,0,0,0,0,857,266,591
29,564,0061,604317,0000,000000,KARNATAKA,Haveri,VILLAGE,Kadamanahalli,Rural,129,516,275,241,69,43,26,0,0,0,135,74,61,352,211,141,164,64,100,270,170,100,260,163,97,42,41,1,209,115,94,3,3,0,6,4,2,10,7,3,1,0,1,8,6,2,0,0,0,1,1,0,9,6,3,1,0,1,7,5,2,0,0,0,1,1,0,1,1,0,0,0,0,1,1,0,0,0,0,0,0,0,246,105,141
29,564,0061,604318,0000,000000,KARNATAKA,Haveri,VILLAGE,Kengond,Rural,242,1141,590,551,111,51,60,65,33,32,501,256,245,838,482,356,303,108,195,717,405,312,589,385,204,313,298,15,239,57,182,3,3,0,34,27,7,128,20,108,9,4,5,115,13,102,0,0,0,4,3,1,126,19,107,9,4,5,114,13,101,0,0,0,3,2,1,2,1,1,0,0,0,1,0,1,0,0,0,1,1,0,424,185,239
29,564,0061,604319,0000,000000,KARNATAKA,Haveri,VILLAGE,Kalledevar,Rural,600,3103,1653,1450,365,189,176,220,128,92,994,526,468,2328,1331,997,775,322,453,1412,964,448,1391,949,442,599,555,44,695,311,384,24,24,0,73,59,14,21,15,6,1,1,0,17,12,5,0,0,0,3,2,1,20,14,6,1,1,0,16,11,5,0,0,0,3,2,1,1,1,0,0,0,0,1,1,0,0,0,0,0,0,0,1691,689,1002
29,564,0061,604320,0000,000000,KARNATAKA,Haveri,VILLAGE,Sevanagar,Rural,188,1110,580,530,198,106,92,1103,574,529,5,4,1,707,396,311,403,184,219,564,329,235,548,319,229,7,6,1,508,288,220,1,1,0,32,24,8,16,10,6,0,0,0,14,9,5,0,0,0,2,1,1,16,10,6,0,0,0,14,9,5,0,0,0,2,1,1,0,0,0,0,0,0,0,0,0,0,0,0,0,0,0,546,251,295
29,564,0061,604321,0000,000000,KARNATAKA,Haveri,VILLAGE,Arabagonda,Rural,231,1100,577,523,152,77,75,148,79,69,807,428,379,690,391,299,410,186,224,469,325,144,468,325,143,146,133,13,253,138,115,3,3,0,66,51,15,1,0,1,0,0,0,1,0,1,0,0,0,0,0,0,1,0,1,0,0,0,1,0,1,0,0,0,0,0,0,0,0,0,0,0,0,0,0,0,0,0,0,0,0,0,631,252,379
29,564,0061,604322,0000,000000,KARNATAKA,Haveri,VILLAGE,Shivapur,Rural,279,1323,692,631,172,86,86,724,367,357,58,30,28,847,508,339,476,184,292,564,386,178,405,338,67,112,106,6,257,206,51,2,2,0,34,24,10,159,48,111,3,2,1,155,45,110,0,0,0,1,1,0,158,48,110,3,2,1,154,45,109,0,0,0,1,1,0,1,0,1,0,0,0,1,0,1,0,0,0,0,0,0,759,306,453
29,564,0061,604323,0000,000000,KARNATAKA,Haveri,VILLAGE,Alalageri,Rural,355,1785,901,884,231,123,108,60,35,25,691,343,348,1071,624,447,714,277,437,813,524,289,430,335,95,213,197,16,135,74,61,4,3,1,78,61,17,383,189,194,10,6,4,248,87,161,9,7,2,116,89,27,360,173,187,10,6,4,244,87,157,9,7,2,97,73,24,23,16,7,0,0,0,4,0,4,0,0,0,19,16,3,972,377,595
29,564,0061,604324,0000,000000,KARNATAKA,Haveri,VILLAGE,Budapanahalli,Rural,573,2701,1383,1318,395,209,186,335,174,161,631,313,318,1536,874,662,1165,509,656,1158,840,318,1065,770,295,310,291,19,597,340,257,7,7,0,151,132,19,93,70,23,4,4,0,33,15,18,9,9,0,47,42,5,91,69,22,4,4,0,33,15,18,9,9,0,45,41,4,2,1,1,0,0,0,0,0,0,0,0,0,2,1,1,1543,543,1000
29,564,0061,604325,0000,000000,KARNATAKA,Haveri,VILLAGE,Motebennur,Rural,1775,8305,4219,4086,977,503,474,899,462,437,1031,523,508,5756,3182,2574,2549,1037,1512,3771,2529,1242,3481,2424,1057,749,652,97,1934,1090,844,27,20,7,771,662,109,290,105,185,12,10,2,207,46,161,8,4,4,63,45,18,288,103,185,12,10,2,206,45,161,8,4,4,62,44,18,2,2,0,0,0,0,1,1,0,0,0,0,1,1,0,4534,1690,2844
29,564,0061,604326,0000,000000,KARNATAKA,Haveri,VILLAGE,Khurdha Kodihalli,Rural,266,1201,620,581,155,77,78,41,20,21,56,32,24,750,447,303,451,173,278,690,403,287,440,299,141,152,129,23,247,133,114,0,0,0,41,37,4,250,104,146,31,9,22,201,85,116,2,2,0,16,8,8,227,93,134,29,8,21,186,79,107,2,2,0,10,4,6,23,11,12,2,1,1,15,6,9,0,0,0,6,4,2,511,217,294
29,564,0061,604327,0000,000000,KARNATAKA,Haveri,VILLAGE,Shankripura,Rural,226,1049,540,509,101,51,50,4,3,1,280,139,141,802,453,349,247,87,160,619,363,256,379,341,38,212,208,4,110,84,26,3,3,0,54,46,8,240,22,218,11,2,9,228,20,208,0,0,0,1,0,1,235,22,213,11,2,9,223,20,203,0,0,0,1,0,1,5,0,5,0,0,0,5,0,5,0,0,0,0,0,0,430,177,253
29,564,0061,604328,0000,000000,KARNATAKA,Haveri,VILLAGE,Timakapur,Rural,214,1036,529,507,124,69,55,130,63,67,187,96,91,697,393,304,339,136,203,464,328,136,369,298,71,211,199,12,126,73,53,3,3,0,29,23,6,95,30,65,0,0,0,91,26,65,0,0,0,4,4,0,95,30,65,0,0,0,91,26,65,0,0,0,4,4,0,0,0,0,0,0,0,0,0,0,0,0,0,0,0,0,572,201,371
29,564,0061,604329,0000,000000,KARNATAKA,Haveri,VILLAGE,Mallur,Rural,659,2997,1502,1495,333,165,168,201,105,96,45,25,20,2001,1121,880,996,381,615,1471,910,561,1210,798,412,366,296,70,647,348,299,26,17,9,171,137,34,261,112,149,4,0,4,218,84,134,8,6,2,31,22,9,247,102,145,4,0,4,218,84,134,6,6,0,19,12,7,14,10,4,0,0,0,0,0,0,2,0,2,12,10,2,1526,592,934
29,564,0061,604330,0000,000000,KARNATAKA,Haveri,VILLAGE,Teredhalli,Rural,247,1150,595,555,101,47,54,145,69,76,312,169,143,722,429,293,428,166,262,703,408,295,677,399,278,174,122,52,377,168,209,8,6,2,118,103,15,26,9,17,3,2,1,19,6,13,2,0,2,2,1,1,21,6,15,2,1,1,17,5,12,1,0,1,1,0,1,5,3,2,1,1,0,2,1,1,1,0,1,1,1,0,447,187,260
29,564,0061,604331,0000,000000,KARNATAKA,Haveri,VILLAGE,Byadgi (Rural),Rural,0,0,0,0,0,0,0,0,0,0,0,0,0,0,0,0,0,0,0,0,0,0,0,0,0,0,0,0,0,0,0,0,0,0,0,0,0,0,0,0,0,0,0,0,0,0,0,0,0,0,0,0,0,0,0,0,0,0,0,0,0,0,0,0,0,0,0,0,0,0,0,0,0,0,0,0,0,0,0,0,0,0,0,0,0
29,564,0061,604332,0000,000000,KARNATAKA,Haveri,VILLAGE,Chattra,Rural,341,1631,809,822,206,103,103,311,162,149,139,61,78,910,511,399,721,298,423,820,492,328,796,485,311,107,101,6,571,291,280,0,0,0,118,93,25,24,7,17,0,0,0,18,2,16,0,0,0,6,5,1,23,7,16,0,0,0,18,2,16,0,0,0,5,5,0,1,0,1,0,0,0,0,0,0,0,0,0,1,0,1,811,317,494
29,564,0061,604333,0000,000000,KARNATAKA,Haveri,VILLAGE,Kadaramandalagi,Rural,1245,5805,2907,2898,670,345,325,764,392,372,729,355,374,3986,2170,1816,1819,737,1082,2876,1785,1091,2457,1593,864,554,489,65,1471,776,695,23,16,7,409,312,97,419,192,227,27,11,16,296,118,178,1,0,1,95,63,32,400,184,216,27,11,16,287,117,170,1,0,1,85,56,29,19,8,11,0,0,0,9,1,8,0,0,0,10,7,3,2929,1122,1807
29,564,0061,604334,0000,000000,KARNATAKA,Haveri,VILLAGE,Agasanhalli,Rural,0,0,0,0,0,0,0,0,0,0,0,0,0,0,0,0,0,0,0,0,0,0,0,0,0,0,0,0,0,0,0,0,0,0,0,0,0,0,0,0,0,0,0,0,0,0,0,0,0,0,0,0,0,0,0,0,0,0,0,0,0,0,0,0,0,0,0,0,0,0,0,0,0,0,0,0,0,0,0,0,0,0,0,0,0
29,564,0061,604335,0000,000000,KARNATAKA,Haveri,VILLAGE,Gummanahalli,Rural,212,934,468,466,93,49,44,21,13,8,0,0,0,760,399,361,174,69,105,351,283,68,342,281,61,99,91,8,201,154,47,12,11,1,30,25,5,9,2,7,3,2,1,6,0,6,0,0,0,0,0,0,9,2,7,3,2,1,6,0,6,0,0,0,0,0,0,0,0,0,0,0,0,0,0,0,0,0,0,0,0,0,583,185,398
29,564,0061,604336,0000,000000,KARNATAKA,Haveri,VILLAGE,Shidenur,Rural,519,2977,1598,1379,319,150,169,557,361,196,357,217,140,2106,1232,874,871,366,505,1029,784,245,987,764,223,216,199,17,499,343,156,100,72,28,172,150,22,42,20,22,1,0,1,24,9,15,3,1,2,14,10,4,38,19,19,1,0,1,20,8,12,3,1,2,14,10,4,4,1,3,0,0,0,4,1,3,0,0,0,0,0,0,1948,814,1134
29,564,0061,604337,0000,000000,KARNATAKA,Haveri,VILLAGE,Ramgondanahalli,Rural,264,1341,685,656,169,87,82,48,25,23,36,18,18,891,519,372,450,166,284,759,407,352,565,389,176,107,102,5,377,222,155,3,1,2,78,64,14,194,18,176,63,5,58,118,11,107,1,0,1,12,2,10,139,7,132,36,1,35,93,4,89,1,0,1,9,2,7,55,11,44,27,4,23,25,7,18,0,0,0,3,0,3,582,278,304
29,564,0061,604338,0000,000000,KARNATAKA,Haveri,VILLAGE,Lakamaji Koppa,Rural,159,730,378,352,62,32,30,175,85,90,9,5,4,538,300,238,192,78,114,476,258,218,251,222,29,122,119,3,72,51,21,15,13,2,42,39,3,225,36,189,63,6,57,158,29,129,1,1,0,3,0,3,223,35,188,62,5,57,157,29,128,1,1,0,3,0,3,2,1,1,1,1,0,1,0,1,0,0,0,0,0,0,254,120,134
29,564,0061,604339,0000,000000,KARNATAKA,Haveri,VILLAGE,Belakeri,Rural,365,1561,782,779,162,72,90,151,74,77,361,185,176,1031,602,429,530,180,350,1042,556,486,709,422,287,370,264,106,243,90,153,9,7,2,87,61,26,333,134,199,6,5,1,297,111,186,2,1,1,28,17,11,311,125,186,6,5,1,281,105,176,2,1,1,22,14,8,22,9,13,0,0,0,16,6,10,0,0,0,6,3,3,519,226,293
29,564,0061,604340,0000,000000,KARNATAKA,Haveri,VILLAGE,Bannihatti,Rural,548,2585,1334,1251,254,141,113,144,74,70,333,162,171,1876,1064,812,709,270,439,1470,883,587,1454,875,579,696,473,223,703,358,345,3,3,0,52,41,11,16,8,8,2,1,1,12,5,7,0,0,0,2,2,0,16,8,8,2,1,1,12,5,7,0,0,0,2,2,0,0,0,0,0,0,0,0,0,0,0,0,0,0,0,0,1115,451,664
29,564,0061,604341,0000,000000,KARNATAKA,Haveri,VILLAGE,Kollapur,Rural,119,601,329,272,66,44,22,118,64,54,0,0,0,444,264,180,157,65,92,389,209,180,350,207,143,132,124,8,208,74,134,2,2,0,8,7,1,39,2,37,22,1,21,2,0,2,14,0,14,1,1,0,38,1,37,22,1,21,2,0,2,14,0,14,0,0,0,1,1,0,0,0,0,0,0,0,0,0,0,1,1,0,212,120,92
29,564,0061,604342,0000,000000,KARNATAKA,Haveri,VILLAGE,Shivajinagar,Rural,419,1833,949,884,171,104,67,619,328,291,38,23,15,1226,699,527,607,250,357,959,565,394,934,552,382,300,219,81,532,255,277,27,22,5,75,56,19,25,13,12,4,3,1,12,4,8,2,1,1,7,5,2,21,10,11,4,3,1,12,4,8,2,1,1,3,2,1,4,3,1,0,0,0,0,0,0,0,0,0,4,3,1,874,384,490
29,564,0061,604343,0000,000000,KARNATAKA,Haveri,VILLAGE,Katenahalli,Rural,201,961,487,474,116,57,59,165,86,79,8,5,3,723,394,329,238,93,145,467,277,190,459,272,187,359,223,136,92,43,49,0,0,0,8,6,2,8,5,3,4,4,0,0,0,0,0,0,0,4,1,3,5,2,3,2,2,0,0,0,0,0,0,0,3,0,3,3,3,0,2,2,0,0,0,0,0,0,0,1,1,0,494,210,284
29,564,0061,604344,0000,000000,KARNATAKA,Haveri,VILLAGE,Anur,Rural,417,2096,1052,1044,188,98,90,297,139,158,184,90,94,1583,863,720,513,189,324,800,664,136,614,560,54,455,439,16,53,36,17,19,16,3,87,69,18,186,104,82,18,14,4,159,84,75,1,1,0,8,5,3,154,87,67,17,13,4,128,68,60,1,1,0,8,5,3,32,17,15,1,1,0,31,16,15,0,0,0,0,0,0,1296,388,908
29,564,0061,604345,0000,000000,KARNATAKA,Haveri,VILLAGE,Bisalahalli,Rural,444,2358,1236,1122,284,128,156,401,219,182,424,229,195,1543,932,611,815,304,511,1181,729,452,1140,705,435,426,313,113,563,271,292,5,3,2,146,118,28,41,24,17,9,9,0,27,12,15,4,3,1,1,0,1,40,23,17,9,9,0,26,11,15,4,3,1,1,0,1,1,1,0,0,0,0,1,1,0,0,0,0,0,0,0,1177,507,670
29,564,0061,604346,0000,000000,KARNATAKA,Haveri,VILLAGE,Timmenahalli,Rural,75,377,193,184,40,19,21,0,0,0,18,10,8,277,164,113,100,29,71,209,112,97,209,112,97,19,14,5,183,94,89,0,0,0,7,4,3,0,0,0,0,0,0,0,0,0,0,0,0,0,0,0,0,0,0,0,0,0,0,0,0,0,0,0,0,0,0,0,0,0,0,0,0,0,0,0,0,0,0,0,0,0,168,81,87
29,564,0062,000000,0000,000000,KARNATAKA,Haveri,CD BLOCK,Hirekerur ,Total,45918,211924,108551,103373,23610,12087,11523,28758,14674,14084,23218,11750,11468,151983,84727,67256,59941,23824,36117,107017,66685,40332,81525,59349,22176,35457,29632,5825,32757,18791,13966,881,750,131,12430,10176,2254,25492,7336,18156,4431,1051,3380,18438,4554,13884,406,257,149,2217,1474,743,23717,6598,17119,4118,942,3176,17316,4124,13192,357,235,122,1926,1297,629,1775,738,1037,313,109,204,1122,430,692,49,22,27,291,177,114,104907,41866,63041
29,564,0062,000000,0000,000000,KARNATAKA,Haveri,CD BLOCK,Hirekerur ,Rural,45918,211924,108551,103373,23610,12087,11523,28758,14674,14084,23218,11750,11468,151983,84727,67256,59941,23824,36117,107017,66685,40332,81525,59349,22176,35457,29632,5825,32757,18791,13966,881,750,131,12430,10176,2254,25492,7336,18156,4431,1051,3380,18438,4554,13884,406,257,149,2217,1474,743,23717,6598,17119,4118,942,3176,17316,4124,13192,357,235,122,1926,1297,629,1775,738,1037,313,109,204,1122,430,692,49,22,27,291,177,114,104907,41866,63041
29,564,0062,000000,0000,000000,KARNATAKA,Haveri,CD BLOCK,Hirekerur ,Urban,0,0,0,0,0,0,0,0,0,0,0,0,0,0,0,0,0,0,0,0,0,0,0,0,0,0,0,0,0,0,0,0,0,0,0,0,0,0,0,0,0,0,0,0,0,0,0,0,0,0,0,0,0,0,0,0,0,0,0,0,0,0,0,0,0,0,0,0,0,0,0,0,0,0,0,0,0,0,0,0,0,0,0,0,0
29,564,0062,604347,0000,000000,KARNATAKA,Haveri,VILLAGE,Purakondikoppa,Rural,135,625,315,310,80,35,45,171,87,84,32,17,15,421,240,181,204,75,129,313,192,121,311,190,121,192,132,60,110,54,56,0,0,0,9,4,5,2,2,0,0,0,0,0,0,0,0,0,0,2,2,0,2,2,0,0,0,0,0,0,0,0,0,0,2,2,0,0,0,0,0,0,0,0,0,0,0,0,0,0,0,0,312,123,189
29,564,0062,604348,0000,000000,KARNATAKA,Haveri,VILLAGE,Kachavi,Rural,589,2741,1373,1368,350,158,192,732,351,381,139,68,71,1879,1028,851,862,345,517,1093,843,250,1052,829,223,469,430,39,502,331,171,9,9,0,72,59,13,41,14,27,8,1,7,21,2,19,0,0,0,12,11,1,39,13,26,8,1,7,19,1,18,0,0,0,12,11,1,2,1,1,0,0,0,2,1,1,0,0,0,0,0,0,1648,530,1118
29,564,0062,604349,0000,000000,KARNATAKA,Haveri,VILLAGE,Madlur,Rural,525,2482,1288,1194,289,149,140,285,145,140,453,227,226,1768,971,797,714,317,397,1331,777,554,761,694,67,608,605,3,60,7,53,8,7,1,85,75,10,570,83,487,349,51,298,212,23,189,1,1,0,8,8,0,570,83,487,349,51,298,212,23,189,1,1,0,8,8,0,0,0,0,0,0,0,0,0,0,0,0,0,0,0,0,1151,511,640
29,564,0062,604350,0000,000000,KARNATAKA,Haveri,VILLAGE,Muddinakoppa,Rural,175,809,408,401,122,66,56,238,129,109,73,32,41,485,277,208,324,131,193,337,258,79,331,254,77,244,216,28,76,30,46,1,1,0,10,7,3,6,4,2,1,1,0,2,0,2,0,0,0,3,3,0,5,3,2,1,1,0,2,0,2,0,0,0,2,2,0,1,1,0,0,0,0,0,0,0,0,0,0,1,1,0,472,150,322
29,564,0062,604351,0000,000000,KARNATAKA,Haveri,VILLAGE,Chinnamulagund,Rural,683,3129,1639,1490,436,254,182,933,506,427,369,187,182,1995,1148,847,1134,491,643,1355,940,415,1039,810,229,522,468,54,390,235,155,2,2,0,125,105,20,316,130,186,84,29,55,180,71,109,9,8,1,43,22,21,288,119,169,83,29,54,164,67,97,9,8,1,32,15,17,28,11,17,1,0,1,16,4,12,0,0,0,11,7,4,1774,699,1075
29,564,0062,604352,0000,000000,KARNATAKA,Haveri,VILLAGE,Ningapur,Rural,305,1438,723,715,164,81,83,164,85,79,10,3,7,783,459,324,655,264,391,877,465,412,626,425,201,353,241,112,262,178,84,0,0,0,11,6,5,251,40,211,79,6,73,170,32,138,0,0,0,2,2,0,250,40,210,79,6,73,169,32,137,0,0,0,2,2,0,1,0,1,0,0,0,1,0,1,0,0,0,0,0,0,561,258,303
29,564,0062,604353,0000,000000,KARNATAKA,Haveri,VILLAGE,Wadenapur,Rural,286,1294,656,638,172,94,78,59,27,32,12,7,5,918,490,428,376,166,210,734,377,357,303,264,39,240,227,13,35,15,20,6,6,0,22,16,6,431,113,318,99,20,79,313,79,234,4,4,0,15,10,5,416,106,310,94,20,74,308,76,232,3,3,0,11,7,4,15,7,8,5,0,5,5,3,2,1,1,0,4,3,1,560,279,281
29,564,0062,604354,0000,000000,KARNATAKA,Haveri,VILLAGE,Yogikoppa,Rural,223,1026,539,487,130,69,61,129,74,55,121,58,63,796,446,350,230,93,137,450,323,127,321,305,16,227,221,6,68,61,7,0,0,0,26,23,3,129,18,111,67,11,56,56,3,53,0,0,0,6,4,2,110,14,96,52,7,45,52,3,49,0,0,0,6,4,2,19,4,15,15,4,11,4,0,4,0,0,0,0,0,0,576,216,360
29,564,0062,604355,0000,000000,KARNATAKA,Haveri,VILLAGE,Haunsabhavi,Rural,1418,6251,3108,3143,696,355,341,524,244,280,396,191,205,4912,2507,2405,1339,601,738,2173,1717,456,1992,1568,424,358,347,11,667,370,297,25,24,1,942,827,115,181,149,32,6,4,2,35,20,15,18,17,1,122,108,14,172,143,29,6,4,2,33,20,13,18,17,1,115,102,13,9,6,3,0,0,0,2,0,2,0,0,0,7,6,1,4078,1391,2687
29,564,0062,604356,0000,000000,KARNATAKA,Haveri,VILLAGE,Dasanakoppa,Rural,136,629,320,309,69,37,32,33,19,14,169,81,88,437,240,197,192,80,112,228,185,43,206,174,32,77,76,1,106,82,24,3,2,1,20,14,6,22,11,11,2,1,1,10,5,5,0,0,0,10,5,5,15,9,6,2,1,1,7,4,3,0,0,0,6,4,2,7,2,5,0,0,0,3,1,2,0,0,0,4,1,3,401,135,266
29,564,0062,604357,0000,000000,KARNATAKA,Haveri,VILLAGE,Satenahalli,Rural,426,1885,951,934,207,111,96,214,102,112,122,66,56,1412,748,664,473,203,270,1149,576,573,505,467,38,270,264,6,188,163,25,10,10,0,37,30,7,644,109,535,13,7,6,612,100,512,0,0,0,19,2,17,502,98,404,8,7,1,475,89,386,0,0,0,19,2,17,142,11,131,5,0,5,137,11,126,0,0,0,0,0,0,736,375,361
29,564,0062,604358,0000,000000,KARNATAKA,Haveri,VILLAGE,Nittur,Rural,253,1253,631,622,143,71,72,255,133,122,143,74,69,1021,526,495,232,105,127,629,387,242,510,352,158,408,284,124,6,5,1,1,1,0,95,62,33,119,35,84,2,0,2,115,35,80,0,0,0,2,0,2,119,35,84,2,0,2,115,35,80,0,0,0,2,0,2,0,0,0,0,0,0,0,0,0,0,0,0,0,0,0,624,244,380
29,564,0062,604359,0000,000000,KARNATAKA,Haveri,VILLAGE,Yammiganur,Rural,209,909,463,446,100,54,46,204,99,105,1,1,0,736,382,354,173,81,92,352,303,49,342,299,43,250,233,17,85,61,24,0,0,0,7,5,2,10,4,6,4,1,3,5,2,3,0,0,0,1,1,0,9,3,6,4,1,3,4,1,3,0,0,0,1,1,0,1,1,0,0,0,0,1,1,0,0,0,0,0,0,0,557,160,397
29,564,0062,604360,0000,000000,KARNATAKA,Haveri,VILLAGE,Chikkonati,Rural,400,1984,1008,976,228,118,110,157,82,75,288,139,149,1444,785,659,540,223,317,951,595,356,893,576,317,313,297,16,510,228,282,0,0,0,70,51,19,58,19,39,10,0,10,47,19,28,0,0,0,1,0,1,58,19,39,10,0,10,47,19,28,0,0,0,1,0,1,0,0,0,0,0,0,0,0,0,0,0,0,0,0,0,1033,413,620
29,564,0062,604361,0000,000000,KARNATAKA,Haveri,VILLAGE,Hirekonati,Rural,371,1532,775,757,158,75,83,339,174,165,435,218,217,1160,620,540,372,155,217,468,433,35,442,409,33,252,250,2,143,121,22,13,13,0,34,25,9,26,24,2,9,9,0,5,5,0,2,2,0,10,8,2,25,23,2,9,9,0,5,5,0,2,2,0,9,7,2,1,1,0,0,0,0,0,0,0,0,0,0,1,1,0,1064,342,722
29,564,0062,604362,0000,000000,KARNATAKA,Haveri,VILLAGE,Mattihalli,Rural,200,854,454,400,74,43,31,149,82,67,411,220,191,524,310,214,330,144,186,416,295,121,365,290,75,106,90,16,245,189,56,3,3,0,11,8,3,51,5,46,21,0,21,14,2,12,1,0,1,15,3,12,47,3,44,21,0,21,13,2,11,1,0,1,12,1,11,4,2,2,0,0,0,1,0,1,0,0,0,3,2,1,438,159,279
29,564,0062,604363,0000,000000,KARNATAKA,Haveri,VILLAGE,Kargi,Rural,146,651,327,324,55,29,26,349,183,166,173,82,91,510,273,237,141,54,87,370,220,150,162,116,46,78,71,7,49,19,30,0,0,0,35,26,9,208,104,104,4,1,3,196,96,100,6,5,1,2,2,0,180,90,90,4,1,3,169,83,86,5,4,1,2,2,0,28,14,14,0,0,0,27,13,14,1,1,0,0,0,0,281,107,174
29,564,0062,604364,0000,000000,KARNATAKA,Haveri,VILLAGE,Divagihalli,Rural,256,1132,600,532,142,68,74,92,50,42,167,93,74,797,465,332,335,135,200,512,375,137,504,370,134,299,247,52,180,102,78,0,0,0,25,21,4,8,5,3,4,2,2,3,2,1,0,0,0,1,1,0,8,5,3,4,2,2,3,2,1,0,0,0,1,1,0,0,0,0,0,0,0,0,0,0,0,0,0,0,0,0,620,225,395
29,564,0062,604365,0000,000000,KARNATAKA,Haveri,VILLAGE,Bhogavi,Rural,329,1342,691,651,121,59,62,221,118,103,301,156,145,1048,581,467,294,110,184,727,416,311,545,377,168,369,251,118,126,82,44,0,0,0,50,44,6,182,39,143,68,8,60,113,30,83,0,0,0,1,1,0,175,36,139,66,8,58,108,27,81,0,0,0,1,1,0,7,3,4,2,0,2,5,3,2,0,0,0,0,0,0,615,275,340
29,564,0062,604366,0000,000000,KARNATAKA,Haveri,VILLAGE,Sunkapura,Rural,0,0,0,0,0,0,0,0,0,0,0,0,0,0,0,0,0,0,0,0,0,0,0,0,0,0,0,0,0,0,0,0,0,0,0,0,0,0,0,0,0,0,0,0,0,0,0,0,0,0,0,0,0,0,0,0,0,0,0,0,0,0,0,0,0,0,0,0,0,0,0,0,0,0,0,0,0,0,0,0,0,0,0,0,0
29,564,0062,604367,0000,000000,KARNATAKA,Haveri,VILLAGE,Sutakoti,Rural,381,1644,848,796,157,72,85,95,47,48,62,33,29,1254,716,538,390,132,258,1071,584,487,1026,564,462,636,387,249,330,133,197,23,19,4,37,25,12,45,20,25,31,15,16,6,2,4,2,0,2,6,3,3,38,18,20,26,13,13,5,2,3,2,0,2,5,3,2,7,2,5,5,2,3,1,0,1,0,0,0,1,0,1,573,264,309
29,564,0062,604368,0000,000000,KARNATAKA,Haveri,VILLAGE,Abalur,Rural,353,1587,823,764,161,85,76,64,34,30,1,1,0,1073,620,453,514,203,311,849,535,314,832,526,306,359,262,97,390,197,193,15,14,1,68,53,15,17,9,8,2,1,1,12,5,7,0,0,0,3,3,0,14,7,7,2,1,1,9,3,6,0,0,0,3,3,0,3,2,1,0,0,0,3,2,1,0,0,0,0,0,0,738,288,450
29,564,0062,604369,0000,000000,KARNATAKA,Haveri,VILLAGE,Yattinahalli-M-K0D,Rural,456,2001,1016,985,213,104,109,771,384,387,76,38,38,1407,785,622,594,231,363,1200,657,543,1089,605,484,605,346,259,421,214,207,10,7,3,53,38,15,111,52,59,0,0,0,79,33,46,13,5,8,19,14,5,107,48,59,0,0,0,79,33,46,12,4,8,16,11,5,4,4,0,0,0,0,0,0,0,1,1,0,3,3,0,801,359,442
29,564,0062,604370,0000,000000,KARNATAKA,Haveri,VILLAGE,Shiramanakoppa,Rural,275,1186,595,591,135,72,63,181,81,100,42,17,25,923,491,432,263,104,159,622,363,259,536,347,189,315,227,88,187,91,96,7,6,1,27,23,4,86,16,70,40,1,39,39,10,29,2,2,0,5,3,2,81,14,67,40,1,39,34,8,26,2,2,0,5,3,2,5,2,3,0,0,0,5,2,3,0,0,0,0,0,0,564,232,332
29,564,0062,604371,0000,000000,KARNATAKA,Haveri,VILLAGE,Betakerur,Rural,485,2151,1088,1063,260,125,135,267,137,130,178,92,86,1650,872,778,501,216,285,1106,711,395,984,682,302,535,506,29,330,81,249,6,6,0,113,89,24,122,29,93,11,2,9,90,13,77,0,0,0,21,14,7,115,28,87,11,2,9,87,13,74,0,0,0,17,13,4,7,1,6,0,0,0,3,0,3,0,0,0,4,1,3,1045,377,668
29,564,0062,604372,0000,000000,KARNATAKA,Haveri,VILLAGE,Apinakoppa,Rural,85,411,209,202,41,24,17,249,122,127,104,54,50,302,163,139,109,46,63,143,116,27,132,110,22,28,27,1,8,7,1,4,1,3,92,75,17,11,6,5,0,0,0,2,1,1,0,0,0,9,5,4,9,4,5,0,0,0,2,1,1,0,0,0,7,3,4,2,2,0,0,0,0,0,0,0,0,0,0,2,2,0,268,93,175
29,564,0062,604373,0000,000000,KARNATAKA,Haveri,VILLAGE,Chikkerur,Rural,1518,7590,3926,3664,853,471,382,279,136,143,251,126,125,5693,3012,2681,1897,914,983,2507,2133,374,1970,1660,310,407,375,32,536,423,113,52,50,2,975,812,163,537,473,64,38,30,8,314,276,38,18,15,3,167,152,15,396,337,59,28,21,7,229,194,35,12,9,3,127,113,14,141,136,5,10,9,1,85,82,3,6,6,0,40,39,1,5083,1793,3290
29,564,0062,604374,0000,000000,KARNATAKA,Haveri,VILLAGE,Jyavalli,Rural,178,867,467,400,93,61,32,847,460,387,8,4,4,574,337,237,293,130,163,346,273,73,271,219,52,179,179,0,87,37,50,1,1,0,4,2,2,75,54,21,6,5,1,54,35,19,1,0,1,14,14,0,38,18,20,3,2,1,23,5,18,1,0,1,11,11,0,37,36,1,3,3,0,31,30,1,0,0,0,3,3,0,521,194,327
29,564,0062,604375,0000,000000,KARNATAKA,Haveri,VILLAGE,Yallapur,Rural,453,2118,1096,1022,241,120,121,440,222,218,93,42,51,1510,823,687,608,273,335,813,632,181,244,202,42,61,58,3,59,41,18,2,1,1,122,102,20,569,430,139,11,9,2,233,130,103,9,5,4,316,286,30,541,410,131,11,9,2,230,129,101,9,5,4,291,267,24,28,20,8,0,0,0,3,1,2,0,0,0,25,19,6,1305,464,841
29,564,0062,604376,0000,000000,KARNATAKA,Haveri,VILLAGE,Shitikonda,Rural,84,337,166,171,46,26,20,260,126,134,34,16,18,211,116,95,126,50,76,112,97,15,111,96,15,39,34,5,64,59,5,3,0,3,5,3,2,1,1,0,1,1,0,0,0,0,0,0,0,0,0,0,1,1,0,1,1,0,0,0,0,0,0,0,0,0,0,0,0,0,0,0,0,0,0,0,0,0,0,0,0,0,225,69,156
29,564,0062,604377,0000,000000,KARNATAKA,Haveri,VILLAGE,Arikatti,Rural,289,1274,660,614,146,70,76,129,61,68,195,108,87,986,549,437,288,111,177,978,526,452,434,419,15,286,284,2,117,109,8,9,9,0,22,17,5,544,107,437,32,20,12,498,76,422,0,0,0,14,11,3,394,30,364,7,1,6,382,25,357,0,0,0,5,4,1,150,77,73,25,19,6,116,51,65,0,0,0,9,7,2,296,134,162
29,564,0062,604378,0000,000000,KARNATAKA,Haveri,VILLAGE,Dammalli,Rural,277,1350,669,681,148,68,80,156,80,76,127,64,63,948,526,422,402,143,259,733,378,355,383,374,9,212,211,1,163,156,7,2,2,0,6,5,1,350,4,346,0,0,0,349,3,346,0,0,0,1,1,0,350,4,346,0,0,0,349,3,346,0,0,0,1,1,0,0,0,0,0,0,0,0,0,0,0,0,0,0,0,0,617,291,326
29,564,0062,604379,0000,000000,KARNATAKA,Haveri,VILLAGE,Godachikonda,Rural,259,1182,588,594,94,48,46,415,199,216,22,12,10,925,503,422,257,85,172,676,349,327,360,238,122,250,174,76,82,43,39,8,7,1,20,14,6,316,111,205,37,11,26,277,98,179,1,1,0,1,1,0,284,103,181,25,9,16,257,92,165,1,1,0,1,1,0,32,8,24,12,2,10,20,6,14,0,0,0,0,0,0,506,239,267
29,564,0062,604380,0000,000000,KARNATAKA,Haveri,VILLAGE,Dhupadahalli,Rural,183,771,375,396,100,49,51,120,62,58,26,15,11,534,293,241,237,82,155,488,263,225,289,243,46,132,130,2,148,109,39,0,0,0,9,4,5,199,20,179,58,6,52,141,14,127,0,0,0,0,0,0,189,15,174,53,4,49,136,11,125,0,0,0,0,0,0,10,5,5,5,2,3,5,3,2,0,0,0,0,0,0,283,112,171
29,564,0062,604381,0000,000000,KARNATAKA,Haveri,VILLAGE,Nulageri,Rural,354,1553,781,772,179,88,91,481,244,237,56,28,28,1076,598,478,477,183,294,811,492,319,498,375,123,186,172,14,276,171,105,2,2,0,34,30,4,313,117,196,67,16,51,214,79,135,8,5,3,24,17,7,287,104,183,63,14,49,195,69,126,7,5,2,22,16,6,26,13,13,4,2,2,19,10,9,1,0,1,2,1,1,742,289,453
29,564,0062,604382,0000,000000,KARNATAKA,Haveri,VILLAGE,Aladakatti,Rural,131,585,296,289,56,22,34,36,19,17,295,145,150,474,261,213,111,35,76,371,208,163,275,181,94,118,85,33,142,82,60,6,6,0,9,8,1,96,27,69,60,18,42,35,9,26,1,0,1,0,0,0,96,27,69,60,18,42,35,9,26,1,0,1,0,0,0,0,0,0,0,0,0,0,0,0,0,0,0,0,0,0,214,88,126
29,564,0062,604383,0000,000000,KARNATAKA,Haveri,VILLAGE,Kalagonda,Rural,363,1489,772,717,134,70,64,130,67,63,581,289,292,1085,614,471,404,158,246,766,468,298,458,396,62,271,257,14,149,109,40,6,6,0,32,24,8,308,72,236,34,8,26,264,60,204,2,1,1,8,3,5,277,57,220,16,1,15,258,56,202,0,0,0,3,0,3,31,15,16,18,7,11,6,4,2,2,1,1,5,3,2,723,304,419
29,564,0062,604384,0000,000000,KARNATAKA,Haveri,VILLAGE,Buradikatti,Rural,332,1587,811,776,187,82,105,247,123,124,289,147,142,1317,712,605,270,99,171,698,510,188,616,469,147,381,337,44,17,4,13,13,11,2,205,117,88,82,41,41,16,13,3,18,8,10,5,5,0,43,15,28,35,27,8,13,12,1,8,3,5,5,5,0,9,7,2,47,14,33,3,1,2,10,5,5,0,0,0,34,8,26,889,301,588
29,564,0062,604385,0000,000000,KARNATAKA,Haveri,VILLAGE,Hadrihalli,Rural,337,1466,729,737,157,81,76,169,74,95,8,5,3,1061,564,497,405,165,240,685,485,200,547,417,130,377,319,58,112,53,59,0,0,0,58,45,13,138,68,70,8,3,5,127,64,63,0,0,0,3,1,2,137,67,70,8,3,5,126,63,63,0,0,0,3,1,2,1,1,0,0,0,0,1,1,0,0,0,0,0,0,0,781,244,537
29,564,0062,604386,0000,000000,KARNATAKA,Haveri,VILLAGE,Balambid,Rural,310,1425,740,685,141,75,66,138,76,62,240,134,106,1176,634,542,249,106,143,738,457,281,684,449,235,269,207,62,262,117,145,0,0,0,153,125,28,54,8,46,2,1,1,27,4,23,0,0,0,25,3,22,54,8,46,2,1,1,27,4,23,0,0,0,25,3,22,0,0,0,0,0,0,0,0,0,0,0,0,0,0,0,687,283,404
29,564,0062,604387,0000,000000,KARNATAKA,Haveri,VILLAGE,Somanahalli,Rural,273,1157,600,557,113,59,54,34,20,14,160,82,78,885,498,387,272,102,170,713,376,337,462,342,120,224,194,30,178,102,76,1,1,0,59,45,14,251,34,217,170,14,156,80,19,61,0,0,0,1,1,0,250,34,216,169,14,155,80,19,61,0,0,0,1,1,0,1,0,1,1,0,1,0,0,0,0,0,0,0,0,0,444,224,220
29,564,0062,604388,0000,000000,KARNATAKA,Haveri,VILLAGE,Basarihalli,Rural,107,496,260,236,48,33,15,0,0,0,202,103,99,387,208,179,109,52,57,302,153,149,295,151,144,119,66,53,171,84,87,2,0,2,3,1,2,7,2,5,4,2,2,3,0,3,0,0,0,0,0,0,7,2,5,4,2,2,3,0,3,0,0,0,0,0,0,0,0,0,0,0,0,0,0,0,0,0,0,0,0,0,194,107,87
29,564,0062,604389,0000,000000,KARNATAKA,Haveri,VILLAGE,Hire Mattur,Rural,229,1169,613,556,155,67,88,149,73,76,58,33,25,781,467,314,388,146,242,738,407,331,429,390,39,332,319,13,35,29,6,6,6,0,56,36,20,309,17,292,2,0,2,294,12,282,1,0,1,12,5,7,300,11,289,2,0,2,291,11,280,1,0,1,6,0,6,9,6,3,0,0,0,3,1,2,0,0,0,6,5,1,431,206,225
29,564,0062,604390,0000,000000,KARNATAKA,Haveri,VILLAGE,Chikka Mattur,Rural,195,934,503,431,102,58,44,156,85,71,167,80,87,655,382,273,279,121,158,429,308,121,290,258,32,156,143,13,63,50,13,7,6,1,64,59,5,139,50,89,28,7,21,106,41,65,2,0,2,3,2,1,128,50,78,23,7,16,101,41,60,2,0,2,2,2,0,11,0,11,5,0,5,5,0,5,0,0,0,1,0,1,505,195,310
29,564,0062,604391,0000,000000,KARNATAKA,Haveri,VILLAGE,Kod,Rural,1188,5811,3030,2781,658,349,309,421,238,183,507,262,245,4016,2269,1747,1795,761,1034,2677,1747,930,2187,1610,577,766,606,160,942,604,338,17,13,4,462,387,75,490,137,353,119,40,79,308,66,242,19,3,16,44,28,16,354,100,254,57,25,32,247,50,197,12,1,11,38,24,14,136,37,99,62,15,47,61,16,45,7,2,5,6,4,2,3134,1283,1851
29,564,0062,604392,0000,000000,KARNATAKA,Haveri,VILLAGE,Ujanipur,Rural,58,334,179,155,33,19,14,0,0,0,49,29,20,223,129,94,111,50,61,225,119,106,225,119,106,42,41,1,182,78,104,0,0,0,1,0,1,0,0,0,0,0,0,0,0,0,0,0,0,0,0,0,0,0,0,0,0,0,0,0,0,0,0,0,0,0,0,0,0,0,0,0,0,0,0,0,0,0,0,0,0,0,109,60,49
29,564,0062,604393,0000,000000,KARNATAKA,Haveri,VILLAGE,Shanakaranahalli-M-Kod,Rural,99,400,199,201,60,28,32,0,0,0,0,0,0,294,160,134,106,39,67,173,117,56,170,116,54,72,62,10,89,49,40,1,1,0,8,4,4,3,1,2,1,0,1,2,1,1,0,0,0,0,0,0,2,1,1,1,0,1,1,1,0,0,0,0,0,0,0,1,0,1,0,0,0,1,0,1,0,0,0,0,0,0,227,82,145
29,564,0062,604394,0000,000000,KARNATAKA,Haveri,VILLAGE,Chikkabudihal,Rural,345,1551,766,785,158,75,83,256,117,139,303,149,154,924,530,394,627,236,391,846,517,329,789,504,285,437,330,107,312,144,168,0,0,0,40,30,10,57,13,44,38,8,30,14,3,11,0,0,0,5,2,3,47,12,35,31,7,24,11,3,8,0,0,0,5,2,3,10,1,9,7,1,6,3,0,3,0,0,0,0,0,0,705,249,456
29,564,0062,604395,0000,000000,KARNATAKA,Haveri,VILLAGE,Babapur,Rural,133,669,346,323,91,45,46,668,346,322,0,0,0,401,248,153,268,98,170,340,212,128,181,149,32,78,75,3,94,68,26,0,0,0,9,6,3,159,63,96,6,2,4,152,61,91,0,0,0,1,0,1,147,56,91,5,1,4,141,55,86,0,0,0,1,0,1,12,7,5,1,1,0,11,6,5,0,0,0,0,0,0,329,134,195
29,564,0062,604396,0000,000000,KARNATAKA,Haveri,VILLAGE,Aralikatti,Rural,464,2034,1016,1018,273,139,134,278,147,131,427,215,212,1064,635,429,970,381,589,1209,619,590,760,488,272,709,456,253,35,23,12,2,1,1,14,8,6,449,131,318,4,0,4,443,129,314,1,1,0,1,1,0,448,130,318,4,0,4,443,129,314,0,0,0,1,1,0,1,1,0,0,0,0,0,0,0,1,1,0,0,0,0,825,397,428
29,564,0062,604397,0000,000000,KARNATAKA,Haveri,VILLAGE,Hirebudihal,Rural,398,1814,922,892,235,123,112,187,92,95,626,321,305,1095,644,451,719,278,441,1157,596,561,925,570,355,642,435,207,253,113,140,0,0,0,30,22,8,232,26,206,71,15,56,150,4,146,2,2,0,9,5,4,229,24,205,71,15,56,149,4,145,2,2,0,7,3,4,3,2,1,0,0,0,1,0,1,0,0,0,2,2,0,657,326,331
29,564,0062,604398,0000,000000,KARNATAKA,Haveri,VILLAGE,Aladageri,Rural,587,2611,1335,1276,274,138,136,216,113,103,349,176,173,1759,1017,742,852,318,534,1452,880,572,1375,836,539,331,233,98,934,511,423,19,13,6,91,79,12,77,44,33,6,6,0,65,34,31,0,0,0,6,4,2,74,42,32,6,6,0,63,33,30,0,0,0,5,3,2,3,2,1,0,0,0,2,1,1,0,0,0,1,1,0,1159,455,704
29,564,0062,604399,0000,000000,KARNATAKA,Haveri,VILLAGE,Yalawadahalli,Rural,278,1316,670,646,169,95,74,93,47,46,209,103,106,862,502,360,454,168,286,772,408,364,583,361,222,236,175,61,278,137,141,2,2,0,67,47,20,189,47,142,99,24,75,63,13,50,4,2,2,23,8,15,184,46,138,95,23,72,62,13,49,4,2,2,23,8,15,5,1,4,4,1,3,1,0,1,0,0,0,0,0,0,544,262,282
29,564,0062,604400,0000,000000,KARNATAKA,Haveri,VILLAGE,Lingadevarakoppa,Rural,185,822,417,405,92,48,44,60,36,24,8,6,2,607,337,270,215,80,135,446,246,200,441,245,196,255,152,103,155,75,80,2,2,0,29,16,13,5,1,4,2,1,1,0,0,0,0,0,0,3,0,3,4,1,3,1,1,0,0,0,0,0,0,0,3,0,3,1,0,1,1,0,1,0,0,0,0,0,0,0,0,0,376,171,205
29,564,0062,604401,0000,000000,KARNATAKA,Haveri,VILLAGE,Battikoppa,Rural,317,1504,770,734,192,110,82,266,127,139,310,164,146,939,539,400,565,231,334,967,492,475,680,438,242,326,312,14,267,55,212,1,1,0,86,70,16,287,54,233,7,5,2,255,33,222,4,4,0,21,12,9,261,47,214,7,5,2,232,26,206,4,4,0,18,12,6,26,7,19,0,0,0,23,7,16,0,0,0,3,0,3,537,278,259
29,564,0062,604402,0000,000000,KARNATAKA,Haveri,VILLAGE,Kunchur,Rural,568,2629,1342,1287,256,128,128,308,163,145,860,437,423,1834,1047,787,795,295,500,1638,862,776,1280,762,518,543,510,33,702,225,477,5,5,0,30,22,8,358,100,258,17,12,5,333,80,253,3,3,0,5,5,0,342,93,249,17,12,5,318,74,244,2,2,0,5,5,0,16,7,9,0,0,0,15,6,9,1,1,0,0,0,0,991,480,511
29,564,0062,604403,0000,000000,KARNATAKA,Haveri,VILLAGE,Waderahalli,Rural,73,345,186,159,37,19,18,0,0,0,0,0,0,268,161,107,77,25,52,188,124,64,64,59,5,44,43,1,5,5,0,0,0,0,15,11,4,124,65,59,0,0,0,118,60,58,0,0,0,6,5,1,124,65,59,0,0,0,118,60,58,0,0,0,6,5,1,0,0,0,0,0,0,0,0,0,0,0,0,0,0,0,157,62,95
29,564,0062,604404,0000,000000,KARNATAKA,Haveri,VILLAGE,Neshwi,Rural,444,1988,1014,974,182,96,86,242,122,120,172,92,80,1347,777,570,641,237,404,1032,605,427,871,595,276,366,290,76,360,193,167,10,6,4,135,106,29,161,10,151,85,5,80,72,3,69,0,0,0,4,2,2,156,9,147,83,5,78,69,2,67,0,0,0,4,2,2,5,1,4,2,0,2,3,1,2,0,0,0,0,0,0,956,409,547
29,564,0062,604405,0000,000000,KARNATAKA,Haveri,VILLAGE,Mavinatop,Rural,199,983,507,476,86,45,41,189,99,90,75,41,34,798,441,357,185,66,119,533,303,230,249,236,13,207,205,2,24,16,8,0,0,0,18,15,3,284,67,217,1,1,0,219,25,194,3,3,0,61,38,23,255,47,208,1,1,0,207,19,188,2,2,0,45,25,20,29,20,9,0,0,0,12,6,6,1,1,0,16,13,3,450,204,246
29,564,0062,604406,0000,000000,KARNATAKA,Haveri,VILLAGE,Kodihalli,Rural,104,401,201,200,42,18,24,65,35,30,120,61,59,272,150,122,129,51,78,213,113,100,212,112,100,61,36,25,129,61,68,0,0,0,22,15,7,1,1,0,0,0,0,1,1,0,0,0,0,0,0,0,1,1,0,0,0,0,1,1,0,0,0,0,0,0,0,0,0,0,0,0,0,0,0,0,0,0,0,0,0,0,188,88,100
29,564,0062,604407,0000,000000,KARNATAKA,Haveri,VILLAGE,Timalapur,Rural,110,462,235,227,44,25,19,0,0,0,113,52,61,311,180,131,151,55,96,226,150,76,226,150,76,156,106,50,47,25,22,0,0,0,23,19,4,0,0,0,0,0,0,0,0,0,0,0,0,0,0,0,0,0,0,0,0,0,0,0,0,0,0,0,0,0,0,0,0,0,0,0,0,0,0,0,0,0,0,0,0,0,236,85,151
29,564,0062,604408,0000,000000,KARNATAKA,Haveri,VILLAGE,Hullatti,Rural,580,2740,1389,1351,317,161,156,595,307,288,700,368,332,1869,1067,802,871,322,549,992,878,114,930,863,67,484,478,6,345,295,50,18,18,0,83,72,11,62,15,47,8,7,1,51,6,45,0,0,0,3,2,1,62,15,47,8,7,1,51,6,45,0,0,0,3,2,1,0,0,0,0,0,0,0,0,0,0,0,0,0,0,0,1748,511,1237
29,564,0062,604409,0000,000000,KARNATAKA,Haveri,VILLAGE,Gangapur,Rural,126,688,355,333,66,33,33,23,12,11,7,2,5,529,295,234,159,60,99,220,208,12,199,190,9,121,121,0,45,40,5,11,11,0,22,18,4,21,18,3,2,2,0,5,5,0,0,0,0,14,11,3,21,18,3,2,2,0,5,5,0,0,0,0,14,11,3,0,0,0,0,0,0,0,0,0,0,0,0,0,0,0,468,147,321
29,564,0062,604410,0000,000000,KARNATAKA,Haveri,VILLAGE,Kyatanakeri,Rural,153,739,383,356,93,54,39,114,64,50,179,81,98,549,305,244,190,78,112,385,206,179,374,204,170,109,106,3,255,92,163,0,0,0,10,6,4,11,2,9,0,0,0,11,2,9,0,0,0,0,0,0,11,2,9,0,0,0,11,2,9,0,0,0,0,0,0,0,0,0,0,0,0,0,0,0,0,0,0,0,0,0,354,177,177
29,564,0062,604411,0000,000000,KARNATAKA,Haveri,VILLAGE,Jogihalli,Rural,196,911,474,437,111,59,52,173,90,83,189,97,92,689,386,303,222,88,134,481,260,221,478,258,220,199,110,89,268,138,130,1,1,0,10,9,1,3,2,1,2,1,1,1,1,0,0,0,0,0,0,0,3,2,1,2,1,1,1,1,0,0,0,0,0,0,0,0,0,0,0,0,0,0,0,0,0,0,0,0,0,0,430,214,216
29,564,0062,604412,0000,000000,KARNATAKA,Haveri,VILLAGE,Tawaragi,Rural,321,1432,711,721,136,61,75,194,97,97,135,71,64,1112,604,508,320,107,213,713,448,265,501,361,140,174,160,14,259,153,106,0,0,0,68,48,20,212,87,125,70,21,49,137,61,76,0,0,0,5,5,0,184,84,100,49,19,30,130,60,70,0,0,0,5,5,0,28,3,25,21,2,19,7,1,6,0,0,0,0,0,0,719,263,456
29,564,0062,604413,0000,000000,KARNATAKA,Haveri,VILLAGE,Hosalli,Rural,298,1318,702,616,137,80,57,85,50,35,110,65,45,987,556,431,331,146,185,802,431,371,573,386,187,229,211,18,315,152,163,0,0,0,29,23,6,229,45,184,6,5,1,218,36,182,0,0,0,5,4,1,229,45,184,6,5,1,218,36,182,0,0,0,5,4,1,0,0,0,0,0,0,0,0,0,0,0,0,0,0,0,516,271,245
29,564,0062,604414,0000,000000,KARNATAKA,Haveri,VILLAGE,Dudihalli,Rural,563,2573,1293,1280,265,141,124,668,326,342,0,0,0,1814,1001,813,759,292,467,1460,794,666,1093,671,422,671,452,219,313,148,165,48,27,21,61,44,17,367,123,244,11,4,7,345,114,231,3,0,3,8,5,3,365,122,243,10,4,6,345,114,231,3,0,3,7,4,3,2,1,1,1,0,1,0,0,0,0,0,0,1,1,0,1113,499,614
29,564,0062,604415,0000,000000,KARNATAKA,Haveri,VILLAGE,Sevalayanagar,Rural,131,659,360,299,77,38,39,645,346,299,0,0,0,447,293,154,212,67,145,271,176,95,265,174,91,85,81,4,159,77,82,0,0,0,21,16,5,6,2,4,0,0,0,6,2,4,0,0,0,0,0,0,4,2,2,0,0,0,4,2,2,0,0,0,0,0,0,2,0,2,0,0,0,2,0,2,0,0,0,0,0,0,388,184,204
29,564,0062,604416,0000,000000,KARNATAKA,Haveri,VILLAGE,Kalvihalli,Rural,106,431,225,206,46,24,22,35,17,18,24,14,10,310,177,133,121,48,73,252,134,118,201,131,70,123,92,31,63,28,35,0,0,0,15,11,4,51,3,48,45,1,44,3,0,3,0,0,0,3,2,1,46,2,44,42,1,41,2,0,2,0,0,0,2,1,1,5,1,4,3,0,3,1,0,1,0,0,0,1,1,0,179,91,88
29,564,0062,604417,0000,000000,KARNATAKA,Haveri,VILLAGE,Holabikonda,Rural,308,1345,705,640,115,61,54,180,93,87,175,98,77,925,509,416,420,196,224,723,455,268,692,441,251,416,285,131,240,129,111,0,0,0,36,27,9,31,14,17,2,2,0,0,0,0,3,2,1,26,10,16,29,13,16,2,2,0,0,0,0,3,2,1,24,9,15,2,1,1,0,0,0,0,0,0,0,0,0,2,1,1,622,250,372
29,564,0062,604418,0000,000000,KARNATAKA,Haveri,VILLAGE,Channalli,Rural,342,1572,796,776,154,72,82,283,148,135,66,31,35,1258,683,575,314,113,201,864,476,388,845,465,380,431,277,154,302,153,149,1,1,0,111,34,77,19,11,8,11,6,5,2,1,1,1,1,0,5,3,2,19,11,8,11,6,5,2,1,1,1,1,0,5,3,2,0,0,0,0,0,0,0,0,0,0,0,0,0,0,0,708,320,388
29,564,0062,604419,0000,000000,KARNATAKA,Haveri,VILLAGE,Gundagatti,Rural,492,2319,1191,1128,253,137,116,156,75,81,3,2,1,1764,983,781,555,208,347,1185,713,472,752,572,180,352,301,51,297,186,111,1,1,0,102,84,18,433,141,292,30,10,20,303,97,206,28,4,24,72,30,42,394,134,260,27,9,18,297,95,202,10,3,7,60,27,33,39,7,32,3,1,2,6,2,4,18,1,17,12,3,9,1134,478,656
29,564,0062,604420,0000,000000,KARNATAKA,Haveri,VILLAGE,Waraha,Rural,413,1990,1020,970,274,132,142,261,129,132,153,69,84,1231,711,520,759,309,450,1202,640,562,588,497,91,399,375,24,158,97,61,2,2,0,29,23,6,614,143,471,495,104,391,96,22,74,3,1,2,20,16,4,613,142,471,494,103,391,96,22,74,3,1,2,20,16,4,1,1,0,1,1,0,0,0,0,0,0,0,0,0,0,788,380,408
29,564,0062,604421,0000,000000,KARNATAKA,Haveri,VILLAGE,Nidanegila,Rural,466,2266,1227,1039,329,189,140,1199,639,560,75,36,39,1390,857,533,876,370,506,1440,810,630,715,639,76,232,227,5,431,369,62,0,0,0,52,43,9,725,171,554,30,27,3,689,141,548,0,0,0,6,3,3,724,170,554,30,27,3,688,140,548,0,0,0,6,3,3,1,1,0,0,0,0,1,1,0,0,0,0,0,0,0,826,417,409
29,564,0062,604422,0000,000000,KARNATAKA,Haveri,VILLAGE,Bannihatti,Rural,197,889,436,453,137,59,78,872,428,444,0,0,0,438,272,166,451,164,287,522,259,263,517,256,261,40,23,17,468,226,242,0,0,0,9,7,2,5,3,2,0,0,0,3,2,1,0,0,0,2,1,1,5,3,2,0,0,0,3,2,1,0,0,0,2,1,1,0,0,0,0,0,0,0,0,0,0,0,0,0,0,0,367,177,190
29,564,0062,604423,0000,000000,KARNATAKA,Haveri,VILLAGE,Veerapur,Rural,433,1963,1003,960,254,120,134,214,104,110,459,228,231,1283,729,554,680,274,406,1014,579,435,745,523,222,305,253,52,363,211,152,4,4,0,73,55,18,269,56,213,82,10,72,171,37,134,0,0,0,16,9,7,264,52,212,81,9,72,169,36,133,0,0,0,14,7,7,5,4,1,1,1,0,2,1,1,0,0,0,2,2,0,949,424,525
29,564,0062,604424,0000,000000,KARNATAKA,Haveri,VILLAGE,Masur,Rural,2236,10399,5332,5067,1221,603,618,399,224,175,532,276,256,7358,4099,3259,3041,1233,1808,4396,3223,1173,4049,3163,886,636,606,30,1843,1122,721,57,54,3,1513,1381,132,347,60,287,14,3,11,286,35,251,10,1,9,37,21,16,335,54,281,14,3,11,277,32,245,10,1,9,34,18,16,12,6,6,0,0,0,9,3,6,0,0,0,3,3,0,6003,2109,3894
29,564,0062,604425,0000,000000,KARNATAKA,Haveri,VILLAGE,Ramatirta,Rural,134,754,402,352,81,41,40,0,0,0,4,3,1,616,334,282,138,68,70,243,225,18,243,225,18,9,9,0,62,57,5,0,0,0,172,159,13,0,0,0,0,0,0,0,0,0,0,0,0,0,0,0,0,0,0,0,0,0,0,0,0,0,0,0,0,0,0,0,0,0,0,0,0,0,0,0,0,0,0,0,0,0,511,177,334
29,564,0062,604426,0000,000000,KARNATAKA,Haveri,VILLAGE,Khandibagur ,Rural,117,439,215,224,47,18,29,84,40,44,77,33,44,361,188,173,78,27,51,291,144,147,103,92,11,68,64,4,29,23,6,1,0,1,5,5,0,188,52,136,99,28,71,87,24,63,0,0,0,2,0,2,176,48,128,89,25,64,85,23,62,0,0,0,2,0,2,12,4,8,10,3,7,2,1,1,0,0,0,0,0,0,148,71,77
29,564,0062,604427,0000,000000,KARNATAKA,Haveri,VILLAGE,Tippaikoppa,Rural,265,1198,604,594,126,70,56,5,2,3,150,75,75,943,490,453,255,114,141,496,345,151,463,329,134,85,68,17,270,165,105,1,1,0,107,95,12,33,16,17,10,2,8,19,11,8,0,0,0,4,3,1,33,16,17,10,2,8,19,11,8,0,0,0,4,3,1,0,0,0,0,0,0,0,0,0,0,0,0,0,0,0,702,259,443
29,564,0062,604428,0000,000000,KARNATAKA,Haveri,VILLAGE,Bellur,Rural,46,218,108,110,36,19,17,218,108,110,0,0,0,109,63,46,109,45,64,131,67,64,131,67,64,2,1,1,125,64,61,0,0,0,4,2,2,0,0,0,0,0,0,0,0,0,0,0,0,0,0,0,0,0,0,0,0,0,0,0,0,0,0,0,0,0,0,0,0,0,0,0,0,0,0,0,0,0,0,0,0,0,87,41,46
29,564,0062,604429,0000,000000,KARNATAKA,Haveri,VILLAGE,Hireyadachi,Rural,165,791,399,392,68,33,35,58,30,28,367,176,191,525,320,205,266,79,187,313,259,54,256,246,10,178,178,0,56,48,8,14,14,0,8,6,2,57,13,44,8,3,5,48,9,39,0,0,0,1,1,0,52,9,43,7,2,5,45,7,38,0,0,0,0,0,0,5,4,1,1,1,0,3,2,1,0,0,0,1,1,0,478,140,338
29,564,0062,604430,0000,000000,KARNATAKA,Haveri,VILLAGE,Chikkayadachi,Rural,347,1570,810,760,149,71,78,505,252,253,126,65,61,1148,661,487,422,149,273,1037,546,491,440,397,43,244,235,9,169,141,28,3,3,0,24,18,6,597,149,448,121,6,115,455,125,330,8,8,0,13,10,3,581,137,444,121,6,115,445,119,326,3,3,0,12,9,3,16,12,4,0,0,0,10,6,4,5,5,0,1,1,0,533,264,269
29,564,0062,604431,0000,000000,KARNATAKA,Haveri,VILLAGE,Makari,Rural,649,2905,1521,1384,304,166,138,156,78,78,638,318,320,2011,1151,860,894,370,524,1562,958,604,1242,927,315,506,487,19,563,305,258,8,7,1,165,128,37,320,31,289,151,15,136,160,11,149,0,0,0,9,5,4,316,29,287,151,15,136,157,10,147,0,0,0,8,4,4,4,2,2,0,0,0,3,1,2,0,0,0,1,1,0,1343,563,780
29,564,0062,604432,0000,000000,KARNATAKA,Haveri,VILLAGE,Doddagubbi,Rural,339,1410,695,715,169,82,87,115,55,60,102,50,52,1076,567,509,334,128,206,871,465,406,816,458,358,392,308,84,372,105,267,2,2,0,50,43,7,55,7,48,32,5,27,22,1,21,1,1,0,0,0,0,53,7,46,32,5,27,20,1,19,1,1,0,0,0,0,2,0,2,0,0,0,2,0,2,0,0,0,0,0,0,539,230,309
29,564,0062,604433,0000,000000,KARNATAKA,Haveri,VILLAGE,Yadagod,Rural,301,1306,665,641,140,77,63,140,70,70,38,17,21,932,529,403,374,136,238,839,433,406,662,424,238,455,308,147,157,80,77,26,19,7,24,17,7,177,9,168,5,1,4,165,6,159,5,1,4,2,1,1,129,9,120,5,1,4,117,6,111,5,1,4,2,1,1,48,0,48,0,0,0,48,0,48,0,0,0,0,0,0,467,232,235
29,564,0062,604434,0000,000000,KARNATAKA,Haveri,VILLAGE,Badasangapur,Rural,81,366,186,180,31,17,14,13,7,6,222,115,107,307,165,142,59,21,38,169,109,60,109,87,22,41,39,2,59,42,17,0,0,0,9,6,3,60,22,38,25,7,18,35,15,20,0,0,0,0,0,0,59,22,37,24,7,17,35,15,20,0,0,0,0,0,0,1,0,1,1,0,1,0,0,0,0,0,0,0,0,0,197,77,120
29,564,0062,604435,0000,000000,KARNATAKA,Haveri,VILLAGE,Kudapali,Rural,858,3874,1968,1906,342,181,161,352,176,176,314,171,143,2867,1608,1259,1007,360,647,2059,1216,843,1974,1169,805,631,506,125,1172,526,646,25,21,4,146,116,30,85,47,38,19,17,2,48,14,34,2,2,0,16,14,2,81,43,38,18,16,2,48,14,34,2,2,0,13,11,2,4,4,0,1,1,0,0,0,0,0,0,0,3,3,0,1815,752,1063
29,564,0062,604436,0000,000000,KARNATAKA,Haveri,VILLAGE,Hiremadapur,Rural,225,1082,562,520,104,49,55,149,77,72,87,48,39,897,490,407,185,72,113,511,371,140,343,323,20,170,168,2,147,137,10,1,1,0,25,17,8,168,48,120,71,6,65,93,38,55,0,0,0,4,4,0,166,48,118,71,6,65,91,38,53,0,0,0,4,4,0,2,0,2,0,0,0,2,0,2,0,0,0,0,0,0,571,191,380
29,564,0062,604437,0000,000000,KARNATAKA,Haveri,VILLAGE,Sannagubbi,Rural,168,838,433,405,89,49,40,20,9,11,10,6,4,546,324,222,292,109,183,444,278,166,375,270,105,140,120,20,181,105,76,1,1,0,53,44,9,69,8,61,41,1,40,23,4,19,1,0,1,4,3,1,64,7,57,41,1,40,18,3,15,1,0,1,4,3,1,5,1,4,0,0,0,5,1,4,0,0,0,0,0,0,394,155,239
29,564,0062,604438,0000,000000,KARNATAKA,Haveri,VILLAGE,Rattihalli,Rural,2885,13674,7009,6665,1596,831,765,483,235,248,607,302,305,10925,5806,5119,2749,1203,1546,5127,3899,1228,4260,3321,939,549,499,50,1294,718,576,117,98,19,2300,2006,294,867,578,289,10,4,6,445,216,229,119,106,13,293,252,41,841,568,273,10,4,6,433,213,220,118,106,12,280,245,35,26,10,16,0,0,0,12,3,9,1,0,1,13,7,6,8547,3110,5437
29,564,0062,604439,0000,000000,KARNATAKA,Haveri,VILLAGE,Shiragambi,Rural,549,2560,1288,1272,236,120,116,128,63,65,187,93,94,1931,1099,832,629,189,440,1371,788,583,1170,771,399,547,485,62,537,219,318,19,17,2,67,50,17,201,17,184,5,3,2,178,4,174,0,0,0,18,10,8,190,13,177,5,3,2,178,4,174,0,0,0,7,6,1,11,4,7,0,0,0,0,0,0,0,0,0,11,4,7,1189,500,689
29,564,0062,604440,0000,000000,KARNATAKA,Haveri,VILLAGE,Ingalagondi,Rural,376,1714,848,866,162,75,87,154,72,82,162,85,77,1227,684,543,487,164,323,1092,575,517,652,531,121,298,289,9,259,171,88,10,9,1,85,62,23,440,44,396,12,10,2,275,20,255,6,2,4,147,12,135,428,43,385,12,10,2,275,20,255,6,2,4,135,11,124,12,1,11,0,0,0,0,0,0,0,0,0,12,1,11,622,273,349
29,564,0062,604441,0000,000000,KARNATAKA,Haveri,VILLAGE,Satagihalli,Rural,148,676,354,322,70,41,29,70,33,37,107,60,47,494,281,213,182,73,109,385,211,174,380,208,172,171,99,72,187,95,92,1,0,1,21,14,7,5,3,2,1,1,0,4,2,2,0,0,0,0,0,0,5,3,2,1,1,0,4,2,2,0,0,0,0,0,0,0,0,0,0,0,0,0,0,0,0,0,0,0,0,0,291,143,148
29,564,0062,604442,0000,000000,KARNATAKA,Haveri,VILLAGE,Hiremoraba,Rural,490,2334,1175,1159,256,123,133,164,79,85,56,30,26,1669,934,735,665,241,424,1261,774,487,1166,758,408,545,442,103,470,202,268,7,4,3,144,110,34,95,16,79,53,8,45,31,1,30,0,0,0,11,7,4,69,9,60,31,2,29,27,0,27,0,0,0,11,7,4,26,7,19,22,6,16,4,1,3,0,0,0,0,0,0,1073,401,672
29,564,0062,604443,0000,000000,KARNATAKA,Haveri,VILLAGE,Chikkamoraba,Rural,85,360,167,193,37,12,25,8,3,5,83,37,46,220,124,96,140,43,97,210,112,98,207,111,96,17,13,4,187,97,90,0,0,0,3,1,2,3,1,2,0,0,0,2,1,1,0,0,0,1,0,1,3,1,2,0,0,0,2,1,1,0,0,0,1,0,1,0,0,0,0,0,0,0,0,0,0,0,0,0,0,0,150,55,95
29,564,0062,604444,0000,000000,KARNATAKA,Haveri,VILLAGE,Chapparadahalli,Rural,232,1149,611,538,138,79,59,137,71,66,283,147,136,891,506,385,258,105,153,733,408,325,621,369,252,357,225,132,206,99,107,7,5,2,51,40,11,112,39,73,5,1,4,101,38,63,0,0,0,6,0,6,98,39,59,5,1,4,93,38,55,0,0,0,0,0,0,14,0,14,0,0,0,8,0,8,0,0,0,6,0,6,416,203,213
29,564,0062,604445,0000,000000,KARNATAKA,Haveri,VILLAGE,Yaliwal,Rural,206,1001,521,480,103,56,47,247,133,114,0,0,0,777,428,349,224,93,131,367,312,55,343,297,46,140,132,8,152,118,34,0,0,0,51,47,4,24,15,9,0,0,0,21,12,9,0,0,0,3,3,0,22,13,9,0,0,0,19,10,9,0,0,0,3,3,0,2,2,0,0,0,0,2,2,0,0,0,0,0,0,0,634,209,425
29,564,0062,604446,0000,000000,KARNATAKA,Haveri,VILLAGE,Malagi,Rural,64,291,152,139,36,15,21,0,0,0,4,2,2,178,103,75,113,49,64,135,100,35,135,100,35,50,47,3,67,38,29,0,0,0,18,15,3,0,0,0,0,0,0,0,0,0,0,0,0,0,0,0,0,0,0,0,0,0,0,0,0,0,0,0,0,0,0,0,0,0,0,0,0,0,0,0,0,0,0,0,0,0,156,52,104
29,564,0062,604447,0000,000000,KARNATAKA,Haveri,VILLAGE,Totaganti,Rural,130,601,319,282,60,35,25,0,0,0,95,48,47,449,261,188,152,58,94,374,213,161,173,156,17,128,122,6,38,29,9,0,0,0,7,5,2,201,57,144,182,48,134,18,8,10,0,0,0,1,1,0,201,57,144,182,48,134,18,8,10,0,0,0,1,1,0,0,0,0,0,0,0,0,0,0,0,0,0,0,0,0,227,106,121
29,564,0062,604448,0000,000000,KARNATAKA,Haveri,VILLAGE,Parvata Shidgeri,Rural,207,1060,541,519,150,77,73,332,175,157,12,6,6,815,436,379,245,105,140,657,347,310,227,205,22,93,87,6,85,73,12,0,0,0,49,45,4,430,142,288,37,12,25,349,100,249,0,0,0,44,30,14,409,133,276,22,5,17,344,98,246,0,0,0,43,30,13,21,9,12,15,7,8,5,2,3,0,0,0,1,0,1,403,194,209
29,564,0062,604449,0000,000000,KARNATAKA,Haveri,VILLAGE,Kanvishidgeri,Rural,351,1687,896,791,224,116,108,175,88,87,0,0,0,972,594,378,715,302,413,1054,562,492,360,344,16,310,306,4,32,24,8,3,3,0,15,11,4,694,218,476,14,12,2,645,183,462,12,5,7,23,18,5,544,166,378,13,11,2,506,141,365,12,5,7,13,9,4,150,52,98,1,1,0,139,42,97,0,0,0,10,9,1,633,334,299
29,564,0062,604450,0000,000000,KARNATAKA,Haveri,VILLAGE,Jokanala,Rural,43,259,137,122,30,17,13,9,5,4,101,52,49,206,114,92,53,23,30,185,98,87,37,36,1,24,24,0,10,10,0,0,0,0,3,2,1,148,62,86,6,4,2,142,58,84,0,0,0,0,0,0,148,62,86,6,4,2,142,58,84,0,0,0,0,0,0,0,0,0,0,0,0,0,0,0,0,0,0,0,0,0,74,39,35
29,564,0062,604451,0000,000000,KARNATAKA,Haveri,VILLAGE,Kadur,Rural,906,4103,2093,2010,437,229,208,441,226,215,755,377,378,2799,1568,1231,1304,525,779,2098,1313,785,1612,1217,395,577,523,54,857,553,304,2,2,0,176,139,37,486,96,390,25,5,20,439,76,363,2,0,2,20,15,5,479,93,386,25,5,20,436,74,362,2,0,2,16,14,2,7,3,4,0,0,0,3,2,1,0,0,0,4,1,3,2005,780,1225
29,564,0062,604452,0000,000000,KARNATAKA,Haveri,VILLAGE,Bullapur,Rural,480,2382,1211,1171,315,161,154,206,110,96,472,219,253,1530,875,655,852,336,516,1270,775,495,1114,761,353,316,273,43,684,409,275,8,5,3,106,74,32,156,14,142,2,2,0,153,12,141,0,0,0,1,0,1,152,14,138,2,2,0,149,12,137,0,0,0,1,0,1,4,0,4,0,0,0,4,0,4,0,0,0,0,0,0,1112,436,676
29,564,0062,604453,0000,000000,KARNATAKA,Haveri,VILLAGE,Kirageri,Rural,287,1258,658,600,112,60,52,83,44,39,102,53,49,898,518,380,360,140,220,791,449,342,444,398,46,262,258,4,94,79,15,16,6,10,72,55,17,347,51,296,16,14,2,321,33,288,1,0,1,9,4,5,319,50,269,16,14,2,293,32,261,1,0,1,9,4,5,28,1,27,0,0,0,28,1,27,0,0,0,0,0,0,467,209,258
29,564,0062,604454,0000,000000,KARNATAKA,Haveri,VILLAGE,Chatnalli,Rural,57,219,116,103,21,11,10,0,0,0,145,77,68,160,92,68,59,24,35,144,80,64,55,47,8,28,28,0,25,17,8,0,0,0,2,2,0,89,33,56,0,0,0,84,31,53,0,0,0,5,2,3,68,21,47,0,0,0,64,20,44,0,0,0,4,1,3,21,12,9,0,0,0,20,11,9,0,0,0,1,1,0,75,36,39
29,564,0062,604455,0000,000000,KARNATAKA,Haveri,VILLAGE,Puradakeri,Rural,216,974,506,468,102,52,50,15,9,6,38,20,18,714,413,301,260,93,167,513,313,200,309,281,28,246,237,9,43,29,14,0,0,0,20,15,5,204,32,172,6,3,3,158,15,143,24,7,17,16,7,9,198,31,167,5,3,2,157,15,142,24,7,17,12,6,6,6,1,5,1,0,1,1,0,1,0,0,0,4,1,3,461,193,268
29,564,0062,604456,0000,000000,KARNATAKA,Haveri,VILLAGE,Chikkabbar,Rural,654,3194,1639,1555,365,184,181,174,88,86,71,36,35,2148,1256,892,1046,383,663,2169,1153,1016,1569,984,585,728,516,212,506,287,219,18,17,1,317,164,153,600,169,431,287,54,233,236,83,153,3,1,2,74,31,43,530,125,405,265,44,221,190,50,140,3,1,2,72,30,42,70,44,26,22,10,12,46,33,13,0,0,0,2,1,1,1025,486,539
29,564,0062,604457,0000,000000,KARNATAKA,Haveri,VILLAGE,Hirekabbur,Rural,430,1910,982,928,159,81,78,501,252,249,123,60,63,1413,818,595,497,164,333,1007,604,403,750,493,257,293,245,48,427,225,202,1,1,0,29,22,7,257,111,146,14,7,7,242,104,138,0,0,0,1,0,1,255,110,145,14,7,7,240,103,137,0,0,0,1,0,1,2,1,1,0,0,0,2,1,1,0,0,0,0,0,0,903,378,525
29,564,0062,604458,0000,000000,KARNATAKA,Haveri,VILLAGE,Galaginakatti,Rural,74,335,175,160,35,18,17,5,2,3,171,89,82,239,134,105,96,41,55,201,109,92,196,109,87,73,47,26,119,62,57,1,0,1,3,0,3,5,0,5,0,0,0,3,0,3,0,0,0,2,0,2,5,0,5,0,0,0,3,0,3,0,0,0,2,0,2,0,0,0,0,0,0,0,0,0,0,0,0,0,0,0,134,66,68
29,564,0062,604459,0000,000000,KARNATAKA,Haveri,VILLAGE,Tadakanahalli,Rural,355,1417,723,694,132,73,59,341,170,171,130,58,72,1090,602,488,327,121,206,916,465,451,325,288,37,215,205,10,70,54,16,2,2,0,38,27,11,591,177,414,56,46,10,534,131,403,0,0,0,1,0,1,589,176,413,55,46,9,533,130,403,0,0,0,1,0,1,2,1,1,1,0,1,1,1,0,0,0,0,0,0,0,501,258,243
29,564,0062,604460,0000,000000,KARNATAKA,Haveri,VILLAGE,Halliyal,Rural,105,543,272,271,69,28,41,0,0,0,0,0,0,359,216,143,184,56,128,338,179,159,298,176,122,223,139,84,66,28,38,0,0,0,9,9,0,40,3,37,30,3,27,6,0,6,0,0,0,4,0,4,40,3,37,30,3,27,6,0,6,0,0,0,4,0,4,0,0,0,0,0,0,0,0,0,0,0,0,0,0,0,205,93,112
29,564,0062,604461,0000,000000,KARNATAKA,Haveri,VILLAGE,Kenchayikoppa,Rural,57,245,129,116,30,14,16,245,129,116,0,0,0,121,80,41,124,49,75,155,79,76,153,77,76,16,10,6,137,67,70,0,0,0,0,0,0,2,2,0,0,0,0,2,2,0,0,0,0,0,0,0,2,2,0,0,0,0,2,2,0,0,0,0,0,0,0,0,0,0,0,0,0,0,0,0,0,0,0,0,0,0,90,50,40
29,564,0062,604462,0000,000000,KARNATAKA,Haveri,VILLAGE,Medur,Rural,874,3900,1985,1915,427,221,206,259,139,120,1157,597,560,2798,1525,1273,1102,460,642,1937,1252,685,1797,1236,561,557,455,102,944,519,425,37,32,5,259,230,29,140,16,124,84,4,80,49,8,41,0,0,0,7,4,3,139,15,124,84,4,80,48,7,41,0,0,0,7,4,3,1,1,0,0,0,0,1,1,0,0,0,0,0,0,0,1963,733,1230
29,564,0062,604463,0000,000000,KARNATAKA,Haveri,VILLAGE,Angaragatti,Rural,237,1063,545,518,127,58,69,233,113,120,30,15,15,812,445,367,251,100,151,522,348,174,350,332,18,171,168,3,149,136,13,2,2,0,28,26,2,172,16,156,0,0,0,171,15,156,1,1,0,0,0,0,172,16,156,0,0,0,171,15,156,1,1,0,0,0,0,0,0,0,0,0,0,0,0,0,0,0,0,0,0,0,541,197,344
29,564,0062,604464,0000,000000,KARNATAKA,Haveri,VILLAGE,Yattinahalli-M-Masur,Rural,213,963,485,478,102,48,54,269,131,138,55,20,35,711,397,314,252,88,164,498,308,190,497,307,190,187,144,43,279,140,139,7,7,0,24,16,8,1,1,0,1,1,0,0,0,0,0,0,0,0,0,0,1,1,0,1,1,0,0,0,0,0,0,0,0,0,0,0,0,0,0,0,0,0,0,0,0,0,0,0,0,0,465,177,288
29,564,0062,604465,0000,000000,KARNATAKA,Haveri,VILLAGE,Kodamaggi,Rural,326,1624,833,791,172,73,99,171,91,80,47,21,26,1154,663,491,470,170,300,676,509,167,539,460,79,148,148,0,296,230,66,7,7,0,88,75,13,137,49,88,1,0,1,135,48,87,0,0,0,1,1,0,133,45,88,1,0,1,131,44,87,0,0,0,1,1,0,4,4,0,0,0,0,4,4,0,0,0,0,0,0,0,948,324,624
29,564,0062,604466,0000,000000,KARNATAKA,Haveri,VILLAGE,Gangaikoppa,Rural,159,807,428,379,83,40,43,312,162,150,10,7,3,581,353,228,226,75,151,347,278,69,346,277,69,99,93,6,244,182,62,1,1,0,2,1,1,1,1,0,0,0,0,1,1,0,0,0,0,0,0,0,1,1,0,0,0,0,1,1,0,0,0,0,0,0,0,0,0,0,0,0,0,0,0,0,0,0,0,0,0,0,460,150,310
29,564,0062,604467,0000,000000,KARNATAKA,Haveri,VILLAGE,Thirumalapura,Rural,0,0,0,0,0,0,0,0,0,0,0,0,0,0,0,0,0,0,0,0,0,0,0,0,0,0,0,0,0,0,0,0,0,0,0,0,0,0,0,0,0,0,0,0,0,0,0,0,0,0,0,0,0,0,0,0,0,0,0,0,0,0,0,0,0,0,0,0,0,0,0,0,0,0,0,0,0,0,0,0,0,0,0,0,0
29,564,0062,604468,0000,000000,KARNATAKA,Haveri,VILLAGE,Hosakatti,Rural,495,2172,1083,1089,228,106,122,213,99,114,735,353,382,1418,818,600,754,265,489,1102,679,423,879,650,229,585,458,127,202,110,92,3,3,0,89,79,10,223,29,194,7,3,4,214,25,189,0,0,0,2,1,1,192,9,183,1,0,1,189,8,181,0,0,0,2,1,1,31,20,11,6,3,3,25,17,8,0,0,0,0,0,0,1070,404,666
29,564,0062,604469,0000,000000,KARNATAKA,Haveri,VILLAGE,Nagawand,Rural,659,2975,1520,1455,329,161,168,455,240,215,598,297,301,2336,1270,1066,639,250,389,1593,969,624,930,717,213,276,236,40,510,356,154,38,35,3,106,90,16,663,252,411,113,14,99,510,208,302,2,2,0,38,28,10,656,249,407,112,14,98,505,206,299,2,2,0,37,27,10,7,3,4,1,0,1,5,2,3,0,0,0,1,1,0,1382,551,831
29,564,0062,604470,0000,000000,KARNATAKA,Haveri,VILLAGE,Maidur,Rural,66,319,166,153,33,19,14,44,21,23,11,6,5,236,138,98,83,28,55,194,101,93,133,91,42,70,68,2,62,22,40,0,0,0,1,1,0,61,10,51,3,1,2,58,9,49,0,0,0,0,0,0,55,9,46,2,0,2,53,9,44,0,0,0,0,0,0,6,1,5,1,1,0,5,0,5,0,0,0,0,0,0,125,65,60
29,564,0062,604471,0000,000000,KARNATAKA,Haveri,VILLAGE,Hallur,Rural,574,2861,1498,1363,286,143,143,217,109,108,199,104,95,2057,1188,869,804,310,494,1515,804,711,819,688,131,593,541,52,122,69,53,13,12,1,91,66,25,696,116,580,68,21,47,594,75,519,19,12,7,15,8,7,676,110,566,65,19,46,582,74,508,17,11,6,12,6,6,20,6,14,3,2,1,12,1,11,2,1,1,3,2,1,1346,694,652
29,564,0062,604472,0000,000000,KARNATAKA,Haveri,VILLAGE,Shankaranahalli,Rural,0,0,0,0,0,0,0,0,0,0,0,0,0,0,0,0,0,0,0,0,0,0,0,0,0,0,0,0,0,0,0,0,0,0,0,0,0,0,0,0,0,0,0,0,0,0,0,0,0,0,0,0,0,0,0,0,0,0,0,0,0,0,0,0,0,0,0,0,0,0,0,0,0,0,0,0,0,0,0,0,0,0,0,0,0
29,564,0062,604473,0000,000000,KARNATAKA,Haveri,VILLAGE,Kamalapur,Rural,351,1773,927,846,247,127,120,52,29,23,93,53,40,1127,694,433,646,233,413,1062,562,500,515,490,25,303,291,12,185,176,9,4,4,0,23,19,4,547,72,475,24,14,10,512,49,463,4,3,1,7,6,1,520,70,450,24,14,10,487,47,440,3,3,0,6,6,0,27,2,25,0,0,0,25,2,23,1,0,1,1,0,1,711,365,346
29,564,0062,604474,0000,000000,KARNATAKA,Haveri,VILLAGE,Anaji,Rural,554,2543,1308,1235,249,134,115,260,128,132,309,159,150,1806,1010,796,737,298,439,1471,873,598,898,726,172,296,286,10,521,373,148,3,3,0,78,64,14,573,147,426,23,3,20,517,130,387,4,1,3,29,13,16,558,140,418,22,3,19,504,123,381,4,1,3,28,13,15,15,7,8,1,0,1,13,7,6,0,0,0,1,0,1,1072,435,637
29,564,0062,604475,0000,000000,KARNATAKA,Haveri,VILLAGE,Guddadamadapur,Rural,445,2023,1046,977,203,96,107,134,68,66,110,56,54,1484,861,623,539,185,354,1205,710,495,949,697,252,656,528,128,262,145,117,4,4,0,27,20,7,256,13,243,12,5,7,240,5,235,2,2,0,2,1,1,255,13,242,12,5,7,239,5,234,2,2,0,2,1,1,1,0,1,0,0,0,1,0,1,0,0,0,0,0,0,818,336,482
29,564,0063,000000,0000,000000,KARNATAKA,Haveri,CD BLOCK,Ranibennur ,Total,47307,228875,117970,110905,26650,13799,12851,38606,19724,18882,24077,12267,11810,152209,86888,65321,76666,31082,45584,112376,71911,40465,92431,64554,27877,29494,24412,5082,38045,20292,17753,2564,1768,796,22328,18082,4246,19945,7357,12588,2014,531,1483,12429,4254,8175,1166,363,803,4336,2209,2127,18031,6454,11577,1780,439,1341,11826,4037,7789,1054,330,724,3371,1648,1723,1914,903,1011,234,92,142,603,217,386,112,33,79,965,561,404,116499,46059,70440
29,564,0063,000000,0000,000000,KARNATAKA,Haveri,CD BLOCK,Ranibennur ,Rural,44321,215549,111083,104466,25111,12995,12116,37489,19136,18353,22477,11439,11038,142270,81414,60856,73279,29669,43610,107511,67999,39512,88310,61129,27181,29397,24319,5078,37853,20178,17675,2525,1747,778,18535,14885,3650,19201,6870,12331,2010,529,1481,12403,4241,8162,1146,354,792,3642,1746,1896,17693,6198,11495,1776,437,1339,11805,4028,7777,1041,322,719,3071,1411,1660,1508,672,836,234,92,142,598,213,385,105,32,73,571,335,236,108038,43084,64954
29,564,0063,000000,0000,000000,KARNATAKA,Haveri,CD BLOCK,Ranibennur,Urban,2986,13326,6887,6439,1539,804,735,1117,588,529,1600,828,772,9939,5474,4465,3387,1413,1974,4865,3912,953,4121,3425,696,97,93,4,192,114,78,39,21,18,3793,3197,596,744,487,257,4,2,2,26,13,13,20,9,11,694,463,231,338,256,82,4,2,2,21,9,12,13,8,5,300,237,63,406,231,175,0,0,0,5,4,1,7,1,6,394,226,168,8461,2975,5486
29,564,0063,604476,0000,000000,KARNATAKA,Haveri,VILLAGE,Hanumapur,Rural,644,3174,1638,1536,433,218,215,724,370,354,83,44,39,1668,995,673,1506,643,863,1614,1017,597,1302,944,358,348,307,41,535,364,171,11,9,2,408,264,144,312,73,239,73,8,65,222,58,164,0,0,0,17,7,10,298,67,231,69,7,62,214,55,159,0,0,0,15,5,10,14,6,8,4,1,3,8,3,5,0,0,0,2,2,0,1560,621,939
29,564,0063,604477,0000,000000,KARNATAKA,Haveri,VILLAGE,Nukapur,Rural,294,1395,730,665,210,123,87,463,236,227,6,3,3,705,414,291,690,316,374,668,433,235,631,424,207,184,156,28,294,135,159,0,0,0,153,133,20,37,9,28,16,2,14,18,6,12,0,0,0,3,1,2,34,6,28,14,0,14,18,6,12,0,0,0,2,0,2,3,3,0,2,2,0,0,0,0,0,0,0,1,1,0,727,297,430
29,564,0063,604478,0000,000000,KARNATAKA,Haveri,VILLAGE,Choudayya Danapur,Rural,305,1330,673,657,170,79,91,85,42,43,4,3,1,837,492,345,493,181,312,570,424,146,189,173,16,122,120,2,20,15,5,0,0,0,47,38,9,381,251,130,14,11,3,318,208,110,1,1,0,48,31,17,350,231,119,12,10,2,307,199,108,1,1,0,30,21,9,31,20,11,2,1,1,11,9,2,0,0,0,18,10,8,760,249,511
29,564,0063,604479,0000,000000,KARNATAKA,Haveri,VILLAGE,Chandapur,Rural,190,763,388,375,80,38,42,33,14,19,73,34,39,560,310,250,203,78,125,516,266,250,353,236,117,187,173,14,128,39,89,6,1,5,32,23,9,163,30,133,3,1,2,133,21,112,13,0,13,14,8,6,120,24,96,3,1,2,96,17,79,10,0,10,11,6,5,43,6,37,0,0,0,37,4,33,3,0,3,3,2,1,247,122,125
29,564,0063,604480,0000,000000,KARNATAKA,Haveri,VILLAGE,Chikka Kuravatti,Rural,331,1581,827,754,198,109,89,123,60,63,31,14,17,1006,572,434,575,255,320,775,531,244,741,509,232,241,230,11,423,215,208,8,8,0,69,56,13,34,22,12,1,1,0,26,17,9,0,0,0,7,4,3,34,22,12,1,1,0,26,17,9,0,0,0,7,4,3,0,0,0,0,0,0,0,0,0,0,0,0,0,0,0,806,296,510
29,564,0063,604481,0000,000000,KARNATAKA,Haveri,VILLAGE,Ramapur,Rural,320,1597,796,801,236,128,108,1493,739,754,2,2,0,654,401,253,943,395,548,651,429,222,591,408,183,217,180,37,252,145,107,1,0,1,121,83,38,60,21,39,9,2,7,23,5,18,0,0,0,28,14,14,59,20,39,9,2,7,23,5,18,0,0,0,27,13,14,1,1,0,0,0,0,0,0,0,0,0,0,1,1,0,946,367,579
29,564,0063,604482,0000,000000,KARNATAKA,Haveri,VILLAGE,Chikka Aralahalli,Rural,260,1248,652,596,176,90,86,302,153,149,119,61,58,769,464,305,479,188,291,622,359,263,402,309,93,155,147,8,161,94,67,0,0,0,86,68,18,220,50,170,13,6,7,188,31,157,4,1,3,15,12,3,207,42,165,13,6,7,180,27,153,4,1,3,10,8,2,13,8,5,0,0,0,8,4,4,0,0,0,5,4,1,626,293,333
29,564,0063,604483,0000,000000,KARNATAKA,Haveri,VILLAGE,Haranagiri,Rural,723,3347,1725,1622,425,218,207,500,249,251,435,226,209,1959,1134,825,1388,591,797,1745,1065,680,1704,1048,656,373,306,67,1050,523,527,25,19,6,256,200,56,41,17,24,13,2,11,13,2,11,2,1,1,13,12,1,39,17,22,12,2,10,12,2,10,2,1,1,13,12,1,2,0,2,1,0,1,1,0,1,0,0,0,0,0,0,1602,660,942
29,564,0063,604484,0000,000000,KARNATAKA,Haveri,VILLAGE,Gudagur,Rural,434,1975,1036,939,221,123,98,667,356,311,403,206,197,1292,773,519,683,263,420,977,636,341,792,560,232,296,226,70,330,188,142,42,38,4,124,108,16,185,76,109,27,11,16,129,46,83,9,4,5,20,15,5,173,68,105,27,11,16,121,42,79,8,3,5,17,12,5,12,8,4,0,0,0,8,4,4,1,1,0,3,3,0,998,400,598
29,564,0063,604485,0000,000000,KARNATAKA,Haveri,VILLAGE,Maidur,Rural,248,1123,586,537,113,66,47,135,71,64,227,124,103,776,449,327,347,137,210,530,364,166,523,358,165,175,167,8,288,144,144,3,3,0,57,44,13,7,6,1,1,1,0,0,0,0,1,1,0,5,4,1,6,5,1,1,1,0,0,0,0,0,0,0,5,4,1,1,1,0,0,0,0,0,0,0,1,1,0,0,0,0,593,222,371
29,564,0063,604486,0000,000000,KARNATAKA,Haveri,VILLAGE,Kudrihal,Rural,430,2047,1095,952,230,118,112,137,78,59,400,212,188,1250,740,510,797,355,442,984,671,313,971,662,309,273,245,28,495,279,216,6,5,1,197,133,64,13,9,4,2,2,0,1,0,1,0,0,0,10,7,3,13,9,4,2,2,0,1,0,1,0,0,0,10,7,3,0,0,0,0,0,0,0,0,0,0,0,0,0,0,0,1063,424,639
29,564,0063,604487,0000,000000,KARNATAKA,Haveri,VILLAGE,Heeladahalli,Rural,320,1496,783,713,195,106,89,298,150,148,30,16,14,871,522,349,625,261,364,661,503,158,425,399,26,266,262,4,129,112,17,0,0,0,30,25,5,236,104,132,27,21,6,195,71,124,1,0,1,13,12,1,204,87,117,24,18,6,169,59,110,0,0,0,11,10,1,32,17,15,3,3,0,26,12,14,1,0,1,2,2,0,835,280,555
29,564,0063,604488,0000,000000,KARNATAKA,Haveri,VILLAGE,Belur,Rural,658,3319,1696,1623,397,201,196,666,333,333,561,277,284,2316,1323,993,1003,373,630,1574,1078,496,1003,830,173,396,345,51,456,357,99,7,7,0,144,121,23,571,248,323,15,8,7,514,211,303,4,1,3,38,28,10,533,229,304,11,7,4,490,201,289,1,0,1,31,21,10,38,19,19,4,1,3,24,10,14,3,1,2,7,7,0,1745,618,1127
29,564,0063,604489,0000,000000,KARNATAKA,Haveri,VILLAGE,Udagatti,Rural,309,1711,890,821,239,133,106,186,91,95,94,52,42,994,577,417,717,313,404,866,521,345,816,492,324,228,176,52,569,305,264,3,1,2,16,10,6,50,29,21,19,14,5,25,13,12,3,1,2,3,1,2,45,27,18,18,13,5,24,13,11,0,0,0,3,1,2,5,2,3,1,1,0,1,0,1,3,1,2,0,0,0,845,369,476
29,564,0063,604490,0000,000000,KARNATAKA,Haveri,VILLAGE,Ankasapur,Rural,331,1750,902,848,257,130,127,943,481,462,38,21,17,810,484,326,940,418,522,904,524,380,570,381,189,314,194,120,152,113,39,8,4,4,96,70,26,334,143,191,3,3,0,210,57,153,35,6,29,86,77,9,334,143,191,3,3,0,210,57,153,35,6,29,86,77,9,0,0,0,0,0,0,0,0,0,0,0,0,0,0,0,846,378,468
29,564,0063,604491,0000,000000,KARNATAKA,Haveri,VILLAGE,Bevinahalli,Rural,41,175,98,77,16,10,6,11,6,5,118,66,52,123,81,42,52,17,35,114,60,54,113,60,53,46,45,1,57,9,48,0,0,0,10,6,4,1,0,1,0,0,0,1,0,1,0,0,0,0,0,0,1,0,1,0,0,0,1,0,1,0,0,0,0,0,0,0,0,0,0,0,0,0,0,0,0,0,0,0,0,0,61,38,23
29,564,0063,604492,0000,000000,KARNATAKA,Haveri,VILLAGE,Channapur,Rural,83,410,212,198,69,41,28,410,212,198,0,0,0,232,131,101,178,81,97,218,111,107,217,110,107,51,49,2,145,44,101,0,0,0,21,17,4,1,1,0,0,0,0,0,0,0,0,0,0,1,1,0,1,1,0,0,0,0,0,0,0,0,0,0,1,1,0,0,0,0,0,0,0,0,0,0,0,0,0,0,0,0,192,101,91
29,564,0063,604493,0000,000000,KARNATAKA,Haveri,VILLAGE,Gangapur,Rural,378,1977,1058,919,231,119,112,80,49,31,180,86,94,1306,809,497,671,249,422,1053,616,437,1031,608,423,904,526,378,40,19,21,7,4,3,80,59,21,22,8,14,7,4,3,12,1,11,1,1,0,2,2,0,21,8,13,7,4,3,11,1,10,1,1,0,2,2,0,1,0,1,0,0,0,1,0,1,0,0,0,0,0,0,924,442,482
29,564,0063,604494,0000,000000,KARNATAKA,Haveri,VILLAGE,Medleri,Rural,1901,9762,5101,4661,1259,670,589,1383,723,660,413,206,207,6024,3444,2580,3738,1657,2081,4609,3085,1524,3577,2640,937,750,679,71,1193,770,423,736,397,339,898,794,104,1032,445,587,12,6,6,168,102,66,587,179,408,265,158,107,947,404,543,10,5,5,160,96,64,560,170,390,217,133,84,85,41,44,2,1,1,8,6,2,27,9,18,48,25,23,5153,2016,3137
29,564,0063,604495,0000,000000,KARNATAKA,Haveri,VILLAGE,Somlapur,Rural,198,1484,789,695,196,108,88,119,59,60,1,1,0,1051,613,438,433,176,257,533,487,46,528,483,45,16,15,1,457,423,34,8,7,1,47,38,9,5,4,1,0,0,0,2,2,0,1,0,1,2,2,0,4,3,1,0,0,0,2,2,0,1,0,1,1,1,0,1,1,0,0,0,0,0,0,0,0,0,0,1,1,0,951,302,649
29,564,0063,604496,0000,000000,KARNATAKA,Haveri,VILLAGE,Konanatambigi,Rural,197,1138,581,557,165,84,81,74,42,32,90,42,48,576,320,256,562,261,301,486,364,122,283,223,60,156,148,8,118,68,50,3,2,1,6,5,1,203,141,62,1,1,0,194,137,57,1,1,0,7,2,5,202,140,62,1,1,0,193,136,57,1,1,0,7,2,5,1,1,0,0,0,0,1,1,0,0,0,0,0,0,0,652,217,435
29,564,0063,604497,0000,000000,KARNATAKA,Haveri,VILLAGE,Hirebidari,Rural,847,4198,2177,2021,553,274,279,659,337,322,466,247,219,2652,1561,1091,1546,616,930,1931,1319,612,1664,1209,455,622,587,35,761,380,381,44,37,7,237,205,32,267,110,157,26,11,15,194,77,117,5,1,4,42,21,21,266,110,156,26,11,15,193,77,116,5,1,4,42,21,21,1,0,1,0,0,0,1,0,1,0,0,0,0,0,0,2267,858,1409
29,564,0063,604498,0000,000000,KARNATAKA,Haveri,VILLAGE,Yallapur T.Medleri,Rural,159,707,375,332,66,32,34,1,1,0,0,0,0,554,325,229,153,50,103,273,236,37,269,233,36,149,137,12,71,50,21,2,2,0,47,44,3,4,3,1,1,0,1,2,2,0,0,0,0,1,1,0,4,3,1,1,0,1,2,2,0,0,0,0,1,1,0,0,0,0,0,0,0,0,0,0,0,0,0,0,0,0,434,139,295
29,564,0063,604499,0000,000000,KARNATAKA,Haveri,VILLAGE,Aremallapur,Rural,1031,4785,2442,2343,539,276,263,202,96,106,126,60,66,3170,1758,1412,1615,684,931,2416,1513,903,1707,1227,480,521,460,61,888,527,361,28,20,8,270,220,50,709,286,423,58,28,30,554,207,347,10,1,9,87,50,37,639,260,379,49,26,23,516,191,325,8,1,7,66,42,24,70,26,44,9,2,7,38,16,22,2,0,2,21,8,13,2369,929,1440
29,564,0063,604500,0000,000000,KARNATAKA,Haveri,VILLAGE,Yakalasapur,Rural,175,938,495,443,122,57,65,1,1,0,585,306,279,584,360,224,354,135,219,442,284,158,436,284,152,93,86,7,256,127,129,0,0,0,87,71,16,6,0,6,0,0,0,5,0,5,0,0,0,1,0,1,6,0,6,0,0,0,5,0,5,0,0,0,1,0,1,0,0,0,0,0,0,0,0,0,0,0,0,0,0,0,496,211,285
29,564,0063,604501,0000,000000,KARNATAKA,Haveri,VILLAGE,Rahutana Katti,Rural,346,1774,938,836,283,159,124,211,113,98,333,168,165,955,548,407,819,390,429,1000,558,442,561,400,161,159,149,10,248,128,120,17,14,3,137,109,28,439,158,281,5,1,4,292,122,170,21,3,18,121,32,89,381,158,223,4,1,3,285,122,163,12,3,9,80,32,48,58,0,58,1,0,1,7,0,7,9,0,9,41,0,41,774,380,394
29,564,0063,604502,0000,000000,KARNATAKA,Haveri,VILLAGE,Airani,Rural,614,3355,1753,1602,463,248,215,558,269,289,179,104,75,2144,1242,902,1211,511,700,1659,1032,627,803,715,88,329,322,7,268,216,52,29,25,4,177,152,25,856,317,539,12,4,8,812,298,514,12,1,11,20,14,6,811,302,509,11,4,7,791,295,496,4,1,3,5,2,3,45,15,30,1,0,1,21,3,18,8,0,8,15,12,3,1696,721,975
29,564,0063,604503,0000,000000,KARNATAKA,Haveri,VILLAGE,Chalageri,Rural,1396,6771,3476,3295,666,328,338,853,438,415,789,396,393,4744,2688,2056,2027,788,1239,3367,2128,1239,2847,1867,980,970,618,352,867,471,396,9,5,4,1001,773,228,520,261,259,30,12,18,378,166,212,4,3,1,108,80,28,500,252,248,23,9,14,369,161,208,4,3,1,104,79,25,20,9,11,7,3,4,9,5,4,0,0,0,4,1,3,3404,1348,2056
29,564,0063,604504,0000,000000,KARNATAKA,Haveri,VILLAGE,Karur,Rural,1296,6328,3249,3079,709,368,341,367,176,191,692,356,336,4211,2376,1835,2117,873,1244,2969,2026,943,2404,1878,526,459,397,62,765,439,326,25,22,3,1155,1020,135,565,148,417,20,5,15,115,27,88,12,3,9,418,113,305,510,129,381,18,5,13,108,25,83,11,3,8,373,96,277,55,19,36,2,0,2,7,2,5,1,0,1,45,17,28,3359,1223,2136
29,564,0063,604505,0000,000000,KARNATAKA,Haveri,VILLAGE,Khanderayanahalli,Rural,145,758,396,362,97,54,43,372,187,185,0,0,0,452,285,167,306,111,195,429,223,206,283,214,69,115,107,8,90,50,40,2,1,1,76,56,20,146,9,137,1,1,0,4,0,4,0,0,0,141,8,133,144,8,136,1,1,0,4,0,4,0,0,0,139,7,132,2,1,1,0,0,0,0,0,0,0,0,0,2,1,1,329,173,156
29,564,0063,604506,0000,000000,KARNATAKA,Haveri,VILLAGE,Yennihosahalli,Rural,142,672,348,324,53,25,28,2,0,2,145,65,80,553,306,247,119,42,77,210,187,23,198,180,18,105,99,6,40,37,3,19,18,1,34,26,8,12,7,5,0,0,0,3,1,2,3,1,2,6,5,1,12,7,5,0,0,0,3,1,2,3,1,2,6,5,1,0,0,0,0,0,0,0,0,0,0,0,0,0,0,0,462,161,301
29,564,0063,604507,0000,000000,KARNATAKA,Haveri,VILLAGE,Waderayanahalli,Rural,153,788,425,363,101,63,38,35,20,15,18,10,8,601,339,262,187,86,101,494,265,229,282,215,67,174,170,4,77,19,58,4,3,1,27,23,4,212,50,162,6,3,3,135,8,127,4,3,1,67,36,31,211,50,161,6,3,3,135,8,127,4,3,1,66,36,30,1,0,1,0,0,0,0,0,0,0,0,0,1,0,1,294,160,134
29,564,0063,604508,0000,000000,KARNATAKA,Haveri,VILLAGE,Hulikatti,Rural,309,1565,817,748,200,105,95,270,141,129,0,0,0,1031,620,411,534,197,337,684,507,177,675,503,172,283,246,37,249,125,124,14,14,0,129,118,11,9,4,5,0,0,0,2,0,2,0,0,0,7,4,3,6,3,3,0,0,0,1,0,1,0,0,0,5,3,2,3,1,2,0,0,0,1,0,1,0,0,0,2,1,1,881,310,571
29,564,0063,604509,0000,000000,KARNATAKA,Haveri,VILLAGE,Nadiharalalli,Rural,443,2201,1138,1063,250,134,116,301,165,136,445,224,221,1408,804,604,793,334,459,906,694,212,879,673,206,257,246,11,481,319,162,11,11,0,130,97,33,27,21,6,7,7,0,17,12,5,1,0,1,2,2,0,22,18,4,6,6,0,13,10,3,1,0,1,2,2,0,5,3,2,1,1,0,4,2,2,0,0,0,0,0,0,1295,444,851
29,564,0063,604510,0000,000000,KARNATAKA,Haveri,VILLAGE,Kakol,Rural,1044,4998,2627,2371,597,315,282,482,264,218,227,120,107,3215,1900,1315,1783,727,1056,1947,1500,447,1860,1454,406,761,652,109,715,465,250,16,14,2,368,323,45,87,46,41,11,5,6,48,18,30,2,0,2,26,23,3,79,39,40,11,5,6,46,17,29,2,0,2,20,17,3,8,7,1,0,0,0,2,1,1,0,0,0,6,6,0,3051,1127,1924
29,564,0063,604511,0000,000000,KARNATAKA,Haveri,VILLAGE,Venkatapur,Rural,274,1513,770,743,238,121,117,1509,767,742,0,0,0,768,461,307,745,309,436,792,432,360,766,420,346,81,58,23,356,114,242,1,1,0,328,247,81,26,12,14,2,1,1,9,1,8,0,0,0,15,10,5,20,7,13,2,1,1,9,1,8,0,0,0,9,5,4,6,5,1,0,0,0,0,0,0,0,0,0,6,5,1,721,338,383
29,564,0063,604512,0000,000000,KARNATAKA,Haveri,VILLAGE,Kajjari,Rural,953,4702,2436,2266,520,272,248,986,516,470,976,502,474,3022,1738,1284,1680,698,982,1942,1277,665,1838,1238,600,489,390,99,546,181,365,70,61,9,733,606,127,104,39,65,3,2,1,56,4,52,11,9,2,34,24,10,95,36,59,3,2,1,50,4,46,11,9,2,31,21,10,9,3,6,0,0,0,6,0,6,0,0,0,3,3,0,2760,1159,1601
29,564,0063,604513,0000,000000,KARNATAKA,Haveri,VILLAGE,Shidaganahal,Rural,99,496,258,238,57,24,33,18,9,9,156,83,73,358,211,147,138,47,91,292,159,133,289,158,131,51,50,1,9,3,6,0,0,0,229,105,124,3,1,2,0,0,0,0,0,0,0,0,0,3,1,2,3,1,2,0,0,0,0,0,0,0,0,0,3,1,2,0,0,0,0,0,0,0,0,0,0,0,0,0,0,0,204,99,105
29,564,0063,604514,0000,000000,KARNATAKA,Haveri,VILLAGE,Guddaguddapur,Rural,988,4989,2576,2413,678,341,337,1160,580,580,203,102,101,2589,1544,1045,2400,1032,1368,2790,1428,1362,1763,1083,680,365,281,84,1047,598,449,16,13,3,335,191,144,1027,345,682,23,7,16,979,324,655,2,1,1,23,13,10,1023,343,680,23,7,16,975,322,653,2,1,1,23,13,10,4,2,2,0,0,0,4,2,2,0,0,0,0,0,0,2199,1148,1051
29,564,0063,604515,0000,000000,KARNATAKA,Haveri,VILLAGE,Yellapur T.Honnatti,Rural,380,1986,1037,949,224,114,110,451,225,226,169,88,81,1309,765,544,677,272,405,1038,636,402,900,610,290,239,184,55,472,265,207,22,20,2,167,141,26,138,26,112,46,6,40,87,16,71,2,2,0,3,2,1,110,23,87,34,4,30,71,15,56,2,2,0,3,2,1,28,3,25,12,2,10,16,1,15,0,0,0,0,0,0,948,401,547
29,564,0063,604516,0000,000000,KARNATAKA,Haveri,VILLAGE,Honnatti,Rural,633,2916,1497,1419,324,137,187,501,278,223,42,17,25,1941,1144,797,975,353,622,1298,891,407,1171,861,310,332,312,20,617,376,241,3,2,1,219,171,48,127,30,97,16,2,14,103,24,79,0,0,0,8,4,4,122,28,94,14,1,13,100,23,77,0,0,0,8,4,4,5,2,3,2,1,1,3,1,2,0,0,0,0,0,0,1618,606,1012
29,564,0063,604517,0000,000000,KARNATAKA,Haveri,VILLAGE,Yattinahalli,Rural,201,822,412,410,97,43,54,34,15,19,303,158,145,590,338,252,232,74,158,418,259,159,384,242,142,148,111,37,194,99,95,1,1,0,41,31,10,34,17,17,12,6,6,16,8,8,0,0,0,6,3,3,34,17,17,12,6,6,16,8,8,0,0,0,6,3,3,0,0,0,0,0,0,0,0,0,0,0,0,0,0,0,404,153,251
29,564,0063,604518,0000,000000,KARNATAKA,Haveri,VILLAGE,Kerimallapur,Rural,270,1115,555,560,100,49,51,204,99,105,44,25,19,764,423,341,351,132,219,494,351,143,472,341,131,174,154,20,253,153,100,10,7,3,35,27,8,22,10,12,2,1,1,17,8,9,0,0,0,3,1,2,21,10,11,2,1,1,17,8,9,0,0,0,2,1,1,1,0,1,0,0,0,0,0,0,0,0,0,1,0,1,621,204,417
29,564,0063,604519,0000,000000,KARNATAKA,Haveri,VILLAGE,Guddadanveri,Rural,312,1494,785,709,181,94,87,297,152,145,188,91,97,894,524,370,600,261,339,852,490,362,843,486,357,187,144,43,529,237,292,9,9,0,118,96,22,9,4,5,3,3,0,5,1,4,1,0,1,0,0,0,9,4,5,3,3,0,5,1,4,1,0,1,0,0,0,0,0,0,0,0,0,0,0,0,0,0,0,0,0,0,642,295,347
29,564,0063,604520,0000,000000,KARNATAKA,Haveri,VILLAGE,Hullatti,Rural,211,909,448,461,139,67,72,575,286,289,198,93,105,355,202,153,554,246,308,479,275,204,441,268,173,49,36,13,199,71,128,3,1,2,190,160,30,38,7,31,1,0,1,29,4,25,0,0,0,8,3,5,37,7,30,1,0,1,29,4,25,0,0,0,7,3,4,1,0,1,0,0,0,0,0,0,0,0,0,1,0,1,430,173,257
29,564,0063,604521,0000,000000,KARNATAKA,Haveri,VILLAGE,Kunabev,Rural,340,1573,793,780,176,92,84,345,179,166,53,27,26,1050,600,450,523,193,330,935,511,424,928,509,419,60,56,4,782,380,402,1,1,0,85,72,13,7,2,5,0,0,0,5,2,3,0,0,0,2,0,2,7,2,5,0,0,0,5,2,3,0,0,0,2,0,2,0,0,0,0,0,0,0,0,0,0,0,0,0,0,0,638,282,356
29,564,0063,604522,0000,000000,KARNATAKA,Haveri,VILLAGE,Asundi,Rural,818,3808,1963,1845,422,230,192,428,217,211,935,461,474,2498,1411,1087,1310,552,758,2091,1215,876,1818,1106,712,627,430,197,941,458,483,10,9,1,240,209,31,273,109,164,17,12,5,190,42,148,10,9,1,56,46,10,259,103,156,15,12,3,182,39,143,9,8,1,53,44,9,14,6,8,2,0,2,8,3,5,1,1,0,3,2,1,1717,748,969
29,564,0063,604523,0000,000000,KARNATAKA,Haveri,VILLAGE,Hulihalli,Rural,557,2547,1293,1254,328,163,165,389,196,193,7,5,2,1796,1011,785,751,282,469,1307,810,497,983,723,260,178,142,36,442,278,164,14,14,0,349,289,60,324,87,237,44,8,36,203,45,158,5,1,4,72,33,39,314,86,228,43,8,35,199,44,155,5,1,4,67,33,34,10,1,9,1,0,1,4,1,3,0,0,0,5,0,5,1240,483,757
29,564,0063,604524,0000,000000,KARNATAKA,Haveri,VILLAGE,Padmavathipur,Rural,415,2278,1162,1116,433,217,216,2268,1157,1111,0,0,0,1005,596,409,1273,566,707,1023,615,408,914,596,318,89,87,2,189,42,147,3,2,1,633,465,168,109,19,90,4,2,2,72,9,63,2,0,2,31,8,23,107,19,88,4,2,2,70,9,61,2,0,2,31,8,23,2,0,2,0,0,0,2,0,2,0,0,0,0,0,0,1255,547,708
29,564,0063,604525,0000,000000,KARNATAKA,Haveri,VILLAGE,Hunashikatti,Rural,194,1045,534,511,128,67,61,350,186,164,22,12,10,612,360,252,433,174,259,557,309,248,437,283,154,154,95,59,97,25,72,0,0,0,186,163,23,120,26,94,93,17,76,24,8,16,0,0,0,3,1,2,119,26,93,92,17,75,24,8,16,0,0,0,3,1,2,1,0,1,1,0,1,0,0,0,0,0,0,0,0,0,488,225,263
29,564,0063,604526,0000,000000,KARNATAKA,Haveri,VILLAGE,Shrinivasapur,Rural,581,3083,1508,1575,506,248,258,3028,1482,1546,0,0,0,1443,823,620,1640,685,955,1202,839,363,1105,802,303,33,28,5,90,26,64,1,0,1,981,748,233,97,37,60,1,0,1,3,2,1,1,1,0,92,34,58,87,37,50,1,0,1,3,2,1,1,1,0,82,34,48,10,0,10,0,0,0,0,0,0,0,0,0,10,0,10,1881,669,1212
29,564,0063,604527,0000,000000,KARNATAKA,Haveri,VILLAGE,Ranibennur (Rural),Rural,119,583,283,300,123,51,72,570,276,294,0,0,0,314,186,128,269,97,172,324,173,151,181,165,16,15,15,0,9,4,5,0,0,0,157,146,11,143,8,135,4,0,4,127,3,124,0,0,0,12,5,7,143,8,135,4,0,4,127,3,124,0,0,0,12,5,7,0,0,0,0,0,0,0,0,0,0,0,0,0,0,0,259,110,149
29,564,0063,604528,0000,000000,KARNATAKA,Haveri,VILLAGE,Yerekuppi,Rural,364,1649,826,823,152,80,72,344,173,171,55,28,27,1188,651,537,461,175,286,980,508,472,855,481,374,479,281,198,267,117,150,32,27,5,77,56,21,125,27,98,70,7,63,32,5,27,2,2,0,21,13,8,76,24,52,40,6,34,13,3,10,2,2,0,21,13,8,49,3,46,30,1,29,19,2,17,0,0,0,0,0,0,669,318,351
29,564,0063,604529,0000,000000,KARNATAKA,Haveri,VILLAGE,Laxmapur,Rural,33,155,79,76,16,6,10,0,0,0,0,0,0,114,66,48,41,13,28,88,43,45,66,28,38,44,17,27,2,1,1,12,7,5,8,3,5,22,15,7,2,1,1,0,0,0,0,0,0,20,14,6,22,15,7,2,1,1,0,0,0,0,0,0,20,14,6,0,0,0,0,0,0,0,0,0,0,0,0,0,0,0,67,36,31
29,564,0063,604530,0000,000000,KARNATAKA,Haveri,VILLAGE,Sarvanda,Rural,277,1255,654,601,133,72,61,226,117,109,381,200,181,906,529,377,349,125,224,875,462,413,820,451,369,84,63,21,723,376,347,2,2,0,11,10,1,55,11,44,2,2,0,48,7,41,1,0,1,4,2,2,52,10,42,2,2,0,48,7,41,1,0,1,1,1,0,3,1,2,0,0,0,0,0,0,0,0,0,3,1,2,380,192,188
29,564,0063,604531,0000,000000,KARNATAKA,Haveri,VILLAGE,Veerapur,Rural,63,266,134,132,27,13,14,136,65,71,5,2,3,193,109,84,73,25,48,181,89,92,177,89,88,1,1,0,174,87,87,0,0,0,2,1,1,4,0,4,1,0,1,3,0,3,0,0,0,0,0,0,4,0,4,1,0,1,3,0,3,0,0,0,0,0,0,0,0,0,0,0,0,0,0,0,0,0,0,0,0,0,85,45,40
29,564,0063,604532,0000,000000,KARNATAKA,Haveri,VILLAGE,Ukkund,Rural,479,2361,1199,1162,243,119,124,116,58,58,537,255,282,1658,974,684,703,225,478,1407,796,611,1345,778,567,251,199,52,988,497,491,9,6,3,97,76,21,62,18,44,2,1,1,60,17,43,0,0,0,0,0,0,14,4,10,1,1,0,13,3,10,0,0,0,0,0,0,48,14,34,1,0,1,47,14,33,0,0,0,0,0,0,954,403,551
29,564,0063,604533,0000,000000,KARNATAKA,Haveri,VILLAGE,Joisaraharalahalli,Rural,732,3675,1895,1780,398,209,189,400,195,205,304,159,145,2605,1447,1158,1070,448,622,2500,1316,1184,1544,1144,400,697,667,30,689,372,317,26,15,11,132,90,42,956,172,784,214,25,189,675,110,565,43,21,22,24,16,8,926,156,770,211,23,188,670,107,563,24,13,11,21,13,8,30,16,14,3,2,1,5,3,2,19,8,11,3,3,0,1175,579,596
29,564,0063,604534,0000,000000,KARNATAKA,Haveri,VILLAGE,Tirumaladevarakoppa,Rural,179,892,456,436,111,52,59,166,87,79,73,36,37,656,366,290,236,90,146,555,302,253,371,246,125,141,136,5,199,82,117,0,0,0,31,28,3,184,56,128,0,0,0,174,51,123,0,0,0,10,5,5,179,53,126,0,0,0,171,49,122,0,0,0,8,4,4,5,3,2,0,0,0,3,2,1,0,0,0,2,1,1,337,154,183
29,564,0063,604535,0000,000000,KARNATAKA,Haveri,VILLAGE,Benakanakond,Rural,791,3550,1838,1712,349,190,159,518,273,245,181,78,103,2506,1451,1055,1044,387,657,1684,1125,559,1612,1093,519,596,516,80,784,383,401,1,1,0,231,193,38,72,32,40,6,1,5,51,21,30,1,0,1,14,10,4,72,32,40,6,1,5,51,21,30,1,0,1,14,10,4,0,0,0,0,0,0,0,0,0,0,0,0,0,0,0,1866,713,1153
29,564,0063,604536,0000,000000,KARNATAKA,Haveri,VILLAGE,Sunakalbidari,Rural,668,3121,1517,1604,282,135,147,537,275,262,10,5,5,2302,1244,1058,819,273,546,1910,994,916,1592,850,742,989,572,417,402,124,278,22,13,9,179,141,38,318,144,174,20,6,14,281,122,159,9,9,0,8,7,1,316,142,174,20,6,14,281,122,159,9,9,0,6,5,1,2,2,0,0,0,0,0,0,0,0,0,0,2,2,0,1211,523,688
29,564,0063,604537,0000,000000,KARNATAKA,Haveri,VILLAGE,Guddadahosahalli,Rural,348,1638,832,806,157,78,79,152,74,78,103,56,47,1121,630,491,517,202,315,975,548,427,972,548,424,505,382,123,417,134,283,5,4,1,45,28,17,3,0,3,0,0,0,0,0,0,0,0,0,3,0,3,3,0,3,0,0,0,0,0,0,0,0,0,3,0,3,0,0,0,0,0,0,0,0,0,0,0,0,0,0,0,663,284,379
29,564,0063,604538,0000,000000,KARNATAKA,Haveri,VILLAGE,Guddadabevinahalli,Rural,204,1032,523,509,131,67,64,250,127,123,84,42,42,682,387,295,350,136,214,662,333,329,326,314,12,171,168,3,128,125,3,9,8,1,18,13,5,336,19,317,6,2,4,9,7,2,1,1,0,320,9,311,330,14,316,6,2,4,8,6,2,1,1,0,315,5,310,6,5,1,0,0,0,1,1,0,0,0,0,5,4,1,370,190,180
29,564,0063,604539,0000,000000,KARNATAKA,Haveri,VILLAGE,Hediyal,Rural,622,2777,1409,1368,327,159,168,226,109,117,489,240,249,2271,1204,1067,506,205,301,1683,883,800,614,578,36,368,362,6,166,148,18,11,11,0,69,57,12,1069,305,764,6,1,5,1046,295,751,1,1,0,16,8,8,1046,295,751,6,1,5,1026,286,740,1,1,0,13,7,6,23,10,13,0,0,0,20,9,11,0,0,0,3,1,2,1094,526,568
29,564,0063,604540,0000,000000,KARNATAKA,Haveri,VILLAGE,Magod,Rural,478,2340,1182,1158,250,126,124,358,169,189,233,119,114,1712,936,776,628,246,382,1136,708,428,1124,700,424,473,311,162,454,219,235,19,18,1,178,152,26,12,8,4,3,1,2,1,1,0,3,2,1,5,4,1,11,7,4,3,1,2,0,0,0,3,2,1,5,4,1,1,1,0,0,0,0,1,1,0,0,0,0,0,0,0,1204,474,730
29,564,0063,604541,0000,000000,KARNATAKA,Haveri,VILLAGE,Kamadod,Rural,615,2883,1513,1370,330,168,162,798,414,384,337,174,163,2095,1202,893,788,311,477,1152,870,282,1095,839,256,427,351,76,296,170,126,8,7,1,364,311,53,57,31,26,4,3,1,35,17,18,1,0,1,17,11,6,57,31,26,4,3,1,35,17,18,1,0,1,17,11,6,0,0,0,0,0,0,0,0,0,0,0,0,0,0,0,1731,643,1088
29,564,0063,604542,0000,000000,KARNATAKA,Haveri,VILLAGE,Devagondanakatti,Rural,171,785,416,369,65,32,33,63,29,34,96,47,49,598,348,250,187,68,119,491,301,190,430,291,139,163,114,49,192,113,79,1,0,1,74,64,10,61,10,51,33,2,31,20,4,16,0,0,0,8,4,4,41,9,32,19,2,17,15,3,12,0,0,0,7,4,3,20,1,19,14,0,14,5,1,4,0,0,0,1,0,1,294,115,179
29,564,0063,604543,0000,000000,KARNATAKA,Haveri,VILLAGE,Kusagur,Rural,345,1624,832,792,183,90,93,393,202,191,5,2,3,1105,642,463,519,190,329,922,523,399,744,502,242,332,266,66,317,164,153,15,6,9,80,66,14,178,21,157,3,2,1,58,16,42,114,2,112,3,1,2,174,21,153,3,2,1,58,16,42,110,2,108,3,1,2,4,0,4,0,0,0,0,0,0,4,0,4,0,0,0,702,309,393
29,564,0063,604544,0000,000000,KARNATAKA,Haveri,VILLAGE,Aladakatti,Rural,321,1542,806,736,174,83,91,215,114,101,193,107,86,1008,605,403,534,201,333,715,499,216,652,494,158,200,192,8,281,154,127,0,0,0,171,148,23,63,5,58,25,0,25,33,2,31,0,0,0,5,3,2,62,5,57,24,0,24,33,2,31,0,0,0,5,3,2,1,0,1,1,0,1,0,0,0,0,0,0,0,0,0,827,307,520
29,564,0063,604545,0000,000000,KARNATAKA,Haveri,VILLAGE,Haligeri,Rural,1553,7274,3731,3543,841,459,382,886,463,423,254,133,121,5177,2822,2355,2097,909,1188,3155,2229,926,2306,1698,608,435,392,43,724,407,317,105,44,61,1042,855,187,849,531,318,40,30,10,286,144,142,53,29,24,470,328,142,610,354,256,30,21,9,271,135,136,50,27,23,259,171,88,239,177,62,10,9,1,15,9,6,3,2,1,211,157,54,4119,1502,2617
29,564,0063,604546,0000,000000,KARNATAKA,Haveri,VILLAGE,Itagi,Rural,803,3981,2125,1856,405,218,187,264,150,114,351,197,154,3000,1722,1278,981,403,578,1906,1336,570,1806,1304,502,601,574,27,890,494,396,12,9,3,303,227,76,100,32,68,2,2,0,15,14,1,0,0,0,83,16,67,98,30,68,1,1,0,15,14,1,0,0,0,82,15,67,2,2,0,1,1,0,0,0,0,0,0,0,1,1,0,2075,789,1286
29,564,0063,604547,0000,000000,KARNATAKA,Haveri,VILLAGE,Taredahalli,Rural,122,556,276,280,53,32,21,69,31,38,114,60,54,399,220,179,157,56,101,336,172,164,312,170,142,174,100,74,111,49,62,7,4,3,20,17,3,24,2,22,21,0,21,0,0,0,1,1,0,2,1,1,24,2,22,21,0,21,0,0,0,1,1,0,2,1,1,0,0,0,0,0,0,0,0,0,0,0,0,0,0,0,220,104,116
29,564,0063,604548,0000,000000,KARNATAKA,Haveri,VILLAGE,Krishnapur,Rural,27,128,70,58,11,5,6,0,0,0,106,57,49,75,48,27,53,22,31,89,49,40,89,49,40,85,49,36,3,0,3,1,0,1,0,0,0,0,0,0,0,0,0,0,0,0,0,0,0,0,0,0,0,0,0,0,0,0,0,0,0,0,0,0,0,0,0,0,0,0,0,0,0,0,0,0,0,0,0,0,0,0,39,21,18
29,564,0063,604549,0000,000000,KARNATAKA,Haveri,VILLAGE,Mustur,Rural,197,1067,550,517,87,46,41,133,72,61,238,127,111,740,432,308,327,118,209,481,374,107,474,367,107,209,197,12,234,147,87,7,6,1,24,17,7,7,7,0,0,0,0,0,0,0,0,0,0,7,7,0,7,7,0,0,0,0,0,0,0,0,0,0,7,7,0,0,0,0,0,0,0,0,0,0,0,0,0,0,0,0,586,176,410
29,564,0063,604550,0000,000000,KARNATAKA,Haveri,VILLAGE,Manakur,Rural,363,1715,926,789,153,90,63,270,148,122,19,10,9,1203,720,483,512,206,306,1007,595,412,763,584,179,259,250,9,346,204,142,29,20,9,129,110,19,244,11,233,4,2,2,224,4,220,4,2,2,12,3,9,223,7,216,4,2,2,208,3,205,2,0,2,9,2,7,21,4,17,0,0,0,16,1,15,2,2,0,3,1,2,708,331,377
29,564,0063,604551,0000,000000,KARNATAKA,Haveri,VILLAGE,Antaravalli,Rural,563,2612,1332,1280,264,141,123,295,157,138,101,56,45,1792,1013,779,820,319,501,1515,828,687,720,493,227,334,272,62,248,116,132,5,4,1,133,101,32,795,335,460,29,11,18,738,315,423,16,1,15,12,8,4,776,330,446,25,10,15,729,314,415,15,1,14,7,5,2,19,5,14,4,1,3,9,1,8,1,0,1,5,3,2,1097,504,593
29,564,0063,604552,0000,000000,KARNATAKA,Haveri,VILLAGE,Nittur,Rural,349,1747,885,862,193,86,107,327,167,160,237,123,114,1210,681,529,537,204,333,887,551,336,839,509,330,338,237,101,399,183,216,4,4,0,98,85,13,48,42,6,3,3,0,10,6,4,0,0,0,35,33,2,47,42,5,3,3,0,10,6,4,0,0,0,34,33,1,1,0,1,0,0,0,0,0,0,0,0,0,1,0,1,860,334,526
29,564,0063,604553,0000,000000,KARNATAKA,Haveri,VILLAGE,Harogoppa,Rural,273,1355,684,671,146,79,67,201,105,96,371,187,184,908,517,391,447,167,280,723,410,313,707,406,301,232,161,71,402,184,218,1,1,0,72,60,12,16,4,12,1,0,1,12,3,9,1,0,1,2,1,1,13,3,10,0,0,0,12,3,9,1,0,1,0,0,0,3,1,2,1,0,1,0,0,0,0,0,0,2,1,1,632,274,358
29,564,0063,604554,0000,000000,KARNATAKA,Haveri,VILLAGE,Billahalli,Rural,473,2295,1170,1125,223,125,98,175,88,87,125,72,53,1791,977,814,504,193,311,1261,730,531,1244,722,522,471,443,28,646,172,474,8,8,0,119,99,20,17,8,9,1,0,1,8,4,4,3,3,0,5,1,4,17,8,9,1,0,1,8,4,4,3,3,0,5,1,4,0,0,0,0,0,0,0,0,0,0,0,0,0,0,0,1034,440,594
29,564,0063,604555,0000,000000,KARNATAKA,Haveri,VILLAGE,Danoagihalli (Dandigihalli),Rural,206,1002,509,493,114,67,47,119,51,68,102,46,56,752,403,349,250,106,144,648,347,301,639,345,294,259,235,24,359,93,266,0,0,0,21,17,4,9,2,7,3,1,2,3,0,3,1,0,1,2,1,1,9,2,7,3,1,2,3,0,3,1,0,1,2,1,1,0,0,0,0,0,0,0,0,0,0,0,0,0,0,0,354,162,192
29,564,0063,604556,0000,000000,KARNATAKA,Haveri,VILLAGE,Konanatali,Rural,224,1221,661,560,128,73,55,79,47,32,121,69,52,904,530,374,317,131,186,544,429,115,434,392,42,316,305,11,98,72,26,3,3,0,17,12,5,110,37,73,59,17,42,44,16,28,0,0,0,7,4,3,102,34,68,59,17,42,37,14,23,0,0,0,6,3,3,8,3,5,0,0,0,7,2,5,0,0,0,1,1,0,677,232,445
29,564,0063,604557,0000,000000,KARNATAKA,Haveri,VILLAGE,Godihal,Rural,92,494,263,231,60,36,24,0,0,0,0,0,0,304,182,122,190,81,109,297,161,136,297,161,136,124,68,56,145,77,68,0,0,0,28,16,12,0,0,0,0,0,0,0,0,0,0,0,0,0,0,0,0,0,0,0,0,0,0,0,0,0,0,0,0,0,0,0,0,0,0,0,0,0,0,0,0,0,0,0,0,0,197,102,95
29,564,0063,604558,0000,000000,KARNATAKA,Haveri,VILLAGE,Yalabadigi,Rural,36,158,90,68,7,4,3,0,0,0,0,0,0,105,67,38,53,23,30,102,60,42,102,60,42,48,32,16,49,25,24,0,0,0,5,3,2,0,0,0,0,0,0,0,0,0,0,0,0,0,0,0,0,0,0,0,0,0,0,0,0,0,0,0,0,0,0,0,0,0,0,0,0,0,0,0,0,0,0,0,0,0,56,30,26
29,564,0063,604559,0000,000000,KARNATAKA,Haveri,VILLAGE,Nandihalli,Rural,219,1143,594,549,122,63,59,216,104,112,18,7,11,832,474,358,311,120,191,633,394,239,578,374,204,228,168,60,261,130,131,3,2,1,86,74,12,55,20,35,33,8,25,13,6,7,1,0,1,8,6,2,50,16,34,31,7,24,13,6,7,1,0,1,5,3,2,5,4,1,2,1,1,0,0,0,0,0,0,3,3,0,510,200,310
29,564,0063,604560,0000,000000,KARNATAKA,Haveri,VILLAGE,Lingadalli,Rural,544,2809,1454,1355,303,156,147,142,72,70,277,147,130,1921,1105,816,888,349,539,1620,934,686,1359,873,486,638,519,119,477,140,337,15,13,2,229,201,28,261,61,200,116,22,94,123,24,99,5,3,2,17,12,5,243,56,187,114,22,92,108,19,89,4,3,1,17,12,5,18,5,13,2,0,2,15,5,10,1,0,1,0,0,0,1189,520,669
29,564,0063,604561,0000,000000,KARNATAKA,Haveri,VILLAGE,Holeanveri,Rural,285,1372,731,641,117,72,45,117,67,50,216,117,99,954,569,385,418,162,256,807,431,376,521,421,100,306,277,29,181,118,63,13,12,1,21,14,7,286,10,276,247,6,241,34,1,33,1,0,1,4,3,1,286,10,276,247,6,241,34,1,33,1,0,1,4,3,1,0,0,0,0,0,0,0,0,0,0,0,0,0,0,0,565,300,265
29,564,0063,604562,0000,000000,KARNATAKA,Haveri,VILLAGE,Malakanahalli,Rural,48,270,150,120,28,18,10,0,0,0,68,36,32,158,100,58,112,50,62,158,88,70,100,87,13,68,64,4,28,19,9,0,0,0,4,4,0,58,1,57,48,1,47,10,0,10,0,0,0,0,0,0,58,1,57,48,1,47,10,0,10,0,0,0,0,0,0,0,0,0,0,0,0,0,0,0,0,0,0,0,0,0,112,62,50
29,564,0063,604563,0000,000000,KARNATAKA,Haveri,VILLAGE,Hanumanahalli,Rural,182,818,430,388,78,39,39,1,1,0,320,165,155,594,347,247,224,83,141,388,273,115,199,187,12,132,132,0,17,15,2,0,0,0,50,40,10,189,86,103,6,3,3,159,63,96,0,0,0,24,20,4,156,77,79,6,3,3,127,55,72,0,0,0,23,19,4,33,9,24,0,0,0,32,8,24,0,0,0,1,1,0,430,157,273
29,564,0063,604564,0000,000000,KARNATAKA,Haveri,VILLAGE,Makanur,Rural,973,4891,2522,2369,555,302,253,446,232,214,229,105,124,3470,1954,1516,1421,568,853,2097,1460,637,1965,1400,565,706,645,61,883,432,451,34,30,4,342,293,49,132,60,72,26,9,17,74,29,45,12,9,3,20,13,7,128,58,70,26,9,17,73,29,44,12,9,3,17,11,6,4,2,2,0,0,0,1,0,1,0,0,0,3,2,1,2794,1062,1732
29,564,0063,604565,0000,000000,KARNATAKA,Haveri,VILLAGE,Nalawagal,Rural,459,1972,980,992,189,83,106,117,60,57,1352,675,677,1381,768,613,591,212,379,742,567,175,734,562,172,115,96,19,144,110,34,22,17,5,453,339,114,8,5,3,1,1,0,1,1,0,2,1,1,4,2,2,8,5,3,1,1,0,1,1,0,2,1,1,4,2,2,0,0,0,0,0,0,0,0,0,0,0,0,0,0,0,1230,413,817
29,564,0063,604566,0000,000000,KARNATAKA,Haveri,VILLAGE,Nagenahalli,Rural,385,1923,964,959,203,95,108,283,150,133,1038,501,537,1308,751,557,615,213,402,971,613,358,965,610,355,260,248,12,608,276,332,5,5,0,92,81,11,6,3,3,1,0,1,3,1,2,0,0,0,2,2,0,6,3,3,1,0,1,3,1,2,0,0,0,2,2,0,0,0,0,0,0,0,0,0,0,0,0,0,0,0,0,952,351,601
29,564,0063,604567,0000,000000,KARNATAKA,Haveri,VILLAGE,Mudenur,Rural,492,2274,1150,1124,277,149,128,289,147,142,89,49,40,1499,832,667,775,318,457,1130,713,417,1006,660,346,272,262,10,639,320,319,13,9,4,82,69,13,124,53,71,27,15,12,76,30,46,4,0,4,17,8,9,90,36,54,16,6,10,54,22,32,4,0,4,16,8,8,34,17,17,11,9,2,22,8,14,0,0,0,1,0,1,1144,437,707
29,564,0063,604568,0000,000000,KARNATAKA,Haveri,VILLAGE,Kotihal,Rural,485,2308,1190,1118,254,130,124,260,139,121,435,220,215,1525,859,666,783,331,452,1044,779,265,876,725,151,389,370,19,414,295,119,27,25,2,46,35,11,168,54,114,42,6,36,119,42,77,1,1,0,6,5,1,165,52,113,42,6,36,116,40,76,1,1,0,6,5,1,3,2,1,0,0,0,3,2,1,0,0,0,0,0,0,1264,411,853
29,564,0063,604569,0000,000000,KARNATAKA,Haveri,VILLAGE,Nitapalli,Rural,245,1097,573,524,115,62,53,13,4,9,219,114,105,785,460,325,312,113,199,368,350,18,358,342,16,284,282,2,61,49,12,5,5,0,8,6,2,10,8,2,4,4,0,0,0,0,0,0,0,6,4,2,9,8,1,4,4,0,0,0,0,0,0,0,5,4,1,1,0,1,0,0,0,0,0,0,0,0,0,1,0,1,729,223,506
29,564,0063,604570,0000,000000,KARNATAKA,Haveri,VILLAGE,Kuppelur,Rural,824,4140,2148,1992,438,235,203,664,357,307,480,241,239,2883,1645,1238,1257,503,754,2469,1368,1101,1703,1065,638,573,447,126,963,485,478,5,4,1,162,129,33,766,303,463,20,6,14,582,268,314,0,0,0,164,29,135,764,301,463,20,6,14,582,268,314,0,0,0,162,27,135,2,2,0,0,0,0,0,0,0,0,0,0,2,2,0,1671,780,891
29,564,0063,604571,0000,000000,KARNATAKA,Haveri,VILLAGE,Hiremaganur,Rural,213,996,480,516,94,36,58,80,43,37,154,69,85,672,365,307,324,115,209,632,325,307,602,317,285,261,153,108,314,150,164,2,0,2,25,14,11,30,8,22,1,0,1,20,7,13,2,0,2,7,1,6,28,8,20,1,0,1,20,7,13,1,0,1,6,1,5,2,0,2,0,0,0,0,0,0,1,0,1,1,0,1,364,155,209
29,564,0063,604572,0000,000000,KARNATAKA,Haveri,VILLAGE,Kooli,Rural,99,506,257,249,61,33,28,2,1,1,71,41,30,396,215,181,110,42,68,160,149,11,135,132,3,93,92,1,6,6,0,15,13,2,21,21,0,25,17,8,4,4,0,13,6,7,6,5,1,2,2,0,25,17,8,4,4,0,13,6,7,6,5,1,2,2,0,0,0,0,0,0,0,0,0,0,0,0,0,0,0,0,346,108,238
29,564,0063,604573,0000,000000,KARNATAKA,Haveri,VILLAGE,Chikkamaganur,Rural,292,1338,676,662,135,62,73,118,56,62,360,185,175,1045,584,461,293,92,201,756,411,345,664,400,264,372,230,142,232,124,108,10,8,2,50,38,12,92,11,81,19,0,19,67,9,58,3,1,2,3,1,2,92,11,81,19,0,19,67,9,58,3,1,2,3,1,2,0,0,0,0,0,0,0,0,0,0,0,0,0,0,0,582,265,317
29,564,0063,604574,0000,000000,KARNATAKA,Haveri,VILLAGE,Sannasangapur,Rural,103,459,228,231,40,17,23,11,5,6,3,2,1,284,170,114,175,58,117,180,147,33,124,113,11,116,108,8,0,0,0,2,2,0,6,3,3,56,34,22,2,2,0,48,27,21,1,1,0,5,4,1,10,6,4,2,2,0,3,0,3,0,0,0,5,4,1,46,28,18,0,0,0,45,27,18,1,1,0,0,0,0,279,81,198
29,564,0063,604575,0000,000000,KARNATAKA,Haveri,VILLAGE,Badabasapur,Rural,84,402,192,210,30,14,16,0,0,0,49,20,29,268,154,114,134,38,96,129,103,26,91,80,11,87,77,10,0,0,0,3,3,0,1,0,1,38,23,15,7,5,2,29,17,12,2,1,1,0,0,0,5,4,1,4,3,1,1,1,0,0,0,0,0,0,0,33,19,14,3,2,1,28,16,12,2,1,1,0,0,0,273,89,184
29,564,0063,604576,0000,000000,KARNATAKA,Haveri,VILLAGE,Malanaikanahalli,Rural,220,1053,531,522,116,54,62,42,24,18,345,167,178,673,388,285,380,143,237,408,335,73,404,333,71,120,120,0,180,125,55,3,2,1,101,86,15,4,2,2,1,0,1,1,0,1,0,0,0,2,2,0,3,1,2,1,0,1,1,0,1,0,0,0,1,1,0,1,1,0,0,0,0,0,0,0,0,0,0,1,1,0,645,196,449
29,564,0063,604577,0000,000000,KARNATAKA,Haveri,VILLAGE,Menashinahal,Rural,277,1353,713,640,150,76,74,237,128,109,197,101,96,892,541,351,461,172,289,839,501,338,526,343,183,142,137,5,314,149,165,1,1,0,69,56,13,313,158,155,131,64,67,86,40,46,6,1,5,90,53,37,166,88,78,40,19,21,56,30,26,6,1,5,64,38,26,147,70,77,91,45,46,30,10,20,0,0,0,26,15,11,514,212,302
29,564,0063,604578,0000,000000,KARNATAKA,Haveri,VILLAGE,Timmenahalli,Rural,127,599,303,296,56,25,31,16,6,10,13,6,7,455,256,199,144,47,97,258,200,58,230,184,46,153,138,15,51,31,20,2,2,0,24,13,11,28,16,12,1,1,0,12,8,4,0,0,0,15,7,8,26,14,12,1,1,0,12,8,4,0,0,0,13,5,8,2,2,0,0,0,0,0,0,0,0,0,0,2,2,0,341,103,238
29,564,0063,604579,0000,000000,KARNATAKA,Haveri,VILLAGE,Fattepur,Rural,108,535,285,250,58,28,30,5,4,1,437,232,205,349,216,133,186,69,117,240,160,80,151,128,23,40,39,1,87,71,16,1,1,0,23,17,6,89,32,57,0,0,0,86,29,57,1,1,0,2,2,0,89,32,57,0,0,0,86,29,57,1,1,0,2,2,0,0,0,0,0,0,0,0,0,0,0,0,0,0,0,0,295,125,170
29,564,0063,604580,0000,000000,KARNATAKA,Haveri,VILLAGE,Tumminakatti,Rural,1614,7499,3858,3641,769,415,354,427,219,208,174,92,82,5415,3003,2412,2084,855,1229,3327,2403,924,3041,2272,769,258,245,13,1003,609,394,730,531,199,1050,887,163,286,131,155,9,4,5,91,22,69,73,20,53,113,85,28,236,105,131,7,2,5,84,21,63,62,16,46,83,66,17,50,26,24,2,2,0,7,1,6,11,4,7,30,19,11,4172,1455,2717
29,564,0063,604581,0000,000000,KARNATAKA,Haveri,VILLAGE,Kusagatti,Rural,32,143,69,74,21,11,10,28,15,13,99,44,55,70,36,34,73,33,40,57,38,19,44,35,9,12,12,0,17,11,6,2,2,0,13,10,3,13,3,10,0,0,0,12,3,9,0,0,0,1,0,1,13,3,10,0,0,0,12,3,9,0,0,0,1,0,1,0,0,0,0,0,0,0,0,0,0,0,0,0,0,0,86,31,55
29,564,0063,604582,0000,000000,KARNATAKA,Haveri,TOWN,Kawalettu (CT),Urban,1411,6265,3283,2982,738,388,350,557,298,259,605,317,288,4683,2619,2064,1582,664,918,2383,1923,460,2297,1859,438,66,63,3,176,100,76,10,10,0,2045,1686,359,86,64,22,1,1,0,16,9,7,8,7,1,61,47,14,76,59,17,1,1,0,13,7,6,8,7,1,54,44,10,10,5,5,0,0,0,3,2,1,0,0,0,7,3,4,3882,1360,2522
29,564,0063,604583,0000,000000,KARNATAKA,Haveri,TOWN,Kodiyal (CT),Urban,1575,7061,3604,3457,801,416,385,560,290,270,995,511,484,5256,2855,2401,1805,749,1056,2482,1989,493,1824,1566,258,31,30,1,16,14,2,29,11,18,1748,1511,237,658,423,235,3,1,2,10,4,6,12,2,10,633,416,217,262,197,65,3,1,2,8,2,6,5,1,4,246,193,53,396,226,170,0,0,0,2,2,0,7,1,6,387,223,164,4579,1615,2964
