State/UTs_Code,District_Code,CD Block_Code,Town/Village_Code,Ward_Code,EB_Code,State/UTs_Name,District_Name,Level,Name,Total/Rural/Urban,No of Households,Total Population Person,Total Population Male,Total Population Female,Population in the age group 0-6 Person,Population in the age group 0-6 Male,Population in the age group 0-6 Female,Scheduled Castes population Person,Scheduled Castes population Male,Scheduled Castes population Female,Scheduled Tribes population Person,Scheduled Tribes population Male,Scheduled Tribes population Female,Literates Population Person,Literates Population Male,Literates Population Female,Illiterate Persons,Illiterate Male,Illiterate Female,Total Worker Population Person,Total Worker Population Male,Total Worker Population Female,Main Working Population Person,Main Working Population Male,Main Working Population Female,Main Cultivator Population Person,Main Cultivator Population Male,Main Cultivator Population Female,Main Agricultural Labourers Population Person,Main Agricultural Labourers Population Male,Main Agricultural Labourers Population Female,Main Household Industries Population Person,Main Household Industries Population Male,Main Household Industries Population Female,Main Other Workers Population Person,Main Other Workers Population Male,Main Other Workers Population Female,Marginal Worker Population Person,Marginal Worker Population Male,Marginal Worker Population Female,Marginal Cultivator Population Person,Marginal Cultivator Population Male,Marginal Cultivator Population Female,Marginal Agriculture Labourers Population Person,Marginal Agriculture Labourers Population Male,Marginal Agriculture Labourers Population Female,Marginal Household Industries Population Person,Marginal Household Industries Population Male,Marginal Household Industries Population Female,Marginal Other Workers Population Person,Marginal Other Workers Population Male,Marginal Other Workers Population Female,Marginal Worker Population 3_6 Person,Marginal Worker Population 3_6 Male,Marginal Worker Population 3_6 Female,Marginal Cultivator Population 3_6 Person,Marginal Cultivator Population 3_6 Male,Marginal Cultivator Population 3_6 Female,Marginal Agriculture Labourers Population 3_6 Person,Marginal Agriculture Labourers Population 3_6 Male,Marginal Agriculture Labourers Population 3_6 Female,Marginal Household Industries Population 3_6 Person,Marginal Household Industries Population 3_6 Male,Marginal Household Industries Population 3-6 Female,Marginal Other Workers Population Person 3_6 Person,Marginal Other Workers Population Person 3_6 Male,Marginal Other Workers Population Person 3_6 Female,Marginal Worker Population 0_3 Person,Marginal Worker Population 0_3 Male,Marginal Worker Population 0_3_Female,Marginal Cultivator Population 0_3 Person,Marginal Cultivator Population 0_3 Male,Marginal Cultivator Population 0_3_Female,Marginal Agriculture Labourers Population 0_3 Person,Marginal Agriculture Labourers Population 0_3 Male,Marginal Agriculture Labourers Population 0_3 Female,Marginal Household Industries Population 0_3 Person,Marginal Household Industries Population 0_3 Male,Marginal Household Industries Population 0_3 Female,Marginal Other Workers Population 0_3 Person,Marginal Other Workers Population 0_3 Male,Marginal Other Workers Population 0_3 Female,Non Working Population Person,Non Working Population Male,Non Working Population Female
29,559,0027,000000,0000,000000,KARNATAKA,Raichur,CD BLOCK,Lingsugur ,Total,54940,314021,158245,155776,50328,25915,24413,76106,38594,37512,62160,31105,31055,152056,93171,58885,161965,65074,96891,146937,84317,62620,109382,71861,37521,47696,37742,9954,35529,14333,21196,2627,1678,949,23530,18108,5422,37555,12456,25099,2770,1266,1504,25864,6427,19437,1154,466,688,7767,4297,3470,33284,10528,22756,2421,1112,1309,24519,6013,18506,996,392,604,5348,3011,2337,4271,1928,2343,349,154,195,1345,414,931,158,74,84,2419,1286,1133,167084,73928,93156
29,559,0027,000000,0000,000000,KARNATAKA,Raichur,CD BLOCK,Lingsugur ,Rural,52181,297743,150029,147714,48173,24827,23346,72732,36892,35840,60393,30227,30166,141990,87275,54715,155753,62754,92999,142257,80472,61785,105550,68621,36929,47542,37614,9928,35148,14093,21055,2576,1634,942,20284,15280,5004,36707,11851,24856,2753,1255,1498,25760,6371,19389,1093,416,677,7101,3809,3292,32677,10091,22586,2406,1102,1304,24439,5969,18470,965,370,595,4867,2650,2217,4030,1760,2270,347,153,194,1321,402,919,128,46,82,2234,1159,1075,155486,69557,85929
29,559,0027,000000,0000,000000,KARNATAKA,Raichur,CD BLOCK,Lingsugur ,Urban,2759,16278,8216,8062,2155,1088,1067,3374,1702,1672,1767,878,889,10066,5896,4170,6212,2320,3892,4680,3845,835,3832,3240,592,154,128,26,381,240,141,51,44,7,3246,2828,418,848,605,243,17,11,6,104,56,48,61,50,11,666,488,178,607,437,170,15,10,5,80,44,36,31,22,9,481,361,120,241,168,73,2,1,1,24,12,12,30,28,2,185,127,58,11598,4371,7227
29,559,0027,600344,0000,000000,KARNATAKA,Raichur,VILLAGE,Upanhal,Rural,107,514,258,256,82,47,35,9,6,3,100,47,53,318,192,126,196,66,130,267,135,132,250,134,116,138,89,49,25,3,22,12,3,9,75,39,36,17,1,16,0,0,0,14,0,14,1,0,1,2,1,1,17,1,16,0,0,0,14,0,14,1,0,1,2,1,1,0,0,0,0,0,0,0,0,0,0,0,0,0,0,0,247,123,124
29,559,0027,600345,0000,000000,KARNATAKA,Raichur,VILLAGE,Ankanhal,Rural,101,472,234,238,75,41,34,111,51,60,6,4,2,248,152,96,224,82,142,234,126,108,199,120,79,113,90,23,33,2,31,5,2,3,48,26,22,35,6,29,0,0,0,27,2,25,0,0,0,8,4,4,34,6,28,0,0,0,27,2,25,0,0,0,7,4,3,1,0,1,0,0,0,0,0,0,0,0,0,1,0,1,238,108,130
29,559,0027,600346,0000,000000,KARNATAKA,Raichur,VILLAGE,Tondihal,Rural,220,1270,625,645,205,97,108,93,40,53,33,19,14,463,291,172,807,334,473,1011,506,505,25,18,7,0,0,0,0,0,0,10,7,3,15,11,4,986,488,498,2,1,1,2,1,1,1,0,1,981,486,495,4,1,3,1,0,1,1,1,0,0,0,0,2,0,2,982,487,495,1,1,0,1,0,1,1,0,1,979,486,493,259,119,140
29,559,0027,600347,0000,000000,KARNATAKA,Raichur,VILLAGE,Mallapur,Rural,0,0,0,0,0,0,0,0,0,0,0,0,0,0,0,0,0,0,0,0,0,0,0,0,0,0,0,0,0,0,0,0,0,0,0,0,0,0,0,0,0,0,0,0,0,0,0,0,0,0,0,0,0,0,0,0,0,0,0,0,0,0,0,0,0,0,0,0,0,0,0,0,0,0,0,0,0,0,0,0,0,0,0,0,0
29,559,0027,600348,0000,000000,KARNATAKA,Raichur,VILLAGE,Halkawatgi,Rural,317,1718,835,883,293,147,146,483,224,259,19,10,9,875,543,332,843,292,551,892,431,461,152,140,12,76,71,5,15,13,2,13,12,1,48,44,4,740,291,449,217,162,55,290,48,242,108,20,88,125,61,64,740,291,449,217,162,55,290,48,242,108,20,88,125,61,64,0,0,0,0,0,0,0,0,0,0,0,0,0,0,0,826,404,422
29,559,0027,600349,0000,000000,KARNATAKA,Raichur,VILLAGE,Palgal Dinni,Rural,117,578,295,283,93,43,50,161,83,78,30,11,19,262,185,77,316,110,206,271,173,98,142,131,11,69,68,1,24,20,4,9,7,2,40,36,4,129,42,87,33,5,28,92,36,56,2,1,1,2,0,2,128,42,86,33,5,28,91,36,55,2,1,1,2,0,2,1,0,1,0,0,0,1,0,1,0,0,0,0,0,0,307,122,185
29,559,0027,600350,0000,000000,KARNATAKA,Raichur,VILLAGE,Tumbalgaddi,Rural,87,423,210,213,57,27,30,58,31,27,16,7,9,259,154,105,164,56,108,213,123,90,100,88,12,49,49,0,10,7,3,3,3,0,38,29,9,113,35,78,58,14,44,40,13,27,0,0,0,15,8,7,113,35,78,58,14,44,40,13,27,0,0,0,15,8,7,0,0,0,0,0,0,0,0,0,0,0,0,0,0,0,210,87,123
29,559,0027,600351,0000,000000,KARNATAKA,Raichur,VILLAGE,Rampur,Rural,99,531,253,278,62,29,33,131,67,64,0,0,0,328,184,144,203,69,134,229,139,90,167,131,36,58,57,1,72,44,28,0,0,0,37,30,7,62,8,54,6,1,5,52,3,49,0,0,0,4,4,0,61,7,54,6,1,5,52,3,49,0,0,0,3,3,0,1,1,0,0,0,0,0,0,0,0,0,0,1,1,0,302,114,188
29,559,0027,600352,0000,000000,KARNATAKA,Raichur,VILLAGE,Nagarhal,Rural,780,3880,1927,1953,513,278,235,904,473,431,182,89,93,2231,1316,915,1649,611,1038,1947,1029,918,659,527,132,192,184,8,122,66,56,22,15,7,323,262,61,1288,502,786,30,11,19,1114,408,706,36,21,15,108,62,46,1268,495,773,30,11,19,1098,403,695,32,19,13,108,62,46,20,7,13,0,0,0,16,5,11,4,2,2,0,0,0,1933,898,1035
29,559,0027,600353,0000,000000,KARNATAKA,Raichur,VILLAGE,Bhogapur,Rural,126,773,307,466,83,32,51,281,103,178,6,0,6,494,218,276,279,89,190,292,194,98,164,149,15,115,111,4,32,25,7,11,10,1,6,3,3,128,45,83,2,2,0,101,36,65,4,2,2,21,5,16,112,38,74,2,2,0,87,30,57,3,1,2,20,5,15,16,7,9,0,0,0,14,6,8,1,1,0,1,0,1,481,113,368
29,559,0027,600354,0000,000000,KARNATAKA,Raichur,VILLAGE,Baiyapur,Rural,239,1331,684,647,160,80,80,504,266,238,16,15,1,855,520,335,476,164,312,662,334,328,126,110,16,43,41,2,21,20,1,7,7,0,55,42,13,536,224,312,19,15,4,330,120,210,20,9,11,167,80,87,491,212,279,19,15,4,317,117,200,16,9,7,139,71,68,45,12,33,0,0,0,13,3,10,4,0,4,28,9,19,669,350,319
29,559,0027,600355,0000,000000,KARNATAKA,Raichur,VILLAGE,Khairwadgi,Rural,356,2044,1065,979,277,134,143,655,349,306,225,125,100,1137,732,405,907,333,574,1005,526,479,613,409,204,300,286,14,14,7,7,25,14,11,274,102,172,392,117,275,21,9,12,301,78,223,5,1,4,65,29,36,364,111,253,14,7,7,294,78,216,5,1,4,51,25,26,28,6,22,7,2,5,7,0,7,0,0,0,14,4,10,1039,539,500
29,559,0027,600356,0000,000000,KARNATAKA,Raichur,VILLAGE,Bandisunkapur,Rural,88,479,230,249,72,33,39,9,2,7,16,8,8,291,175,116,188,55,133,221,112,109,111,77,34,57,52,5,51,22,29,0,0,0,3,3,0,110,35,75,0,0,0,88,23,65,1,0,1,21,12,9,92,32,60,0,0,0,77,20,57,0,0,0,15,12,3,18,3,15,0,0,0,11,3,8,1,0,1,6,0,6,258,118,140
29,559,0027,600357,0000,000000,KARNATAKA,Raichur,VILLAGE,Bommanhal,Rural,200,1108,536,572,206,94,112,221,109,112,4,3,1,510,316,194,598,220,378,566,316,250,436,286,150,118,115,3,122,43,79,8,7,1,188,121,67,130,30,100,2,1,1,90,14,76,4,2,2,34,13,21,97,23,74,1,0,1,66,12,54,4,2,2,26,9,17,33,7,26,1,1,0,24,2,22,0,0,0,8,4,4,542,220,322
29,559,0027,600358,0000,000000,KARNATAKA,Raichur,VILLAGE,Sajjalagudda,Rural,181,1100,634,466,120,65,55,73,48,25,436,227,209,780,507,273,320,127,193,255,229,26,247,222,25,0,0,0,200,187,13,2,2,0,45,33,12,8,7,1,0,0,0,7,7,0,0,0,0,1,0,1,8,7,1,0,0,0,7,7,0,0,0,0,1,0,1,0,0,0,0,0,0,0,0,0,0,0,0,0,0,0,845,405,440
29,559,0027,600359,0000,000000,KARNATAKA,Raichur,VILLAGE,Komnur,Rural,157,779,368,411,110,55,55,79,30,49,111,51,60,475,288,187,304,80,224,440,203,237,202,165,37,141,132,9,20,2,18,0,0,0,41,31,10,238,38,200,105,13,92,119,18,101,1,0,1,13,7,6,237,38,199,104,13,91,119,18,101,1,0,1,13,7,6,1,0,1,1,0,1,0,0,0,0,0,0,0,0,0,339,165,174
29,559,0027,600360,0000,000000,KARNATAKA,Raichur,VILLAGE,Lukkihal(Big),Rural,108,646,314,332,98,46,52,339,161,178,0,0,0,311,198,113,335,116,219,181,172,9,169,164,5,137,134,3,19,19,0,1,0,1,12,11,1,12,8,4,0,0,0,9,5,4,0,0,0,3,3,0,4,4,0,0,0,0,1,1,0,0,0,0,3,3,0,8,4,4,0,0,0,8,4,4,0,0,0,0,0,0,465,142,323
29,559,0027,600361,0000,000000,KARNATAKA,Raichur,VILLAGE,Lukkihal(Small),Rural,187,921,465,456,120,64,56,182,98,84,5,1,4,412,262,150,509,203,306,318,240,78,230,197,33,123,118,5,27,12,15,1,1,0,79,66,13,88,43,45,4,1,3,48,13,35,0,0,0,36,29,7,45,28,17,3,1,2,19,6,13,0,0,0,23,21,2,43,15,28,1,0,1,29,7,22,0,0,0,13,8,5,603,225,378
29,559,0027,600362,0000,000000,KARNATAKA,Raichur,VILLAGE,Uppar Nandihal,Rural,224,1151,597,554,183,94,89,94,43,51,58,26,32,558,380,178,593,217,376,576,317,259,388,291,97,151,147,4,199,114,85,2,2,0,36,28,8,188,26,162,9,5,4,178,21,157,0,0,0,1,0,1,185,23,162,9,5,4,175,18,157,0,0,0,1,0,1,3,3,0,0,0,0,3,3,0,0,0,0,0,0,0,575,280,295
29,559,0027,600363,0000,000000,KARNATAKA,Raichur,VILLAGE,Killar Hatti,Rural,237,1413,680,733,207,100,107,490,247,243,0,0,0,607,375,232,806,305,501,470,372,98,388,322,66,199,188,11,129,86,43,0,0,0,60,48,12,82,50,32,3,2,1,68,40,28,0,0,0,11,8,3,81,50,31,3,2,1,67,40,27,0,0,0,11,8,3,1,0,1,0,0,0,1,0,1,0,0,0,0,0,0,943,308,635
29,559,0027,600364,0000,000000,KARNATAKA,Raichur,VILLAGE,Ashihal,Rural,419,2162,1072,1090,281,144,137,1775,882,893,150,72,78,1070,667,403,1092,405,687,811,519,292,570,383,187,312,222,90,130,53,77,4,1,3,124,107,17,241,136,105,23,16,7,46,24,22,3,2,1,169,94,75,224,128,96,23,16,7,45,24,21,3,2,1,153,86,67,17,8,9,0,0,0,1,0,1,0,0,0,16,8,8,1351,553,798
29,559,0027,600365,0000,000000,KARNATAKA,Raichur,VILLAGE,Advibhavi (Mudgal),Rural,253,1531,794,737,229,116,113,130,66,64,253,138,115,680,431,249,851,363,488,801,447,354,779,435,344,490,332,158,133,20,113,4,0,4,152,83,69,22,12,10,4,3,1,0,0,0,1,0,1,17,9,8,16,11,5,4,3,1,0,0,0,1,0,1,11,8,3,6,1,5,0,0,0,0,0,0,0,0,0,6,1,5,730,347,383
29,559,0027,600366,0000,000000,KARNATAKA,Raichur,VILLAGE,Kannapur Hatti,Rural,323,2250,1166,1084,291,137,154,791,396,395,117,80,37,1373,836,537,877,330,547,883,501,382,425,249,176,132,110,22,209,80,129,18,9,9,66,50,16,458,252,206,82,62,20,196,64,132,17,9,8,163,117,46,328,162,166,52,39,13,183,57,126,16,8,8,77,58,19,130,90,40,30,23,7,13,7,6,1,1,0,86,59,27,1367,665,702
29,559,0027,600367,0000,000000,KARNATAKA,Raichur,VILLAGE,Mudgal(Rural),Rural,317,2235,1194,1041,342,182,160,1271,671,600,21,14,7,899,574,325,1336,620,716,1012,536,476,899,503,396,226,169,57,9,1,8,558,282,276,106,51,55,113,33,80,8,6,2,76,16,60,3,2,1,26,9,17,106,28,78,6,5,1,76,16,60,0,0,0,24,7,17,7,5,2,2,1,1,0,0,0,3,2,1,2,2,0,1223,658,565
29,559,0027,600368,0000,000000,KARNATAKA,Raichur,VILLAGE,Jantapur,Rural,205,1150,562,588,141,67,74,262,117,145,0,0,0,462,265,197,688,297,391,415,307,108,205,183,22,48,47,1,124,110,14,3,2,1,30,24,6,210,124,86,36,24,12,137,76,61,18,13,5,19,11,8,182,111,71,36,24,12,115,67,48,15,12,3,16,8,8,28,13,15,0,0,0,22,9,13,3,1,2,3,3,0,735,255,480
29,559,0027,600369,0000,000000,KARNATAKA,Raichur,VILLAGE,Yerdihal(Khurd),Rural,130,703,365,338,81,43,38,76,45,31,29,14,15,402,251,151,301,114,187,397,206,191,358,190,168,145,135,10,202,48,154,0,0,0,11,7,4,39,16,23,5,3,2,20,4,16,3,2,1,11,7,4,29,10,19,3,1,2,15,2,13,3,2,1,8,5,3,10,6,4,2,2,0,5,2,3,0,0,0,3,2,1,306,159,147
29,559,0027,600370,0000,000000,KARNATAKA,Raichur,VILLAGE,Yerdihal(Big),Rural,165,887,466,421,129,66,63,355,191,164,54,25,29,380,239,141,507,227,280,497,263,234,459,254,205,194,185,9,205,32,173,1,1,0,59,36,23,38,9,29,0,0,0,17,3,14,1,0,1,20,6,14,38,9,29,0,0,0,17,3,14,1,0,1,20,6,14,0,0,0,0,0,0,0,0,0,0,0,0,0,0,0,390,203,187
29,559,0027,600371,0000,000000,KARNATAKA,Raichur,VILLAGE,Amdihal,Rural,525,2736,1403,1333,388,201,187,886,461,425,10,7,3,1329,845,484,1407,558,849,1452,782,670,778,639,139,277,268,9,226,144,82,36,23,13,239,204,35,674,143,531,7,4,3,590,107,483,27,11,16,50,21,29,664,140,524,7,4,3,585,106,479,22,9,13,50,21,29,10,3,7,0,0,0,5,1,4,5,2,3,0,0,0,1284,621,663
29,559,0027,600372,0000,000000,KARNATAKA,Raichur,VILLAGE,Bellihal,Rural,87,476,251,225,62,33,29,38,20,18,34,18,16,322,193,129,154,58,96,258,133,125,253,130,123,87,72,15,111,17,94,0,0,0,55,41,14,5,3,2,1,1,0,3,1,2,0,0,0,1,1,0,5,3,2,1,1,0,3,1,2,0,0,0,1,1,0,0,0,0,0,0,0,0,0,0,0,0,0,0,0,0,218,118,100
29,559,0027,600373,0000,000000,KARNATAKA,Raichur,VILLAGE,Kansavi,Rural,298,1778,919,859,311,183,128,395,208,187,83,38,45,818,513,305,960,406,554,789,479,310,580,415,165,212,208,4,229,91,138,7,6,1,132,110,22,209,64,145,2,1,1,124,31,93,11,3,8,72,29,43,189,53,136,2,1,1,119,28,91,10,3,7,58,21,37,20,11,9,0,0,0,5,3,2,1,0,1,14,8,6,989,440,549
29,559,0027,600374,0000,000000,KARNATAKA,Raichur,VILLAGE,Adapur,Rural,178,1022,509,513,141,75,66,228,108,120,126,66,60,662,374,288,360,135,225,537,284,253,530,283,247,189,177,12,280,54,226,1,1,0,60,51,9,7,1,6,1,1,0,5,0,5,0,0,0,1,0,1,7,1,6,1,1,0,5,0,5,0,0,0,1,0,1,0,0,0,0,0,0,0,0,0,0,0,0,0,0,0,485,225,260
29,559,0027,600375,0000,000000,KARNATAKA,Raichur,VILLAGE,Komlapur,Rural,140,951,490,461,135,78,57,59,30,29,79,42,37,495,307,188,456,183,273,411,277,134,172,155,17,98,96,2,30,25,5,0,0,0,44,34,10,239,122,117,3,1,2,215,101,114,0,0,0,21,20,1,239,122,117,3,1,2,215,101,114,0,0,0,21,20,1,0,0,0,0,0,0,0,0,0,0,0,0,0,0,0,540,213,327
29,559,0027,600376,0000,000000,KARNATAKA,Raichur,VILLAGE,Ramatnal,Rural,159,853,430,423,94,56,38,81,40,41,55,29,26,539,325,214,314,105,209,559,282,277,289,269,20,175,171,4,62,52,10,0,0,0,52,46,6,270,13,257,3,2,1,241,9,232,18,1,17,8,1,7,268,12,256,3,2,1,239,8,231,18,1,17,8,1,7,2,1,1,0,0,0,2,1,1,0,0,0,0,0,0,294,148,146
29,559,0027,600377,0000,000000,KARNATAKA,Raichur,VILLAGE,Byalihal,Rural,112,579,289,290,73,40,33,88,41,47,0,0,0,320,191,129,259,98,161,345,174,171,333,171,162,120,110,10,143,8,135,8,4,4,62,49,13,12,3,9,5,2,3,5,1,4,1,0,1,1,0,1,8,1,7,2,0,2,4,1,3,1,0,1,1,0,1,4,2,2,3,2,1,1,0,1,0,0,0,0,0,0,234,115,119
29,559,0027,600378,0000,000000,KARNATAKA,Raichur,VILLAGE,Wandali,Rural,114,548,276,272,63,32,31,97,48,49,86,39,47,288,178,110,260,98,162,338,177,161,262,166,96,196,135,61,61,29,32,0,0,0,5,2,3,76,11,65,69,11,58,7,0,7,0,0,0,0,0,0,7,0,7,6,0,6,1,0,1,0,0,0,0,0,0,69,11,58,63,11,52,6,0,6,0,0,0,0,0,0,210,99,111
29,559,0027,600379,0000,000000,KARNATAKA,Raichur,VILLAGE,Turadgi,Rural,112,710,364,346,101,64,37,118,59,59,133,71,62,385,234,151,325,130,195,356,206,150,350,202,148,299,173,126,23,8,15,4,4,0,24,17,7,6,4,2,4,2,2,1,1,0,0,0,0,1,1,0,6,4,2,4,2,2,1,1,0,0,0,0,1,1,0,0,0,0,0,0,0,0,0,0,0,0,0,0,0,0,354,158,196
29,559,0027,600380,0000,000000,KARNATAKA,Raichur,VILLAGE,Arya-Bhogapur,Rural,138,698,353,345,86,47,39,48,20,28,340,174,166,410,269,141,288,84,204,435,219,216,434,218,216,156,153,3,264,57,207,1,1,0,13,7,6,1,1,0,0,0,0,0,0,0,0,0,0,1,1,0,1,1,0,0,0,0,0,0,0,0,0,0,1,1,0,0,0,0,0,0,0,0,0,0,0,0,0,0,0,0,263,134,129
29,559,0027,600381,0000,000000,KARNATAKA,Raichur,VILLAGE,Hunoor,Rural,139,794,396,398,88,41,47,161,77,84,41,20,21,495,298,197,299,98,201,329,207,122,326,204,122,209,121,88,27,7,20,56,53,3,34,23,11,3,3,0,1,1,0,1,1,0,0,0,0,1,1,0,3,3,0,1,1,0,1,1,0,0,0,0,1,1,0,0,0,0,0,0,0,0,0,0,0,0,0,0,0,0,465,189,276
29,559,0027,600382,0000,000000,KARNATAKA,Raichur,VILLAGE,Makapur,Rural,132,766,383,383,124,60,64,22,12,10,158,78,80,387,250,137,379,133,246,224,203,21,170,159,11,131,130,1,5,5,0,4,4,0,30,20,10,54,44,10,0,0,0,54,44,10,0,0,0,0,0,0,54,44,10,0,0,0,54,44,10,0,0,0,0,0,0,0,0,0,0,0,0,0,0,0,0,0,0,0,0,0,542,180,362
29,559,0027,600383,0000,000000,KARNATAKA,Raichur,VILLAGE,Talekat,Rural,128,715,362,353,92,55,37,281,138,143,26,12,14,433,242,191,282,120,162,213,179,34,192,163,29,134,129,5,43,22,21,1,1,0,14,11,3,21,16,5,0,0,0,4,3,1,7,6,1,10,7,3,20,16,4,0,0,0,4,3,1,7,6,1,9,7,2,1,0,1,0,0,0,0,0,0,0,0,0,1,0,1,502,183,319
29,559,0027,600384,0000,000000,KARNATAKA,Raichur,VILLAGE,Marli,Rural,132,806,426,380,104,52,52,258,137,121,22,10,12,359,225,134,447,201,246,254,247,7,251,245,6,220,216,4,17,15,2,4,4,0,10,10,0,3,2,1,1,0,1,1,1,0,0,0,0,1,1,0,1,1,0,0,0,0,1,1,0,0,0,0,0,0,0,2,1,1,1,0,1,0,0,0,0,0,0,1,1,0,552,179,373
29,559,0027,600385,0000,000000,KARNATAKA,Raichur,VILLAGE,Bannigol,Rural,383,2249,1143,1106,353,189,164,401,207,194,44,21,23,1065,647,418,1184,496,688,742,621,121,503,449,54,335,322,13,31,15,16,11,11,0,126,101,25,239,172,67,8,5,3,43,11,32,3,2,1,185,154,31,195,150,45,7,4,3,21,8,13,2,2,0,165,136,29,44,22,22,1,1,0,22,3,19,1,0,1,20,18,2,1507,522,985
29,559,0027,600386,0000,000000,KARNATAKA,Raichur,VILLAGE,Piklihal,Rural,165,923,469,454,127,68,59,16,10,6,0,0,0,594,363,231,329,106,223,546,261,285,268,253,15,178,173,5,3,3,0,1,1,0,86,76,10,278,8,270,2,2,0,270,4,266,2,0,2,4,2,2,278,8,270,2,2,0,270,4,266,2,0,2,4,2,2,0,0,0,0,0,0,0,0,0,0,0,0,0,0,0,377,208,169
29,559,0027,600387,0000,000000,KARNATAKA,Raichur,VILLAGE,Ulimeshwar,Rural,179,940,476,464,135,81,54,59,30,29,100,50,50,453,285,168,487,191,296,576,292,284,536,276,260,167,152,15,343,111,232,8,5,3,18,8,10,40,16,24,7,5,2,23,6,17,2,1,1,8,4,4,40,16,24,7,5,2,23,6,17,2,1,1,8,4,4,0,0,0,0,0,0,0,0,0,0,0,0,0,0,0,364,184,180
29,559,0027,600388,0000,000000,KARNATAKA,Raichur,VILLAGE,Vyakarnhal,Rural,266,1456,746,710,232,119,113,242,133,109,217,102,115,765,500,265,691,246,445,872,462,410,871,461,410,268,266,2,510,124,386,28,19,9,65,52,13,1,1,0,0,0,0,0,0,0,0,0,0,1,1,0,1,1,0,0,0,0,0,0,0,0,0,0,1,1,0,0,0,0,0,0,0,0,0,0,0,0,0,0,0,0,584,284,300
29,559,0027,600389,0000,000000,KARNATAKA,Raichur,VILLAGE,Nagalapur,Rural,388,2199,1144,1055,316,160,156,457,248,209,201,91,110,1106,707,399,1093,437,656,1068,637,431,965,596,369,628,402,226,159,52,107,4,4,0,174,138,36,103,41,62,32,1,31,29,6,23,0,0,0,42,34,8,99,39,60,31,1,30,26,4,22,0,0,0,42,34,8,4,2,2,1,0,1,3,2,1,0,0,0,0,0,0,1131,507,624
29,559,0027,600390,0000,000000,KARNATAKA,Raichur,VILLAGE,Heggapur,Rural,81,423,238,185,63,45,18,312,180,132,77,41,36,201,131,70,222,107,115,241,132,109,226,124,102,144,118,26,73,1,72,0,0,0,9,5,4,15,8,7,2,1,1,11,6,5,0,0,0,2,1,1,15,8,7,2,1,1,11,6,5,0,0,0,2,1,1,0,0,0,0,0,0,0,0,0,0,0,0,0,0,0,182,106,76
29,559,0027,600391,0000,000000,KARNATAKA,Raichur,VILLAGE,Chattar,Rural,356,2048,1036,1012,380,197,183,1152,596,556,394,193,201,910,569,341,1138,467,671,1073,543,530,1019,518,501,774,395,379,211,99,112,1,0,1,33,24,9,54,25,29,13,5,8,32,14,18,0,0,0,9,6,3,54,25,29,13,5,8,32,14,18,0,0,0,9,6,3,0,0,0,0,0,0,0,0,0,0,0,0,0,0,0,975,493,482
29,559,0027,600392,0000,000000,KARNATAKA,Raichur,VILLAGE,Todki,Rural,113,756,406,350,137,74,63,266,146,120,385,201,184,348,233,115,408,173,235,432,241,191,432,241,191,250,170,80,174,68,106,1,1,0,7,2,5,0,0,0,0,0,0,0,0,0,0,0,0,0,0,0,0,0,0,0,0,0,0,0,0,0,0,0,0,0,0,0,0,0,0,0,0,0,0,0,0,0,0,0,0,0,324,165,159
29,559,0027,600393,0000,000000,KARNATAKA,Raichur,VILLAGE,Kumarkhed,Rural,207,1185,606,579,239,134,105,20,8,12,894,456,438,483,303,180,702,303,399,663,340,323,576,312,264,498,272,226,56,26,30,5,1,4,17,13,4,87,28,59,2,0,2,70,24,46,12,3,9,3,1,2,86,28,58,2,0,2,70,24,46,11,3,8,3,1,2,1,0,1,0,0,0,0,0,0,1,0,1,0,0,0,522,266,256
29,559,0027,600394,0000,000000,KARNATAKA,Raichur,VILLAGE,Nowli,Rural,139,782,408,374,96,55,41,163,77,86,48,21,27,491,310,181,291,98,193,402,232,170,400,231,169,106,77,29,199,72,127,12,10,2,83,72,11,2,1,1,0,0,0,1,0,1,0,0,0,1,1,0,2,1,1,0,0,0,1,0,1,0,0,0,1,1,0,0,0,0,0,0,0,0,0,0,0,0,0,0,0,0,380,176,204
29,559,0027,600395,0000,000000,KARNATAKA,Raichur,VILLAGE,Kamaldinni,Rural,182,1009,502,507,119,52,67,125,69,56,32,16,16,535,352,183,474,150,324,547,289,258,400,262,138,207,119,88,66,32,34,4,3,1,123,108,15,147,27,120,9,2,7,112,6,106,0,0,0,26,19,7,132,27,105,6,2,4,101,6,95,0,0,0,25,19,6,15,0,15,3,0,3,11,0,11,0,0,0,1,0,1,462,213,249
29,559,0027,600396,0000,000000,KARNATAKA,Raichur,VILLAGE,Chittapur,Rural,430,2094,1068,1026,350,181,169,712,381,331,125,58,67,1042,676,366,1052,392,660,1122,605,517,875,548,327,296,250,46,398,164,234,43,23,20,138,111,27,247,57,190,9,7,2,107,24,83,100,6,94,31,20,11,242,55,187,8,6,2,106,24,82,99,6,93,29,19,10,5,2,3,1,1,0,1,0,1,1,0,1,2,1,1,972,463,509
29,559,0027,600397,0000,000000,KARNATAKA,Raichur,VILLAGE,Jawoor(Small),Rural,52,243,114,129,40,18,22,83,37,46,6,2,4,131,73,58,112,41,71,113,61,52,100,56,44,19,19,0,47,15,32,2,1,1,32,21,11,13,5,8,1,1,0,8,1,7,0,0,0,4,3,1,12,5,7,1,1,0,7,1,6,0,0,0,4,3,1,1,0,1,0,0,0,1,0,1,0,0,0,0,0,0,130,53,77
29,559,0027,600398,0000,000000,KARNATAKA,Raichur,VILLAGE,Jawoor(Big),Rural,192,996,524,472,160,94,66,129,73,56,68,34,34,618,365,253,378,159,219,424,273,151,334,262,72,76,75,1,70,27,43,1,1,0,187,159,28,90,11,79,1,1,0,59,4,55,0,0,0,30,6,24,68,10,58,1,1,0,49,4,45,0,0,0,18,5,13,22,1,21,0,0,0,10,0,10,0,0,0,12,1,11,572,251,321
29,559,0027,600399,0000,000000,KARNATAKA,Raichur,VILLAGE,Roudal Banda,Rural,373,1941,941,1000,314,158,156,394,190,204,73,38,35,1111,665,446,830,276,554,891,490,401,849,475,374,202,156,46,360,84,276,25,20,5,262,215,47,42,15,27,0,0,0,24,7,17,5,0,5,13,8,5,36,14,22,0,0,0,23,7,16,5,0,5,8,7,1,6,1,5,0,0,0,1,0,1,0,0,0,5,1,4,1050,451,599
29,559,0027,600400,0000,000000,KARNATAKA,Raichur,VILLAGE,Jungi-Rampur,Rural,164,987,515,472,198,110,88,900,467,433,1,1,0,526,331,195,461,184,277,258,237,21,174,163,11,100,99,1,0,0,0,3,3,0,71,61,10,84,74,10,78,69,9,0,0,0,0,0,0,6,5,1,81,72,9,76,68,8,0,0,0,0,0,0,5,4,1,3,2,1,2,1,1,0,0,0,0,0,0,1,1,0,729,278,451
29,559,0027,600401,0000,000000,KARNATAKA,Raichur,VILLAGE,Upperi (Small),Rural,184,1018,520,498,168,96,72,149,71,78,108,57,51,479,303,176,539,217,322,636,309,327,630,306,324,308,176,132,218,46,172,10,6,4,94,78,16,6,3,3,0,0,0,4,2,2,1,0,1,1,1,0,6,3,3,0,0,0,4,2,2,1,0,1,1,1,0,0,0,0,0,0,0,0,0,0,0,0,0,0,0,0,382,211,171
29,559,0027,600402,0000,000000,KARNATAKA,Raichur,VILLAGE,Sunkal,Rural,212,1139,567,572,200,99,101,114,59,55,252,122,130,388,275,113,751,292,459,671,322,349,165,156,9,150,143,7,1,1,0,0,0,0,14,12,2,506,166,340,2,1,1,494,159,335,3,1,2,7,5,2,421,144,277,2,1,1,412,138,274,1,0,1,6,5,1,85,22,63,0,0,0,82,21,61,2,1,1,1,0,1,468,245,223
29,559,0027,600403,0000,000000,KARNATAKA,Raichur,VILLAGE,Halbhavi,Rural,550,3025,1481,1544,525,262,263,1108,572,536,1629,777,852,1109,724,385,1916,757,1159,1610,783,827,688,598,90,529,511,18,97,38,59,2,2,0,60,47,13,922,185,737,28,13,15,886,167,719,4,3,1,4,2,2,914,182,732,26,12,14,880,165,715,4,3,1,4,2,2,8,3,5,2,1,1,6,2,4,0,0,0,0,0,0,1415,698,717
29,559,0027,600404,0000,000000,KARNATAKA,Raichur,VILLAGE,Gorebal,Rural,479,2755,1435,1320,503,270,233,1779,926,853,154,86,68,888,625,263,1867,810,1057,1256,617,639,1208,603,605,839,446,393,345,140,205,2,2,0,22,15,7,48,14,34,7,3,4,32,8,24,3,1,2,6,2,4,46,12,34,6,2,4,32,8,24,2,0,2,6,2,4,2,2,0,1,1,0,0,0,0,1,1,0,0,0,0,1499,818,681
29,559,0027,600405,0000,000000,KARNATAKA,Raichur,VILLAGE,Yargunti,Rural,138,761,359,402,123,53,70,52,24,28,305,142,163,358,207,151,403,152,251,453,204,249,453,204,249,196,194,2,256,9,247,0,0,0,1,1,0,0,0,0,0,0,0,0,0,0,0,0,0,0,0,0,0,0,0,0,0,0,0,0,0,0,0,0,0,0,0,0,0,0,0,0,0,0,0,0,0,0,0,0,0,0,308,155,153
29,559,0027,600406,0000,000000,KARNATAKA,Raichur,VILLAGE,Upperi(Big),Rural,125,814,409,405,141,67,74,73,31,42,548,272,276,421,266,155,393,143,250,403,218,185,325,208,117,226,129,97,3,2,1,12,9,3,84,68,16,78,10,68,37,3,34,35,5,30,5,1,4,1,1,0,78,10,68,37,3,34,35,5,30,5,1,4,1,1,0,0,0,0,0,0,0,0,0,0,0,0,0,0,0,0,411,191,220
29,559,0027,600407,0000,000000,KARNATAKA,Raichur,VILLAGE,Toral Benchi,Rural,247,1362,675,687,235,122,113,131,63,68,240,111,129,508,325,183,854,350,504,806,410,396,312,301,11,281,272,9,10,9,1,14,14,0,7,6,1,494,109,385,10,4,6,471,96,375,5,5,0,8,4,4,494,109,385,10,4,6,471,96,375,5,5,0,8,4,4,0,0,0,0,0,0,0,0,0,0,0,0,0,0,0,556,265,291
29,559,0027,600408,0000,000000,KARNATAKA,Raichur,VILLAGE,Nandihal,Rural,151,766,383,383,145,66,79,154,75,79,20,12,8,365,242,123,401,141,260,412,206,206,197,186,11,157,153,4,9,8,1,4,4,0,27,21,6,215,20,195,2,0,2,197,11,186,2,1,1,14,8,6,205,15,190,2,0,2,194,9,185,1,0,1,8,6,2,10,5,5,0,0,0,3,2,1,1,1,0,6,2,4,354,177,177
29,559,0027,600409,0000,000000,KARNATAKA,Raichur,VILLAGE,Bendona,Rural,247,1299,636,663,200,108,92,74,35,39,75,35,40,788,455,333,511,181,330,695,345,350,643,323,320,348,213,135,201,44,157,25,11,14,69,55,14,52,22,30,9,5,4,11,5,6,11,0,11,21,12,9,32,15,17,8,5,3,6,3,3,6,0,6,12,7,5,20,7,13,1,0,1,5,2,3,5,0,5,9,5,4,604,291,313
29,559,0027,600410,0000,000000,KARNATAKA,Raichur,VILLAGE,Narakaladinni,Rural,288,1485,719,766,244,120,124,199,100,99,295,124,171,656,422,234,829,297,532,778,384,394,644,334,310,153,138,15,438,152,286,1,1,0,52,43,9,134,50,84,8,2,6,98,27,71,0,0,0,28,21,7,128,46,82,7,2,5,94,24,70,0,0,0,27,20,7,6,4,2,1,0,1,4,3,1,0,0,0,1,1,0,707,335,372
29,559,0027,600411,0000,000000,KARNATAKA,Raichur,VILLAGE,Julgudda,Rural,235,1342,702,640,176,96,80,334,170,164,203,114,89,781,497,284,561,205,356,776,404,372,542,382,160,402,318,84,8,5,3,18,16,2,114,43,71,234,22,212,13,6,7,200,10,190,5,1,4,16,5,11,230,19,211,13,6,7,197,8,189,5,1,4,15,4,11,4,3,1,0,0,0,3,2,1,0,0,0,1,1,0,566,298,268
29,559,0027,600412,0000,000000,KARNATAKA,Raichur,VILLAGE,Hanumangudda(Hosur),Rural,242,1156,577,579,145,75,70,235,115,120,54,32,22,646,407,239,510,170,340,687,353,334,280,253,27,179,177,2,33,22,11,49,43,6,19,11,8,407,100,307,12,8,4,357,72,285,25,13,12,13,7,6,378,88,290,9,6,3,341,66,275,17,10,7,11,6,5,29,12,17,3,2,1,16,6,10,8,3,5,2,1,1,469,224,245
29,559,0027,600413,0000,000000,KARNATAKA,Raichur,VILLAGE,Anahosur,Rural,813,4480,2291,2189,654,324,330,746,393,353,379,187,192,2460,1564,896,2020,727,1293,2425,1244,1181,1517,940,577,773,625,148,477,121,356,40,26,14,227,168,59,908,304,604,33,13,20,659,176,483,165,79,86,51,36,15,883,289,594,32,13,19,648,171,477,159,74,85,44,31,13,25,15,10,1,0,1,11,5,6,6,5,1,7,5,2,2055,1047,1008
29,559,0027,600414,0000,000000,KARNATAKA,Raichur,VILLAGE,Eachanhal,Rural,597,3518,1764,1754,492,240,252,1201,612,589,455,231,224,2106,1286,820,1412,478,934,1629,868,761,1239,834,405,449,397,52,586,270,316,56,49,7,148,118,30,390,34,356,12,3,9,354,16,338,9,5,4,15,10,5,387,33,354,12,3,9,352,15,337,9,5,4,14,10,4,3,1,2,0,0,0,2,1,1,0,0,0,1,0,1,1889,896,993
29,559,0027,600415,0000,000000,KARNATAKA,Raichur,VILLAGE,Kesarhatti,Rural,251,1544,788,756,333,173,160,857,447,410,6,3,3,681,445,236,863,343,520,816,392,424,791,382,409,183,173,10,520,155,365,2,1,1,86,53,33,25,10,15,6,5,1,16,3,13,1,1,0,2,1,1,24,9,15,6,5,1,16,3,13,1,1,0,1,0,1,1,1,0,0,0,0,0,0,0,0,0,0,1,1,0,728,396,332
29,559,0027,600416,0000,000000,KARNATAKA,Raichur,VILLAGE,Jalibenchi,Rural,181,946,519,427,159,99,60,192,113,79,113,59,54,333,224,109,613,295,318,589,307,282,581,304,277,280,184,96,10,6,4,215,65,150,76,49,27,8,3,5,4,1,3,0,0,0,1,1,0,3,1,2,8,3,5,4,1,3,0,0,0,1,1,0,3,1,2,0,0,0,0,0,0,0,0,0,0,0,0,0,0,0,357,212,145
29,559,0027,600417,0000,000000,KARNATAKA,Raichur,VILLAGE,Mincheri,Rural,218,1365,702,663,308,163,145,1007,515,492,183,90,93,468,322,146,897,380,517,629,308,321,269,249,20,131,123,8,123,117,6,2,1,1,13,8,5,360,59,301,26,4,22,290,32,258,22,5,17,22,18,4,346,48,298,22,1,21,283,27,256,22,5,17,19,15,4,14,11,3,4,3,1,7,5,2,0,0,0,3,3,0,736,394,342
29,559,0027,600418,0000,000000,KARNATAKA,Raichur,VILLAGE,Kalapur,Rural,351,1957,1009,948,359,199,160,767,389,378,186,97,89,902,553,349,1055,456,599,1124,568,556,825,460,365,400,241,159,268,119,149,7,6,1,150,94,56,299,108,191,12,5,7,124,31,93,20,9,11,143,63,80,226,76,150,8,2,6,123,31,92,17,8,9,78,35,43,73,32,41,4,3,1,1,0,1,3,1,2,65,28,37,833,441,392
29,559,0027,600419,0000,000000,KARNATAKA,Raichur,VILLAGE,Aidanhal,Rural,226,1284,643,641,240,134,106,375,191,184,10,4,6,544,327,217,740,316,424,730,372,358,487,322,165,163,126,37,195,77,118,0,0,0,129,119,10,243,50,193,2,2,0,233,41,192,0,0,0,8,7,1,239,48,191,1,1,0,230,40,190,0,0,0,8,7,1,4,2,2,1,1,0,3,1,2,0,0,0,0,0,0,554,271,283
29,559,0027,600420,0000,000000,KARNATAKA,Raichur,VILLAGE,Yalagaladinni ,Rural,170,989,463,526,159,65,94,28,13,15,0,0,0,452,264,188,537,199,338,472,244,228,470,244,226,175,173,2,270,51,219,0,0,0,25,20,5,2,0,2,0,0,0,2,0,2,0,0,0,0,0,0,2,0,2,0,0,0,2,0,2,0,0,0,0,0,0,0,0,0,0,0,0,0,0,0,0,0,0,0,0,0,517,219,298
29,559,0027,600421,0000,000000,KARNATAKA,Raichur,VILLAGE,Huligudda,Rural,0,0,0,0,0,0,0,0,0,0,0,0,0,0,0,0,0,0,0,0,0,0,0,0,0,0,0,0,0,0,0,0,0,0,0,0,0,0,0,0,0,0,0,0,0,0,0,0,0,0,0,0,0,0,0,0,0,0,0,0,0,0,0,0,0,0,0,0,0,0,0,0,0,0,0,0,0,0,0,0,0,0,0,0,0
29,559,0027,600422,0000,000000,KARNATAKA,Raichur,VILLAGE,Karadakal,Rural,45,232,113,119,40,18,22,186,90,96,42,20,22,83,49,34,149,64,85,123,61,62,122,61,61,42,41,1,76,17,59,0,0,0,4,3,1,1,0,1,0,0,0,1,0,1,0,0,0,0,0,0,1,0,1,0,0,0,1,0,1,0,0,0,0,0,0,0,0,0,0,0,0,0,0,0,0,0,0,0,0,0,109,52,57
29,559,0027,600423,0000,000000,KARNATAKA,Raichur,VILLAGE,Adavibhavi ,Rural,216,1351,697,654,190,90,100,178,98,80,1107,566,541,719,442,277,632,255,377,607,309,298,408,262,146,214,194,20,157,44,113,7,4,3,30,20,10,199,47,152,2,2,0,195,45,150,0,0,0,2,0,2,199,47,152,2,2,0,195,45,150,0,0,0,2,0,2,0,0,0,0,0,0,0,0,0,0,0,0,0,0,0,744,388,356
29,559,0027,600424,0000,000000,KARNATAKA,Raichur,VILLAGE,Neeralkera,Rural,366,2082,1039,1043,304,149,155,388,195,193,36,15,21,1159,717,442,923,322,601,1156,577,579,1132,562,570,599,374,225,398,74,324,6,6,0,129,108,21,24,15,9,3,2,1,16,8,8,0,0,0,5,5,0,18,11,7,2,1,1,11,5,6,0,0,0,5,5,0,6,4,2,1,1,0,5,3,2,0,0,0,0,0,0,926,462,464
29,559,0027,600425,0000,000000,KARNATAKA,Raichur,VILLAGE,Margatnal,Rural,176,1055,536,519,169,87,82,235,119,116,48,26,22,573,359,214,482,177,305,569,273,296,305,229,76,262,203,59,34,21,13,2,1,1,7,4,3,264,44,220,1,1,0,229,40,189,4,1,3,30,2,28,262,44,218,1,1,0,227,40,187,4,1,3,30,2,28,2,0,2,0,0,0,2,0,2,0,0,0,0,0,0,486,263,223
29,559,0027,600426,0000,000000,KARNATAKA,Raichur,VILLAGE,Chitranhal,Rural,157,881,439,442,134,65,69,334,164,170,53,25,28,515,312,203,366,127,239,391,245,146,341,218,123,114,74,40,148,81,67,34,24,10,45,39,6,50,27,23,4,3,1,27,14,13,2,2,0,17,8,9,46,23,23,3,2,1,27,14,13,2,2,0,14,5,9,4,4,0,1,1,0,0,0,0,0,0,0,3,3,0,490,194,296
29,559,0027,600427,0000,000000,KARNATAKA,Raichur,VILLAGE,Gundasagar,Rural,330,1622,815,807,196,105,91,233,128,105,65,32,33,894,556,338,728,259,469,840,464,376,604,355,249,289,172,117,182,83,99,34,25,9,99,75,24,236,109,127,103,39,64,85,28,57,23,20,3,25,22,3,149,67,82,50,13,37,64,22,42,16,15,1,19,17,2,87,42,45,53,26,27,21,6,15,7,5,2,6,5,1,782,351,431
29,559,0027,600428,0000,000000,KARNATAKA,Raichur,VILLAGE,Kachapur,Rural,313,1762,878,884,266,142,124,516,265,251,335,158,177,800,471,329,962,407,555,1047,522,525,1020,507,513,217,114,103,768,361,407,14,13,1,21,19,2,27,15,12,11,7,4,14,8,6,0,0,0,2,0,2,23,13,10,8,5,3,13,8,5,0,0,0,2,0,2,4,2,2,3,2,1,1,0,1,0,0,0,0,0,0,715,356,359
29,559,0027,600429,0000,000000,KARNATAKA,Raichur,VILLAGE,Mavinbhavi,Rural,397,2335,1127,1208,334,168,166,546,248,298,166,71,95,1153,669,484,1182,458,724,1110,612,498,1022,567,455,505,329,176,286,60,226,23,12,11,208,166,42,88,45,43,5,4,1,57,20,37,3,2,1,23,19,4,79,40,39,5,4,1,51,18,33,2,1,1,21,17,4,9,5,4,0,0,0,6,2,4,1,1,0,2,2,0,1225,515,710
29,559,0027,600430,0000,000000,KARNATAKA,Raichur,VILLAGE,Bhupur,Rural,288,1694,861,833,259,143,116,516,271,245,8,5,3,760,448,312,934,413,521,575,466,109,512,433,79,228,216,12,226,174,52,12,10,2,46,33,13,63,33,30,3,2,1,57,29,28,0,0,0,3,2,1,63,33,30,3,2,1,57,29,28,0,0,0,3,2,1,0,0,0,0,0,0,0,0,0,0,0,0,0,0,0,1119,395,724
29,559,0027,600431,0000,000000,KARNATAKA,Raichur,VILLAGE,Rampur,Rural,243,1388,741,647,269,128,141,191,98,93,1010,540,470,379,276,103,1009,465,544,719,435,284,680,427,253,509,306,203,162,113,49,3,3,0,6,5,1,39,8,31,26,7,19,6,0,6,0,0,0,7,1,6,39,8,31,26,7,19,6,0,6,0,0,0,7,1,6,0,0,0,0,0,0,0,0,0,0,0,0,0,0,0,669,306,363
29,559,0027,600432,0000,000000,KARNATAKA,Raichur,VILLAGE,Kallilingsugur,Rural,216,1217,582,635,193,86,107,204,95,109,46,22,24,521,322,199,696,260,436,671,331,340,666,327,339,244,235,9,388,64,324,2,2,0,32,26,6,5,4,1,1,1,0,3,2,1,0,0,0,1,1,0,5,4,1,1,1,0,3,2,1,0,0,0,1,1,0,0,0,0,0,0,0,0,0,0,0,0,0,0,0,0,546,251,295
29,559,0027,600433,0000,000000,KARNATAKA,Raichur,VILLAGE,Hunkunti,Rural,399,2305,1084,1221,362,196,166,430,200,230,6,2,4,848,498,350,1457,586,871,836,575,261,664,488,176,357,296,61,132,51,81,16,13,3,159,128,31,172,87,85,40,28,12,70,18,52,0,0,0,62,41,21,170,86,84,39,27,12,70,18,52,0,0,0,61,41,20,2,1,1,1,1,0,0,0,0,0,0,0,1,0,1,1469,509,960
29,559,0027,600434,0000,000000,KARNATAKA,Raichur,VILLAGE,Lingsugur(Rural),Rural,0,0,0,0,0,0,0,0,0,0,0,0,0,0,0,0,0,0,0,0,0,0,0,0,0,0,0,0,0,0,0,0,0,0,0,0,0,0,0,0,0,0,0,0,0,0,0,0,0,0,0,0,0,0,0,0,0,0,0,0,0,0,0,0,0,0,0,0,0,0,0,0,0,0,0,0,0,0,0,0,0,0,0,0,0
29,559,0027,600435,0000,000000,KARNATAKA,Raichur,VILLAGE,Kuppigudda,Rural,178,962,487,475,95,41,54,131,69,62,1,1,0,592,363,229,370,124,246,452,257,195,437,250,187,22,18,4,313,173,140,8,8,0,94,51,43,15,7,8,0,0,0,12,4,8,0,0,0,3,3,0,15,7,8,0,0,0,12,4,8,0,0,0,3,3,0,0,0,0,0,0,0,0,0,0,0,0,0,0,0,0,510,230,280
29,559,0027,600436,0000,000000,KARNATAKA,Raichur,VILLAGE,Sarjapur,Rural,482,2431,1205,1226,345,195,150,357,188,169,381,198,183,1271,772,499,1160,433,727,1104,629,475,1054,619,435,164,90,74,606,332,274,4,2,2,280,195,85,50,10,40,0,0,0,42,4,38,1,0,1,7,6,1,49,10,39,0,0,0,42,4,38,0,0,0,7,6,1,1,0,1,0,0,0,0,0,0,1,0,1,0,0,0,1327,576,751
29,559,0027,600437,0000,000000,KARNATAKA,Raichur,VILLAGE,Gonwar,Rural,293,1613,800,813,201,109,92,150,71,79,544,260,284,894,545,349,719,255,464,834,451,383,522,408,114,353,333,20,132,44,88,3,3,0,34,28,6,312,43,269,44,40,4,267,2,265,1,1,0,0,0,0,270,28,242,26,25,1,243,2,241,1,1,0,0,0,0,42,15,27,18,15,3,24,0,24,0,0,0,0,0,0,779,349,430
29,559,0027,600438,0000,000000,KARNATAKA,Raichur,VILLAGE,Amarawati,Rural,95,535,245,290,70,32,38,3,2,1,6,2,4,392,207,185,143,38,105,287,148,139,107,96,11,52,51,1,29,23,6,5,5,0,21,17,4,180,52,128,3,1,2,163,43,120,1,1,0,13,7,6,178,51,127,1,0,1,163,43,120,1,1,0,13,7,6,2,1,1,2,1,1,0,0,0,0,0,0,0,0,0,248,97,151
29,559,0027,600439,0000,000000,KARNATAKA,Raichur,VILLAGE,Basapur,Rural,164,957,463,494,158,76,82,46,21,25,375,170,205,538,313,225,419,150,269,521,292,229,279,256,23,177,175,2,71,55,16,3,3,0,28,23,5,242,36,206,1,1,0,209,26,183,1,0,1,31,9,22,232,34,198,1,1,0,208,26,182,0,0,0,23,7,16,10,2,8,0,0,0,1,0,1,1,0,1,8,2,6,436,171,265
29,559,0027,600440,0000,000000,KARNATAKA,Raichur,VILLAGE,Jungamarhalli,Rural,0,0,0,0,0,0,0,0,0,0,0,0,0,0,0,0,0,0,0,0,0,0,0,0,0,0,0,0,0,0,0,0,0,0,0,0,0,0,0,0,0,0,0,0,0,0,0,0,0,0,0,0,0,0,0,0,0,0,0,0,0,0,0,0,0,0,0,0,0,0,0,0,0,0,0,0,0,0,0,0,0,0,0,0,0
29,559,0027,600441,0000,000000,KARNATAKA,Raichur,VILLAGE,Hoovinabhavi,Rural,223,1397,697,700,217,103,114,122,55,67,132,60,72,769,487,282,628,210,418,724,370,354,393,364,29,294,289,5,17,8,9,5,4,1,77,63,14,331,6,325,1,0,1,288,4,284,4,2,2,38,0,38,329,6,323,1,0,1,287,4,283,3,2,1,38,0,38,2,0,2,0,0,0,1,0,1,1,0,1,0,0,0,673,327,346
29,559,0027,600442,0000,000000,KARNATAKA,Raichur,VILLAGE,Buddinni,Rural,197,1138,587,551,196,106,90,191,103,88,21,12,9,471,311,160,667,276,391,553,315,238,505,285,220,149,147,2,242,50,192,20,17,3,94,71,23,48,30,18,0,0,0,13,6,7,21,13,8,14,11,3,42,26,16,0,0,0,13,6,7,20,12,8,9,8,1,6,4,2,0,0,0,0,0,0,1,1,0,5,3,2,585,272,313
29,559,0027,600443,0000,000000,KARNATAKA,Raichur,VILLAGE,Sanbal,Rural,121,660,326,334,74,45,29,348,169,179,43,19,24,291,185,106,369,141,228,369,184,185,368,183,185,75,75,0,250,75,175,1,1,0,42,32,10,1,1,0,0,0,0,0,0,0,0,0,0,1,1,0,0,0,0,0,0,0,0,0,0,0,0,0,0,0,0,1,1,0,0,0,0,0,0,0,0,0,0,1,1,0,291,142,149
29,559,0027,600444,0000,000000,KARNATAKA,Raichur,VILLAGE,Jaldurga,Rural,68,377,195,182,68,36,32,56,29,27,193,97,96,183,112,71,194,83,111,203,103,100,203,103,100,44,43,1,115,24,91,2,2,0,42,34,8,0,0,0,0,0,0,0,0,0,0,0,0,0,0,0,0,0,0,0,0,0,0,0,0,0,0,0,0,0,0,0,0,0,0,0,0,0,0,0,0,0,0,0,0,0,174,92,82
29,559,0027,600445,0000,000000,KARNATAKA,Raichur,VILLAGE,Yalgundi,Rural,84,588,302,286,125,74,51,0,0,0,577,296,281,175,119,56,413,183,230,340,166,174,340,166,174,99,97,2,189,26,163,0,0,0,52,43,9,0,0,0,0,0,0,0,0,0,0,0,0,0,0,0,0,0,0,0,0,0,0,0,0,0,0,0,0,0,0,0,0,0,0,0,0,0,0,0,0,0,0,0,0,0,248,136,112
29,559,0027,600446,0000,000000,KARNATAKA,Raichur,VILLAGE,Yaragudi,Rural,164,984,493,491,190,100,90,69,30,39,893,451,442,423,282,141,561,211,350,536,274,262,534,273,261,265,235,30,239,19,220,0,0,0,30,19,11,2,1,1,2,1,1,0,0,0,0,0,0,0,0,0,1,1,0,1,1,0,0,0,0,0,0,0,0,0,0,1,0,1,1,0,1,0,0,0,0,0,0,0,0,0,448,219,229
29,559,0027,600447,0000,000000,KARNATAKA,Raichur,VILLAGE,Kadadargaddi,Rural,105,630,311,319,161,82,79,43,23,20,539,267,272,213,133,80,417,178,239,331,167,164,241,153,88,100,96,4,125,46,79,11,9,2,5,2,3,90,14,76,13,7,6,77,7,70,0,0,0,0,0,0,90,14,76,13,7,6,77,7,70,0,0,0,0,0,0,0,0,0,0,0,0,0,0,0,0,0,0,0,0,0,299,144,155
29,559,0027,600448,0000,000000,KARNATAKA,Raichur,VILLAGE,Hanchinal,Rural,170,1072,545,527,176,92,84,28,14,14,389,199,190,345,215,130,727,330,397,510,311,199,395,264,131,187,172,15,118,19,99,1,1,0,89,72,17,115,47,68,0,0,0,108,44,64,4,2,2,3,1,2,107,45,62,0,0,0,103,43,60,2,1,1,2,1,1,8,2,6,0,0,0,5,1,4,2,1,1,1,0,1,562,234,328
29,559,0027,600449,0000,000000,KARNATAKA,Raichur,VILLAGE,Shilahalli,Rural,176,1057,523,534,229,105,124,240,114,126,54,24,30,402,256,146,655,267,388,586,302,284,586,302,284,247,161,86,308,118,190,12,11,1,19,12,7,0,0,0,0,0,0,0,0,0,0,0,0,0,0,0,0,0,0,0,0,0,0,0,0,0,0,0,0,0,0,0,0,0,0,0,0,0,0,0,0,0,0,0,0,0,471,221,250
29,559,0027,600450,0000,000000,KARNATAKA,Raichur,VILLAGE,Gonwatla,Rural,519,3027,1513,1514,664,317,347,1973,1004,969,648,305,343,885,599,286,2142,914,1228,1266,809,457,1242,797,445,1034,750,284,165,17,148,2,1,1,41,29,12,24,12,12,4,3,1,14,6,8,0,0,0,6,3,3,23,12,11,4,3,1,13,6,7,0,0,0,6,3,3,1,0,1,0,0,0,1,0,1,0,0,0,0,0,0,1761,704,1057
29,559,0027,600451,0000,000000,KARNATAKA,Raichur,VILLAGE,Guntagola,Rural,357,2260,1152,1108,426,216,210,161,72,89,920,466,454,799,502,297,1461,650,811,1187,588,599,1055,549,506,808,433,375,73,28,45,8,5,3,166,83,83,132,39,93,18,3,15,28,5,23,1,0,1,85,31,54,122,36,86,16,3,13,25,3,22,1,0,1,80,30,50,10,3,7,2,0,2,3,2,1,0,0,0,5,1,4,1073,564,509
29,559,0027,600452,0000,000000,KARNATAKA,Raichur,VILLAGE,Ramalooti,Rural,92,579,309,270,120,68,52,15,6,9,323,169,154,219,144,75,360,165,195,353,183,170,51,46,5,36,36,0,4,2,2,1,1,0,10,7,3,302,137,165,1,1,0,230,99,131,11,2,9,60,35,25,295,133,162,1,1,0,229,99,130,11,2,9,54,31,23,7,4,3,0,0,0,1,0,1,0,0,0,6,4,2,226,126,100
29,559,0027,600453,0000,000000,KARNATAKA,Raichur,VILLAGE,Aidbhavi,Rural,391,2507,1248,1259,574,276,298,41,14,27,479,239,240,921,611,310,1586,637,949,1254,618,636,607,535,72,511,485,26,68,26,42,2,1,1,26,23,3,647,83,564,44,20,24,595,61,534,3,2,1,5,0,5,584,61,523,28,10,18,548,49,499,3,2,1,5,0,5,63,22,41,16,10,6,47,12,35,0,0,0,0,0,0,1253,630,623
29,559,0027,600454,0000,000000,KARNATAKA,Raichur,VILLAGE,Tanmankal,Rural,126,818,435,383,167,93,74,3,2,1,348,186,162,424,286,138,394,149,245,454,239,215,246,213,33,201,179,22,8,2,6,1,0,1,36,32,4,208,26,182,10,0,10,170,14,156,0,0,0,28,12,16,208,26,182,10,0,10,170,14,156,0,0,0,28,12,16,0,0,0,0,0,0,0,0,0,0,0,0,0,0,0,364,196,168
29,559,0027,600455,0000,000000,KARNATAKA,Raichur,VILLAGE,Raidurga,Rural,217,1429,702,727,326,145,181,1,0,1,573,286,287,369,231,138,1060,471,589,706,371,335,552,341,211,220,213,7,293,103,190,0,0,0,39,25,14,154,30,124,1,0,1,148,29,119,0,0,0,5,1,4,119,22,97,1,0,1,114,21,93,0,0,0,4,1,3,35,8,27,0,0,0,34,8,26,0,0,0,1,0,1,723,331,392
29,559,0027,600456,0000,000000,KARNATAKA,Raichur,VILLAGE,Gadgi,Rural,62,346,181,165,71,36,35,170,86,84,170,91,79,108,63,45,238,118,120,203,111,92,105,103,2,101,100,1,0,0,0,0,0,0,4,3,1,98,8,90,5,2,3,93,6,87,0,0,0,0,0,0,96,6,90,5,2,3,91,4,87,0,0,0,0,0,0,2,2,0,0,0,0,2,2,0,0,0,0,0,0,0,143,70,73
29,559,0027,600457,0000,000000,KARNATAKA,Raichur,VILLAGE,Pai Doddi,Rural,246,1804,918,886,379,213,166,285,149,136,1141,587,554,493,300,193,1311,618,693,797,445,352,614,410,204,515,352,163,41,16,25,3,1,2,55,41,14,183,35,148,45,7,38,124,17,107,0,0,0,14,11,3,181,34,147,45,7,38,123,17,106,0,0,0,13,10,3,2,1,1,0,0,0,1,0,1,0,0,0,1,1,0,1007,473,534
29,559,0027,600458,0000,000000,KARNATAKA,Raichur,VILLAGE,Golpalli,Rural,260,1472,743,729,373,189,184,84,39,45,1291,659,632,353,219,134,1119,524,595,709,355,354,301,269,32,205,184,21,95,84,11,0,0,0,1,1,0,408,86,322,13,11,2,393,74,319,0,0,0,2,1,1,274,45,229,11,10,1,263,35,228,0,0,0,0,0,0,134,41,93,2,1,1,130,39,91,0,0,0,2,1,1,763,388,375
29,559,0027,600459,0000,000000,KARNATAKA,Raichur,VILLAGE,Yarjanti,Rural,506,3540,1787,1753,892,456,436,48,18,30,3316,1682,1634,1306,756,550,2234,1031,1203,1627,903,724,1052,786,266,601,545,56,389,185,204,2,2,0,60,54,6,575,117,458,14,3,11,360,62,298,18,0,18,183,52,131,574,117,457,14,3,11,359,62,297,18,0,18,183,52,131,1,0,1,0,0,0,1,0,1,0,0,0,0,0,0,1913,884,1029
29,559,0027,600460,0000,000000,KARNATAKA,Raichur,VILLAGE,Bandebhavi,Rural,314,2075,1019,1056,480,236,244,19,8,11,1956,961,995,796,497,299,1279,522,757,993,545,448,864,507,357,246,232,14,492,176,316,1,1,0,125,98,27,129,38,91,1,1,0,96,17,79,1,1,0,31,19,12,120,32,88,0,0,0,95,16,79,1,1,0,24,15,9,9,6,3,1,1,0,1,1,0,0,0,0,7,4,3,1082,474,608
29,559,0027,600461,0000,000000,KARNATAKA,Raichur,VILLAGE,Hosagudda,Rural,64,399,215,184,81,41,40,178,99,79,200,107,93,142,98,44,257,117,140,204,113,91,79,79,0,70,70,0,2,2,0,1,1,0,6,6,0,125,34,91,1,0,1,117,27,90,0,0,0,7,7,0,107,27,80,1,0,1,102,23,79,0,0,0,4,4,0,18,7,11,0,0,0,15,4,11,0,0,0,3,3,0,195,102,93
29,559,0027,600462,0000,000000,KARNATAKA,Raichur,VILLAGE,Benchaldoddi,Rural,192,1138,587,551,226,127,99,549,299,250,283,135,148,387,255,132,751,332,419,570,289,281,282,247,35,201,193,8,25,5,20,1,0,1,55,49,6,288,42,246,9,3,6,266,31,235,0,0,0,13,8,5,245,23,222,6,2,4,229,16,213,0,0,0,10,5,5,43,19,24,3,1,2,37,15,22,0,0,0,3,3,0,568,298,270
29,559,0027,600463,0000,000000,KARNATAKA,Raichur,VILLAGE,Chikaldoddi ,Rural,0,0,0,0,0,0,0,0,0,0,0,0,0,0,0,0,0,0,0,0,0,0,0,0,0,0,0,0,0,0,0,0,0,0,0,0,0,0,0,0,0,0,0,0,0,0,0,0,0,0,0,0,0,0,0,0,0,0,0,0,0,0,0,0,0,0,0,0,0,0,0,0,0,0,0,0,0,0,0,0,0,0,0,0,0
29,559,0027,600464,0000,000000,KARNATAKA,Raichur,VILLAGE,Gurgunta,Rural,2168,12898,6481,6417,2295,1178,1117,918,459,459,5440,2669,2771,5323,3014,2309,7575,3467,4108,4905,3261,1644,3619,2774,845,1591,1370,221,792,389,403,71,59,12,1165,956,209,1286,487,799,36,11,25,970,289,681,47,22,25,233,165,68,1062,375,687,33,10,23,814,222,592,42,20,22,173,123,50,224,112,112,3,1,2,156,67,89,5,2,3,60,42,18,7993,3220,4773
29,559,0027,600465,0000,000000,KARNATAKA,Raichur,VILLAGE,Paramapur,Rural,213,1453,738,715,342,172,170,925,469,456,340,176,164,281,203,78,1172,535,637,496,351,145,488,346,142,405,314,91,83,32,51,0,0,0,0,0,0,8,5,3,3,3,0,5,2,3,0,0,0,0,0,0,7,4,3,2,2,0,5,2,3,0,0,0,0,0,0,1,1,0,1,1,0,0,0,0,0,0,0,0,0,0,957,387,570
29,559,0027,600466,0000,000000,KARNATAKA,Raichur,VILLAGE,Devar-Bhupur,Rural,589,3758,1878,1880,693,330,363,396,183,213,1809,915,894,1413,869,544,2345,1009,1336,1823,1028,795,1383,919,464,477,431,46,757,382,375,24,15,9,125,91,34,440,109,331,5,3,2,412,92,320,2,0,2,21,14,7,439,109,330,5,3,2,412,92,320,2,0,2,20,14,6,1,0,1,0,0,0,0,0,0,0,0,0,1,0,1,1935,850,1085
29,559,0027,600467,0000,000000,KARNATAKA,Raichur,VILLAGE,Yaradona,Rural,356,1900,961,939,260,130,130,332,169,163,550,284,266,1002,621,381,898,340,558,804,493,311,681,435,246,200,155,45,318,151,167,5,3,2,158,126,32,123,58,65,4,3,1,118,54,64,0,0,0,1,1,0,123,58,65,4,3,1,118,54,64,0,0,0,1,1,0,0,0,0,0,0,0,0,0,0,0,0,0,0,0,0,1096,468,628
29,559,0027,600468,0000,000000,KARNATAKA,Raichur,VILLAGE,Phoolabhavi,Rural,539,2943,1526,1417,650,325,325,287,138,149,2073,1078,995,901,611,290,2042,915,1127,1531,792,739,1311,763,548,833,638,195,363,34,329,6,3,3,109,88,21,220,29,191,29,5,24,176,10,166,0,0,0,15,14,1,216,27,189,29,5,24,173,9,164,0,0,0,14,13,1,4,2,2,0,0,0,3,1,2,0,0,0,1,1,0,1412,734,678
29,559,0027,600469,0000,000000,KARNATAKA,Raichur,VILLAGE,Honnahalli,Rural,475,2777,1396,1381,431,220,211,513,264,249,458,222,236,1581,938,643,1196,458,738,1317,760,557,1161,691,470,198,140,58,533,236,297,54,25,29,376,290,86,156,69,87,15,4,11,57,17,40,0,0,0,84,48,36,65,31,34,6,3,3,43,16,27,0,0,0,16,12,4,91,38,53,9,1,8,14,1,13,0,0,0,68,36,32,1460,636,824
29,559,0027,600470,0000,000000,KARNATAKA,Raichur,VILLAGE,Gudadanhal,Rural,432,2349,1159,1190,339,157,182,216,92,124,10,5,5,1134,732,402,1215,427,788,1061,607,454,643,495,148,419,319,100,79,47,32,17,15,2,128,114,14,418,112,306,28,3,25,333,90,243,26,2,24,31,17,14,369,107,262,14,2,12,324,89,235,6,0,6,25,16,9,49,5,44,14,1,13,9,1,8,20,2,18,6,1,5,1288,552,736
29,559,0027,600471,0000,000000,KARNATAKA,Raichur,VILLAGE,Medinapur,Rural,393,2430,1212,1218,391,215,176,665,344,321,58,28,30,1227,768,459,1203,444,759,1103,615,488,788,526,262,311,197,114,162,71,91,72,56,16,243,202,41,315,89,226,31,6,25,227,52,175,25,10,15,32,21,11,261,74,187,14,1,13,200,47,153,23,10,13,24,16,8,54,15,39,17,5,12,27,5,22,2,0,2,8,5,3,1327,597,730
29,559,0027,600472,0000,000000,KARNATAKA,Raichur,VILLAGE,Kotha,Rural,848,5229,2612,2617,881,459,422,1085,523,562,909,457,452,2220,1375,845,3009,1237,1772,2146,1387,759,1605,1074,531,869,602,267,557,313,244,11,6,5,168,153,15,541,313,228,49,24,25,388,208,180,15,10,5,89,71,18,501,294,207,48,24,24,364,202,162,15,10,5,74,58,16,40,19,21,1,0,1,24,6,18,0,0,0,15,13,2,3083,1225,1858
29,559,0027,600473,0000,000000,KARNATAKA,Raichur,VILLAGE,Goudur,Rural,668,4022,2036,1986,664,345,319,1876,943,933,440,225,215,1736,1086,650,2286,950,1336,1954,1067,887,1215,836,379,401,382,19,283,135,148,17,10,7,514,309,205,739,231,508,14,2,12,506,122,384,5,3,2,214,104,110,652,196,456,14,2,12,437,96,341,5,3,2,196,95,101,87,35,52,0,0,0,69,26,43,0,0,0,18,9,9,2068,969,1099
29,559,0027,600474,0000,000000,KARNATAKA,Raichur,VILLAGE,Machanur ,Rural,289,1878,957,921,343,176,167,448,221,227,286,147,139,894,579,315,984,378,606,967,515,452,423,348,75,169,161,8,152,101,51,5,4,1,97,82,15,544,167,377,10,2,8,526,161,365,3,0,3,5,4,1,485,156,329,4,2,2,475,150,325,1,0,1,5,4,1,59,11,48,6,0,6,51,11,40,2,0,2,0,0,0,911,442,469
29,559,0027,600475,0000,000000,KARNATAKA,Raichur,VILLAGE,Yalaghatta,Rural,528,3299,1693,1606,596,318,278,658,331,327,839,447,392,1230,809,421,2069,884,1185,1497,854,643,625,491,134,405,366,39,103,33,70,6,5,1,111,87,24,872,363,509,29,19,10,720,259,461,7,3,4,116,82,34,804,330,474,25,17,8,695,253,442,5,2,3,79,58,21,68,33,35,4,2,2,25,6,19,2,1,1,37,24,13,1802,839,963
29,559,0027,600476,0000,000000,KARNATAKA,Raichur,VILLAGE,Kaddona,Rural,82,351,188,163,47,28,19,65,38,27,118,63,55,184,127,57,167,61,106,212,111,101,40,33,7,25,19,6,0,0,0,1,0,1,14,14,0,172,78,94,170,77,93,1,0,1,0,0,0,1,1,0,172,78,94,170,77,93,1,0,1,0,0,0,1,1,0,0,0,0,0,0,0,0,0,0,0,0,0,0,0,0,139,77,62
29,559,0027,600477,0000,000000,KARNATAKA,Raichur,VILLAGE,Tawag,Rural,136,561,279,282,92,49,43,65,31,34,0,0,0,284,184,100,277,95,182,235,161,74,156,122,34,64,64,0,65,37,28,0,0,0,27,21,6,79,39,40,0,0,0,79,39,40,0,0,0,0,0,0,79,39,40,0,0,0,79,39,40,0,0,0,0,0,0,0,0,0,0,0,0,0,0,0,0,0,0,0,0,0,326,118,208
29,559,0027,600478,0000,000000,KARNATAKA,Raichur,VILLAGE,Roudala Banda,Rural,409,2358,1163,1195,320,157,163,431,204,227,321,150,171,1138,685,453,1220,478,742,1263,666,597,1226,652,574,293,180,113,779,343,436,9,4,5,145,125,20,37,14,23,14,6,8,20,7,13,1,0,1,2,1,1,37,14,23,14,6,8,20,7,13,1,0,1,2,1,1,0,0,0,0,0,0,0,0,0,0,0,0,0,0,0,1095,497,598
29,559,0027,600479,0000,000000,KARNATAKA,Raichur,VILLAGE,Mallapur,Rural,147,893,470,423,128,71,57,139,73,66,312,164,148,426,295,131,467,175,292,504,262,242,317,196,121,76,73,3,205,97,108,2,2,0,34,24,10,187,66,121,5,1,4,173,64,109,0,0,0,9,1,8,178,65,113,5,1,4,170,63,107,0,0,0,3,1,2,9,1,8,0,0,0,3,1,2,0,0,0,6,0,6,389,208,181
29,559,0027,600480,0000,000000,KARNATAKA,Raichur,VILLAGE,Hosur,Rural,285,1530,783,747,241,130,111,65,39,26,1031,528,503,488,316,172,1042,467,575,678,431,247,656,421,235,308,237,71,293,140,153,17,17,0,38,27,11,22,10,12,7,2,5,9,2,7,2,2,0,4,4,0,21,9,12,7,2,5,9,2,7,1,1,0,4,4,0,1,1,0,0,0,0,0,0,0,1,1,0,0,0,0,852,352,500
29,559,0027,600481,0000,000000,KARNATAKA,Raichur,VILLAGE,Anwari,Rural,858,5365,2656,2709,882,451,431,632,307,325,836,410,426,1885,1189,696,3480,1467,2013,2430,1392,1038,1600,1038,562,722,654,68,659,205,454,40,36,4,179,143,36,830,354,476,21,15,6,699,274,425,28,7,21,82,58,24,711,313,398,21,15,6,608,247,361,17,4,13,65,47,18,119,41,78,0,0,0,91,27,64,11,3,8,17,11,6,2935,1264,1671
29,559,0027,600482,0000,000000,KARNATAKA,Raichur,VILLAGE,Hire Nagnur,Rural,326,1872,957,915,263,139,124,710,361,349,199,105,94,994,620,374,878,337,541,779,514,265,313,282,31,174,173,1,0,0,0,18,16,2,121,93,28,466,232,234,5,1,4,149,49,100,15,10,5,297,172,125,466,232,234,5,1,4,149,49,100,15,10,5,297,172,125,0,0,0,0,0,0,0,0,0,0,0,0,0,0,0,1093,443,650
29,559,0027,600483,0000,000000,KARNATAKA,Raichur,VILLAGE,Chikka Nagnur,Rural,156,942,460,482,120,53,67,165,77,88,65,36,29,585,342,243,357,118,239,221,194,27,191,168,23,95,82,13,1,0,1,1,1,0,94,85,9,30,26,4,3,2,1,0,0,0,1,1,0,26,23,3,29,25,4,3,2,1,0,0,0,1,1,0,25,22,3,1,1,0,0,0,0,0,0,0,0,0,0,1,1,0,721,266,455
29,559,0027,600484,0000,000000,KARNATAKA,Raichur,VILLAGE,Veerapur,Rural,192,977,480,497,107,57,50,93,49,44,303,142,161,582,340,242,395,140,255,473,290,183,271,192,79,119,84,35,30,19,11,1,1,0,121,88,33,202,98,104,1,1,0,156,69,87,3,0,3,42,28,14,193,91,102,1,1,0,148,63,85,3,0,3,41,27,14,9,7,2,0,0,0,8,6,2,0,0,0,1,1,0,504,190,314
29,559,0027,600485,0000,000000,KARNATAKA,Raichur,VILLAGE,Nilogal,Rural,444,2541,1272,1269,359,180,179,578,272,306,132,68,64,1438,884,554,1103,388,715,1146,698,448,1108,679,429,268,183,85,488,250,238,72,40,32,280,206,74,38,19,19,4,2,2,10,6,4,4,0,4,20,11,9,38,19,19,4,2,2,10,6,4,4,0,4,20,11,9,0,0,0,0,0,0,0,0,0,0,0,0,0,0,0,1395,574,821
29,559,0027,600486,0000,000000,KARNATAKA,Raichur,VILLAGE,Chukanahatti,Rural,84,528,268,260,84,39,45,198,103,95,33,21,12,284,182,102,244,86,158,258,137,121,96,91,5,57,57,0,11,11,0,0,0,0,28,23,5,162,46,116,6,1,5,151,40,111,0,0,0,5,5,0,161,45,116,6,1,5,151,40,111,0,0,0,4,4,0,1,1,0,0,0,0,0,0,0,0,0,0,1,1,0,270,131,139
29,559,0027,600487,0000,000000,KARNATAKA,Raichur,VILLAGE,Gejjelagatta,Rural,405,2127,1029,1098,276,137,139,444,225,219,377,183,194,983,580,403,1144,449,695,987,564,423,938,543,395,321,212,109,413,160,253,31,21,10,173,150,23,49,21,28,6,2,4,28,6,22,6,5,1,9,8,1,47,19,28,5,1,4,28,6,22,6,5,1,8,7,1,2,2,0,1,1,0,0,0,0,0,0,0,1,1,0,1140,465,675
29,559,0027,600488,0000,000000,KARNATAKA,Raichur,VILLAGE,Hire Hesarur,Rural,211,1158,566,592,203,110,93,208,99,109,358,172,186,500,310,190,658,256,402,639,308,331,183,158,25,144,132,12,34,22,12,0,0,0,5,4,1,456,150,306,7,5,2,438,135,303,2,2,0,9,8,1,452,146,306,7,5,2,438,135,303,2,2,0,5,4,1,4,4,0,0,0,0,0,0,0,0,0,0,4,4,0,519,258,261
29,559,0027,600489,0000,000000,KARNATAKA,Raichur,VILLAGE,Chick-Hesarur,Rural,337,1365,662,703,138,73,65,231,119,112,110,62,48,703,428,275,662,234,428,670,405,265,654,404,250,238,202,36,310,119,191,6,5,1,100,78,22,16,1,15,2,0,2,9,0,9,0,0,0,5,1,4,16,1,15,2,0,2,9,0,9,0,0,0,5,1,4,0,0,0,0,0,0,0,0,0,0,0,0,0,0,0,695,257,438
29,559,0027,600490,0000,000000,KARNATAKA,Raichur,VILLAGE,Kadadarahal,Rural,199,1120,597,523,168,96,72,200,108,92,0,0,0,700,402,298,420,195,225,539,309,230,147,139,8,97,97,0,3,3,0,7,7,0,40,32,8,392,170,222,15,15,0,231,37,194,5,4,1,141,114,27,377,165,212,14,14,0,222,37,185,5,4,1,136,110,26,15,5,10,1,1,0,9,0,9,0,0,0,5,4,1,581,288,293
29,559,0027,600491,0000,000000,KARNATAKA,Raichur,VILLAGE,Teribhavi,Rural,76,478,236,242,81,41,40,196,95,101,0,0,0,259,150,109,219,86,133,270,134,136,207,133,74,183,115,68,0,0,0,1,1,0,23,17,6,63,1,62,63,1,62,0,0,0,0,0,0,0,0,0,63,1,62,63,1,62,0,0,0,0,0,0,0,0,0,0,0,0,0,0,0,0,0,0,0,0,0,0,0,0,208,102,106
29,559,0027,600492,0000,000000,KARNATAKA,Raichur,VILLAGE,Buddinni,Rural,111,630,314,316,110,61,49,0,0,0,234,118,116,377,223,154,253,91,162,370,181,189,368,181,187,315,134,181,0,0,0,0,0,0,53,47,6,2,0,2,2,0,2,0,0,0,0,0,0,0,0,0,2,0,2,2,0,2,0,0,0,0,0,0,0,0,0,0,0,0,0,0,0,0,0,0,0,0,0,0,0,0,260,133,127
29,559,0027,600493,0000,000000,KARNATAKA,Raichur,VILLAGE,Gudihal,Rural,256,1401,701,700,199,108,91,273,132,141,53,25,28,764,478,286,637,223,414,690,379,311,571,356,215,107,105,2,318,134,184,30,28,2,116,89,27,119,23,96,13,11,2,94,6,88,2,1,1,10,5,5,103,18,85,7,6,1,84,6,78,2,1,1,10,5,5,16,5,11,6,5,1,10,0,10,0,0,0,0,0,0,711,322,389
29,559,0027,600494,0000,000000,KARNATAKA,Raichur,VILLAGE,Mattur,Rural,537,2864,1454,1410,436,210,226,794,401,393,304,150,154,1477,925,552,1387,529,858,1538,807,731,637,459,178,557,402,155,22,13,9,4,2,2,54,42,12,901,348,553,111,83,28,702,214,488,14,9,5,74,42,32,860,325,535,110,83,27,697,211,486,11,6,5,42,25,17,41,23,18,1,0,1,5,3,2,3,3,0,32,17,15,1326,647,679
29,559,0027,600495,0000,000000,KARNATAKA,Raichur,VILLAGE,Kunikellur,Rural,292,1608,786,822,280,133,147,494,233,261,331,172,159,874,521,353,734,265,469,1047,507,540,1047,507,540,508,273,235,536,231,305,0,0,0,3,3,0,0,0,0,0,0,0,0,0,0,0,0,0,0,0,0,0,0,0,0,0,0,0,0,0,0,0,0,0,0,0,0,0,0,0,0,0,0,0,0,0,0,0,0,0,0,561,279,282
29,559,0027,600496,0000,000000,KARNATAKA,Raichur,VILLAGE,Mittikellur,Rural,175,962,460,502,147,64,83,36,17,19,426,208,218,500,290,210,462,170,292,382,270,112,379,267,112,134,134,0,193,92,101,0,0,0,52,41,11,3,3,0,0,0,0,0,0,0,0,0,0,3,3,0,3,3,0,0,0,0,0,0,0,0,0,0,3,3,0,0,0,0,0,0,0,0,0,0,0,0,0,0,0,0,580,190,390
29,559,0027,600497,0000,000000,KARNATAKA,Raichur,VILLAGE,Sante-Kellur,Rural,623,3738,1927,1811,580,316,264,573,286,287,341,165,176,2092,1284,808,1646,643,1003,1893,1017,876,1864,1010,854,456,425,31,1179,403,776,14,8,6,215,174,41,29,7,22,3,0,3,4,0,4,3,1,2,19,6,13,25,5,20,3,0,3,4,0,4,2,0,2,16,5,11,4,2,2,0,0,0,0,0,0,1,1,0,3,1,2,1845,910,935
29,559,0027,600498,0000,000000,KARNATAKA,Raichur,VILLAGE,Muslikarlkunti,Rural,175,1009,513,496,154,89,65,342,166,176,157,83,74,599,358,241,410,155,255,534,265,269,518,259,259,118,113,5,335,93,242,0,0,0,65,53,12,16,6,10,4,2,2,7,2,5,0,0,0,5,2,3,13,5,8,2,1,1,7,2,5,0,0,0,4,2,2,3,1,2,2,1,1,0,0,0,0,0,0,1,0,1,475,248,227
29,559,0027,600499,0000,000000,KARNATAKA,Raichur,VILLAGE,Bendarkarlkunti,Rural,140,866,430,436,161,94,67,191,99,92,425,206,219,457,278,179,409,152,257,504,235,269,47,44,3,1,1,0,0,0,0,4,4,0,42,39,3,457,191,266,44,43,1,152,114,38,0,0,0,261,34,227,455,191,264,43,43,0,152,114,38,0,0,0,260,34,226,2,0,2,1,0,1,0,0,0,0,0,0,1,0,1,362,195,167
29,559,0027,600500,0000,000000,KARNATAKA,Raichur,VILLAGE,Ankusadoddi,Rural,425,2214,1064,1150,305,142,163,168,81,87,342,171,171,1106,651,455,1108,413,695,1118,588,530,631,333,298,354,199,155,154,55,99,13,7,6,110,72,38,487,255,232,10,4,6,70,35,35,14,7,7,393,209,184,276,145,131,10,4,6,58,31,27,10,7,3,198,103,95,211,110,101,0,0,0,12,4,8,4,0,4,195,106,89,1096,476,620
29,559,0027,600501,0000,000000,KARNATAKA,Raichur,VILLAGE,Mudwal,Rural,95,495,265,230,72,45,27,284,152,132,154,84,70,309,193,116,186,72,114,252,139,113,241,134,107,100,57,43,82,29,53,12,7,5,47,41,6,11,5,6,1,0,1,3,1,2,0,0,0,7,4,3,11,5,6,1,0,1,3,1,2,0,0,0,7,4,3,0,0,0,0,0,0,0,0,0,0,0,0,0,0,0,243,126,117
29,559,0027,600502,0000,000000,KARNATAKA,Raichur,VILLAGE,Katagal,Rural,201,1107,552,555,152,83,69,56,28,28,716,355,361,626,386,240,481,166,315,559,290,269,308,203,105,248,164,84,35,23,12,6,4,2,19,12,7,251,87,164,6,4,2,241,81,160,1,0,1,3,2,1,250,87,163,6,4,2,240,81,159,1,0,1,3,2,1,1,0,1,0,0,0,1,0,1,0,0,0,0,0,0,548,262,286
29,559,0027,600503,0000,000000,KARNATAKA,Raichur,VILLAGE,Uskihal,Rural,102,621,307,314,99,46,53,140,68,72,438,220,218,288,165,123,333,142,191,268,156,112,177,141,36,119,117,2,34,12,22,0,0,0,24,12,12,91,15,76,2,0,2,88,14,74,0,0,0,1,1,0,88,15,73,2,0,2,85,14,71,0,0,0,1,1,0,3,0,3,0,0,0,3,0,3,0,0,0,0,0,0,353,151,202
29,559,0027,600504,0000,000000,KARNATAKA,Raichur,VILLAGE,Nagalapur(D),Rural,8,48,22,26,11,5,6,0,0,0,20,10,10,15,9,6,33,13,20,29,13,16,29,13,16,25,10,15,0,0,0,0,0,0,4,3,1,0,0,0,0,0,0,0,0,0,0,0,0,0,0,0,0,0,0,0,0,0,0,0,0,0,0,0,0,0,0,0,0,0,0,0,0,0,0,0,0,0,0,0,0,0,19,9,10
29,559,0027,600505,0000,000000,KARNATAKA,Raichur,VILLAGE,Dabbermadu,Rural,83,439,239,200,77,46,31,168,89,79,196,104,92,215,131,84,224,108,116,256,139,117,228,126,102,167,88,79,4,2,2,24,12,12,33,24,9,28,13,15,5,3,2,18,6,12,4,3,1,1,1,0,26,12,14,5,3,2,18,6,12,2,2,0,1,1,0,2,1,1,0,0,0,0,0,0,2,1,1,0,0,0,183,100,83
29,559,0027,600506,0000,000000,KARNATAKA,Raichur,VILLAGE,Maraldinni,Rural,434,2617,1347,1270,482,256,226,1968,1018,950,346,175,171,1207,785,422,1410,562,848,1316,681,635,826,447,379,475,317,158,222,105,117,3,1,2,126,24,102,490,234,256,43,26,17,427,194,233,11,6,5,9,8,1,484,231,253,41,25,16,424,193,231,11,6,5,8,7,1,6,3,3,2,1,1,3,1,2,0,0,0,1,1,0,1301,666,635
29,559,0027,600507,0000,000000,KARNATAKA,Raichur,VILLAGE,Mudaldinni,Rural,154,860,458,402,138,83,55,402,213,189,131,72,59,340,221,119,520,237,283,291,262,29,288,259,29,262,243,19,2,1,1,2,2,0,22,13,9,3,3,0,1,1,0,0,0,0,0,0,0,2,2,0,3,3,0,1,1,0,0,0,0,0,0,0,2,2,0,0,0,0,0,0,0,0,0,0,0,0,0,0,0,0,569,196,373
29,559,0027,600508,0000,000000,KARNATAKA,Raichur,VILLAGE,Sultanpur,Rural,122,775,389,386,122,57,65,63,29,34,0,0,0,240,152,88,535,237,298,171,163,8,165,159,6,160,155,5,2,1,1,0,0,0,3,3,0,6,4,2,4,4,0,2,0,2,0,0,0,0,0,0,5,4,1,4,4,0,1,0,1,0,0,0,0,0,0,1,0,1,0,0,0,1,0,1,0,0,0,0,0,0,604,226,378
29,559,0027,600509,0000,000000,KARNATAKA,Raichur,VILLAGE,Jakker-Madu,Rural,501,2783,1446,1337,546,284,262,961,488,473,211,111,100,936,605,331,1847,841,1006,1538,771,767,749,690,59,561,524,37,12,10,2,2,2,0,174,154,20,789,81,708,7,5,2,754,54,700,0,0,0,28,22,6,789,81,708,7,5,2,754,54,700,0,0,0,28,22,6,0,0,0,0,0,0,0,0,0,0,0,0,0,0,0,1245,675,570
29,559,0027,600510,0000,000000,KARNATAKA,Raichur,VILLAGE,Vyasa Nandihal,Rural,130,756,388,368,128,68,60,169,92,77,249,123,126,414,264,150,342,124,218,448,224,224,220,212,8,118,117,1,22,18,4,0,0,0,80,77,3,228,12,216,1,0,1,213,6,207,0,0,0,14,6,8,228,12,216,1,0,1,213,6,207,0,0,0,14,6,8,0,0,0,0,0,0,0,0,0,0,0,0,0,0,0,308,164,144
29,559,0027,600511,0000,000000,KARNATAKA,Raichur,VILLAGE,Kannal,Rural,234,1224,607,617,163,85,78,256,125,131,362,175,187,556,351,205,668,256,412,764,383,381,752,380,372,603,299,304,68,25,43,16,9,7,65,47,18,12,3,9,3,0,3,0,0,0,1,0,1,8,3,5,9,3,6,1,0,1,0,0,0,1,0,1,7,3,4,3,0,3,2,0,2,0,0,0,0,0,0,1,0,1,460,224,236
29,559,0027,600512,0000,000000,KARNATAKA,Raichur,VILLAGE,Timmapur,Rural,296,1593,806,787,228,106,122,307,156,151,660,333,327,667,439,228,926,367,559,981,497,484,900,481,419,560,325,235,281,109,172,1,1,0,58,46,12,81,16,65,0,0,0,76,11,65,0,0,0,5,5,0,75,16,59,0,0,0,70,11,59,0,0,0,5,5,0,6,0,6,0,0,0,6,0,6,0,0,0,0,0,0,612,309,303
29,559,0027,600513,0000,000000,KARNATAKA,Raichur,VILLAGE,Tirthabhavi,Rural,195,1309,636,673,269,138,131,72,32,40,1051,511,540,579,362,217,730,274,456,537,341,196,440,289,151,222,199,23,174,62,112,10,8,2,34,20,14,97,52,45,7,1,6,69,44,25,1,1,0,20,6,14,81,42,39,6,1,5,64,39,25,1,1,0,10,1,9,16,10,6,1,0,1,5,5,0,0,0,0,10,5,5,772,295,477
29,559,0027,600514,0000,000000,KARNATAKA,Raichur,VILLAGE,Dignaikanbhavi,Rural,198,1174,591,583,241,126,115,204,107,97,126,59,67,429,258,171,745,333,412,584,301,283,385,248,137,166,159,7,172,52,120,3,3,0,44,34,10,199,53,146,6,3,3,189,48,141,0,0,0,4,2,2,199,53,146,6,3,3,189,48,141,0,0,0,4,2,2,0,0,0,0,0,0,0,0,0,0,0,0,0,0,0,590,290,300
29,559,0027,600515,0000,000000,KARNATAKA,Raichur,VILLAGE,Nirlooti,Rural,40,296,141,155,55,26,29,38,17,21,30,14,16,142,85,57,154,56,98,128,71,57,82,63,19,58,50,8,16,9,7,0,0,0,8,4,4,46,8,38,16,4,12,30,4,26,0,0,0,0,0,0,36,7,29,12,4,8,24,3,21,0,0,0,0,0,0,10,1,9,4,0,4,6,1,5,0,0,0,0,0,0,168,70,98
29,559,0027,600516,0000,000000,KARNATAKA,Raichur,VILLAGE,Advibhavi(Maski),Rural,249,1799,972,827,311,166,145,1792,969,823,7,3,4,877,621,256,922,351,571,713,457,256,577,421,156,360,302,58,200,110,90,1,0,1,16,9,7,136,36,100,56,14,42,79,22,57,0,0,0,1,0,1,113,32,81,45,11,34,67,21,46,0,0,0,1,0,1,23,4,19,11,3,8,12,1,11,0,0,0,0,0,0,1086,515,571
29,559,0027,600517,0000,000000,KARNATAKA,Raichur,VILLAGE,Benkanhal,Rural,93,563,292,271,95,44,51,333,183,150,157,74,83,292,191,101,271,101,170,321,163,158,230,148,82,115,114,1,103,26,77,2,2,0,10,6,4,91,15,76,2,1,1,83,10,73,1,1,0,5,3,2,90,14,76,2,1,1,82,9,73,1,1,0,5,3,2,1,1,0,0,0,0,1,1,0,0,0,0,0,0,0,242,129,113
29,559,0027,600518,0000,000000,KARNATAKA,Raichur,VILLAGE,Belladamaradi,Rural,127,671,331,340,98,55,43,162,83,79,294,144,150,343,199,144,328,132,196,398,192,206,349,182,167,160,152,8,175,21,154,0,0,0,14,9,5,49,10,39,3,1,2,44,9,35,0,0,0,2,0,2,49,10,39,3,1,2,44,9,35,0,0,0,2,0,2,0,0,0,0,0,0,0,0,0,0,0,0,0,0,0,273,139,134
29,559,0027,600519,0000,000000,KARNATAKA,Raichur,VILLAGE,Venkatapur,Rural,151,855,430,425,146,63,83,371,188,183,150,68,82,416,278,138,439,152,287,466,246,220,173,123,50,70,60,10,97,60,37,1,0,1,5,3,2,293,123,170,32,16,16,261,107,154,0,0,0,0,0,0,280,114,166,21,8,13,259,106,153,0,0,0,0,0,0,13,9,4,11,8,3,2,1,1,0,0,0,0,0,0,389,184,205
29,559,0027,600520,0000,000000,KARNATAKA,Raichur,VILLAGE,Maski,Rural,4469,23655,11835,11820,3201,1686,1515,5920,2951,2969,2314,1129,1185,14447,8148,6299,9208,3687,5521,9708,6335,3373,8618,5835,2783,813,662,151,1944,786,1158,170,87,83,5691,4300,1391,1090,500,590,116,10,106,89,23,66,14,4,10,871,463,408,726,323,403,113,8,105,87,22,65,8,1,7,518,292,226,364,177,187,3,2,1,2,1,1,6,3,3,353,171,182,13947,5500,8447
29,559,0027,600521,0000,000000,KARNATAKA,Raichur,VILLAGE,Naraga Benchi,Rural,291,1625,814,811,199,106,93,429,211,218,132,64,68,1060,603,457,565,211,354,706,454,252,703,454,249,162,155,7,503,266,237,7,7,0,31,26,5,3,0,3,1,0,1,2,0,2,0,0,0,0,0,0,2,0,2,0,0,0,2,0,2,0,0,0,0,0,0,1,0,1,1,0,1,0,0,0,0,0,0,0,0,0,919,360,559
29,559,0027,600522,0000,000000,KARNATAKA,Raichur,VILLAGE,Antargangi (Big),Rural,128,804,410,394,134,65,69,374,199,175,244,118,126,332,225,107,472,185,287,429,228,201,185,171,14,97,95,2,20,18,2,1,1,0,67,57,10,244,57,187,6,5,1,207,31,176,4,1,3,27,20,7,230,51,179,6,5,1,197,26,171,4,1,3,23,19,4,14,6,8,0,0,0,10,5,5,0,0,0,4,1,3,375,182,193
29,559,0027,600523,0000,000000,KARNATAKA,Raichur,VILLAGE,Myadarnal,Rural,312,2032,1035,997,372,189,183,671,345,326,697,350,347,837,526,311,1195,509,686,979,556,423,974,553,421,245,212,33,672,305,367,9,7,2,48,29,19,5,3,2,1,0,1,2,2,0,0,0,0,2,1,1,3,2,1,1,0,1,1,1,0,0,0,0,1,1,0,2,1,1,0,0,0,1,1,0,0,0,0,1,0,1,1053,479,574
29,559,0027,600524,0000,000000,KARNATAKA,Raichur,VILLAGE,Antargangi (Small),Rural,3,30,15,15,9,5,4,0,0,0,26,12,14,10,8,2,20,7,13,12,8,4,12,8,4,5,4,1,5,2,3,0,0,0,2,2,0,0,0,0,0,0,0,0,0,0,0,0,0,0,0,0,0,0,0,0,0,0,0,0,0,0,0,0,0,0,0,0,0,0,0,0,0,0,0,0,0,0,0,0,0,0,18,7,11
29,559,0027,600525,0000,000000,KARNATAKA,Raichur,VILLAGE,Medikinhal,Rural,683,3816,1901,1915,590,296,294,1255,630,625,351,175,176,1689,1056,633,2127,845,1282,1630,1061,569,1460,1016,444,635,590,45,549,261,288,32,29,3,244,136,108,170,45,125,11,8,3,11,5,6,13,7,6,135,25,110,167,43,124,11,8,3,11,5,6,13,7,6,132,23,109,3,2,1,0,0,0,0,0,0,0,0,0,3,2,1,2186,840,1346
29,559,0027,600526,0000,000000,KARNATAKA,Raichur,VILLAGE,Bailgudda,Rural,163,1062,515,547,171,88,83,260,125,135,282,141,141,505,287,218,557,228,329,294,259,35,279,250,29,212,207,5,41,25,16,2,2,0,24,16,8,15,9,6,3,1,2,2,1,1,0,0,0,10,7,3,14,8,6,3,1,2,2,1,1,0,0,0,9,6,3,1,1,0,0,0,0,0,0,0,0,0,0,1,1,0,768,256,512
29,559,0027,600527,0000,000000,KARNATAKA,Raichur,VILLAGE,Sompur,Rural,70,402,212,190,72,40,32,350,188,162,0,0,0,137,90,47,265,122,143,221,106,115,134,102,32,129,100,29,5,2,3,0,0,0,0,0,0,87,4,83,2,0,2,85,4,81,0,0,0,0,0,0,87,4,83,2,0,2,85,4,81,0,0,0,0,0,0,0,0,0,0,0,0,0,0,0,0,0,0,0,0,0,181,106,75
29,559,0027,600528,0000,000000,KARNATAKA,Raichur,VILLAGE,Hadagali,Rural,417,2399,1245,1154,467,254,213,1814,937,877,131,70,61,989,669,320,1410,576,834,1146,664,482,827,588,239,382,358,24,326,143,183,11,9,2,108,78,30,319,76,243,54,26,28,233,36,197,15,2,13,17,12,5,281,58,223,51,23,28,201,22,179,13,2,11,16,11,5,38,18,20,3,3,0,32,14,18,2,0,2,1,1,0,1253,581,672
29,559,0027,600529,0000,000000,KARNATAKA,Raichur,VILLAGE,Desai-Bhogapur,Rural,365,1981,1030,951,356,193,163,988,523,465,496,242,254,711,469,242,1270,561,709,1022,518,504,626,463,163,359,337,22,249,117,132,0,0,0,18,9,9,396,55,341,9,3,6,383,50,333,0,0,0,4,2,2,395,54,341,9,3,6,383,50,333,0,0,0,3,1,2,1,1,0,0,0,0,0,0,0,0,0,0,1,1,0,959,512,447
29,559,0027,600530,0000,000000,KARNATAKA,Raichur,VILLAGE,Yerdoddi,Rural,196,1129,587,542,177,90,87,415,218,197,188,92,96,664,385,279,465,202,263,684,368,316,673,364,309,194,116,78,466,242,224,3,1,2,10,5,5,11,4,7,4,1,3,6,2,4,0,0,0,1,1,0,10,4,6,4,1,3,5,2,3,0,0,0,1,1,0,1,0,1,0,0,0,1,0,1,0,0,0,0,0,0,445,219,226
29,559,0027,600531,0000,000000,KARNATAKA,Raichur,VILLAGE,Baggalgudda,Rural,62,390,195,195,66,38,28,22,7,15,0,0,0,178,104,74,212,91,121,223,107,116,223,107,116,48,47,1,170,57,113,0,0,0,5,3,2,0,0,0,0,0,0,0,0,0,0,0,0,0,0,0,0,0,0,0,0,0,0,0,0,0,0,0,0,0,0,0,0,0,0,0,0,0,0,0,0,0,0,0,0,0,167,88,79
29,559,0027,600532,0000,000000,KARNATAKA,Raichur,VILLAGE,Veerapur(D),Rural,0,0,0,0,0,0,0,0,0,0,0,0,0,0,0,0,0,0,0,0,0,0,0,0,0,0,0,0,0,0,0,0,0,0,0,0,0,0,0,0,0,0,0,0,0,0,0,0,0,0,0,0,0,0,0,0,0,0,0,0,0,0,0,0,0,0,0,0,0,0,0,0,0,0,0,0,0,0,0,0,0,0,0,0,0
29,559,0027,600533,0000,000000,KARNATAKA,Raichur,VILLAGE,Kamandaldinni,Rural,21,116,61,55,16,8,8,116,61,55,0,0,0,51,31,20,65,30,35,72,36,36,72,36,36,38,28,10,34,8,26,0,0,0,0,0,0,0,0,0,0,0,0,0,0,0,0,0,0,0,0,0,0,0,0,0,0,0,0,0,0,0,0,0,0,0,0,0,0,0,0,0,0,0,0,0,0,0,0,0,0,0,44,25,19
29,559,0027,600534,0000,000000,KARNATAKA,Raichur,VILLAGE,Talekhan,Rural,285,1487,726,761,204,104,100,191,90,101,536,263,273,669,414,255,818,312,506,877,441,436,871,437,434,406,250,156,451,179,272,0,0,0,14,8,6,6,4,2,0,0,0,5,4,1,0,0,0,1,0,1,6,4,2,0,0,0,5,4,1,0,0,0,1,0,1,0,0,0,0,0,0,0,0,0,0,0,0,0,0,0,610,285,325
29,559,0027,600535,0000,000000,KARNATAKA,Raichur,TOWN,Hatti (CT),Urban,2759,16278,8216,8062,2155,1088,1067,3374,1702,1672,1767,878,889,10066,5896,4170,6212,2320,3892,4680,3845,835,3832,3240,592,154,128,26,381,240,141,51,44,7,3246,2828,418,848,605,243,17,11,6,104,56,48,61,50,11,666,488,178,607,437,170,15,10,5,80,44,36,31,22,9,481,361,120,241,168,73,2,1,1,24,12,12,30,28,2,185,127,58,11598,4371,7227
29,559,0028,000000,0000,000000,KARNATAKA,Raichur,CD BLOCK,Devadurga ,Total,43311,251677,125539,126138,41546,21145,20401,55320,27636,27684,88064,43772,44292,99122,61006,38116,152555,64533,88022,128523,69608,58915,104680,61331,43349,45061,32000,13061,46396,20013,26383,1253,831,422,11970,8487,3483,23843,8277,15566,1783,693,1090,18434,5735,12699,711,171,540,2915,1678,1237,21730,7423,14307,1600,616,984,16966,5224,11742,655,144,511,2509,1439,1070,2113,854,1259,183,77,106,1468,511,957,56,27,29,406,239,167,123154,55931,67223
29,559,0028,000000,0000,000000,KARNATAKA,Raichur,CD BLOCK,Devadurga ,Rural,43311,251677,125539,126138,41546,21145,20401,55320,27636,27684,88064,43772,44292,99122,61006,38116,152555,64533,88022,128523,69608,58915,104680,61331,43349,45061,32000,13061,46396,20013,26383,1253,831,422,11970,8487,3483,23843,8277,15566,1783,693,1090,18434,5735,12699,711,171,540,2915,1678,1237,21730,7423,14307,1600,616,984,16966,5224,11742,655,144,511,2509,1439,1070,2113,854,1259,183,77,106,1468,511,957,56,27,29,406,239,167,123154,55931,67223
29,559,0028,000000,0000,000000,KARNATAKA,Raichur,CD BLOCK,Devadurga ,Urban,0,0,0,0,0,0,0,0,0,0,0,0,0,0,0,0,0,0,0,0,0,0,0,0,0,0,0,0,0,0,0,0,0,0,0,0,0,0,0,0,0,0,0,0,0,0,0,0,0,0,0,0,0,0,0,0,0,0,0,0,0,0,0,0,0,0,0,0,0,0,0,0,0,0,0,0,0,0,0,0,0,0,0,0,0
29,559,0028,600536,0000,000000,KARNATAKA,Raichur,VILLAGE,Veergot,Rural,133,764,373,391,151,73,78,180,97,83,116,52,64,272,160,112,492,213,279,361,200,161,342,198,144,81,53,28,58,23,35,0,0,0,203,122,81,19,2,17,0,0,0,13,1,12,0,0,0,6,1,5,19,2,17,0,0,0,13,1,12,0,0,0,6,1,5,0,0,0,0,0,0,0,0,0,0,0,0,0,0,0,403,173,230
29,559,0028,600537,0000,000000,KARNATAKA,Raichur,VILLAGE,Bunkaldoddi,Rural,470,2750,1338,1412,475,238,237,235,111,124,1178,580,598,893,556,337,1857,782,1075,1366,710,656,1355,703,652,377,307,70,646,244,402,14,10,4,318,142,176,11,7,4,2,1,1,2,2,0,0,0,0,7,4,3,10,7,3,1,1,0,2,2,0,0,0,0,7,4,3,1,0,1,1,0,1,0,0,0,0,0,0,0,0,0,1384,628,756
29,559,0028,600538,0000,000000,KARNATAKA,Raichur,VILLAGE,Chinchodi,Rural,465,2739,1372,1367,430,226,204,718,348,370,496,256,240,1258,804,454,1481,568,913,1336,730,606,1330,726,604,760,481,279,464,167,297,2,1,1,104,77,27,6,4,2,1,1,0,3,2,1,0,0,0,2,1,1,5,4,1,1,1,0,3,2,1,0,0,0,1,1,0,1,0,1,0,0,0,0,0,0,0,0,0,1,0,1,1403,642,761
29,559,0028,600539,0000,000000,KARNATAKA,Raichur,VILLAGE,Lingadhalli,Rural,188,1101,558,543,212,103,109,214,112,102,489,254,235,439,286,153,662,272,390,542,322,220,397,313,84,163,156,7,203,130,73,0,0,0,31,27,4,145,9,136,69,3,66,71,2,69,0,0,0,5,4,1,145,9,136,69,3,66,71,2,69,0,0,0,5,4,1,0,0,0,0,0,0,0,0,0,0,0,0,0,0,0,559,236,323
29,559,0028,600540,0000,000000,KARNATAKA,Raichur,VILLAGE,Chapalki,Rural,0,0,0,0,0,0,0,0,0,0,0,0,0,0,0,0,0,0,0,0,0,0,0,0,0,0,0,0,0,0,0,0,0,0,0,0,0,0,0,0,0,0,0,0,0,0,0,0,0,0,0,0,0,0,0,0,0,0,0,0,0,0,0,0,0,0,0,0,0,0,0,0,0,0,0,0,0,0,0,0,0,0,0,0,0
29,559,0028,600541,0000,000000,KARNATAKA,Raichur,VILLAGE,Mudgot,Rural,122,767,392,375,146,82,64,122,58,64,547,284,263,338,212,126,429,180,249,423,215,208,413,207,206,126,116,10,221,40,181,0,0,0,66,51,15,10,8,2,4,3,1,5,4,1,0,0,0,1,1,0,7,6,1,1,1,0,5,4,1,0,0,0,1,1,0,3,2,1,3,2,1,0,0,0,0,0,0,0,0,0,344,177,167
29,559,0028,600542,0000,000000,KARNATAKA,Raichur,VILLAGE,Buddinni,Rural,5,35,18,17,9,3,6,0,0,0,8,5,3,22,14,8,13,4,9,18,12,6,17,11,6,6,6,0,7,1,6,0,0,0,4,4,0,1,1,0,1,1,0,0,0,0,0,0,0,0,0,0,1,1,0,1,1,0,0,0,0,0,0,0,0,0,0,0,0,0,0,0,0,0,0,0,0,0,0,0,0,0,17,6,11
29,559,0028,600543,0000,000000,KARNATAKA,Raichur,VILLAGE,Bagur,Rural,129,795,402,393,148,87,61,126,69,57,71,33,38,287,183,104,508,219,289,452,218,234,433,208,225,44,29,15,380,174,206,4,1,3,5,4,1,19,10,9,3,3,0,13,6,7,0,0,0,3,1,2,19,10,9,3,3,0,13,6,7,0,0,0,3,1,2,0,0,0,0,0,0,0,0,0,0,0,0,0,0,0,343,184,159
29,559,0028,600544,0000,000000,KARNATAKA,Raichur,VILLAGE,Herundi,Rural,186,1099,555,544,154,74,80,396,199,197,4,1,3,568,365,203,531,190,341,481,287,194,283,224,59,109,106,3,103,62,41,2,1,1,69,55,14,198,63,135,10,7,3,182,51,131,0,0,0,6,5,1,192,62,130,10,7,3,176,50,126,0,0,0,6,5,1,6,1,5,0,0,0,6,1,5,0,0,0,0,0,0,618,268,350
29,559,0028,600545,0000,000000,KARNATAKA,Raichur,VILLAGE,Navilgudda,Rural,103,627,306,321,98,49,49,95,45,50,442,214,228,270,157,113,357,149,208,326,179,147,313,174,139,73,68,5,194,70,124,0,0,0,46,36,10,13,5,8,4,2,2,9,3,6,0,0,0,0,0,0,13,5,8,4,2,2,9,3,6,0,0,0,0,0,0,0,0,0,0,0,0,0,0,0,0,0,0,0,0,0,301,127,174
29,559,0028,600546,0000,000000,KARNATAKA,Raichur,VILLAGE,Jambaldinni,Rural,61,390,209,181,46,27,19,40,24,16,93,52,41,222,138,84,168,71,97,239,125,114,91,66,25,38,36,2,21,11,10,4,1,3,28,18,10,148,59,89,7,6,1,76,26,50,20,9,11,45,18,27,136,53,83,6,6,0,71,24,47,19,8,11,40,15,25,12,6,6,1,0,1,5,2,3,1,1,0,5,3,2,151,84,67
29,559,0028,600547,0000,000000,KARNATAKA,Raichur,VILLAGE,Medinapur,Rural,67,387,211,176,53,35,18,40,22,18,0,0,0,222,145,77,165,66,99,249,133,116,97,81,16,54,54,0,16,8,8,4,3,1,23,16,7,152,52,100,0,0,0,109,33,76,8,3,5,35,16,19,151,52,99,0,0,0,108,33,75,8,3,5,35,16,19,1,0,1,0,0,0,1,0,1,0,0,0,0,0,0,138,78,60
29,559,0028,600548,0000,000000,KARNATAKA,Raichur,VILLAGE,Hampergundi,Rural,0,0,0,0,0,0,0,0,0,0,0,0,0,0,0,0,0,0,0,0,0,0,0,0,0,0,0,0,0,0,0,0,0,0,0,0,0,0,0,0,0,0,0,0,0,0,0,0,0,0,0,0,0,0,0,0,0,0,0,0,0,0,0,0,0,0,0,0,0,0,0,0,0,0,0,0,0,0,0,0,0,0,0,0,0
29,559,0028,600549,0000,000000,KARNATAKA,Raichur,VILLAGE,Jalhalli,Rural,2214,13063,6591,6472,2014,1026,988,2068,1005,1063,3706,1855,1851,6429,3825,2604,6634,2766,3868,5560,3422,2138,3765,2572,1193,864,650,214,1093,564,529,311,233,78,1497,1125,372,1795,850,945,40,23,17,1200,531,669,26,12,14,529,284,245,1743,826,917,40,23,17,1166,519,647,22,11,11,515,273,242,52,24,28,0,0,0,34,12,22,4,1,3,14,11,3,7503,3169,4334
29,559,0028,600550,0000,000000,KARNATAKA,Raichur,VILLAGE,Yerkamandoddi,Rural,0,0,0,0,0,0,0,0,0,0,0,0,0,0,0,0,0,0,0,0,0,0,0,0,0,0,0,0,0,0,0,0,0,0,0,0,0,0,0,0,0,0,0,0,0,0,0,0,0,0,0,0,0,0,0,0,0,0,0,0,0,0,0,0,0,0,0,0,0,0,0,0,0,0,0,0,0,0,0,0,0,0,0,0,0
29,559,0028,600551,0000,000000,KARNATAKA,Raichur,VILLAGE,Yergudda,Rural,174,1048,518,530,190,82,108,0,0,0,325,163,162,452,280,172,596,238,358,546,287,259,434,244,190,142,74,68,202,99,103,1,0,1,89,71,18,112,43,69,1,0,1,104,39,65,1,0,1,6,4,2,110,41,69,1,0,1,103,38,65,1,0,1,5,3,2,2,2,0,0,0,0,1,1,0,0,0,0,1,1,0,502,231,271
29,559,0028,600552,0000,000000,KARNATAKA,Raichur,VILLAGE,Bassapur,Rural,40,244,123,121,59,27,32,1,1,0,197,100,97,85,50,35,159,73,86,119,66,53,22,17,5,0,0,0,7,7,0,0,0,0,15,10,5,97,49,48,0,0,0,97,49,48,0,0,0,0,0,0,97,49,48,0,0,0,97,49,48,0,0,0,0,0,0,0,0,0,0,0,0,0,0,0,0,0,0,0,0,0,125,57,68
29,559,0028,600553,0000,000000,KARNATAKA,Raichur,VILLAGE,Hosur Siddapur,Rural,414,2657,1358,1299,507,269,238,8,4,4,1780,915,865,781,517,264,1876,841,1035,1356,715,641,1309,703,606,355,246,109,843,371,472,1,1,0,110,85,25,47,12,35,14,3,11,26,7,19,1,1,0,6,1,5,43,12,31,14,3,11,25,7,18,1,1,0,3,1,2,4,0,4,0,0,0,1,0,1,0,0,0,3,0,3,1301,643,658
29,559,0028,600554,0000,000000,KARNATAKA,Raichur,VILLAGE,Bommanhalli,Rural,285,2009,1011,998,371,198,173,314,157,157,1252,624,628,724,445,279,1285,566,719,979,524,455,725,426,299,262,257,5,421,142,279,0,0,0,42,27,15,254,98,156,3,3,0,227,80,147,0,0,0,24,15,9,246,93,153,3,3,0,221,77,144,0,0,0,22,13,9,8,5,3,0,0,0,6,3,3,0,0,0,2,2,0,1030,487,543
29,559,0028,600555,0000,000000,KARNATAKA,Raichur,VILLAGE,Horahatti,Rural,0,0,0,0,0,0,0,0,0,0,0,0,0,0,0,0,0,0,0,0,0,0,0,0,0,0,0,0,0,0,0,0,0,0,0,0,0,0,0,0,0,0,0,0,0,0,0,0,0,0,0,0,0,0,0,0,0,0,0,0,0,0,0,0,0,0,0,0,0,0,0,0,0,0,0,0,0,0,0,0,0,0,0,0,0
29,559,0028,600556,0000,000000,KARNATAKA,Raichur,VILLAGE,Timmapur,Rural,18,99,52,47,10,6,4,0,0,0,94,49,45,39,23,16,60,29,31,56,30,26,56,30,26,29,15,14,27,15,12,0,0,0,0,0,0,0,0,0,0,0,0,0,0,0,0,0,0,0,0,0,0,0,0,0,0,0,0,0,0,0,0,0,0,0,0,0,0,0,0,0,0,0,0,0,0,0,0,0,0,0,43,22,21
29,559,0028,600557,0000,000000,KARNATAKA,Raichur,VILLAGE,Parapur,Rural,70,427,217,210,81,41,40,111,57,54,259,133,126,161,99,62,266,118,148,260,133,127,260,133,127,61,32,29,194,99,95,0,0,0,5,2,3,0,0,0,0,0,0,0,0,0,0,0,0,0,0,0,0,0,0,0,0,0,0,0,0,0,0,0,0,0,0,0,0,0,0,0,0,0,0,0,0,0,0,0,0,0,167,84,83
29,559,0028,600558,0000,000000,KARNATAKA,Raichur,VILLAGE,Karadigudda,Rural,315,1807,878,929,313,168,145,264,126,138,858,418,440,554,349,205,1253,529,724,833,474,359,802,457,345,354,249,105,413,188,225,1,1,0,34,19,15,31,17,14,10,8,2,17,7,10,4,2,2,0,0,0,27,15,12,10,8,2,16,7,9,1,0,1,0,0,0,4,2,2,0,0,0,1,0,1,3,2,1,0,0,0,974,404,570
29,559,0028,600559,0000,000000,KARNATAKA,Raichur,VILLAGE,Amrapur,Rural,113,708,358,350,119,60,59,221,119,102,17,9,8,356,213,143,352,145,207,389,189,200,357,187,170,115,66,49,213,105,108,0,0,0,29,16,13,32,2,30,23,1,22,8,0,8,0,0,0,1,1,0,32,2,30,23,1,22,8,0,8,0,0,0,1,1,0,0,0,0,0,0,0,0,0,0,0,0,0,0,0,0,319,169,150
29,559,0028,600560,0000,000000,KARNATAKA,Raichur,VILLAGE,Suladgud,Rural,207,1258,638,620,282,149,133,1037,543,494,114,45,69,274,158,116,984,480,504,675,336,339,640,334,306,276,165,111,361,168,193,0,0,0,3,1,2,35,2,33,27,1,26,5,0,5,1,0,1,2,1,1,34,1,33,26,0,26,5,0,5,1,0,1,2,1,1,1,1,0,1,1,0,0,0,0,0,0,0,0,0,0,583,302,281
29,559,0028,600561,0000,000000,KARNATAKA,Raichur,VILLAGE,Mandalgud,Rural,129,828,409,419,165,87,78,145,73,72,212,99,113,254,145,109,574,264,310,451,238,213,397,217,180,255,164,91,121,40,81,3,2,1,18,11,7,54,21,33,22,10,12,32,11,21,0,0,0,0,0,0,31,12,19,11,5,6,20,7,13,0,0,0,0,0,0,23,9,14,11,5,6,12,4,8,0,0,0,0,0,0,377,171,206
29,559,0028,600562,0000,000000,KARNATAKA,Raichur,VILLAGE,Gajaldinni,Rural,130,719,344,375,118,60,58,30,14,16,28,15,13,223,149,74,496,195,301,407,199,208,117,106,11,86,85,1,26,17,9,1,1,0,4,3,1,290,93,197,2,1,1,282,88,194,0,0,0,6,4,2,225,82,143,2,1,1,218,78,140,0,0,0,5,3,2,65,11,54,0,0,0,64,10,54,0,0,0,1,1,0,312,145,167
29,559,0028,600563,0000,000000,KARNATAKA,Raichur,VILLAGE,Mukanhal,Rural,126,878,430,448,174,95,79,61,26,35,126,61,65,360,217,143,518,213,305,513,252,261,409,241,168,240,169,71,155,64,91,0,0,0,14,8,6,104,11,93,94,10,84,8,1,7,1,0,1,1,0,1,89,7,82,80,6,74,8,1,7,1,0,1,0,0,0,15,4,11,14,4,10,0,0,0,0,0,0,1,0,1,365,178,187
29,559,0028,600564,0000,000000,KARNATAKA,Raichur,VILLAGE,Mundargi,Rural,469,2589,1270,1319,462,230,232,424,220,204,1070,523,547,932,594,338,1657,676,981,1401,727,674,535,446,89,357,331,26,56,24,32,36,28,8,86,63,23,866,281,585,23,7,16,774,239,535,8,2,6,61,33,28,684,241,443,23,7,16,602,206,396,7,2,5,52,26,26,182,40,142,0,0,0,172,33,139,1,0,1,9,7,2,1188,543,645
29,559,0028,600565,0000,000000,KARNATAKA,Raichur,VILLAGE,Ganajali,Rural,209,1290,634,656,218,93,125,299,138,161,409,203,206,500,322,178,790,312,478,820,414,406,521,317,204,260,203,57,184,65,119,7,5,2,70,44,26,299,97,202,11,5,6,283,90,193,0,0,0,5,2,3,208,50,158,2,1,1,201,47,154,0,0,0,5,2,3,91,47,44,9,4,5,82,43,39,0,0,0,0,0,0,470,220,250
29,559,0028,600566,0000,000000,KARNATAKA,Raichur,VILLAGE,Devatgal,Rural,238,1197,604,593,175,95,80,212,108,104,623,315,308,489,317,172,708,287,421,662,328,334,317,253,64,188,184,4,57,13,44,0,0,0,72,56,16,345,75,270,4,2,2,260,26,234,3,0,3,78,47,31,341,71,270,4,2,2,260,26,234,3,0,3,74,43,31,4,4,0,0,0,0,0,0,0,0,0,0,4,4,0,535,276,259
29,559,0028,600567,0000,000000,KARNATAKA,Raichur,VILLAGE,Katmalli,Rural,33,145,71,74,13,10,3,8,3,5,30,13,17,51,31,20,94,40,54,86,39,47,50,35,15,34,31,3,13,1,12,1,1,0,2,2,0,36,4,32,0,0,0,36,4,32,0,0,0,0,0,0,36,4,32,0,0,0,36,4,32,0,0,0,0,0,0,0,0,0,0,0,0,0,0,0,0,0,0,0,0,0,59,32,27
29,559,0028,600568,0000,000000,KARNATAKA,Raichur,VILLAGE,Huligud,Rural,135,819,423,396,143,79,64,69,33,36,584,308,276,334,216,118,485,207,278,472,232,240,471,231,240,468,230,238,0,0,0,0,0,0,3,1,2,1,1,0,1,1,0,0,0,0,0,0,0,0,0,0,1,1,0,1,1,0,0,0,0,0,0,0,0,0,0,0,0,0,0,0,0,0,0,0,0,0,0,0,0,0,347,191,156
29,559,0028,600569,0000,000000,KARNATAKA,Raichur,VILLAGE,Kakkaldoddi,Rural,203,964,466,498,126,69,57,197,94,103,196,91,105,493,277,216,471,189,282,346,249,97,280,235,45,207,188,19,55,33,22,1,0,1,17,14,3,66,14,52,1,0,1,65,14,51,0,0,0,0,0,0,66,14,52,1,0,1,65,14,51,0,0,0,0,0,0,0,0,0,0,0,0,0,0,0,0,0,0,0,0,0,618,217,401
29,559,0028,600570,0000,000000,KARNATAKA,Raichur,VILLAGE,Kamaldinni,Rural,241,1288,663,625,215,120,95,429,199,230,126,64,62,541,340,201,747,323,424,673,370,303,279,256,23,147,143,4,99,86,13,0,0,0,33,27,6,394,114,280,2,1,1,334,68,266,0,0,0,58,45,13,389,110,279,1,1,0,334,68,266,0,0,0,54,41,13,5,4,1,1,0,1,0,0,0,0,0,0,4,4,0,615,293,322
29,559,0028,600571,0000,000000,KARNATAKA,Raichur,VILLAGE,Mudvaigaddi,Rural,30,198,99,99,27,12,15,0,0,0,196,97,99,67,40,27,131,59,72,109,56,53,32,30,2,20,20,0,10,9,1,0,0,0,2,1,1,77,26,51,1,0,1,70,21,49,0,0,0,6,5,1,76,25,51,1,0,1,69,20,49,0,0,0,6,5,1,1,1,0,0,0,0,1,1,0,0,0,0,0,0,0,89,43,46
29,559,0028,600572,0000,000000,KARNATAKA,Raichur,VILLAGE,Mykaldoddi,Rural,230,1106,554,552,176,88,88,507,253,254,114,62,52,429,251,178,677,303,374,589,305,284,459,292,167,391,254,137,67,38,29,1,0,1,0,0,0,130,13,117,7,3,4,116,10,106,2,0,2,5,0,5,130,13,117,7,3,4,116,10,106,2,0,2,5,0,5,0,0,0,0,0,0,0,0,0,0,0,0,0,0,0,517,249,268
29,559,0028,600573,0000,000000,KARNATAKA,Raichur,VILLAGE,Bhogiramangund,Rural,311,1778,850,928,301,153,148,194,97,97,1442,677,765,667,394,273,1111,456,655,987,479,508,985,479,506,89,69,20,864,394,470,0,0,0,32,16,16,2,0,2,1,0,1,1,0,1,0,0,0,0,0,0,2,0,2,1,0,1,1,0,1,0,0,0,0,0,0,0,0,0,0,0,0,0,0,0,0,0,0,0,0,0,791,371,420
29,559,0028,600574,0000,000000,KARNATAKA,Raichur,VILLAGE,Somanmardi,Rural,417,2691,1366,1325,458,254,204,416,210,206,1413,723,690,891,558,333,1800,808,992,1589,798,791,1393,758,635,621,458,163,672,221,451,12,11,1,88,68,20,196,40,156,10,4,6,171,26,145,2,2,0,13,8,5,188,36,152,10,4,6,167,25,142,0,0,0,11,7,4,8,4,4,0,0,0,4,1,3,2,2,0,2,1,1,1102,568,534
29,559,0028,600575,0000,000000,KARNATAKA,Raichur,VILLAGE,Naglapur,Rural,0,0,0,0,0,0,0,0,0,0,0,0,0,0,0,0,0,0,0,0,0,0,0,0,0,0,0,0,0,0,0,0,0,0,0,0,0,0,0,0,0,0,0,0,0,0,0,0,0,0,0,0,0,0,0,0,0,0,0,0,0,0,0,0,0,0,0,0,0,0,0,0,0,0,0,0,0,0,0,0,0,0,0,0,0
29,559,0028,600576,0000,000000,KARNATAKA,Raichur,VILLAGE,Gandhal,Rural,429,2396,1182,1214,368,194,174,522,265,257,578,284,294,915,535,380,1481,647,834,1439,709,730,1221,669,552,535,335,200,612,285,327,42,28,14,32,21,11,218,40,178,18,6,12,197,32,165,0,0,0,3,2,1,212,36,176,14,3,11,197,32,165,0,0,0,1,1,0,6,4,2,4,3,1,0,0,0,0,0,0,2,1,1,957,473,484
29,559,0028,600577,0000,000000,KARNATAKA,Raichur,VILLAGE,Ooti,Rural,269,1742,858,884,312,163,149,107,52,55,1171,576,595,631,390,241,1111,468,643,944,497,447,940,495,445,305,207,98,484,154,330,0,0,0,151,134,17,4,2,2,1,0,1,3,2,1,0,0,0,0,0,0,4,2,2,1,0,1,3,2,1,0,0,0,0,0,0,0,0,0,0,0,0,0,0,0,0,0,0,0,0,0,798,361,437
29,559,0028,600578,0000,000000,KARNATAKA,Raichur,VILLAGE,Wandli,Rural,413,2294,1119,1175,325,160,165,577,278,299,292,144,148,979,596,383,1315,523,792,1378,687,691,1349,673,676,619,390,229,674,239,435,2,2,0,54,42,12,29,14,15,2,1,1,9,3,6,1,0,1,17,10,7,27,12,15,2,1,1,9,3,6,1,0,1,15,8,7,2,2,0,0,0,0,0,0,0,0,0,0,2,2,0,916,432,484
29,559,0028,600579,0000,000000,KARNATAKA,Raichur,VILLAGE,Palkanmardi,Rural,253,1538,786,752,265,139,126,452,231,221,266,141,125,598,380,218,940,406,534,789,442,347,784,440,344,654,361,293,92,46,46,0,0,0,38,33,5,5,2,3,1,0,1,1,0,1,0,0,0,3,2,1,4,1,3,1,0,1,1,0,1,0,0,0,2,1,1,1,1,0,0,0,0,0,0,0,0,0,0,1,1,0,749,344,405
29,559,0028,600580,0000,000000,KARNATAKA,Raichur,VILLAGE,Madarkal,Rural,204,1223,627,596,170,82,88,100,52,48,258,132,126,354,228,126,869,399,470,627,360,267,582,338,244,275,261,14,288,63,225,6,5,1,13,9,4,45,22,23,5,1,4,34,19,15,5,1,4,1,1,0,42,22,20,4,1,3,33,19,14,4,1,3,1,1,0,3,0,3,1,0,1,1,0,1,1,0,1,0,0,0,596,267,329
29,559,0028,600581,0000,000000,KARNATAKA,Raichur,VILLAGE,Devergud,Rural,89,611,292,319,114,50,64,0,0,0,288,133,155,201,113,88,410,179,231,194,133,61,165,119,46,150,108,42,3,3,0,1,1,0,11,7,4,29,14,15,7,2,5,0,0,0,0,0,0,22,12,10,29,14,15,7,2,5,0,0,0,0,0,0,22,12,10,0,0,0,0,0,0,0,0,0,0,0,0,0,0,0,417,159,258
29,559,0028,600582,0000,000000,KARNATAKA,Raichur,VILLAGE,Mudalagund,Rural,222,1473,726,747,283,147,136,241,110,131,1083,540,543,414,265,149,1059,461,598,666,406,260,534,351,183,461,308,153,63,36,27,2,2,0,8,5,3,132,55,77,6,4,2,119,47,72,4,1,3,3,3,0,45,13,32,3,2,1,37,7,30,2,1,1,3,3,0,87,42,45,3,2,1,82,40,42,2,0,2,0,0,0,807,320,487
29,559,0028,600583,0000,000000,KARNATAKA,Raichur,VILLAGE,Sunnadkal,Rural,221,1455,708,747,291,127,164,108,51,57,1098,530,568,516,328,188,939,380,559,855,419,436,854,419,435,781,384,397,51,23,28,2,1,1,20,11,9,1,0,1,0,0,0,1,0,1,0,0,0,0,0,0,1,0,1,0,0,0,1,0,1,0,0,0,0,0,0,0,0,0,0,0,0,0,0,0,0,0,0,0,0,0,600,289,311
29,559,0028,600584,0000,000000,KARNATAKA,Raichur,VILLAGE,Galag,Rural,1093,6592,3282,3310,1094,555,539,635,299,336,3097,1546,1551,2467,1543,924,4125,1739,2386,3333,1854,1479,2856,1677,1179,1045,860,185,1539,606,933,7,2,5,265,209,56,477,177,300,30,12,18,418,145,273,6,3,3,23,17,6,463,170,293,30,12,18,410,142,268,6,3,3,17,13,4,14,7,7,0,0,0,8,3,5,0,0,0,6,4,2,3259,1428,1831
29,559,0028,600585,0000,000000,KARNATAKA,Raichur,VILLAGE,Chadkalgudda,Rural,225,1499,728,771,241,113,128,134,71,63,1182,556,626,429,279,150,1070,449,621,916,449,467,881,434,447,309,168,141,558,259,299,6,5,1,8,2,6,35,15,20,18,11,7,17,4,13,0,0,0,0,0,0,35,15,20,18,11,7,17,4,13,0,0,0,0,0,0,0,0,0,0,0,0,0,0,0,0,0,0,0,0,0,583,279,304
29,559,0028,600586,0000,000000,KARNATAKA,Raichur,VILLAGE,Anchesugur,Rural,182,1023,481,542,141,72,69,254,115,139,162,80,82,422,244,178,601,237,364,573,283,290,552,273,279,103,65,38,433,199,234,1,0,1,15,9,6,21,10,11,5,2,3,12,4,8,0,0,0,4,4,0,20,10,10,5,2,3,11,4,7,0,0,0,4,4,0,1,0,1,0,0,0,1,0,1,0,0,0,0,0,0,450,198,252
29,559,0028,600587,0000,000000,KARNATAKA,Raichur,VILLAGE,Gopalpur,Rural,274,1498,758,740,203,106,97,462,237,225,211,107,104,650,405,245,848,353,495,665,424,241,581,390,191,265,230,35,285,139,146,0,0,0,31,21,10,84,34,50,10,9,1,73,25,48,0,0,0,1,0,1,83,33,50,10,9,1,72,24,48,0,0,0,1,0,1,1,1,0,0,0,0,1,1,0,0,0,0,0,0,0,833,334,499
29,559,0028,600588,0000,000000,KARNATAKA,Raichur,VILLAGE,Wagadambli,Rural,138,735,368,367,97,43,54,35,18,17,286,147,139,325,205,120,410,163,247,443,226,217,438,222,216,91,50,41,331,162,169,0,0,0,16,10,6,5,4,1,0,0,0,2,1,1,0,0,0,3,3,0,4,3,1,0,0,0,2,1,1,0,0,0,2,2,0,1,1,0,0,0,0,0,0,0,0,0,0,1,1,0,292,142,150
29,559,0028,600589,0000,000000,KARNATAKA,Raichur,VILLAGE,Huvinhadgi,Rural,141,788,408,380,146,85,61,76,36,40,131,66,65,359,215,144,429,193,236,411,229,182,409,227,182,69,68,1,314,143,171,16,9,7,10,7,3,2,2,0,2,2,0,0,0,0,0,0,0,0,0,0,2,2,0,2,2,0,0,0,0,0,0,0,0,0,0,0,0,0,0,0,0,0,0,0,0,0,0,0,0,0,377,179,198
29,559,0028,600590,0000,000000,KARNATAKA,Raichur,VILLAGE,Joladhadgi,Rural,205,1212,581,631,164,77,87,194,95,99,307,149,158,532,315,217,680,266,414,538,349,189,521,344,177,144,128,16,304,156,148,0,0,0,73,60,13,17,5,12,5,2,3,9,3,6,0,0,0,3,0,3,17,5,12,5,2,3,9,3,6,0,0,0,3,0,3,0,0,0,0,0,0,0,0,0,0,0,0,0,0,0,674,232,442
29,559,0028,600591,0000,000000,KARNATAKA,Raichur,VILLAGE,Dondambli,Rural,262,1610,803,807,278,135,143,652,340,312,120,57,63,712,430,282,898,373,525,866,455,411,861,454,407,85,72,13,702,327,375,3,2,1,71,53,18,5,1,4,0,0,0,0,0,0,0,0,0,5,1,4,5,1,4,0,0,0,0,0,0,0,0,0,5,1,4,0,0,0,0,0,0,0,0,0,0,0,0,0,0,0,744,348,396
29,559,0028,600592,0000,000000,KARNATAKA,Raichur,VILLAGE,Benkal,Rural,143,847,418,429,136,70,66,115,51,64,397,204,193,310,186,124,537,232,305,488,255,233,420,241,179,97,65,32,227,99,128,0,0,0,96,77,19,68,14,54,0,0,0,57,10,47,0,0,0,11,4,7,67,13,54,0,0,0,57,10,47,0,0,0,10,3,7,1,1,0,0,0,0,0,0,0,0,0,0,1,1,0,359,163,196
29,559,0028,600593,0000,000000,KARNATAKA,Raichur,VILLAGE,Konchapli,Rural,236,1216,606,610,186,100,86,143,84,59,696,351,345,459,285,174,757,321,436,485,304,181,358,248,110,213,195,18,106,27,79,3,3,0,36,23,13,127,56,71,8,5,3,118,50,68,0,0,0,1,1,0,41,25,16,4,2,2,36,22,14,0,0,0,1,1,0,86,31,55,4,3,1,82,28,54,0,0,0,0,0,0,731,302,429
29,559,0028,600594,0000,000000,KARNATAKA,Raichur,VILLAGE,Mydargol,Rural,75,430,209,221,81,40,41,11,6,5,371,177,194,154,92,62,276,117,159,238,112,126,238,112,126,92,89,3,141,18,123,0,0,0,5,5,0,0,0,0,0,0,0,0,0,0,0,0,0,0,0,0,0,0,0,0,0,0,0,0,0,0,0,0,0,0,0,0,0,0,0,0,0,0,0,0,0,0,0,0,0,0,192,97,95
29,559,0028,600595,0000,000000,KARNATAKA,Raichur,VILLAGE,Karkihalli,Rural,157,949,464,485,184,91,93,88,41,47,676,329,347,311,197,114,638,267,371,547,286,261,538,285,253,99,54,45,416,220,196,2,1,1,21,10,11,9,1,8,1,0,1,8,1,7,0,0,0,0,0,0,7,1,6,1,0,1,6,1,5,0,0,0,0,0,0,2,0,2,0,0,0,2,0,2,0,0,0,0,0,0,402,178,224
29,559,0028,600596,0000,000000,KARNATAKA,Raichur,VILLAGE,Paratpur,Rural,111,690,349,341,125,71,54,103,61,42,117,56,61,330,191,139,360,158,202,396,186,210,319,165,154,121,88,33,155,48,107,1,0,1,42,29,13,77,21,56,26,5,21,48,16,32,0,0,0,3,0,3,9,2,7,1,0,1,8,2,6,0,0,0,0,0,0,68,19,49,25,5,20,40,14,26,0,0,0,3,0,3,294,163,131
29,559,0028,600597,0000,000000,KARNATAKA,Raichur,VILLAGE,Kopper,Rural,506,2882,1495,1387,420,213,207,586,300,286,330,172,158,1556,949,607,1326,546,780,1012,680,332,712,620,92,325,316,9,108,83,25,34,31,3,245,190,55,300,60,240,5,4,1,214,28,186,31,4,27,50,24,26,288,57,231,5,4,1,210,28,182,28,2,26,45,23,22,12,3,9,0,0,0,4,0,4,3,2,1,5,1,4,1870,815,1055
29,559,0028,600598,0000,000000,KARNATAKA,Raichur,VILLAGE,Kurkihalli,Rural,257,1676,842,834,268,139,129,145,71,74,653,330,323,603,367,236,1073,475,598,903,469,434,884,459,425,478,273,205,369,161,208,7,3,4,30,22,8,19,10,9,6,3,3,11,5,6,1,1,0,1,1,0,19,10,9,6,3,3,11,5,6,1,1,0,1,1,0,0,0,0,0,0,0,0,0,0,0,0,0,0,0,0,773,373,400
29,559,0028,600599,0000,000000,KARNATAKA,Raichur,VILLAGE,Yatgal,Rural,239,1308,641,667,214,118,96,340,160,180,74,31,43,635,397,238,673,244,429,756,348,408,119,111,8,111,106,5,1,1,0,0,0,0,7,4,3,637,237,400,6,4,2,629,231,398,0,0,0,2,2,0,637,237,400,6,4,2,629,231,398,0,0,0,2,2,0,0,0,0,0,0,0,0,0,0,0,0,0,0,0,0,552,293,259
29,559,0028,600600,0000,000000,KARNATAKA,Raichur,VILLAGE,Herur,Rural,196,935,462,473,139,71,68,343,158,185,8,5,3,431,267,164,504,195,309,543,277,266,507,250,257,120,93,27,279,96,183,18,7,11,90,54,36,36,27,9,1,0,1,2,0,2,6,4,2,27,23,4,34,25,9,1,0,1,2,0,2,6,4,2,25,21,4,2,2,0,0,0,0,0,0,0,0,0,0,2,2,0,392,185,207
29,559,0028,600601,0000,000000,KARNATAKA,Raichur,VILLAGE,Salkyapur,Rural,144,826,402,424,137,67,70,28,14,14,116,53,63,261,163,98,565,239,326,500,243,257,472,233,239,32,31,1,390,162,228,0,0,0,50,40,10,28,10,18,1,1,0,24,8,16,1,0,1,2,1,1,25,10,15,1,1,0,21,8,13,1,0,1,2,1,1,3,0,3,0,0,0,3,0,3,0,0,0,0,0,0,326,159,167
29,559,0028,600602,0000,000000,KARNATAKA,Raichur,VILLAGE,Gopendeverhalli,Rural,53,286,135,151,38,20,18,20,10,10,122,54,68,144,83,61,142,52,90,174,88,86,153,80,73,46,44,2,95,29,66,0,0,0,12,7,5,21,8,13,0,0,0,21,8,13,0,0,0,0,0,0,21,8,13,0,0,0,21,8,13,0,0,0,0,0,0,0,0,0,0,0,0,0,0,0,0,0,0,0,0,0,112,47,65
29,559,0028,600603,0000,000000,KARNATAKA,Raichur,VILLAGE,Nagarhal,Rural,76,437,219,218,56,29,27,75,32,43,153,74,79,177,105,72,260,114,146,274,132,142,158,103,55,74,73,1,59,12,47,0,0,0,25,18,7,116,29,87,0,0,0,114,28,86,0,0,0,2,1,1,115,29,86,0,0,0,113,28,85,0,0,0,2,1,1,1,0,1,0,0,0,1,0,1,0,0,0,0,0,0,163,87,76
29,559,0028,600604,0000,000000,KARNATAKA,Raichur,VILLAGE,Chickbudur,Rural,271,1380,654,726,223,103,120,297,133,164,177,87,90,645,389,256,735,265,470,851,429,422,721,406,315,439,294,145,217,61,156,1,1,0,64,50,14,130,23,107,66,14,52,58,5,53,0,0,0,6,4,2,112,18,94,55,11,44,51,3,48,0,0,0,6,4,2,18,5,13,11,3,8,7,2,5,0,0,0,0,0,0,529,225,304
29,559,0028,600605,0000,000000,KARNATAKA,Raichur,VILLAGE,Arshangi,Rural,214,1382,692,690,228,102,126,391,203,188,292,144,148,555,351,204,827,341,486,801,416,385,795,412,383,177,168,9,596,227,369,1,1,0,21,16,5,6,4,2,0,0,0,6,4,2,0,0,0,0,0,0,6,4,2,0,0,0,6,4,2,0,0,0,0,0,0,0,0,0,0,0,0,0,0,0,0,0,0,0,0,0,581,276,305
29,559,0028,600606,0000,000000,KARNATAKA,Raichur,VILLAGE,Ramanhal,Rural,233,1456,765,691,239,129,110,137,68,69,993,513,480,493,303,190,963,462,501,900,469,431,689,362,327,470,254,216,213,104,109,1,0,1,5,4,1,211,107,104,60,33,27,149,72,77,1,1,0,1,1,0,199,100,99,58,32,26,139,66,73,1,1,0,1,1,0,12,7,5,2,1,1,10,6,4,0,0,0,0,0,0,556,296,260
29,559,0028,600607,0000,000000,KARNATAKA,Raichur,VILLAGE,Hunur,Rural,61,341,159,182,50,28,22,80,36,44,27,11,16,169,84,85,172,75,97,179,83,96,69,57,12,36,30,6,9,7,2,3,1,2,21,19,2,110,26,84,42,8,34,52,15,37,2,0,2,14,3,11,105,26,79,39,8,31,52,15,37,1,0,1,13,3,10,5,0,5,3,0,3,0,0,0,1,0,1,1,0,1,162,76,86
29,559,0028,600608,0000,000000,KARNATAKA,Raichur,VILLAGE,Hemnhal,Rural,76,442,230,212,68,38,30,131,68,63,95,47,48,257,161,96,185,69,116,170,93,77,54,47,7,33,28,5,9,8,1,7,7,0,5,4,1,116,46,70,33,19,14,62,19,43,0,0,0,21,8,13,116,46,70,33,19,14,62,19,43,0,0,0,21,8,13,0,0,0,0,0,0,0,0,0,0,0,0,0,0,0,272,137,135
29,559,0028,600609,0000,000000,KARNATAKA,Raichur,VILLAGE,Nagargund,Rural,262,1759,882,877,249,129,120,247,122,125,1010,510,500,693,430,263,1066,452,614,1121,544,577,770,417,353,95,71,24,629,317,312,15,5,10,31,24,7,351,127,224,28,26,2,131,40,91,148,34,114,44,27,17,326,113,213,27,25,2,117,34,83,146,33,113,36,21,15,25,14,11,1,1,0,14,6,8,2,1,1,8,6,2,638,338,300
29,559,0028,600610,0000,000000,KARNATAKA,Raichur,VILLAGE,Devadurga (Rural),Rural,0,0,0,0,0,0,0,0,0,0,0,0,0,0,0,0,0,0,0,0,0,0,0,0,0,0,0,0,0,0,0,0,0,0,0,0,0,0,0,0,0,0,0,0,0,0,0,0,0,0,0,0,0,0,0,0,0,0,0,0,0,0,0,0,0,0,0,0,0,0,0,0,0,0,0,0,0,0,0,0,0,0,0,0,0
29,559,0028,600611,0000,000000,KARNATAKA,Raichur,VILLAGE,Anjal,Rural,278,1467,694,773,230,111,119,123,53,70,943,447,496,462,284,178,1005,410,595,853,426,427,808,417,391,526,349,177,249,46,203,2,2,0,31,20,11,45,9,36,7,4,3,28,3,25,2,1,1,8,1,7,27,7,20,6,3,3,15,3,12,1,1,0,5,0,5,18,2,16,1,1,0,13,0,13,1,0,1,3,1,2,614,268,346
29,559,0028,600612,0000,000000,KARNATAKA,Raichur,VILLAGE,Nilvanji,Rural,193,1398,710,688,298,160,138,65,35,30,287,147,140,641,408,233,757,302,455,736,376,360,573,371,202,539,348,191,26,19,7,0,0,0,8,4,4,163,5,158,9,3,6,151,1,150,2,0,2,1,1,0,161,5,156,8,3,5,151,1,150,1,0,1,1,1,0,2,0,2,1,0,1,0,0,0,1,0,1,0,0,0,662,334,328
29,559,0028,600613,0000,000000,KARNATAKA,Raichur,VILLAGE,Karegud,Rural,604,3842,1889,1953,782,396,386,372,175,197,2885,1437,1448,1022,684,338,2820,1205,1615,1859,1033,826,1595,949,646,925,633,292,592,255,337,4,3,1,74,58,16,264,84,180,6,4,2,225,58,167,0,0,0,33,22,11,256,78,178,6,4,2,224,57,167,0,0,0,26,17,9,8,6,2,0,0,0,1,1,0,0,0,0,7,5,2,1983,856,1127
29,559,0028,600614,0000,000000,KARNATAKA,Raichur,VILLAGE,Venglapur,Rural,344,1832,914,918,381,175,206,751,377,374,1052,524,528,602,383,219,1230,531,699,879,451,428,413,361,52,338,312,26,57,38,19,0,0,0,18,11,7,466,90,376,6,2,4,458,86,372,0,0,0,2,2,0,466,90,376,6,2,4,458,86,372,0,0,0,2,2,0,0,0,0,0,0,0,0,0,0,0,0,0,0,0,0,953,463,490
29,559,0028,600615,0000,000000,KARNATAKA,Raichur,VILLAGE,Samudra,Rural,191,1296,657,639,221,110,111,479,238,241,553,284,269,426,286,140,870,371,499,742,397,345,741,396,345,402,237,165,300,127,173,2,2,0,37,30,7,1,1,0,0,0,0,1,1,0,0,0,0,0,0,0,1,1,0,0,0,0,1,1,0,0,0,0,0,0,0,0,0,0,0,0,0,0,0,0,0,0,0,0,0,0,554,260,294
29,559,0028,600616,0000,000000,KARNATAKA,Raichur,VILLAGE,Nimbaidoddi,Rural,49,325,165,160,66,34,32,2,1,1,323,164,159,15,10,5,310,155,155,185,101,84,183,99,84,182,99,83,0,0,0,0,0,0,1,0,1,2,2,0,0,0,0,2,2,0,0,0,0,0,0,0,2,2,0,0,0,0,2,2,0,0,0,0,0,0,0,0,0,0,0,0,0,0,0,0,0,0,0,0,0,0,140,64,76
29,559,0028,600617,0000,000000,KARNATAKA,Raichur,VILLAGE,Guddad Irabgera,Rural,103,632,315,317,106,49,57,0,0,0,632,315,317,64,35,29,568,280,288,392,204,188,384,200,184,378,197,181,2,1,1,0,0,0,4,2,2,8,4,4,0,0,0,8,4,4,0,0,0,0,0,0,8,4,4,0,0,0,8,4,4,0,0,0,0,0,0,0,0,0,0,0,0,0,0,0,0,0,0,0,0,0,240,111,129
29,559,0028,600618,0000,000000,KARNATAKA,Raichur,VILLAGE,Kelgin Irabgera,Rural,871,5765,2930,2835,1145,600,545,2628,1335,1293,2941,1489,1452,1093,716,377,4672,2214,2458,3017,1588,1429,2198,1416,782,1285,983,302,847,394,453,3,2,1,63,37,26,819,172,647,217,26,191,593,139,454,1,0,1,8,7,1,719,123,596,215,26,189,498,93,405,1,0,1,5,4,1,100,49,51,2,0,2,95,46,49,0,0,0,3,3,0,2748,1342,1406
29,559,0028,600619,0000,000000,KARNATAKA,Raichur,VILLAGE,Mansagal,Rural,140,898,448,450,134,68,66,133,62,71,119,56,63,437,258,179,461,190,271,397,240,157,286,182,104,248,156,92,3,1,2,0,0,0,35,25,10,111,58,53,2,2,0,98,47,51,0,0,0,11,9,2,110,57,53,1,1,0,98,47,51,0,0,0,11,9,2,1,1,0,1,1,0,0,0,0,0,0,0,0,0,0,501,208,293
29,559,0028,600620,0000,000000,KARNATAKA,Raichur,VILLAGE,Kotigud,Rural,148,954,478,476,144,73,71,303,156,147,592,290,302,544,324,220,410,154,256,540,273,267,302,197,105,120,119,1,141,49,92,1,0,1,40,29,11,238,76,162,1,1,0,198,59,139,0,0,0,39,16,23,238,76,162,1,1,0,198,59,139,0,0,0,39,16,23,0,0,0,0,0,0,0,0,0,0,0,0,0,0,0,414,205,209
29,559,0028,600621,0000,000000,KARNATAKA,Raichur,VILLAGE,Sasvigera,Rural,533,3412,1764,1648,799,415,384,2768,1424,1344,387,206,181,846,571,275,2566,1193,1373,1794,900,894,1765,889,876,949,570,379,677,240,437,16,6,10,123,73,50,29,11,18,1,1,0,15,3,12,4,3,1,9,4,5,27,10,17,1,1,0,15,3,12,4,3,1,7,3,4,2,1,1,0,0,0,0,0,0,0,0,0,2,1,1,1618,864,754
29,559,0028,600622,0000,000000,KARNATAKA,Raichur,VILLAGE,Kardigudda,Rural,92,547,284,263,91,57,34,96,49,47,396,208,188,247,148,99,300,136,164,346,167,179,95,76,19,1,0,1,83,68,15,0,0,0,11,8,3,251,91,160,0,0,0,246,88,158,1,1,0,4,2,2,246,88,158,0,0,0,244,87,157,0,0,0,2,1,1,5,3,2,0,0,0,2,1,1,1,1,0,2,1,1,201,117,84
29,559,0028,600623,0000,000000,KARNATAKA,Raichur,VILLAGE,Gundgurthi,Rural,162,938,463,475,118,57,61,469,225,244,234,120,114,500,309,191,438,154,284,545,275,270,507,257,250,349,192,157,143,58,85,0,0,0,15,7,8,38,18,20,23,12,11,14,5,9,0,0,0,1,1,0,38,18,20,23,12,11,14,5,9,0,0,0,1,1,0,0,0,0,0,0,0,0,0,0,0,0,0,0,0,0,393,188,205
29,559,0028,600624,0000,000000,KARNATAKA,Raichur,VILLAGE,Sugarhal,Rural,99,541,287,254,74,40,34,159,83,76,164,78,86,279,179,100,262,108,154,303,146,157,284,131,153,64,63,1,199,52,147,2,1,1,19,15,4,19,15,4,0,0,0,1,0,1,0,0,0,18,15,3,19,15,4,0,0,0,1,0,1,0,0,0,18,15,3,0,0,0,0,0,0,0,0,0,0,0,0,0,0,0,238,141,97
29,559,0028,600625,0000,000000,KARNATAKA,Raichur,VILLAGE,Jerbandi,Rural,146,889,450,439,129,55,74,390,196,194,8,4,4,437,263,174,452,187,265,473,261,212,269,177,92,74,74,0,171,88,83,1,1,0,23,14,9,204,84,120,5,3,2,192,75,117,1,1,0,6,5,1,200,82,118,5,3,2,191,75,116,1,1,0,3,3,0,4,2,2,0,0,0,1,0,1,0,0,0,3,2,1,416,189,227
29,559,0028,600626,0000,000000,KARNATAKA,Raichur,VILLAGE,Kamdhal,Rural,67,380,189,191,37,19,18,83,43,40,125,57,68,172,104,68,208,85,123,213,105,108,42,39,3,33,33,0,5,2,3,0,0,0,4,4,0,171,66,105,5,2,3,165,63,102,0,0,0,1,1,0,171,66,105,5,2,3,165,63,102,0,0,0,1,1,0,0,0,0,0,0,0,0,0,0,0,0,0,0,0,0,167,84,83
29,559,0028,600627,0000,000000,KARNATAKA,Raichur,VILLAGE,Devergud,Rural,106,688,383,305,85,50,35,315,176,139,142,81,61,379,255,124,309,128,181,188,171,17,131,123,8,115,110,5,5,4,1,0,0,0,11,9,2,57,48,9,5,5,0,32,28,4,0,0,0,20,15,5,57,48,9,5,5,0,32,28,4,0,0,0,20,15,5,0,0,0,0,0,0,0,0,0,0,0,0,0,0,0,500,212,288
29,559,0028,600628,0000,000000,KARNATAKA,Raichur,VILLAGE,Yermasal,Rural,221,1316,650,666,205,101,104,242,121,121,49,23,26,524,337,187,792,313,479,666,342,324,661,339,322,176,109,67,391,160,231,6,3,3,88,67,21,5,3,2,0,0,0,5,3,2,0,0,0,0,0,0,5,3,2,0,0,0,5,3,2,0,0,0,0,0,0,0,0,0,0,0,0,0,0,0,0,0,0,0,0,0,650,308,342
29,559,0028,600629,0000,000000,KARNATAKA,Raichur,VILLAGE,Chickhonkuni,Rural,192,1226,579,647,235,121,114,376,172,204,288,144,144,591,333,258,635,246,389,679,317,362,662,307,355,231,103,128,382,166,216,4,3,1,45,35,10,17,10,7,4,2,2,10,5,5,0,0,0,3,3,0,16,9,7,3,1,2,10,5,5,0,0,0,3,3,0,1,1,0,1,1,0,0,0,0,0,0,0,0,0,0,547,262,285
29,559,0028,600630,0000,000000,KARNATAKA,Raichur,VILLAGE,Hirehonkuni,Rural,0,0,0,0,0,0,0,0,0,0,0,0,0,0,0,0,0,0,0,0,0,0,0,0,0,0,0,0,0,0,0,0,0,0,0,0,0,0,0,0,0,0,0,0,0,0,0,0,0,0,0,0,0,0,0,0,0,0,0,0,0,0,0,0,0,0,0,0,0,0,0,0,0,0,0,0,0,0,0,0,0,0,0,0,0
29,559,0028,600631,0000,000000,KARNATAKA,Raichur,VILLAGE,Miyapur,Rural,215,1172,556,616,173,84,89,372,177,195,518,232,286,503,298,205,669,258,411,634,305,329,613,296,317,38,28,10,493,216,277,1,1,0,81,51,30,21,9,12,0,0,0,14,6,8,3,0,3,4,3,1,18,8,10,0,0,0,12,6,6,3,0,3,3,2,1,3,1,2,0,0,0,2,0,2,0,0,0,1,1,0,538,251,287
29,559,0028,600632,0000,000000,KARNATAKA,Raichur,VILLAGE,Masarkal,Rural,982,5917,2935,2982,855,424,431,1256,620,636,685,336,349,2745,1602,1143,3172,1333,1839,2226,1408,818,2156,1367,789,729,490,239,946,505,441,34,23,11,447,349,98,70,41,29,34,21,13,7,3,4,4,2,2,25,15,10,62,37,25,33,20,13,6,2,4,2,2,0,21,13,8,8,4,4,1,1,0,1,1,0,2,0,2,4,2,2,3691,1527,2164
29,559,0028,600633,0000,000000,KARNATAKA,Raichur,VILLAGE,Guntarhal,Rural,217,1104,549,555,151,72,79,182,83,99,156,80,76,586,359,227,518,190,328,474,301,173,199,194,5,184,182,2,4,4,0,0,0,0,11,8,3,275,107,168,1,0,1,274,107,167,0,0,0,0,0,0,274,107,167,1,0,1,273,107,166,0,0,0,0,0,0,1,0,1,0,0,0,1,0,1,0,0,0,0,0,0,630,248,382
29,559,0028,600634,0000,000000,KARNATAKA,Raichur,VILLAGE,Matpalli,Rural,126,681,333,348,120,65,55,352,166,186,15,9,6,383,225,158,298,108,190,395,181,214,75,71,4,32,32,0,27,26,1,2,2,0,14,11,3,320,110,210,10,9,1,279,85,194,12,2,10,19,14,5,257,85,172,8,8,0,223,63,160,10,2,8,16,12,4,63,25,38,2,1,1,56,22,34,2,0,2,3,2,1,286,152,134
29,559,0028,600635,0000,000000,KARNATAKA,Raichur,VILLAGE,Itagi,Rural,169,909,450,459,138,82,56,230,106,124,164,79,85,395,236,159,514,214,300,451,245,206,327,204,123,35,35,0,255,139,116,3,3,0,34,27,7,124,41,83,1,1,0,98,29,69,0,0,0,25,11,14,111,37,74,1,1,0,93,27,66,0,0,0,17,9,8,13,4,9,0,0,0,5,2,3,0,0,0,8,2,6,458,205,253
29,559,0028,600636,0000,000000,KARNATAKA,Raichur,VILLAGE,Gagal,Rural,52,309,149,160,49,23,26,16,7,9,158,78,80,120,74,46,189,75,114,211,103,108,166,101,65,21,18,3,144,83,61,0,0,0,1,0,1,45,2,43,1,0,1,44,2,42,0,0,0,0,0,0,45,2,43,1,0,1,44,2,42,0,0,0,0,0,0,0,0,0,0,0,0,0,0,0,0,0,0,0,0,0,98,46,52
29,559,0028,600637,0000,000000,KARNATAKA,Raichur,VILLAGE,Gugal,Rural,219,1048,526,522,151,78,73,188,89,99,71,35,36,421,263,158,627,263,364,537,301,236,326,173,153,63,55,8,249,105,144,0,0,0,14,13,1,211,128,83,3,3,0,50,9,41,2,2,0,156,114,42,210,127,83,3,3,0,50,9,41,2,2,0,155,113,42,1,1,0,0,0,0,0,0,0,0,0,0,1,1,0,511,225,286
29,559,0028,600638,0000,000000,KARNATAKA,Raichur,VILLAGE,Chickraikumpi,Rural,76,364,185,179,51,27,24,17,11,6,305,155,150,175,113,62,189,72,117,193,119,74,193,119,74,140,91,49,47,25,22,0,0,0,6,3,3,0,0,0,0,0,0,0,0,0,0,0,0,0,0,0,0,0,0,0,0,0,0,0,0,0,0,0,0,0,0,0,0,0,0,0,0,0,0,0,0,0,0,0,0,0,171,66,105
29,559,0028,600639,0000,000000,KARNATAKA,Raichur,VILLAGE,Hireraikumpi,Rural,254,1477,767,710,234,133,101,183,99,84,555,300,255,653,425,228,824,342,482,703,415,288,334,307,27,212,208,4,95,82,13,0,0,0,27,17,10,369,108,261,4,2,2,360,104,256,2,0,2,3,2,1,317,85,232,4,2,2,309,82,227,2,0,2,2,1,1,52,23,29,0,0,0,51,22,29,0,0,0,1,1,0,774,352,422
29,559,0028,600640,0000,000000,KARNATAKA,Raichur,VILLAGE,Madarkal,Rural,274,1574,739,835,237,95,142,283,130,153,249,109,140,702,419,283,872,320,552,852,432,420,852,432,420,394,248,146,431,164,267,17,14,3,10,6,4,0,0,0,0,0,0,0,0,0,0,0,0,0,0,0,0,0,0,0,0,0,0,0,0,0,0,0,0,0,0,0,0,0,0,0,0,0,0,0,0,0,0,0,0,0,722,307,415
29,559,0028,600641,0000,000000,KARNATAKA,Raichur,VILLAGE,Apprahal,Rural,40,213,114,99,29,15,14,32,14,18,1,1,0,132,80,52,81,34,47,125,66,59,115,63,52,47,37,10,52,14,38,0,0,0,16,12,4,10,3,7,1,0,1,5,1,4,1,1,0,3,1,2,8,1,7,1,0,1,5,1,4,0,0,0,2,0,2,2,2,0,0,0,0,0,0,0,1,1,0,1,1,0,88,48,40
29,559,0028,600642,0000,000000,KARNATAKA,Raichur,VILLAGE,Baswantpur,Rural,60,288,139,149,27,10,17,62,31,31,0,0,0,167,99,68,121,40,81,164,86,78,151,82,69,70,50,20,73,26,47,0,0,0,8,6,2,13,4,9,2,0,2,5,0,5,0,0,0,6,4,2,12,3,9,2,0,2,5,0,5,0,0,0,5,3,2,1,1,0,0,0,0,0,0,0,0,0,0,1,1,0,124,53,71
29,559,0028,600643,0000,000000,KARNATAKA,Raichur,VILLAGE,Hemanal,Rural,222,1273,639,634,187,92,95,375,188,187,264,131,133,554,357,197,719,282,437,572,335,237,521,300,221,332,191,141,60,34,26,11,5,6,118,70,48,51,35,16,9,9,0,14,7,7,3,3,0,25,16,9,45,32,13,8,8,0,10,6,4,3,3,0,24,15,9,6,3,3,1,1,0,4,1,3,0,0,0,1,1,0,701,304,397
29,559,0028,600644,0000,000000,KARNATAKA,Raichur,VILLAGE,Bommanhal,Rural,159,899,455,444,120,64,56,435,228,207,38,15,23,405,249,156,494,206,288,541,279,262,534,275,259,351,184,167,165,78,87,13,9,4,5,4,1,7,4,3,1,0,1,2,2,0,2,0,2,2,2,0,6,4,2,1,0,1,2,2,0,1,0,1,2,2,0,1,0,1,0,0,0,0,0,0,1,0,1,0,0,0,358,176,182
29,559,0028,600645,0000,000000,KARNATAKA,Raichur,VILLAGE,Kolur,Rural,111,542,266,276,85,46,39,230,112,118,154,77,77,242,142,100,300,124,176,317,155,162,155,117,38,70,65,5,58,33,25,2,2,0,25,17,8,162,38,124,1,0,1,158,37,121,0,0,0,3,1,2,160,38,122,1,0,1,156,37,119,0,0,0,3,1,2,2,0,2,0,0,0,2,0,2,0,0,0,0,0,0,225,111,114
29,559,0028,600646,0000,000000,KARNATAKA,Raichur,VILLAGE,Shavantgera,Rural,229,1193,562,631,197,95,102,301,143,158,533,256,277,392,222,170,801,340,461,602,330,272,584,324,260,449,253,196,74,30,44,5,5,0,56,36,20,18,6,12,5,2,3,8,2,6,1,1,0,4,1,3,17,6,11,5,2,3,7,2,5,1,1,0,4,1,3,1,0,1,0,0,0,1,0,1,0,0,0,0,0,0,591,232,359
29,559,0028,600647,0000,000000,KARNATAKA,Raichur,VILLAGE,Masihal,Rural,132,671,318,353,93,44,49,113,50,63,129,61,68,163,113,50,508,205,303,520,234,286,227,211,16,206,194,12,2,2,0,7,4,3,12,11,1,293,23,270,6,1,5,4,1,3,261,12,249,22,9,13,290,21,269,6,1,5,4,1,3,259,10,249,21,9,12,3,2,1,0,0,0,0,0,0,2,2,0,1,0,1,151,84,67
29,559,0028,600648,0000,000000,KARNATAKA,Raichur,VILLAGE,Hirebudur,Rural,424,2209,1122,1087,302,163,139,227,120,107,318,172,146,1051,648,403,1158,474,684,1068,633,435,891,548,343,500,368,132,288,106,182,2,1,1,101,73,28,177,85,92,10,4,6,164,79,85,1,1,0,2,1,1,163,78,85,0,0,0,162,78,84,0,0,0,1,0,1,14,7,7,10,4,6,2,1,1,1,1,0,1,1,0,1141,489,652
29,559,0028,600649,0000,000000,KARNATAKA,Raichur,VILLAGE,Budinhal,Rural,165,914,470,444,112,56,56,281,155,126,25,12,13,516,322,194,398,148,250,516,275,241,515,274,241,474,249,225,21,10,11,1,0,1,19,15,4,1,1,0,1,1,0,0,0,0,0,0,0,0,0,0,1,1,0,1,1,0,0,0,0,0,0,0,0,0,0,0,0,0,0,0,0,0,0,0,0,0,0,0,0,0,398,195,203
29,559,0028,600650,0000,000000,KARNATAKA,Raichur,VILLAGE,Hanchinhal,Rural,116,549,274,275,77,44,33,80,38,42,279,137,142,297,164,133,252,110,142,294,153,141,245,139,106,16,14,2,214,116,98,2,1,1,13,8,5,49,14,35,0,0,0,33,4,29,0,0,0,16,10,6,46,12,34,0,0,0,33,4,29,0,0,0,13,8,5,3,2,1,0,0,0,0,0,0,0,0,0,3,2,1,255,121,134
29,559,0028,600651,0000,000000,KARNATAKA,Raichur,VILLAGE,Hirekudalgi,Rural,53,244,124,120,37,23,14,55,30,25,145,71,74,118,70,48,126,54,72,152,81,71,87,73,14,61,58,3,11,6,5,0,0,0,15,9,6,65,8,57,2,0,2,62,8,54,0,0,0,1,0,1,65,8,57,2,0,2,62,8,54,0,0,0,1,0,1,0,0,0,0,0,0,0,0,0,0,0,0,0,0,0,92,43,49
29,559,0028,600652,0000,000000,KARNATAKA,Raichur,VILLAGE,Chickkudalgi,Rural,1,2,1,1,0,0,0,0,0,0,0,0,0,2,1,1,0,0,0,2,1,1,2,1,1,2,1,1,0,0,0,0,0,0,0,0,0,0,0,0,0,0,0,0,0,0,0,0,0,0,0,0,0,0,0,0,0,0,0,0,0,0,0,0,0,0,0,0,0,0,0,0,0,0,0,0,0,0,0,0,0,0,0,0,0
29,559,0028,600653,0000,000000,KARNATAKA,Raichur,VILLAGE,Honnatagi,Rural,152,864,448,416,146,82,64,455,226,229,98,50,48,350,210,140,514,238,276,463,252,211,335,193,142,152,96,56,148,76,72,6,3,3,29,18,11,128,59,69,12,8,4,102,41,61,2,1,1,12,9,3,35,19,16,9,7,2,20,8,12,1,1,0,5,3,2,93,40,53,3,1,2,82,33,49,1,0,1,7,6,1,401,196,205
29,559,0028,600654,0000,000000,KARNATAKA,Raichur,VILLAGE,Khanapur,Rural,331,1925,956,969,305,153,152,464,227,237,264,130,134,808,505,303,1117,451,666,941,521,420,761,452,309,192,175,17,523,242,281,13,7,6,33,28,5,180,69,111,4,1,3,162,59,103,10,6,4,4,3,1,177,69,108,4,1,3,159,59,100,10,6,4,4,3,1,3,0,3,0,0,0,3,0,3,0,0,0,0,0,0,984,435,549
29,559,0028,600655,0000,000000,KARNATAKA,Raichur,VILLAGE,Amrapur,Rural,126,717,361,356,104,56,48,132,69,63,24,12,12,334,209,125,383,152,231,384,225,159,381,223,158,116,80,36,225,114,111,6,0,6,34,29,5,3,2,1,1,1,0,0,0,0,0,0,0,2,1,1,2,1,1,0,0,0,0,0,0,0,0,0,2,1,1,1,1,0,1,1,0,0,0,0,0,0,0,0,0,0,333,136,197
29,559,0028,600656,0000,000000,KARNATAKA,Raichur,VILLAGE,Ingaladhal,Rural,125,669,346,323,131,69,62,139,73,66,29,16,13,314,192,122,355,154,201,313,167,146,38,38,0,29,29,0,2,2,0,0,0,0,7,7,0,275,129,146,0,0,0,269,124,145,0,0,0,6,5,1,274,129,145,0,0,0,268,124,144,0,0,0,6,5,1,1,0,1,0,0,0,1,0,1,0,0,0,0,0,0,356,179,177
29,559,0028,600657,0000,000000,KARNATAKA,Raichur,VILLAGE,Haddinhal,Rural,129,636,316,320,70,40,30,97,55,42,133,67,66,377,221,156,259,95,164,228,165,63,227,165,62,144,132,12,61,16,45,0,0,0,22,17,5,1,0,1,1,0,1,0,0,0,0,0,0,0,0,0,1,0,1,1,0,1,0,0,0,0,0,0,0,0,0,0,0,0,0,0,0,0,0,0,0,0,0,0,0,0,408,151,257
29,559,0028,600658,0000,000000,KARNATAKA,Raichur,VILLAGE,Sunkeshwarhal,Rural,308,1624,806,818,192,96,96,263,141,122,213,96,117,879,521,358,745,285,460,965,500,465,900,469,431,105,61,44,625,278,347,24,14,10,146,116,30,65,31,34,4,4,0,14,6,8,8,3,5,39,18,21,59,29,30,4,4,0,11,4,7,8,3,5,36,18,18,6,2,4,0,0,0,3,2,1,0,0,0,3,0,3,659,306,353
29,559,0028,600659,0000,000000,KARNATAKA,Raichur,VILLAGE,Kakkargal,Rural,226,1065,511,554,139,66,73,237,114,123,245,109,136,600,336,264,465,175,290,497,287,210,497,287,210,112,103,9,296,116,180,1,1,0,88,67,21,0,0,0,0,0,0,0,0,0,0,0,0,0,0,0,0,0,0,0,0,0,0,0,0,0,0,0,0,0,0,0,0,0,0,0,0,0,0,0,0,0,0,0,0,0,568,224,344
29,559,0028,600660,0000,000000,KARNATAKA,Raichur,VILLAGE,Aldharti,Rural,131,738,356,382,157,74,83,634,305,329,25,13,12,123,80,43,615,276,339,434,209,225,432,209,223,59,31,28,346,159,187,0,0,0,27,19,8,2,0,2,0,0,0,1,0,1,0,0,0,1,0,1,1,0,1,0,0,0,1,0,1,0,0,0,0,0,0,1,0,1,0,0,0,0,0,0,0,0,0,1,0,1,304,147,157
29,559,0028,600661,0000,000000,KARNATAKA,Raichur,VILLAGE,Javgud,Rural,0,0,0,0,0,0,0,0,0,0,0,0,0,0,0,0,0,0,0,0,0,0,0,0,0,0,0,0,0,0,0,0,0,0,0,0,0,0,0,0,0,0,0,0,0,0,0,0,0,0,0,0,0,0,0,0,0,0,0,0,0,0,0,0,0,0,0,0,0,0,0,0,0,0,0,0,0,0,0,0,0,0,0,0,0
29,559,0028,600662,0000,000000,KARNATAKA,Raichur,VILLAGE,Tippapur,Rural,0,0,0,0,0,0,0,0,0,0,0,0,0,0,0,0,0,0,0,0,0,0,0,0,0,0,0,0,0,0,0,0,0,0,0,0,0,0,0,0,0,0,0,0,0,0,0,0,0,0,0,0,0,0,0,0,0,0,0,0,0,0,0,0,0,0,0,0,0,0,0,0,0,0,0,0,0,0,0,0,0,0,0,0,0
29,559,0028,600663,0000,000000,KARNATAKA,Raichur,VILLAGE,Andankhed,Rural,0,0,0,0,0,0,0,0,0,0,0,0,0,0,0,0,0,0,0,0,0,0,0,0,0,0,0,0,0,0,0,0,0,0,0,0,0,0,0,0,0,0,0,0,0,0,0,0,0,0,0,0,0,0,0,0,0,0,0,0,0,0,0,0,0,0,0,0,0,0,0,0,0,0,0,0,0,0,0,0,0,0,0,0,0
29,559,0028,600664,0000,000000,KARNATAKA,Raichur,VILLAGE,Kadligud,Rural,0,0,0,0,0,0,0,0,0,0,0,0,0,0,0,0,0,0,0,0,0,0,0,0,0,0,0,0,0,0,0,0,0,0,0,0,0,0,0,0,0,0,0,0,0,0,0,0,0,0,0,0,0,0,0,0,0,0,0,0,0,0,0,0,0,0,0,0,0,0,0,0,0,0,0,0,0,0,0,0,0,0,0,0,0
29,559,0028,600665,0000,000000,KARNATAKA,Raichur,VILLAGE,Durg,Rural,0,0,0,0,0,0,0,0,0,0,0,0,0,0,0,0,0,0,0,0,0,0,0,0,0,0,0,0,0,0,0,0,0,0,0,0,0,0,0,0,0,0,0,0,0,0,0,0,0,0,0,0,0,0,0,0,0,0,0,0,0,0,0,0,0,0,0,0,0,0,0,0,0,0,0,0,0,0,0,0,0,0,0,0,0
29,559,0028,600666,0000,000000,KARNATAKA,Raichur,VILLAGE,Khardigud,Rural,87,425,215,210,47,21,26,135,66,69,27,16,11,216,127,89,209,88,121,205,130,75,204,130,74,103,94,9,92,31,61,0,0,0,9,5,4,1,0,1,0,0,0,1,0,1,0,0,0,0,0,0,1,0,1,0,0,0,1,0,1,0,0,0,0,0,0,0,0,0,0,0,0,0,0,0,0,0,0,0,0,0,220,85,135
29,559,0028,600667,0000,000000,KARNATAKA,Raichur,VILLAGE,Ramdurg,Rural,589,3194,1574,1620,463,231,232,456,232,224,368,187,181,1199,707,492,1995,867,1128,1701,901,800,1485,793,692,189,141,48,1104,504,600,11,8,3,181,140,41,216,108,108,7,4,3,11,5,6,4,3,1,194,96,98,45,21,24,7,4,3,8,3,5,0,0,0,30,14,16,171,87,84,0,0,0,3,2,1,4,3,1,164,82,82,1493,673,820
29,559,0028,600668,0000,000000,KARNATAKA,Raichur,VILLAGE,Maladkal,Rural,541,2819,1375,1444,404,191,213,525,252,273,941,456,485,1152,731,421,1667,644,1023,1511,783,728,1281,679,602,761,429,332,452,200,252,8,7,1,60,43,17,230,104,126,9,6,3,214,93,121,1,0,1,6,5,1,230,104,126,9,6,3,214,93,121,1,0,1,6,5,1,0,0,0,0,0,0,0,0,0,0,0,0,0,0,0,1308,592,716
29,559,0028,600669,0000,000000,KARNATAKA,Raichur,VILLAGE,Laxminarayanapura,Rural,0,0,0,0,0,0,0,0,0,0,0,0,0,0,0,0,0,0,0,0,0,0,0,0,0,0,0,0,0,0,0,0,0,0,0,0,0,0,0,0,0,0,0,0,0,0,0,0,0,0,0,0,0,0,0,0,0,0,0,0,0,0,0,0,0,0,0,0,0,0,0,0,0,0,0,0,0,0,0,0,0,0,0,0,0
29,559,0028,600670,0000,000000,KARNATAKA,Raichur,VILLAGE,Gabbur,Rural,1557,8272,4165,4107,1173,594,579,2262,1132,1130,151,78,73,4392,2623,1769,3880,1542,2338,3561,2316,1245,3327,2218,1109,916,734,182,1207,573,634,83,68,15,1121,843,278,234,98,136,30,16,14,56,15,41,27,10,17,121,57,64,205,86,119,29,15,14,48,15,33,22,7,15,106,49,57,29,12,17,1,1,0,8,0,8,5,3,2,15,8,7,4711,1849,2862
29,559,0028,600671,0000,000000,KARNATAKA,Raichur,VILLAGE,Maseedpur,Rural,287,1417,716,701,215,111,104,129,66,63,7,3,4,743,464,279,674,252,422,423,387,36,382,372,10,348,342,6,27,27,0,1,1,0,6,2,4,41,15,26,6,5,1,35,10,25,0,0,0,0,0,0,41,15,26,6,5,1,35,10,25,0,0,0,0,0,0,0,0,0,0,0,0,0,0,0,0,0,0,0,0,0,994,329,665
29,559,0028,600672,0000,000000,KARNATAKA,Raichur,VILLAGE,Ganekal,Rural,329,1827,922,905,263,140,123,493,241,252,49,28,21,886,557,329,941,365,576,777,482,295,760,474,286,388,292,96,326,151,175,12,6,6,34,25,9,17,8,9,2,2,0,6,1,5,8,5,3,1,0,1,14,6,8,1,1,0,5,1,4,7,4,3,1,0,1,3,2,1,1,1,0,1,0,1,1,1,0,0,0,0,1050,440,610
29,559,0028,600673,0000,000000,KARNATAKA,Raichur,VILLAGE,Neelgal,Rural,328,1833,896,937,300,147,153,756,386,370,12,3,9,861,514,347,972,382,590,857,493,364,844,486,358,248,228,20,512,197,315,17,11,6,67,50,17,13,7,6,2,2,0,8,3,5,1,0,1,2,2,0,13,7,6,2,2,0,8,3,5,1,0,1,2,2,0,0,0,0,0,0,0,0,0,0,0,0,0,0,0,0,976,403,573
29,559,0028,600674,0000,000000,KARNATAKA,Raichur,VILLAGE,Pandyan,Rural,178,1161,593,568,193,98,95,81,41,40,486,254,232,400,253,147,761,340,421,686,352,334,663,345,318,401,215,186,202,87,115,1,1,0,59,42,17,23,7,16,11,4,7,8,1,7,0,0,0,4,2,2,19,5,14,9,3,6,7,1,6,0,0,0,3,1,2,4,2,2,2,1,1,1,0,1,0,0,0,1,1,0,475,241,234
29,559,0028,600675,0000,000000,KARNATAKA,Raichur,VILLAGE,Kachapur,Rural,51,323,168,155,67,37,30,0,0,0,321,166,155,42,26,16,281,142,139,205,106,99,205,106,99,78,51,27,124,54,70,0,0,0,3,1,2,0,0,0,0,0,0,0,0,0,0,0,0,0,0,0,0,0,0,0,0,0,0,0,0,0,0,0,0,0,0,0,0,0,0,0,0,0,0,0,0,0,0,0,0,0,118,62,56
29,559,0028,600676,0000,000000,KARNATAKA,Raichur,VILLAGE,Kothdoddi,Rural,615,4350,2119,2231,660,310,350,433,217,216,2426,1165,1261,1402,849,553,2948,1270,1678,2202,1145,1057,1824,1084,740,1190,757,433,450,205,245,18,13,5,166,109,57,378,61,317,10,2,8,350,51,299,0,0,0,18,8,10,369,56,313,10,2,8,349,51,298,0,0,0,10,3,7,9,5,4,0,0,0,1,0,1,0,0,0,8,5,3,2148,974,1174
29,559,0028,600677,0000,000000,KARNATAKA,Raichur,VILLAGE,Pilikal,Rural,13,93,49,44,18,8,10,24,12,12,0,0,0,32,22,10,61,27,34,46,23,23,12,12,0,12,12,0,0,0,0,0,0,0,0,0,0,34,11,23,0,0,0,34,11,23,0,0,0,0,0,0,34,11,23,0,0,0,34,11,23,0,0,0,0,0,0,0,0,0,0,0,0,0,0,0,0,0,0,0,0,0,47,26,21
29,559,0028,600678,0000,000000,KARNATAKA,Raichur,VILLAGE,Chikkaldoddi,Rural,28,204,102,102,26,12,14,69,32,37,114,58,56,61,40,21,143,62,81,119,65,54,16,16,0,15,15,0,0,0,0,0,0,0,1,1,0,103,49,54,24,14,10,78,35,43,0,0,0,1,0,1,78,35,43,0,0,0,78,35,43,0,0,0,0,0,0,25,14,11,24,14,10,0,0,0,0,0,0,1,0,1,85,37,48
29,559,0028,600679,0000,000000,KARNATAKA,Raichur,VILLAGE,Yeldoddi,Rural,94,656,346,310,153,83,70,463,241,222,180,97,83,219,145,74,437,201,236,341,172,169,331,170,161,32,27,5,291,140,151,0,0,0,8,3,5,10,2,8,2,0,2,1,0,1,0,0,0,7,2,5,4,1,3,2,0,2,0,0,0,0,0,0,2,1,1,6,1,5,0,0,0,1,0,1,0,0,0,5,1,4,315,174,141
29,559,0028,600680,0000,000000,KARNATAKA,Raichur,VILLAGE,Hemnur,Rural,279,1717,846,871,264,134,130,284,137,147,710,357,353,700,433,267,1017,413,604,909,459,450,886,443,443,199,166,33,189,41,148,11,7,4,487,229,258,23,16,7,2,1,1,0,0,0,4,3,1,17,12,5,13,10,3,0,0,0,0,0,0,2,2,0,11,8,3,10,6,4,2,1,1,0,0,0,2,1,1,6,4,2,808,387,421
29,559,0028,600681,0000,000000,KARNATAKA,Raichur,VILLAGE,Teggihal,Rural,145,1002,515,487,161,83,78,93,46,47,256,133,123,418,268,150,584,247,337,538,278,260,531,277,254,327,252,75,198,21,177,0,0,0,6,4,2,7,1,6,0,0,0,6,0,6,0,0,0,1,1,0,7,1,6,0,0,0,6,0,6,0,0,0,1,1,0,0,0,0,0,0,0,0,0,0,0,0,0,0,0,0,464,237,227
29,559,0028,600682,0000,000000,KARNATAKA,Raichur,VILLAGE,Chintalkunta,Rural,242,1512,787,725,240,127,113,78,41,37,1311,685,626,686,436,250,826,351,475,723,389,334,397,354,43,260,252,8,117,90,27,4,2,2,16,10,6,326,35,291,6,3,3,317,30,287,0,0,0,3,2,1,316,33,283,6,3,3,310,30,280,0,0,0,0,0,0,10,2,8,0,0,0,7,0,7,0,0,0,3,2,1,789,398,391
29,559,0028,600683,0000,000000,KARNATAKA,Raichur,VILLAGE,Shakapur,Rural,91,498,240,258,65,29,36,128,67,61,103,51,52,168,95,73,330,145,185,311,152,159,309,152,157,28,14,14,281,138,143,0,0,0,0,0,0,2,0,2,0,0,0,2,0,2,0,0,0,0,0,0,1,0,1,0,0,0,1,0,1,0,0,0,0,0,0,1,0,1,0,0,0,1,0,1,0,0,0,0,0,0,187,88,99
29,559,0028,600684,0000,000000,KARNATAKA,Raichur,VILLAGE,Jinnapur,Rural,198,1118,543,575,194,104,90,409,204,205,180,90,90,526,297,229,592,246,346,676,336,340,602,313,289,83,67,16,497,229,268,8,7,1,14,10,4,74,23,51,1,1,0,72,21,51,0,0,0,1,1,0,62,17,45,1,1,0,61,16,45,0,0,0,0,0,0,12,6,6,0,0,0,11,5,6,0,0,0,1,1,0,442,207,235
29,559,0028,600685,0000,000000,KARNATAKA,Raichur,VILLAGE,Govindpalli,Rural,178,1091,544,547,188,95,93,147,76,71,107,49,58,353,235,118,738,309,429,590,330,260,559,310,249,313,210,103,233,92,141,2,1,1,11,7,4,31,20,11,0,0,0,17,8,9,2,1,1,12,11,1,21,15,6,0,0,0,9,5,4,2,1,1,10,9,1,10,5,5,0,0,0,8,3,5,0,0,0,2,2,0,501,214,287
29,559,0028,600686,0000,000000,KARNATAKA,Raichur,VILLAGE,Hungunbad,Rural,61,310,151,159,50,32,18,90,42,48,103,52,51,154,86,68,156,65,91,167,85,82,163,83,80,157,78,79,2,1,1,0,0,0,4,4,0,4,2,2,4,2,2,0,0,0,0,0,0,0,0,0,4,2,2,4,2,2,0,0,0,0,0,0,0,0,0,0,0,0,0,0,0,0,0,0,0,0,0,0,0,0,143,66,77
29,559,0028,600687,0000,000000,KARNATAKA,Raichur,VILLAGE,Gajjibhavi,Rural,170,883,451,432,135,80,55,290,152,138,208,100,108,358,225,133,525,226,299,440,241,199,267,165,102,105,93,12,136,52,84,2,2,0,24,18,6,173,76,97,8,4,4,129,42,87,3,2,1,33,28,5,47,27,20,3,3,0,24,9,15,2,1,1,18,14,4,126,49,77,5,1,4,105,33,72,1,1,0,15,14,1,443,210,233
29,559,0028,600688,0000,000000,KARNATAKA,Raichur,VILLAGE,Mustoor,Rural,329,1591,813,778,246,124,122,607,314,293,309,154,155,705,448,257,886,365,521,850,475,375,843,473,370,212,150,62,477,205,272,2,1,1,152,117,35,7,2,5,5,1,4,0,0,0,0,0,0,2,1,1,6,2,4,4,1,3,0,0,0,0,0,0,2,1,1,1,0,1,1,0,1,0,0,0,0,0,0,0,0,0,741,338,403
29,559,0028,600689,0000,000000,KARNATAKA,Raichur,VILLAGE,Shivangi,Rural,238,1281,636,645,187,101,86,321,155,166,233,115,118,554,328,226,727,308,419,787,389,398,777,384,393,215,110,105,319,151,168,0,0,0,243,123,120,10,5,5,5,2,3,5,3,2,0,0,0,0,0,0,9,4,5,5,2,3,4,2,2,0,0,0,0,0,0,1,1,0,0,0,0,1,1,0,0,0,0,0,0,0,494,247,247
29,559,0028,600690,0000,000000,KARNATAKA,Raichur,VILLAGE,Jaradbandi,Rural,158,957,460,497,140,64,76,154,68,86,562,273,289,264,180,84,693,280,413,584,262,322,534,253,281,107,103,4,396,126,270,13,12,1,18,12,6,50,9,41,6,2,4,40,3,37,1,1,0,3,3,0,50,9,41,6,2,4,40,3,37,1,1,0,3,3,0,0,0,0,0,0,0,0,0,0,0,0,0,0,0,0,373,198,175
29,559,0028,600691,0000,000000,KARNATAKA,Raichur,VILLAGE,Honkatmalli,Rural,303,1848,912,936,381,196,185,188,92,96,523,259,264,481,316,165,1367,596,771,1043,510,533,797,466,331,225,207,18,524,223,301,12,11,1,36,25,11,246,44,202,28,23,5,212,18,194,0,0,0,6,3,3,244,43,201,28,23,5,210,17,193,0,0,0,6,3,3,2,1,1,0,0,0,2,1,1,0,0,0,0,0,0,805,402,403
29,559,0028,600692,0000,000000,KARNATAKA,Raichur,VILLAGE,Kardona,Rural,34,223,109,114,35,18,17,191,96,95,9,2,7,86,49,37,137,60,77,132,73,59,38,32,6,2,1,1,33,31,2,0,0,0,3,0,3,94,41,53,0,0,0,93,40,53,1,1,0,0,0,0,94,41,53,0,0,0,93,40,53,1,1,0,0,0,0,0,0,0,0,0,0,0,0,0,0,0,0,0,0,0,91,36,55
29,559,0028,600693,0000,000000,KARNATAKA,Raichur,VILLAGE,Malkamdinni,Rural,55,348,171,177,57,28,29,42,26,16,152,75,77,134,83,51,214,88,126,180,110,70,60,41,19,5,4,1,50,35,15,2,1,1,3,1,2,120,69,51,0,0,0,116,65,51,2,2,0,2,2,0,120,69,51,0,0,0,116,65,51,2,2,0,2,2,0,0,0,0,0,0,0,0,0,0,0,0,0,0,0,0,168,61,107
29,559,0028,600694,0000,000000,KARNATAKA,Raichur,VILLAGE,Mallinaikandoddi,Rural,180,1217,601,616,216,111,105,73,38,35,1016,493,523,309,193,116,908,408,500,749,372,377,734,367,367,127,117,10,587,240,347,0,0,0,20,10,10,15,5,10,1,1,0,11,1,10,0,0,0,3,3,0,14,4,10,1,1,0,11,1,10,0,0,0,2,2,0,1,1,0,0,0,0,0,0,0,0,0,0,1,1,0,468,229,239
29,559,0028,600695,0000,000000,KARNATAKA,Raichur,VILLAGE,Piligund,Rural,158,897,430,467,144,78,66,42,21,21,646,304,342,329,191,138,568,239,329,372,237,135,179,157,22,134,128,6,17,9,8,1,0,1,27,20,7,193,80,113,26,24,2,159,52,107,0,0,0,8,4,4,157,70,87,26,24,2,125,43,82,0,0,0,6,3,3,36,10,26,0,0,0,34,9,25,0,0,0,2,1,1,525,193,332
29,559,0028,600696,0000,000000,KARNATAKA,Raichur,VILLAGE,Hal-Jadaldinni,Rural,137,824,403,421,156,76,80,104,48,56,282,136,146,259,159,100,565,244,321,457,231,226,122,106,16,67,64,3,12,9,3,0,0,0,43,33,10,335,125,210,104,37,67,219,79,140,0,0,0,12,9,3,310,117,193,95,34,61,206,77,129,0,0,0,9,6,3,25,8,17,9,3,6,13,2,11,0,0,0,3,3,0,367,172,195
29,559,0028,600697,0000,000000,KARNATAKA,Raichur,VILLAGE,Arkera,Rural,1206,7091,3575,3516,1164,583,581,1226,620,606,2518,1245,1273,2555,1544,1011,4536,2031,2505,3047,1865,1182,2571,1594,977,839,561,278,921,426,495,80,50,30,731,557,174,476,271,205,14,10,4,91,45,46,2,1,1,369,215,154,443,258,185,14,10,4,65,37,28,1,0,1,363,211,152,33,13,20,0,0,0,26,8,18,1,1,0,6,4,2,4044,1710,2334
29,559,0028,600698,0000,000000,KARNATAKA,Raichur,VILLAGE,Benderganekal,Rural,885,4753,2376,2377,756,386,370,1495,736,759,1647,852,795,1764,1066,698,2989,1310,1679,2447,1334,1113,1692,1063,629,775,582,193,670,314,356,29,18,11,218,149,69,755,271,484,48,23,25,637,197,440,4,3,1,66,48,18,731,260,471,48,23,25,622,191,431,2,2,0,59,44,15,24,11,13,0,0,0,15,6,9,2,1,1,7,4,3,2306,1042,1264
29,559,0028,600699,0000,000000,KARNATAKA,Raichur,VILLAGE,Mailapur,Rural,35,200,110,90,40,21,19,0,0,0,176,98,78,74,48,26,126,62,64,104,54,50,97,50,47,49,48,1,48,2,46,0,0,0,0,0,0,7,4,3,1,1,0,2,0,2,0,0,0,4,3,1,7,4,3,1,1,0,2,0,2,0,0,0,4,3,1,0,0,0,0,0,0,0,0,0,0,0,0,0,0,0,96,56,40
29,559,0028,600700,0000,000000,KARNATAKA,Raichur,VILLAGE,Mallapur,Rural,366,2394,1184,1210,458,243,215,84,39,45,2290,1135,1155,759,451,308,1635,733,902,1081,533,548,1074,530,544,662,459,203,319,46,273,66,6,60,27,19,8,7,3,4,3,2,1,2,1,1,1,0,1,1,0,1,7,3,4,3,2,1,2,1,1,1,0,1,1,0,1,0,0,0,0,0,0,0,0,0,0,0,0,0,0,0,1313,651,662
29,559,0028,600701,0000,000000,KARNATAKA,Raichur,VILLAGE,Bhumangund,Rural,413,2813,1424,1389,479,239,240,105,58,47,2283,1155,1128,826,541,285,1987,883,1104,1651,806,845,1637,798,839,1209,628,581,367,122,245,3,3,0,58,45,13,14,8,6,5,4,1,5,1,4,0,0,0,4,3,1,6,3,3,1,1,0,4,1,3,0,0,0,1,1,0,8,5,3,4,3,1,1,0,1,0,0,0,3,2,1,1162,618,544
29,559,0028,600702,0000,000000,KARNATAKA,Raichur,VILLAGE,Adkalgud,Rural,206,1278,628,650,259,131,128,211,115,96,728,347,381,413,245,168,865,383,482,601,348,253,384,305,79,312,255,57,29,13,16,0,0,0,43,37,6,217,43,174,55,5,50,157,35,122,0,0,0,5,3,2,217,43,174,55,5,50,157,35,122,0,0,0,5,3,2,0,0,0,0,0,0,0,0,0,0,0,0,0,0,0,677,280,397
29,559,0028,600703,0000,000000,KARNATAKA,Raichur,VILLAGE,Anwar,Rural,185,1201,606,595,239,113,126,79,43,36,442,226,216,511,330,181,690,276,414,432,303,129,265,257,8,234,229,5,9,8,1,1,1,0,21,19,2,167,46,121,5,1,4,162,45,117,0,0,0,0,0,0,117,24,93,5,1,4,112,23,89,0,0,0,0,0,0,50,22,28,0,0,0,50,22,28,0,0,0,0,0,0,769,303,466
29,559,0028,600704,0000,000000,KARNATAKA,Raichur,VILLAGE,Akalkumpi,Rural,369,2602,1326,1276,581,303,278,173,91,82,2350,1196,1154,587,351,236,2015,975,1040,1404,723,681,1133,645,488,299,258,41,802,368,434,3,3,0,29,16,13,271,78,193,7,2,5,251,68,183,3,1,2,10,7,3,260,73,187,7,2,5,241,64,177,3,1,2,9,6,3,11,5,6,0,0,0,10,4,6,0,0,0,1,1,0,1198,603,595
29,559,0028,600705,0000,000000,KARNATAKA,Raichur,VILLAGE,Shavantgal,Rural,286,1595,768,827,296,153,143,41,19,22,577,272,305,433,279,154,1162,489,673,835,453,382,822,449,373,616,357,259,149,61,88,0,0,0,57,31,26,13,4,9,7,4,3,5,0,5,0,0,0,1,0,1,13,4,9,7,4,3,5,0,5,0,0,0,1,0,1,0,0,0,0,0,0,0,0,0,0,0,0,0,0,0,760,315,445
29,559,0028,600706,0000,000000,KARNATAKA,Raichur,VILLAGE,Alkod,Rural,413,2126,1070,1056,414,204,210,907,469,438,676,331,345,882,563,319,1244,507,737,974,543,431,808,504,304,344,277,67,258,86,172,36,31,5,170,110,60,166,39,127,13,2,11,116,31,85,2,0,2,35,6,29,166,39,127,13,2,11,116,31,85,2,0,2,35,6,29,0,0,0,0,0,0,0,0,0,0,0,0,0,0,0,1152,527,625
29,559,0028,600707,0000,000000,KARNATAKA,Raichur,VILLAGE,Kyadigera,Rural,1175,6496,3237,3259,1139,566,573,3570,1804,1766,2440,1198,1242,2071,1252,819,4425,1985,2440,3476,1814,1662,2433,1422,1011,1373,954,419,815,301,514,17,9,8,228,158,70,1043,392,651,20,11,9,986,354,632,6,4,2,31,23,8,998,373,625,19,11,8,945,337,608,4,3,1,30,22,8,45,19,26,1,0,1,41,17,24,2,1,1,1,1,0,3020,1423,1597
29,559,0028,600708,0000,000000,KARNATAKA,Raichur,VILLAGE,Malledevergud,Rural,223,1140,562,578,180,97,83,105,47,58,887,442,445,360,231,129,780,331,449,734,353,381,443,234,209,228,120,108,129,59,70,1,0,1,85,55,30,291,119,172,13,6,7,241,87,154,1,0,1,36,26,10,277,113,164,13,6,7,230,83,147,0,0,0,34,24,10,14,6,8,0,0,0,11,4,7,1,0,1,2,2,0,406,209,197
29,559,0028,600709,0000,000000,KARNATAKA,Raichur,VILLAGE,Bandegud,Rural,263,1407,721,686,265,130,135,1206,612,594,93,52,41,552,391,161,855,330,525,655,310,345,619,295,324,346,188,158,221,78,143,2,0,2,50,29,21,36,15,21,10,6,4,18,4,14,2,0,2,6,5,1,34,15,19,10,6,4,17,4,13,2,0,2,5,5,0,2,0,2,0,0,0,1,0,1,0,0,0,1,0,1,752,411,341
29,559,0028,600710,0000,000000,KARNATAKA,Raichur,VILLAGE,Jutmardi,Rural,175,1082,560,522,174,85,89,7,3,4,950,499,451,363,238,125,719,322,397,639,323,316,634,321,313,231,138,93,343,140,203,1,1,0,59,42,17,5,2,3,0,0,0,3,0,3,0,0,0,2,2,0,5,2,3,0,0,0,3,0,3,0,0,0,2,2,0,0,0,0,0,0,0,0,0,0,0,0,0,0,0,0,443,237,206
29,559,0028,600711,0000,000000,KARNATAKA,Raichur,VILLAGE,Nagoli,Rural,258,1327,637,690,227,108,119,186,91,95,590,270,320,456,298,158,871,339,532,690,361,329,590,320,270,230,140,90,262,111,151,7,4,3,91,65,26,100,41,59,3,1,2,92,38,54,3,1,2,2,1,1,95,40,55,1,1,0,90,38,52,2,0,2,2,1,1,5,1,4,2,0,2,2,0,2,1,1,0,0,0,0,637,276,361
29,559,0028,600712,0000,000000,KARNATAKA,Raichur,VILLAGE,Buddinni,Rural,228,1337,658,679,250,128,122,176,89,87,829,409,420,346,228,118,991,430,561,747,354,393,590,315,275,200,148,52,356,144,212,4,3,1,30,20,10,157,39,118,17,9,8,121,20,101,2,0,2,17,10,7,131,30,101,12,6,6,106,17,89,0,0,0,13,7,6,26,9,17,5,3,2,15,3,12,2,0,2,4,3,1,590,304,286
29,559,0028,600713,0000,000000,KARNATAKA,Raichur,VILLAGE,Rampur,Rural,0,0,0,0,0,0,0,0,0,0,0,0,0,0,0,0,0,0,0,0,0,0,0,0,0,0,0,0,0,0,0,0,0,0,0,0,0,0,0,0,0,0,0,0,0,0,0,0,0,0,0,0,0,0,0,0,0,0,0,0,0,0,0,0,0,0,0,0,0,0,0,0,0,0,0,0,0,0,0,0,0,0,0,0,0
29,559,0028,600714,0000,000000,KARNATAKA,Raichur,VILLAGE,Jagatkal,Rural,298,1519,768,751,273,144,129,425,214,211,311,152,159,588,382,206,931,386,545,924,475,449,909,472,437,158,151,7,705,288,417,1,1,0,45,32,13,15,3,12,2,0,2,13,3,10,0,0,0,0,0,0,14,3,11,1,0,1,13,3,10,0,0,0,0,0,0,1,0,1,1,0,1,0,0,0,0,0,0,0,0,0,595,293,302
29,559,0028,600715,0000,000000,KARNATAKA,Raichur,VILLAGE,Agrahar,Rural,70,386,199,187,53,32,21,44,31,13,118,58,60,206,126,80,180,73,107,203,115,88,133,83,50,51,47,4,54,18,36,0,0,0,28,18,10,70,32,38,2,2,0,65,28,37,0,0,0,3,2,1,2,2,0,1,1,0,1,1,0,0,0,0,0,0,0,68,30,38,1,1,0,64,27,37,0,0,0,3,2,1,183,84,99
29,559,0028,600716,0000,000000,KARNATAKA,Raichur,VILLAGE,Rekalmardi,Rural,78,388,188,200,79,43,36,149,78,71,111,49,62,148,94,54,240,94,146,222,110,112,209,105,104,23,20,3,164,70,94,0,0,0,22,15,7,13,5,8,5,1,4,7,3,4,0,0,0,1,1,0,13,5,8,5,1,4,7,3,4,0,0,0,1,1,0,0,0,0,0,0,0,0,0,0,0,0,0,0,0,0,166,78,88
29,559,0028,600717,0000,000000,KARNATAKA,Raichur,VILLAGE,Markamdinni,Rural,155,832,396,436,114,58,56,219,100,119,482,229,253,310,192,118,522,204,318,535,264,271,533,263,270,14,10,4,509,244,265,0,0,0,10,9,1,2,1,1,0,0,0,1,0,1,0,0,0,1,1,0,2,1,1,0,0,0,1,0,1,0,0,0,1,1,0,0,0,0,0,0,0,0,0,0,0,0,0,0,0,0,297,132,165
29,559,0028,600718,0000,000000,KARNATAKA,Raichur,VILLAGE,Jagir-Jadaldinni,Rural,354,1830,901,929,297,155,142,576,286,290,836,407,429,791,495,296,1039,406,633,972,493,479,551,356,195,132,122,10,309,145,164,1,1,0,109,88,21,421,137,284,28,20,8,368,100,268,1,1,0,24,16,8,345,110,235,23,18,5,306,80,226,1,1,0,15,11,4,76,27,49,5,2,3,62,20,42,0,0,0,9,5,4,858,408,450
29,559,0028,600719,0000,000000,KARNATAKA,Raichur,VILLAGE,Yermarus,Rural,178,915,439,476,123,73,50,131,60,71,147,80,67,466,265,201,449,174,275,487,270,217,484,269,215,97,77,20,318,136,182,0,0,0,69,56,13,3,1,2,0,0,0,3,1,2,0,0,0,0,0,0,3,1,2,0,0,0,3,1,2,0,0,0,0,0,0,0,0,0,0,0,0,0,0,0,0,0,0,0,0,0,428,169,259
29,559,0028,600720,0000,000000,KARNATAKA,Raichur,VILLAGE,Heggaddinni,Rural,201,1123,544,579,165,79,86,158,72,86,245,113,132,507,323,184,616,221,395,429,274,155,203,179,24,132,129,3,19,15,4,9,4,5,43,31,12,226,95,131,24,8,16,102,42,60,22,10,12,78,35,43,221,93,128,24,8,16,102,42,60,21,10,11,74,33,41,5,2,3,0,0,0,0,0,0,1,0,1,4,2,2,694,270,424
29,559,0028,600721,0000,000000,KARNATAKA,Raichur,VILLAGE,Sutardinni,Rural,0,0,0,0,0,0,0,0,0,0,0,0,0,0,0,0,0,0,0,0,0,0,0,0,0,0,0,0,0,0,0,0,0,0,0,0,0,0,0,0,0,0,0,0,0,0,0,0,0,0,0,0,0,0,0,0,0,0,0,0,0,0,0,0,0,0,0,0,0,0,0,0,0,0,0,0,0,0,0,0,0,0,0,0,0
29,559,0028,600722,0000,000000,KARNATAKA,Raichur,VILLAGE,Nagaddinni,Rural,467,2500,1239,1261,372,176,196,286,149,137,875,427,448,1235,760,475,1265,479,786,1262,688,574,637,456,181,254,252,2,321,157,164,1,1,0,61,46,15,625,232,393,3,0,3,604,221,383,0,0,0,18,11,7,625,232,393,3,0,3,604,221,383,0,0,0,18,11,7,0,0,0,0,0,0,0,0,0,0,0,0,0,0,0,1238,551,687
29,559,0028,600723,0000,000000,KARNATAKA,Raichur,VILLAGE,Tippaldinni,Rural,198,1120,557,563,187,96,91,239,108,131,306,149,157,478,290,188,642,267,375,603,292,311,169,109,60,135,90,45,18,11,7,5,1,4,11,7,4,434,183,251,3,1,2,413,172,241,2,2,0,16,8,8,431,181,250,3,1,2,412,171,241,2,2,0,14,7,7,3,2,1,0,0,0,1,1,0,0,0,0,2,1,1,517,265,252
29,559,0029,000000,0000,000000,KARNATAKA,Raichur,CD BLOCK,Raichur ,Total,52001,264564,131899,132665,41137,21056,20081,58590,29361,29229,53438,26458,26980,120070,73276,46794,144494,58623,85871,134431,74138,60293,104842,62853,41989,35381,24737,10644,44647,20319,24328,1981,1154,827,22833,16643,6190,29589,11285,18304,2169,862,1307,19238,6284,12954,1115,439,676,7067,3700,3367,25764,9672,16092,1958,763,1195,17098,5469,11629,863,318,545,5845,3122,2723,3825,1613,2212,211,99,112,2140,815,1325,252,121,131,1222,578,644,130133,57761,72372
29,559,0029,000000,0000,000000,KARNATAKA,Raichur,CD BLOCK,Raichur ,Rural,48199,247476,123267,124209,39122,20043,19079,54560,27300,27260,52636,26051,26585,108673,66734,41939,138803,56533,82270,128067,69446,58621,99211,58598,40613,35312,24677,10635,44518,20281,24237,1853,1072,781,17528,12568,4960,28856,10848,18008,2153,848,1305,19163,6271,12892,1083,418,665,6457,3311,3146,25120,9301,15819,1942,749,1193,17025,5458,11567,840,306,534,5313,2788,2525,3736,1547,2189,211,99,112,2138,813,1325,243,112,131,1144,523,621,119409,53821,65588
29,559,0029,000000,0000,000000,KARNATAKA,Raichur,CD BLOCK,Raichur ,Urban,3802,17088,8632,8456,2015,1013,1002,4030,2061,1969,802,407,395,11397,6542,4855,5691,2090,3601,6364,4692,1672,5631,4255,1376,69,60,9,129,38,91,128,82,46,5305,4075,1230,733,437,296,16,14,2,75,13,62,32,21,11,610,389,221,644,371,273,16,14,2,73,11,62,23,12,11,532,334,198,89,66,23,0,0,0,2,2,0,9,9,0,78,55,23,10724,3940,6784
29,559,0029,600724,0000,000000,KARNATAKA,Raichur,VILLAGE,Arshanagi,Rural,298,1555,804,751,204,102,102,190,91,99,65,33,32,770,499,271,785,305,480,836,500,336,776,482,294,282,237,45,428,206,222,3,3,0,63,36,27,60,18,42,5,4,1,47,10,37,0,0,0,8,4,4,57,18,39,5,4,1,44,10,34,0,0,0,8,4,4,3,0,3,0,0,0,3,0,3,0,0,0,0,0,0,719,304,415
29,559,0029,600725,0000,000000,KARNATAKA,Raichur,VILLAGE,Gurjapur,Rural,138,657,333,324,104,56,48,143,73,70,113,61,52,265,162,103,392,171,221,390,200,190,383,198,185,149,79,70,232,118,114,0,0,0,2,1,1,7,2,5,0,0,0,6,1,5,0,0,0,1,1,0,7,2,5,0,0,0,6,1,5,0,0,0,1,1,0,0,0,0,0,0,0,0,0,0,0,0,0,0,0,0,267,133,134
29,559,0029,600726,0000,000000,KARNATAKA,Raichur,VILLAGE,Timmapur. G,Rural,162,855,417,438,144,70,74,297,141,156,0,0,0,470,273,197,385,144,241,442,238,204,425,229,196,85,78,7,284,104,180,0,0,0,56,47,9,17,9,8,0,0,0,3,1,2,14,8,6,0,0,0,14,7,7,0,0,0,2,0,2,12,7,5,0,0,0,3,2,1,0,0,0,1,1,0,2,1,1,0,0,0,413,179,234
29,559,0029,600727,0000,000000,KARNATAKA,Raichur,VILLAGE,Hanmapur,Rural,129,712,352,360,137,70,67,180,96,84,0,0,0,307,203,104,405,149,256,339,190,149,256,160,96,73,60,13,127,59,68,0,0,0,56,41,15,83,30,53,1,1,0,72,22,50,0,0,0,10,7,3,78,30,48,1,1,0,67,22,45,0,0,0,10,7,3,5,0,5,0,0,0,5,0,5,0,0,0,0,0,0,373,162,211
29,559,0029,600728,0000,000000,KARNATAKA,Raichur,VILLAGE,Hemberhal,Rural,159,923,447,476,141,70,71,226,105,121,1,0,1,423,262,161,500,185,315,524,253,271,514,251,263,238,130,108,221,89,132,0,0,0,55,32,23,10,2,8,1,0,1,4,1,3,0,0,0,5,1,4,10,2,8,1,0,1,4,1,3,0,0,0,5,1,4,0,0,0,0,0,0,0,0,0,0,0,0,0,0,0,399,194,205
29,559,0029,600729,0000,000000,KARNATAKA,Raichur,VILLAGE,Meerapur,Rural,108,525,269,256,60,33,27,210,110,100,22,9,13,376,221,155,149,48,101,339,167,172,335,165,170,7,7,0,325,156,169,0,0,0,3,2,1,4,2,2,1,1,0,2,1,1,0,0,0,1,0,1,2,2,0,1,1,0,1,1,0,0,0,0,0,0,0,2,0,2,0,0,0,1,0,1,0,0,0,1,0,1,186,102,84
29,559,0029,600730,0000,000000,KARNATAKA,Raichur,VILLAGE,Timmapur. H,Rural,94,443,219,224,63,31,32,116,55,61,34,19,15,253,138,115,190,81,109,219,137,82,201,131,70,90,76,14,75,29,46,0,0,0,36,26,10,18,6,12,2,2,0,15,3,12,0,0,0,1,1,0,17,6,11,2,2,0,14,3,11,0,0,0,1,1,0,1,0,1,0,0,0,1,0,1,0,0,0,0,0,0,224,82,142
29,559,0029,600731,0000,000000,KARNATAKA,Raichur,VILLAGE,Srinivaspur,Rural,13,63,32,31,13,6,7,5,3,2,26,12,14,26,16,10,37,16,21,30,19,11,30,19,11,17,15,2,13,4,9,0,0,0,0,0,0,0,0,0,0,0,0,0,0,0,0,0,0,0,0,0,0,0,0,0,0,0,0,0,0,0,0,0,0,0,0,0,0,0,0,0,0,0,0,0,0,0,0,0,0,0,33,13,20
29,559,0029,600732,0000,000000,KARNATAKA,Raichur,VILLAGE,Bevin Benchi,Rural,109,532,253,279,82,44,38,123,58,65,0,0,0,256,151,105,276,102,174,241,133,108,240,132,108,103,99,4,125,27,98,0,0,0,12,6,6,1,1,0,0,0,0,0,0,0,0,0,0,1,1,0,1,1,0,0,0,0,0,0,0,0,0,0,1,1,0,0,0,0,0,0,0,0,0,0,0,0,0,0,0,0,291,120,171
29,559,0029,600733,0000,000000,KARNATAKA,Raichur,VILLAGE,Kadlur,Rural,424,2152,1073,1079,321,164,157,235,122,113,2,2,0,1127,682,445,1025,391,634,972,592,380,510,411,99,166,148,18,157,125,32,7,6,1,180,132,48,462,181,281,11,8,3,413,150,263,5,2,3,33,21,12,433,173,260,11,8,3,392,148,244,2,0,2,28,17,11,29,8,21,0,0,0,21,2,19,3,2,1,5,4,1,1180,481,699
29,559,0029,600734,0000,000000,KARNATAKA,Raichur,VILLAGE,Karekal,Rural,131,721,360,361,123,70,53,159,80,79,0,0,0,416,240,176,305,120,185,346,208,138,201,178,23,29,29,0,90,81,9,0,0,0,82,68,14,145,30,115,0,0,0,138,24,114,0,0,0,7,6,1,142,29,113,0,0,0,136,23,113,0,0,0,6,6,0,3,1,2,0,0,0,2,1,1,0,0,0,1,0,1,375,152,223
29,559,0029,600735,0000,000000,KARNATAKA,Raichur,VILLAGE,Rangapur,Rural,187,785,398,387,94,45,49,155,77,78,90,49,41,415,263,152,370,135,235,261,224,37,93,86,7,55,55,0,5,2,3,15,13,2,18,16,2,168,138,30,14,13,1,43,23,20,9,9,0,102,93,9,81,71,10,13,12,1,14,9,5,4,4,0,50,46,4,87,67,20,1,1,0,29,14,15,5,5,0,52,47,5,524,174,350
29,559,0029,600736,0000,000000,KARNATAKA,Raichur,VILLAGE,Yedlapur,Rural,601,2732,1378,1354,440,215,225,305,158,147,16,9,7,1745,1020,725,987,358,629,939,736,203,803,646,157,72,58,14,33,13,20,11,8,3,687,567,120,136,90,46,21,13,8,8,4,4,4,0,4,103,73,30,129,86,43,21,13,8,7,4,3,3,0,3,98,69,29,7,4,3,0,0,0,1,0,1,1,0,1,5,4,1,1793,642,1151
29,559,0029,600737,0000,000000,KARNATAKA,Raichur,VILLAGE,Nagalapur,Rural,25,115,56,59,19,10,9,5,2,3,0,0,0,71,37,34,44,19,25,53,30,23,49,27,22,8,8,0,26,5,21,0,0,0,15,14,1,4,3,1,1,1,0,2,1,1,0,0,0,1,1,0,4,3,1,1,1,0,2,1,1,0,0,0,1,1,0,0,0,0,0,0,0,0,0,0,0,0,0,0,0,0,62,26,36
29,559,0029,600738,0000,000000,KARNATAKA,Raichur,VILLAGE,Hegsanhalli,Rural,377,1766,859,907,219,108,111,422,194,228,44,24,20,1213,673,540,553,186,367,618,485,133,501,429,72,55,51,4,31,18,13,31,29,2,384,331,53,117,56,61,18,8,10,29,6,23,5,3,2,65,39,26,88,41,47,14,5,9,19,4,15,5,3,2,50,29,21,29,15,14,4,3,1,10,2,8,0,0,0,15,10,5,1148,374,774
29,559,0029,600739,0000,000000,KARNATAKA,Raichur,VILLAGE,Deosugur,Rural,1315,6039,3053,2986,859,447,412,1195,610,585,49,27,22,3923,2205,1718,2116,848,1268,2204,1613,591,1866,1416,450,236,192,44,228,104,124,22,16,6,1380,1104,276,338,197,141,19,6,13,33,9,24,0,0,0,286,182,104,319,186,133,17,5,12,29,9,20,0,0,0,273,172,101,19,11,8,2,1,1,4,0,4,0,0,0,13,10,3,3835,1440,2395
29,559,0029,600740,0000,000000,KARNATAKA,Raichur,VILLAGE,Wadloor,Rural,315,1530,783,747,236,134,102,460,238,222,0,0,0,766,489,277,764,294,470,765,444,321,525,343,182,131,106,25,152,48,104,8,5,3,234,184,50,240,101,139,12,11,1,197,67,130,8,6,2,23,17,6,126,74,52,9,8,1,93,46,47,7,6,1,17,14,3,114,27,87,3,3,0,104,21,83,1,0,1,6,3,3,765,339,426
29,559,0029,600741,0000,000000,KARNATAKA,Raichur,VILLAGE,Hanumandoddi,Rural,143,767,393,374,126,70,56,15,9,6,14,8,6,279,178,101,488,215,273,416,206,210,27,23,4,8,8,0,18,14,4,0,0,0,1,1,0,389,183,206,3,0,3,383,180,203,0,0,0,3,3,0,389,183,206,3,0,3,383,180,203,0,0,0,3,3,0,0,0,0,0,0,0,0,0,0,0,0,0,0,0,0,351,187,164
29,559,0029,600742,0000,000000,KARNATAKA,Raichur,VILLAGE,Ganjhalli,Rural,402,1982,1000,982,323,170,153,535,270,265,77,41,36,780,481,299,1202,519,683,1126,568,558,788,440,348,176,145,31,555,257,298,8,4,4,49,34,15,338,128,210,5,5,0,265,94,171,4,0,4,64,29,35,334,127,207,5,5,0,261,93,168,4,0,4,64,29,35,4,1,3,0,0,0,4,1,3,0,0,0,0,0,0,856,432,424
29,559,0029,600743,0000,000000,KARNATAKA,Raichur,VILLAGE,Ibrahimdoddi,Rural,236,1325,652,673,225,119,106,55,27,28,793,397,396,325,223,102,1000,429,571,494,310,184,283,245,38,116,113,3,121,103,18,6,2,4,40,27,13,211,65,146,26,19,7,66,11,55,10,4,6,109,31,78,179,53,126,22,16,6,62,9,53,8,3,5,87,25,62,32,12,20,4,3,1,4,2,2,2,1,1,22,6,16,831,342,489
29,559,0029,600744,0000,000000,KARNATAKA,Raichur,VILLAGE,Korvihal,Rural,212,1066,533,533,144,77,67,191,90,101,11,4,7,311,192,119,755,341,414,656,347,309,132,113,19,122,106,16,8,5,3,1,1,0,1,1,0,524,234,290,11,7,4,504,223,281,5,3,2,4,1,3,512,230,282,11,7,4,499,222,277,0,0,0,2,1,1,12,4,8,0,0,0,5,1,4,5,3,2,2,0,2,410,186,224
29,559,0029,600745,0000,000000,KARNATAKA,Raichur,VILLAGE,Ramgaddi,Rural,0,0,0,0,0,0,0,0,0,0,0,0,0,0,0,0,0,0,0,0,0,0,0,0,0,0,0,0,0,0,0,0,0,0,0,0,0,0,0,0,0,0,0,0,0,0,0,0,0,0,0,0,0,0,0,0,0,0,0,0,0,0,0,0,0,0,0,0,0,0,0,0,0,0,0,0,0,0,0,0,0,0,0,0,0
29,559,0029,600746,0000,000000,KARNATAKA,Raichur,VILLAGE,Korthkunda,Rural,291,1585,763,822,262,140,122,453,226,227,19,7,12,603,353,250,982,410,572,897,456,441,588,330,258,468,275,193,90,36,54,5,3,2,25,16,9,309,126,183,23,7,16,253,93,160,14,8,6,19,18,1,295,122,173,16,5,11,248,92,156,14,8,6,17,17,0,14,4,10,7,2,5,5,1,4,0,0,0,2,1,1,688,307,381
29,559,0029,600747,0000,000000,KARNATAKA,Raichur,VILLAGE,Mamadadoddi,Rural,235,1229,560,669,200,96,104,157,73,84,34,11,23,343,208,135,886,352,534,704,313,391,351,243,108,162,142,20,150,70,80,15,12,3,24,19,5,353,70,283,46,13,33,211,38,173,58,7,51,38,12,26,332,62,270,43,11,32,200,33,167,53,6,47,36,12,24,21,8,13,3,2,1,11,5,6,5,1,4,2,0,2,525,247,278
29,559,0029,600748,0000,000000,KARNATAKA,Raichur,VILLAGE,Yergunta,Rural,243,1388,690,698,230,122,108,260,132,128,10,6,4,413,259,154,975,431,544,693,393,300,682,386,296,447,270,177,170,77,93,3,1,2,62,38,24,11,7,4,0,0,0,6,4,2,0,0,0,5,3,2,9,5,4,0,0,0,5,3,2,0,0,0,4,2,2,2,2,0,0,0,0,1,1,0,0,0,0,1,1,0,695,297,398
29,559,0029,600749,0000,000000,KARNATAKA,Raichur,VILLAGE,Sagamkunta,Rural,313,1683,823,860,291,150,141,366,189,177,107,48,59,574,351,223,1109,472,637,980,496,484,972,491,481,484,251,233,407,186,221,3,1,2,78,53,25,8,5,3,5,4,1,0,0,0,0,0,0,3,1,2,8,5,3,5,4,1,0,0,0,0,0,0,3,1,2,0,0,0,0,0,0,0,0,0,0,0,0,0,0,0,703,327,376
29,559,0029,600750,0000,000000,KARNATAKA,Raichur,VILLAGE,Kadlur,Rural,311,1526,761,765,203,97,106,221,108,113,739,359,380,886,514,372,640,247,393,842,437,405,497,314,183,104,72,32,269,149,120,10,7,3,114,86,28,345,123,222,18,9,9,272,88,184,4,1,3,51,25,26,305,99,206,15,7,8,248,72,176,4,1,3,38,19,19,40,24,16,3,2,1,24,16,8,0,0,0,13,6,7,684,324,360
29,559,0029,600751,0000,000000,KARNATAKA,Raichur,VILLAGE,Madmandoddi,Rural,69,368,184,184,72,36,36,97,47,50,171,85,86,159,94,65,209,90,119,203,99,104,197,95,102,183,88,95,2,2,0,5,2,3,7,3,4,6,4,2,0,0,0,1,0,1,0,0,0,5,4,1,5,3,2,0,0,0,1,0,1,0,0,0,4,3,1,1,1,0,0,0,0,0,0,0,0,0,0,1,1,0,165,85,80
29,559,0029,600752,0000,000000,KARNATAKA,Raichur,VILLAGE,Raldoddi,Rural,145,879,431,448,162,70,92,56,32,24,27,12,15,392,230,162,487,201,286,506,251,255,338,179,159,289,157,132,29,12,17,0,0,0,20,10,10,168,72,96,3,2,1,158,66,92,0,0,0,7,4,3,164,72,92,3,2,1,155,66,89,0,0,0,6,4,2,4,0,4,0,0,0,3,0,3,0,0,0,1,0,1,373,180,193
29,559,0029,600753,0000,000000,KARNATAKA,Raichur,VILLAGE,Waddepalli,Rural,285,1556,794,762,279,147,132,163,81,82,744,376,368,590,378,212,966,416,550,907,454,453,888,448,440,314,194,120,472,188,284,11,5,6,91,61,30,19,6,13,11,4,7,4,1,3,0,0,0,4,1,3,8,2,6,4,1,3,1,0,1,0,0,0,3,1,2,11,4,7,7,3,4,3,1,2,0,0,0,1,0,1,649,340,309
29,559,0029,600754,0000,000000,KARNATAKA,Raichur,VILLAGE,Dongarampur,Rural,515,2563,1305,1258,380,194,186,419,215,204,354,173,181,1046,671,375,1517,634,883,1548,768,780,1173,639,534,361,264,97,660,283,377,26,10,16,126,82,44,375,129,246,31,12,19,241,62,179,9,1,8,94,54,40,363,125,238,31,12,19,239,62,177,8,1,7,85,50,35,12,4,8,0,0,0,2,0,2,1,0,1,9,4,5,1015,537,478
29,559,0029,600755,0000,000000,KARNATAKA,Raichur,VILLAGE,Mangigaddi,Rural,0,0,0,0,0,0,0,0,0,0,0,0,0,0,0,0,0,0,0,0,0,0,0,0,0,0,0,0,0,0,0,0,0,0,0,0,0,0,0,0,0,0,0,0,0,0,0,0,0,0,0,0,0,0,0,0,0,0,0,0,0,0,0,0,0,0,0,0,0,0,0,0,0,0,0,0,0,0,0,0,0,0,0,0,0
29,559,0029,600756,0000,000000,KARNATAKA,Raichur,VILLAGE,Korvakhurd,Rural,115,631,317,314,107,60,47,209,108,101,0,0,0,266,156,110,365,161,204,368,176,192,368,176,192,81,65,16,258,90,168,2,0,2,27,21,6,0,0,0,0,0,0,0,0,0,0,0,0,0,0,0,0,0,0,0,0,0,0,0,0,0,0,0,0,0,0,0,0,0,0,0,0,0,0,0,0,0,0,0,0,0,263,141,122
29,559,0029,600757,0000,000000,KARNATAKA,Raichur,VILLAGE,Agrahar,Rural,11,31,15,16,7,4,3,0,0,0,0,0,0,22,11,11,9,4,5,17,7,10,16,6,10,10,5,5,4,1,3,1,0,1,1,0,1,1,1,0,0,0,0,0,0,0,0,0,0,1,1,0,1,1,0,0,0,0,0,0,0,0,0,0,1,1,0,0,0,0,0,0,0,0,0,0,0,0,0,0,0,0,14,8,6
29,559,0029,600758,0000,000000,KARNATAKA,Raichur,VILLAGE,Korvakala,Rural,143,668,317,351,114,52,62,148,64,84,31,18,13,292,172,120,376,145,231,404,179,225,383,169,214,128,102,26,232,59,173,0,0,0,23,8,15,21,10,11,8,4,4,3,0,3,0,0,0,10,6,4,21,10,11,8,4,4,3,0,3,0,0,0,10,6,4,0,0,0,0,0,0,0,0,0,0,0,0,0,0,0,264,138,126
29,559,0029,600759,0000,000000,KARNATAKA,Raichur,VILLAGE,Budidipad,Rural,265,1330,659,671,193,92,101,471,240,231,517,244,273,630,396,234,700,263,437,719,349,370,718,349,369,376,333,43,339,14,325,0,0,0,3,2,1,1,0,1,0,0,0,1,0,1,0,0,0,0,0,0,1,0,1,0,0,0,1,0,1,0,0,0,0,0,0,0,0,0,0,0,0,0,0,0,0,0,0,0,0,0,611,310,301
29,559,0029,600760,0000,000000,KARNATAKA,Raichur,VILLAGE,Kurtipli,Rural,64,298,161,137,36,22,14,61,33,28,169,89,80,133,84,49,165,77,88,167,97,70,150,90,60,50,50,0,19,14,5,1,1,0,80,25,55,17,7,10,1,1,0,5,2,3,0,0,0,11,4,7,17,7,10,1,1,0,5,2,3,0,0,0,11,4,7,0,0,0,0,0,0,0,0,0,0,0,0,0,0,0,131,64,67
29,559,0029,600761,0000,000000,KARNATAKA,Raichur,VILLAGE,Athkur,Rural,970,4842,2450,2392,813,420,393,854,427,427,2302,1184,1118,2046,1252,794,2796,1198,1598,2708,1344,1364,2192,1231,961,1148,881,267,871,239,632,35,17,18,138,94,44,516,113,403,87,23,64,323,53,270,10,2,8,96,35,61,490,105,385,80,19,61,316,53,263,9,2,7,85,31,54,26,8,18,7,4,3,7,0,7,1,0,1,11,4,7,2134,1106,1028
29,559,0029,600762,0000,000000,KARNATAKA,Raichur,VILLAGE,Gajral,Rural,236,1298,651,647,253,139,114,570,279,291,42,20,22,420,261,159,878,390,488,643,340,303,201,173,28,172,149,23,17,17,0,0,0,0,12,7,5,442,167,275,7,1,6,426,160,266,2,2,0,7,4,3,198,58,140,7,1,6,187,55,132,1,1,0,3,1,2,244,109,135,0,0,0,239,105,134,1,1,0,4,3,1,655,311,344
29,559,0029,600763,0000,000000,KARNATAKA,Raichur,VILLAGE,Yapaldinni,Rural,478,2399,1240,1159,362,201,161,616,314,302,150,88,62,1108,688,420,1291,552,739,946,636,310,822,582,240,227,183,44,368,224,144,19,13,6,208,162,46,124,54,70,27,11,16,63,20,43,2,2,0,32,21,11,120,52,68,26,11,15,63,20,43,2,2,0,29,19,10,4,2,2,1,0,1,0,0,0,0,0,0,3,2,1,1453,604,849
29,559,0029,600764,0000,000000,KARNATAKA,Raichur,VILLAGE,Appandoddi,Rural,273,1489,781,708,202,111,91,102,63,39,342,174,168,374,261,113,1115,520,595,770,422,348,164,104,60,78,47,31,38,26,12,20,11,9,28,20,8,606,318,288,111,64,47,376,205,171,10,5,5,109,44,65,431,260,171,96,57,39,273,172,101,5,2,3,57,29,28,175,58,117,15,7,8,103,33,70,5,3,2,52,15,37,719,359,360
29,559,0029,600765,0000,000000,KARNATAKA,Raichur,VILLAGE,Kothdoddi,Rural,47,319,162,157,62,37,25,86,47,39,3,2,1,142,80,62,177,82,95,192,97,95,132,68,64,0,0,0,5,3,2,0,0,0,127,65,62,60,29,31,2,1,1,3,1,2,0,0,0,55,27,28,52,26,26,2,1,1,0,0,0,0,0,0,50,25,25,8,3,5,0,0,0,3,1,2,0,0,0,5,2,3,127,65,62
29,559,0029,600766,0000,000000,KARNATAKA,Raichur,VILLAGE,Palwaldoddi,Rural,109,642,308,334,102,46,56,91,47,44,244,121,123,219,138,81,423,170,253,328,165,163,279,154,125,181,130,51,82,15,67,0,0,0,16,9,7,49,11,38,3,2,1,38,6,32,0,0,0,8,3,5,49,11,38,3,2,1,38,6,32,0,0,0,8,3,5,0,0,0,0,0,0,0,0,0,0,0,0,0,0,0,314,143,171
29,559,0029,600767,0000,000000,KARNATAKA,Raichur,VILLAGE,Nagandoddi,Rural,243,1271,628,643,189,96,93,150,75,75,672,335,337,722,432,290,549,196,353,723,358,365,581,297,284,388,256,132,167,26,141,3,2,1,23,13,10,142,61,81,12,7,5,10,3,7,5,2,3,115,49,66,47,23,24,9,6,3,7,1,6,4,2,2,27,14,13,95,38,57,3,1,2,3,2,1,1,0,1,88,35,53,548,270,278
29,559,0029,600768,0000,000000,KARNATAKA,Raichur,VILLAGE,Ganmur,Rural,372,1900,962,938,280,144,136,263,133,130,647,322,325,732,478,254,1168,484,684,1145,580,565,500,402,98,280,251,29,147,107,40,4,1,3,69,43,26,645,178,467,21,11,10,188,78,110,8,4,4,428,85,343,519,150,369,15,9,6,152,64,88,6,2,4,346,75,271,126,28,98,6,2,4,36,14,22,2,2,0,82,10,72,755,382,373
29,559,0029,600769,0000,000000,KARNATAKA,Raichur,VILLAGE,Shakwadi,Rural,327,1618,786,832,314,156,158,234,119,115,354,169,185,493,315,178,1125,471,654,871,480,391,657,411,246,87,86,1,11,9,2,5,5,0,554,311,243,214,69,145,10,9,1,138,10,128,1,1,0,65,49,16,189,67,122,10,9,1,116,10,106,1,1,0,62,47,15,25,2,23,0,0,0,22,0,22,0,0,0,3,2,1,747,306,441
29,559,0029,600770,0000,000000,KARNATAKA,Raichur,VILLAGE,Polkamdoddi,Rural,102,550,285,265,92,49,43,125,65,60,19,10,9,247,158,89,303,127,176,321,164,157,51,49,2,34,34,0,7,7,0,1,1,0,9,7,2,270,115,155,6,2,4,257,110,147,3,1,2,4,2,2,232,107,125,4,2,2,223,102,121,1,1,0,4,2,2,38,8,30,2,0,2,34,8,26,2,0,2,0,0,0,229,121,108
29,559,0029,600771,0000,000000,KARNATAKA,Raichur,VILLAGE,Katlatkur,Rural,435,2284,1143,1141,377,205,172,966,493,473,338,173,165,817,508,309,1467,635,832,1261,665,596,672,414,258,146,112,34,408,209,199,17,12,5,101,81,20,589,251,338,3,0,3,522,217,305,4,1,3,60,33,27,211,67,144,3,0,3,158,38,120,2,0,2,48,29,19,378,184,194,0,0,0,364,179,185,2,1,1,12,4,8,1023,478,545
29,559,0029,600772,0000,000000,KARNATAKA,Raichur,VILLAGE,Kadgamdoddi,Rural,180,972,502,470,124,64,60,40,23,17,155,79,76,479,298,181,493,204,289,559,316,243,542,306,236,326,190,136,182,90,92,6,6,0,28,20,8,17,10,7,3,1,2,1,1,0,0,0,0,13,8,5,15,9,6,3,1,2,1,1,0,0,0,0,11,7,4,2,1,1,0,0,0,0,0,0,0,0,0,2,1,1,413,186,227
29,559,0029,600773,0000,000000,KARNATAKA,Raichur,VILLAGE,Chandrabanda,Rural,682,3458,1720,1738,610,312,298,1048,517,531,791,384,407,2132,1186,946,1326,534,792,1930,976,954,1610,893,717,228,213,15,1154,494,660,1,1,0,227,185,42,320,83,237,5,1,4,274,62,212,1,0,1,40,20,20,319,82,237,5,1,4,274,62,212,1,0,1,39,19,20,1,1,0,0,0,0,0,0,0,0,0,0,1,1,0,1528,744,784
29,559,0029,600774,0000,000000,KARNATAKA,Raichur,VILLAGE,Arsigera,Rural,264,1438,733,705,239,120,119,438,226,212,61,29,32,570,380,190,868,353,515,850,424,426,828,418,410,146,122,24,485,195,290,161,85,76,36,16,20,22,6,16,2,2,0,17,2,15,2,1,1,1,1,0,22,6,16,2,2,0,17,2,15,2,1,1,1,1,0,0,0,0,0,0,0,0,0,0,0,0,0,0,0,0,588,309,279
29,559,0029,600775,0000,000000,KARNATAKA,Raichur,VILLAGE,Wadlamdoddi,Rural,116,652,342,310,98,51,47,0,0,0,43,21,22,307,195,112,345,147,198,396,210,186,388,207,181,113,107,6,256,85,171,4,4,0,15,11,4,8,3,5,0,0,0,8,3,5,0,0,0,0,0,0,8,3,5,0,0,0,8,3,5,0,0,0,0,0,0,0,0,0,0,0,0,0,0,0,0,0,0,0,0,0,256,132,124
29,559,0029,600776,0000,000000,KARNATAKA,Raichur,VILLAGE,Mandalgera,Rural,270,1415,705,710,238,126,112,641,317,324,122,54,68,527,329,198,888,376,512,752,378,374,436,284,152,235,185,50,169,81,88,2,1,1,30,17,13,316,94,222,14,4,10,280,75,205,2,2,0,20,13,7,309,92,217,11,4,7,279,75,204,2,2,0,17,11,6,7,2,5,3,0,3,1,0,1,0,0,0,3,2,1,663,327,336
29,559,0029,600777,0000,000000,KARNATAKA,Raichur,VILLAGE,Singnodi,Rural,590,3245,1599,1646,529,269,260,1615,782,833,838,433,405,964,612,352,2281,987,1294,1834,864,970,1762,840,922,465,290,175,1154,486,668,26,11,15,117,53,64,72,24,48,15,6,9,29,8,21,0,0,0,28,10,18,65,22,43,11,5,6,29,8,21,0,0,0,25,9,16,7,2,5,4,1,3,0,0,0,0,0,0,3,1,2,1411,735,676
29,559,0029,600778,0000,000000,KARNATAKA,Raichur,VILLAGE,Yegnur,Rural,322,1565,756,809,231,111,120,412,214,198,41,13,28,920,525,395,645,231,414,700,435,265,413,293,120,50,44,6,164,82,82,4,2,2,195,165,30,287,142,145,11,6,5,102,28,74,4,0,4,170,108,62,270,133,137,11,6,5,100,28,72,4,0,4,155,99,56,17,9,8,0,0,0,2,0,2,0,0,0,15,9,6,865,321,544
29,559,0029,600779,0000,000000,KARNATAKA,Raichur,VILLAGE,Sanknur,Rural,91,457,236,221,67,31,36,138,70,68,0,0,0,273,169,104,184,67,117,171,121,50,135,94,41,2,2,0,98,64,34,1,1,0,34,27,7,36,27,9,2,1,1,2,1,1,0,0,0,32,25,7,36,27,9,2,1,1,2,1,1,0,0,0,32,25,7,0,0,0,0,0,0,0,0,0,0,0,0,0,0,0,286,115,171
29,559,0029,600780,0000,000000,KARNATAKA,Raichur,VILLAGE,Potgal,Rural,0,0,0,0,0,0,0,0,0,0,0,0,0,0,0,0,0,0,0,0,0,0,0,0,0,0,0,0,0,0,0,0,0,0,0,0,0,0,0,0,0,0,0,0,0,0,0,0,0,0,0,0,0,0,0,0,0,0,0,0,0,0,0,0,0,0,0,0,0,0,0,0,0,0,0,0,0,0,0,0,0,0,0,0,0
29,559,0029,600781,0000,000000,KARNATAKA,Raichur,VILLAGE,Yermarus,Rural,0,0,0,0,0,0,0,0,0,0,0,0,0,0,0,0,0,0,0,0,0,0,0,0,0,0,0,0,0,0,0,0,0,0,0,0,0,0,0,0,0,0,0,0,0,0,0,0,0,0,0,0,0,0,0,0,0,0,0,0,0,0,0,0,0,0,0,0,0,0,0,0,0,0,0,0,0,0,0,0,0,0,0,0,0
29,559,0029,600782,0000,000000,KARNATAKA,Raichur,VILLAGE,Eklaspur,Rural,0,0,0,0,0,0,0,0,0,0,0,0,0,0,0,0,0,0,0,0,0,0,0,0,0,0,0,0,0,0,0,0,0,0,0,0,0,0,0,0,0,0,0,0,0,0,0,0,0,0,0,0,0,0,0,0,0,0,0,0,0,0,0,0,0,0,0,0,0,0,0,0,0,0,0,0,0,0,0,0,0,0,0,0,0
29,559,0029,600783,0000,000000,KARNATAKA,Raichur,VILLAGE,Askihal,Rural,0,0,0,0,0,0,0,0,0,0,0,0,0,0,0,0,0,0,0,0,0,0,0,0,0,0,0,0,0,0,0,0,0,0,0,0,0,0,0,0,0,0,0,0,0,0,0,0,0,0,0,0,0,0,0,0,0,0,0,0,0,0,0,0,0,0,0,0,0,0,0,0,0,0,0,0,0,0,0,0,0,0,0,0,0
29,559,0029,600784,0000,000000,KARNATAKA,Raichur,VILLAGE,Rampur,Rural,0,0,0,0,0,0,0,0,0,0,0,0,0,0,0,0,0,0,0,0,0,0,0,0,0,0,0,0,0,0,0,0,0,0,0,0,0,0,0,0,0,0,0,0,0,0,0,0,0,0,0,0,0,0,0,0,0,0,0,0,0,0,0,0,0,0,0,0,0,0,0,0,0,0,0,0,0,0,0,0,0,0,0,0,0
29,559,0029,600785,0000,000000,KARNATAKA,Raichur,VILLAGE,Hosur,Rural,0,0,0,0,0,0,0,0,0,0,0,0,0,0,0,0,0,0,0,0,0,0,0,0,0,0,0,0,0,0,0,0,0,0,0,0,0,0,0,0,0,0,0,0,0,0,0,0,0,0,0,0,0,0,0,0,0,0,0,0,0,0,0,0,0,0,0,0,0,0,0,0,0,0,0,0,0,0,0,0,0,0,0,0,0
29,559,0029,600786,0000,000000,KARNATAKA,Raichur,VILLAGE,Raichur (Rural),Rural,0,0,0,0,0,0,0,0,0,0,0,0,0,0,0,0,0,0,0,0,0,0,0,0,0,0,0,0,0,0,0,0,0,0,0,0,0,0,0,0,0,0,0,0,0,0,0,0,0,0,0,0,0,0,0,0,0,0,0,0,0,0,0,0,0,0,0,0,0,0,0,0,0,0,0,0,0,0,0,0,0,0,0,0,0
29,559,0029,600787,0000,000000,KARNATAKA,Raichur,VILLAGE,Tamalghat (D),Rural,0,0,0,0,0,0,0,0,0,0,0,0,0,0,0,0,0,0,0,0,0,0,0,0,0,0,0,0,0,0,0,0,0,0,0,0,0,0,0,0,0,0,0,0,0,0,0,0,0,0,0,0,0,0,0,0,0,0,0,0,0,0,0,0,0,0,0,0,0,0,0,0,0,0,0,0,0,0,0,0,0,0,0,0,0
29,559,0029,600788,0000,000000,KARNATAKA,Raichur,VILLAGE,Agapur (D),Rural,0,0,0,0,0,0,0,0,0,0,0,0,0,0,0,0,0,0,0,0,0,0,0,0,0,0,0,0,0,0,0,0,0,0,0,0,0,0,0,0,0,0,0,0,0,0,0,0,0,0,0,0,0,0,0,0,0,0,0,0,0,0,0,0,0,0,0,0,0,0,0,0,0,0,0,0,0,0,0,0,0,0,0,0,0
29,559,0029,600789,0000,000000,KARNATAKA,Raichur,VILLAGE,Kurabdoddi,Rural,208,1126,559,567,166,87,79,434,218,216,113,59,54,478,286,192,648,273,375,608,305,303,256,215,41,202,179,23,23,16,7,5,1,4,26,19,7,352,90,262,11,1,10,236,33,203,52,26,26,53,30,23,293,58,235,11,1,10,232,31,201,9,4,5,41,22,19,59,32,27,0,0,0,4,2,2,43,22,21,12,8,4,518,254,264
29,559,0029,600790,0000,000000,KARNATAKA,Raichur,VILLAGE,Wadwati,Rural,538,3070,1502,1568,605,305,300,732,340,392,1411,713,698,1059,648,411,2011,854,1157,1678,795,883,1314,625,689,619,290,329,462,185,277,8,6,2,225,144,81,364,170,194,10,4,6,239,78,161,4,3,1,111,85,26,191,89,102,7,2,5,118,35,83,4,3,1,62,49,13,173,81,92,3,2,1,121,43,78,0,0,0,49,36,13,1392,707,685
29,559,0029,600791,0000,000000,KARNATAKA,Raichur,VILLAGE,Baidoddi,Rural,391,1967,961,1006,254,119,135,441,214,227,343,161,182,930,562,368,1037,399,638,1073,556,517,1058,549,509,440,243,197,423,189,234,10,5,5,185,112,73,15,7,8,4,3,1,5,1,4,1,0,1,5,3,2,11,6,5,4,3,1,5,1,4,0,0,0,2,2,0,4,1,3,0,0,0,0,0,0,1,0,1,3,1,2,894,405,489
29,559,0029,600792,0000,000000,KARNATAKA,Raichur,VILLAGE,Ghousenagar,Rural,73,419,213,206,90,50,40,131,69,62,4,3,1,177,107,70,242,106,136,63,36,27,51,30,21,18,16,2,18,8,10,2,2,0,13,4,9,12,6,6,5,2,3,2,0,2,0,0,0,5,4,1,11,5,6,5,2,3,2,0,2,0,0,0,4,3,1,1,1,0,0,0,0,0,0,0,0,0,0,1,1,0,356,177,179
29,559,0029,600793,0000,000000,KARNATAKA,Raichur,VILLAGE,Bolmandoddi,Rural,164,907,461,446,128,72,56,266,144,122,85,40,45,409,248,161,498,213,285,469,270,199,373,259,114,84,73,11,106,18,88,0,0,0,183,168,15,96,11,85,4,3,1,24,1,23,1,0,1,67,7,60,75,8,67,2,1,1,22,1,21,1,0,1,50,6,44,21,3,18,2,2,0,2,0,2,0,0,0,17,1,16,438,191,247
29,559,0029,600794,0000,000000,KARNATAKA,Raichur,VILLAGE,Sidrampur,Rural,229,1379,722,657,269,139,130,238,117,121,214,110,104,617,398,219,762,324,438,661,370,291,629,365,264,156,91,65,299,145,154,5,2,3,169,127,42,32,5,27,9,0,9,16,2,14,0,0,0,7,3,4,32,5,27,9,0,9,16,2,14,0,0,0,7,3,4,0,0,0,0,0,0,0,0,0,0,0,0,0,0,0,718,352,366
29,559,0029,600795,0000,000000,KARNATAKA,Raichur,VILLAGE,Maliabad,Rural,919,4737,2331,2406,835,404,431,690,359,331,2430,1185,1245,1532,942,590,3205,1389,1816,2353,1307,1046,1825,1125,700,447,278,169,627,213,414,22,12,10,729,622,107,528,182,346,40,13,27,343,63,280,15,7,8,130,99,31,454,140,314,35,10,25,313,50,263,9,4,5,97,76,21,74,42,32,5,3,2,30,13,17,6,3,3,33,23,10,2384,1024,1360
29,559,0029,600796,0000,000000,KARNATAKA,Raichur,VILLAGE,Mittimalkapur,Rural,342,1630,808,822,249,126,123,345,159,186,540,265,275,606,382,224,1024,426,598,728,427,301,619,372,247,84,61,23,176,76,100,49,33,16,310,202,108,109,55,54,5,3,2,7,5,2,1,0,1,96,47,49,100,52,48,4,2,2,5,4,1,1,0,1,90,46,44,9,3,6,1,1,0,2,1,1,0,0,0,6,1,5,902,381,521
29,559,0029,600797,0000,000000,KARNATAKA,Raichur,VILLAGE,Bijangera,Rural,516,2981,1486,1495,598,299,299,830,428,402,581,280,301,1086,698,388,1895,788,1107,1660,830,830,1514,752,762,248,125,123,1135,552,583,19,12,7,112,63,49,146,78,68,15,5,10,33,14,19,17,8,9,81,51,30,92,53,39,11,4,7,23,10,13,16,8,8,42,31,11,54,25,29,4,1,3,10,4,6,1,0,1,39,20,19,1321,656,665
29,559,0029,600798,0000,000000,KARNATAKA,Raichur,VILLAGE,Devanpalli,Rural,446,2254,1147,1107,381,196,185,430,239,191,741,385,356,805,535,270,1449,612,837,887,493,394,573,368,205,86,53,33,209,134,75,4,2,2,274,179,95,314,125,189,14,6,8,185,64,121,3,0,3,112,55,57,304,120,184,13,6,7,184,63,121,2,0,2,105,51,54,10,5,5,1,0,1,1,1,0,1,0,1,7,4,3,1367,654,713
29,559,0029,600799,0000,000000,KARNATAKA,Raichur,VILLAGE,Harkandoddi (D),Rural,0,0,0,0,0,0,0,0,0,0,0,0,0,0,0,0,0,0,0,0,0,0,0,0,0,0,0,0,0,0,0,0,0,0,0,0,0,0,0,0,0,0,0,0,0,0,0,0,0,0,0,0,0,0,0,0,0,0,0,0,0,0,0,0,0,0,0,0,0,0,0,0,0,0,0,0,0,0,0,0,0,0,0,0,0
29,559,0029,600800,0000,000000,KARNATAKA,Raichur,VILLAGE,Rajalbanda,Rural,171,1106,539,567,210,105,105,146,64,82,87,44,43,405,281,124,701,258,443,646,314,332,639,314,325,117,114,3,262,45,217,3,2,1,257,153,104,7,0,7,1,0,1,2,0,2,0,0,0,4,0,4,7,0,7,1,0,1,2,0,2,0,0,0,4,0,4,0,0,0,0,0,0,0,0,0,0,0,0,0,0,0,460,225,235
29,559,0029,600801,0000,000000,KARNATAKA,Raichur,VILLAGE,Ayazpur,Rural,241,1255,625,630,220,111,109,168,78,90,352,170,182,447,295,152,808,330,478,688,366,322,687,365,322,217,121,96,245,100,145,25,13,12,200,131,69,1,1,0,0,0,0,0,0,0,0,0,0,1,1,0,1,1,0,0,0,0,0,0,0,0,0,0,1,1,0,0,0,0,0,0,0,0,0,0,0,0,0,0,0,0,567,259,308
29,559,0029,600802,0000,000000,KARNATAKA,Raichur,VILLAGE,Bapur,Rural,374,1901,968,933,259,137,122,473,243,230,911,467,444,644,444,200,1257,524,733,1335,672,663,522,379,143,168,146,22,153,101,52,5,3,2,196,129,67,813,293,520,20,9,11,182,68,114,19,4,15,592,212,380,765,275,490,20,9,11,166,61,105,17,2,15,562,203,359,48,18,30,0,0,0,16,7,9,2,2,0,30,9,21,566,296,270
29,559,0029,600803,0000,000000,KARNATAKA,Raichur,VILLAGE,Undral Doddi,Rural,150,819,401,418,124,71,53,178,91,87,325,152,173,407,243,164,412,158,254,459,217,242,454,217,237,204,189,15,239,20,219,3,3,0,8,5,3,5,0,5,0,0,0,5,0,5,0,0,0,0,0,0,5,0,5,0,0,0,5,0,5,0,0,0,0,0,0,0,0,0,0,0,0,0,0,0,0,0,0,0,0,0,360,184,176
29,559,0029,600804,0000,000000,KARNATAKA,Raichur,VILLAGE,Mallapur,Rural,196,1093,573,520,133,73,60,67,32,35,9,4,5,600,371,229,493,202,291,530,317,213,527,315,212,216,161,55,223,102,121,2,0,2,86,52,34,3,2,1,0,0,0,1,0,1,0,0,0,2,2,0,3,2,1,0,0,0,1,0,1,0,0,0,2,2,0,0,0,0,0,0,0,0,0,0,0,0,0,0,0,0,563,256,307
29,559,0029,600805,0000,000000,KARNATAKA,Raichur,VILLAGE,Jegarkal,Rural,515,2632,1303,1329,354,180,174,946,485,461,48,28,20,1384,857,527,1248,446,802,1210,768,442,1090,712,378,261,229,32,580,288,292,21,10,11,228,185,43,120,56,64,7,2,5,111,53,58,1,0,1,1,1,0,118,56,62,5,2,3,111,53,58,1,0,1,1,1,0,2,0,2,2,0,2,0,0,0,0,0,0,0,0,0,1422,535,887
29,559,0029,600806,0000,000000,KARNATAKA,Raichur,VILLAGE,Chicksugur,Rural,584,2815,1440,1375,482,269,213,603,315,288,11,6,5,1645,997,648,1170,443,727,1116,756,360,700,515,185,136,80,56,30,18,12,13,10,3,521,407,114,416,241,175,13,6,7,76,39,37,68,36,32,259,160,99,389,230,159,12,6,6,67,35,32,66,35,31,244,154,90,27,11,16,1,0,1,9,4,5,2,1,1,15,6,9,1699,684,1015
29,559,0029,600807,0000,000000,KARNATAKA,Raichur,VILLAGE,Kuknoor,Rural,160,774,372,402,115,56,59,32,17,15,549,266,283,414,249,165,360,123,237,442,218,224,216,170,46,40,39,1,109,76,33,0,0,0,67,55,12,226,48,178,1,1,0,212,39,173,0,0,0,13,8,5,222,48,174,1,1,0,208,39,169,0,0,0,13,8,5,4,0,4,0,0,0,4,0,4,0,0,0,0,0,0,332,154,178
29,559,0029,600808,0000,000000,KARNATAKA,Raichur,VILLAGE,Manslapur,Rural,580,2845,1400,1445,419,217,202,774,380,394,997,488,509,1354,813,541,1491,587,904,1413,816,597,990,716,274,82,71,11,524,313,211,1,1,0,383,331,52,423,100,323,6,3,3,369,62,307,1,0,1,47,35,12,326,92,234,5,3,2,275,55,220,1,0,1,45,34,11,97,8,89,1,0,1,94,7,87,0,0,0,2,1,1,1432,584,848
29,559,0029,600809,0000,000000,KARNATAKA,Raichur,VILLAGE,Merched,Rural,632,3065,1532,1533,455,245,210,1440,739,701,22,11,11,1517,893,624,1548,639,909,1343,836,507,970,639,331,197,184,13,126,66,60,84,40,44,563,349,214,373,197,176,7,6,1,281,145,136,12,9,3,73,37,36,370,196,174,7,6,1,281,145,136,12,9,3,70,36,34,3,1,2,0,0,0,0,0,0,0,0,0,3,1,2,1722,696,1026
29,559,0029,600810,0000,000000,KARNATAKA,Raichur,VILLAGE,Hospet,Rural,387,2006,1000,1006,329,165,164,863,438,425,7,4,3,963,591,372,1043,409,634,1007,576,431,472,331,141,213,171,42,35,11,24,56,20,36,168,129,39,535,245,290,7,2,5,358,105,253,6,3,3,164,135,29,517,239,278,6,1,5,352,104,248,5,2,3,154,132,22,18,6,12,1,1,0,6,1,5,1,1,0,10,3,7,999,424,575
29,559,0029,600811,0000,000000,KARNATAKA,Raichur,VILLAGE,Arlappanahuda,Rural,45,194,84,110,19,10,9,0,0,0,5,4,1,72,43,29,122,41,81,93,53,40,73,47,26,13,11,2,53,33,20,1,1,0,6,2,4,20,6,14,5,3,2,14,3,11,1,0,1,0,0,0,19,6,13,5,3,2,14,3,11,0,0,0,0,0,0,1,0,1,0,0,0,0,0,0,1,0,1,0,0,0,101,31,70
29,559,0029,600812,0000,000000,KARNATAKA,Raichur,VILLAGE,Raghunathanhalli,Rural,239,1209,585,624,183,84,99,372,187,185,32,15,17,669,421,248,540,164,376,499,342,157,173,149,24,85,82,3,38,27,11,16,16,0,34,24,10,326,193,133,28,21,7,213,100,113,8,4,4,77,68,9,326,193,133,28,21,7,213,100,113,8,4,4,77,68,9,0,0,0,0,0,0,0,0,0,0,0,0,0,0,0,710,243,467
29,559,0029,600813,0000,000000,KARNATAKA,Raichur,VILLAGE,Sultanpur,Rural,308,1633,809,824,244,134,110,411,204,207,0,0,0,823,480,343,810,329,481,861,465,396,692,404,288,263,202,61,385,167,218,7,4,3,37,31,6,169,61,108,24,6,18,133,47,86,2,2,0,10,6,4,165,58,107,24,6,18,129,44,85,2,2,0,10,6,4,4,3,1,0,0,0,4,3,1,0,0,0,0,0,0,772,344,428
29,559,0029,600814,0000,000000,KARNATAKA,Raichur,VILLAGE,Murhanpur,Rural,199,948,489,459,107,60,47,223,108,115,441,237,204,448,274,174,500,215,285,678,335,343,310,193,117,85,57,28,186,106,80,2,1,1,37,29,8,368,142,226,12,8,4,193,91,102,135,32,103,28,11,17,363,141,222,12,8,4,191,91,100,135,32,103,25,10,15,5,1,4,0,0,0,2,0,2,0,0,0,3,1,2,270,154,116
29,559,0029,600815,0000,000000,KARNATAKA,Raichur,VILLAGE,Halvenktapur,Rural,96,583,279,304,84,41,43,76,39,37,0,0,0,314,191,123,269,88,181,391,190,201,324,161,163,167,85,82,151,72,79,0,0,0,6,4,2,67,29,38,8,2,6,58,26,32,1,1,0,0,0,0,67,29,38,8,2,6,58,26,32,1,1,0,0,0,0,0,0,0,0,0,0,0,0,0,0,0,0,0,0,0,192,89,103
29,559,0029,600816,0000,000000,KARNATAKA,Raichur,VILLAGE,Kalmala,Rural,1062,5638,2780,2858,754,372,382,1203,598,605,217,112,105,3081,1831,1250,2557,949,1608,2284,1454,830,1985,1313,672,690,540,150,918,499,419,38,25,13,339,249,90,299,141,158,22,11,11,69,28,41,7,1,6,201,101,100,287,138,149,21,11,10,68,28,40,3,1,2,195,98,97,12,3,9,1,0,1,1,0,1,4,0,4,6,3,3,3354,1326,2028
29,559,0029,600817,0000,000000,KARNATAKA,Raichur,VILLAGE,J. Venktapur,Rural,419,2203,1076,1127,329,170,159,312,162,150,128,60,68,1168,703,465,1035,373,662,1137,617,520,766,568,198,441,357,84,184,101,83,6,2,4,135,108,27,371,49,322,120,8,112,210,29,181,7,0,7,34,12,22,359,44,315,117,7,110,204,26,178,6,0,6,32,11,21,12,5,7,3,1,2,6,3,3,1,0,1,2,1,1,1066,459,607
29,559,0029,600818,0000,000000,KARNATAKA,Raichur,VILLAGE,Fathepur,Rural,190,1030,517,513,161,93,68,454,229,225,114,55,59,511,306,205,519,211,308,439,291,148,176,136,40,137,108,29,8,5,3,0,0,0,31,23,8,263,155,108,11,9,2,215,116,99,2,2,0,35,28,7,263,155,108,11,9,2,215,116,99,2,2,0,35,28,7,0,0,0,0,0,0,0,0,0,0,0,0,0,0,0,591,226,365
29,559,0029,600819,0000,000000,KARNATAKA,Raichur,VILLAGE,Gonhal,Rural,335,1562,766,796,222,112,110,523,246,277,199,103,96,833,492,341,729,274,455,908,467,441,660,451,209,311,257,54,188,60,128,2,1,1,159,133,26,248,16,232,11,4,7,214,6,208,5,0,5,18,6,12,246,14,232,11,4,7,212,4,208,5,0,5,18,6,12,2,2,0,0,0,0,2,2,0,0,0,0,0,0,0,654,299,355
29,559,0029,600820,0000,000000,KARNATAKA,Raichur,VILLAGE,Hunsihalhuda,Rural,404,1911,914,997,321,159,162,122,64,58,225,111,114,892,532,360,1019,382,637,955,467,488,628,415,213,274,234,40,259,105,154,3,2,1,92,74,18,327,52,275,6,3,3,298,36,262,0,0,0,23,13,10,309,49,260,4,2,2,283,35,248,0,0,0,22,12,10,18,3,15,2,1,1,15,1,14,0,0,0,1,1,0,956,447,509
29,559,0029,600821,0000,000000,KARNATAKA,Raichur,VILLAGE,Mamdapur,Rural,499,2439,1184,1255,341,181,160,607,293,314,331,156,175,1084,610,474,1355,574,781,1215,655,560,829,509,320,364,298,66,352,133,219,6,5,1,107,73,34,386,146,240,3,1,2,358,131,227,9,5,4,16,9,7,145,32,113,3,1,2,137,28,109,1,0,1,4,3,1,241,114,127,0,0,0,221,103,118,8,5,3,12,6,6,1224,529,695
29,559,0029,600822,0000,000000,KARNATAKA,Raichur,VILLAGE,Nelhal,Rural,526,2549,1259,1290,354,170,184,614,301,313,91,45,46,1252,749,503,1297,510,787,1549,801,748,1115,667,448,523,381,142,521,233,288,2,2,0,69,51,18,434,134,300,25,12,13,394,111,283,0,0,0,15,11,4,428,129,299,20,8,12,394,111,283,0,0,0,14,10,4,6,5,1,5,4,1,0,0,0,0,0,0,1,1,0,1000,458,542
29,559,0029,600823,0000,000000,KARNATAKA,Raichur,VILLAGE,Pesaldinni,Rural,100,578,300,278,84,49,35,11,6,5,0,0,0,435,227,208,143,73,70,228,156,72,228,156,72,92,85,7,117,64,53,1,0,1,18,7,11,0,0,0,0,0,0,0,0,0,0,0,0,0,0,0,0,0,0,0,0,0,0,0,0,0,0,0,0,0,0,0,0,0,0,0,0,0,0,0,0,0,0,0,0,0,350,144,206
29,559,0029,600824,0000,000000,KARNATAKA,Raichur,VILLAGE,Merchathal,Rural,364,1957,994,963,295,168,127,429,218,211,195,94,101,900,603,297,1057,391,666,1196,572,624,1172,561,611,995,484,511,161,68,93,9,6,3,7,3,4,24,11,13,4,1,3,16,8,8,0,0,0,4,2,2,24,11,13,4,1,3,16,8,8,0,0,0,4,2,2,0,0,0,0,0,0,0,0,0,0,0,0,0,0,0,761,422,339
29,559,0029,600825,0000,000000,KARNATAKA,Raichur,VILLAGE,Asapur,Rural,272,1415,688,727,215,118,97,739,346,393,34,17,17,735,425,310,680,263,417,871,417,454,53,43,10,7,5,2,6,5,1,2,2,0,38,31,7,818,374,444,161,94,67,381,146,235,8,2,6,268,132,136,591,272,319,159,93,66,372,145,227,6,1,5,54,33,21,227,102,125,2,1,1,9,1,8,2,1,1,214,99,115,544,271,273
29,559,0029,600826,0000,000000,KARNATAKA,Raichur,VILLAGE,Arlibenchi,Rural,96,501,233,268,94,48,46,44,19,25,0,0,0,208,118,90,293,115,178,256,124,132,159,81,78,140,66,74,2,2,0,0,0,0,17,13,4,97,43,54,2,2,0,85,35,50,1,0,1,9,6,3,97,43,54,2,2,0,85,35,50,1,0,1,9,6,3,0,0,0,0,0,0,0,0,0,0,0,0,0,0,0,245,109,136
29,559,0029,600827,0000,000000,KARNATAKA,Raichur,VILLAGE,Jalibenchi,Rural,254,1279,640,639,214,115,99,34,18,16,523,255,268,559,339,220,720,301,419,548,338,210,525,335,190,216,155,61,161,54,107,2,1,1,146,125,21,23,3,20,0,0,0,20,1,19,0,0,0,3,2,1,23,3,20,0,0,0,20,1,19,0,0,0,3,2,1,0,0,0,0,0,0,0,0,0,0,0,0,0,0,0,731,302,429
29,559,0029,600828,0000,000000,KARNATAKA,Raichur,VILLAGE,Dinni,Rural,648,3183,1568,1615,467,226,241,793,400,393,1509,717,792,1527,936,591,1656,632,1024,1779,903,876,1682,879,803,875,471,404,563,330,233,1,1,0,243,77,166,97,24,73,4,0,4,79,17,62,1,1,0,13,6,7,96,24,72,4,0,4,78,17,61,1,1,0,13,6,7,1,0,1,0,0,0,1,0,1,0,0,0,0,0,0,1404,665,739
29,559,0029,600829,0000,000000,KARNATAKA,Raichur,VILLAGE,Garaldinni,Rural,426,2250,1092,1158,388,192,196,386,180,206,762,373,389,943,579,364,1307,513,794,1237,605,632,1214,600,614,890,521,369,285,51,234,9,6,3,30,22,8,23,5,18,10,3,7,10,2,8,0,0,0,3,0,3,16,4,12,7,3,4,6,1,5,0,0,0,3,0,3,7,1,6,3,0,3,4,1,3,0,0,0,0,0,0,1013,487,526
29,559,0029,600830,0000,000000,KARNATAKA,Raichur,VILLAGE,Khanapur,Rural,274,1370,692,678,251,134,117,264,137,127,696,349,347,575,373,202,795,319,476,809,402,407,787,396,391,178,129,49,588,257,331,18,8,10,3,2,1,22,6,16,1,1,0,19,4,15,1,1,0,1,0,1,18,6,12,1,1,0,15,4,11,1,1,0,1,0,1,4,0,4,0,0,0,4,0,4,0,0,0,0,0,0,561,290,271
29,559,0029,600831,0000,000000,KARNATAKA,Raichur,VILLAGE,Udamgal,Rural,341,1930,1008,922,312,173,139,448,244,204,888,445,443,926,585,341,1004,423,581,969,505,464,861,485,376,275,163,112,469,237,232,23,13,10,94,72,22,108,20,88,1,0,1,96,16,80,4,0,4,7,4,3,107,20,87,1,0,1,95,16,79,4,0,4,7,4,3,1,0,1,0,0,0,1,0,1,0,0,0,0,0,0,961,503,458
29,559,0029,600832,0000,000000,KARNATAKA,Raichur,VILLAGE,Kamlapur,Rural,321,1599,779,820,257,105,152,332,163,169,661,327,334,667,425,242,932,354,578,1074,547,527,568,346,222,331,203,128,138,69,69,28,18,10,71,56,15,506,201,305,57,26,31,420,157,263,3,3,0,26,15,11,363,121,242,21,4,17,320,102,218,3,3,0,19,12,7,143,80,63,36,22,14,100,55,45,0,0,0,7,3,4,525,232,293
29,559,0029,600833,0000,000000,KARNATAKA,Raichur,VILLAGE,Anwar,Rural,135,744,381,363,133,59,74,0,0,0,434,225,209,362,245,117,382,136,246,400,238,162,396,234,162,377,222,155,1,1,0,0,0,0,18,11,7,4,4,0,0,0,0,0,0,0,0,0,0,4,4,0,4,4,0,0,0,0,0,0,0,0,0,0,4,4,0,0,0,0,0,0,0,0,0,0,0,0,0,0,0,0,344,143,201
29,559,0029,600834,0000,000000,KARNATAKA,Raichur,VILLAGE,Gonwar,Rural,246,1407,689,718,250,117,133,568,279,289,20,10,10,540,335,205,867,354,513,783,403,380,552,321,231,91,66,25,399,206,193,0,0,0,62,49,13,231,82,149,0,0,0,218,78,140,4,0,4,9,4,5,230,82,148,0,0,0,218,78,140,4,0,4,8,4,4,1,0,1,0,0,0,0,0,0,0,0,0,1,0,1,624,286,338
29,559,0029,600835,0000,000000,KARNATAKA,Raichur,VILLAGE,Tuntapur,Rural,247,1377,705,672,237,131,106,325,171,154,147,75,72,438,297,141,939,408,531,812,411,401,505,305,200,175,120,55,199,82,117,23,18,5,108,85,23,307,106,201,3,2,1,212,55,157,69,35,34,23,14,9,306,105,201,3,2,1,211,54,157,69,35,34,23,14,9,1,1,0,0,0,0,1,1,0,0,0,0,0,0,0,565,294,271
29,559,0029,600836,0000,000000,KARNATAKA,Raichur,VILLAGE,Murkidoddi,Rural,93,526,267,259,62,37,25,96,45,51,101,48,53,293,170,123,233,97,136,332,170,162,178,127,51,82,65,17,30,17,13,17,14,3,49,31,18,154,43,111,6,2,4,98,19,79,17,7,10,33,15,18,142,40,102,6,2,4,96,18,78,11,6,5,29,14,15,12,3,9,0,0,0,2,1,1,6,1,5,4,1,3,194,97,97
29,559,0029,600837,0000,000000,KARNATAKA,Raichur,VILLAGE,Bassapur (D),Rural,0,0,0,0,0,0,0,0,0,0,0,0,0,0,0,0,0,0,0,0,0,0,0,0,0,0,0,0,0,0,0,0,0,0,0,0,0,0,0,0,0,0,0,0,0,0,0,0,0,0,0,0,0,0,0,0,0,0,0,0,0,0,0,0,0,0,0,0,0,0,0,0,0,0,0,0,0,0,0,0,0,0,0,0,0
29,559,0029,600838,0000,000000,KARNATAKA,Raichur,VILLAGE,Masdoddi,Rural,352,1885,927,958,336,159,177,333,167,166,444,219,225,827,524,303,1058,403,655,1199,579,620,754,385,369,489,255,234,129,57,72,48,21,27,88,52,36,445,194,251,83,40,43,195,78,117,36,12,24,131,64,67,367,156,211,74,35,39,161,62,99,18,5,13,114,54,60,78,38,40,9,5,4,34,16,18,18,7,11,17,10,7,686,348,338
29,559,0029,600839,0000,000000,KARNATAKA,Raichur,VILLAGE,Julamgera,Rural,319,1890,931,959,328,166,162,933,465,468,148,68,80,534,354,180,1356,577,779,930,478,452,883,455,428,376,223,153,190,82,108,265,118,147,52,32,20,47,23,24,12,8,4,5,3,2,5,1,4,25,11,14,44,21,23,12,8,4,3,1,2,5,1,4,24,11,13,3,2,1,0,0,0,2,2,0,0,0,0,1,0,1,960,453,507
29,559,0029,600840,0000,000000,KARNATAKA,Raichur,VILLAGE,Lingankhan Doddi,Rural,348,2031,1008,1023,334,166,168,27,14,13,1320,659,661,688,462,226,1343,546,797,1244,618,626,1240,618,622,546,312,234,612,250,362,3,2,1,79,54,25,4,0,4,0,0,0,2,0,2,1,0,1,1,0,1,3,0,3,0,0,0,2,0,2,1,0,1,0,0,0,1,0,1,0,0,0,0,0,0,0,0,0,1,0,1,787,390,397
29,559,0029,600841,0000,000000,KARNATAKA,Raichur,VILLAGE,Jambaldinni,Rural,388,2042,1007,1035,347,175,172,478,242,236,23,10,13,904,564,340,1138,443,695,1178,588,590,1155,573,582,350,173,177,682,311,371,10,7,3,113,82,31,23,15,8,2,1,1,14,8,6,0,0,0,7,6,1,22,14,8,2,1,1,13,7,6,0,0,0,7,6,1,1,1,0,0,0,0,1,1,0,0,0,0,0,0,0,864,419,445
29,559,0029,600842,0000,000000,KARNATAKA,Raichur,VILLAGE,Mallapur,Rural,158,826,417,409,153,83,70,49,22,27,214,101,113,316,216,100,510,201,309,489,247,242,213,167,46,109,105,4,82,46,36,1,1,0,21,15,6,276,80,196,26,14,12,229,56,173,1,1,0,20,9,11,265,78,187,25,13,12,221,56,165,1,1,0,18,8,10,11,2,9,1,1,0,8,0,8,0,0,0,2,1,1,337,170,167
29,559,0029,600843,0000,000000,KARNATAKA,Raichur,VILLAGE,Yergera,Rural,1118,5896,2954,2942,849,438,411,1172,572,600,1895,958,937,2787,1652,1135,3109,1302,1807,3133,1761,1372,2618,1509,1109,516,332,184,1426,689,737,76,59,17,600,429,171,515,252,263,19,7,12,221,105,116,90,47,43,185,93,92,314,158,156,17,7,10,194,90,104,28,16,12,75,45,30,201,94,107,2,0,2,27,15,12,62,31,31,110,48,62,2763,1193,1570
29,559,0029,600844,0000,000000,KARNATAKA,Raichur,VILLAGE,Manjerla,Rural,358,1690,831,859,291,143,148,673,339,334,540,277,263,690,415,275,1000,416,584,1021,507,514,120,83,37,89,68,21,17,12,5,5,0,5,9,3,6,901,424,477,62,30,32,749,366,383,50,5,45,40,23,17,898,422,476,61,29,32,748,366,382,49,4,45,40,23,17,3,2,1,1,1,0,1,0,1,1,1,0,0,0,0,669,324,345
29,559,0029,600845,0000,000000,KARNATAKA,Raichur,VILLAGE,Gadhar,Rural,346,1693,818,875,280,142,138,382,189,193,751,358,393,720,442,278,973,376,597,835,441,394,822,432,390,174,170,4,586,213,373,10,6,4,52,43,9,13,9,4,0,0,0,12,8,4,0,0,0,1,1,0,5,4,1,0,0,0,5,4,1,0,0,0,0,0,0,8,5,3,0,0,0,7,4,3,0,0,0,1,1,0,858,377,481
29,559,0029,600846,0000,000000,KARNATAKA,Raichur,VILLAGE,Naglapur,Rural,110,524,272,252,75,45,30,333,174,159,8,3,5,281,173,108,243,99,144,298,154,144,242,141,101,12,12,0,213,118,95,5,2,3,12,9,3,56,13,43,2,1,1,53,11,42,0,0,0,1,1,0,55,13,42,2,1,1,52,11,41,0,0,0,1,1,0,1,0,1,0,0,0,1,0,1,0,0,0,0,0,0,226,118,108
29,559,0029,600847,0000,000000,KARNATAKA,Raichur,VILLAGE,Purtipali,Rural,408,2041,1022,1019,279,137,142,411,206,205,345,169,176,1307,718,589,734,304,430,1042,571,471,779,508,271,449,351,98,252,96,156,11,8,3,67,53,14,263,63,200,21,14,7,195,33,162,8,1,7,39,15,24,240,52,188,20,13,7,193,33,160,8,1,7,19,5,14,23,11,12,1,1,0,2,0,2,0,0,0,20,10,10,999,451,548
29,559,0029,600848,0000,000000,KARNATAKA,Raichur,VILLAGE,Alkur,Rural,308,1645,812,833,220,106,114,655,327,328,485,241,244,572,361,211,1073,451,622,463,426,37,449,418,31,279,252,27,143,141,2,1,0,1,26,25,1,14,8,6,10,4,6,2,2,0,0,0,0,2,2,0,13,7,6,9,3,6,2,2,0,0,0,0,2,2,0,1,1,0,1,1,0,0,0,0,0,0,0,0,0,0,1182,386,796
29,559,0029,600849,0000,000000,KARNATAKA,Raichur,VILLAGE,Godihal,Rural,186,1055,532,523,184,96,88,375,195,180,400,204,196,381,249,132,674,283,391,435,290,145,261,234,27,156,151,5,53,43,10,6,6,0,46,34,12,174,56,118,11,10,1,133,24,109,3,1,2,27,21,6,162,51,111,11,10,1,121,19,102,3,1,2,27,21,6,12,5,7,0,0,0,12,5,7,0,0,0,0,0,0,620,242,378
29,559,0029,600850,0000,000000,KARNATAKA,Raichur,VILLAGE,Upral,Rural,226,1268,631,637,231,116,115,184,92,92,278,140,138,430,309,121,838,322,516,514,336,178,310,276,34,199,188,11,48,34,14,27,25,2,36,29,7,204,60,144,18,14,4,162,26,136,2,1,1,22,19,3,175,52,123,16,12,4,136,21,115,2,1,1,21,18,3,29,8,21,2,2,0,26,5,21,0,0,0,1,1,0,754,295,459
29,559,0029,600851,0000,000000,KARNATAKA,Raichur,VILLAGE,Gunjhalli,Rural,1064,5678,2866,2812,807,414,393,1391,681,710,1713,829,884,2332,1482,850,3346,1384,1962,3024,1617,1407,2734,1518,1216,847,518,329,1492,728,764,10,6,4,385,266,119,290,99,191,51,28,23,221,62,159,2,1,1,16,8,8,265,89,176,49,27,22,199,54,145,2,1,1,15,7,8,25,10,15,2,1,1,22,8,14,0,0,0,1,1,0,2654,1249,1405
29,559,0029,600852,0000,000000,KARNATAKA,Raichur,VILLAGE,Midgaldinni,Rural,284,1461,750,711,298,165,133,386,211,175,736,365,371,575,347,228,886,403,483,855,426,429,831,414,417,380,284,96,410,99,311,5,5,0,36,26,10,24,12,12,6,2,4,12,6,6,0,0,0,6,4,2,22,11,11,6,2,4,10,5,5,0,0,0,6,4,2,2,1,1,0,0,0,2,1,1,0,0,0,0,0,0,606,324,282
29,559,0029,600853,0000,000000,KARNATAKA,Raichur,VILLAGE,Puchaldinni,Rural,295,1233,614,619,232,122,110,399,204,195,515,245,270,431,259,172,802,355,447,635,337,298,401,256,145,296,176,120,54,46,8,8,6,2,43,28,15,234,81,153,2,2,0,191,58,133,1,1,0,40,20,20,227,77,150,2,2,0,188,56,132,1,1,0,36,18,18,7,4,3,0,0,0,3,2,1,0,0,0,4,2,2,598,277,321
29,559,0029,600854,0000,000000,KARNATAKA,Raichur,VILLAGE,Kannedoddi,Rural,55,287,136,151,48,27,21,0,0,0,28,11,17,84,51,33,203,85,118,198,90,108,193,89,104,84,63,21,96,21,75,5,2,3,8,3,5,5,1,4,1,1,0,3,0,3,0,0,0,1,0,1,5,1,4,1,1,0,3,0,3,0,0,0,1,0,1,0,0,0,0,0,0,0,0,0,0,0,0,0,0,0,89,46,43
29,559,0029,600855,0000,000000,KARNATAKA,Raichur,VILLAGE,Kothdoddi,Rural,235,1210,610,600,230,123,107,106,52,54,387,191,196,416,266,150,794,344,450,719,352,367,497,338,159,274,202,72,185,108,77,0,0,0,38,28,10,222,14,208,124,4,120,95,10,85,0,0,0,3,0,3,217,13,204,124,4,120,91,9,82,0,0,0,2,0,2,5,1,4,0,0,0,4,1,3,0,0,0,1,0,1,491,258,233
29,559,0029,600856,0000,000000,KARNATAKA,Raichur,VILLAGE,Maldoddi,Rural,95,520,264,256,89,41,48,1,1,0,157,83,74,195,138,57,325,126,199,285,143,142,152,138,14,144,134,10,2,0,2,0,0,0,6,4,2,133,5,128,127,1,126,2,0,2,0,0,0,4,4,0,129,1,128,127,1,126,2,0,2,0,0,0,0,0,0,4,4,0,0,0,0,0,0,0,0,0,0,4,4,0,235,121,114
29,559,0029,600857,0000,000000,KARNATAKA,Raichur,VILLAGE,Bapur (D),Rural,0,0,0,0,0,0,0,0,0,0,0,0,0,0,0,0,0,0,0,0,0,0,0,0,0,0,0,0,0,0,0,0,0,0,0,0,0,0,0,0,0,0,0,0,0,0,0,0,0,0,0,0,0,0,0,0,0,0,0,0,0,0,0,0,0,0,0,0,0,0,0,0,0,0,0,0,0,0,0,0,0,0,0,0,0
29,559,0029,600858,0000,000000,KARNATAKA,Raichur,VILLAGE,Matmari,Rural,1082,5434,2695,2739,703,346,357,476,246,230,1498,745,753,2474,1509,965,2960,1186,1774,2795,1534,1261,1948,1115,833,362,279,83,1207,576,631,46,22,24,333,238,95,847,419,428,20,10,10,725,357,368,46,16,30,56,36,20,819,412,407,12,10,2,710,352,358,41,14,27,56,36,20,28,7,21,8,0,8,15,5,10,5,2,3,0,0,0,2639,1161,1478
29,559,0029,600859,0000,000000,KARNATAKA,Raichur,VILLAGE,Moodaldinni,Rural,60,299,143,156,52,26,26,7,4,3,76,39,37,135,88,47,164,55,109,176,83,93,176,83,93,151,73,78,23,8,15,0,0,0,2,2,0,0,0,0,0,0,0,0,0,0,0,0,0,0,0,0,0,0,0,0,0,0,0,0,0,0,0,0,0,0,0,0,0,0,0,0,0,0,0,0,0,0,0,0,0,0,123,60,63
29,559,0029,600860,0000,000000,KARNATAKA,Raichur,VILLAGE,Heerapur,Rural,562,3034,1495,1539,518,280,238,257,125,132,90,43,47,952,631,321,2082,864,1218,1746,882,864,1617,843,774,434,247,187,1082,536,546,19,9,10,82,51,31,129,39,90,43,11,32,71,20,51,5,4,1,10,4,6,77,23,54,16,3,13,56,17,39,1,1,0,4,2,2,52,16,36,27,8,19,15,3,12,4,3,1,6,2,4,1288,613,675
29,559,0029,600861,0000,000000,KARNATAKA,Raichur,VILLAGE,Gatbichal,Rural,281,1529,771,758,209,99,110,662,333,329,395,211,184,802,532,270,727,239,488,799,393,406,561,368,193,389,286,103,163,75,88,1,1,0,8,6,2,238,25,213,6,0,6,232,25,207,0,0,0,0,0,0,238,25,213,6,0,6,232,25,207,0,0,0,0,0,0,0,0,0,0,0,0,0,0,0,0,0,0,0,0,0,730,378,352
29,559,0029,600862,0000,000000,KARNATAKA,Raichur,VILLAGE,Kataknur,Rural,237,907,453,454,150,75,75,158,73,85,499,243,256,370,242,128,537,211,326,418,262,156,386,251,135,145,142,3,1,1,0,0,0,0,240,108,132,32,11,21,3,1,2,0,0,0,0,0,0,29,10,19,19,9,10,3,1,2,0,0,0,0,0,0,16,8,8,13,2,11,0,0,0,0,0,0,0,0,0,13,2,11,489,191,298
29,559,0029,600863,0000,000000,KARNATAKA,Raichur,VILLAGE,Hanmapur,Rural,454,2073,1017,1056,343,180,163,580,283,297,129,59,70,882,558,324,1191,459,732,1221,585,636,1150,565,585,211,153,58,889,385,504,0,0,0,50,27,23,71,20,51,1,1,0,68,19,49,0,0,0,2,0,2,70,20,50,1,1,0,67,19,48,0,0,0,2,0,2,1,0,1,0,0,0,1,0,1,0,0,0,0,0,0,852,432,420
29,559,0029,600864,0000,000000,KARNATAKA,Raichur,VILLAGE,Kotigud (D),Rural,0,0,0,0,0,0,0,0,0,0,0,0,0,0,0,0,0,0,0,0,0,0,0,0,0,0,0,0,0,0,0,0,0,0,0,0,0,0,0,0,0,0,0,0,0,0,0,0,0,0,0,0,0,0,0,0,0,0,0,0,0,0,0,0,0,0,0,0,0,0,0,0,0,0,0,0,0,0,0,0,0,0,0,0,0
29,559,0029,600865,0000,000000,KARNATAKA,Raichur,VILLAGE,Bichal,Rural,804,3570,1794,1776,518,271,247,567,273,294,736,367,369,1703,1026,677,1867,768,1099,1883,1054,829,1805,1041,764,237,169,68,1336,700,636,13,8,5,219,164,55,78,13,65,11,2,9,62,8,54,0,0,0,5,3,2,78,13,65,11,2,9,62,8,54,0,0,0,5,3,2,0,0,0,0,0,0,0,0,0,0,0,0,0,0,0,1687,740,947
29,559,0029,600866,0000,000000,KARNATAKA,Raichur,VILLAGE,Yedlapur,Rural,242,1345,674,671,221,110,111,29,9,20,10,6,4,538,354,184,807,320,487,692,375,317,288,276,12,104,102,2,173,166,7,0,0,0,11,8,3,404,99,305,16,2,14,375,94,281,2,1,1,11,2,9,403,98,305,16,2,14,374,93,281,2,1,1,11,2,9,1,1,0,0,0,0,1,1,0,0,0,0,0,0,0,653,299,354
29,559,0029,600867,0000,000000,KARNATAKA,Raichur,VILLAGE,Turkandona,Rural,449,2399,1191,1208,392,201,191,183,96,87,326,148,178,916,587,329,1483,604,879,1283,636,647,821,560,261,458,378,80,246,112,134,13,5,8,104,65,39,462,76,386,8,5,3,441,66,375,6,2,4,7,3,4,454,73,381,8,5,3,438,65,373,4,0,4,4,3,1,8,3,5,0,0,0,3,1,2,2,2,0,3,0,3,1116,555,561
29,559,0029,600868,0000,000000,KARNATAKA,Raichur,VILLAGE,Dugnoor,Rural,291,1656,823,833,297,150,147,523,262,261,595,299,296,540,370,170,1116,453,663,956,486,470,911,465,446,262,173,89,606,261,345,3,1,2,40,30,10,45,21,24,0,0,0,9,4,5,0,0,0,36,17,19,45,21,24,0,0,0,9,4,5,0,0,0,36,17,19,0,0,0,0,0,0,0,0,0,0,0,0,0,0,0,700,337,363
29,559,0029,600869,0000,000000,KARNATAKA,Raichur,VILLAGE,Karebudur,Rural,174,878,419,459,174,87,87,219,112,107,138,62,76,350,231,119,528,188,340,481,221,260,436,201,235,29,16,13,371,161,210,0,0,0,36,24,12,45,20,25,1,0,1,19,4,15,4,3,1,21,13,8,27,11,16,1,0,1,17,3,14,2,2,0,7,6,1,18,9,9,0,0,0,2,1,1,2,1,1,14,7,7,397,198,199
29,559,0029,600870,0000,000000,KARNATAKA,Raichur,VILLAGE,Hanchinhal,Rural,119,596,281,315,102,53,49,177,87,90,309,143,166,241,136,105,355,145,210,403,183,220,390,177,213,19,6,13,345,157,188,6,4,2,20,10,10,13,6,7,1,1,0,7,3,4,0,0,0,5,2,3,12,5,7,1,1,0,6,2,4,0,0,0,5,2,3,1,1,0,0,0,0,1,1,0,0,0,0,0,0,0,193,98,95
29,559,0029,600871,0000,000000,KARNATAKA,Raichur,VILLAGE,Gandhal,Rural,1043,5152,2498,2654,800,403,397,1192,562,630,2004,975,1029,1803,1094,709,3349,1404,1945,2749,1408,1341,2189,1174,1015,669,423,246,1206,525,681,17,14,3,297,212,85,560,234,326,6,3,3,112,47,65,4,1,3,438,183,255,555,232,323,6,3,3,112,47,65,4,1,3,433,181,252,5,2,3,0,0,0,0,0,0,0,0,0,5,2,3,2403,1090,1313
29,559,0029,600872,0000,000000,KARNATAKA,Raichur,VILLAGE,Gillesugur,Rural,768,3880,1969,1911,579,306,273,533,268,265,1049,508,541,1876,1144,732,2004,825,1179,1785,1072,713,1648,1005,643,445,257,188,581,290,291,30,22,8,592,436,156,137,67,70,14,8,6,40,18,22,6,2,4,77,39,38,117,56,61,13,7,6,26,10,16,5,2,3,73,37,36,20,11,9,1,1,0,14,8,6,1,0,1,4,2,2,2095,897,1198
29,559,0029,600873,0000,000000,KARNATAKA,Raichur,VILLAGE,Tungabhadra,Rural,503,2236,1099,1137,345,166,179,857,422,435,269,136,133,1089,675,414,1147,424,723,1229,629,600,814,443,371,211,162,49,349,150,199,17,5,12,237,126,111,415,186,229,3,2,1,342,154,188,38,15,23,32,15,17,259,132,127,2,1,1,218,113,105,22,11,11,17,7,10,156,54,102,1,1,0,124,41,83,16,4,12,15,8,7,1007,470,537
29,559,0029,600874,0000,000000,KARNATAKA,Raichur,VILLAGE,Bullapur,Rural,318,1594,799,795,264,140,124,101,49,52,369,178,191,691,452,239,903,347,556,945,459,486,709,375,334,257,178,79,327,123,204,44,24,20,81,50,31,236,84,152,19,13,6,161,54,107,38,12,26,18,5,13,188,65,123,15,11,4,133,42,91,27,8,19,13,4,9,48,19,29,4,2,2,28,12,16,11,4,7,5,1,4,649,340,309
29,559,0029,600875,0000,000000,KARNATAKA,Raichur,VILLAGE,Chickmanchal,Rural,265,1254,589,665,179,95,84,84,42,42,274,123,151,548,326,222,706,263,443,685,353,332,673,346,327,121,94,27,477,199,278,6,5,1,69,48,21,12,7,5,2,2,0,2,0,2,0,0,0,8,5,3,11,6,5,2,2,0,2,0,2,0,0,0,7,4,3,1,1,0,0,0,0,0,0,0,0,0,0,1,1,0,569,236,333
29,559,0029,600876,0000,000000,KARNATAKA,Raichur,VILLAGE,Gunderveli,Rural,168,843,423,420,133,74,59,236,128,108,44,23,21,282,191,91,561,232,329,427,243,184,327,202,125,0,0,0,285,180,105,30,14,16,12,8,4,100,41,59,4,2,2,48,8,40,31,23,8,17,8,9,96,40,56,4,2,2,46,8,38,30,23,7,16,7,9,4,1,3,0,0,0,2,0,2,1,0,1,1,1,0,416,180,236
29,559,0029,600877,0000,000000,KARNATAKA,Raichur,VILLAGE,Buddinni,Rural,275,1313,625,688,210,106,104,206,102,104,659,307,352,453,259,194,860,366,494,635,328,307,593,320,273,135,118,17,429,181,248,5,3,2,24,18,6,42,8,34,2,0,2,37,8,29,2,0,2,1,0,1,37,6,31,2,0,2,32,6,26,2,0,2,1,0,1,5,2,3,0,0,0,5,2,3,0,0,0,0,0,0,678,297,381
29,559,0029,600878,0000,000000,KARNATAKA,Raichur,VILLAGE,Naddigaddimalkapur,Rural,269,1244,618,626,218,107,111,220,117,103,784,387,397,337,215,122,907,403,504,632,324,308,625,321,304,466,266,200,140,45,95,7,3,4,12,7,5,7,3,4,3,2,1,3,1,2,0,0,0,1,0,1,6,3,3,3,2,1,2,1,1,0,0,0,1,0,1,1,0,1,0,0,0,1,0,1,0,0,0,0,0,0,612,294,318
29,559,0029,600879,0000,000000,KARNATAKA,Raichur,VILLAGE,Gangwar,Rural,128,634,325,309,90,45,45,90,46,44,8,4,4,231,156,75,403,169,234,279,191,88,279,191,88,272,187,85,0,0,0,0,0,0,7,4,3,0,0,0,0,0,0,0,0,0,0,0,0,0,0,0,0,0,0,0,0,0,0,0,0,0,0,0,0,0,0,0,0,0,0,0,0,0,0,0,0,0,0,0,0,0,355,134,221
29,559,0029,600880,0000,000000,KARNATAKA,Raichur,VILLAGE,Idapnur,Rural,905,5516,2797,2719,937,471,466,1241,636,605,1569,780,789,1798,1152,646,3718,1645,2073,2443,1405,1038,1630,1115,515,472,442,30,926,486,440,13,8,5,219,179,40,813,290,523,3,1,2,735,255,480,13,1,12,62,33,29,768,277,491,3,1,2,692,243,449,11,0,11,62,33,29,45,13,32,0,0,0,43,12,31,2,1,1,0,0,0,3073,1392,1681
29,559,0029,600881,0000,000000,KARNATAKA,Raichur,VILLAGE,Meerapur,Rural,122,685,352,333,123,67,56,6,3,3,225,112,113,193,137,56,492,215,277,354,168,186,342,163,179,209,101,108,102,43,59,7,5,2,24,14,10,12,5,7,3,0,3,7,4,3,0,0,0,2,1,1,11,5,6,2,0,2,7,4,3,0,0,0,2,1,1,1,0,1,1,0,1,0,0,0,0,0,0,0,0,0,331,184,147
29,559,0029,600882,0000,000000,KARNATAKA,Raichur,VILLAGE,Mirzapur,Rural,415,2129,1049,1080,430,221,209,150,75,75,451,222,229,763,498,265,1366,551,815,1143,578,565,1134,571,563,570,364,206,466,152,314,15,12,3,83,43,40,9,7,2,1,0,1,3,2,1,0,0,0,5,5,0,9,7,2,1,0,1,3,2,1,0,0,0,5,5,0,0,0,0,0,0,0,0,0,0,0,0,0,0,0,0,986,471,515
29,559,0029,600883,0000,000000,KARNATAKA,Raichur,VILLAGE,Talmari,Rural,967,4811,2412,2399,676,335,341,1213,600,613,767,392,375,2144,1310,834,2667,1102,1565,2474,1410,1064,2391,1401,990,622,461,161,1612,808,804,9,8,1,148,124,24,83,9,74,65,6,59,16,2,14,0,0,0,2,1,1,80,7,73,63,5,58,15,1,14,0,0,0,2,1,1,3,2,1,2,1,1,1,1,0,0,0,0,0,0,0,2337,1002,1335
29,559,0029,600884,0000,000000,KARNATAKA,Raichur,TOWN,Shaktinagar (CT),Urban,3802,17088,8632,8456,2015,1013,1002,4030,2061,1969,802,407,395,11397,6542,4855,5691,2090,3601,6364,4692,1672,5631,4255,1376,69,60,9,129,38,91,128,82,46,5305,4075,1230,733,437,296,16,14,2,75,13,62,32,21,11,610,389,221,644,371,273,16,14,2,73,11,62,23,12,11,532,334,198,89,66,23,0,0,0,2,2,0,9,9,0,78,55,23,10724,3940,6784
29,559,0030,000000,0000,000000,KARNATAKA,Raichur,CD BLOCK,Manvi ,Total,62462,324205,160902,163303,47478,24288,23190,71236,35343,35893,83675,41226,42449,146133,87594,58539,178072,73308,104764,165880,91202,74678,131765,77911,53854,46041,33622,12419,67582,31193,36389,1862,1245,617,16280,11851,4429,34115,13291,20824,2120,1042,1078,26881,9638,17243,828,320,508,4286,2291,1995,30147,11754,18393,1716,866,850,24418,8782,15636,639,251,388,3374,1855,1519,3968,1537,2431,404,176,228,2463,856,1607,189,69,120,912,436,476,158325,69700,88625
29,559,0030,000000,0000,000000,KARNATAKA,Raichur,CD BLOCK,Manvi ,Rural,62462,324205,160902,163303,47478,24288,23190,71236,35343,35893,83675,41226,42449,146133,87594,58539,178072,73308,104764,165880,91202,74678,131765,77911,53854,46041,33622,12419,67582,31193,36389,1862,1245,617,16280,11851,4429,34115,13291,20824,2120,1042,1078,26881,9638,17243,828,320,508,4286,2291,1995,30147,11754,18393,1716,866,850,24418,8782,15636,639,251,388,3374,1855,1519,3968,1537,2431,404,176,228,2463,856,1607,189,69,120,912,436,476,158325,69700,88625
29,559,0030,000000,0000,000000,KARNATAKA,Raichur,CD BLOCK,Manvi ,Urban,0,0,0,0,0,0,0,0,0,0,0,0,0,0,0,0,0,0,0,0,0,0,0,0,0,0,0,0,0,0,0,0,0,0,0,0,0,0,0,0,0,0,0,0,0,0,0,0,0,0,0,0,0,0,0,0,0,0,0,0,0,0,0,0,0,0,0,0,0,0,0,0,0,0,0,0,0,0,0,0,0,0,0,0,0
29,559,0030,600885,0000,000000,KARNATAKA,Raichur,VILLAGE,Yatgal,Rural,192,1021,502,519,150,69,81,151,73,78,673,328,345,469,306,163,552,196,356,602,296,306,255,224,31,100,98,2,128,106,22,5,5,0,22,15,7,347,72,275,6,5,1,339,65,274,1,1,0,1,1,0,344,71,273,6,5,1,336,64,272,1,1,0,1,1,0,3,1,2,0,0,0,3,1,2,0,0,0,0,0,0,419,206,213
29,559,0030,600886,0000,000000,KARNATAKA,Raichur,VILLAGE,Kachapur,Rural,131,807,412,395,105,61,44,12,7,5,673,343,330,379,230,149,428,182,246,406,206,200,200,103,97,138,69,69,27,13,14,1,0,1,34,21,13,206,103,103,16,9,7,3,0,3,0,0,0,187,94,93,205,103,102,16,9,7,3,0,3,0,0,0,186,94,92,1,0,1,0,0,0,0,0,0,0,0,0,1,0,1,401,206,195
29,559,0030,600887,0000,000000,KARNATAKA,Raichur,VILLAGE,Eklasapur,Rural,198,996,503,493,129,71,58,376,188,188,171,84,87,459,283,176,537,220,317,551,282,269,531,273,258,110,80,30,298,118,180,16,8,8,107,67,40,20,9,11,2,1,1,14,6,8,1,0,1,3,2,1,19,9,10,2,1,1,14,6,8,0,0,0,3,2,1,1,0,1,0,0,0,0,0,0,1,0,1,0,0,0,445,221,224
29,559,0030,600888,0000,000000,KARNATAKA,Raichur,VILLAGE,Watgal,Rural,350,1823,910,913,232,125,107,392,183,209,317,154,163,864,541,323,959,369,590,1049,536,513,1039,530,509,97,71,26,849,389,460,13,8,5,80,62,18,10,6,4,0,0,0,3,2,1,0,0,0,7,4,3,7,5,2,0,0,0,3,2,1,0,0,0,4,3,1,3,1,2,0,0,0,0,0,0,0,0,0,3,1,2,774,374,400
29,559,0030,600889,0000,000000,KARNATAKA,Raichur,VILLAGE,Nelkola,Rural,48,255,122,133,46,25,21,10,6,4,113,55,58,103,62,41,152,60,92,144,68,76,63,60,3,20,20,0,20,19,1,0,0,0,23,21,2,81,8,73,0,0,0,81,8,73,0,0,0,0,0,0,81,8,73,0,0,0,81,8,73,0,0,0,0,0,0,0,0,0,0,0,0,0,0,0,0,0,0,0,0,0,111,54,57
29,559,0030,600890,0000,000000,KARNATAKA,Raichur,VILLAGE,Ameengad,Rural,507,2702,1345,1357,330,171,159,742,359,383,133,61,72,1527,935,592,1175,410,765,1540,777,763,848,566,282,241,236,5,436,200,236,0,0,0,171,130,41,692,211,481,7,5,2,480,159,321,11,10,1,194,37,157,676,201,475,7,5,2,468,152,316,10,9,1,191,35,156,16,10,6,0,0,0,12,7,5,1,1,0,3,2,1,1162,568,594
29,559,0030,600891,0000,000000,KARNATAKA,Raichur,VILLAGE,Kotekal,Rural,231,1090,566,524,173,91,82,38,19,19,1041,541,500,454,311,143,636,255,381,649,324,325,644,321,323,101,74,27,538,242,296,1,1,0,4,4,0,5,3,2,0,0,0,3,1,2,0,0,0,2,2,0,5,3,2,0,0,0,3,1,2,0,0,0,2,2,0,0,0,0,0,0,0,0,0,0,0,0,0,0,0,0,441,242,199
29,559,0030,600892,0000,000000,KARNATAKA,Raichur,VILLAGE,Pamankallur,Rural,605,3200,1606,1594,441,229,212,413,212,201,509,253,256,1645,998,647,1555,608,947,1629,945,684,1378,827,551,313,243,70,712,308,404,21,14,7,332,262,70,251,118,133,18,9,9,204,88,116,0,0,0,29,21,8,162,73,89,6,0,6,129,53,76,0,0,0,27,20,7,89,45,44,12,9,3,75,35,40,0,0,0,2,1,1,1571,661,910
29,559,0030,600893,0000,000000,KARNATAKA,Raichur,VILLAGE,Anandgal,Rural,318,1573,801,772,161,85,76,433,218,215,97,50,47,851,536,315,722,265,457,906,497,409,890,488,402,494,252,242,257,121,136,15,11,4,124,104,20,16,9,7,7,6,1,5,0,5,0,0,0,4,3,1,11,9,2,7,6,1,0,0,0,0,0,0,4,3,1,5,0,5,0,0,0,5,0,5,0,0,0,0,0,0,667,304,363
29,559,0030,600894,0000,000000,KARNATAKA,Raichur,VILLAGE,Togalgal,Rural,0,0,0,0,0,0,0,0,0,0,0,0,0,0,0,0,0,0,0,0,0,0,0,0,0,0,0,0,0,0,0,0,0,0,0,0,0,0,0,0,0,0,0,0,0,0,0,0,0,0,0,0,0,0,0,0,0,0,0,0,0,0,0,0,0,0,0,0,0,0,0,0,0,0,0,0,0,0,0,0,0,0,0,0,0
29,559,0030,600895,0000,000000,KARNATAKA,Raichur,VILLAGE,Harvapur,Rural,195,1146,553,593,175,85,90,116,54,62,58,29,29,446,282,164,700,271,429,695,326,369,691,324,367,194,90,104,438,199,239,31,17,14,28,18,10,4,2,2,1,1,0,1,0,1,0,0,0,2,1,1,2,1,1,1,1,0,1,0,1,0,0,0,0,0,0,2,1,1,0,0,0,0,0,0,0,0,0,2,1,1,451,227,224
29,559,0030,600896,0000,000000,KARNATAKA,Raichur,VILLAGE,Tupdoor,Rural,208,978,496,482,137,69,68,210,107,103,44,26,18,540,334,206,438,162,276,621,305,316,31,16,15,18,9,9,6,2,4,3,2,1,4,3,1,590,289,301,30,19,11,498,240,258,23,9,14,39,21,18,317,160,157,14,9,5,257,127,130,13,5,8,33,19,14,273,129,144,16,10,6,241,113,128,10,4,6,6,2,4,357,191,166
29,559,0030,600897,0000,000000,KARNATAKA,Raichur,VILLAGE,Benchamardi,Rural,162,886,446,440,112,66,46,167,87,80,189,92,97,517,320,197,369,126,243,476,245,231,258,235,23,194,188,6,24,18,6,0,0,0,40,29,11,218,10,208,9,2,7,204,7,197,2,0,2,3,1,2,217,10,207,9,2,7,204,7,197,1,0,1,3,1,2,1,0,1,0,0,0,0,0,0,1,0,1,0,0,0,410,201,209
29,559,0030,600898,0000,000000,KARNATAKA,Raichur,VILLAGE,Hilalpur,Rural,62,367,178,189,45,23,22,101,48,53,62,31,31,223,132,91,144,46,98,214,108,106,157,108,49,70,62,8,79,40,39,0,0,0,8,6,2,57,0,57,0,0,0,57,0,57,0,0,0,0,0,0,57,0,57,0,0,0,57,0,57,0,0,0,0,0,0,0,0,0,0,0,0,0,0,0,0,0,0,0,0,0,153,70,83
29,559,0030,600899,0000,000000,KARNATAKA,Raichur,VILLAGE,Gudihal,Rural,233,1282,649,633,175,92,83,73,42,31,513,259,254,502,326,176,780,323,457,772,401,371,752,390,362,113,83,30,588,268,320,2,1,1,49,38,11,20,11,9,0,0,0,18,9,9,0,0,0,2,2,0,16,8,8,0,0,0,15,7,8,0,0,0,1,1,0,4,3,1,0,0,0,3,2,1,0,0,0,1,1,0,510,248,262
29,559,0030,600900,0000,000000,KARNATAKA,Raichur,VILLAGE,Chilkaragi,Rural,155,629,311,318,75,37,38,203,98,105,113,58,55,290,184,106,339,127,212,497,243,254,387,187,200,97,80,17,178,56,122,5,4,1,107,47,60,110,56,54,0,0,0,7,3,4,2,0,2,101,53,48,35,15,20,0,0,0,4,1,3,1,0,1,30,14,16,75,41,34,0,0,0,3,2,1,1,0,1,71,39,32,132,68,64
29,559,0030,600901,0000,000000,KARNATAKA,Raichur,VILLAGE,Irkal,Rural,119,587,283,304,78,38,40,139,66,73,88,43,45,294,192,102,293,91,202,352,163,189,308,146,162,55,43,12,240,98,142,5,1,4,8,4,4,44,17,27,16,5,11,27,12,15,0,0,0,1,0,1,32,12,20,14,5,9,17,7,10,0,0,0,1,0,1,12,5,7,2,0,2,10,5,5,0,0,0,0,0,0,235,120,115
29,559,0030,600902,0000,000000,KARNATAKA,Raichur,VILLAGE,Jutlahal,Rural,0,0,0,0,0,0,0,0,0,0,0,0,0,0,0,0,0,0,0,0,0,0,0,0,0,0,0,0,0,0,0,0,0,0,0,0,0,0,0,0,0,0,0,0,0,0,0,0,0,0,0,0,0,0,0,0,0,0,0,0,0,0,0,0,0,0,0,0,0,0,0,0,0,0,0,0,0,0,0,0,0,0,0,0,0
29,559,0030,600903,0000,000000,KARNATAKA,Raichur,VILLAGE,Basapur,Rural,338,1658,841,817,174,94,80,585,288,297,309,154,155,810,514,296,848,327,521,1027,519,508,1023,517,506,140,86,54,825,394,431,26,16,10,32,21,11,4,2,2,0,0,0,1,1,0,0,0,0,3,1,2,4,2,2,0,0,0,1,1,0,0,0,0,3,1,2,0,0,0,0,0,0,0,0,0,0,0,0,0,0,0,631,322,309
29,559,0030,600904,0000,000000,KARNATAKA,Raichur,VILLAGE,Parasapur,Rural,90,457,230,227,72,35,37,76,39,37,0,0,0,213,139,74,244,91,153,227,135,92,199,121,78,73,71,2,122,49,73,1,1,0,3,0,3,28,14,14,1,1,0,26,13,13,1,0,1,0,0,0,23,12,11,1,1,0,22,11,11,0,0,0,0,0,0,5,2,3,0,0,0,4,2,2,1,0,1,0,0,0,230,95,135
29,559,0030,600905,0000,000000,KARNATAKA,Raichur,VILLAGE,Nandihal,Rural,0,0,0,0,0,0,0,0,0,0,0,0,0,0,0,0,0,0,0,0,0,0,0,0,0,0,0,0,0,0,0,0,0,0,0,0,0,0,0,0,0,0,0,0,0,0,0,0,0,0,0,0,0,0,0,0,0,0,0,0,0,0,0,0,0,0,0,0,0,0,0,0,0,0,0,0,0,0,0,0,0,0,0,0,0
29,559,0030,600906,0000,000000,KARNATAKA,Raichur,VILLAGE,Joladarasi,Rural,74,313,164,149,16,8,8,25,15,10,33,19,14,208,124,84,105,40,65,147,99,48,115,88,27,38,38,0,55,29,26,1,1,0,21,20,1,32,11,21,0,0,0,18,3,15,2,1,1,12,7,5,31,11,20,0,0,0,18,3,15,2,1,1,11,7,4,1,0,1,0,0,0,0,0,0,0,0,0,1,0,1,166,65,101
29,559,0030,600907,0000,000000,KARNATAKA,Raichur,VILLAGE,Jangamarhalli,Rural,237,1267,616,651,171,89,82,205,103,102,216,106,110,717,430,287,550,186,364,457,308,149,397,275,122,196,181,15,181,79,102,5,4,1,15,11,4,60,33,27,11,9,2,44,21,23,0,0,0,5,3,2,58,32,26,11,9,2,42,20,22,0,0,0,5,3,2,2,1,1,0,0,0,2,1,1,0,0,0,0,0,0,810,308,502
29,559,0030,600908,0000,000000,KARNATAKA,Raichur,VILLAGE,Yeddal Dinni,Rural,221,1091,565,526,107,55,52,493,267,226,171,88,83,601,369,232,490,196,294,581,297,284,570,290,280,209,113,96,343,168,175,2,1,1,16,8,8,11,7,4,3,3,0,4,2,2,0,0,0,4,2,2,10,6,4,2,2,0,4,2,2,0,0,0,4,2,2,1,1,0,1,1,0,0,0,0,0,0,0,0,0,0,510,268,242
29,559,0030,600909,0000,000000,KARNATAKA,Raichur,VILLAGE,M.Ramaldinni,Rural,59,312,158,154,49,20,29,158,75,83,148,80,68,122,79,43,190,79,111,166,89,77,163,88,75,78,61,17,70,16,54,1,1,0,14,10,4,3,1,2,0,0,0,2,0,2,0,0,0,1,1,0,3,1,2,0,0,0,2,0,2,0,0,0,1,1,0,0,0,0,0,0,0,0,0,0,0,0,0,0,0,0,146,69,77
29,559,0030,600910,0000,000000,KARNATAKA,Raichur,VILLAGE,Halapur,Rural,547,2711,1349,1362,290,152,138,824,418,406,457,229,228,1483,912,571,1228,437,791,1314,696,618,1307,692,615,268,251,17,916,341,575,64,53,11,59,47,12,7,4,3,1,0,1,5,3,2,1,1,0,0,0,0,6,3,3,1,0,1,4,2,2,1,1,0,0,0,0,1,1,0,0,0,0,1,1,0,0,0,0,0,0,0,1397,653,744
29,559,0030,600911,0000,000000,KARNATAKA,Raichur,VILLAGE,Nagaldinni,Rural,26,140,67,73,14,7,7,0,0,0,140,67,73,63,44,19,77,23,54,87,37,50,87,37,50,86,36,50,0,0,0,0,0,0,1,1,0,0,0,0,0,0,0,0,0,0,0,0,0,0,0,0,0,0,0,0,0,0,0,0,0,0,0,0,0,0,0,0,0,0,0,0,0,0,0,0,0,0,0,0,0,0,53,30,23
29,559,0030,600912,0000,000000,KARNATAKA,Raichur,VILLAGE,Hire Kadboor,Rural,160,911,461,450,146,85,61,356,183,173,164,85,79,447,276,171,464,185,279,352,227,125,314,207,107,158,103,55,119,74,45,0,0,0,37,30,7,38,20,18,5,1,4,22,11,11,1,0,1,10,8,2,31,13,18,5,1,4,21,10,11,1,0,1,4,2,2,7,7,0,0,0,0,1,1,0,0,0,0,6,6,0,559,234,325
29,559,0030,600913,0000,000000,KARNATAKA,Raichur,VILLAGE,Jinnapur,Rural,139,722,338,384,121,56,65,108,59,49,612,277,335,333,202,131,389,136,253,391,177,214,385,176,209,91,65,26,289,108,181,1,1,0,4,2,2,6,1,5,2,1,1,2,0,2,2,0,2,0,0,0,6,1,5,2,1,1,2,0,2,2,0,2,0,0,0,0,0,0,0,0,0,0,0,0,0,0,0,0,0,0,331,161,170
29,559,0030,600914,0000,000000,KARNATAKA,Raichur,VILLAGE,S.Ramal Dinni,Rural,35,218,110,108,33,21,12,0,0,0,186,92,94,90,57,33,128,53,75,116,57,59,115,56,59,115,56,59,0,0,0,0,0,0,0,0,0,1,1,0,1,1,0,0,0,0,0,0,0,0,0,0,1,1,0,1,1,0,0,0,0,0,0,0,0,0,0,0,0,0,0,0,0,0,0,0,0,0,0,0,0,0,102,53,49
29,559,0030,600915,0000,000000,KARNATAKA,Raichur,VILLAGE,Kabberhal,Rural,177,807,404,403,118,55,63,74,37,37,133,66,67,434,246,188,373,158,215,294,244,50,291,242,49,144,143,1,112,71,41,0,0,0,35,28,7,3,2,1,0,0,0,2,1,1,0,0,0,1,1,0,1,1,0,0,0,0,1,1,0,0,0,0,0,0,0,2,1,1,0,0,0,1,0,1,0,0,0,1,1,0,513,160,353
29,559,0030,600916,0000,000000,KARNATAKA,Raichur,VILLAGE,Hanchanhal,Rural,53,304,159,145,35,19,16,216,111,105,7,3,4,179,114,65,125,45,80,153,83,70,24,20,4,13,13,0,2,2,0,0,0,0,9,5,4,129,63,66,2,2,0,122,59,63,1,0,1,4,2,2,104,59,45,1,1,0,99,56,43,0,0,0,4,2,2,25,4,21,1,1,0,23,3,20,1,0,1,0,0,0,151,76,75
29,559,0030,600917,0000,000000,KARNATAKA,Raichur,VILLAGE,Tuggal Dinni,Rural,281,1495,727,768,211,105,106,298,151,147,846,397,449,680,406,274,815,321,494,757,410,347,747,406,341,209,144,65,513,248,265,0,0,0,25,14,11,10,4,6,2,2,0,8,2,6,0,0,0,0,0,0,8,3,5,1,1,0,7,2,5,0,0,0,0,0,0,2,1,1,1,1,0,1,0,1,0,0,0,0,0,0,738,317,421
29,559,0030,600918,0000,000000,KARNATAKA,Raichur,VILLAGE,Chikkaudbal,Rural,0,0,0,0,0,0,0,0,0,0,0,0,0,0,0,0,0,0,0,0,0,0,0,0,0,0,0,0,0,0,0,0,0,0,0,0,0,0,0,0,0,0,0,0,0,0,0,0,0,0,0,0,0,0,0,0,0,0,0,0,0,0,0,0,0,0,0,0,0,0,0,0,0,0,0,0,0,0,0,0,0,0,0,0,0
29,559,0030,600919,0000,000000,KARNATAKA,Raichur,VILLAGE,Toran Dinni,Rural,634,3188,1597,1591,485,247,238,802,400,402,1387,693,694,1441,867,574,1747,730,1017,1457,851,606,1306,791,515,805,478,327,302,163,139,88,67,21,111,83,28,151,60,91,6,3,3,135,52,83,1,0,1,9,5,4,147,58,89,6,3,3,131,50,81,1,0,1,9,5,4,4,2,2,0,0,0,4,2,2,0,0,0,0,0,0,1731,746,985
29,559,0030,600920,0000,000000,KARNATAKA,Raichur,VILLAGE,Goge Hebbal,Rural,221,1189,601,588,186,110,76,349,175,174,332,172,160,548,343,205,641,258,383,662,314,348,659,313,346,397,247,150,246,56,190,3,0,3,13,10,3,3,1,2,1,1,0,2,0,2,0,0,0,0,0,0,3,1,2,1,1,0,2,0,2,0,0,0,0,0,0,0,0,0,0,0,0,0,0,0,0,0,0,0,0,0,527,287,240
29,559,0030,600921,0000,000000,KARNATAKA,Raichur,VILLAGE,Chikkadinni,Rural,297,1585,758,827,230,112,118,158,68,90,300,141,159,768,434,334,817,324,493,797,428,369,610,367,243,299,205,94,210,82,128,9,8,1,92,72,20,187,61,126,20,0,20,146,50,96,5,3,2,16,8,8,174,56,118,20,0,20,137,49,88,5,3,2,12,4,8,13,5,8,0,0,0,9,1,8,0,0,0,4,4,0,788,330,458
29,559,0030,600922,0000,000000,KARNATAKA,Raichur,VILLAGE,Malkapur,Rural,232,1452,710,742,208,118,90,207,100,107,59,28,31,642,385,257,810,325,485,410,328,82,382,311,71,295,254,41,72,43,29,3,3,0,12,11,1,28,17,11,2,2,0,10,6,4,1,0,1,15,9,6,22,15,7,2,2,0,4,4,0,1,0,1,15,9,6,6,2,4,0,0,0,6,2,4,0,0,0,0,0,0,1042,382,660
29,559,0030,600923,0000,000000,KARNATAKA,Raichur,VILLAGE,Markamdinni,Rural,340,2004,1006,998,323,165,158,457,235,222,446,233,213,729,459,270,1275,547,728,1054,601,453,894,523,371,674,408,266,156,84,72,26,11,15,38,20,18,160,78,82,66,32,34,35,16,19,1,1,0,58,29,29,160,78,82,66,32,34,35,16,19,1,1,0,58,29,29,0,0,0,0,0,0,0,0,0,0,0,0,0,0,0,950,405,545
29,559,0030,600924,0000,000000,KARNATAKA,Raichur,VILLAGE,Sunknoor,Rural,219,945,469,476,134,74,60,237,122,115,129,62,67,443,275,168,502,194,308,471,288,183,470,288,182,135,135,0,333,152,181,0,0,0,2,1,1,1,0,1,1,0,1,0,0,0,0,0,0,0,0,0,1,0,1,1,0,1,0,0,0,0,0,0,0,0,0,0,0,0,0,0,0,0,0,0,0,0,0,0,0,0,474,181,293
29,559,0030,600925,0000,000000,KARNATAKA,Raichur,VILLAGE,Hiredinni,Rural,548,2828,1404,1424,395,207,188,678,310,368,30,13,17,1357,810,547,1471,594,877,1460,745,715,1440,739,701,681,373,308,669,303,366,4,4,0,86,59,27,20,6,14,2,1,1,13,3,10,1,1,0,4,1,3,20,6,14,2,1,1,13,3,10,1,1,0,4,1,3,0,0,0,0,0,0,0,0,0,0,0,0,0,0,0,1368,659,709
29,559,0030,600926,0000,000000,KARNATAKA,Raichur,VILLAGE,Malladgudda,Rural,542,2782,1357,1425,362,181,181,241,115,126,1221,583,638,1224,703,521,1558,654,904,1353,771,582,1337,762,575,726,440,286,537,270,267,17,13,4,57,39,18,16,9,7,6,3,3,0,0,0,5,2,3,5,4,1,15,8,7,6,3,3,0,0,0,4,1,3,5,4,1,1,1,0,0,0,0,0,0,0,1,1,0,0,0,0,1429,586,843
29,559,0030,600927,0000,000000,KARNATAKA,Raichur,VILLAGE,Donamaradi,Rural,297,1493,745,748,209,103,106,275,134,141,145,81,64,710,460,250,783,285,498,729,399,330,715,392,323,284,236,48,364,107,257,5,2,3,62,47,15,14,7,7,3,2,1,9,3,6,0,0,0,2,2,0,9,5,4,0,0,0,7,3,4,0,0,0,2,2,0,5,2,3,3,2,1,2,0,2,0,0,0,0,0,0,764,346,418
29,559,0030,600928,0000,000000,KARNATAKA,Raichur,VILLAGE,Chincharaki,Rural,242,1518,768,750,233,120,113,402,207,195,161,82,79,751,446,305,767,322,445,779,431,348,690,395,295,588,327,261,31,19,12,3,2,1,68,47,21,89,36,53,11,5,6,41,11,30,8,2,6,29,18,11,77,30,47,11,5,6,37,10,27,8,2,6,21,13,8,12,6,6,0,0,0,4,1,3,0,0,0,8,5,3,739,337,402
29,559,0030,600929,0000,000000,KARNATAKA,Raichur,VILLAGE,Huda,Rural,110,754,364,390,129,59,70,32,10,22,623,305,318,220,134,86,534,230,304,423,211,212,219,158,61,129,121,8,80,32,48,2,2,0,8,3,5,204,53,151,22,8,14,169,39,130,2,1,1,11,5,6,204,53,151,22,8,14,169,39,130,2,1,1,11,5,6,0,0,0,0,0,0,0,0,0,0,0,0,0,0,0,331,153,178
29,559,0030,600930,0000,000000,KARNATAKA,Raichur,VILLAGE,Yapala Parti,Rural,0,0,0,0,0,0,0,0,0,0,0,0,0,0,0,0,0,0,0,0,0,0,0,0,0,0,0,0,0,0,0,0,0,0,0,0,0,0,0,0,0,0,0,0,0,0,0,0,0,0,0,0,0,0,0,0,0,0,0,0,0,0,0,0,0,0,0,0,0,0,0,0,0,0,0,0,0,0,0,0,0,0,0,0,0
29,559,0030,600931,0000,000000,KARNATAKA,Raichur,VILLAGE,Bomsandoddi,Rural,34,232,121,111,46,23,23,0,0,0,204,106,98,50,35,15,182,86,96,148,79,69,73,64,9,73,64,9,0,0,0,0,0,0,0,0,0,75,15,60,7,3,4,67,11,56,0,0,0,1,1,0,75,15,60,7,3,4,67,11,56,0,0,0,1,1,0,0,0,0,0,0,0,0,0,0,0,0,0,0,0,0,84,42,42
29,559,0030,600932,0000,000000,KARNATAKA,Raichur,VILLAGE,Kasan Doddi,Rural,235,1610,792,818,265,137,128,145,76,69,895,433,462,390,248,142,1220,544,676,777,411,366,631,379,252,589,352,237,9,5,4,16,11,5,17,11,6,146,32,114,15,4,11,107,16,91,13,6,7,11,6,5,114,22,92,12,3,9,95,14,81,5,3,2,2,2,0,32,10,22,3,1,2,12,2,10,8,3,5,9,4,5,833,381,452
29,559,0030,600933,0000,000000,KARNATAKA,Raichur,VILLAGE,Donmardi,Rural,124,659,350,309,94,49,45,62,34,28,164,88,76,298,218,80,361,132,229,184,147,37,121,114,7,85,83,2,1,1,0,7,7,0,28,23,5,63,33,30,5,4,1,4,4,0,0,0,0,54,25,29,60,31,29,4,3,1,4,4,0,0,0,0,52,24,28,3,2,1,1,1,0,0,0,0,0,0,0,2,1,1,475,203,272
29,559,0030,600934,0000,000000,KARNATAKA,Raichur,VILLAGE,Heera,Rural,375,2280,1104,1176,359,170,189,374,177,197,718,341,377,890,526,364,1390,578,812,1374,691,683,1349,682,667,832,420,412,454,215,239,1,1,0,62,46,16,25,9,16,18,6,12,5,2,3,1,0,1,1,1,0,12,4,8,8,3,5,3,1,2,1,0,1,0,0,0,13,5,8,10,3,7,2,1,1,0,0,0,1,1,0,906,413,493
29,559,0030,600935,0000,000000,KARNATAKA,Raichur,VILLAGE,Buddinni,Rural,128,621,313,308,82,35,47,78,38,40,267,135,132,249,177,72,372,136,236,116,104,12,99,90,9,20,18,2,5,5,0,0,0,0,74,67,7,17,14,3,11,9,2,0,0,0,0,0,0,6,5,1,17,14,3,11,9,2,0,0,0,0,0,0,6,5,1,0,0,0,0,0,0,0,0,0,0,0,0,0,0,0,505,209,296
29,559,0030,600936,0000,000000,KARNATAKA,Raichur,VILLAGE,Toppal Doddi,Rural,166,917,473,444,154,86,68,59,31,28,53,26,27,415,266,149,502,207,295,514,283,231,460,270,190,169,152,17,259,95,164,3,2,1,29,21,8,54,13,41,11,6,5,43,7,36,0,0,0,0,0,0,30,8,22,6,4,2,24,4,20,0,0,0,0,0,0,24,5,19,5,2,3,19,3,16,0,0,0,0,0,0,403,190,213
29,559,0030,600937,0000,000000,KARNATAKA,Raichur,VILLAGE,Timmapur,Rural,74,418,208,210,74,42,32,33,15,18,117,58,59,133,86,47,285,122,163,131,110,21,117,107,10,92,92,0,6,3,3,0,0,0,19,12,7,14,3,11,0,0,0,4,1,3,0,0,0,10,2,8,14,3,11,0,0,0,4,1,3,0,0,0,10,2,8,0,0,0,0,0,0,0,0,0,0,0,0,0,0,0,287,98,189
29,559,0030,600938,0000,000000,KARNATAKA,Raichur,VILLAGE,Hussainpur,Rural,238,1509,740,769,288,140,148,241,114,127,352,164,188,536,307,229,973,433,540,546,406,140,479,390,89,381,321,60,56,31,25,2,2,0,40,36,4,67,16,51,43,7,36,14,3,11,0,0,0,10,6,4,58,15,43,43,7,36,5,2,3,0,0,0,10,6,4,9,1,8,0,0,0,9,1,8,0,0,0,0,0,0,963,334,629
29,559,0030,600939,0000,000000,KARNATAKA,Raichur,VILLAGE,Saidapur,Rural,154,836,430,406,115,54,61,103,55,48,309,156,153,363,235,128,473,195,278,499,269,230,498,268,230,106,105,1,334,118,216,0,0,0,58,45,13,1,1,0,1,1,0,0,0,0,0,0,0,0,0,0,1,1,0,1,1,0,0,0,0,0,0,0,0,0,0,0,0,0,0,0,0,0,0,0,0,0,0,0,0,0,337,161,176
29,559,0030,600940,0000,000000,KARNATAKA,Raichur,VILLAGE,U. Gud-Dinni,Rural,43,239,116,123,43,16,27,34,16,18,26,17,9,115,68,47,124,48,76,136,79,57,133,77,56,25,23,2,88,36,52,0,0,0,20,18,2,3,2,1,1,1,0,2,1,1,0,0,0,0,0,0,2,1,1,1,1,0,1,0,1,0,0,0,0,0,0,1,1,0,0,0,0,1,1,0,0,0,0,0,0,0,103,37,66
29,559,0030,600941,0000,000000,KARNATAKA,Raichur,VILLAGE,Kowtal,Rural,2796,15036,7582,7454,2121,1117,1004,3573,1786,1787,768,399,369,7632,4322,3310,7404,3260,4144,6017,3816,2201,5136,3334,1802,952,697,255,1618,764,854,189,120,69,2377,1753,624,881,482,399,30,15,15,329,108,221,23,7,16,499,352,147,806,449,357,29,15,14,311,102,209,20,5,15,446,327,119,75,33,42,1,0,1,18,6,12,3,2,1,53,25,28,9019,3766,5253
29,559,0030,600942,0000,000000,KARNATAKA,Raichur,VILLAGE,Hire Hanagi,Rural,340,1698,840,858,251,138,113,500,249,251,230,109,121,677,436,241,1021,404,617,971,450,521,940,435,505,149,143,6,483,153,330,9,6,3,299,133,166,31,15,16,0,0,0,9,4,5,1,0,1,21,11,10,27,13,14,0,0,0,6,2,4,0,0,0,21,11,10,4,2,2,0,0,0,3,2,1,1,0,1,0,0,0,727,390,337
29,559,0030,600943,0000,000000,KARNATAKA,Raichur,VILLAGE,Chikka Hanagi,Rural,54,291,135,156,39,18,21,37,15,22,169,80,89,98,63,35,193,72,121,192,93,99,190,93,97,17,17,0,157,64,93,7,7,0,9,5,4,2,0,2,0,0,0,0,0,0,0,0,0,2,0,2,0,0,0,0,0,0,0,0,0,0,0,0,0,0,0,2,0,2,0,0,0,0,0,0,0,0,0,2,0,2,99,42,57
29,559,0030,600944,0000,000000,KARNATAKA,Raichur,VILLAGE,Potapur,Rural,173,891,442,449,156,90,66,61,31,30,69,33,36,241,165,76,650,277,373,613,296,317,476,233,243,141,84,57,242,72,170,4,4,0,89,73,16,137,63,74,83,42,41,42,12,30,1,1,0,11,8,3,36,9,27,17,6,11,17,2,15,0,0,0,2,1,1,101,54,47,66,36,30,25,10,15,1,1,0,9,7,2,278,146,132
29,559,0030,600945,0000,000000,KARNATAKA,Raichur,VILLAGE,Goldinni,Rural,220,1081,550,531,155,86,69,166,87,79,514,262,252,499,314,185,582,236,346,634,334,300,621,328,293,160,131,29,396,149,247,14,13,1,51,35,16,13,6,7,0,0,0,11,4,7,1,1,0,1,1,0,8,5,3,0,0,0,6,3,3,1,1,0,1,1,0,5,1,4,0,0,0,5,1,4,0,0,0,0,0,0,447,216,231
29,559,0030,600946,0000,000000,KARNATAKA,Raichur,VILLAGE,Chikkabadardinni,Rural,82,423,208,215,66,32,34,74,37,37,172,86,86,131,86,45,292,122,170,230,124,106,229,124,105,77,45,32,139,72,67,1,0,1,12,7,5,1,0,1,0,0,0,1,0,1,0,0,0,0,0,0,1,0,1,0,0,0,1,0,1,0,0,0,0,0,0,0,0,0,0,0,0,0,0,0,0,0,0,0,0,0,193,84,109
29,559,0030,600947,0000,000000,KARNATAKA,Raichur,VILLAGE,Dewatgal,Rural,199,979,463,516,181,90,91,51,26,25,488,226,262,377,210,167,602,253,349,572,276,296,563,271,292,174,97,77,356,159,197,1,1,0,32,14,18,9,5,4,0,0,0,3,2,1,0,0,0,6,3,3,3,2,1,0,0,0,3,2,1,0,0,0,0,0,0,6,3,3,0,0,0,0,0,0,0,0,0,6,3,3,407,187,220
29,559,0030,600948,0000,000000,KARNATAKA,Raichur,VILLAGE,Bullapur,Rural,76,492,248,244,102,55,47,0,0,0,222,110,112,178,120,58,314,128,186,244,130,114,240,129,111,219,120,99,13,5,8,3,3,0,5,1,4,4,1,3,1,0,1,3,1,2,0,0,0,0,0,0,2,1,1,1,0,1,1,1,0,0,0,0,0,0,0,2,0,2,0,0,0,2,0,2,0,0,0,0,0,0,248,118,130
29,559,0030,600949,0000,000000,KARNATAKA,Raichur,VILLAGE,Kalamgere,Rural,195,1002,482,520,157,69,88,528,257,271,67,28,39,454,283,171,548,199,349,527,274,253,404,246,158,115,97,18,185,75,110,9,4,5,95,70,25,123,28,95,3,2,1,63,8,55,0,0,0,57,18,39,122,28,94,3,2,1,62,8,54,0,0,0,57,18,39,1,0,1,0,0,0,1,0,1,0,0,0,0,0,0,475,208,267
29,559,0030,600950,0000,000000,KARNATAKA,Raichur,VILLAGE,Kurkunda,Rural,376,2117,1065,1052,340,184,156,363,177,186,485,237,248,805,500,305,1312,565,747,1253,631,622,967,562,405,470,313,157,411,180,231,40,36,4,46,33,13,286,69,217,5,3,2,93,33,60,174,21,153,14,12,2,246,67,179,5,3,2,90,33,57,140,20,120,11,11,0,40,2,38,0,0,0,3,0,3,34,1,33,3,1,2,864,434,430
29,559,0030,600951,0000,000000,KARNATAKA,Raichur,VILLAGE,Wadwatti,Rural,194,1134,554,580,228,115,113,548,267,281,169,78,91,359,223,136,775,331,444,465,273,192,251,203,48,128,116,12,115,81,34,2,1,1,6,5,1,214,70,144,10,5,5,198,63,135,3,0,3,3,2,1,206,63,143,10,5,5,192,58,134,3,0,3,1,0,1,8,7,1,0,0,0,6,5,1,0,0,0,2,2,0,669,281,388
29,559,0030,600952,0000,000000,KARNATAKA,Raichur,VILLAGE,Patakam Doddi,Rural,180,943,445,498,154,72,82,185,85,100,667,314,353,234,158,76,709,287,422,646,297,349,637,291,346,286,269,17,345,22,323,0,0,0,6,0,6,9,6,3,4,3,1,2,2,0,0,0,0,3,1,2,8,6,2,4,3,1,2,2,0,0,0,0,2,1,1,1,0,1,0,0,0,0,0,0,0,0,0,1,0,1,297,148,149
29,559,0030,600953,0000,000000,KARNATAKA,Raichur,VILLAGE,Malat,Rural,479,2591,1191,1400,381,189,192,524,233,291,771,362,409,1063,582,481,1528,609,919,1236,701,535,842,534,308,269,243,26,467,207,260,4,2,2,102,82,20,394,167,227,12,9,3,351,140,211,2,0,2,29,18,11,341,152,189,11,9,2,312,132,180,1,0,1,17,11,6,53,15,38,1,0,1,39,8,31,1,0,1,12,7,5,1355,490,865
29,559,0030,600954,0000,000000,KARNATAKA,Raichur,VILLAGE,Narabanda,Rural,285,1639,829,810,270,150,120,575,296,279,562,276,286,615,396,219,1024,433,591,660,454,206,459,394,65,266,245,21,167,132,35,0,0,0,26,17,9,201,60,141,2,0,2,195,58,137,1,0,1,3,2,1,201,60,141,2,0,2,195,58,137,1,0,1,3,2,1,0,0,0,0,0,0,0,0,0,0,0,0,0,0,0,979,375,604
29,559,0030,600955,0000,000000,KARNATAKA,Raichur,VILLAGE,Hunched,Rural,156,851,414,437,129,66,63,174,92,82,398,194,204,274,174,100,577,240,337,438,211,227,306,169,137,108,93,15,162,50,112,7,5,2,29,21,8,132,42,90,1,0,1,112,30,82,6,1,5,13,11,2,129,40,89,1,0,1,111,30,81,6,1,5,11,9,2,3,2,1,0,0,0,1,0,1,0,0,0,2,2,0,413,203,210
29,559,0030,600956,0000,000000,KARNATAKA,Raichur,VILLAGE,Murkigudda,Rural,223,1145,550,595,241,131,110,854,410,444,287,139,148,434,261,173,711,289,422,549,288,261,410,234,176,140,113,27,233,101,132,0,0,0,37,20,17,139,54,85,6,3,3,122,45,77,0,0,0,11,6,5,138,53,85,6,3,3,121,44,77,0,0,0,11,6,5,1,1,0,0,0,0,1,1,0,0,0,0,0,0,0,596,262,334
29,559,0030,600957,0000,000000,KARNATAKA,Raichur,VILLAGE,Marata,Rural,291,1628,823,805,258,116,142,370,184,186,817,409,408,472,345,127,1156,478,678,952,491,461,936,488,448,419,280,139,485,184,301,0,0,0,32,24,8,16,3,13,1,1,0,14,1,13,0,0,0,1,1,0,16,3,13,1,1,0,14,1,13,0,0,0,1,1,0,0,0,0,0,0,0,0,0,0,0,0,0,0,0,0,676,332,344
29,559,0030,600958,0000,000000,KARNATAKA,Raichur,VILLAGE,Nawalkal,Rural,402,2153,1043,1110,325,157,168,372,181,191,675,333,342,914,528,386,1239,515,724,1135,614,521,704,418,286,230,184,46,434,207,227,1,1,0,39,26,13,431,196,235,22,9,13,385,174,211,2,0,2,22,13,9,318,147,171,16,7,9,287,130,157,0,0,0,15,10,5,113,49,64,6,2,4,98,44,54,2,0,2,7,3,4,1018,429,589
29,559,0030,600959,0000,000000,KARNATAKA,Raichur,VILLAGE,Hosur.N,Rural,420,2046,1016,1030,297,152,145,268,143,125,844,415,429,952,560,392,1094,456,638,964,525,439,662,374,288,175,166,9,400,184,216,6,2,4,81,22,59,302,151,151,26,25,1,234,119,115,2,1,1,40,6,34,257,137,120,20,20,0,222,112,110,2,1,1,13,4,9,45,14,31,6,5,1,12,7,5,0,0,0,27,2,25,1082,491,591
29,559,0030,600960,0000,000000,KARNATAKA,Raichur,VILLAGE,Nugdoni,Rural,216,1098,535,563,156,86,70,293,141,152,295,145,150,547,305,242,551,230,321,584,303,281,460,299,161,91,89,2,325,182,143,1,1,0,43,27,16,124,4,120,0,0,0,119,2,117,0,0,0,5,2,3,120,2,118,0,0,0,115,0,115,0,0,0,5,2,3,4,2,2,0,0,0,4,2,2,0,0,0,0,0,0,514,232,282
29,559,0030,600961,0000,000000,KARNATAKA,Raichur,VILLAGE,Ballatgi,Rural,1365,6644,3298,3346,940,505,435,1038,523,515,2926,1411,1515,3003,1772,1231,3641,1526,2115,3307,1873,1434,2600,1608,992,958,733,225,1311,635,676,33,21,12,298,219,79,707,265,442,51,8,43,612,234,378,1,0,1,43,23,20,694,264,430,49,8,41,608,233,375,1,0,1,36,23,13,13,1,12,2,0,2,4,1,3,0,0,0,7,0,7,3337,1425,1912
29,559,0030,600962,0000,000000,KARNATAKA,Raichur,VILLAGE,Hire-Badardinni,Rural,401,2184,1094,1090,338,178,160,589,311,278,480,240,240,992,594,398,1192,500,692,1229,611,618,1072,597,475,560,369,191,495,218,277,1,0,1,16,10,6,157,14,143,3,0,3,150,14,136,0,0,0,4,0,4,157,14,143,3,0,3,150,14,136,0,0,0,4,0,4,0,0,0,0,0,0,0,0,0,0,0,0,0,0,0,955,483,472
29,559,0030,600963,0000,000000,KARNATAKA,Raichur,VILLAGE,Bagalwad,Rural,1715,8682,4290,4392,1240,642,598,1680,846,834,1628,798,830,3854,2289,1565,4828,2001,2827,4518,2388,2130,2580,1588,992,863,685,178,1281,618,663,150,76,74,286,209,77,1938,800,1138,71,38,33,1703,658,1045,47,21,26,117,83,34,1912,788,1124,71,38,33,1695,655,1040,37,16,21,109,79,30,26,12,14,0,0,0,8,3,5,10,5,5,8,4,4,4164,1902,2262
29,559,0030,600964,0000,000000,KARNATAKA,Raichur,VILLAGE,Nakkunda,Rural,475,2437,1154,1283,394,181,213,569,272,297,426,201,225,1176,697,479,1261,457,804,1512,685,827,408,345,63,272,250,22,82,53,29,22,19,3,32,23,9,1104,340,764,34,17,17,940,262,678,8,2,6,122,59,63,1095,339,756,34,17,17,933,261,672,6,2,4,122,59,63,9,1,8,0,0,0,7,1,6,2,0,2,0,0,0,925,469,456
29,559,0030,600965,0000,000000,KARNATAKA,Raichur,VILLAGE,Gavigat,Rural,479,2230,1082,1148,355,189,166,376,176,200,676,341,335,994,593,401,1236,489,747,1101,622,479,871,538,333,285,224,61,503,263,240,17,9,8,66,42,24,230,84,146,25,5,20,159,45,114,3,1,2,43,33,10,73,29,44,8,3,5,56,20,36,1,0,1,8,6,2,157,55,102,17,2,15,103,25,78,2,1,1,35,27,8,1129,460,669
29,559,0030,600966,0000,000000,KARNATAKA,Raichur,VILLAGE,Aldhal,Rural,325,1603,780,823,197,94,103,224,105,119,628,318,310,791,482,309,812,298,514,884,470,414,469,294,175,288,178,110,128,80,48,10,4,6,43,32,11,415,176,239,3,1,2,290,112,178,2,1,1,120,62,58,370,169,201,3,1,2,252,107,145,2,1,1,113,60,53,45,7,38,0,0,0,38,5,33,0,0,0,7,2,5,719,310,409
29,559,0030,600967,0000,000000,KARNATAKA,Raichur,VILLAGE,Sirwar,Rural,3816,19295,9568,9727,2783,1436,1347,4090,1993,2097,2975,1466,1509,10713,6045,4668,8582,3523,5059,8486,5280,3206,7165,4679,2486,1190,869,321,3248,1655,1593,246,178,68,2481,1977,504,1321,601,720,50,22,28,1004,411,593,64,33,31,203,135,68,1262,575,687,49,21,28,973,400,573,59,29,30,181,125,56,59,26,33,1,1,0,31,11,20,5,4,1,22,10,12,10809,4288,6521
29,559,0030,600968,0000,000000,KARNATAKA,Raichur,VILLAGE,Jakkal Dinni,Rural,376,1972,971,1001,313,148,165,247,127,120,384,172,212,865,520,345,1107,451,656,888,516,372,765,450,315,202,172,30,479,234,245,16,12,4,68,32,36,123,66,57,14,8,6,84,46,38,10,5,5,15,7,8,96,51,45,11,5,6,66,38,28,5,2,3,14,6,8,27,15,12,3,3,0,18,8,10,5,3,2,1,1,0,1084,455,629
29,559,0030,600969,0000,000000,KARNATAKA,Raichur,VILLAGE,Atnur,Rural,889,4686,2388,2298,588,303,285,1399,708,691,571,306,265,2185,1291,894,2501,1097,1404,2779,1483,1296,2076,1134,942,505,326,179,1247,607,640,64,38,26,260,163,97,703,349,354,25,12,13,538,268,270,19,7,12,121,62,59,695,346,349,25,12,13,536,267,269,14,5,9,120,62,58,8,3,5,0,0,0,2,1,1,5,2,3,1,0,1,1907,905,1002
29,559,0030,600970,0000,000000,KARNATAKA,Raichur,VILLAGE,Shakapur,Rural,240,1111,536,575,136,62,74,216,108,108,346,161,185,612,349,263,499,187,312,523,312,211,500,300,200,150,140,10,323,141,182,1,0,1,26,19,7,23,12,11,1,0,1,15,7,8,0,0,0,7,5,2,19,11,8,0,0,0,12,6,6,0,0,0,7,5,2,4,1,3,1,0,1,3,1,2,0,0,0,0,0,0,588,224,364
29,559,0030,600971,0000,000000,KARNATAKA,Raichur,VILLAGE,Singaddinni,Rural,64,276,136,140,35,19,16,8,4,4,99,51,48,161,83,78,115,53,62,165,90,75,148,89,59,66,47,19,82,42,40,0,0,0,0,0,0,17,1,16,6,0,6,11,1,10,0,0,0,0,0,0,17,1,16,6,0,6,11,1,10,0,0,0,0,0,0,0,0,0,0,0,0,0,0,0,0,0,0,0,0,0,111,46,65
29,559,0030,600972,0000,000000,KARNATAKA,Raichur,VILLAGE,Ganadinni,Rural,367,1609,790,819,237,115,122,409,190,219,629,320,309,721,455,266,888,335,553,915,498,417,427,312,115,121,117,4,229,136,93,3,3,0,74,56,18,488,186,302,61,53,8,394,117,277,11,1,10,22,15,7,433,168,265,52,49,3,351,103,248,10,1,9,20,15,5,55,18,37,9,4,5,43,14,29,1,0,1,2,0,2,694,292,402
29,559,0030,600973,0000,000000,KARNATAKA,Raichur,VILLAGE,Jalapur,Rural,720,3416,1715,1701,466,233,233,669,311,358,780,402,378,1528,857,671,1888,858,1030,1642,1053,589,601,545,56,300,297,3,206,171,35,2,1,1,93,76,17,1041,508,533,13,11,2,994,472,522,12,9,3,22,16,6,844,449,395,10,10,0,802,415,387,11,8,3,21,16,5,197,59,138,3,1,2,192,57,135,1,1,0,1,0,1,1774,662,1112
29,559,0030,600974,0000,000000,KARNATAKA,Raichur,VILLAGE,Kadadinni,Rural,385,1966,1010,956,284,149,135,274,146,128,361,176,185,881,539,342,1085,471,614,1069,576,493,958,556,402,653,379,274,274,153,121,3,2,1,28,22,6,111,20,91,45,1,44,63,17,46,1,1,0,2,1,1,102,15,87,45,1,44,54,12,42,1,1,0,2,1,1,9,5,4,0,0,0,9,5,4,0,0,0,0,0,0,897,434,463
29,559,0030,600975,0000,000000,KARNATAKA,Raichur,VILLAGE,Jambaldinni,Rural,343,1707,851,856,260,144,116,469,224,245,389,205,184,756,447,309,951,404,547,912,481,431,884,475,409,182,151,31,630,276,354,25,17,8,47,31,16,28,6,22,1,0,1,19,2,17,7,3,4,1,1,0,18,4,14,0,0,0,12,1,11,5,2,3,1,1,0,10,2,8,1,0,1,7,1,6,2,1,1,0,0,0,795,370,425
29,559,0030,600976,0000,000000,KARNATAKA,Raichur,VILLAGE,Chagbhavi,Rural,800,4053,2019,2034,539,278,261,479,238,241,1142,553,589,1897,1098,799,2156,921,1235,2307,1207,1100,1246,736,510,741,500,241,365,133,232,25,18,7,115,85,30,1061,471,590,18,8,10,931,401,530,12,4,8,100,58,42,1034,461,573,17,8,9,924,401,523,9,3,6,84,49,35,27,10,17,1,0,1,7,0,7,3,1,2,16,9,7,1746,812,934
29,559,0030,600977,0000,000000,KARNATAKA,Raichur,VILLAGE,Gud-Dinni.K,Rural,946,4625,2318,2307,626,303,323,962,485,477,807,413,394,1656,977,679,2969,1341,1628,2067,1341,726,2023,1319,704,555,462,93,1316,735,581,7,5,2,145,117,28,44,22,22,18,7,11,17,8,9,3,2,1,6,5,1,35,19,16,14,7,7,15,7,8,2,2,0,4,3,1,9,3,6,4,0,4,2,1,1,1,0,1,2,2,0,2558,977,1581
29,559,0030,600978,0000,000000,KARNATAKA,Raichur,VILLAGE,Sangapur,Rural,649,3007,1420,1587,394,193,201,506,236,270,1313,617,696,1344,767,577,1663,653,1010,1703,859,844,709,411,298,229,171,58,366,162,204,22,10,12,92,68,24,994,448,546,21,5,16,876,391,485,40,18,22,57,34,23,980,446,534,20,5,15,873,390,483,33,17,16,54,34,20,14,2,12,1,0,1,3,1,2,7,1,6,3,0,3,1304,561,743
29,559,0030,600979,0000,000000,KARNATAKA,Raichur,VILLAGE,Sannahosur,Rural,470,2529,1226,1303,320,156,164,868,429,439,148,78,70,1074,621,453,1455,605,850,1384,717,667,973,635,338,247,231,16,620,331,289,7,3,4,99,70,29,411,82,329,16,11,5,238,45,193,12,1,11,145,25,120,383,74,309,15,10,5,227,43,184,10,1,9,131,20,111,28,8,20,1,1,0,11,2,9,2,0,2,14,5,9,1145,509,636
29,559,0030,600980,0000,000000,KARNATAKA,Raichur,VILLAGE,Lakkam Dinni,Rural,248,1252,650,602,164,93,71,440,237,203,382,197,185,483,308,175,769,342,427,655,344,311,417,236,181,64,59,5,325,159,166,3,2,1,25,16,9,238,108,130,6,0,6,221,100,121,1,0,1,10,8,2,232,103,129,6,0,6,221,100,121,1,0,1,4,3,1,6,5,1,0,0,0,0,0,0,0,0,0,6,5,1,597,306,291
29,559,0030,600981,0000,000000,KARNATAKA,Raichur,VILLAGE,Halli,Rural,52,278,132,146,36,18,18,59,21,38,53,25,28,161,94,67,117,38,79,177,85,92,69,64,5,23,23,0,33,31,2,0,0,0,13,10,3,108,21,87,0,0,0,57,12,45,0,0,0,51,9,42,106,19,87,0,0,0,57,12,45,0,0,0,49,7,42,2,2,0,0,0,0,0,0,0,0,0,0,2,2,0,101,47,54
29,559,0030,600982,0000,000000,KARNATAKA,Raichur,VILLAGE,Madagiri,Rural,840,4511,2239,2272,645,336,309,1134,562,572,819,394,425,2092,1284,808,2419,955,1464,2316,1271,1045,2138,1207,931,630,431,199,1386,690,696,16,13,3,106,73,33,178,64,114,4,3,1,159,54,105,1,0,1,14,7,7,175,63,112,4,3,1,156,53,103,1,0,1,14,7,7,3,1,2,0,0,0,3,1,2,0,0,0,0,0,0,2195,968,1227
29,559,0030,600983,0000,000000,KARNATAKA,Raichur,VILLAGE,Machnur,Rural,277,1460,733,727,210,101,109,347,175,172,306,155,151,611,417,194,849,316,533,839,415,424,610,387,223,413,302,111,145,44,101,3,3,0,49,38,11,229,28,201,14,4,10,213,23,190,0,0,0,2,1,1,217,23,194,10,3,7,205,19,186,0,0,0,2,1,1,12,5,7,4,1,3,8,4,4,0,0,0,0,0,0,621,318,303
29,559,0030,600984,0000,000000,KARNATAKA,Raichur,VILLAGE,Kallur,Rural,1934,10447,5268,5179,1474,784,690,2067,1054,1013,645,338,307,5454,3243,2211,4993,2025,2968,5040,2951,2089,4600,2784,1816,1095,879,216,2984,1510,1474,30,24,6,491,371,120,440,167,273,85,39,46,317,107,210,7,3,4,31,18,13,421,163,258,76,38,38,309,105,204,6,2,4,30,18,12,19,4,15,9,1,8,8,2,6,1,1,0,1,0,1,5407,2317,3090
29,559,0030,600985,0000,000000,KARNATAKA,Raichur,VILLAGE,Hokrani,Rural,253,1367,681,686,174,93,81,431,208,223,83,42,41,746,463,283,621,218,403,885,435,450,845,428,417,236,150,86,575,258,317,9,8,1,25,12,13,40,7,33,6,4,2,14,1,13,4,0,4,16,2,14,35,4,31,4,2,2,13,0,13,2,0,2,16,2,14,5,3,2,2,2,0,1,1,0,2,0,2,0,0,0,482,246,236
29,559,0030,600986,0000,000000,KARNATAKA,Raichur,VILLAGE,Bommanahal,Rural,209,1184,567,617,211,102,109,214,98,116,9,3,6,429,258,171,755,309,446,707,323,384,518,309,209,332,261,71,167,33,134,0,0,0,19,15,4,189,14,175,8,7,1,179,6,173,0,0,0,2,1,1,185,12,173,8,7,1,176,5,171,0,0,0,1,0,1,4,2,2,0,0,0,3,1,2,0,0,0,1,1,0,477,244,233
29,559,0030,600987,0000,000000,KARNATAKA,Raichur,VILLAGE,Bevinur,Rural,76,369,171,198,68,29,39,0,0,0,327,152,175,126,75,51,243,96,147,246,114,132,154,81,73,51,32,19,95,45,50,3,1,2,5,3,2,92,33,59,2,1,1,88,31,57,2,1,1,0,0,0,89,30,59,1,0,1,86,29,57,2,1,1,0,0,0,3,3,0,1,1,0,2,2,0,0,0,0,0,0,0,123,57,66
29,559,0030,600988,0000,000000,KARNATAKA,Raichur,VILLAGE,Tupdur. K,Rural,80,544,260,284,104,57,47,164,79,85,330,155,175,178,95,83,366,165,201,339,156,183,203,110,93,107,66,41,90,42,48,6,2,4,0,0,0,136,46,90,0,0,0,133,43,90,2,2,0,1,1,0,136,46,90,0,0,0,133,43,90,2,2,0,1,1,0,0,0,0,0,0,0,0,0,0,0,0,0,0,0,0,205,104,101
29,559,0030,600989,0000,000000,KARNATAKA,Raichur,VILLAGE,Harvi,Rural,1155,6252,3072,3180,924,485,439,1763,883,880,2242,1084,1158,2590,1504,1086,3662,1568,2094,3256,1740,1516,2764,1497,1267,696,518,178,1801,785,1016,7,5,2,260,189,71,492,243,249,7,4,3,457,219,238,12,6,6,16,14,2,479,232,247,6,4,2,452,215,237,12,6,6,9,7,2,13,11,2,1,0,1,5,4,1,0,0,0,7,7,0,2996,1332,1664
29,559,0030,600990,0000,000000,KARNATAKA,Raichur,VILLAGE,Kardigud,Rural,408,2060,971,1089,283,142,141,343,150,193,1198,560,638,918,542,376,1142,429,713,1122,548,574,413,201,212,122,72,50,263,112,151,3,2,1,25,15,10,709,347,362,20,13,7,215,119,96,36,23,13,438,192,246,281,171,110,12,9,3,184,105,79,14,11,3,71,46,25,428,176,252,8,4,4,31,14,17,22,12,10,367,146,221,938,423,515
29,559,0030,600991,0000,000000,KARNATAKA,Raichur,VILLAGE,Mallige Madugu,Rural,219,1136,535,601,165,84,81,152,70,82,708,330,378,502,310,192,634,225,409,612,308,304,297,192,105,130,122,8,45,14,31,7,7,0,115,49,66,315,116,199,12,8,4,276,97,179,11,3,8,16,8,8,303,112,191,12,8,4,276,97,179,2,1,1,13,6,7,12,4,8,0,0,0,0,0,0,9,2,7,3,2,1,524,227,297
29,559,0030,600992,0000,000000,KARNATAKA,Raichur,VILLAGE,Naslapur,Rural,199,1226,600,626,189,85,104,71,33,38,108,54,54,516,304,212,710,296,414,598,310,288,393,265,128,171,169,2,163,50,113,0,0,0,59,46,13,205,45,160,3,1,2,194,42,152,0,0,0,8,2,6,205,45,160,3,1,2,194,42,152,0,0,0,8,2,6,0,0,0,0,0,0,0,0,0,0,0,0,0,0,0,628,290,338
29,559,0030,600993,0000,000000,KARNATAKA,Raichur,VILLAGE,Chimlapur,Rural,201,1054,553,501,133,79,54,274,148,126,428,225,203,544,330,214,510,223,287,632,336,296,574,308,266,185,161,24,319,97,222,19,12,7,51,38,13,58,28,30,1,0,1,55,27,28,1,0,1,1,1,0,2,1,1,0,0,0,2,1,1,0,0,0,0,0,0,56,27,29,1,0,1,53,26,27,1,0,1,1,1,0,422,217,205
29,559,0030,600994,0000,000000,KARNATAKA,Raichur,VILLAGE,Govinadoddi,Rural,153,776,363,413,113,51,62,220,108,112,527,244,283,235,146,89,541,217,324,418,203,215,378,189,189,55,50,5,302,124,178,0,0,0,21,15,6,40,14,26,1,1,0,39,13,26,0,0,0,0,0,0,39,14,25,1,1,0,38,13,25,0,0,0,0,0,0,1,0,1,0,0,0,1,0,1,0,0,0,0,0,0,358,160,198
29,559,0030,600995,0000,000000,KARNATAKA,Raichur,VILLAGE,Neermanvi,Rural,1456,7541,3754,3787,1265,655,610,3084,1537,1547,1922,953,969,2813,1686,1127,4728,2068,2660,3699,2039,1660,2639,1660,979,1338,968,370,1034,507,527,26,17,9,241,168,73,1060,379,681,34,20,14,840,253,587,71,45,26,115,61,54,979,340,639,32,19,13,794,234,560,58,37,21,95,50,45,81,39,42,2,1,1,46,19,27,13,8,5,20,11,9,3842,1715,2127
29,559,0030,600996,0000,000000,KARNATAKA,Raichur,VILLAGE,Kapgal,Rural,489,2533,1279,1254,341,173,168,389,189,200,1112,563,549,1235,739,496,1298,540,758,1586,839,747,1485,791,694,676,400,276,705,314,391,6,5,1,98,72,26,101,48,53,6,5,1,80,34,46,1,1,0,14,8,6,42,23,19,6,5,1,25,11,14,1,1,0,10,6,4,59,25,34,0,0,0,55,23,32,0,0,0,4,2,2,947,440,507
29,559,0030,600997,0000,000000,KARNATAKA,Raichur,VILLAGE,Bettadur,Rural,364,1846,905,941,252,133,119,411,202,209,1120,555,565,736,470,266,1110,435,675,1146,594,552,789,423,366,413,259,154,313,121,192,9,7,2,54,36,18,357,171,186,3,3,0,337,158,179,6,1,5,11,9,2,354,170,184,3,3,0,336,158,178,6,1,5,9,8,1,3,1,2,0,0,0,1,0,1,0,0,0,2,1,1,700,311,389
29,559,0030,600998,0000,000000,KARNATAKA,Raichur,VILLAGE,Bailmarchad,Rural,330,1908,947,961,292,147,145,382,187,195,734,374,360,698,452,246,1210,495,715,1043,553,490,989,532,457,211,152,59,693,319,374,12,8,4,73,53,20,54,21,33,10,4,6,39,15,24,0,0,0,5,2,3,50,21,29,9,4,5,36,15,21,0,0,0,5,2,3,4,0,4,1,0,1,3,0,3,0,0,0,0,0,0,865,394,471
29,559,0030,600999,0000,000000,KARNATAKA,Raichur,VILLAGE,Kurdi,Rural,1536,8910,4440,4470,1547,753,794,2804,1404,1400,648,318,330,3770,2243,1527,5140,2197,2943,4114,2385,1729,3746,2224,1522,771,584,187,2374,1132,1242,33,21,12,568,487,81,368,161,207,37,23,14,239,85,154,9,3,6,83,50,33,349,155,194,31,23,8,233,83,150,7,2,5,78,47,31,19,6,13,6,0,6,6,2,4,2,1,1,5,3,2,4796,2055,2741
29,559,0030,601000,0000,000000,KARNATAKA,Raichur,VILLAGE,Aroli,Rural,651,3573,1752,1821,558,288,270,699,328,371,1591,797,794,1426,891,535,2147,861,1286,1554,897,657,1119,734,385,608,426,182,428,246,182,9,6,3,74,56,18,435,163,272,15,6,9,370,137,233,20,9,11,30,11,19,396,153,243,13,5,8,352,134,218,8,5,3,23,9,14,39,10,29,2,1,1,18,3,15,12,4,8,7,2,5,2019,855,1164
29,559,0030,601001,0000,000000,KARNATAKA,Raichur,VILLAGE,Advi Khanapur,Rural,179,936,471,465,209,111,98,125,65,60,508,259,249,412,261,151,524,210,314,581,289,292,464,227,237,153,147,6,297,70,227,0,0,0,14,10,4,117,62,55,67,46,21,45,13,32,0,0,0,5,3,2,41,15,26,12,9,3,28,5,23,0,0,0,1,1,0,76,47,29,55,37,18,17,8,9,0,0,0,4,2,2,355,182,173
29,559,0030,601002,0000,000000,KARNATAKA,Raichur,VILLAGE,Walkam Dinni,Rural,278,1617,785,832,365,182,183,24,11,13,844,408,436,467,318,149,1150,467,683,939,430,509,588,296,292,102,73,29,455,199,256,4,3,1,27,21,6,351,134,217,9,3,6,329,122,207,0,0,0,13,9,4,339,130,209,9,3,6,318,118,200,0,0,0,12,9,3,12,4,8,0,0,0,11,4,7,0,0,0,1,0,1,678,355,323
29,559,0030,601003,0000,000000,KARNATAKA,Raichur,VILLAGE,Kambalanetti,Rural,161,812,424,388,165,87,78,104,56,48,31,15,16,336,225,111,476,199,277,470,241,229,470,241,229,205,111,94,247,121,126,0,0,0,18,9,9,0,0,0,0,0,0,0,0,0,0,0,0,0,0,0,0,0,0,0,0,0,0,0,0,0,0,0,0,0,0,0,0,0,0,0,0,0,0,0,0,0,0,0,0,0,342,183,159
29,559,0030,601004,0000,000000,KARNATAKA,Raichur,VILLAGE,Gorkal,Rural,609,2964,1497,1467,439,227,212,401,190,211,235,134,101,1379,865,514,1585,632,953,1527,829,698,1442,785,657,667,390,277,594,255,339,11,4,7,170,136,34,85,44,41,15,9,6,57,25,32,0,0,0,13,10,3,80,42,38,15,9,6,54,24,30,0,0,0,11,9,2,5,2,3,0,0,0,3,1,2,0,0,0,2,1,1,1437,668,769
29,559,0030,601005,0000,000000,KARNATAKA,Raichur,VILLAGE,Sunkeswara,Rural,689,3525,1779,1746,597,304,293,1814,923,891,587,280,307,1376,845,531,2149,934,1215,1934,1019,915,988,612,376,266,205,61,598,300,298,1,1,0,123,106,17,946,407,539,156,106,50,750,276,474,6,4,2,34,21,13,923,400,523,151,104,47,734,273,461,6,4,2,32,19,13,23,7,16,5,2,3,16,3,13,0,0,0,2,2,0,1591,760,831
29,559,0030,601006,0000,000000,KARNATAKA,Raichur,VILLAGE,Sadapur,Rural,331,1700,840,860,255,122,133,253,111,142,1044,523,521,742,455,287,958,385,573,1051,530,521,783,467,316,321,296,25,418,142,276,10,9,1,34,20,14,268,63,205,10,1,9,250,58,192,1,0,1,7,4,3,245,55,190,4,0,4,235,53,182,1,0,1,5,2,3,23,8,15,6,1,5,15,5,10,0,0,0,2,2,0,649,310,339
29,559,0030,601007,0000,000000,KARNATAKA,Raichur,VILLAGE,Murharpur,Rural,225,1269,602,667,247,115,132,1133,534,599,7,3,4,359,234,125,910,368,542,656,341,315,486,293,193,284,256,28,149,9,140,15,0,15,38,28,10,170,48,122,11,1,10,72,8,64,12,4,8,75,35,40,163,47,116,8,1,7,69,8,61,11,3,8,75,35,40,7,1,6,3,0,3,3,0,3,1,1,0,0,0,0,613,261,352
29,559,0030,601008,0000,000000,KARNATAKA,Raichur,VILLAGE,Seekal,Rural,194,992,483,509,177,91,86,124,59,65,160,74,86,397,228,169,595,255,340,408,276,132,275,230,45,211,189,22,62,40,22,0,0,0,2,1,1,133,46,87,13,4,9,119,41,78,0,0,0,1,1,0,126,44,82,13,4,9,112,39,73,0,0,0,1,1,0,7,2,5,0,0,0,7,2,5,0,0,0,0,0,0,584,207,377
29,559,0030,601009,0000,000000,KARNATAKA,Raichur,VILLAGE,Bapur,Rural,82,414,212,202,55,28,27,102,51,51,170,88,82,192,125,67,222,87,135,227,126,101,129,105,24,54,51,3,59,41,18,1,1,0,15,12,3,98,21,77,0,0,0,95,20,75,0,0,0,3,1,2,94,19,75,0,0,0,92,18,74,0,0,0,2,1,1,4,2,2,0,0,0,3,2,1,0,0,0,1,0,1,187,86,101
29,559,0030,601010,0000,000000,KARNATAKA,Raichur,VILLAGE,Korvi,Rural,327,1842,916,926,275,143,132,85,50,35,1346,664,682,698,433,265,1144,483,661,1164,569,595,1039,522,517,199,100,99,791,391,400,0,0,0,49,31,18,125,47,78,33,13,20,83,29,54,0,0,0,9,5,4,69,20,49,12,3,9,53,14,39,0,0,0,4,3,1,56,27,29,21,10,11,30,15,15,0,0,0,5,2,3,678,347,331
29,559,0030,601011,0000,000000,KARNATAKA,Raichur,VILLAGE,Pannuru,Rural,238,1088,544,544,153,77,76,157,80,77,450,226,224,484,293,191,604,251,353,569,299,270,568,298,270,8,8,0,516,262,254,1,1,0,43,27,16,1,1,0,0,0,0,0,0,0,0,0,0,1,1,0,0,0,0,0,0,0,0,0,0,0,0,0,0,0,0,1,1,0,0,0,0,0,0,0,0,0,0,1,1,0,519,245,274
29,559,0030,601012,0000,000000,KARNATAKA,Raichur,VILLAGE,Arnalli,Rural,238,1185,595,590,175,87,88,463,240,223,59,27,32,526,310,216,659,285,374,658,327,331,41,31,10,20,20,0,14,8,6,0,0,0,7,3,4,617,296,321,93,56,37,489,226,263,0,0,0,35,14,21,541,257,284,75,43,32,439,202,237,0,0,0,27,12,15,76,39,37,18,13,5,50,24,26,0,0,0,8,2,6,527,268,259
29,559,0030,601013,0000,000000,KARNATAKA,Raichur,VILLAGE,Rajalbanda,Rural,340,1771,889,882,231,117,114,141,66,75,359,179,180,859,513,346,912,376,536,1010,489,521,988,485,503,763,386,377,209,88,121,0,0,0,16,11,5,22,4,18,13,1,12,4,0,4,0,0,0,5,3,2,22,4,18,13,1,12,4,0,4,0,0,0,5,3,2,0,0,0,0,0,0,0,0,0,0,0,0,0,0,0,761,400,361
29,559,0030,601014,0000,000000,KARNATAKA,Raichur,VILLAGE,Tammapur,Rural,102,453,227,226,86,41,45,0,0,0,247,126,121,174,109,65,279,118,161,240,117,123,12,9,3,1,1,0,3,2,1,2,2,0,6,4,2,228,108,120,0,0,0,221,105,116,0,0,0,7,3,4,80,74,6,0,0,0,73,71,2,0,0,0,7,3,4,148,34,114,0,0,0,148,34,114,0,0,0,0,0,0,213,110,103
29,559,0030,601015,0000,000000,KARNATAKA,Raichur,VILLAGE,Jukur,Rural,219,1152,611,541,153,91,62,380,210,170,263,143,120,540,342,198,612,269,343,594,326,268,227,164,63,129,117,12,73,29,44,7,6,1,18,12,6,367,162,205,5,5,0,343,143,200,11,10,1,8,4,4,354,157,197,5,5,0,334,142,192,7,6,1,8,4,4,13,5,8,0,0,0,9,1,8,4,4,0,0,0,0,558,285,273
29,559,0030,601016,0000,000000,KARNATAKA,Raichur,VILLAGE,Rajoli,Rural,501,2917,1428,1489,508,266,242,259,133,126,2041,994,1047,1018,640,378,1899,788,1111,1537,818,719,1071,639,432,497,368,129,448,198,250,61,34,27,65,39,26,466,179,287,23,10,13,402,153,249,21,5,16,20,11,9,453,172,281,20,9,11,394,148,246,20,5,15,19,10,9,13,7,6,3,1,2,8,5,3,1,0,1,1,1,0,1380,610,770
29,559,0030,601017,0000,000000,KARNATAKA,Raichur,VILLAGE,Nandihal,Rural,135,619,304,315,67,30,37,222,119,103,229,103,126,267,166,101,352,138,214,379,184,195,364,177,187,129,65,64,209,93,116,1,0,1,25,19,6,15,7,8,4,2,2,4,1,3,1,0,1,6,4,2,10,5,5,2,2,0,3,1,2,1,0,1,4,2,2,5,2,3,2,0,2,1,0,1,0,0,0,2,2,0,240,120,120
29,559,0030,601018,0000,000000,KARNATAKA,Raichur,VILLAGE,Manvi [R],Rural,157,666,335,331,79,38,41,69,33,36,49,27,22,387,220,167,279,115,164,250,193,57,239,185,54,133,125,8,95,54,41,2,1,1,9,5,4,11,8,3,1,0,1,3,1,2,0,0,0,7,7,0,7,5,2,1,0,1,1,0,1,0,0,0,5,5,0,4,3,1,0,0,0,2,1,1,0,0,0,2,2,0,416,142,274
29,559,0030,601019,0000,000000,KARNATAKA,Raichur,VILLAGE,Rabbankal,Rural,257,1281,640,641,151,75,76,89,44,45,587,288,299,584,332,252,697,308,389,519,382,137,515,380,135,158,150,8,348,222,126,2,2,0,7,6,1,4,2,2,1,1,0,2,0,2,0,0,0,1,1,0,2,0,2,0,0,0,2,0,2,0,0,0,0,0,0,2,2,0,1,1,0,0,0,0,0,0,0,1,1,0,762,258,504
29,559,0030,601020,0000,000000,KARNATAKA,Raichur,VILLAGE,Daddal,Rural,180,1003,498,505,148,82,66,78,40,38,815,400,415,319,190,129,684,308,376,591,288,303,527,280,247,96,76,20,428,202,226,0,0,0,3,2,1,64,8,56,2,1,1,61,6,55,0,0,0,1,1,0,64,8,56,2,1,1,61,6,55,0,0,0,1,1,0,0,0,0,0,0,0,0,0,0,0,0,0,0,0,0,412,210,202
29,559,0030,601021,0000,000000,KARNATAKA,Raichur,VILLAGE,Katarki,Rural,411,1933,943,990,280,157,123,122,65,57,262,120,142,801,490,311,1132,453,679,1179,561,618,1039,517,522,122,104,18,881,386,495,3,2,1,33,25,8,140,44,96,3,1,2,113,32,81,2,1,1,22,10,12,131,37,94,3,1,2,111,31,80,1,0,1,16,5,11,9,7,2,0,0,0,2,1,1,1,1,0,6,5,1,754,382,372
29,559,0030,601022,0000,000000,KARNATAKA,Raichur,VILLAGE,Madlapur,Rural,587,2917,1442,1475,436,212,224,920,459,461,849,416,433,1276,769,507,1641,673,968,1585,878,707,1548,863,685,230,198,32,1089,509,580,4,2,2,225,154,71,37,15,22,6,1,5,26,11,15,0,0,0,5,3,2,30,12,18,4,0,4,21,9,12,0,0,0,5,3,2,7,3,4,2,1,1,5,2,3,0,0,0,0,0,0,1332,564,768
29,559,0030,601023,0000,000000,KARNATAKA,Raichur,VILLAGE,Burhanpur,Rural,81,386,193,193,77,37,40,0,0,0,49,28,21,147,83,64,239,110,129,194,120,74,193,119,74,34,29,5,141,77,64,0,0,0,18,13,5,1,1,0,0,0,0,0,0,0,0,0,0,1,1,0,1,1,0,0,0,0,0,0,0,0,0,0,1,1,0,0,0,0,0,0,0,0,0,0,0,0,0,0,0,0,192,73,119
29,559,0030,601024,0000,000000,KARNATAKA,Raichur,VILLAGE,Buddinni,Rural,31,151,75,76,26,13,13,0,0,0,8,4,4,68,38,30,83,37,46,75,47,28,75,47,28,33,25,8,41,21,20,1,1,0,0,0,0,0,0,0,0,0,0,0,0,0,0,0,0,0,0,0,0,0,0,0,0,0,0,0,0,0,0,0,0,0,0,0,0,0,0,0,0,0,0,0,0,0,0,0,0,0,76,28,48
29,559,0030,601025,0000,000000,KARNATAKA,Raichur,VILLAGE,Rangdhal,Rural,101,581,275,306,87,46,41,59,29,30,382,180,202,367,213,154,214,62,152,322,172,150,315,168,147,76,65,11,213,91,122,0,0,0,26,12,14,7,4,3,0,0,0,5,2,3,0,0,0,2,2,0,6,4,2,0,0,0,4,2,2,0,0,0,2,2,0,1,0,1,0,0,0,1,0,1,0,0,0,0,0,0,259,103,156
29,559,0030,601026,0000,000000,KARNATAKA,Raichur,VILLAGE,Mustoor,Rural,300,1476,725,751,212,102,110,196,106,90,463,228,235,504,322,182,972,403,569,907,451,456,603,349,254,341,234,107,218,82,136,4,2,2,40,31,9,304,102,202,1,1,0,294,97,197,0,0,0,9,4,5,303,102,201,1,1,0,294,97,197,0,0,0,8,4,4,1,0,1,0,0,0,0,0,0,0,0,0,1,0,1,569,274,295
29,559,0030,601027,0000,000000,KARNATAKA,Raichur,VILLAGE,Kumdhal,Rural,0,0,0,0,0,0,0,0,0,0,0,0,0,0,0,0,0,0,0,0,0,0,0,0,0,0,0,0,0,0,0,0,0,0,0,0,0,0,0,0,0,0,0,0,0,0,0,0,0,0,0,0,0,0,0,0,0,0,0,0,0,0,0,0,0,0,0,0,0,0,0,0,0,0,0,0,0,0,0,0,0,0,0,0,0
29,559,0030,601028,0000,000000,KARNATAKA,Raichur,VILLAGE,Yarmal Doddi,Rural,144,662,323,339,100,53,47,106,54,52,274,132,142,298,181,117,364,142,222,399,185,214,383,178,205,9,9,0,370,165,205,4,4,0,0,0,0,16,7,9,0,0,0,13,5,8,3,2,1,0,0,0,16,7,9,0,0,0,13,5,8,3,2,1,0,0,0,0,0,0,0,0,0,0,0,0,0,0,0,0,0,0,263,138,125
29,559,0030,601029,0000,000000,KARNATAKA,Raichur,VILLAGE,Rajaldinni,Rural,150,678,342,336,90,49,41,115,49,66,439,228,211,346,198,148,332,144,188,335,201,134,333,199,134,149,107,42,175,89,86,0,0,0,9,3,6,2,2,0,0,0,0,0,0,0,0,0,0,2,2,0,2,2,0,0,0,0,0,0,0,0,0,0,2,2,0,0,0,0,0,0,0,0,0,0,0,0,0,0,0,0,343,141,202
29,559,0030,601030,0000,000000,KARNATAKA,Raichur,VILLAGE,Jutlapur,Rural,33,156,85,71,19,11,8,18,9,9,72,41,31,57,33,24,99,52,47,90,56,34,90,56,34,40,34,6,42,14,28,1,1,0,7,7,0,0,0,0,0,0,0,0,0,0,0,0,0,0,0,0,0,0,0,0,0,0,0,0,0,0,0,0,0,0,0,0,0,0,0,0,0,0,0,0,0,0,0,0,0,0,66,29,37
29,559,0030,601031,0000,000000,KARNATAKA,Raichur,VILLAGE,Hosur Umli,Rural,389,2054,1005,1049,318,162,156,555,282,273,819,391,428,722,457,265,1332,548,784,1203,611,592,1196,610,586,587,313,274,541,243,298,15,13,2,53,41,12,7,1,6,5,0,5,2,1,1,0,0,0,0,0,0,7,1,6,5,0,5,2,1,1,0,0,0,0,0,0,0,0,0,0,0,0,0,0,0,0,0,0,0,0,0,851,394,457
29,559,0030,601032,0000,000000,KARNATAKA,Raichur,VILLAGE,Chikkotankal,Rural,399,2272,1119,1153,355,172,183,514,246,268,1328,665,663,786,473,313,1486,646,840,1219,643,576,939,603,336,305,295,10,585,267,318,2,2,0,47,39,8,280,40,240,9,4,5,261,32,229,0,0,0,10,4,6,277,39,238,9,4,5,260,31,229,0,0,0,8,4,4,3,1,2,0,0,0,1,1,0,0,0,0,2,0,2,1053,476,577
29,559,0030,601033,0000,000000,KARNATAKA,Raichur,VILLAGE,Nalgamdinni,Rural,63,310,150,160,53,26,27,0,0,0,307,149,158,158,95,63,152,55,97,161,81,80,68,60,8,49,47,2,3,2,1,0,0,0,16,11,5,93,21,72,1,1,0,83,17,66,0,0,0,9,3,6,93,21,72,1,1,0,83,17,66,0,0,0,9,3,6,0,0,0,0,0,0,0,0,0,0,0,0,0,0,0,149,69,80
29,559,0030,601034,0000,000000,KARNATAKA,Raichur,VILLAGE,Pannur Jagir,Rural,311,1577,792,785,226,113,113,483,239,244,486,240,246,858,525,333,719,267,452,853,441,412,743,385,358,346,193,153,353,167,186,2,2,0,42,23,19,110,56,54,10,6,4,83,40,43,1,1,0,16,9,7,96,48,48,10,6,4,78,37,41,1,1,0,7,4,3,14,8,6,0,0,0,5,3,2,0,0,0,9,5,4,724,351,373
29,559,0030,601035,0000,000000,KARNATAKA,Raichur,VILLAGE,Chikalparvi,Rural,705,3247,1612,1635,521,254,267,780,386,394,872,427,445,1438,836,602,1809,776,1033,1853,970,883,900,623,277,247,218,29,571,333,238,10,10,0,72,62,10,953,347,606,87,31,56,828,298,530,8,3,5,30,15,15,717,281,436,37,26,11,658,243,415,4,1,3,18,11,7,236,66,170,50,5,45,170,55,115,4,2,2,12,4,8,1394,642,752
29,559,0030,601036,0000,000000,KARNATAKA,Raichur,VILLAGE,Yedival,Rural,236,1081,539,542,176,100,76,179,97,82,635,312,323,334,214,120,747,325,422,705,344,361,618,314,304,193,163,30,369,114,255,1,1,0,55,36,19,87,30,57,5,4,1,65,20,45,1,0,1,16,6,10,69,22,47,4,3,1,57,17,40,0,0,0,8,2,6,18,8,10,1,1,0,8,3,5,1,0,1,8,4,4,376,195,181
29,559,0030,601037,0000,000000,KARNATAKA,Raichur,VILLAGE,Badlapur,Rural,113,556,272,284,80,40,40,18,9,9,171,89,82,181,124,57,375,148,227,279,155,124,278,154,124,88,70,18,145,51,94,0,0,0,45,33,12,1,1,0,1,1,0,0,0,0,0,0,0,0,0,0,1,1,0,1,1,0,0,0,0,0,0,0,0,0,0,0,0,0,0,0,0,0,0,0,0,0,0,0,0,0,277,117,160
29,559,0030,601038,0000,000000,KARNATAKA,Raichur,VILLAGE,Belwat,Rural,107,695,330,365,100,42,58,294,134,160,313,150,163,252,148,104,443,182,261,373,196,177,368,193,175,288,163,125,74,28,46,0,0,0,6,2,4,5,3,2,0,0,0,5,3,2,0,0,0,0,0,0,5,3,2,0,0,0,5,3,2,0,0,0,0,0,0,0,0,0,0,0,0,0,0,0,0,0,0,0,0,0,322,134,188
29,559,0030,601039,0000,000000,KARNATAKA,Raichur,VILLAGE,Utaknur,Rural,358,1985,978,1007,250,130,120,233,99,134,184,91,93,925,572,353,1060,406,654,990,526,464,980,524,456,459,372,87,455,111,344,4,0,4,62,41,21,10,2,8,1,1,0,8,1,7,0,0,0,1,0,1,10,2,8,1,1,0,8,1,7,0,0,0,1,0,1,0,0,0,0,0,0,0,0,0,0,0,0,0,0,0,995,452,543
29,559,0030,601040,0000,000000,KARNATAKA,Raichur,VILLAGE,Dhotarbandi,Rural,157,913,461,452,122,66,56,153,77,76,36,17,19,407,243,164,506,218,288,363,253,110,355,246,109,325,233,92,17,4,13,1,1,0,12,8,4,8,7,1,5,5,0,1,1,0,0,0,0,2,1,1,8,7,1,5,5,0,1,1,0,0,0,0,2,1,1,0,0,0,0,0,0,0,0,0,0,0,0,0,0,0,550,208,342
29,559,0030,601041,0000,000000,KARNATAKA,Raichur,VILLAGE,Udbal,Rural,243,1261,637,624,213,109,104,350,184,166,95,51,44,474,313,161,787,324,463,692,357,335,625,328,297,174,108,66,373,166,207,2,1,1,76,53,23,67,29,38,6,4,2,50,17,33,0,0,0,11,8,3,55,26,29,5,3,2,40,16,24,0,0,0,10,7,3,12,3,9,1,1,0,10,1,9,0,0,0,1,1,0,569,280,289
29,559,0030,601042,0000,000000,KARNATAKA,Raichur,VILLAGE,Tadkal,Rural,361,1921,952,969,259,124,135,402,214,188,163,79,84,819,502,317,1102,450,652,1101,582,519,1087,577,510,319,219,100,635,273,362,4,2,2,129,83,46,14,5,9,4,2,2,6,1,5,0,0,0,4,2,2,14,5,9,4,2,2,6,1,5,0,0,0,4,2,2,0,0,0,0,0,0,0,0,0,0,0,0,0,0,0,820,370,450
29,559,0030,601043,0000,000000,KARNATAKA,Raichur,VILLAGE,Byagwat,Rural,1206,6059,3005,3054,855,437,418,1288,641,647,1492,724,768,2893,1664,1229,3166,1341,1825,2813,1695,1118,2578,1578,1000,967,741,226,1288,603,685,27,21,6,296,213,83,235,117,118,22,18,4,177,79,98,3,0,3,33,20,13,232,116,116,22,18,4,175,79,96,3,0,3,32,19,13,3,1,2,0,0,0,2,0,2,0,0,0,1,1,0,3246,1310,1936
29,559,0030,601044,0000,000000,KARNATAKA,Raichur,VILLAGE,Jeenur,Rural,450,2254,1131,1123,258,135,123,295,162,133,1205,613,592,1205,723,482,1049,408,641,1223,631,592,1165,614,551,281,257,24,804,303,501,3,3,0,77,51,26,58,17,41,9,4,5,49,13,36,0,0,0,0,0,0,56,16,40,7,3,4,49,13,36,0,0,0,0,0,0,2,1,1,2,1,1,0,0,0,0,0,0,0,0,0,1031,500,531
29,559,0030,601045,0000,000000,KARNATAKA,Raichur,VILLAGE,Potanhal,Rural,1312,6575,3289,3286,972,498,474,1181,583,598,1131,565,566,3301,1941,1360,3274,1348,1926,2558,1675,883,1760,1267,493,502,421,81,362,152,210,33,19,14,863,675,188,798,408,390,16,15,1,597,261,336,10,5,5,175,127,48,738,372,366,16,15,1,575,252,323,9,5,4,138,100,38,60,36,24,0,0,0,22,9,13,1,0,1,37,27,10,4017,1614,2403
29,559,0030,601046,0000,000000,KARNATAKA,Raichur,VILLAGE,Karegudda,Rural,343,1600,762,838,204,97,107,293,135,158,694,330,364,778,427,351,822,335,487,965,457,508,385,293,92,59,57,2,320,232,88,2,2,0,4,2,2,580,164,416,7,2,5,568,158,410,1,1,0,4,3,1,420,130,290,6,1,5,409,125,284,1,1,0,4,3,1,160,34,126,1,1,0,159,33,126,0,0,0,0,0,0,635,305,330
29,559,0030,601047,0000,000000,KARNATAKA,Raichur,VILLAGE,Janekal,Rural,416,1967,992,975,244,138,106,457,237,220,610,301,309,1017,613,404,950,379,571,1027,574,453,521,436,85,330,295,35,98,62,36,3,3,0,90,76,14,506,138,368,72,10,62,412,113,299,2,2,0,20,13,7,471,131,340,65,9,56,388,110,278,1,1,0,17,11,6,35,7,28,7,1,6,24,3,21,1,1,0,3,2,1,940,418,522
29,559,0030,601048,0000,000000,KARNATAKA,Raichur,VILLAGE,Amarawati,Rural,313,1746,855,891,262,111,151,549,261,288,52,24,28,771,460,311,975,395,580,886,508,378,808,473,335,612,366,246,151,76,75,5,3,2,40,28,12,78,35,43,13,4,9,57,28,29,0,0,0,8,3,5,67,33,34,12,4,8,50,27,23,0,0,0,5,2,3,11,2,9,1,0,1,7,1,6,0,0,0,3,1,2,860,347,513
29,559,0030,601049,0000,000000,KARNATAKA,Raichur,VILLAGE,Bhogawati,Rural,464,2355,1157,1198,370,189,181,281,140,141,544,260,284,1051,625,426,1304,532,772,1276,682,594,1031,561,470,210,178,32,668,267,401,8,4,4,145,112,33,245,121,124,10,9,1,231,110,121,0,0,0,4,2,2,22,14,8,9,8,1,11,5,6,0,0,0,2,1,1,223,107,116,1,1,0,220,105,115,0,0,0,2,1,1,1079,475,604
29,559,0030,601050,0000,000000,KARNATAKA,Raichur,VILLAGE,Hire Kotankal,Rural,1635,7889,3939,3950,999,521,478,2465,1226,1239,1373,678,695,3767,2203,1564,4122,1736,2386,4037,2235,1802,3876,2149,1727,953,673,280,2338,1165,1173,41,30,11,544,281,263,161,86,75,10,3,7,132,67,65,7,6,1,12,10,2,155,81,74,10,3,7,127,63,64,7,6,1,11,9,2,6,5,1,0,0,0,5,4,1,0,0,0,1,1,0,3852,1704,2148
29,559,0030,601051,0000,000000,KARNATAKA,Raichur,VILLAGE,Uralgaddi,Rural,6,23,13,10,0,0,0,21,12,9,0,0,0,12,10,2,11,3,8,17,9,8,14,7,7,0,0,0,14,7,7,0,0,0,0,0,0,3,2,1,2,2,0,1,0,1,0,0,0,0,0,0,2,1,1,1,1,0,1,0,1,0,0,0,0,0,0,1,1,0,1,1,0,0,0,0,0,0,0,0,0,0,6,4,2
29,559,0030,601052,0000,000000,KARNATAKA,Raichur,VILLAGE,Muddamgaddi,Rural,217,1002,499,503,145,62,83,260,128,132,313,164,149,539,354,185,463,145,318,600,317,283,531,307,224,107,103,4,363,155,208,0,0,0,61,49,12,69,10,59,5,3,2,61,5,56,0,0,0,3,2,1,64,7,57,3,2,1,59,4,55,0,0,0,2,1,1,5,3,2,2,1,1,2,1,1,0,0,0,1,1,0,402,182,220
29,559,0030,601053,0000,000000,KARNATAKA,Raichur,VILLAGE,Kharabadinni,Rural,310,1552,782,770,234,128,106,288,148,140,217,107,110,612,397,215,940,385,555,825,434,391,547,386,161,209,199,10,241,106,135,3,2,1,94,79,15,278,48,230,0,0,0,259,40,219,0,0,0,19,8,11,275,48,227,0,0,0,258,40,218,0,0,0,17,8,9,3,0,3,0,0,0,1,0,1,0,0,0,2,0,2,727,348,379
29,559,0030,601054,0000,000000,KARNATAKA,Raichur,VILLAGE,Eralgaddi,Rural,197,964,474,490,139,64,75,199,96,103,302,156,146,402,257,145,562,217,345,563,290,273,557,287,270,69,67,2,456,197,259,0,0,0,32,23,9,6,3,3,2,0,2,3,2,1,0,0,0,1,1,0,4,3,1,0,0,0,3,2,1,0,0,0,1,1,0,2,0,2,2,0,2,0,0,0,0,0,0,0,0,0,401,184,217
29,559,0030,601055,0000,000000,KARNATAKA,Raichur,VILLAGE,Devipur,Rural,155,897,443,454,126,61,65,142,74,68,681,336,345,414,260,154,483,183,300,459,257,202,141,129,12,94,92,2,40,34,6,0,0,0,7,3,4,318,128,190,4,1,3,310,123,187,0,0,0,4,4,0,221,110,111,1,1,0,217,106,111,0,0,0,3,3,0,97,18,79,3,0,3,93,17,76,0,0,0,1,1,0,438,186,252
29,559,0031,000000,0000,000000,KARNATAKA,Raichur,CD BLOCK,Sindhnur ,Total,61432,317363,158235,159128,43485,22368,21117,59733,29658,30075,49255,24317,24938,163522,96978,66544,153841,61257,92584,162266,90320,71946,134187,80251,53936,51925,38173,13752,62329,28477,33852,2013,1237,776,17920,12364,5556,28079,10069,18010,2676,1147,1529,19723,6221,13502,796,288,508,4884,2413,2471,25075,8895,16180,2200,984,1216,18339,5742,12597,581,183,398,3955,1986,1969,3004,1174,1830,476,163,313,1384,479,905,215,105,110,929,427,502,155097,67915,87182
29,559,0031,000000,0000,000000,KARNATAKA,Raichur,CD BLOCK,Sindhnur ,Rural,61432,317363,158235,159128,43485,22368,21117,59733,29658,30075,49255,24317,24938,163522,96978,66544,153841,61257,92584,162266,90320,71946,134187,80251,53936,51925,38173,13752,62329,28477,33852,2013,1237,776,17920,12364,5556,28079,10069,18010,2676,1147,1529,19723,6221,13502,796,288,508,4884,2413,2471,25075,8895,16180,2200,984,1216,18339,5742,12597,581,183,398,3955,1986,1969,3004,1174,1830,476,163,313,1384,479,905,215,105,110,929,427,502,155097,67915,87182
29,559,0031,000000,0000,000000,KARNATAKA,Raichur,CD BLOCK,Sindhnur ,Urban,0,0,0,0,0,0,0,0,0,0,0,0,0,0,0,0,0,0,0,0,0,0,0,0,0,0,0,0,0,0,0,0,0,0,0,0,0,0,0,0,0,0,0,0,0,0,0,0,0,0,0,0,0,0,0,0,0,0,0,0,0,0,0,0,0,0,0,0,0,0,0,0,0,0,0,0,0,0,0,0,0,0,0,0,0
29,559,0031,601056,0000,000000,KARNATAKA,Raichur,VILLAGE,Mahampur,Rural,102,525,279,246,65,36,29,44,23,21,400,217,183,257,167,90,268,112,156,137,124,13,132,122,10,108,104,4,1,1,0,0,0,0,23,17,6,5,2,3,0,0,0,3,0,3,0,0,0,2,2,0,4,1,3,0,0,0,3,0,3,0,0,0,1,1,0,1,1,0,0,0,0,0,0,0,0,0,0,1,1,0,388,155,233
29,559,0031,601057,0000,000000,KARNATAKA,Raichur,VILLAGE,Bommanahal-U,Rural,151,1021,526,495,219,113,106,33,18,15,485,243,242,269,164,105,752,362,390,633,326,307,434,292,142,286,275,11,139,16,123,1,0,1,8,1,7,199,34,165,14,3,11,184,30,154,1,1,0,0,0,0,199,34,165,14,3,11,184,30,154,1,1,0,0,0,0,0,0,0,0,0,0,0,0,0,0,0,0,0,0,0,388,200,188
29,559,0031,601058,0000,000000,KARNATAKA,Raichur,VILLAGE,Ratanapur,Rural,140,773,396,377,157,80,77,56,27,29,260,137,123,287,168,119,486,228,258,417,218,199,253,154,99,127,86,41,14,10,4,0,0,0,112,58,54,164,64,100,2,1,1,131,43,88,2,2,0,29,18,11,153,60,93,2,1,1,128,42,86,0,0,0,23,17,6,11,4,7,0,0,0,3,1,2,2,2,0,6,1,5,356,178,178
29,559,0031,601059,0000,000000,KARNATAKA,Raichur,VILLAGE,Sankanhal,Rural,68,317,161,156,47,24,23,99,49,50,31,14,17,176,103,73,141,58,83,193,100,93,109,88,21,61,57,4,40,26,14,0,0,0,8,5,3,84,12,72,12,3,9,68,6,62,1,1,0,3,2,1,83,12,71,11,3,8,68,6,62,1,1,0,3,2,1,1,0,1,1,0,1,0,0,0,0,0,0,0,0,0,124,61,63
29,559,0031,601060,0000,000000,KARNATAKA,Raichur,VILLAGE,Gunda,Rural,272,1406,719,687,194,110,84,263,137,126,353,179,174,804,488,316,602,231,371,658,382,276,525,346,179,221,197,24,190,63,127,27,21,6,87,65,22,133,36,97,17,10,7,92,17,75,7,1,6,17,8,9,105,28,77,14,7,7,72,13,59,6,1,5,13,7,6,28,8,20,3,3,0,20,4,16,1,0,1,4,1,3,748,337,411
29,559,0031,601061,0000,000000,KARNATAKA,Raichur,VILLAGE,Hogernhal,Rural,253,1283,638,645,199,114,85,156,79,77,256,126,130,623,377,246,660,261,399,764,387,377,380,307,73,172,158,14,134,84,50,23,21,2,51,44,7,384,80,304,69,8,61,265,64,201,12,0,12,38,8,30,358,79,279,65,8,57,263,64,199,8,0,8,22,7,15,26,1,25,4,0,4,2,0,2,4,0,4,16,1,15,519,251,268
29,559,0031,601062,0000,000000,KARNATAKA,Raichur,VILLAGE,Gudihal,Rural,105,603,299,304,76,44,32,6,2,4,63,31,32,329,178,151,274,121,153,313,164,149,72,62,10,52,48,4,3,3,0,1,1,0,16,10,6,241,102,139,56,45,11,171,50,121,8,3,5,6,4,2,241,102,139,56,45,11,171,50,121,8,3,5,6,4,2,0,0,0,0,0,0,0,0,0,0,0,0,0,0,0,290,135,155
29,559,0031,601063,0000,000000,KARNATAKA,Raichur,VILLAGE,Gadratigi,Rural,210,1246,621,625,169,85,84,104,51,53,662,336,326,431,271,160,815,350,465,384,368,16,375,360,15,159,158,1,202,192,10,7,6,1,7,4,3,9,8,1,4,4,0,4,4,0,0,0,0,1,0,1,9,8,1,4,4,0,4,4,0,0,0,0,1,0,1,0,0,0,0,0,0,0,0,0,0,0,0,0,0,0,862,253,609
29,559,0031,601064,0000,000000,KARNATAKA,Raichur,VILLAGE,Hattigudda,Rural,253,1185,604,581,106,57,49,59,33,26,178,89,89,618,401,217,567,203,364,837,459,378,719,416,303,139,112,27,521,257,264,4,4,0,55,43,12,118,43,75,2,2,0,100,32,68,2,0,2,14,9,5,85,25,60,2,2,0,68,14,54,1,0,1,14,9,5,33,18,15,0,0,0,32,18,14,1,0,1,0,0,0,348,145,203
29,559,0031,601065,0000,000000,KARNATAKA,Raichur,VILLAGE,Hirebhergi,Rural,206,1072,537,535,155,76,79,225,106,119,156,87,69,456,301,155,616,236,380,680,348,332,286,239,47,211,203,8,46,22,24,5,2,3,24,12,12,394,109,285,9,6,3,366,95,271,7,3,4,12,5,7,386,108,278,9,6,3,362,95,267,6,3,3,9,4,5,8,1,7,0,0,0,4,0,4,1,0,1,3,1,2,392,189,203
29,559,0031,601066,0000,000000,KARNATAKA,Raichur,VILLAGE,Bhogapur,Rural,336,1764,891,873,290,152,138,211,112,99,1176,595,581,481,314,167,1283,577,706,679,484,195,469,440,29,382,372,10,60,51,9,0,0,0,27,17,10,210,44,166,3,2,1,199,38,161,0,0,0,8,4,4,204,43,161,2,2,0,194,37,157,0,0,0,8,4,4,6,1,5,1,0,1,5,1,4,0,0,0,0,0,0,1085,407,678
29,559,0031,601067,0000,000000,KARNATAKA,Raichur,VILLAGE,Mullur (U),Rural,160,971,500,471,166,81,85,243,126,117,137,73,64,461,294,167,510,206,304,528,286,242,361,253,108,256,226,30,91,18,73,0,0,0,14,9,5,167,33,134,99,24,75,60,3,57,2,2,0,6,4,2,167,33,134,99,24,75,60,3,57,2,2,0,6,4,2,0,0,0,0,0,0,0,0,0,0,0,0,0,0,0,443,214,229
29,559,0031,601068,0000,000000,KARNATAKA,Raichur,VILLAGE,Virapur,Rural,256,1734,897,837,359,188,171,197,104,93,1447,749,698,760,504,256,974,393,581,901,461,440,776,417,359,546,342,204,190,54,136,1,1,0,39,20,19,125,44,81,2,1,1,114,39,75,0,0,0,9,4,5,125,44,81,2,1,1,114,39,75,0,0,0,9,4,5,0,0,0,0,0,0,0,0,0,0,0,0,0,0,0,833,436,397
29,559,0031,601069,0000,000000,KARNATAKA,Raichur,VILLAGE,Kardchalami,Rural,118,761,391,370,98,51,47,66,37,29,485,243,242,293,177,116,468,214,254,392,206,186,384,203,181,95,90,5,283,108,175,2,2,0,4,3,1,8,3,5,0,0,0,5,2,3,0,0,0,3,1,2,7,2,5,0,0,0,5,2,3,0,0,0,2,0,2,1,1,0,0,0,0,0,0,0,0,0,0,1,1,0,369,185,184
29,559,0031,601070,0000,000000,KARNATAKA,Raichur,VILLAGE,Gorloti,Rural,112,698,340,358,126,71,55,30,15,15,300,139,161,303,177,126,395,163,232,392,187,205,370,172,198,52,42,10,297,118,179,1,1,0,20,11,9,22,15,7,0,0,0,12,7,5,0,0,0,10,8,2,16,9,7,0,0,0,8,3,5,0,0,0,8,6,2,6,6,0,0,0,0,4,4,0,0,0,0,2,2,0,306,153,153
29,559,0031,601071,0000,000000,KARNATAKA,Raichur,VILLAGE,Umloti,Rural,458,2431,1190,1241,350,182,168,588,294,294,57,25,32,1257,746,511,1174,444,730,1242,676,566,1202,651,551,319,211,108,486,149,337,13,6,7,384,285,99,40,25,15,4,2,2,7,1,6,1,0,1,28,22,6,39,25,14,3,2,1,7,1,6,1,0,1,28,22,6,1,0,1,1,0,1,0,0,0,0,0,0,0,0,0,1189,514,675
29,559,0031,601072,0000,000000,KARNATAKA,Raichur,VILLAGE,Bukanhatti,Rural,119,805,397,408,133,66,67,185,89,96,147,72,75,438,265,173,367,132,235,387,211,176,339,175,164,121,80,41,185,69,116,0,0,0,33,26,7,48,36,12,1,0,1,6,2,4,2,2,0,39,32,7,48,36,12,1,0,1,6,2,4,2,2,0,39,32,7,0,0,0,0,0,0,0,0,0,0,0,0,0,0,0,418,186,232
29,559,0031,601073,0000,000000,KARNATAKA,Raichur,VILLAGE,Chikbhergi,Rural,317,1954,996,958,301,155,146,291,141,150,149,69,80,917,591,326,1037,405,632,949,561,388,850,519,331,502,371,131,240,83,157,22,9,13,86,56,30,99,42,57,5,4,1,35,14,21,1,0,1,58,24,34,94,39,55,5,4,1,34,13,21,1,0,1,54,22,32,5,3,2,0,0,0,1,1,0,0,0,0,4,2,2,1005,435,570
29,559,0031,601074,0000,000000,KARNATAKA,Raichur,VILLAGE,Turvihal,Rural,2504,13034,6498,6536,1670,877,793,1646,823,823,1633,828,805,7204,4248,2956,5830,2250,3580,6542,3689,2853,4934,3081,1853,1105,982,123,2740,1244,1496,72,46,26,1017,809,208,1608,608,1000,28,16,12,1013,343,670,10,1,9,557,248,309,1571,594,977,25,14,11,994,338,656,9,1,8,543,241,302,37,14,23,3,2,1,19,5,14,1,0,1,14,7,7,6492,2809,3683
29,559,0031,601075,0000,000000,KARNATAKA,Raichur,VILLAGE,Kalmangi,Rural,489,2444,1218,1226,274,136,138,329,157,172,472,240,232,1409,866,543,1035,352,683,1059,670,389,723,495,228,340,313,27,268,100,168,13,10,3,102,72,30,336,175,161,3,3,0,271,121,150,9,2,7,53,49,4,322,170,152,3,3,0,262,120,142,8,2,6,49,45,4,14,5,9,0,0,0,9,1,8,1,0,1,4,4,0,1385,548,837
29,559,0031,601076,0000,000000,KARNATAKA,Raichur,VILLAGE,Hosshalli (K),Rural,701,3823,1930,1893,540,291,249,879,446,433,907,453,454,1967,1191,776,1856,739,1117,2236,1137,1099,1627,852,775,927,568,359,306,119,187,20,14,6,374,151,223,609,285,324,16,7,9,573,265,308,3,2,1,17,11,6,606,285,321,16,7,9,571,265,306,2,2,0,17,11,6,3,0,3,0,0,0,2,0,2,1,0,1,0,0,0,1587,793,794
29,559,0031,601077,0000,000000,KARNATAKA,Raichur,VILLAGE,Jambunathanahalli,Rural,138,774,372,402,99,49,50,3,1,2,46,24,22,466,283,183,308,89,219,347,213,134,318,209,109,108,100,8,148,54,94,3,2,1,59,53,6,29,4,25,0,0,0,26,2,24,2,1,1,1,1,0,28,4,24,0,0,0,25,2,23,2,1,1,1,1,0,1,0,1,0,0,0,1,0,1,0,0,0,0,0,0,427,159,268
29,559,0031,601078,0000,000000,KARNATAKA,Raichur,VILLAGE,Bassapur (K),Rural,754,3748,1903,1845,448,235,213,157,78,79,453,226,227,2061,1280,781,1687,623,1064,1773,1050,723,1431,897,534,830,572,258,513,262,251,14,10,4,74,53,21,342,153,189,12,6,6,246,106,140,6,2,4,78,39,39,323,140,183,11,6,5,230,95,135,6,2,4,76,37,39,19,13,6,1,0,1,16,11,5,0,0,0,2,2,0,1975,853,1122
29,559,0031,601079,0000,000000,KARNATAKA,Raichur,VILLAGE,Gandhinagar,Rural,2367,10568,5258,5310,1373,714,659,1524,737,787,1172,586,586,5362,2905,2457,5206,2353,2853,4982,3069,1913,4464,2862,1602,947,891,56,2630,1300,1330,24,23,1,863,648,215,518,207,311,39,31,8,246,134,112,0,0,0,233,42,191,498,199,299,37,31,6,235,130,105,0,0,0,226,38,188,20,8,12,2,0,2,11,4,7,0,0,0,7,4,3,5586,2189,3397
29,559,0031,601080,0000,000000,KARNATAKA,Raichur,VILLAGE,Hanumapur,Rural,497,2291,1122,1169,255,123,132,511,259,252,303,140,163,1316,725,591,975,397,578,1040,656,384,1031,649,382,241,227,14,644,312,332,10,6,4,136,104,32,9,7,2,0,0,0,4,3,1,1,1,0,4,3,1,7,6,1,0,0,0,3,2,1,1,1,0,3,3,0,2,1,1,0,0,0,1,1,0,0,0,0,1,0,1,1251,466,785
29,559,0031,601081,0000,000000,KARNATAKA,Raichur,VILLAGE,Hanchinhal (K),Rural,378,1896,912,984,234,125,109,511,244,267,67,28,39,1255,681,574,641,231,410,886,519,367,877,512,365,453,306,147,300,104,196,16,7,9,108,95,13,9,7,2,4,3,1,1,1,0,1,1,0,3,2,1,7,5,2,3,2,1,1,1,0,0,0,0,3,2,1,2,2,0,1,1,0,0,0,0,1,1,0,0,0,0,1010,393,617
29,559,0031,601082,0000,000000,KARNATAKA,Raichur,VILLAGE,Jalihal,Rural,673,3583,1752,1831,466,216,250,804,378,426,477,233,244,1790,1097,693,1793,655,1138,1726,984,742,1716,979,737,502,386,116,992,439,553,7,7,0,215,147,68,10,5,5,3,3,0,5,1,4,0,0,0,2,1,1,7,4,3,2,2,0,3,1,2,0,0,0,2,1,1,3,1,2,1,1,0,2,0,2,0,0,0,0,0,0,1857,768,1089
29,559,0031,601083,0000,000000,KARNATAKA,Raichur,VILLAGE,Hokarani,Rural,148,911,451,460,148,78,70,130,67,63,402,189,213,451,283,168,460,168,292,594,302,292,419,215,204,30,18,12,305,151,154,26,16,10,58,30,28,175,87,88,2,1,1,98,49,49,6,3,3,69,34,35,126,62,64,2,1,1,76,37,39,5,2,3,43,22,21,49,25,24,0,0,0,22,12,10,1,1,0,26,12,14,317,149,168
29,559,0031,601084,0000,000000,KARNATAKA,Raichur,VILLAGE,Bagalapur,Rural,24,141,73,68,21,10,11,0,0,0,137,72,65,78,53,25,63,20,43,100,53,47,66,33,33,0,0,0,58,29,29,3,1,2,5,3,2,34,20,14,0,0,0,23,15,8,1,0,1,10,5,5,15,9,6,0,0,0,14,9,5,1,0,1,0,0,0,19,11,8,0,0,0,9,6,3,0,0,0,10,5,5,41,20,21
29,559,0031,601085,0000,000000,KARNATAKA,Raichur,VILLAGE,Boppur,Rural,249,1269,624,645,182,89,93,93,48,45,353,162,191,563,347,216,706,277,429,719,362,357,696,354,342,442,240,202,206,80,126,9,7,2,39,27,12,23,8,15,11,2,9,5,1,4,0,0,0,7,5,2,23,8,15,11,2,9,5,1,4,0,0,0,7,5,2,0,0,0,0,0,0,0,0,0,0,0,0,0,0,0,550,262,288
29,559,0031,601086,0000,000000,KARNATAKA,Raichur,VILLAGE,Kaniganhalu,Rural,246,1315,661,654,179,87,92,71,34,37,656,333,323,642,404,238,673,257,416,695,373,322,673,363,310,145,106,39,436,185,251,9,7,2,83,65,18,22,10,12,8,3,5,11,4,7,0,0,0,3,3,0,19,10,9,7,3,4,9,4,5,0,0,0,3,3,0,3,0,3,1,0,1,2,0,2,0,0,0,0,0,0,620,288,332
29,559,0031,601087,0000,000000,KARNATAKA,Raichur,VILLAGE,Matur,Rural,224,1162,582,580,149,76,73,326,167,159,311,147,164,637,395,242,525,187,338,362,350,12,356,344,12,244,241,3,92,85,7,0,0,0,20,18,2,6,6,0,0,0,0,6,6,0,0,0,0,0,0,0,6,6,0,0,0,0,6,6,0,0,0,0,0,0,0,0,0,0,0,0,0,0,0,0,0,0,0,0,0,0,800,232,568
29,559,0031,601088,0000,000000,KARNATAKA,Raichur,VILLAGE,Uppaldoddi (Umli),Rural,319,1646,813,833,168,77,91,374,190,184,108,55,53,877,546,331,769,267,502,952,514,438,943,510,433,236,165,71,588,249,339,2,1,1,117,95,22,9,4,5,1,0,1,8,4,4,0,0,0,0,0,0,7,4,3,0,0,0,7,4,3,0,0,0,0,0,0,2,0,2,1,0,1,1,0,1,0,0,0,0,0,0,694,299,395
29,559,0031,601089,0000,000000,KARNATAKA,Raichur,VILLAGE,Tidgol,Rural,511,2815,1419,1396,407,198,209,912,452,460,104,52,52,1425,874,551,1390,545,845,1387,779,608,1379,775,604,584,387,197,700,329,371,8,7,1,87,52,35,8,4,4,2,2,0,2,1,1,1,0,1,3,1,2,8,4,4,2,2,0,2,1,1,1,0,1,3,1,2,0,0,0,0,0,0,0,0,0,0,0,0,0,0,0,1428,640,788
29,559,0031,601090,0000,000000,KARNATAKA,Raichur,VILLAGE,Nedigol,Rural,235,1226,619,607,182,89,93,100,52,48,303,143,160,567,346,221,659,273,386,662,369,293,658,369,289,180,149,31,426,179,247,10,8,2,42,33,9,4,0,4,3,0,3,1,0,1,0,0,0,0,0,0,4,0,4,3,0,3,1,0,1,0,0,0,0,0,0,0,0,0,0,0,0,0,0,0,0,0,0,0,0,0,564,250,314
29,559,0031,601091,0000,000000,KARNATAKA,Raichur,VILLAGE,Kurukunda,Rural,694,3946,1925,2021,549,270,279,939,459,480,1020,492,528,1767,1036,731,2179,889,1290,2043,1106,937,1921,1049,872,845,481,364,831,415,416,42,22,20,203,131,72,122,57,65,2,0,2,81,31,50,5,5,0,34,21,13,96,42,54,2,0,2,64,25,39,3,3,0,27,14,13,26,15,11,0,0,0,17,6,11,2,2,0,7,7,0,1903,819,1084
29,559,0031,601092,0000,000000,KARNATAKA,Raichur,VILLAGE,Gunjanalli,Rural,984,4977,2473,2504,581,287,294,943,472,471,683,347,336,2716,1602,1114,2261,871,1390,2253,1380,873,1853,1226,627,791,614,177,824,453,371,41,21,20,197,138,59,400,154,246,33,25,8,237,71,166,10,4,6,120,54,66,370,135,235,30,23,7,218,59,159,7,2,5,115,51,64,30,19,11,3,2,1,19,12,7,3,2,1,5,3,2,2724,1093,1631
29,559,0031,601093,0000,000000,KARNATAKA,Raichur,VILLAGE,Virapapur,Rural,975,5002,2460,2542,704,359,345,1456,710,746,301,154,147,2566,1510,1056,2436,950,1486,2350,1361,989,1964,1185,779,647,523,124,873,390,483,20,12,8,424,260,164,386,176,210,21,8,13,228,88,140,7,3,4,130,77,53,295,138,157,21,8,13,171,66,105,5,2,3,98,62,36,91,38,53,0,0,0,57,22,35,2,1,1,32,15,17,2652,1099,1553
29,559,0031,601094,0000,000000,KARNATAKA,Raichur,VILLAGE,Arlihalli,Rural,374,2136,1071,1065,312,157,155,406,205,201,98,49,49,1001,638,363,1135,433,702,1099,609,490,670,599,71,410,404,6,94,64,30,0,0,0,166,131,35,429,10,419,1,0,1,423,9,414,0,0,0,5,1,4,418,8,410,1,0,1,412,7,405,0,0,0,5,1,4,11,2,9,0,0,0,11,2,9,0,0,0,0,0,0,1037,462,575
29,559,0031,601095,0000,000000,KARNATAKA,Raichur,VILLAGE,Sunkanur,Rural,124,647,344,303,95,58,37,161,88,73,5,4,1,394,240,154,253,104,149,351,185,166,150,87,63,131,76,55,2,2,0,1,0,1,16,9,7,201,98,103,6,4,2,192,91,101,1,1,0,2,2,0,122,62,60,3,2,1,118,59,59,0,0,0,1,1,0,79,36,43,3,2,1,74,32,42,1,1,0,1,1,0,296,159,137
29,559,0031,601096,0000,000000,KARNATAKA,Raichur,VILLAGE,Chikkkadbur,Rural,234,1256,589,667,191,81,110,132,64,68,65,32,33,580,352,228,676,237,439,724,346,378,332,277,55,163,152,11,85,65,20,3,2,1,81,58,23,392,69,323,18,3,15,236,44,192,2,0,2,136,22,114,299,52,247,17,3,14,197,40,157,2,0,2,83,9,74,93,17,76,1,0,1,39,4,35,0,0,0,53,13,40,532,243,289
29,559,0031,601097,0000,000000,KARNATAKA,Raichur,VILLAGE,Kyathanahatti,Rural,317,1506,760,746,194,101,93,298,151,147,204,100,104,989,564,425,517,196,321,934,506,428,836,465,371,419,274,145,144,75,69,5,2,3,268,114,154,98,41,57,3,3,0,46,19,27,0,0,0,49,19,30,93,38,55,3,3,0,45,19,26,0,0,0,45,16,29,5,3,2,0,0,0,1,0,1,0,0,0,4,3,1,572,254,318
29,559,0031,601098,0000,000000,KARNATAKA,Raichur,VILLAGE,Udbal (Umli),Rural,355,1811,908,903,232,128,104,393,191,202,531,266,265,886,553,333,925,355,570,1055,518,537,1041,512,529,61,51,10,867,386,481,0,0,0,113,75,38,14,6,8,0,0,0,9,6,3,0,0,0,5,0,5,12,5,7,0,0,0,8,5,3,0,0,0,4,0,4,2,1,1,0,0,0,1,1,0,0,0,0,1,0,1,756,390,366
29,559,0031,601099,0000,000000,KARNATAKA,Raichur,VILLAGE,Jallihatti,Rural,0,0,0,0,0,0,0,0,0,0,0,0,0,0,0,0,0,0,0,0,0,0,0,0,0,0,0,0,0,0,0,0,0,0,0,0,0,0,0,0,0,0,0,0,0,0,0,0,0,0,0,0,0,0,0,0,0,0,0,0,0,0,0,0,0,0,0,0,0,0,0,0,0,0,0,0,0,0,0,0,0,0,0,0,0
29,559,0031,601100,0000,000000,KARNATAKA,Raichur,VILLAGE,Bhiramgondal (D),Rural,0,0,0,0,0,0,0,0,0,0,0,0,0,0,0,0,0,0,0,0,0,0,0,0,0,0,0,0,0,0,0,0,0,0,0,0,0,0,0,0,0,0,0,0,0,0,0,0,0,0,0,0,0,0,0,0,0,0,0,0,0,0,0,0,0,0,0,0,0,0,0,0,0,0,0,0,0,0,0,0,0,0,0,0,0
29,559,0031,601101,0000,000000,KARNATAKA,Raichur,VILLAGE,Deensamudra,Rural,262,1594,786,808,248,128,120,527,247,280,573,276,297,831,517,314,763,269,494,913,437,476,856,414,442,362,353,9,475,53,422,2,1,1,17,7,10,57,23,34,6,5,1,33,4,29,1,1,0,17,13,4,52,22,30,6,5,1,29,4,25,0,0,0,17,13,4,5,1,4,0,0,0,4,0,4,1,1,0,0,0,0,681,349,332
29,559,0031,601102,0000,000000,KARNATAKA,Raichur,VILLAGE,Hasamakal ,Rural,344,1657,845,812,199,108,91,802,417,385,30,16,14,918,569,349,739,276,463,747,429,318,487,328,159,140,113,27,203,86,117,4,4,0,140,125,15,260,101,159,3,2,1,201,61,140,6,3,3,50,35,15,245,96,149,3,2,1,198,59,139,3,2,1,41,33,8,15,5,10,0,0,0,3,2,1,3,1,2,9,2,7,910,416,494
29,559,0031,601103,0000,000000,KARNATAKA,Raichur,VILLAGE,Gudadur,Rural,283,1434,728,706,189,108,81,262,132,130,31,18,13,906,553,353,528,175,353,805,395,410,593,320,273,159,137,22,232,63,169,135,67,68,67,53,14,212,75,137,4,3,1,22,11,11,126,18,108,60,43,17,159,61,98,3,3,0,20,10,10,86,11,75,50,37,13,53,14,39,1,0,1,2,1,1,40,7,33,10,6,4,629,333,296
29,559,0031,601104,0000,000000,KARNATAKA,Raichur,VILLAGE,Parapura,Rural,109,541,277,264,75,40,35,116,56,60,56,32,24,331,215,116,210,62,148,298,150,148,274,145,129,55,55,0,180,59,121,0,0,0,39,31,8,24,5,19,1,1,0,21,3,18,0,0,0,2,1,1,24,5,19,1,1,0,21,3,18,0,0,0,2,1,1,0,0,0,0,0,0,0,0,0,0,0,0,0,0,0,243,127,116
29,559,0031,601105,0000,000000,KARNATAKA,Raichur,VILLAGE,Merinahal,Rural,141,827,407,420,120,64,56,200,101,99,1,0,1,419,253,166,408,154,254,447,234,213,442,232,210,130,96,34,110,38,72,0,0,0,202,98,104,5,2,3,0,0,0,0,0,0,0,0,0,5,2,3,5,2,3,0,0,0,0,0,0,0,0,0,5,2,3,0,0,0,0,0,0,0,0,0,0,0,0,0,0,0,380,173,207
29,559,0031,601106,0000,000000,KARNATAKA,Raichur,VILLAGE,Nanjaldinni,Rural,179,1034,529,505,149,82,67,483,252,231,272,138,134,630,380,250,404,149,255,521,264,257,367,247,120,50,48,2,305,192,113,0,0,0,12,7,5,154,17,137,2,1,1,151,16,135,0,0,0,1,0,1,154,17,137,2,1,1,151,16,135,0,0,0,1,0,1,0,0,0,0,0,0,0,0,0,0,0,0,0,0,0,513,265,248
29,559,0031,601107,0000,000000,KARNATAKA,Raichur,VILLAGE,Jogaldinni,Rural,0,0,0,0,0,0,0,0,0,0,0,0,0,0,0,0,0,0,0,0,0,0,0,0,0,0,0,0,0,0,0,0,0,0,0,0,0,0,0,0,0,0,0,0,0,0,0,0,0,0,0,0,0,0,0,0,0,0,0,0,0,0,0,0,0,0,0,0,0,0,0,0,0,0,0,0,0,0,0,0,0,0,0,0,0
29,559,0031,601108,0000,000000,KARNATAKA,Raichur,VILLAGE,Hanpanhal,Rural,317,1914,938,976,283,144,139,548,281,267,335,157,178,859,542,317,1055,396,659,1104,548,556,696,399,297,230,191,39,225,63,162,48,12,36,193,133,60,408,149,259,3,1,2,328,115,213,8,4,4,69,29,40,399,144,255,3,1,2,324,114,210,5,1,4,67,28,39,9,5,4,0,0,0,4,1,3,3,3,0,2,1,1,810,390,420
29,559,0031,601109,0000,000000,KARNATAKA,Raichur,VILLAGE,Gudgaldinni,Rural,118,700,346,354,105,49,56,515,255,260,103,54,49,377,236,141,323,110,213,369,190,179,349,181,168,103,84,19,236,91,145,0,0,0,10,6,4,20,9,11,7,4,3,12,4,8,0,0,0,1,1,0,18,9,9,6,4,2,11,4,7,0,0,0,1,1,0,2,0,2,1,0,1,1,0,1,0,0,0,0,0,0,331,156,175
29,559,0031,601110,0000,000000,KARNATAKA,Raichur,VILLAGE,Hanchinhal (U),Rural,461,2216,1121,1095,291,156,135,487,248,239,494,245,249,1191,695,496,1025,426,599,1135,665,470,1099,652,447,397,312,85,572,269,303,2,1,1,128,70,58,36,13,23,3,2,1,24,8,16,0,0,0,9,3,6,35,12,23,3,2,1,24,8,16,0,0,0,8,2,6,1,1,0,0,0,0,0,0,0,0,0,0,1,1,0,1081,456,625
29,559,0031,601111,0000,000000,KARNATAKA,Raichur,VILLAGE,Kanoor,Rural,358,1711,822,889,207,110,97,655,311,344,414,203,211,1174,645,529,537,177,360,997,469,528,935,452,483,240,203,37,678,238,440,4,1,3,13,10,3,62,17,45,7,4,3,41,11,30,0,0,0,14,2,12,58,16,42,6,3,3,41,11,30,0,0,0,11,2,9,4,1,3,1,1,0,0,0,0,0,0,0,3,0,3,714,353,361
29,559,0031,601112,0000,000000,KARNATAKA,Raichur,VILLAGE,Hedigibal,Rural,102,393,194,199,43,20,23,166,83,83,7,4,3,207,120,87,186,74,112,221,137,84,217,136,81,74,63,11,123,63,60,0,0,0,20,10,10,4,1,3,0,0,0,3,1,2,0,0,0,1,0,1,4,1,3,0,0,0,3,1,2,0,0,0,1,0,1,0,0,0,0,0,0,0,0,0,0,0,0,0,0,0,172,57,115
29,559,0031,601113,0000,000000,KARNATAKA,Raichur,VILLAGE,Gonhal,Rural,337,1896,960,936,200,105,95,709,365,344,6,4,2,1117,698,419,779,262,517,963,550,413,953,546,407,245,188,57,673,336,337,9,8,1,26,14,12,10,4,6,2,1,1,6,2,4,0,0,0,2,1,1,9,4,5,2,1,1,5,2,3,0,0,0,2,1,1,1,0,1,0,0,0,1,0,1,0,0,0,0,0,0,933,410,523
29,559,0031,601114,0000,000000,KARNATAKA,Raichur,VILLAGE,Rangapur,Rural,252,1325,681,644,193,103,90,54,33,21,458,236,222,741,466,275,584,215,369,728,373,355,284,229,55,210,175,35,40,28,12,1,1,0,33,25,8,444,144,300,42,16,26,372,109,263,5,3,2,25,16,9,433,141,292,39,16,23,368,109,259,5,3,2,21,13,8,11,3,8,3,0,3,4,0,4,0,0,0,4,3,1,597,308,289
29,559,0031,601115,0000,000000,KARNATAKA,Raichur,VILLAGE,Muddapur,Rural,244,1236,621,615,162,86,76,304,149,155,77,39,38,664,384,280,572,237,335,548,329,219,241,215,26,86,74,12,34,29,5,11,10,1,110,102,8,307,114,193,0,0,0,180,44,136,0,0,0,127,70,57,305,112,193,0,0,0,178,42,136,0,0,0,127,70,57,2,2,0,0,0,0,2,2,0,0,0,0,0,0,0,688,292,396
29,559,0031,601116,0000,000000,KARNATAKA,Raichur,VILLAGE,Kholabal,Rural,460,2433,1188,1245,305,165,140,413,212,201,536,261,275,1250,750,500,1183,438,745,1314,680,634,1267,661,606,519,323,196,676,300,376,35,19,16,37,19,18,47,19,28,17,7,10,12,3,9,2,1,1,16,8,8,45,19,26,16,7,9,12,3,9,2,1,1,15,8,7,2,0,2,1,0,1,0,0,0,0,0,0,1,0,1,1119,508,611
29,559,0031,601117,0000,000000,KARNATAKA,Raichur,VILLAGE,Putkanhal (D),Rural,2,16,5,11,2,1,1,0,0,0,16,5,11,10,3,7,6,2,4,10,3,7,10,3,7,2,2,0,8,1,7,0,0,0,0,0,0,0,0,0,0,0,0,0,0,0,0,0,0,0,0,0,0,0,0,0,0,0,0,0,0,0,0,0,0,0,0,0,0,0,0,0,0,0,0,0,0,0,0,0,0,0,6,2,4
29,559,0031,601118,0000,000000,KARNATAKA,Raichur,VILLAGE,Harapur,Rural,230,1230,613,617,142,75,67,183,101,82,65,31,34,722,441,281,508,172,336,525,285,240,460,260,200,376,216,160,27,9,18,0,0,0,57,35,22,65,25,40,3,0,3,46,16,30,3,1,2,13,8,5,65,25,40,3,0,3,46,16,30,3,1,2,13,8,5,0,0,0,0,0,0,0,0,0,0,0,0,0,0,0,705,328,377
29,559,0031,601119,0000,000000,KARNATAKA,Raichur,VILLAGE,Yelekudalgi,Rural,440,2445,1218,1227,363,174,189,940,475,465,264,135,129,1259,774,485,1186,444,742,1229,721,508,904,526,378,207,204,3,575,252,323,3,2,1,119,68,51,325,195,130,3,2,1,231,123,108,2,2,0,89,68,21,273,157,116,2,1,1,220,119,101,1,1,0,50,36,14,52,38,14,1,1,0,11,4,7,1,1,0,39,32,7,1216,497,719
29,559,0031,601120,0000,000000,KARNATAKA,Raichur,VILLAGE,Chiratanal,Rural,232,1228,620,608,191,95,96,203,101,102,156,82,74,543,336,207,685,284,401,566,361,205,542,344,198,302,227,75,222,103,119,0,0,0,18,14,4,24,17,7,12,9,3,10,7,3,0,0,0,2,1,1,23,16,7,12,9,3,9,6,3,0,0,0,2,1,1,1,1,0,0,0,0,1,1,0,0,0,0,0,0,0,662,259,403
29,559,0031,601121,0000,000000,KARNATAKA,Raichur,VILLAGE,Uppaldoddi - (D),Rural,0,0,0,0,0,0,0,0,0,0,0,0,0,0,0,0,0,0,0,0,0,0,0,0,0,0,0,0,0,0,0,0,0,0,0,0,0,0,0,0,0,0,0,0,0,0,0,0,0,0,0,0,0,0,0,0,0,0,0,0,0,0,0,0,0,0,0,0,0,0,0,0,0,0,0,0,0,0,0,0,0,0,0,0,0
29,559,0031,601122,0000,000000,KARNATAKA,Raichur,VILLAGE,Bommanhal - (Ej),Rural,213,1139,559,580,134,79,55,163,76,87,97,49,48,763,425,338,376,134,242,332,303,29,327,303,24,263,260,3,13,8,5,2,2,0,49,33,16,5,0,5,0,0,0,1,0,1,0,0,0,4,0,4,4,0,4,0,0,0,1,0,1,0,0,0,3,0,3,1,0,1,0,0,0,0,0,0,0,0,0,1,0,1,807,256,551
29,559,0031,601123,0000,000000,KARNATAKA,Raichur,VILLAGE,Devergudi,Rural,618,3278,1639,1639,463,235,228,753,371,382,766,374,392,1785,1038,747,1493,601,892,1636,886,750,936,527,409,331,234,97,474,212,262,10,7,3,121,74,47,700,359,341,17,12,5,485,249,236,38,27,11,160,71,89,526,267,259,16,11,5,469,237,232,11,8,3,30,11,19,174,92,82,1,1,0,16,12,4,27,19,8,130,60,70,1642,753,889
29,559,0031,601124,0000,000000,KARNATAKA,Raichur,VILLAGE,Manganhal - (D),Rural,0,0,0,0,0,0,0,0,0,0,0,0,0,0,0,0,0,0,0,0,0,0,0,0,0,0,0,0,0,0,0,0,0,0,0,0,0,0,0,0,0,0,0,0,0,0,0,0,0,0,0,0,0,0,0,0,0,0,0,0,0,0,0,0,0,0,0,0,0,0,0,0,0,0,0,0,0,0,0,0,0,0,0,0,0
29,559,0031,601125,0000,000000,KARNATAKA,Raichur,VILLAGE,Bassapur - (Ej),Rural,330,1560,780,780,183,105,78,583,291,292,179,87,92,854,525,329,706,255,451,854,428,426,683,396,287,179,122,57,298,147,151,14,6,8,192,121,71,171,32,139,28,13,15,61,11,50,62,2,60,20,6,14,155,30,125,25,11,14,60,11,49,53,2,51,17,6,11,16,2,14,3,2,1,1,0,1,9,0,9,3,0,3,706,352,354
29,559,0031,601126,0000,000000,KARNATAKA,Raichur,VILLAGE,Kunnatgi,Rural,576,3015,1473,1542,447,224,223,884,440,444,508,234,274,1531,882,649,1484,591,893,1643,857,786,1340,780,560,397,314,83,817,372,445,9,5,4,117,89,28,303,77,226,4,3,1,280,63,217,1,0,1,18,11,7,302,76,226,3,2,1,280,63,217,1,0,1,18,11,7,1,1,0,1,1,0,0,0,0,0,0,0,0,0,0,1372,616,756
29,559,0031,601127,0000,000000,KARNATAKA,Raichur,VILLAGE,Pagadadinni,Rural,691,3254,1654,1600,441,240,201,782,399,383,516,247,269,1777,1025,752,1477,629,848,1587,899,688,1418,839,579,577,430,147,675,282,393,20,16,4,146,111,35,169,60,109,2,1,1,95,44,51,33,4,29,39,11,28,101,27,74,2,1,1,39,15,24,28,1,27,32,10,22,68,33,35,0,0,0,56,29,27,5,3,2,7,1,6,1667,755,912
29,559,0031,601128,0000,000000,KARNATAKA,Raichur,VILLAGE,Tippanhatti,Rural,258,1378,695,683,195,106,89,82,42,40,282,143,139,661,383,278,717,312,405,789,385,404,160,138,22,117,114,3,30,19,11,0,0,0,13,5,8,629,247,382,471,219,252,155,25,130,0,0,0,3,3,0,342,177,165,201,153,48,141,24,117,0,0,0,0,0,0,287,70,217,270,66,204,14,1,13,0,0,0,3,3,0,589,310,279
29,559,0031,601129,0000,000000,KARNATAKA,Raichur,VILLAGE,Mullur,Rural,490,2281,1092,1189,257,133,124,337,156,181,93,54,39,1197,705,492,1084,387,697,1116,623,493,758,532,226,143,135,8,437,271,166,12,10,2,166,116,50,358,91,267,9,5,4,285,56,229,18,6,12,46,24,22,347,86,261,9,5,4,277,54,223,17,5,12,44,22,22,11,5,6,0,0,0,8,2,6,1,1,0,2,2,0,1165,469,696
29,559,0031,601130,0000,000000,KARNATAKA,Raichur,VILLAGE,Kallur,Rural,452,2126,1052,1074,272,151,121,526,260,266,69,35,34,1209,680,529,917,372,545,1258,626,632,1135,590,545,539,333,206,524,205,319,4,3,1,68,49,19,123,36,87,68,12,56,46,18,28,2,1,1,7,5,2,96,27,69,49,7,42,40,16,24,2,1,1,5,3,2,27,9,18,19,5,14,6,2,4,0,0,0,2,2,0,868,426,442
29,559,0031,601131,0000,000000,KARNATAKA,Raichur,VILLAGE,Butaldinni,Rural,839,4054,1985,2069,566,285,281,1178,561,617,469,232,237,2180,1257,923,1874,728,1146,2100,1139,961,1048,634,414,517,339,178,328,155,173,20,17,3,183,123,60,1052,505,547,16,8,8,940,435,505,14,9,5,82,53,29,1037,500,537,16,8,8,930,433,497,12,9,3,79,50,29,15,5,10,0,0,0,10,2,8,2,0,2,3,3,0,1954,846,1108
29,559,0031,601132,0000,000000,KARNATAKA,Raichur,VILLAGE,Mallapur,Rural,208,1086,531,555,122,60,62,322,171,151,116,49,67,625,360,265,461,171,290,624,306,318,450,268,182,143,132,11,247,103,144,0,0,0,60,33,27,174,38,136,9,4,5,146,23,123,0,0,0,19,11,8,174,38,136,9,4,5,146,23,123,0,0,0,19,11,8,0,0,0,0,0,0,0,0,0,0,0,0,0,0,0,462,225,237
29,559,0031,601133,0000,000000,KARNATAKA,Raichur,VILLAGE,Hullur,Rural,289,1583,790,793,212,104,108,17,11,6,84,36,48,1112,637,475,471,153,318,841,438,403,807,422,385,288,160,128,454,223,231,13,10,3,52,29,23,34,16,18,7,3,4,18,7,11,2,1,1,7,5,2,23,10,13,4,2,2,12,4,8,2,1,1,5,3,2,11,6,5,3,1,2,6,3,3,0,0,0,2,2,0,742,352,390
29,559,0031,601134,0000,000000,KARNATAKA,Raichur,VILLAGE,Shankerbandi - (D),Rural,3,18,10,8,2,1,1,0,0,0,5,3,2,13,8,5,5,2,3,13,8,5,9,6,3,2,2,0,7,4,3,0,0,0,0,0,0,4,2,2,1,1,0,3,1,2,0,0,0,0,0,0,1,1,0,1,1,0,0,0,0,0,0,0,0,0,0,3,1,2,0,0,0,3,1,2,0,0,0,0,0,0,5,2,3
29,559,0031,601135,0000,000000,KARNATAKA,Raichur,VILLAGE,Balganur,Rural,2209,11449,5731,5718,1520,818,702,2333,1139,1194,826,421,405,6282,3662,2620,5167,2069,3098,5883,3205,2678,4331,2604,1727,1729,1224,505,1431,600,831,111,73,38,1060,707,353,1552,601,951,116,48,68,1033,346,687,11,2,9,392,205,187,1459,576,883,112,45,67,961,327,634,8,2,6,378,202,176,93,25,68,4,3,1,72,19,53,3,0,3,14,3,11,5566,2526,3040
29,559,0031,601136,0000,000000,KARNATAKA,Raichur,VILLAGE,Goudanbhavi,Rural,446,2477,1245,1232,353,190,163,382,182,200,527,270,257,1118,717,401,1359,528,831,1126,636,490,1122,635,487,681,482,199,287,142,145,6,5,1,148,6,142,4,1,3,0,0,0,0,0,0,0,0,0,4,1,3,4,1,3,0,0,0,0,0,0,0,0,0,4,1,3,0,0,0,0,0,0,0,0,0,0,0,0,0,0,0,1351,609,742
29,559,0031,601137,0000,000000,KARNATAKA,Raichur,VILLAGE,Govindnaikandoddi,Rural,3,20,10,10,1,0,1,0,0,0,7,5,2,2,1,1,18,9,9,19,10,9,16,9,7,0,0,0,16,9,7,0,0,0,0,0,0,3,1,2,0,0,0,0,0,0,0,0,0,3,1,2,3,1,2,0,0,0,0,0,0,0,0,0,3,1,2,0,0,0,0,0,0,0,0,0,0,0,0,0,0,0,1,0,1
29,559,0031,601138,0000,000000,KARNATAKA,Raichur,VILLAGE,Belliganur,Rural,158,908,451,457,105,63,42,172,89,83,193,93,100,483,287,196,425,164,261,550,284,266,418,220,198,233,129,104,166,81,85,3,1,2,16,9,7,132,64,68,7,4,3,48,20,28,1,0,1,76,40,36,113,56,57,7,4,3,34,14,20,0,0,0,72,38,34,19,8,11,0,0,0,14,6,8,1,0,1,4,2,2,358,167,191
29,559,0031,601139,0000,000000,KARNATAKA,Raichur,VILLAGE,Buddinni,Rural,424,2076,1050,1026,229,113,116,587,306,281,141,71,70,1236,735,501,840,315,525,1253,617,636,1120,565,555,252,174,78,460,221,239,178,86,92,230,84,146,133,52,81,5,2,3,58,20,38,43,18,25,27,12,15,125,50,75,5,2,3,57,20,37,43,18,25,20,10,10,8,2,6,0,0,0,1,0,1,0,0,0,7,2,5,823,433,390
29,559,0031,601140,0000,000000,KARNATAKA,Raichur,VILLAGE,Jalwadgi,Rural,252,1238,622,616,178,89,89,264,131,133,124,61,63,578,359,219,660,263,397,669,352,317,611,323,288,387,225,162,182,72,110,10,7,3,32,19,13,58,29,29,20,11,9,31,14,17,2,0,2,5,4,1,58,29,29,20,11,9,31,14,17,2,0,2,5,4,1,0,0,0,0,0,0,0,0,0,0,0,0,0,0,0,569,270,299
29,559,0031,601141,0000,000000,KARNATAKA,Raichur,VILLAGE,Konganaikandoddi,Rural,0,0,0,0,0,0,0,0,0,0,0,0,0,0,0,0,0,0,0,0,0,0,0,0,0,0,0,0,0,0,0,0,0,0,0,0,0,0,0,0,0,0,0,0,0,0,0,0,0,0,0,0,0,0,0,0,0,0,0,0,0,0,0,0,0,0,0,0,0,0,0,0,0,0,0,0,0,0,0,0,0,0,0,0,0
29,559,0031,601142,0000,000000,KARNATAKA,Raichur,VILLAGE,Maskihatti,Rural,2,11,5,6,2,1,1,8,3,5,3,2,1,2,1,1,9,4,5,9,4,5,6,3,3,3,2,1,3,1,2,0,0,0,0,0,0,3,1,2,1,1,0,2,0,2,0,0,0,0,0,0,3,1,2,1,1,0,2,0,2,0,0,0,0,0,0,0,0,0,0,0,0,0,0,0,0,0,0,0,0,0,2,1,1
29,559,0031,601143,0000,000000,KARNATAKA,Raichur,VILLAGE,Bendlhatti,Rural,0,0,0,0,0,0,0,0,0,0,0,0,0,0,0,0,0,0,0,0,0,0,0,0,0,0,0,0,0,0,0,0,0,0,0,0,0,0,0,0,0,0,0,0,0,0,0,0,0,0,0,0,0,0,0,0,0,0,0,0,0,0,0,0,0,0,0,0,0,0,0,0,0,0,0,0,0,0,0,0,0,0,0,0,0
29,559,0031,601144,0000,000000,KARNATAKA,Raichur,VILLAGE,Nagonagathi,Rural,0,0,0,0,0,0,0,0,0,0,0,0,0,0,0,0,0,0,0,0,0,0,0,0,0,0,0,0,0,0,0,0,0,0,0,0,0,0,0,0,0,0,0,0,0,0,0,0,0,0,0,0,0,0,0,0,0,0,0,0,0,0,0,0,0,0,0,0,0,0,0,0,0,0,0,0,0,0,0,0,0,0,0,0,0
29,559,0031,601145,0000,000000,KARNATAKA,Raichur,VILLAGE,Jujulapur,Rural,33,146,77,69,15,8,7,20,9,11,27,13,14,73,45,28,73,32,41,94,49,45,77,40,37,22,17,5,48,23,25,1,0,1,6,0,6,17,9,8,0,0,0,9,4,5,2,0,2,6,5,1,13,6,7,0,0,0,8,4,4,2,0,2,3,2,1,4,3,1,0,0,0,1,0,1,0,0,0,3,3,0,52,28,24
29,559,0031,601146,0000,000000,KARNATAKA,Raichur,VILLAGE,Siranguddi,Rural,0,0,0,0,0,0,0,0,0,0,0,0,0,0,0,0,0,0,0,0,0,0,0,0,0,0,0,0,0,0,0,0,0,0,0,0,0,0,0,0,0,0,0,0,0,0,0,0,0,0,0,0,0,0,0,0,0,0,0,0,0,0,0,0,0,0,0,0,0,0,0,0,0,0,0,0,0,0,0,0,0,0,0,0,0
29,559,0031,601147,0000,000000,KARNATAKA,Raichur,VILLAGE,Diddigi,Rural,548,2848,1426,1422,381,205,176,315,159,156,408,200,208,1391,855,536,1457,571,886,1593,831,762,1515,812,703,988,552,436,350,129,221,8,4,4,169,127,42,78,19,59,23,5,18,38,5,33,0,0,0,17,9,8,73,18,55,22,5,17,36,5,31,0,0,0,15,8,7,5,1,4,1,0,1,2,0,2,0,0,0,2,1,1,1255,595,660
29,559,0031,601148,0000,000000,KARNATAKA,Raichur,VILLAGE,Locknaikandoddi,Rural,0,0,0,0,0,0,0,0,0,0,0,0,0,0,0,0,0,0,0,0,0,0,0,0,0,0,0,0,0,0,0,0,0,0,0,0,0,0,0,0,0,0,0,0,0,0,0,0,0,0,0,0,0,0,0,0,0,0,0,0,0,0,0,0,0,0,0,0,0,0,0,0,0,0,0,0,0,0,0,0,0,0,0,0,0
29,559,0031,601149,0000,000000,KARNATAKA,Raichur,VILLAGE,Jangamerhatti (A),Rural,234,1237,603,634,166,90,76,281,132,149,164,79,85,563,336,227,674,267,407,470,293,177,434,274,160,367,233,134,53,31,22,3,2,1,11,8,3,36,19,17,12,10,2,21,8,13,0,0,0,3,1,2,35,19,16,12,10,2,21,8,13,0,0,0,2,1,1,1,0,1,0,0,0,0,0,0,0,0,0,1,0,1,767,310,457
29,559,0031,601150,0000,000000,KARNATAKA,Raichur,VILLAGE,Konganaikandoddi,Rural,0,0,0,0,0,0,0,0,0,0,0,0,0,0,0,0,0,0,0,0,0,0,0,0,0,0,0,0,0,0,0,0,0,0,0,0,0,0,0,0,0,0,0,0,0,0,0,0,0,0,0,0,0,0,0,0,0,0,0,0,0,0,0,0,0,0,0,0,0,0,0,0,0,0,0,0,0,0,0,0,0,0,0,0,0
29,559,0031,601151,0000,000000,KARNATAKA,Raichur,VILLAGE,Sivajawalgera,Rural,46,219,108,111,26,9,17,43,19,24,14,6,8,151,85,66,68,23,45,57,51,6,53,48,5,29,29,0,4,4,0,0,0,0,20,15,5,4,3,1,0,0,0,3,2,1,0,0,0,1,1,0,2,1,1,0,0,0,2,1,1,0,0,0,0,0,0,2,2,0,0,0,0,1,1,0,0,0,0,1,1,0,162,57,105
29,559,0031,601152,0000,000000,KARNATAKA,Raichur,VILLAGE,Jangamarahatti (D),Rural,0,0,0,0,0,0,0,0,0,0,0,0,0,0,0,0,0,0,0,0,0,0,0,0,0,0,0,0,0,0,0,0,0,0,0,0,0,0,0,0,0,0,0,0,0,0,0,0,0,0,0,0,0,0,0,0,0,0,0,0,0,0,0,0,0,0,0,0,0,0,0,0,0,0,0,0,0,0,0,0,0,0,0,0,0
29,559,0031,601153,0000,000000,KARNATAKA,Raichur,VILLAGE,Amarapur Khadehola - (D),Rural,206,953,470,483,122,58,64,27,17,10,74,35,39,501,299,202,452,171,281,586,296,290,390,234,156,113,84,29,252,137,115,1,1,0,24,12,12,196,62,134,14,10,4,175,49,126,0,0,0,7,3,4,190,61,129,14,10,4,171,49,122,0,0,0,5,2,3,6,1,5,0,0,0,4,0,4,0,0,0,2,1,1,367,174,193
29,559,0031,601154,0000,000000,KARNATAKA,Raichur,VILLAGE,Sultanpur,Rural,522,2516,1231,1285,354,166,188,452,221,231,217,110,107,1313,780,533,1203,451,752,1260,675,585,511,328,183,182,158,24,254,118,136,9,6,3,66,46,20,749,347,402,11,6,5,716,327,389,1,1,0,21,13,8,714,337,377,11,6,5,686,319,367,0,0,0,17,12,5,35,10,25,0,0,0,30,8,22,1,1,0,4,1,3,1256,556,700
29,559,0031,601155,0000,000000,KARNATAKA,Raichur,VILLAGE,Jawalgera ,Rural,1563,8318,4073,4245,1153,590,563,1768,880,888,966,463,503,4348,2509,1839,3970,1564,2406,4144,2202,1942,3066,1901,1165,817,637,180,1544,768,776,55,41,14,650,455,195,1078,301,777,86,43,43,894,198,696,8,3,5,90,57,33,1037,284,753,80,41,39,873,189,684,8,3,5,76,51,25,41,17,24,6,2,4,21,9,12,0,0,0,14,6,8,4174,1871,2303
29,559,0031,601156,0000,000000,KARNATAKA,Raichur,VILLAGE,Dibbanakhed,Rural,0,0,0,0,0,0,0,0,0,0,0,0,0,0,0,0,0,0,0,0,0,0,0,0,0,0,0,0,0,0,0,0,0,0,0,0,0,0,0,0,0,0,0,0,0,0,0,0,0,0,0,0,0,0,0,0,0,0,0,0,0,0,0,0,0,0,0,0,0,0,0,0,0,0,0,0,0,0,0,0,0,0,0,0,0
29,559,0031,601157,0000,000000,KARNATAKA,Raichur,VILLAGE,Turakatti - (D),Rural,88,441,214,227,66,31,35,166,82,84,35,13,22,242,141,101,199,73,126,274,136,138,228,129,99,54,50,4,143,57,86,0,0,0,31,22,9,46,7,39,1,0,1,10,3,7,0,0,0,35,4,31,10,3,7,1,0,1,4,1,3,0,0,0,5,2,3,36,4,32,0,0,0,6,2,4,0,0,0,30,2,28,167,78,89
29,559,0031,601158,0000,000000,KARNATAKA,Raichur,VILLAGE,Maldinni Khadehola,Rural,120,563,298,265,51,33,18,99,46,53,50,30,20,403,241,162,160,57,103,293,174,119,291,174,117,13,11,2,228,125,103,0,0,0,50,38,12,2,0,2,0,0,0,2,0,2,0,0,0,0,0,0,1,0,1,0,0,0,1,0,1,0,0,0,0,0,0,1,0,1,0,0,0,1,0,1,0,0,0,0,0,0,270,124,146
29,559,0031,601159,0000,000000,KARNATAKA,Raichur,VILLAGE,Kanakraddi Khadehola,Rural,24,108,53,55,22,12,10,0,0,0,0,0,0,59,34,25,49,19,30,48,27,21,48,27,21,21,16,5,24,9,15,0,0,0,3,2,1,0,0,0,0,0,0,0,0,0,0,0,0,0,0,0,0,0,0,0,0,0,0,0,0,0,0,0,0,0,0,0,0,0,0,0,0,0,0,0,0,0,0,0,0,0,60,26,34
29,559,0031,601160,0000,000000,KARNATAKA,Raichur,VILLAGE,Ramathanhal,Rural,407,2113,1055,1058,289,146,143,511,272,239,739,371,368,1034,643,391,1079,412,667,1142,586,556,1085,567,518,447,276,171,524,203,321,9,9,0,105,79,26,57,19,38,3,2,1,40,13,27,1,1,0,13,3,10,56,18,38,3,2,1,40,13,27,0,0,0,13,3,10,1,1,0,0,0,0,0,0,0,1,1,0,0,0,0,971,469,502
29,559,0031,601161,0000,000000,KARNATAKA,Raichur,VILLAGE,Banniganur,Rural,350,1730,846,884,256,127,129,684,345,339,299,134,165,828,482,346,902,364,538,933,464,469,655,423,232,249,236,13,325,132,193,5,2,3,76,53,23,278,41,237,22,2,20,247,34,213,3,1,2,6,4,2,278,41,237,22,2,20,247,34,213,3,1,2,6,4,2,0,0,0,0,0,0,0,0,0,0,0,0,0,0,0,797,382,415
29,559,0031,601162,0000,000000,KARNATAKA,Raichur,VILLAGE,Yapalparvi,Rural,216,1216,620,596,134,71,63,151,78,73,771,392,379,588,365,223,628,255,373,484,359,125,477,358,119,271,244,27,135,50,85,9,9,0,62,55,7,7,1,6,0,0,0,5,0,5,0,0,0,2,1,1,7,1,6,0,0,0,5,0,5,0,0,0,2,1,1,0,0,0,0,0,0,0,0,0,0,0,0,0,0,0,732,261,471
29,559,0031,601163,0000,000000,KARNATAKA,Raichur,VILLAGE,Walkamdinni,Rural,271,1462,708,754,175,97,78,253,118,135,707,343,364,827,456,371,635,252,383,676,384,292,669,380,289,206,178,28,412,173,239,1,1,0,50,28,22,7,4,3,0,0,0,6,3,3,0,0,0,1,1,0,7,4,3,0,0,0,6,3,3,0,0,0,1,1,0,0,0,0,0,0,0,0,0,0,0,0,0,0,0,0,786,324,462
29,559,0031,601164,0000,000000,KARNATAKA,Raichur,VILLAGE,Timmapur ,Rural,442,2254,1122,1132,313,156,157,237,118,119,1063,499,564,1144,711,433,1110,411,699,1170,640,530,1091,605,486,167,152,15,456,169,287,2,1,1,466,283,183,79,35,44,1,0,1,51,21,30,0,0,0,27,14,13,50,22,28,1,0,1,36,15,21,0,0,0,13,7,6,29,13,16,0,0,0,15,6,9,0,0,0,14,7,7,1084,482,602
29,559,0031,601165,0000,000000,KARNATAKA,Raichur,VILLAGE,Ragalparvi,Rural,481,2404,1143,1261,305,146,159,309,149,160,1304,637,667,1054,629,425,1350,514,836,1442,700,742,1301,674,627,443,424,19,761,182,579,16,10,6,81,58,23,141,26,115,5,1,4,118,14,104,3,3,0,15,8,7,122,21,101,5,1,4,106,12,94,2,2,0,9,6,3,19,5,14,0,0,0,12,2,10,1,1,0,6,2,4,962,443,519
29,559,0031,601166,0000,000000,KARNATAKA,Raichur,VILLAGE,Mandahosur - (D),Rural,0,0,0,0,0,0,0,0,0,0,0,0,0,0,0,0,0,0,0,0,0,0,0,0,0,0,0,0,0,0,0,0,0,0,0,0,0,0,0,0,0,0,0,0,0,0,0,0,0,0,0,0,0,0,0,0,0,0,0,0,0,0,0,0,0,0,0,0,0,0,0,0,0,0,0,0,0,0,0,0,0,0,0,0,0
29,559,0031,601167,0000,000000,KARNATAKA,Raichur,VILLAGE,Puldinni,Rural,333,1799,896,903,274,136,138,75,35,40,990,492,498,720,456,264,1079,440,639,964,504,460,476,421,55,352,329,23,44,25,19,2,2,0,78,65,13,488,83,405,32,14,18,445,65,380,2,0,2,9,4,5,459,67,392,27,10,17,424,55,369,2,0,2,6,2,4,29,16,13,5,4,1,21,10,11,0,0,0,3,2,1,835,392,443
29,559,0031,601168,0000,000000,KARNATAKA,Raichur,VILLAGE,Dumti,Rural,367,1898,943,955,292,153,139,560,273,287,991,492,499,853,540,313,1045,403,642,1018,530,488,955,504,451,706,394,312,180,69,111,5,4,1,64,37,27,63,26,37,15,8,7,16,1,15,8,6,2,24,11,13,52,17,35,11,4,7,15,1,14,5,3,2,21,9,12,11,9,2,4,4,0,1,0,1,3,3,0,3,2,1,880,413,467
29,559,0031,601169,0000,000000,KARNATAKA,Raichur,VILLAGE,Gonwar,Rural,436,2439,1226,1213,352,188,164,302,155,147,1207,596,611,991,663,328,1448,563,885,1622,815,807,1314,660,654,405,283,122,809,310,499,30,18,12,70,49,21,308,155,153,32,20,12,251,120,131,10,5,5,15,10,5,251,128,123,12,9,3,220,108,112,7,3,4,12,8,4,57,27,30,20,11,9,31,12,19,3,2,1,3,2,1,817,411,406
29,559,0031,601170,0000,000000,KARNATAKA,Raichur,VILLAGE,Hulgunchi,Rural,271,1222,598,624,197,109,88,250,127,123,776,369,407,486,294,192,736,304,432,773,365,408,675,339,336,308,169,139,338,149,189,1,1,0,28,20,8,98,26,72,16,2,14,78,24,54,2,0,2,2,0,2,93,25,68,15,2,13,75,23,52,2,0,2,1,0,1,5,1,4,1,0,1,3,1,2,0,0,0,1,0,1,449,233,216
29,559,0031,601171,0000,000000,KARNATAKA,Raichur,VILLAGE,Ayyanur,Rural,323,1731,867,864,277,134,143,342,173,169,577,291,286,655,440,215,1076,427,649,1056,524,532,533,362,171,144,133,11,299,158,141,31,23,8,59,48,11,523,162,361,9,7,2,486,145,341,7,2,5,21,8,13,368,113,255,8,6,2,347,105,242,3,0,3,10,2,8,155,49,106,1,1,0,139,40,99,4,2,2,11,6,5,675,343,332
29,559,0031,601172,0000,000000,KARNATAKA,Raichur,VILLAGE,Chintamandoddi,Rural,116,572,289,283,80,47,33,34,21,13,374,183,191,267,169,98,305,120,185,321,166,155,319,166,153,84,74,10,214,77,137,1,1,0,20,14,6,2,0,2,0,0,0,2,0,2,0,0,0,0,0,0,2,0,2,0,0,0,2,0,2,0,0,0,0,0,0,0,0,0,0,0,0,0,0,0,0,0,0,0,0,0,251,123,128
29,559,0031,601173,0000,000000,KARNATAKA,Raichur,VILLAGE,Chitrali,Rural,106,577,300,277,77,42,35,147,73,74,114,57,57,280,166,114,297,134,163,346,166,180,309,144,165,130,85,45,144,43,101,32,15,17,3,1,2,37,22,15,11,6,5,16,7,9,6,6,0,4,3,1,29,15,14,10,5,5,16,7,9,1,1,0,2,2,0,8,7,1,1,1,0,0,0,0,5,5,0,2,1,1,231,134,97
29,559,0031,601174,0000,000000,KARNATAKA,Raichur,VILLAGE,Pulmeswardinni,Rural,93,434,223,211,83,44,39,65,35,30,38,17,21,191,130,61,243,93,150,243,130,113,221,124,97,37,28,9,149,69,80,0,0,0,35,27,8,22,6,16,5,1,4,12,1,11,0,0,0,5,4,1,17,5,12,3,1,2,10,0,10,0,0,0,4,4,0,5,1,4,2,0,2,2,1,1,0,0,0,1,0,1,191,93,98
29,559,0031,601175,0000,000000,KARNATAKA,Raichur,VILLAGE,Hedginhal,Rural,409,1980,968,1012,334,172,162,464,233,231,418,187,231,913,534,379,1067,434,633,1094,572,522,1061,558,503,222,209,13,753,283,470,13,8,5,73,58,15,33,14,19,1,1,0,23,6,17,2,1,1,7,6,1,19,12,7,1,1,0,10,4,6,2,1,1,6,6,0,14,2,12,0,0,0,13,2,11,0,0,0,1,0,1,886,396,490
29,559,0031,601176,0000,000000,KARNATAKA,Raichur,VILLAGE,Yeddaldoddi,Rural,405,2083,1038,1045,299,150,149,488,247,241,1092,537,555,815,550,265,1268,488,780,1307,684,623,903,563,340,489,343,146,340,161,179,3,2,1,71,57,14,404,121,283,83,34,49,309,81,228,2,1,1,10,5,5,301,82,219,42,10,32,255,70,185,2,1,1,2,1,1,103,39,64,41,24,17,54,11,43,0,0,0,8,4,4,776,354,422
29,559,0031,601177,0000,000000,KARNATAKA,Raichur,VILLAGE,Giniwar,Rural,523,3084,1503,1581,517,253,264,311,153,158,160,73,87,1226,761,465,1858,742,1116,1692,861,831,1357,743,614,267,207,60,958,453,505,55,38,17,77,45,32,335,118,217,5,3,2,292,94,198,28,14,14,10,7,3,310,106,204,2,1,1,279,89,190,21,11,10,8,5,3,25,12,13,3,2,1,13,5,8,7,3,4,2,2,0,1392,642,750
29,559,0031,601178,0000,000000,KARNATAKA,Raichur,VILLAGE,Walbellary,Rural,295,1563,771,792,197,97,100,229,116,113,234,116,118,729,436,293,834,335,499,756,409,347,462,261,201,189,115,74,140,62,78,6,5,1,127,79,48,294,148,146,4,3,1,76,64,12,8,3,5,206,78,128,177,109,68,2,2,0,63,56,7,7,3,4,105,48,57,117,39,78,2,1,1,13,8,5,1,0,1,101,30,71,807,362,445
29,559,0031,601179,0000,000000,KARNATAKA,Raichur,VILLAGE,Udbal (Jagir),Rural,120,769,405,364,112,67,45,178,93,85,0,0,0,324,217,107,445,188,257,411,200,211,409,200,209,260,126,134,143,70,73,0,0,0,6,4,2,2,0,2,0,0,0,0,0,0,0,0,0,2,0,2,2,0,2,0,0,0,0,0,0,0,0,0,2,0,2,0,0,0,0,0,0,0,0,0,0,0,0,0,0,0,358,205,153
29,559,0031,601180,0000,000000,KARNATAKA,Raichur,VILLAGE,Gomarsi,Rural,324,1765,882,883,241,110,131,204,100,104,0,0,0,953,582,371,812,300,512,900,516,384,854,491,363,408,266,142,318,129,189,11,6,5,117,90,27,46,25,21,2,1,1,28,10,18,1,0,1,15,14,1,45,24,21,2,1,1,27,9,18,1,0,1,15,14,1,1,1,0,0,0,0,1,1,0,0,0,0,0,0,0,865,366,499
29,559,0031,601181,0000,000000,KARNATAKA,Raichur,VILLAGE,Madsirwar,Rural,304,1732,863,869,258,128,130,443,210,233,65,35,30,842,519,323,890,344,546,839,514,325,721,494,227,267,253,14,380,179,201,4,4,0,70,58,12,118,20,98,1,1,0,111,18,93,1,0,1,5,1,4,114,20,94,1,1,0,110,18,92,1,0,1,2,1,1,4,0,4,0,0,0,1,0,1,0,0,0,3,0,3,893,349,544
29,559,0031,601182,0000,000000,KARNATAKA,Raichur,VILLAGE,Belgurki,Rural,541,3013,1455,1558,454,207,247,631,288,343,676,320,356,1337,806,531,1676,649,1027,1670,842,828,1582,823,759,238,196,42,1237,546,691,12,5,7,95,76,19,88,19,69,29,1,28,54,14,40,0,0,0,5,4,1,85,18,67,29,1,28,51,13,38,0,0,0,5,4,1,3,1,2,0,0,0,3,1,2,0,0,0,0,0,0,1343,613,730
29,559,0031,601183,0000,000000,KARNATAKA,Raichur,VILLAGE,Kannari,Rural,130,738,349,389,102,45,57,32,15,17,128,57,71,366,215,151,372,134,238,441,212,229,409,200,209,72,68,4,292,98,194,2,2,0,43,32,11,32,12,20,0,0,0,3,2,1,15,1,14,14,9,5,30,10,20,0,0,0,2,1,1,15,1,14,13,8,5,2,2,0,0,0,0,1,1,0,0,0,0,1,1,0,297,137,160
29,559,0031,601184,0000,000000,KARNATAKA,Raichur,VILLAGE,Maldinni,Rural,59,307,152,155,36,14,22,59,29,30,47,27,20,143,82,61,164,70,94,178,95,83,131,72,59,20,16,4,96,48,48,1,0,1,14,8,6,47,23,24,0,0,0,33,16,17,5,2,3,9,5,4,37,19,18,0,0,0,28,14,14,3,1,2,6,4,2,10,4,6,0,0,0,5,2,3,2,1,1,3,1,2,129,57,72
29,559,0031,601185,0000,000000,KARNATAKA,Raichur,VILLAGE,Katerki - (D),Rural,0,0,0,0,0,0,0,0,0,0,0,0,0,0,0,0,0,0,0,0,0,0,0,0,0,0,0,0,0,0,0,0,0,0,0,0,0,0,0,0,0,0,0,0,0,0,0,0,0,0,0,0,0,0,0,0,0,0,0,0,0,0,0,0,0,0,0,0,0,0,0,0,0,0,0,0,0,0,0,0,0,0,0,0,0
29,559,0031,601186,0000,000000,KARNATAKA,Raichur,VILLAGE,Alabanoor,Rural,410,2130,1094,1036,243,133,110,386,200,186,336,167,169,1295,788,507,835,306,529,1238,668,570,1037,636,401,728,510,218,93,40,53,9,9,0,207,77,130,201,32,169,18,7,11,156,7,149,4,1,3,23,17,6,200,32,168,17,7,10,156,7,149,4,1,3,23,17,6,1,0,1,1,0,1,0,0,0,0,0,0,0,0,0,892,426,466
29,559,0031,601187,0000,000000,KARNATAKA,Raichur,VILLAGE,Haretnur,Rural,562,2940,1481,1459,471,238,233,128,65,63,797,380,417,1322,807,515,1618,674,944,1721,869,852,1162,742,420,422,327,95,580,308,272,16,8,8,144,99,45,559,127,432,19,7,12,503,104,399,11,1,10,26,15,11,394,88,306,16,6,10,352,69,283,6,0,6,20,13,7,165,39,126,3,1,2,151,35,116,5,1,4,6,2,4,1219,612,607
29,559,0031,601188,0000,000000,KARNATAKA,Raichur,VILLAGE,Badarli,Rural,285,1508,748,760,228,115,113,157,71,86,658,321,337,670,431,239,838,317,521,825,425,400,819,422,397,234,144,90,496,212,284,6,4,2,83,62,21,6,3,3,1,0,1,0,0,0,0,0,0,5,3,2,4,1,3,1,0,1,0,0,0,0,0,0,3,1,2,2,2,0,0,0,0,0,0,0,0,0,0,2,2,0,683,323,360
29,559,0031,601189,0000,000000,KARNATAKA,Raichur,VILLAGE,Vengalapur - (D),Rural,0,0,0,0,0,0,0,0,0,0,0,0,0,0,0,0,0,0,0,0,0,0,0,0,0,0,0,0,0,0,0,0,0,0,0,0,0,0,0,0,0,0,0,0,0,0,0,0,0,0,0,0,0,0,0,0,0,0,0,0,0,0,0,0,0,0,0,0,0,0,0,0,0,0,0,0,0,0,0,0,0,0,0,0,0
29,559,0031,601190,0000,000000,KARNATAKA,Raichur,VILLAGE,Lingapur - (D),Rural,0,0,0,0,0,0,0,0,0,0,0,0,0,0,0,0,0,0,0,0,0,0,0,0,0,0,0,0,0,0,0,0,0,0,0,0,0,0,0,0,0,0,0,0,0,0,0,0,0,0,0,0,0,0,0,0,0,0,0,0,0,0,0,0,0,0,0,0,0,0,0,0,0,0,0,0,0,0,0,0,0,0,0,0,0
29,559,0031,601191,0000,000000,KARNATAKA,Raichur,VILLAGE,Puldinni,Rural,0,0,0,0,0,0,0,0,0,0,0,0,0,0,0,0,0,0,0,0,0,0,0,0,0,0,0,0,0,0,0,0,0,0,0,0,0,0,0,0,0,0,0,0,0,0,0,0,0,0,0,0,0,0,0,0,0,0,0,0,0,0,0,0,0,0,0,0,0,0,0,0,0,0,0,0,0,0,0,0,0,0,0,0,0
29,559,0031,601192,0000,000000,KARNATAKA,Raichur,VILLAGE,Gonniganoor,Rural,69,367,185,182,41,24,17,1,0,1,225,108,117,150,90,60,217,95,122,209,101,108,208,101,107,198,98,100,5,1,4,0,0,0,5,2,3,1,0,1,1,0,1,0,0,0,0,0,0,0,0,0,1,0,1,1,0,1,0,0,0,0,0,0,0,0,0,0,0,0,0,0,0,0,0,0,0,0,0,0,0,0,158,84,74
29,559,0031,601193,0000,000000,KARNATAKA,Raichur,VILLAGE,Uppal,Rural,447,2469,1254,1215,453,231,222,217,114,103,357,178,179,970,651,319,1499,603,896,1277,690,587,763,561,202,440,382,58,280,140,140,0,0,0,43,39,4,514,129,385,21,6,15,485,117,368,1,1,0,7,5,2,506,127,379,21,6,15,478,115,363,1,1,0,6,5,1,8,2,6,0,0,0,7,2,5,0,0,0,1,0,1,1192,564,628
29,559,0031,601194,0000,000000,KARNATAKA,Raichur,VILLAGE,Hosalapur,Rural,42,234,113,121,38,19,19,0,0,0,24,10,14,103,59,44,131,54,77,96,64,32,94,62,32,56,40,16,16,7,9,1,1,0,21,14,7,2,2,0,1,1,0,0,0,0,0,0,0,1,1,0,2,2,0,1,1,0,0,0,0,0,0,0,1,1,0,0,0,0,0,0,0,0,0,0,0,0,0,0,0,0,138,49,89
29,559,0031,601195,0000,000000,KARNATAKA,Raichur,VILLAGE,Yelragi,Rural,0,0,0,0,0,0,0,0,0,0,0,0,0,0,0,0,0,0,0,0,0,0,0,0,0,0,0,0,0,0,0,0,0,0,0,0,0,0,0,0,0,0,0,0,0,0,0,0,0,0,0,0,0,0,0,0,0,0,0,0,0,0,0,0,0,0,0,0,0,0,0,0,0,0,0,0,0,0,0,0,0,0,0,0,0
29,559,0031,601196,0000,000000,KARNATAKA,Raichur,VILLAGE,Konganhatti,Rural,0,0,0,0,0,0,0,0,0,0,0,0,0,0,0,0,0,0,0,0,0,0,0,0,0,0,0,0,0,0,0,0,0,0,0,0,0,0,0,0,0,0,0,0,0,0,0,0,0,0,0,0,0,0,0,0,0,0,0,0,0,0,0,0,0,0,0,0,0,0,0,0,0,0,0,0,0,0,0,0,0,0,0,0,0
29,559,0031,601197,0000,000000,KARNATAKA,Raichur,VILLAGE,Sindhnur (Rural),Rural,2925,14906,7644,7262,2154,1097,1057,884,451,433,523,271,252,8535,4965,3570,6371,2679,3692,7235,4487,2748,6510,4216,2294,2532,1923,609,2961,1561,1400,72,35,37,945,697,248,725,271,454,42,27,15,434,110,324,24,13,11,225,121,104,645,236,409,36,22,14,385,95,290,8,5,3,216,114,102,80,35,45,6,5,1,49,15,34,16,8,8,9,7,2,7671,3157,4514
29,559,0031,601198,0000,000000,KARNATAKA,Raichur,VILLAGE,Siddapur - (D),Rural,0,0,0,0,0,0,0,0,0,0,0,0,0,0,0,0,0,0,0,0,0,0,0,0,0,0,0,0,0,0,0,0,0,0,0,0,0,0,0,0,0,0,0,0,0,0,0,0,0,0,0,0,0,0,0,0,0,0,0,0,0,0,0,0,0,0,0,0,0,0,0,0,0,0,0,0,0,0,0,0,0,0,0,0,0
29,559,0031,601199,0000,000000,KARNATAKA,Raichur,VILLAGE,Joladarasi,Rural,0,0,0,0,0,0,0,0,0,0,0,0,0,0,0,0,0,0,0,0,0,0,0,0,0,0,0,0,0,0,0,0,0,0,0,0,0,0,0,0,0,0,0,0,0,0,0,0,0,0,0,0,0,0,0,0,0,0,0,0,0,0,0,0,0,0,0,0,0,0,0,0,0,0,0,0,0,0,0,0,0,0,0,0,0
29,559,0031,601200,0000,000000,KARNATAKA,Raichur,VILLAGE,Sashalli,Rural,14,70,40,30,9,7,2,0,0,0,0,0,0,36,21,15,34,19,15,31,22,9,30,21,9,15,14,1,14,6,8,0,0,0,1,1,0,1,1,0,1,1,0,0,0,0,0,0,0,0,0,0,1,1,0,1,1,0,0,0,0,0,0,0,0,0,0,0,0,0,0,0,0,0,0,0,0,0,0,0,0,0,39,18,21
29,559,0031,601201,0000,000000,KARNATAKA,Raichur,VILLAGE,Hosshalli (Ej),Rural,728,3621,1861,1760,430,232,198,941,451,490,137,70,67,2070,1246,824,1551,615,936,1787,991,796,1774,984,790,841,456,385,730,379,351,11,5,6,192,144,48,13,7,6,2,1,1,3,2,1,0,0,0,8,4,4,13,7,6,2,1,1,3,2,1,0,0,0,8,4,4,0,0,0,0,0,0,0,0,0,0,0,0,0,0,0,1834,870,964
29,559,0031,601202,0000,000000,KARNATAKA,Raichur,VILLAGE,Amarapur,Rural,237,1327,638,689,205,99,106,364,179,185,79,37,42,558,313,245,769,325,444,527,338,189,521,333,188,190,137,53,205,96,109,1,1,0,125,99,26,6,5,1,2,1,1,0,0,0,0,0,0,4,4,0,6,5,1,2,1,1,0,0,0,0,0,0,4,4,0,0,0,0,0,0,0,0,0,0,0,0,0,0,0,0,800,300,500
29,559,0031,601203,0000,000000,KARNATAKA,Raichur,VILLAGE,Nandikal - (D),Rural,124,740,381,359,92,50,42,0,0,0,0,0,0,434,256,178,306,125,181,386,202,184,386,202,184,364,187,177,11,7,4,1,1,0,10,7,3,0,0,0,0,0,0,0,0,0,0,0,0,0,0,0,0,0,0,0,0,0,0,0,0,0,0,0,0,0,0,0,0,0,0,0,0,0,0,0,0,0,0,0,0,0,354,179,175
29,559,0031,601204,0000,000000,KARNATAKA,Raichur,VILLAGE,Rangadahalli,Rural,0,0,0,0,0,0,0,0,0,0,0,0,0,0,0,0,0,0,0,0,0,0,0,0,0,0,0,0,0,0,0,0,0,0,0,0,0,0,0,0,0,0,0,0,0,0,0,0,0,0,0,0,0,0,0,0,0,0,0,0,0,0,0,0,0,0,0,0,0,0,0,0,0,0,0,0,0,0,0,0,0,0,0,0,0
29,559,0031,601205,0000,000000,KARNATAKA,Raichur,VILLAGE,Kaggal - (D),Rural,0,0,0,0,0,0,0,0,0,0,0,0,0,0,0,0,0,0,0,0,0,0,0,0,0,0,0,0,0,0,0,0,0,0,0,0,0,0,0,0,0,0,0,0,0,0,0,0,0,0,0,0,0,0,0,0,0,0,0,0,0,0,0,0,0,0,0,0,0,0,0,0,0,0,0,0,0,0,0,0,0,0,0,0,0
29,559,0031,601206,0000,000000,KARNATAKA,Raichur,VILLAGE,Budiwal,Rural,314,1675,818,857,248,117,131,323,149,174,115,58,57,832,498,334,843,320,523,896,430,466,890,428,462,448,233,215,381,162,219,1,1,0,60,32,28,6,2,4,2,0,2,2,2,0,0,0,0,2,0,2,4,1,3,1,0,1,1,1,0,0,0,0,2,0,2,2,1,1,1,0,1,1,1,0,0,0,0,0,0,0,779,388,391
29,559,0031,601207,0000,000000,KARNATAKA,Raichur,VILLAGE,Somlapur,Rural,1192,5649,2833,2816,697,373,324,2117,1075,1042,217,104,113,2934,1643,1291,2715,1190,1525,2430,1625,805,2312,1554,758,711,647,64,1178,634,544,102,22,80,321,251,70,118,71,47,9,5,4,69,39,30,4,2,2,36,25,11,97,58,39,8,5,3,54,30,24,1,0,1,34,23,11,21,13,8,1,0,1,15,9,6,3,2,1,2,2,0,3219,1208,2011
29,559,0031,601208,0000,000000,KARNATAKA,Raichur,VILLAGE,Salgunda,Rural,1268,6937,3471,3466,989,523,466,742,364,378,173,88,85,3038,1744,1294,3899,1727,2172,3558,1972,1586,2354,1437,917,588,463,125,1639,877,762,15,10,5,112,87,25,1204,535,669,354,155,199,795,351,444,5,1,4,50,28,22,1158,520,638,349,152,197,760,342,418,5,1,4,44,25,19,46,15,31,5,3,2,35,9,26,0,0,0,6,3,3,3379,1499,1880
29,559,0031,601209,0000,000000,KARNATAKA,Raichur,VILLAGE,Cincheri,Rural,20,84,39,45,7,3,4,0,0,0,0,0,0,56,26,30,28,13,15,28,23,5,28,23,5,16,16,0,12,7,5,0,0,0,0,0,0,0,0,0,0,0,0,0,0,0,0,0,0,0,0,0,0,0,0,0,0,0,0,0,0,0,0,0,0,0,0,0,0,0,0,0,0,0,0,0,0,0,0,0,0,0,56,16,40
29,559,0031,601210,0000,000000,KARNATAKA,Raichur,VILLAGE,Dhadesugur,Rural,701,3755,1872,1883,589,311,278,226,119,107,121,59,62,1857,1097,760,1898,775,1123,1979,1149,830,1681,1023,658,462,383,79,916,416,500,4,2,2,299,222,77,298,126,172,4,3,1,63,25,38,2,0,2,229,98,131,124,45,79,2,2,0,41,20,21,1,0,1,80,23,57,174,81,93,2,1,1,22,5,17,1,0,1,149,75,74,1776,723,1053
29,559,0031,601211,0000,000000,KARNATAKA,Raichur,VILLAGE,Bassapur (D),Rural,18,78,40,38,12,5,7,6,4,2,0,0,0,47,27,20,31,13,18,36,26,10,33,26,7,25,19,6,1,1,0,0,0,0,7,6,1,3,0,3,0,0,0,0,0,0,0,0,0,3,0,3,3,0,3,0,0,0,0,0,0,0,0,0,3,0,3,0,0,0,0,0,0,0,0,0,0,0,0,0,0,0,42,14,28
29,559,0031,601212,0000,000000,KARNATAKA,Raichur,VILLAGE,Kengal,Rural,295,1743,874,869,275,142,133,424,218,206,18,10,8,759,458,301,984,416,568,819,449,370,815,447,368,548,294,254,222,123,99,6,4,2,39,26,13,4,2,2,1,1,0,1,0,1,0,0,0,2,1,1,4,2,2,1,1,0,1,0,1,0,0,0,2,1,1,0,0,0,0,0,0,0,0,0,0,0,0,0,0,0,924,425,499
29,559,0031,601213,0000,000000,KARNATAKA,Raichur,VILLAGE,Hatti,Rural,222,1233,639,594,162,88,74,73,41,32,202,92,110,600,366,234,633,273,360,632,353,279,434,311,123,119,105,14,193,105,88,12,12,0,110,89,21,198,42,156,116,20,96,49,11,38,7,1,6,26,10,16,198,42,156,116,20,96,49,11,38,7,1,6,26,10,16,0,0,0,0,0,0,0,0,0,0,0,0,0,0,0,601,286,315
29,559,0031,601214,0000,000000,KARNATAKA,Raichur,VILLAGE,Gorebal,Rural,2230,10514,5177,5337,1321,679,642,2620,1283,1337,1103,513,590,6083,3372,2711,4431,1805,2626,4874,3021,1853,4376,2790,1586,1254,972,282,2171,1115,1056,123,90,33,828,613,215,498,231,267,61,18,43,279,120,159,15,8,7,143,85,58,454,210,244,55,17,38,265,111,154,10,6,4,124,76,48,44,21,23,6,1,5,14,9,5,5,2,3,19,9,10,5640,2156,3484
29,559,0031,601215,0000,000000,KARNATAKA,Raichur,VILLAGE,Shanthinagar,Rural,335,1535,763,772,200,101,99,347,165,182,166,83,83,870,454,416,665,309,356,689,414,275,678,412,266,142,122,20,474,239,235,16,13,3,46,38,8,11,2,9,3,0,3,3,1,2,3,1,2,2,0,2,11,2,9,3,0,3,3,1,2,3,1,2,2,0,2,0,0,0,0,0,0,0,0,0,0,0,0,0,0,0,846,349,497
29,559,0031,601216,0000,000000,KARNATAKA,Raichur,VILLAGE,Sasalmari,Rural,993,4893,2467,2426,677,345,332,1660,825,835,348,185,163,2614,1494,1120,2279,973,1306,2560,1390,1170,2347,1283,1064,1001,565,436,897,413,484,26,19,7,423,286,137,213,107,106,27,12,15,146,69,77,18,12,6,22,14,8,201,100,101,25,11,14,143,68,75,17,11,6,16,10,6,12,7,5,2,1,1,3,1,2,1,1,0,6,4,2,2333,1077,1256
29,559,0031,601217,0000,000000,KARNATAKA,Raichur,VILLAGE,Malakapur,Rural,477,2335,1175,1160,293,143,150,305,145,160,256,141,115,1237,746,491,1098,429,669,1164,686,478,1162,685,477,731,489,242,376,151,225,5,5,0,50,40,10,2,1,1,0,0,0,1,1,0,0,0,0,1,0,1,1,0,1,0,0,0,0,0,0,0,0,0,1,0,1,1,1,0,0,0,0,1,1,0,0,0,0,0,0,0,1171,489,682
29,559,0031,601218,0000,000000,KARNATAKA,Raichur,VILLAGE,Konthanur,Rural,24,91,49,42,15,7,8,2,2,0,33,17,16,35,25,10,56,24,32,60,33,27,40,31,9,10,9,1,30,22,8,0,0,0,0,0,0,20,2,18,0,0,0,19,1,18,1,1,0,0,0,0,20,2,18,0,0,0,19,1,18,1,1,0,0,0,0,0,0,0,0,0,0,0,0,0,0,0,0,0,0,0,31,16,15
29,559,0031,601219,0000,000000,KARNATAKA,Raichur,VILLAGE,Channahalli,Rural,783,4100,2019,2081,544,268,276,683,334,349,584,270,314,2209,1260,949,1891,759,1132,1986,1152,834,1832,1087,745,713,451,262,897,480,417,35,19,16,187,137,50,154,65,89,35,11,24,97,42,55,3,2,1,19,10,9,81,33,48,14,5,9,55,21,34,1,1,0,11,6,5,73,32,41,21,6,15,42,21,21,2,1,1,8,4,4,2114,867,1247
29,559,0031,601220,0000,000000,KARNATAKA,Raichur,VILLAGE,Siddrampur,Rural,564,2873,1427,1446,390,208,182,673,333,340,144,68,76,1473,860,613,1400,567,833,1654,809,845,1622,798,824,1379,674,705,204,101,103,1,1,0,38,22,16,32,11,21,4,1,3,5,2,3,2,0,2,21,8,13,30,11,19,3,1,2,4,2,2,2,0,2,21,8,13,2,0,2,1,0,1,1,0,1,0,0,0,0,0,0,1219,618,601
29,559,0031,601221,0000,000000,KARNATAKA,Raichur,VILLAGE,Mavinmadu,Rural,208,1165,567,598,169,82,87,264,118,146,71,34,37,486,298,188,679,269,410,666,349,317,654,342,312,318,237,81,281,61,220,1,1,0,54,43,11,12,7,5,3,2,1,6,2,4,0,0,0,3,3,0,12,7,5,3,2,1,6,2,4,0,0,0,3,3,0,0,0,0,0,0,0,0,0,0,0,0,0,0,0,0,499,218,281
29,559,0031,601222,0000,000000,KARNATAKA,Raichur,VILLAGE,Roudkunda,Rural,1723,8260,4078,4182,1033,525,508,1386,677,709,344,175,169,4729,2680,2049,3531,1398,2133,3740,2228,1512,3255,2098,1157,1091,916,175,1636,773,863,22,20,2,506,389,117,485,130,355,57,22,35,320,46,274,7,2,5,101,60,41,454,107,347,56,21,35,310,40,270,5,0,5,83,46,37,31,23,8,1,1,0,10,6,4,2,2,0,18,14,4,4520,1850,2670
29,559,0031,601223,0000,000000,KARNATAKA,Raichur,VILLAGE,Simth Mavina Madu,Rural,0,0,0,0,0,0,0,0,0,0,0,0,0,0,0,0,0,0,0,0,0,0,0,0,0,0,0,0,0,0,0,0,0,0,0,0,0,0,0,0,0,0,0,0,0,0,0,0,0,0,0,0,0,0,0,0,0,0,0,0,0,0,0,0,0,0,0,0,0,0,0,0,0,0,0,0,0,0,0,0,0,0,0,0,0
29,559,0031,601224,0000,000000,KARNATAKA,Raichur,VILLAGE,Gobberkal,Rural,318,1699,821,878,219,121,98,250,120,130,530,262,268,861,484,377,838,337,501,905,449,456,611,406,205,264,253,11,239,74,165,1,1,0,107,78,29,294,43,251,3,0,3,234,25,209,4,1,3,53,17,36,274,36,238,3,0,3,230,23,207,3,0,3,38,13,25,20,7,13,0,0,0,4,2,2,1,1,0,15,4,11,794,372,422
29,559,0031,601225,0000,000000,KARNATAKA,Raichur,VILLAGE,Huda,Rural,490,2548,1278,1270,338,174,164,324,161,163,243,123,120,1353,821,532,1195,457,738,1325,740,585,1151,677,474,468,302,166,581,294,287,17,12,5,85,69,16,174,63,111,25,10,15,85,8,77,50,34,16,14,11,3,132,32,100,25,10,15,83,7,76,20,13,7,4,2,2,42,31,11,0,0,0,2,1,1,30,21,9,10,9,1,1223,538,685
29,559,0031,601226,0000,000000,KARNATAKA,Raichur,VILLAGE,Mukunda,Rural,738,3833,1916,1917,514,253,261,843,424,419,106,46,60,1861,1130,731,1972,786,1186,2112,1159,953,1836,1065,771,592,461,131,1073,459,614,48,40,8,123,105,18,276,94,182,22,11,11,195,50,145,29,13,16,30,20,10,255,82,173,19,9,10,187,47,140,26,12,14,23,14,9,21,12,9,3,2,1,8,3,5,3,1,2,7,6,1,1721,757,964
29,559,0031,601227,0000,000000,KARNATAKA,Raichur,VILLAGE,Kurtkota (D),Rural,0,0,0,0,0,0,0,0,0,0,0,0,0,0,0,0,0,0,0,0,0,0,0,0,0,0,0,0,0,0,0,0,0,0,0,0,0,0,0,0,0,0,0,0,0,0,0,0,0,0,0,0,0,0,0,0,0,0,0,0,0,0,0,0,0,0,0,0,0,0,0,0,0,0,0,0,0,0,0,0,0,0,0,0,0
29,559,0031,601228,0000,000000,KARNATAKA,Raichur,VILLAGE,Arlihalli(Simth Mukunda),Rural,0,0,0,0,0,0,0,0,0,0,0,0,0,0,0,0,0,0,0,0,0,0,0,0,0,0,0,0,0,0,0,0,0,0,0,0,0,0,0,0,0,0,0,0,0,0,0,0,0,0,0,0,0,0,0,0,0,0,0,0,0,0,0,0,0,0,0,0,0,0,0,0,0,0,0,0,0,0,0,0,0,0,0,0,0
29,559,0031,601229,0000,000000,KARNATAKA,Raichur,VILLAGE,Singapur,Rural,488,2560,1306,1254,407,208,199,363,186,177,168,92,76,1149,728,421,1411,578,833,1425,760,665,1405,750,655,780,520,260,553,179,374,2,2,0,70,49,21,20,10,10,8,4,4,10,5,5,0,0,0,2,1,1,20,10,10,8,4,4,10,5,5,0,0,0,2,1,1,0,0,0,0,0,0,0,0,0,0,0,0,0,0,0,1135,546,589
