State/UTs_Code,District_Code,CD Block_Code,Town/Village_Code,Ward_Code,EB_Code,State/UTs_Name,District_Name,Level,Name,Total/Rural/Urban,No of Households,Total Population Person,Total Population Male,Total Population Female,Population in the age group 0-6 Person,Population in the age group 0-6 Male,Population in the age group 0-6 Female,Scheduled Castes population Person,Scheduled Castes population Male,Scheduled Castes population Female,Scheduled Tribes population Person,Scheduled Tribes population Male,Scheduled Tribes population Female,Literates Population Person,Literates Population Male,Literates Population Female,Illiterate Persons,Illiterate Male,Illiterate Female,Total Worker Population Person,Total Worker Population Male,Total Worker Population Female,Main Working Population Person,Main Working Population Male,Main Working Population Female,Main Cultivator Population Person,Main Cultivator Population Male,Main Cultivator Population Female,Main Agricultural Labourers Population Person,Main Agricultural Labourers Population Male,Main Agricultural Labourers Population Female,Main Household Industries Population Person,Main Household Industries Population Male,Main Household Industries Population Female,Main Other Workers Population Person,Main Other Workers Population Male,Main Other Workers Population Female,Marginal Worker Population Person,Marginal Worker Population Male,Marginal Worker Population Female,Marginal Cultivator Population Person,Marginal Cultivator Population Male,Marginal Cultivator Population Female,Marginal Agriculture Labourers Population Person,Marginal Agriculture Labourers Population Male,Marginal Agriculture Labourers Population Female,Marginal Household Industries Population Person,Marginal Household Industries Population Male,Marginal Household Industries Population Female,Marginal Other Workers Population Person,Marginal Other Workers Population Male,Marginal Other Workers Population Female,Marginal Worker Population 3_6 Person,Marginal Worker Population 3_6 Male,Marginal Worker Population 3_6 Female,Marginal Cultivator Population 3_6 Person,Marginal Cultivator Population 3_6 Male,Marginal Cultivator Population 3_6 Female,Marginal Agriculture Labourers Population 3_6 Person,Marginal Agriculture Labourers Population 3_6 Male,Marginal Agriculture Labourers Population 3_6 Female,Marginal Household Industries Population 3_6 Person,Marginal Household Industries Population 3_6 Male,Marginal Household Industries Population 3-6 Female,Marginal Other Workers Population Person 3_6 Person,Marginal Other Workers Population Person 3_6 Male,Marginal Other Workers Population Person 3_6 Female,Marginal Worker Population 0_3 Person,Marginal Worker Population 0_3 Male,Marginal Worker Population 0_3_Female,Marginal Cultivator Population 0_3 Person,Marginal Cultivator Population 0_3 Male,Marginal Cultivator Population 0_3_Female,Marginal Agriculture Labourers Population 0_3 Person,Marginal Agriculture Labourers Population 0_3 Male,Marginal Agriculture Labourers Population 0_3 Female,Marginal Household Industries Population 0_3 Person,Marginal Household Industries Population 0_3 Male,Marginal Household Industries Population 0_3 Female,Marginal Other Workers Population 0_3 Person,Marginal Other Workers Population 0_3 Male,Marginal Other Workers Population 0_3 Female,Non Working Population Person,Non Working Population Male,Non Working Population Female
29,573,0114,000000,0000,000000,KARNATAKA,Mandya,CD BLOCK,Krishnarajpet ,Total,54766,234533,117259,117274,22071,11252,10819,29691,14803,14888,5620,2859,2761,146011,83300,62711,88522,33959,54563,120060,77200,42860,94585,70452,24133,67731,53716,14015,13729,7229,6500,1302,906,396,11823,8601,3222,25475,6748,18727,8144,2169,5975,11321,2454,8867,900,279,621,5110,1846,3264,22556,5698,16858,6897,1844,5053,10655,2190,8465,724,215,509,4280,1449,2831,2919,1050,1869,1247,325,922,666,264,402,176,64,112,830,397,433,114473,40059,74414
29,573,0114,000000,0000,000000,KARNATAKA,Mandya,CD BLOCK,Krishnarajpet ,Rural,54766,234533,117259,117274,22071,11252,10819,29691,14803,14888,5620,2859,2761,146011,83300,62711,88522,33959,54563,120060,77200,42860,94585,70452,24133,67731,53716,14015,13729,7229,6500,1302,906,396,11823,8601,3222,25475,6748,18727,8144,2169,5975,11321,2454,8867,900,279,621,5110,1846,3264,22556,5698,16858,6897,1844,5053,10655,2190,8465,724,215,509,4280,1449,2831,2919,1050,1869,1247,325,922,666,264,402,176,64,112,830,397,433,114473,40059,74414
29,573,0114,000000,0000,000000,KARNATAKA,Mandya,CD BLOCK,Krishnarajpet ,Urban,0,0,0,0,0,0,0,0,0,0,0,0,0,0,0,0,0,0,0,0,0,0,0,0,0,0,0,0,0,0,0,0,0,0,0,0,0,0,0,0,0,0,0,0,0,0,0,0,0,0,0,0,0,0,0,0,0,0,0,0,0,0,0,0,0,0,0,0,0,0,0,0,0,0,0,0,0,0,0,0,0,0,0,0,0
29,573,0114,613361,0000,000000,KARNATAKA,Mandya,VILLAGE,Gondihalli,Rural,217,925,454,471,95,48,47,100,54,46,0,0,0,553,313,240,372,141,231,537,299,238,338,259,79,271,213,58,25,13,12,2,0,2,40,33,7,199,40,159,187,35,152,9,4,5,0,0,0,3,1,2,160,32,128,149,27,122,9,4,5,0,0,0,2,1,1,39,8,31,38,8,30,0,0,0,0,0,0,1,0,1,388,155,233
29,573,0114,613362,0000,000000,KARNATAKA,Mandya,VILLAGE,Madapuranala,Rural,18,62,31,31,4,3,1,49,24,25,0,0,0,38,20,18,24,11,13,36,19,17,27,15,12,26,14,12,0,0,0,0,0,0,1,1,0,9,4,5,0,0,0,9,4,5,0,0,0,0,0,0,9,4,5,0,0,0,9,4,5,0,0,0,0,0,0,0,0,0,0,0,0,0,0,0,0,0,0,0,0,0,26,12,14
29,573,0114,613363,0000,000000,KARNATAKA,Mandya,VILLAGE,Madapura,Rural,413,1509,732,777,129,59,70,61,26,35,139,69,70,1024,578,446,485,154,331,945,529,416,858,510,348,709,432,277,50,14,36,9,7,2,90,57,33,87,19,68,21,6,15,28,3,25,6,2,4,32,8,24,84,18,66,21,6,15,28,3,25,3,1,2,32,8,24,3,1,2,0,0,0,0,0,0,3,1,2,0,0,0,564,203,361
29,573,0114,613364,0000,000000,KARNATAKA,Mandya,VILLAGE,Halemadapura,Rural,83,356,173,183,34,14,20,9,5,4,0,0,0,238,137,101,118,36,82,220,117,103,217,116,101,213,115,98,0,0,0,1,0,1,3,1,2,3,1,2,1,0,1,1,0,1,1,1,0,0,0,0,1,0,1,0,0,0,1,0,1,0,0,0,0,0,0,2,1,1,1,0,1,0,0,0,1,1,0,0,0,0,136,56,80
29,573,0114,613365,0000,000000,KARNATAKA,Mandya,VILLAGE,Ganadahalli,Rural,54,277,145,132,33,16,17,21,11,10,0,0,0,160,103,57,117,42,75,109,95,14,87,83,4,81,79,2,4,3,1,0,0,0,2,1,1,22,12,10,0,0,0,20,10,10,0,0,0,2,2,0,21,12,9,0,0,0,19,10,9,0,0,0,2,2,0,1,0,1,0,0,0,1,0,1,0,0,0,0,0,0,168,50,118
29,573,0114,613366,0000,000000,KARNATAKA,Mandya,VILLAGE,Gudehosahalli,Rural,239,1059,541,518,104,65,39,66,30,36,0,0,0,685,398,287,374,143,231,380,358,22,364,347,17,286,283,3,28,21,7,0,0,0,50,43,7,16,11,5,2,1,1,8,4,4,1,1,0,5,5,0,13,8,5,2,1,1,7,3,4,1,1,0,3,3,0,3,3,0,0,0,0,1,1,0,0,0,0,2,2,0,679,183,496
29,573,0114,613367,0000,000000,KARNATAKA,Mandya,VILLAGE,Kadahemmige,Rural,246,1126,566,560,102,53,49,33,18,15,1,0,1,718,430,288,408,136,272,320,304,16,295,279,16,269,258,11,3,3,0,2,2,0,21,16,5,25,25,0,9,9,0,3,3,0,1,1,0,12,12,0,25,25,0,9,9,0,3,3,0,1,1,0,12,12,0,0,0,0,0,0,0,0,0,0,0,0,0,0,0,0,806,262,544
29,573,0114,613368,0000,000000,KARNATAKA,Mandya,VILLAGE,Bolamaranahalli,Rural,216,912,447,465,78,40,38,61,27,34,4,1,3,670,364,306,242,83,159,285,264,21,246,234,12,176,172,4,9,9,0,0,0,0,61,53,8,39,30,9,6,6,0,2,2,0,1,1,0,30,21,9,34,28,6,5,5,0,1,1,0,1,1,0,27,21,6,5,2,3,1,1,0,1,1,0,0,0,0,3,0,3,627,183,444
29,573,0114,613369,0000,000000,KARNATAKA,Mandya,VILLAGE,Anegola,Rural,288,1164,574,590,87,43,44,6,4,2,45,21,24,848,451,397,316,123,193,540,362,178,518,355,163,275,191,84,72,33,39,6,5,1,165,126,39,22,7,15,4,1,3,5,0,5,0,0,0,13,6,7,18,4,14,4,1,3,4,0,4,0,0,0,10,3,7,4,3,1,0,0,0,1,0,1,0,0,0,3,3,0,624,212,412
29,573,0114,613370,0000,000000,KARNATAKA,Mandya,VILLAGE,Doddatharahalli,Rural,370,1571,777,794,114,54,60,79,42,37,0,0,0,1049,615,434,522,162,360,648,558,90,592,549,43,486,470,16,17,3,14,3,3,0,86,73,13,56,9,47,17,2,15,26,1,25,0,0,0,13,6,7,25,4,21,9,1,8,10,1,9,0,0,0,6,2,4,31,5,26,8,1,7,16,0,16,0,0,0,7,4,3,923,219,704
29,573,0114,613371,0000,000000,KARNATAKA,Mandya,VILLAGE,Chikkatharahalli,Rural,191,888,443,445,73,36,37,175,91,84,0,0,0,603,350,253,285,93,192,508,289,219,237,229,8,190,185,5,2,1,1,6,6,0,39,37,2,271,60,211,13,12,1,9,6,3,5,1,4,244,41,203,270,59,211,13,12,1,8,5,3,5,1,4,244,41,203,1,1,0,0,0,0,1,1,0,0,0,0,0,0,0,380,154,226
29,573,0114,613372,0000,000000,KARNATAKA,Mandya,VILLAGE,Anchebeeranahalli,Rural,267,1134,554,580,90,49,41,151,82,69,1,0,1,703,399,304,431,155,276,729,378,351,610,335,275,495,264,231,96,56,40,4,2,2,15,13,2,119,43,76,40,13,27,59,25,34,9,2,7,11,3,8,107,40,67,35,11,24,56,25,31,9,2,7,7,2,5,12,3,9,5,2,3,3,0,3,0,0,0,4,1,3,405,176,229
29,573,0114,613373,0000,000000,KARNATAKA,Mandya,VILLAGE,Mandalekanahalli,Rural,124,515,271,244,40,17,23,300,150,150,0,0,0,292,190,102,223,81,142,342,174,168,295,151,144,234,123,111,20,8,12,31,15,16,10,5,5,47,23,24,20,16,4,18,2,16,3,1,2,6,4,2,47,23,24,20,16,4,18,2,16,3,1,2,6,4,2,0,0,0,0,0,0,0,0,0,0,0,0,0,0,0,173,97,76
29,573,0114,613374,0000,000000,KARNATAKA,Mandya,VILLAGE,Ooginahalli,Rural,188,821,423,398,77,39,38,6,4,2,66,34,32,498,304,194,323,119,204,520,285,235,507,279,228,265,151,114,21,8,13,9,4,5,212,116,96,13,6,7,5,3,2,2,0,2,0,0,0,6,3,3,13,6,7,5,3,2,2,0,2,0,0,0,6,3,3,0,0,0,0,0,0,0,0,0,0,0,0,0,0,0,301,138,163
29,573,0114,613375,0000,000000,KARNATAKA,Mandya,VILLAGE,Echaluguddekaval,Rural,19,97,50,47,16,8,8,0,0,0,0,0,0,56,32,24,41,18,23,48,31,17,48,31,17,45,28,17,0,0,0,0,0,0,3,3,0,0,0,0,0,0,0,0,0,0,0,0,0,0,0,0,0,0,0,0,0,0,0,0,0,0,0,0,0,0,0,0,0,0,0,0,0,0,0,0,0,0,0,0,0,0,49,19,30
29,573,0114,613376,0000,000000,KARNATAKA,Mandya,VILLAGE,Chinnenahalli,Rural,165,736,365,371,71,41,30,23,8,15,0,0,0,457,257,200,279,108,171,456,266,190,430,266,164,376,231,145,18,5,13,0,0,0,36,30,6,26,0,26,22,0,22,0,0,0,0,0,0,4,0,4,15,0,15,14,0,14,0,0,0,0,0,0,1,0,1,11,0,11,8,0,8,0,0,0,0,0,0,3,0,3,280,99,181
29,573,0114,613377,0000,000000,KARNATAKA,Mandya,VILLAGE,Kotahalli,Rural,162,686,347,339,38,22,16,89,41,48,2,1,1,456,267,189,230,80,150,520,259,261,499,250,249,482,241,241,0,0,0,7,5,2,10,4,6,21,9,12,4,1,3,0,0,0,0,0,0,17,8,9,21,9,12,4,1,3,0,0,0,0,0,0,17,8,9,0,0,0,0,0,0,0,0,0,0,0,0,0,0,0,166,88,78
29,573,0114,613378,0000,000000,KARNATAKA,Mandya,VILLAGE,Dananahalli,Rural,68,312,155,157,37,20,17,14,8,6,0,0,0,158,95,63,154,60,94,96,91,5,96,91,5,62,61,1,32,30,2,0,0,0,2,0,2,0,0,0,0,0,0,0,0,0,0,0,0,0,0,0,0,0,0,0,0,0,0,0,0,0,0,0,0,0,0,0,0,0,0,0,0,0,0,0,0,0,0,0,0,0,216,64,152
29,573,0114,613379,0000,000000,KARNATAKA,Mandya,VILLAGE,Bidaranalli,Rural,69,345,174,171,35,14,21,6,3,3,0,0,0,183,109,74,162,65,97,112,102,10,110,101,9,71,68,3,22,16,6,1,1,0,16,16,0,2,1,1,0,0,0,0,0,0,0,0,0,2,1,1,1,0,1,0,0,0,0,0,0,0,0,0,1,0,1,1,1,0,0,0,0,0,0,0,0,0,0,1,1,0,233,72,161
29,573,0114,613380,0000,000000,KARNATAKA,Mandya,VILLAGE,Margonahalli,Rural,220,1112,559,553,127,67,60,150,72,78,0,0,0,642,372,270,470,187,283,396,364,32,390,358,32,253,238,15,96,83,13,1,1,0,40,36,4,6,6,0,3,3,0,2,2,0,0,0,0,1,1,0,6,6,0,3,3,0,2,2,0,0,0,0,1,1,0,0,0,0,0,0,0,0,0,0,0,0,0,0,0,0,716,195,521
29,573,0114,613381,0000,000000,KARNATAKA,Mandya,VILLAGE,Govindanahalli,Rural,513,2227,1090,1137,214,95,119,39,20,19,15,7,8,1374,749,625,853,341,512,922,713,209,818,701,117,616,578,38,126,61,65,1,1,0,75,61,14,104,12,92,93,7,86,8,3,5,2,1,1,1,1,0,101,11,90,92,7,85,7,3,4,1,0,1,1,1,0,3,1,2,1,0,1,1,0,1,1,1,0,0,0,0,1305,377,928
29,573,0114,613382,0000,000000,KARNATAKA,Mandya,VILLAGE,Uddinamallanahosur,Rural,113,520,251,269,68,29,39,3,1,2,0,0,0,277,149,128,243,102,141,324,172,152,300,160,140,185,135,50,6,0,6,4,2,2,105,23,82,24,12,12,5,3,2,0,0,0,0,0,0,19,9,10,24,12,12,5,3,2,0,0,0,0,0,0,19,9,10,0,0,0,0,0,0,0,0,0,0,0,0,0,0,0,196,79,117
29,573,0114,613383,0000,000000,KARNATAKA,Mandya,VILLAGE,Tholasi,Rural,231,965,491,474,106,52,54,155,87,68,4,1,3,506,319,187,459,172,287,506,322,184,325,309,16,311,297,14,7,5,2,1,1,0,6,6,0,181,13,168,7,4,3,160,3,157,0,0,0,14,6,8,181,13,168,7,4,3,160,3,157,0,0,0,14,6,8,0,0,0,0,0,0,0,0,0,0,0,0,0,0,0,459,169,290
29,573,0114,613384,0000,000000,KARNATAKA,Mandya,VILLAGE,Ikanahalli,Rural,399,1509,728,781,104,49,55,64,28,36,0,0,0,924,530,394,585,198,387,473,447,26,470,445,25,430,410,20,4,3,1,15,15,0,21,17,4,3,2,1,3,2,1,0,0,0,0,0,0,0,0,0,3,2,1,3,2,1,0,0,0,0,0,0,0,0,0,0,0,0,0,0,0,0,0,0,0,0,0,0,0,0,1036,281,755
29,573,0114,613385,0000,000000,KARNATAKA,Mandya,VILLAGE,Sasalu,Rural,285,1310,653,657,135,60,75,101,50,51,22,8,14,886,508,378,424,145,279,568,482,86,421,398,23,332,317,15,7,5,2,27,26,1,55,50,5,147,84,63,12,9,3,22,13,9,0,0,0,113,62,51,147,84,63,12,9,3,22,13,9,0,0,0,113,62,51,0,0,0,0,0,0,0,0,0,0,0,0,0,0,0,742,171,571
29,573,0114,613386,0000,000000,KARNATAKA,Mandya,VILLAGE,Yeladahalli,Rural,247,1067,535,532,84,37,47,233,111,122,0,0,0,554,311,243,513,224,289,659,327,332,507,252,255,455,227,228,20,12,8,14,6,8,18,7,11,152,75,77,31,22,9,0,0,0,1,0,1,120,53,67,152,75,77,31,22,9,0,0,0,1,0,1,120,53,67,0,0,0,0,0,0,0,0,0,0,0,0,0,0,0,408,208,200
29,573,0114,613387,0000,000000,KARNATAKA,Mandya,VILLAGE,Devarahalli,Rural,115,527,263,264,38,15,23,0,0,0,0,0,0,380,219,161,147,44,103,310,160,150,302,153,149,284,140,144,6,3,3,2,2,0,10,8,2,8,7,1,3,2,1,0,0,0,0,0,0,5,5,0,8,7,1,3,2,1,0,0,0,0,0,0,5,5,0,0,0,0,0,0,0,0,0,0,0,0,0,0,0,0,217,103,114
29,573,0114,613388,0000,000000,KARNATAKA,Mandya,VILLAGE,Bhadranakoppalu,Rural,73,348,175,173,30,14,16,27,13,14,0,0,0,198,118,80,150,57,93,121,112,9,121,112,9,89,83,6,25,23,2,0,0,0,7,6,1,0,0,0,0,0,0,0,0,0,0,0,0,0,0,0,0,0,0,0,0,0,0,0,0,0,0,0,0,0,0,0,0,0,0,0,0,0,0,0,0,0,0,0,0,0,227,63,164
29,573,0114,613389,0000,000000,KARNATAKA,Mandya,VILLAGE,Ankanahalli,Rural,132,617,311,306,53,23,30,6,3,3,0,0,0,425,246,179,192,65,127,198,191,7,183,177,6,113,113,0,46,46,0,0,0,0,24,18,6,15,14,1,3,3,0,8,8,0,0,0,0,4,3,1,14,13,1,3,3,0,8,8,0,0,0,0,3,2,1,1,1,0,0,0,0,0,0,0,0,0,0,1,1,0,419,120,299
29,573,0114,613390,0000,000000,KARNATAKA,Mandya,VILLAGE,Vaddarahalli,Rural,69,262,130,132,28,13,15,45,21,24,0,0,0,181,102,79,81,28,53,85,82,3,74,72,2,64,62,2,5,5,0,2,2,0,3,3,0,11,10,1,9,8,1,0,0,0,0,0,0,2,2,0,11,10,1,9,8,1,0,0,0,0,0,0,2,2,0,0,0,0,0,0,0,0,0,0,0,0,0,0,0,0,177,48,129
29,573,0114,613391,0000,000000,KARNATAKA,Mandya,VILLAGE,Basavanahalli,Rural,118,535,254,281,70,36,34,149,74,75,0,0,0,337,171,166,198,83,115,143,137,6,143,137,6,130,125,5,2,2,0,4,4,0,7,6,1,0,0,0,0,0,0,0,0,0,0,0,0,0,0,0,0,0,0,0,0,0,0,0,0,0,0,0,0,0,0,0,0,0,0,0,0,0,0,0,0,0,0,0,0,0,392,117,275
29,573,0114,613392,0000,000000,KARNATAKA,Mandya,VILLAGE,Laxmipura,Rural,374,1707,873,834,154,81,73,2,1,1,0,0,0,887,535,352,820,338,482,1010,622,388,252,218,34,195,176,19,36,26,10,0,0,0,21,16,5,758,404,354,12,8,4,710,374,336,7,5,2,29,17,12,755,403,352,12,8,4,710,374,336,6,4,2,27,17,10,3,1,2,0,0,0,0,0,0,1,1,0,2,0,2,697,251,446
29,573,0114,613393,0000,000000,KARNATAKA,Mandya,VILLAGE,Mariyanahosur,Rural,27,113,56,57,13,6,7,0,0,0,0,0,0,60,36,24,53,20,33,36,32,4,34,32,2,30,30,0,2,1,1,0,0,0,2,1,1,2,0,2,0,0,0,2,0,2,0,0,0,0,0,0,2,0,2,0,0,0,2,0,2,0,0,0,0,0,0,0,0,0,0,0,0,0,0,0,0,0,0,0,0,0,77,24,53
29,573,0114,613394,0000,000000,KARNATAKA,Mandya,VILLAGE,Thenginaghatta,Rural,238,1114,576,538,144,72,72,129,67,62,0,0,0,579,362,217,535,214,321,510,344,166,321,278,43,250,238,12,38,19,19,0,0,0,33,21,12,189,66,123,66,19,47,117,43,74,0,0,0,6,4,2,189,66,123,66,19,47,117,43,74,0,0,0,6,4,2,0,0,0,0,0,0,0,0,0,0,0,0,0,0,0,604,232,372
29,573,0114,613395,0000,000000,KARNATAKA,Mandya,VILLAGE,Dabbeghatta,Rural,134,621,314,307,58,34,24,0,0,0,6,4,2,425,240,185,196,74,122,250,220,30,248,218,30,138,126,12,67,57,10,0,0,0,43,35,8,2,2,0,0,0,0,2,2,0,0,0,0,0,0,0,2,2,0,0,0,0,2,2,0,0,0,0,0,0,0,0,0,0,0,0,0,0,0,0,0,0,0,0,0,0,371,94,277
29,573,0114,613396,0000,000000,KARNATAKA,Mandya,VILLAGE,Chujjalakyathanahalli,Rural,89,358,188,170,22,11,11,14,6,8,0,0,0,233,142,91,125,46,79,226,137,89,122,113,9,120,111,9,2,2,0,0,0,0,0,0,0,104,24,80,100,24,76,4,0,4,0,0,0,0,0,0,104,24,80,100,24,76,4,0,4,0,0,0,0,0,0,0,0,0,0,0,0,0,0,0,0,0,0,0,0,0,132,51,81
29,573,0114,613397,0000,000000,KARNATAKA,Mandya,VILLAGE,Kalenahalli,Rural,206,866,415,451,104,41,63,0,0,0,0,0,0,424,260,164,442,155,287,514,302,212,277,253,24,227,218,9,44,30,14,1,1,0,5,4,1,237,49,188,193,36,157,31,6,25,1,0,1,12,7,5,188,29,159,148,18,130,31,6,25,0,0,0,9,5,4,49,20,29,45,18,27,0,0,0,1,0,1,3,2,1,352,113,239
29,573,0114,613398,0000,000000,KARNATAKA,Mandya,VILLAGE,Dorenahalli,Rural,100,446,233,213,39,20,19,0,0,0,0,0,0,302,183,119,144,50,94,247,144,103,162,134,28,141,129,12,19,4,15,0,0,0,2,1,1,85,10,75,85,10,75,0,0,0,0,0,0,0,0,0,84,10,74,84,10,74,0,0,0,0,0,0,0,0,0,1,0,1,1,0,1,0,0,0,0,0,0,0,0,0,199,89,110
29,573,0114,613399,0000,000000,KARNATAKA,Mandya,VILLAGE,Kikkeri,Rural,1049,4108,2050,2058,418,205,213,209,113,96,29,15,14,3103,1684,1419,1005,366,639,1622,1299,323,1472,1208,264,453,413,40,32,25,7,101,80,21,886,690,196,150,91,59,26,20,6,32,22,10,17,9,8,75,40,35,147,89,58,25,19,6,32,22,10,16,9,7,74,39,35,3,2,1,1,1,0,0,0,0,1,0,1,1,1,0,2486,751,1735
29,573,0114,613400,0000,000000,KARNATAKA,Mandya,VILLAGE,Gangenahalli,Rural,144,634,317,317,64,28,36,346,180,166,88,41,47,366,218,148,268,99,169,371,203,168,368,201,167,189,93,96,99,45,54,0,0,0,80,63,17,3,2,1,0,0,0,0,0,0,0,0,0,3,2,1,3,2,1,0,0,0,0,0,0,0,0,0,3,2,1,0,0,0,0,0,0,0,0,0,0,0,0,0,0,0,263,114,149
29,573,0114,613401,0000,000000,KARNATAKA,Mandya,VILLAGE,Boovanahalli,Rural,77,293,142,151,27,14,13,0,0,0,4,2,2,174,104,70,119,38,81,166,91,75,166,91,75,40,31,9,115,54,61,0,0,0,11,6,5,0,0,0,0,0,0,0,0,0,0,0,0,0,0,0,0,0,0,0,0,0,0,0,0,0,0,0,0,0,0,0,0,0,0,0,0,0,0,0,0,0,0,0,0,0,127,51,76
29,573,0114,613402,0000,000000,KARNATAKA,Mandya,VILLAGE,Madahalli,Rural,99,439,212,227,48,24,24,124,62,62,6,2,4,258,143,115,181,69,112,252,135,117,245,132,113,113,60,53,114,58,56,2,1,1,16,13,3,7,3,4,0,0,0,4,2,2,0,0,0,3,1,2,7,3,4,0,0,0,4,2,2,0,0,0,3,1,2,0,0,0,0,0,0,0,0,0,0,0,0,0,0,0,187,77,110
29,573,0114,613403,0000,000000,KARNATAKA,Mandya,VILLAGE,Kallanakere,Rural,116,436,206,230,44,17,27,46,23,23,17,8,9,321,172,149,115,34,81,265,138,127,94,84,10,78,68,10,2,2,0,4,4,0,10,10,0,171,54,117,34,19,15,26,17,9,10,3,7,101,15,86,118,41,77,31,17,14,20,15,5,4,1,3,63,8,55,53,13,40,3,2,1,6,2,4,6,2,4,38,7,31,171,68,103
29,573,0114,613404,0000,000000,KARNATAKA,Mandya,VILLAGE,Sollepura,Rural,290,1029,508,521,78,36,42,1,0,1,1,0,1,725,408,317,304,100,204,584,329,255,311,281,30,269,244,25,7,6,1,5,4,1,30,27,3,273,48,225,43,13,30,90,13,77,4,1,3,136,21,115,264,43,221,42,13,29,89,12,77,4,1,3,129,17,112,9,5,4,1,0,1,1,1,0,0,0,0,7,4,3,445,179,266
29,573,0114,613405,0000,000000,KARNATAKA,Mandya,VILLAGE,Kikkeri Amanikere,Rural,175,695,354,341,59,32,27,0,0,0,2,1,1,495,279,216,200,75,125,264,233,31,259,229,30,65,59,6,79,72,7,5,0,5,110,98,12,5,4,1,0,0,0,3,3,0,2,1,1,0,0,0,4,3,1,0,0,0,2,2,0,2,1,1,0,0,0,1,1,0,0,0,0,1,1,0,0,0,0,0,0,0,431,121,310
29,573,0114,613406,0000,000000,KARNATAKA,Mandya,VILLAGE,Kodimaranahalli,Rural,130,565,275,290,52,27,25,5,1,4,2,1,1,316,175,141,249,100,149,199,178,21,135,129,6,128,122,6,5,5,0,1,1,0,1,1,0,64,49,15,1,0,1,49,41,8,1,1,0,13,7,6,56,42,14,1,0,1,48,40,8,0,0,0,7,2,5,8,7,1,0,0,0,1,1,0,1,1,0,6,5,1,366,97,269
29,573,0114,613407,0000,000000,KARNATAKA,Mandya,VILLAGE,Chowdenahalli,Rural,222,975,479,496,103,52,51,51,26,25,0,0,0,530,312,218,445,167,278,444,306,138,440,303,137,134,126,8,247,131,116,0,0,0,59,46,13,4,3,1,0,0,0,0,0,0,0,0,0,4,3,1,2,2,0,0,0,0,0,0,0,0,0,0,2,2,0,2,1,1,0,0,0,0,0,0,0,0,0,2,1,1,531,173,358
29,573,0114,613408,0000,000000,KARNATAKA,Mandya,VILLAGE,Ramanahalli,Rural,155,729,382,347,75,33,42,0,0,0,0,0,0,412,263,149,317,119,198,287,271,16,276,261,15,149,144,5,125,116,9,0,0,0,2,1,1,11,10,1,2,2,0,7,7,0,0,0,0,2,1,1,11,10,1,2,2,0,7,7,0,0,0,0,2,1,1,0,0,0,0,0,0,0,0,0,0,0,0,0,0,0,442,111,331
29,573,0114,613409,0000,000000,KARNATAKA,Mandya,VILLAGE,Beechanahalli,Rural,31,163,102,61,16,12,4,49,31,18,0,0,0,99,69,30,64,33,31,79,68,11,79,68,11,60,59,1,18,8,10,0,0,0,1,1,0,0,0,0,0,0,0,0,0,0,0,0,0,0,0,0,0,0,0,0,0,0,0,0,0,0,0,0,0,0,0,0,0,0,0,0,0,0,0,0,0,0,0,0,0,0,84,34,50
29,573,0114,613410,0000,000000,KARNATAKA,Mandya,VILLAGE,Borapura,Rural,10,62,29,33,10,3,7,0,0,0,0,0,0,49,25,24,13,4,9,22,18,4,21,18,3,19,17,2,2,1,1,0,0,0,0,0,0,1,0,1,0,0,0,0,0,0,0,0,0,1,0,1,1,0,1,0,0,0,0,0,0,0,0,0,1,0,1,0,0,0,0,0,0,0,0,0,0,0,0,0,0,0,40,11,29
29,573,0114,613411,0000,000000,KARNATAKA,Mandya,VILLAGE,Manikanahalli,Rural,190,841,404,437,104,51,53,211,103,108,0,0,0,457,269,188,384,135,249,505,255,250,383,192,191,234,112,122,40,15,25,4,3,1,105,62,43,122,63,59,4,1,3,30,13,17,3,2,1,85,47,38,110,59,51,4,1,3,28,13,15,3,2,1,75,43,32,12,4,8,0,0,0,2,0,2,0,0,0,10,4,6,336,149,187
29,573,0114,613412,0000,000000,KARNATAKA,Mandya,VILLAGE,Kariganahalli,Rural,150,671,352,319,79,44,35,0,0,0,157,74,83,439,266,173,232,86,146,266,226,40,264,224,40,218,215,3,44,7,37,0,0,0,2,2,0,2,2,0,0,0,0,1,1,0,0,0,0,1,1,0,2,2,0,0,0,0,1,1,0,0,0,0,1,1,0,0,0,0,0,0,0,0,0,0,0,0,0,0,0,0,405,126,279
29,573,0114,613413,0000,000000,KARNATAKA,Mandya,VILLAGE,Lingapura,Rural,162,733,370,363,84,46,38,361,191,170,0,0,0,433,249,184,300,121,179,374,247,127,374,247,127,176,171,5,123,15,108,8,7,1,67,54,13,0,0,0,0,0,0,0,0,0,0,0,0,0,0,0,0,0,0,0,0,0,0,0,0,0,0,0,0,0,0,0,0,0,0,0,0,0,0,0,0,0,0,0,0,0,359,123,236
29,573,0114,613414,0000,000000,KARNATAKA,Mandya,VILLAGE,Hodakahalli,Rural,72,349,175,174,34,19,15,19,9,10,0,0,0,193,114,79,156,61,95,117,104,13,79,76,3,74,73,1,3,2,1,0,0,0,2,1,1,38,28,10,0,0,0,35,27,8,0,0,0,3,1,2,38,28,10,0,0,0,35,27,8,0,0,0,3,1,2,0,0,0,0,0,0,0,0,0,0,0,0,0,0,0,232,71,161
29,573,0114,613415,0000,000000,KARNATAKA,Mandya,VILLAGE,Chikkalale,Rural,355,1619,842,777,169,93,76,431,233,198,2,2,0,969,574,395,650,268,382,666,508,158,658,501,157,411,322,89,197,137,60,6,6,0,44,36,8,8,7,1,2,1,1,3,3,0,0,0,0,3,3,0,8,7,1,2,1,1,3,3,0,0,0,0,3,3,0,0,0,0,0,0,0,0,0,0,0,0,0,0,0,0,953,334,619
29,573,0114,613416,0000,000000,KARNATAKA,Mandya,VILLAGE,Settihalli,Rural,76,394,202,192,41,25,16,58,30,28,0,0,0,206,127,79,188,75,113,127,105,22,102,89,13,91,83,8,1,0,1,0,0,0,10,6,4,25,16,9,3,2,1,0,0,0,0,0,0,22,14,8,23,15,8,3,2,1,0,0,0,0,0,0,20,13,7,2,1,1,0,0,0,0,0,0,0,0,0,2,1,1,267,97,170
29,573,0114,613417,0000,000000,KARNATAKA,Mandya,VILLAGE,Jakkanahalli,Rural,73,352,180,172,34,15,19,247,122,125,0,0,0,222,130,92,130,50,80,106,90,16,106,90,16,100,87,13,1,1,0,0,0,0,5,2,3,0,0,0,0,0,0,0,0,0,0,0,0,0,0,0,0,0,0,0,0,0,0,0,0,0,0,0,0,0,0,0,0,0,0,0,0,0,0,0,0,0,0,0,0,0,246,90,156
29,573,0114,613418,0000,000000,KARNATAKA,Mandya,VILLAGE,Manganahosahalli,Rural,39,213,111,102,24,13,11,0,0,0,0,0,0,136,74,62,77,37,40,72,68,4,66,63,3,48,48,0,0,0,0,1,1,0,17,14,3,6,5,1,4,4,0,0,0,0,0,0,0,2,1,1,6,5,1,4,4,0,0,0,0,0,0,0,2,1,1,0,0,0,0,0,0,0,0,0,0,0,0,0,0,0,141,43,98
29,573,0114,613419,0000,000000,KARNATAKA,Mandya,VILLAGE,Kundur,Rural,297,1565,779,786,171,85,86,85,45,40,0,0,0,1035,596,439,530,183,347,510,469,41,455,414,41,416,383,33,1,0,1,1,1,0,37,30,7,55,55,0,52,52,0,0,0,0,0,0,0,3,3,0,55,55,0,52,52,0,0,0,0,0,0,0,3,3,0,0,0,0,0,0,0,0,0,0,0,0,0,0,0,0,1055,310,745
29,573,0114,613420,0000,000000,KARNATAKA,Mandya,VILLAGE,Marenahalli,Rural,71,335,168,167,32,16,16,21,12,9,0,0,0,213,129,84,122,39,83,156,80,76,82,78,4,67,66,1,7,6,1,2,2,0,6,4,2,74,2,72,1,1,0,73,1,72,0,0,0,0,0,0,74,2,72,1,1,0,73,1,72,0,0,0,0,0,0,0,0,0,0,0,0,0,0,0,0,0,0,0,0,0,179,88,91
29,573,0114,613421,0000,000000,KARNATAKA,Mandya,VILLAGE,Ganganahalli,Rural,60,284,137,147,31,15,16,0,0,0,6,3,3,155,87,68,129,50,79,137,70,67,79,70,9,64,59,5,7,4,3,1,1,0,7,6,1,58,0,58,2,0,2,56,0,56,0,0,0,0,0,0,58,0,58,2,0,2,56,0,56,0,0,0,0,0,0,0,0,0,0,0,0,0,0,0,0,0,0,0,0,0,147,67,80
29,573,0114,613422,0000,000000,KARNATAKA,Mandya,VILLAGE,Achamanahalli,Rural,44,228,112,116,28,15,13,25,12,13,0,0,0,128,71,57,100,41,59,65,46,19,62,45,17,56,44,12,3,0,3,0,0,0,3,1,2,3,1,2,2,1,1,0,0,0,1,0,1,0,0,0,3,1,2,2,1,1,0,0,0,1,0,1,0,0,0,0,0,0,0,0,0,0,0,0,0,0,0,0,0,0,163,66,97
29,573,0114,613423,0000,000000,KARNATAKA,Mandya,VILLAGE,Haleathiguppe,Rural,78,364,194,170,43,21,22,0,0,0,0,0,0,221,136,85,143,58,85,150,149,1,147,146,1,144,144,0,0,0,0,0,0,0,3,2,1,3,3,0,3,3,0,0,0,0,0,0,0,0,0,0,3,3,0,3,3,0,0,0,0,0,0,0,0,0,0,0,0,0,0,0,0,0,0,0,0,0,0,0,0,0,214,45,169
29,573,0114,613424,0000,000000,KARNATAKA,Mandya,VILLAGE,Halasinahalli,Rural,80,372,205,167,39,21,18,69,34,35,0,0,0,233,139,94,139,66,73,143,140,3,129,127,2,127,127,0,0,0,0,0,0,0,2,0,2,14,13,1,12,12,0,1,1,0,0,0,0,1,0,1,14,13,1,12,12,0,1,1,0,0,0,0,1,0,1,0,0,0,0,0,0,0,0,0,0,0,0,0,0,0,229,65,164
29,573,0114,613425,0000,000000,KARNATAKA,Mandya,VILLAGE,Nagaragatta,Rural,177,738,377,361,75,37,38,121,64,57,0,0,0,546,300,246,192,77,115,320,249,71,311,243,68,292,233,59,1,0,1,4,4,0,14,6,8,9,6,3,7,6,1,2,0,2,0,0,0,0,0,0,7,5,2,5,5,0,2,0,2,0,0,0,0,0,0,2,1,1,2,1,1,0,0,0,0,0,0,0,0,0,418,128,290
29,573,0114,613426,0000,000000,KARNATAKA,Mandya,VILLAGE,Narayanapura,Rural,276,1127,563,564,97,58,39,131,62,69,0,0,0,724,391,333,403,172,231,714,380,334,707,379,328,684,372,312,4,3,1,1,0,1,18,4,14,7,1,6,7,1,6,0,0,0,0,0,0,0,0,0,7,1,6,7,1,6,0,0,0,0,0,0,0,0,0,0,0,0,0,0,0,0,0,0,0,0,0,0,0,0,413,183,230
29,573,0114,613427,0000,000000,KARNATAKA,Mandya,VILLAGE,Chottanahalli,Rural,60,239,123,116,21,11,10,22,10,12,0,0,0,138,85,53,101,38,63,110,98,12,8,7,1,6,6,0,0,0,0,0,0,0,2,1,1,102,91,11,82,75,7,1,1,0,0,0,0,19,15,4,22,21,1,15,15,0,0,0,0,0,0,0,7,6,1,80,70,10,67,60,7,1,1,0,0,0,0,12,9,3,129,25,104
29,573,0114,613428,0000,000000,KARNATAKA,Mandya,VILLAGE,Ramanakoppalu,Rural,79,321,144,177,39,21,18,21,10,11,0,0,0,162,89,73,159,55,104,161,91,70,161,91,70,157,89,68,0,0,0,0,0,0,4,2,2,0,0,0,0,0,0,0,0,0,0,0,0,0,0,0,0,0,0,0,0,0,0,0,0,0,0,0,0,0,0,0,0,0,0,0,0,0,0,0,0,0,0,0,0,0,160,53,107
29,573,0114,613429,0000,000000,KARNATAKA,Mandya,VILLAGE,Hadavanahalli,Rural,106,429,212,217,40,22,18,22,12,10,64,35,29,300,161,139,129,51,78,180,152,28,32,24,8,20,15,5,0,0,0,0,0,0,12,9,3,148,128,20,103,96,7,1,0,1,0,0,0,44,32,12,27,23,4,17,16,1,0,0,0,0,0,0,10,7,3,121,105,16,86,80,6,1,0,1,0,0,0,34,25,9,249,60,189
29,573,0114,613430,0000,000000,KARNATAKA,Mandya,VILLAGE,Doddakyathnahalli,Rural,168,580,268,312,46,23,23,71,36,35,0,0,0,357,195,162,223,73,150,398,198,200,398,198,200,379,186,193,8,4,4,0,0,0,11,8,3,0,0,0,0,0,0,0,0,0,0,0,0,0,0,0,0,0,0,0,0,0,0,0,0,0,0,0,0,0,0,0,0,0,0,0,0,0,0,0,0,0,0,0,0,0,182,70,112
29,573,0114,613431,0000,000000,KARNATAKA,Mandya,VILLAGE,Chikkakyathnahalli,Rural,49,221,105,116,26,12,14,3,2,1,0,0,0,109,61,48,112,44,68,151,77,74,150,77,73,93,73,20,53,2,51,1,1,0,3,1,2,1,0,1,0,0,0,1,0,1,0,0,0,0,0,0,1,0,1,0,0,0,1,0,1,0,0,0,0,0,0,0,0,0,0,0,0,0,0,0,0,0,0,0,0,0,70,28,42
29,573,0114,613432,0000,000000,KARNATAKA,Mandya,VILLAGE,Santhebachahalli,Rural,666,2600,1275,1325,221,119,102,293,149,144,26,13,13,1949,1036,913,651,239,412,1242,809,433,1137,758,379,694,417,277,32,12,20,17,12,5,394,317,77,105,51,54,43,18,25,8,2,6,6,3,3,48,28,20,75,33,42,30,13,17,7,1,6,2,1,1,36,18,18,30,18,12,13,5,8,1,1,0,4,2,2,12,10,2,1358,466,892
29,573,0114,613433,0000,000000,KARNATAKA,Mandya,VILLAGE,Hubbanahalli,Rural,172,823,420,403,66,36,30,164,75,89,0,0,0,569,334,235,254,86,168,344,258,86,253,171,82,156,150,6,92,16,76,1,1,0,4,4,0,91,87,4,0,0,0,68,67,1,1,1,0,22,19,3,90,86,4,0,0,0,67,66,1,1,1,0,22,19,3,1,1,0,0,0,0,1,1,0,0,0,0,0,0,0,479,162,317
29,573,0114,613434,0000,000000,KARNATAKA,Mandya,VILLAGE,Amchahalli,Rural,88,340,174,166,19,9,10,0,0,0,0,0,0,226,136,90,114,38,76,259,142,117,128,125,3,128,125,3,0,0,0,0,0,0,0,0,0,131,17,114,113,13,100,11,0,11,3,3,0,4,1,3,128,14,114,111,11,100,11,0,11,3,3,0,3,0,3,3,3,0,2,2,0,0,0,0,0,0,0,1,1,0,81,32,49
29,573,0114,613435,0000,000000,KARNATAKA,Mandya,VILLAGE,Nayasinganahalli,Rural,99,410,205,205,48,24,24,117,59,58,0,0,0,272,154,118,138,51,87,197,145,52,197,145,52,193,145,48,1,0,1,0,0,0,3,0,3,0,0,0,0,0,0,0,0,0,0,0,0,0,0,0,0,0,0,0,0,0,0,0,0,0,0,0,0,0,0,0,0,0,0,0,0,0,0,0,0,0,0,0,0,0,213,60,153
29,573,0114,613436,0000,000000,KARNATAKA,Mandya,VILLAGE,Aghalaya,Rural,374,1432,697,735,87,48,39,79,37,42,8,3,5,1131,613,518,301,84,217,697,479,218,500,468,32,487,457,30,3,3,0,5,4,1,5,4,1,197,11,186,181,5,176,6,1,5,3,0,3,7,5,2,196,10,186,180,4,176,6,1,5,3,0,3,7,5,2,1,1,0,1,1,0,0,0,0,0,0,0,0,0,0,735,218,517
29,573,0114,613437,0000,000000,KARNATAKA,Mandya,VILLAGE,Doddasomanahalli,Rural,219,854,428,426,68,42,26,246,125,121,0,0,0,641,339,302,213,89,124,354,297,57,343,287,56,251,227,24,56,39,17,0,0,0,36,21,15,11,10,1,11,10,1,0,0,0,0,0,0,0,0,0,11,10,1,11,10,1,0,0,0,0,0,0,0,0,0,0,0,0,0,0,0,0,0,0,0,0,0,0,0,0,500,131,369
29,573,0114,613438,0000,000000,KARNATAKA,Mandya,VILLAGE,Chikkasomanahalli,Rural,73,337,176,161,35,20,15,0,0,0,0,0,0,217,122,95,120,54,66,158,118,40,154,116,38,80,62,18,66,49,17,0,0,0,8,5,3,4,2,2,0,0,0,4,2,2,0,0,0,0,0,0,4,2,2,0,0,0,4,2,2,0,0,0,0,0,0,0,0,0,0,0,0,0,0,0,0,0,0,0,0,0,179,58,121
29,573,0114,613439,0000,000000,KARNATAKA,Mandya,VILLAGE,Aghalaya Kaval,Rural,3,16,7,9,0,0,0,0,0,0,0,0,0,13,7,6,3,0,3,13,7,6,12,7,5,12,7,5,0,0,0,0,0,0,0,0,0,1,0,1,0,0,0,0,0,0,0,0,0,1,0,1,1,0,1,0,0,0,0,0,0,0,0,0,1,0,1,0,0,0,0,0,0,0,0,0,0,0,0,0,0,0,3,0,3
29,573,0114,613440,0000,000000,KARNATAKA,Mandya,VILLAGE,Hosahalli,Rural,61,257,124,133,21,14,7,13,5,8,0,0,0,171,91,80,86,33,53,175,82,93,77,76,1,77,76,1,0,0,0,0,0,0,0,0,0,98,6,92,92,6,86,6,0,6,0,0,0,0,0,0,98,6,92,92,6,86,6,0,6,0,0,0,0,0,0,0,0,0,0,0,0,0,0,0,0,0,0,0,0,0,82,42,40
29,573,0114,613441,0000,000000,KARNATAKA,Mandya,VILLAGE,Lokanahalli,Rural,122,485,242,243,28,15,13,61,29,32,0,0,0,364,208,156,121,34,87,255,169,86,255,169,86,203,140,63,29,12,17,11,10,1,12,7,5,0,0,0,0,0,0,0,0,0,0,0,0,0,0,0,0,0,0,0,0,0,0,0,0,0,0,0,0,0,0,0,0,0,0,0,0,0,0,0,0,0,0,0,0,0,230,73,157
29,573,0114,613442,0000,000000,KARNATAKA,Mandya,VILLAGE,Kodagahalli,Rural,114,508,258,250,47,21,26,15,7,8,9,4,5,332,206,126,176,52,124,201,155,46,197,152,45,134,100,34,12,5,7,14,14,0,37,33,4,4,3,1,0,0,0,1,0,1,2,2,0,1,1,0,4,3,1,0,0,0,1,0,1,2,2,0,1,1,0,0,0,0,0,0,0,0,0,0,0,0,0,0,0,0,307,103,204
29,573,0114,613443,0000,000000,KARNATAKA,Mandya,VILLAGE,Appanahalli,Rural,110,433,222,211,34,18,16,73,37,36,19,10,9,303,168,135,130,54,76,189,153,36,187,152,35,137,129,8,25,11,14,0,0,0,25,12,13,2,1,1,0,0,0,1,1,0,0,0,0,1,0,1,1,0,1,0,0,0,0,0,0,0,0,0,1,0,1,1,1,0,0,0,0,1,1,0,0,0,0,0,0,0,244,69,175
29,573,0114,613444,0000,000000,KARNATAKA,Mandya,VILLAGE,Malagur,Rural,253,1167,605,562,90,46,44,159,77,82,0,0,0,935,536,399,232,69,163,750,397,353,390,376,14,368,358,10,18,15,3,0,0,0,4,3,1,360,21,339,13,5,8,332,8,324,0,0,0,15,8,7,359,20,339,13,5,8,331,7,324,0,0,0,15,8,7,1,1,0,0,0,0,1,1,0,0,0,0,0,0,0,417,208,209
29,573,0114,613445,0000,000000,KARNATAKA,Mandya,VILLAGE,Singapura,Rural,41,200,94,106,23,14,9,50,24,26,0,0,0,152,76,76,48,18,30,126,62,64,63,60,3,63,60,3,0,0,0,0,0,0,0,0,0,63,2,61,4,1,3,57,0,57,0,0,0,2,1,1,63,2,61,4,1,3,57,0,57,0,0,0,2,1,1,0,0,0,0,0,0,0,0,0,0,0,0,0,0,0,74,32,42
29,573,0114,613446,0000,000000,KARNATAKA,Mandya,VILLAGE,Mavinakatte Koppalu,Rural,49,194,77,117,12,5,7,0,0,0,0,0,0,129,56,73,65,21,44,81,62,19,81,62,19,67,55,12,5,0,5,0,0,0,9,7,2,0,0,0,0,0,0,0,0,0,0,0,0,0,0,0,0,0,0,0,0,0,0,0,0,0,0,0,0,0,0,0,0,0,0,0,0,0,0,0,0,0,0,0,0,0,113,15,98
29,573,0114,613447,0000,000000,KARNATAKA,Mandya,VILLAGE,Halagehosahalli,Rural,17,83,38,45,6,4,2,80,37,43,0,0,0,57,27,30,26,11,15,28,17,11,28,17,11,27,17,10,0,0,0,0,0,0,1,0,1,0,0,0,0,0,0,0,0,0,0,0,0,0,0,0,0,0,0,0,0,0,0,0,0,0,0,0,0,0,0,0,0,0,0,0,0,0,0,0,0,0,0,0,0,0,55,21,34
29,573,0114,613448,0000,000000,KARNATAKA,Mandya,VILLAGE,Adihalli,Rural,77,367,172,195,52,27,25,0,0,0,0,0,0,188,108,80,179,64,115,231,107,124,125,107,18,124,107,17,1,0,1,0,0,0,0,0,0,106,0,106,2,0,2,103,0,103,0,0,0,1,0,1,106,0,106,2,0,2,103,0,103,0,0,0,1,0,1,0,0,0,0,0,0,0,0,0,0,0,0,0,0,0,136,65,71
29,573,0114,613449,0000,000000,KARNATAKA,Mandya,VILLAGE,Doddaharanahalli,Rural,80,383,190,193,46,18,28,42,23,19,0,0,0,190,114,76,193,76,117,279,144,135,274,143,131,273,143,130,0,0,0,0,0,0,1,0,1,5,1,4,2,1,1,3,0,3,0,0,0,0,0,0,5,1,4,2,1,1,3,0,3,0,0,0,0,0,0,0,0,0,0,0,0,0,0,0,0,0,0,0,0,0,104,46,58
29,573,0114,613450,0000,000000,KARNATAKA,Mandya,VILLAGE,Yeladahalli,Rural,109,488,241,247,40,24,16,25,12,13,0,0,0,309,171,138,179,70,109,159,151,8,151,144,7,140,139,1,3,0,3,0,0,0,8,5,3,8,7,1,6,6,0,0,0,0,0,0,0,2,1,1,7,6,1,6,6,0,0,0,0,0,0,0,1,0,1,1,1,0,0,0,0,0,0,0,0,0,0,1,1,0,329,90,239
29,573,0114,613451,0000,000000,KARNATAKA,Mandya,VILLAGE,Bharathipura,Rural,264,1181,594,587,119,58,61,195,104,91,0,0,0,711,405,306,470,189,281,517,388,129,502,378,124,462,351,111,0,0,0,1,0,1,39,27,12,15,10,5,0,0,0,4,2,2,0,0,0,11,8,3,10,5,5,0,0,0,2,0,2,0,0,0,8,5,3,5,5,0,0,0,0,2,2,0,0,0,0,3,3,0,664,206,458
29,573,0114,613452,0000,000000,KARNATAKA,Mandya,VILLAGE,Annechakanahalli,Rural,230,1060,540,520,102,46,56,144,77,67,4,3,1,766,429,337,294,111,183,603,374,229,441,355,86,311,251,60,126,102,24,0,0,0,4,2,2,162,19,143,20,17,3,2,1,1,2,0,2,138,1,137,160,18,142,20,17,3,0,0,0,2,0,2,138,1,137,2,1,1,0,0,0,2,1,1,0,0,0,0,0,0,457,166,291
29,573,0114,613453,0000,000000,KARNATAKA,Mandya,VILLAGE,Koratikere,Rural,334,1383,699,684,124,61,63,224,113,111,1,1,0,866,518,348,517,181,336,789,506,283,774,499,275,746,484,262,1,0,1,0,0,0,27,15,12,15,7,8,2,0,2,7,3,4,0,0,0,6,4,2,11,5,6,2,0,2,7,3,4,0,0,0,2,2,0,4,2,2,0,0,0,0,0,0,0,0,0,4,2,2,594,193,401
29,573,0114,613454,0000,000000,KARNATAKA,Mandya,VILLAGE,Mallenahalli,Rural,77,293,133,160,25,11,14,27,13,14,0,0,0,165,88,77,128,45,83,151,101,50,80,75,5,71,68,3,3,3,0,1,1,0,5,3,2,71,26,45,2,1,1,37,16,21,9,1,8,23,8,15,59,22,37,1,0,1,35,15,20,6,1,5,17,6,11,12,4,8,1,1,0,2,1,1,3,0,3,6,2,4,142,32,110
29,573,0114,613455,0000,000000,KARNATAKA,Mandya,VILLAGE,Goravi,Rural,145,539,275,264,41,26,15,96,46,50,0,0,0,305,191,114,234,84,150,352,183,169,343,178,165,291,148,143,5,2,3,0,0,0,47,28,19,9,5,4,9,5,4,0,0,0,0,0,0,0,0,0,9,5,4,9,5,4,0,0,0,0,0,0,0,0,0,0,0,0,0,0,0,0,0,0,0,0,0,0,0,0,187,92,95
29,573,0114,613456,0000,000000,KARNATAKA,Mandya,VILLAGE,Billenahalli,Rural,228,889,444,445,41,21,20,157,73,84,12,7,5,604,346,258,285,98,187,490,309,181,479,303,176,433,269,164,12,5,7,0,0,0,34,29,5,11,6,5,4,1,3,0,0,0,0,0,0,7,5,2,11,6,5,4,1,3,0,0,0,0,0,0,7,5,2,0,0,0,0,0,0,0,0,0,0,0,0,0,0,0,399,135,264
29,573,0114,613457,0000,000000,KARNATAKA,Mandya,VILLAGE,Harapanahalli,Rural,22,100,56,44,7,4,3,0,0,0,0,0,0,65,42,23,35,14,21,43,41,2,43,41,2,39,39,0,2,1,1,0,0,0,2,1,1,0,0,0,0,0,0,0,0,0,0,0,0,0,0,0,0,0,0,0,0,0,0,0,0,0,0,0,0,0,0,0,0,0,0,0,0,0,0,0,0,0,0,0,0,0,57,15,42
29,573,0114,613458,0000,000000,KARNATAKA,Mandya,VILLAGE,Bikkasandra,Rural,63,280,142,138,29,14,15,21,12,9,0,0,0,167,105,62,113,37,76,126,91,35,124,90,34,113,83,30,0,0,0,0,0,0,11,7,4,2,1,1,2,1,1,0,0,0,0,0,0,0,0,0,2,1,1,2,1,1,0,0,0,0,0,0,0,0,0,0,0,0,0,0,0,0,0,0,0,0,0,0,0,0,154,51,103
29,573,0114,613459,0000,000000,KARNATAKA,Mandya,VILLAGE,Nayakanahalli,Rural,159,704,345,359,63,26,37,162,75,87,0,0,0,526,286,240,178,59,119,357,248,109,357,248,109,291,193,98,7,3,4,0,0,0,59,52,7,0,0,0,0,0,0,0,0,0,0,0,0,0,0,0,0,0,0,0,0,0,0,0,0,0,0,0,0,0,0,0,0,0,0,0,0,0,0,0,0,0,0,0,0,0,347,97,250
29,573,0114,613460,0000,000000,KARNATAKA,Mandya,VILLAGE,Bettadapura,Rural,0,0,0,0,0,0,0,0,0,0,0,0,0,0,0,0,0,0,0,0,0,0,0,0,0,0,0,0,0,0,0,0,0,0,0,0,0,0,0,0,0,0,0,0,0,0,0,0,0,0,0,0,0,0,0,0,0,0,0,0,0,0,0,0,0,0,0,0,0,0,0,0,0,0,0,0,0,0,0,0,0,0,0,0,0
29,573,0114,613461,0000,000000,KARNATAKA,Mandya,VILLAGE,Laxmipura,Rural,41,142,75,67,17,8,9,6,4,2,0,0,0,79,46,33,63,29,34,62,50,12,62,50,12,56,46,10,1,1,0,0,0,0,5,3,2,0,0,0,0,0,0,0,0,0,0,0,0,0,0,0,0,0,0,0,0,0,0,0,0,0,0,0,0,0,0,0,0,0,0,0,0,0,0,0,0,0,0,0,0,0,80,25,55
29,573,0114,613462,0000,000000,KARNATAKA,Mandya,VILLAGE,Somenahalli,Rural,93,412,209,203,25,16,9,14,5,9,0,0,0,327,185,142,85,24,61,160,152,8,158,151,7,147,141,6,1,1,0,1,1,0,9,8,1,2,1,1,0,0,0,0,0,0,0,0,0,2,1,1,2,1,1,0,0,0,0,0,0,0,0,0,2,1,1,0,0,0,0,0,0,0,0,0,0,0,0,0,0,0,252,57,195
29,573,0114,613463,0000,000000,KARNATAKA,Mandya,VILLAGE,Ranganathapura,Rural,101,428,208,220,51,25,26,28,13,15,4,3,1,333,173,160,95,35,60,152,133,19,149,132,17,101,91,10,8,7,1,8,4,4,32,30,2,3,1,2,1,0,1,1,0,1,1,1,0,0,0,0,3,1,2,1,0,1,1,0,1,1,1,0,0,0,0,0,0,0,0,0,0,0,0,0,0,0,0,0,0,0,276,75,201
29,573,0114,613464,0000,000000,KARNATAKA,Mandya,VILLAGE,Dasagolapura,Rural,15,92,43,49,11,5,6,0,0,0,0,0,0,67,35,32,25,8,17,59,30,29,58,30,28,58,30,28,0,0,0,0,0,0,0,0,0,1,0,1,1,0,1,0,0,0,0,0,0,0,0,0,1,0,1,1,0,1,0,0,0,0,0,0,0,0,0,0,0,0,0,0,0,0,0,0,0,0,0,0,0,0,33,13,20
29,573,0114,613465,0000,000000,KARNATAKA,Mandya,VILLAGE,Hethagonahalli,Rural,129,587,280,307,49,21,28,0,0,0,62,36,26,348,195,153,239,85,154,379,196,183,378,195,183,373,192,181,1,1,0,0,0,0,4,2,2,1,1,0,1,1,0,0,0,0,0,0,0,0,0,0,1,1,0,1,1,0,0,0,0,0,0,0,0,0,0,0,0,0,0,0,0,0,0,0,0,0,0,0,0,0,208,84,124
29,573,0114,613466,0000,000000,KARNATAKA,Mandya,VILLAGE,Shyarahalli,Rural,161,632,292,340,62,27,35,55,25,30,0,0,0,425,226,199,207,66,141,398,193,205,389,190,199,318,177,141,5,0,5,1,1,0,65,12,53,9,3,6,1,1,0,0,0,0,0,0,0,8,2,6,9,3,6,1,1,0,0,0,0,0,0,0,8,2,6,0,0,0,0,0,0,0,0,0,0,0,0,0,0,0,234,99,135
29,573,0114,613467,0000,000000,KARNATAKA,Mandya,VILLAGE,Machahalli,Rural,26,90,40,50,9,4,5,22,11,11,0,0,0,56,30,26,34,10,24,33,23,10,19,17,2,13,12,1,2,1,1,0,0,0,4,4,0,14,6,8,4,2,2,1,1,0,1,0,1,8,3,5,14,6,8,4,2,2,1,1,0,1,0,1,8,3,5,0,0,0,0,0,0,0,0,0,0,0,0,0,0,0,57,17,40
29,573,0114,613468,0000,000000,KARNATAKA,Mandya,VILLAGE,Sarangi,Rural,331,1345,654,691,106,55,51,227,120,107,0,0,0,850,493,357,495,161,334,523,453,70,408,398,10,358,352,6,6,6,0,3,3,0,41,37,4,115,55,60,80,48,32,17,3,14,5,1,4,13,3,10,101,45,56,68,38,30,16,3,13,4,1,3,13,3,10,14,10,4,12,10,2,1,0,1,1,0,1,0,0,0,822,201,621
29,573,0114,613469,0000,000000,KARNATAKA,Mandya,VILLAGE,Ballekere,Rural,87,452,223,229,60,27,33,42,23,19,88,41,47,270,155,115,182,68,114,256,155,101,76,75,1,58,58,0,4,4,0,2,2,0,12,11,1,180,80,100,89,53,36,19,7,12,38,5,33,34,15,19,125,70,55,74,49,25,11,6,5,12,3,9,28,12,16,55,10,45,15,4,11,8,1,7,26,2,24,6,3,3,196,68,128
29,573,0114,613470,0000,000000,KARNATAKA,Mandya,VILLAGE,Kaigonahalli,Rural,204,834,421,413,63,29,34,106,45,61,9,6,3,556,325,231,278,96,182,327,299,28,288,269,19,230,226,4,20,14,6,7,7,0,31,22,9,39,30,9,1,1,0,5,3,2,1,1,0,32,25,7,39,30,9,1,1,0,5,3,2,1,1,0,32,25,7,0,0,0,0,0,0,0,0,0,0,0,0,0,0,0,507,122,385
29,573,0114,613471,0000,000000,KARNATAKA,Mandya,VILLAGE,Jaginakere,Rural,264,959,422,537,90,56,34,148,72,76,0,0,0,565,280,285,394,142,252,576,250,326,347,234,113,243,192,51,76,25,51,6,3,3,22,14,8,229,16,213,88,11,77,140,5,135,0,0,0,1,0,1,228,16,212,88,11,77,139,5,134,0,0,0,1,0,1,1,0,1,0,0,0,1,0,1,0,0,0,0,0,0,383,172,211
29,573,0114,613472,0000,000000,KARNATAKA,Mandya,VILLAGE,Jothanapura,Rural,66,276,126,150,19,10,9,128,58,70,0,0,0,148,78,70,128,48,80,190,95,95,188,95,93,187,95,92,1,0,1,0,0,0,0,0,0,2,0,2,0,0,0,0,0,0,2,0,2,0,0,0,0,0,0,0,0,0,0,0,0,0,0,0,0,0,0,2,0,2,0,0,0,0,0,0,2,0,2,0,0,0,86,31,55
29,573,0114,613473,0000,000000,KARNATAKA,Mandya,VILLAGE,Chikkaharanahalli,Rural,96,431,207,224,45,27,18,116,58,58,4,2,2,274,149,125,157,58,99,282,135,147,278,135,143,268,134,134,1,0,1,0,0,0,9,1,8,4,0,4,2,0,2,2,0,2,0,0,0,0,0,0,4,0,4,2,0,2,2,0,2,0,0,0,0,0,0,0,0,0,0,0,0,0,0,0,0,0,0,0,0,0,149,72,77
29,573,0114,613474,0000,000000,KARNATAKA,Mandya,VILLAGE,Kotagahalli,Rural,184,761,372,389,62,32,30,145,74,71,0,0,0,557,296,261,204,76,128,448,272,176,448,272,176,428,260,168,10,5,5,0,0,0,10,7,3,0,0,0,0,0,0,0,0,0,0,0,0,0,0,0,0,0,0,0,0,0,0,0,0,0,0,0,0,0,0,0,0,0,0,0,0,0,0,0,0,0,0,0,0,0,313,100,213
29,573,0114,613475,0000,000000,KARNATAKA,Mandya,VILLAGE,Dugganahalli,Rural,28,97,49,48,2,2,0,26,15,11,0,0,0,63,37,26,34,12,22,58,31,27,56,30,26,53,28,25,0,0,0,0,0,0,3,2,1,2,1,1,0,0,0,0,0,0,0,0,0,2,1,1,2,1,1,0,0,0,0,0,0,0,0,0,2,1,1,0,0,0,0,0,0,0,0,0,0,0,0,0,0,0,39,18,21
29,573,0114,613476,0000,000000,KARNATAKA,Mandya,VILLAGE,Boppanahalli,Rural,114,403,178,225,22,11,11,70,31,39,0,0,0,268,131,137,135,47,88,245,114,131,181,112,69,120,84,36,44,15,29,0,0,0,17,13,4,64,2,62,57,2,55,2,0,2,2,0,2,3,0,3,62,1,61,55,1,54,2,0,2,2,0,2,3,0,3,2,1,1,2,1,1,0,0,0,0,0,0,0,0,0,158,64,94
29,573,0114,613477,0000,000000,KARNATAKA,Mandya,VILLAGE,Molenahalli  (B),Rural,84,378,185,193,32,14,18,0,0,0,0,0,0,223,126,97,155,59,96,252,137,115,227,131,96,140,96,44,55,12,43,0,0,0,32,23,9,25,6,19,3,0,3,14,1,13,0,0,0,8,5,3,22,4,18,3,0,3,14,1,13,0,0,0,5,3,2,3,2,1,0,0,0,0,0,0,0,0,0,3,2,1,126,48,78
29,573,0114,613478,0000,000000,KARNATAKA,Mandya,VILLAGE,Mallenahalli,Rural,6,23,11,12,1,1,0,0,0,0,0,0,0,16,10,6,7,1,6,17,9,8,16,9,7,16,9,7,0,0,0,0,0,0,0,0,0,1,0,1,0,0,0,0,0,0,1,0,1,0,0,0,1,0,1,0,0,0,0,0,0,1,0,1,0,0,0,0,0,0,0,0,0,0,0,0,0,0,0,0,0,0,6,2,4
29,573,0114,613479,0000,000000,KARNATAKA,Mandya,VILLAGE,Kyathanahalli,Rural,78,357,175,182,36,18,18,72,36,36,0,0,0,218,127,91,139,48,91,224,114,110,220,112,108,108,88,20,98,16,82,0,0,0,14,8,6,4,2,2,0,0,0,1,0,1,0,0,0,3,2,1,4,2,2,0,0,0,1,0,1,0,0,0,3,2,1,0,0,0,0,0,0,0,0,0,0,0,0,0,0,0,133,61,72
29,573,0114,613480,0000,000000,KARNATAKA,Mandya,VILLAGE, Thammadahalli (B),Rural,0,0,0,0,0,0,0,0,0,0,0,0,0,0,0,0,0,0,0,0,0,0,0,0,0,0,0,0,0,0,0,0,0,0,0,0,0,0,0,0,0,0,0,0,0,0,0,0,0,0,0,0,0,0,0,0,0,0,0,0,0,0,0,0,0,0,0,0,0,0,0,0,0,0,0,0,0,0,0,0,0,0,0,0,0
29,573,0114,613481,0000,000000,KARNATAKA,Mandya,VILLAGE,Ankanathapura,Rural,0,0,0,0,0,0,0,0,0,0,0,0,0,0,0,0,0,0,0,0,0,0,0,0,0,0,0,0,0,0,0,0,0,0,0,0,0,0,0,0,0,0,0,0,0,0,0,0,0,0,0,0,0,0,0,0,0,0,0,0,0,0,0,0,0,0,0,0,0,0,0,0,0,0,0,0,0,0,0,0,0,0,0,0,0
29,573,0114,613482,0000,000000,KARNATAKA,Mandya,VILLAGE,Chamalapura,Rural,9,34,18,16,8,4,4,0,0,0,0,0,0,17,11,6,17,7,10,19,10,9,19,10,9,19,10,9,0,0,0,0,0,0,0,0,0,0,0,0,0,0,0,0,0,0,0,0,0,0,0,0,0,0,0,0,0,0,0,0,0,0,0,0,0,0,0,0,0,0,0,0,0,0,0,0,0,0,0,0,0,0,15,8,7
29,573,0114,613483,0000,000000,KARNATAKA,Mandya,VILLAGE,Madigara Hosahalli,Rural,0,0,0,0,0,0,0,0,0,0,0,0,0,0,0,0,0,0,0,0,0,0,0,0,0,0,0,0,0,0,0,0,0,0,0,0,0,0,0,0,0,0,0,0,0,0,0,0,0,0,0,0,0,0,0,0,0,0,0,0,0,0,0,0,0,0,0,0,0,0,0,0,0,0,0,0,0,0,0,0,0,0,0,0,0
29,573,0114,613484,0000,000000,KARNATAKA,Mandya,VILLAGE,Vasanthapura,Rural,82,346,164,182,37,24,13,117,58,59,24,14,10,157,73,84,189,91,98,224,110,114,126,100,26,106,88,18,12,7,5,5,4,1,3,1,2,98,10,88,7,7,0,91,3,88,0,0,0,0,0,0,98,10,88,7,7,0,91,3,88,0,0,0,0,0,0,0,0,0,0,0,0,0,0,0,0,0,0,0,0,0,122,54,68
29,573,0114,613485,0000,000000,KARNATAKA,Mandya,VILLAGE,Mylanahalli,Rural,160,699,351,348,58,28,30,163,84,79,0,0,0,402,230,172,297,121,176,476,246,230,281,243,38,208,181,27,1,1,0,2,0,2,70,61,9,195,3,192,3,0,3,3,0,3,38,0,38,151,3,148,189,3,186,3,0,3,3,0,3,34,0,34,149,3,146,6,0,6,0,0,0,0,0,0,4,0,4,2,0,2,223,105,118
29,573,0114,613486,0000,000000,KARNATAKA,Mandya,VILLAGE,Rayasamudra,Rural,403,1789,901,888,183,92,91,349,170,179,0,0,0,1092,627,465,697,274,423,1241,637,604,978,625,353,456,423,33,455,150,305,6,5,1,61,47,14,263,12,251,10,3,7,238,3,235,0,0,0,15,6,9,262,11,251,10,3,7,238,3,235,0,0,0,14,5,9,1,1,0,0,0,0,0,0,0,0,0,0,1,1,0,548,264,284
29,573,0114,613487,0000,000000,KARNATAKA,Mandya,VILLAGE,Kodihalli,Rural,43,203,100,103,14,9,5,0,0,0,0,0,0,133,76,57,70,24,46,140,74,66,135,74,61,111,60,51,15,9,6,0,0,0,9,5,4,5,0,5,2,0,2,1,0,1,0,0,0,2,0,2,5,0,5,2,0,2,1,0,1,0,0,0,2,0,2,0,0,0,0,0,0,0,0,0,0,0,0,0,0,0,63,26,37
29,573,0114,613488,0000,000000,KARNATAKA,Mandya,VILLAGE,Sindaghatta,Rural,828,3464,1722,1742,297,156,141,456,221,235,8,4,4,2316,1263,1053,1148,459,689,2059,1155,904,1247,1042,205,791,707,84,107,53,54,5,3,2,344,279,65,812,113,699,431,31,400,229,24,205,3,0,3,149,58,91,734,77,657,392,25,367,223,23,200,2,0,2,117,29,88,78,36,42,39,6,33,6,1,5,1,0,1,32,29,3,1405,567,838
29,573,0114,613489,0000,000000,KARNATAKA,Mandya,VILLAGE,Maruvanahalli,Rural,154,686,342,344,43,21,22,0,0,0,5,3,2,507,283,224,179,59,120,475,243,232,463,236,227,365,179,186,31,11,20,9,9,0,58,37,21,12,7,5,8,4,4,1,0,1,0,0,0,3,3,0,11,7,4,8,4,4,0,0,0,0,0,0,3,3,0,1,0,1,0,0,0,1,0,1,0,0,0,0,0,0,211,99,112
29,573,0114,613490,0000,000000,KARNATAKA,Mandya,VILLAGE,Chikkanayakanahalli,Rural,35,165,73,92,17,4,13,0,0,0,0,0,0,92,46,46,73,27,46,85,54,31,64,48,16,23,17,6,28,23,5,0,0,0,13,8,5,21,6,15,0,0,0,16,5,11,1,0,1,4,1,3,19,5,14,0,0,0,15,4,11,0,0,0,4,1,3,2,1,1,0,0,0,1,1,0,1,0,1,0,0,0,80,19,61
29,573,0114,613491,0000,000000,KARNATAKA,Mandya,VILLAGE,Hathimaranahalli,Rural,59,265,134,131,22,9,13,0,0,0,0,0,0,151,95,56,114,39,75,166,87,79,146,80,66,83,52,31,34,13,21,18,10,8,11,5,6,20,7,13,2,1,1,5,1,4,0,0,0,13,5,8,16,5,11,2,1,1,5,1,4,0,0,0,9,3,6,4,2,2,0,0,0,0,0,0,0,0,0,4,2,2,99,47,52
29,573,0114,613492,0000,000000,KARNATAKA,Mandya,VILLAGE,Uygonahalli,Rural,105,464,232,232,39,18,21,82,39,43,1,0,1,241,142,99,223,90,133,295,156,139,141,119,22,119,106,13,14,7,7,0,0,0,8,6,2,154,37,117,3,0,3,147,36,111,0,0,0,4,1,3,153,37,116,3,0,3,147,36,111,0,0,0,3,1,2,1,0,1,0,0,0,0,0,0,0,0,0,1,0,1,169,76,93
29,573,0114,613493,0000,000000,KARNATAKA,Mandya,VILLAGE,Haralahalli,Rural,258,1118,560,558,99,49,50,177,92,85,0,0,0,720,411,309,398,149,249,676,367,309,495,341,154,378,261,117,37,19,18,11,8,3,69,53,16,181,26,155,74,5,69,9,4,5,9,4,5,89,13,76,181,26,155,74,5,69,9,4,5,9,4,5,89,13,76,0,0,0,0,0,0,0,0,0,0,0,0,0,0,0,442,193,249
29,573,0114,613494,0000,000000,KARNATAKA,Mandya,VILLAGE,Singapura,Rural,43,209,102,107,23,12,11,0,0,0,0,0,0,119,66,53,90,36,54,134,67,67,68,67,1,63,63,0,0,0,0,0,0,0,5,4,1,66,0,66,0,0,0,3,0,3,0,0,0,63,0,63,66,0,66,0,0,0,3,0,3,0,0,0,63,0,63,0,0,0,0,0,0,0,0,0,0,0,0,0,0,0,75,35,40
29,573,0114,613495,0000,000000,KARNATAKA,Mandya,VILLAGE,Hemmadahalli,Rural,47,212,103,109,20,12,8,0,0,0,0,0,0,130,70,60,82,33,49,79,67,12,78,67,11,76,66,10,0,0,0,1,1,0,1,0,1,1,0,1,1,0,1,0,0,0,0,0,0,0,0,0,1,0,1,1,0,1,0,0,0,0,0,0,0,0,0,0,0,0,0,0,0,0,0,0,0,0,0,0,0,0,133,36,97
29,573,0114,613496,0000,000000,KARNATAKA,Mandya,VILLAGE,Karathanahalli,Rural,37,164,81,83,12,4,8,0,0,0,0,0,0,121,70,51,43,11,32,93,52,41,57,52,5,48,47,1,0,0,0,0,0,0,9,5,4,36,0,36,1,0,1,0,0,0,0,0,0,35,0,35,36,0,36,1,0,1,0,0,0,0,0,0,35,0,35,0,0,0,0,0,0,0,0,0,0,0,0,0,0,0,71,29,42
29,573,0114,613497,0000,000000,KARNATAKA,Mandya,VILLAGE,Byrapura,Rural,175,675,345,330,66,37,29,156,74,82,2,1,1,341,217,124,334,128,206,436,255,181,412,238,174,342,199,143,13,7,6,0,0,0,57,32,25,24,17,7,18,16,2,2,0,2,0,0,0,4,1,3,7,2,5,4,2,2,2,0,2,0,0,0,1,0,1,17,15,2,14,14,0,0,0,0,0,0,0,3,1,2,239,90,149
29,573,0114,613498,0000,000000,KARNATAKA,Mandya,VILLAGE,Shivapura,Rural,51,238,121,117,30,12,18,18,10,8,8,5,3,158,95,63,80,26,54,157,81,76,91,80,11,62,62,0,18,11,7,0,0,0,11,7,4,66,1,65,2,0,2,0,0,0,0,0,0,64,1,63,66,1,65,2,0,2,0,0,0,0,0,0,64,1,63,0,0,0,0,0,0,0,0,0,0,0,0,0,0,0,81,40,41
29,573,0114,613499,0000,000000,KARNATAKA,Mandya,VILLAGE,Byaladakere,Rural,269,1239,629,610,110,55,55,269,141,128,0,0,0,653,377,276,586,252,334,776,448,328,468,377,91,435,360,75,6,4,2,9,5,4,18,8,10,308,71,237,191,29,162,29,4,25,11,8,3,77,30,47,256,50,206,191,29,162,27,2,25,11,8,3,27,11,16,52,21,31,0,0,0,2,2,0,0,0,0,50,19,31,463,181,282
29,573,0114,613500,0000,000000,KARNATAKA,Mandya,VILLAGE,Chattenahalli,Rural,162,767,398,369,68,42,26,87,42,45,0,0,0,496,281,215,271,117,154,475,269,206,177,163,14,147,138,9,7,6,1,3,3,0,20,16,4,298,106,192,10,3,7,68,16,52,7,3,4,213,84,129,287,99,188,9,3,6,68,16,52,5,2,3,205,78,127,11,7,4,1,0,1,0,0,0,2,1,1,8,6,2,292,129,163
29,573,0114,613501,0000,000000,KARNATAKA,Mandya,VILLAGE,Hiralahalli,Rural,168,731,383,348,50,26,24,137,69,68,17,10,7,478,273,205,253,110,143,268,237,31,265,237,28,244,222,22,2,0,2,0,0,0,19,15,4,3,0,3,1,0,1,1,0,1,0,0,0,1,0,1,3,0,3,1,0,1,1,0,1,0,0,0,1,0,1,0,0,0,0,0,0,0,0,0,0,0,0,0,0,0,463,146,317
29,573,0114,613502,0000,000000,KARNATAKA,Mandya,VILLAGE,Oochanahalli,Rural,93,434,220,214,54,25,29,203,98,105,0,0,0,292,165,127,142,55,87,267,152,115,177,151,26,171,146,25,3,3,0,2,2,0,1,0,1,90,1,89,3,0,3,86,1,85,0,0,0,1,0,1,90,1,89,3,0,3,86,1,85,0,0,0,1,0,1,0,0,0,0,0,0,0,0,0,0,0,0,0,0,0,167,68,99
29,573,0114,613503,0000,000000,KARNATAKA,Mandya,VILLAGE,Honnenahalli,Rural,122,581,286,295,55,28,27,0,0,0,9,6,3,380,209,171,201,77,124,308,187,121,172,141,31,148,122,26,7,5,2,1,1,0,16,13,3,136,46,90,9,7,2,84,6,78,0,0,0,43,33,10,136,46,90,9,7,2,84,6,78,0,0,0,43,33,10,0,0,0,0,0,0,0,0,0,0,0,0,0,0,0,273,99,174
29,573,0114,613504,0000,000000,KARNATAKA,Mandya,VILLAGE,Murukanahalli,Rural,496,2133,1079,1054,157,84,73,216,110,106,1,0,1,1266,748,518,867,331,536,1156,723,433,988,709,279,526,436,90,324,176,148,5,5,0,133,92,41,168,14,154,67,5,62,93,3,90,1,1,0,7,5,2,161,13,148,61,4,57,92,3,89,1,1,0,7,5,2,7,1,6,6,1,5,1,0,1,0,0,0,0,0,0,977,356,621
29,573,0114,613505,0000,000000,KARNATAKA,Mandya,VILLAGE,Naduboganahalli,Rural,119,487,233,254,33,14,19,125,59,66,0,0,0,293,168,125,194,65,129,315,186,129,312,186,126,308,184,124,0,0,0,0,0,0,4,2,2,3,0,3,3,0,3,0,0,0,0,0,0,0,0,0,3,0,3,3,0,3,0,0,0,0,0,0,0,0,0,0,0,0,0,0,0,0,0,0,0,0,0,0,0,0,172,47,125
29,573,0114,613506,0000,000000,KARNATAKA,Mandya,VILLAGE,Hakkimanchnahalli,Rural,67,309,151,158,25,9,16,115,56,59,1,1,0,190,106,84,119,45,74,187,116,71,145,114,31,141,112,29,2,2,0,0,0,0,2,0,2,42,2,40,3,1,2,37,1,36,0,0,0,2,0,2,42,2,40,3,1,2,37,1,36,0,0,0,2,0,2,0,0,0,0,0,0,0,0,0,0,0,0,0,0,0,122,35,87
29,573,0114,613507,0000,000000,KARNATAKA,Mandya,VILLAGE,Bommanaykanahalli,Rural,35,158,84,74,19,8,11,0,0,0,0,0,0,92,59,33,66,25,41,114,63,51,66,63,3,63,63,0,0,0,0,0,0,0,3,0,3,48,0,48,0,0,0,0,0,0,0,0,0,48,0,48,48,0,48,0,0,0,0,0,0,0,0,0,48,0,48,0,0,0,0,0,0,0,0,0,0,0,0,0,0,0,44,21,23
29,573,0114,613508,0000,000000,KARNATAKA,Mandya,VILLAGE,Chowda Ghatta,Rural,100,434,234,200,36,21,15,4,3,1,0,0,0,272,165,107,162,69,93,180,157,23,175,155,20,157,141,16,15,12,3,0,0,0,3,2,1,5,2,3,0,0,0,2,0,2,2,2,0,1,0,1,5,2,3,0,0,0,2,0,2,2,2,0,1,0,1,0,0,0,0,0,0,0,0,0,0,0,0,0,0,0,254,77,177
29,573,0114,613509,0000,000000,KARNATAKA,Mandya,VILLAGE,Sheerbillenahally,Rural,91,342,173,169,18,6,12,46,27,19,0,0,0,213,124,89,129,49,80,218,121,97,117,101,16,93,86,7,16,11,5,1,0,1,7,4,3,101,20,81,76,14,62,17,5,12,6,1,5,2,0,2,100,20,80,76,14,62,16,5,11,6,1,5,2,0,2,1,0,1,0,0,0,1,0,1,0,0,0,0,0,0,124,52,72
29,573,0114,613510,0000,000000,KARNATAKA,Mandya,VILLAGE,Navilumaranahalli,Rural,109,387,191,196,39,15,24,38,22,16,5,2,3,249,133,116,138,58,80,222,123,99,203,115,88,178,101,77,21,11,10,0,0,0,4,3,1,19,8,11,10,4,6,5,1,4,1,1,0,3,2,1,17,6,11,9,3,6,5,1,4,1,1,0,2,1,1,2,2,0,1,1,0,0,0,0,0,0,0,1,1,0,165,68,97
29,573,0114,613511,0000,000000,KARNATAKA,Mandya,VILLAGE,Guduganahalli,Rural,118,530,260,270,60,27,33,138,64,74,8,2,6,319,188,131,211,72,139,357,184,173,357,184,173,340,176,164,4,2,2,0,0,0,13,6,7,0,0,0,0,0,0,0,0,0,0,0,0,0,0,0,0,0,0,0,0,0,0,0,0,0,0,0,0,0,0,0,0,0,0,0,0,0,0,0,0,0,0,0,0,0,173,76,97
29,573,0114,613512,0000,000000,KARNATAKA,Mandya,VILLAGE,Seelanere,Rural,428,1707,824,883,137,68,69,171,77,94,0,0,0,1043,601,442,664,223,441,1096,583,513,535,501,34,417,404,13,23,17,6,12,11,1,83,69,14,561,82,479,304,57,247,233,15,218,12,7,5,12,3,9,545,70,475,298,54,244,226,8,218,10,5,5,11,3,8,16,12,4,6,3,3,7,7,0,2,2,0,1,0,1,611,241,370
29,573,0114,613513,0000,000000,KARNATAKA,Mandya,VILLAGE,Maradahalli,Rural,138,587,300,287,39,26,13,1,0,1,0,0,0,432,245,187,155,55,100,375,187,188,207,163,44,190,154,36,5,3,2,3,3,0,9,3,6,168,24,144,5,3,2,71,1,70,0,0,0,92,20,72,167,23,144,5,3,2,71,1,70,0,0,0,91,19,72,1,1,0,0,0,0,0,0,0,0,0,0,1,1,0,212,113,99
29,573,0114,613514,0000,000000,KARNATAKA,Mandya,VILLAGE,Hadanur,Rural,250,921,468,453,85,46,39,125,66,59,0,0,0,501,300,201,420,168,252,346,297,49,345,297,48,293,259,34,0,0,0,0,0,0,52,38,14,1,0,1,0,0,0,0,0,0,0,0,0,1,0,1,1,0,1,0,0,0,0,0,0,0,0,0,1,0,1,0,0,0,0,0,0,0,0,0,0,0,0,0,0,0,575,171,404
29,573,0114,613515,0000,000000,KARNATAKA,Mandya,VILLAGE,Ramanahalli,Rural,138,599,284,315,53,32,21,12,4,8,19,10,9,367,208,159,232,76,156,363,171,192,313,157,156,69,39,30,220,107,113,3,2,1,21,9,12,50,14,36,3,1,2,10,3,7,1,1,0,36,9,27,20,9,11,2,1,1,9,3,6,1,1,0,8,4,4,30,5,25,1,0,1,1,0,1,0,0,0,28,5,23,236,113,123
29,573,0114,613516,0000,000000,KARNATAKA,Mandya,VILLAGE,Paduvabagalu Manchana Halli,Rural,174,770,397,373,88,49,39,84,40,44,0,0,0,369,235,134,401,162,239,604,315,289,524,288,236,154,127,27,249,61,188,2,1,1,119,99,20,80,27,53,20,18,2,42,0,42,0,0,0,18,9,9,80,27,53,20,18,2,42,0,42,0,0,0,18,9,9,0,0,0,0,0,0,0,0,0,0,0,0,0,0,0,166,82,84
29,573,0114,613517,0000,000000,KARNATAKA,Mandya,VILLAGE,Rajaghatta,Rural,232,971,496,475,105,54,51,81,46,35,0,0,0,499,304,195,472,192,280,607,335,272,580,323,257,251,247,4,288,42,246,19,19,0,22,15,7,27,12,15,7,6,1,16,2,14,2,2,0,2,2,0,27,12,15,7,6,1,16,2,14,2,2,0,2,2,0,0,0,0,0,0,0,0,0,0,0,0,0,0,0,0,364,161,203
29,573,0114,613518,0000,000000,KARNATAKA,Mandya,VILLAGE,K.G.Kodihalli,Rural,95,391,193,198,33,16,17,177,90,87,0,0,0,232,145,87,159,48,111,241,129,112,238,128,110,199,110,89,19,4,15,2,1,1,18,13,5,3,1,2,2,1,1,0,0,0,1,0,1,0,0,0,3,1,2,2,1,1,0,0,0,1,0,1,0,0,0,0,0,0,0,0,0,0,0,0,0,0,0,0,0,0,150,64,86
29,573,0114,613519,0000,000000,KARNATAKA,Mandya,VILLAGE,Chattamgere,Rural,264,1007,521,486,76,43,33,98,51,47,2,0,2,645,396,249,362,125,237,630,361,269,619,353,266,491,271,220,58,25,33,11,7,4,59,50,9,11,8,3,4,3,1,1,0,1,3,2,1,3,3,0,9,6,3,3,2,1,1,0,1,2,1,1,3,3,0,2,2,0,1,1,0,0,0,0,1,1,0,0,0,0,377,160,217
29,573,0114,613520,0000,000000,KARNATAKA,Mandya,VILLAGE,Malkonahalli,Rural,145,601,303,298,49,23,26,213,111,102,0,0,0,328,199,129,273,104,169,437,217,220,434,215,219,418,206,212,6,2,4,1,1,0,9,6,3,3,2,1,2,1,1,0,0,0,0,0,0,1,1,0,2,1,1,1,0,1,0,0,0,0,0,0,1,1,0,1,1,0,1,1,0,0,0,0,0,0,0,0,0,0,164,86,78
29,573,0114,613521,0000,000000,KARNATAKA,Mandya,VILLAGE,Thendekere,Rural,267,1057,526,531,102,55,47,200,100,100,21,11,10,670,371,299,387,155,232,418,356,62,391,347,44,202,193,9,30,22,8,35,30,5,124,102,22,27,9,18,3,2,1,6,1,5,16,5,11,2,1,1,23,6,17,1,1,0,6,1,5,15,4,11,1,0,1,4,3,1,2,1,1,0,0,0,1,1,0,1,1,0,639,170,469
29,573,0114,613522,0000,000000,KARNATAKA,Mandya,VILLAGE,Anchanahalli,Rural,230,989,505,484,84,45,39,225,112,113,0,0,0,584,353,231,405,152,253,518,329,189,330,321,9,294,291,3,5,3,2,3,3,0,28,24,4,188,8,180,119,4,115,67,3,64,1,0,1,1,1,0,185,8,177,117,4,113,66,3,63,1,0,1,1,1,0,3,0,3,2,0,2,1,0,1,0,0,0,0,0,0,471,176,295
29,573,0114,613523,0000,000000,KARNATAKA,Mandya,VILLAGE,Thagadur,Rural,126,512,256,256,42,21,21,148,72,76,0,0,0,344,198,146,168,58,110,356,180,176,195,176,19,152,145,7,0,0,0,0,0,0,43,31,12,161,4,157,160,4,156,1,0,1,0,0,0,0,0,0,5,2,3,4,2,2,1,0,1,0,0,0,0,0,0,156,2,154,156,2,154,0,0,0,0,0,0,0,0,0,156,76,80
29,573,0114,613524,0000,000000,KARNATAKA,Mandya,VILLAGE,Anchemuddanahalli,Rural,158,706,353,353,72,50,22,20,8,12,6,3,3,350,201,149,356,152,204,413,217,196,228,207,21,171,158,13,22,19,3,9,7,2,26,23,3,185,10,175,70,7,63,112,2,110,2,0,2,1,1,0,173,9,164,67,6,61,103,2,101,2,0,2,1,1,0,12,1,11,3,1,2,9,0,9,0,0,0,0,0,0,293,136,157
29,573,0114,613525,0000,000000,KARNATAKA,Mandya,VILLAGE,Ballekere,Rural,102,381,200,181,38,26,12,81,43,38,0,0,0,202,124,78,179,76,103,291,153,138,183,134,49,97,89,8,63,34,29,9,1,8,14,10,4,108,19,89,29,4,25,34,3,31,44,12,32,1,0,1,73,6,67,18,0,18,31,2,29,24,4,20,0,0,0,35,13,22,11,4,7,3,1,2,20,8,12,1,0,1,90,47,43
29,573,0114,613526,0000,000000,KARNATAKA,Mandya,VILLAGE,Hunusanahalli,Rural,70,280,131,149,29,12,17,118,52,66,0,0,0,151,85,66,129,46,83,191,101,90,114,82,32,50,42,8,50,29,21,0,0,0,14,11,3,77,19,58,26,5,21,37,13,24,14,1,13,0,0,0,62,13,49,18,3,15,32,9,23,12,1,11,0,0,0,15,6,9,8,2,6,5,4,1,2,0,2,0,0,0,89,30,59
29,573,0114,613527,0000,000000,KARNATAKA,Mandya,VILLAGE,Cheekanahalli,Rural,189,827,411,416,90,47,43,352,173,179,0,0,0,411,246,165,416,165,251,508,263,245,280,260,20,259,248,11,0,0,0,0,0,0,21,12,9,228,3,225,228,3,225,0,0,0,0,0,0,0,0,0,202,3,199,202,3,199,0,0,0,0,0,0,0,0,0,26,0,26,26,0,26,0,0,0,0,0,0,0,0,0,319,148,171
29,573,0114,613528,0000,000000,KARNATAKA,Mandya,VILLAGE,Bommalapura,Rural,144,590,303,287,63,36,27,57,30,27,0,0,0,281,167,114,309,136,173,414,216,198,221,213,8,204,199,5,9,9,0,0,0,0,8,5,3,193,3,190,2,0,2,191,3,188,0,0,0,0,0,0,164,1,163,1,0,1,163,1,162,0,0,0,0,0,0,29,2,27,1,0,1,28,2,26,0,0,0,0,0,0,176,87,89
29,573,0114,613529,0000,000000,KARNATAKA,Mandya,VILLAGE,Voddarahalli,Rural,155,667,340,327,77,43,34,42,20,22,0,0,0,495,282,213,172,58,114,227,208,19,225,207,18,132,124,8,51,47,4,10,8,2,32,28,4,2,1,1,0,0,0,1,0,1,0,0,0,1,1,0,1,1,0,0,0,0,0,0,0,0,0,0,1,1,0,1,0,1,0,0,0,1,0,1,0,0,0,0,0,0,440,132,308
29,573,0114,613530,0000,000000,KARNATAKA,Mandya,VILLAGE,Kuppahalli,Rural,251,1040,516,524,86,44,42,85,39,46,152,80,72,636,358,278,404,158,246,746,380,366,379,354,25,268,260,8,60,50,10,17,17,0,34,27,7,367,26,341,82,10,72,195,8,187,3,0,3,87,8,79,367,26,341,82,10,72,195,8,187,3,0,3,87,8,79,0,0,0,0,0,0,0,0,0,0,0,0,0,0,0,294,136,158
29,573,0114,613531,0000,000000,KARNATAKA,Mandya,VILLAGE,Heggadahalli,Rural,320,1433,732,701,122,57,65,123,65,58,3,2,1,866,519,347,567,213,354,497,443,54,428,399,29,356,335,21,12,11,1,31,30,1,29,23,6,69,44,25,20,18,2,43,23,20,3,2,1,3,1,2,54,41,13,20,18,2,29,20,9,2,2,0,3,1,2,15,3,12,0,0,0,14,3,11,1,0,1,0,0,0,936,289,647
29,573,0114,613532,0000,000000,KARNATAKA,Mandya,VILLAGE,Makavalli,Rural,364,1548,772,776,167,78,89,76,38,38,5,2,3,931,538,393,617,234,383,557,544,13,551,538,13,413,413,0,25,23,2,0,0,0,113,102,11,6,6,0,1,1,0,0,0,0,0,0,0,5,5,0,6,6,0,1,1,0,0,0,0,0,0,0,5,5,0,0,0,0,0,0,0,0,0,0,0,0,0,0,0,0,991,228,763
29,573,0114,613533,0000,000000,KARNATAKA,Mandya,VILLAGE,Hirikalale,Rural,552,2468,1257,1211,202,109,93,285,138,147,11,6,5,1569,894,675,899,363,536,853,759,94,782,719,63,627,589,38,92,75,17,0,0,0,63,55,8,71,40,31,10,4,6,44,26,18,0,0,0,17,10,7,63,38,25,6,2,4,42,26,16,0,0,0,15,10,5,8,2,6,4,2,2,2,0,2,0,0,0,2,0,2,1615,498,1117
29,573,0114,613534,0000,000000,KARNATAKA,Mandya,VILLAGE,Gangenahalli,Rural,133,619,314,305,80,43,37,0,0,0,0,0,0,328,178,150,291,136,155,307,203,104,279,203,76,266,198,68,12,5,7,0,0,0,1,0,1,28,0,28,10,0,10,6,0,6,0,0,0,12,0,12,27,0,27,9,0,9,6,0,6,0,0,0,12,0,12,1,0,1,1,0,1,0,0,0,0,0,0,0,0,0,312,111,201
29,573,0114,613535,0000,000000,KARNATAKA,Mandya,VILLAGE,Kadumenasa,Rural,106,503,254,249,60,33,27,139,67,72,0,0,0,233,140,93,270,114,156,252,158,94,215,158,57,182,143,39,30,14,16,0,0,0,3,1,2,37,0,37,37,0,37,0,0,0,0,0,0,0,0,0,37,0,37,37,0,37,0,0,0,0,0,0,0,0,0,0,0,0,0,0,0,0,0,0,0,0,0,0,0,0,251,96,155
29,573,0114,613536,0000,000000,KARNATAKA,Mandya,VILLAGE,Margonahalli,Rural,111,505,255,250,47,27,20,0,0,0,0,0,0,290,170,120,215,85,130,301,170,131,281,159,122,224,129,95,31,9,22,15,12,3,11,9,2,20,11,9,6,3,3,4,0,4,7,6,1,3,2,1,11,6,5,1,0,1,2,0,2,6,5,1,2,1,1,9,5,4,5,3,2,2,0,2,1,1,0,1,1,0,204,85,119
29,573,0114,613537,0000,000000,KARNATAKA,Mandya,VILLAGE,Nagarur,Rural,151,658,322,336,84,43,41,99,49,50,8,5,3,288,187,101,370,135,235,311,185,126,182,165,17,155,149,6,21,11,10,1,1,0,5,4,1,129,20,109,98,11,87,19,2,17,0,0,0,12,7,5,58,9,49,41,3,38,8,1,7,0,0,0,9,5,4,71,11,60,57,8,49,11,1,10,0,0,0,3,2,1,347,137,210
29,573,0114,613538,0000,000000,KARNATAKA,Mandya,VILLAGE,Valageremenasa,Rural,347,1544,783,761,127,57,70,199,101,98,72,37,35,1095,622,473,449,161,288,722,541,181,544,454,90,359,355,4,44,28,16,5,1,4,136,70,66,178,87,91,2,1,1,142,64,78,12,7,5,22,15,7,163,80,83,2,1,1,134,62,72,10,6,4,17,11,6,15,7,8,0,0,0,8,2,6,2,1,1,5,4,1,822,242,580
29,573,0114,613539,0000,000000,KARNATAKA,Mandya,VILLAGE,Chilladahalli,Rural,78,401,202,199,49,26,23,0,0,0,0,0,0,201,108,93,200,94,106,206,122,84,134,120,14,123,119,4,6,0,6,0,0,0,5,1,4,72,2,70,5,0,5,66,1,65,1,1,0,0,0,0,65,0,65,5,0,5,60,0,60,0,0,0,0,0,0,7,2,5,0,0,0,6,1,5,1,1,0,0,0,0,195,80,115
29,573,0114,613540,0000,000000,KARNATAKA,Mandya,VILLAGE,Harinahalli,Rural,127,532,266,266,52,29,23,65,35,30,0,0,0,312,172,140,220,94,126,298,179,119,278,167,111,232,140,92,29,14,15,5,4,1,12,9,3,20,12,8,10,4,6,3,2,1,5,4,1,2,2,0,16,10,6,8,4,4,3,2,1,4,3,1,1,1,0,4,2,2,2,0,2,0,0,0,1,1,0,1,1,0,234,87,147
29,573,0114,613541,0000,000000,KARNATAKA,Mandya,VILLAGE,Theganahalli,Rural,258,1198,606,592,134,68,66,283,143,140,0,0,0,647,388,259,551,218,333,814,420,394,448,393,55,309,303,6,90,63,27,0,0,0,49,27,22,366,27,339,242,12,230,108,12,96,0,0,0,16,3,13,361,27,334,242,12,230,105,12,93,0,0,0,14,3,11,5,0,5,0,0,0,3,0,3,0,0,0,2,0,2,384,186,198
29,573,0114,613542,0000,000000,KARNATAKA,Mandya,VILLAGE,Komanahalli,Rural,35,187,97,90,31,16,15,0,0,0,0,0,0,107,64,43,80,33,47,126,65,61,66,65,1,44,44,0,0,0,0,0,0,0,22,21,1,60,0,60,59,0,59,1,0,1,0,0,0,0,0,0,60,0,60,59,0,59,1,0,1,0,0,0,0,0,0,0,0,0,0,0,0,0,0,0,0,0,0,0,0,0,61,32,29
29,573,0114,613543,0000,000000,KARNATAKA,Mandya,VILLAGE,Pura,Rural,129,534,261,273,50,30,20,30,12,18,5,3,2,313,178,135,221,83,138,351,174,177,269,149,120,119,87,32,125,39,86,9,9,0,16,14,2,82,25,57,10,0,10,49,10,39,8,5,3,15,10,5,62,11,51,10,0,10,47,8,39,2,1,1,3,2,1,20,14,6,0,0,0,2,2,0,6,4,2,12,8,4,183,87,96
29,573,0114,613544,0000,000000,KARNATAKA,Mandya,VILLAGE,Chikkonahalli,Rural,149,690,338,352,53,25,28,61,26,35,0,0,0,470,256,214,220,82,138,426,232,194,405,218,187,300,135,165,15,14,1,28,24,4,62,45,17,21,14,7,10,6,4,3,1,2,1,1,0,7,6,1,18,13,5,8,5,3,2,1,1,1,1,0,7,6,1,3,1,2,2,1,1,1,0,1,0,0,0,0,0,0,264,106,158
29,573,0114,613545,0000,000000,KARNATAKA,Mandya,VILLAGE,Kundanahalli,Rural,82,376,202,174,45,22,23,179,97,82,0,0,0,231,139,92,145,63,82,130,124,6,118,114,4,101,99,2,2,2,0,0,0,0,15,13,2,12,10,2,7,7,0,3,2,1,2,1,1,0,0,0,10,9,1,7,7,0,3,2,1,0,0,0,0,0,0,2,1,1,0,0,0,0,0,0,2,1,1,0,0,0,246,78,168
29,573,0114,613546,0000,000000,KARNATAKA,Mandya,VILLAGE,Mallenahalli,Rural,137,647,341,306,78,44,34,33,17,16,0,0,0,378,244,134,269,97,172,460,234,226,459,234,225,455,231,224,1,1,0,0,0,0,3,2,1,1,0,1,0,0,0,0,0,0,0,0,0,1,0,1,1,0,1,0,0,0,0,0,0,0,0,0,1,0,1,0,0,0,0,0,0,0,0,0,0,0,0,0,0,0,187,107,80
29,573,0114,613547,0000,000000,KARNATAKA,Mandya,VILLAGE,Biliganahalli,Rural,3,12,5,7,0,0,0,0,0,0,0,0,0,11,5,6,1,0,1,3,3,0,3,3,0,2,2,0,0,0,0,0,0,0,1,1,0,0,0,0,0,0,0,0,0,0,0,0,0,0,0,0,0,0,0,0,0,0,0,0,0,0,0,0,0,0,0,0,0,0,0,0,0,0,0,0,0,0,0,0,0,0,9,2,7
29,573,0114,613548,0000,000000,KARNATAKA,Mandya,VILLAGE,Bandihole,Rural,649,2678,1378,1300,270,144,126,667,344,323,44,21,23,1828,1036,792,850,342,508,1287,887,400,1038,846,192,609,569,40,312,186,126,0,0,0,117,91,26,249,41,208,151,27,124,84,11,73,1,0,1,13,3,10,141,19,122,64,6,58,66,10,56,1,0,1,10,3,7,108,22,86,87,21,66,18,1,17,0,0,0,3,0,3,1391,491,900
29,573,0114,613549,0000,000000,KARNATAKA,Mandya,VILLAGE,Gattiganahalli,Rural,0,0,0,0,0,0,0,0,0,0,0,0,0,0,0,0,0,0,0,0,0,0,0,0,0,0,0,0,0,0,0,0,0,0,0,0,0,0,0,0,0,0,0,0,0,0,0,0,0,0,0,0,0,0,0,0,0,0,0,0,0,0,0,0,0,0,0,0,0,0,0,0,0,0,0,0,0,0,0,0,0,0,0,0,0
29,573,0114,613550,0000,000000,KARNATAKA,Mandya,VILLAGE,Laxmipura,Rural,208,899,451,448,78,41,37,203,101,102,0,0,0,660,366,294,239,85,154,425,327,98,404,313,91,175,166,9,208,130,78,4,4,0,17,13,4,21,14,7,9,9,0,7,1,6,0,0,0,5,4,1,20,13,7,8,8,0,7,1,6,0,0,0,5,4,1,1,1,0,1,1,0,0,0,0,0,0,0,0,0,0,474,124,350
29,573,0114,613551,0000,000000,KARNATAKA,Mandya,VILLAGE,Bellibettadakaval,Rural,111,479,240,239,48,20,28,456,228,228,0,0,0,292,172,120,187,68,119,314,170,144,130,107,23,90,87,3,32,17,15,2,1,1,6,2,4,184,63,121,6,3,3,175,59,116,1,1,0,2,0,2,166,52,114,6,3,3,159,49,110,0,0,0,1,0,1,18,11,7,0,0,0,16,10,6,1,1,0,1,0,1,165,70,95
29,573,0114,613552,0000,000000,KARNATAKA,Mandya,VILLAGE,Sadugonahalli,Rural,138,594,288,306,43,24,19,56,26,30,8,4,4,370,194,176,224,94,130,274,190,84,238,163,75,223,152,71,2,1,1,0,0,0,13,10,3,36,27,9,2,2,0,0,0,0,0,0,0,34,25,9,31,24,7,2,2,0,0,0,0,0,0,0,29,22,7,5,3,2,0,0,0,0,0,0,0,0,0,5,3,2,320,98,222
29,573,0114,613553,0000,000000,KARNATAKA,Mandya,VILLAGE,Krishnarajpet (Rural),Rural,0,0,0,0,0,0,0,0,0,0,0,0,0,0,0,0,0,0,0,0,0,0,0,0,0,0,0,0,0,0,0,0,0,0,0,0,0,0,0,0,0,0,0,0,0,0,0,0,0,0,0,0,0,0,0,0,0,0,0,0,0,0,0,0,0,0,0,0,0,0,0,0,0,0,0,0,0,0,0,0,0,0,0,0,0
29,573,0114,613554,0000,000000,KARNATAKA,Mandya,VILLAGE,Chikkahosahalli,Rural,135,606,309,297,44,25,19,8,5,3,0,0,0,353,211,142,253,98,155,252,217,35,200,180,20,100,98,2,1,1,0,4,2,2,95,79,16,52,37,15,6,5,1,5,3,2,0,0,0,41,29,12,42,33,9,6,5,1,4,3,1,0,0,0,32,25,7,10,4,6,0,0,0,1,0,1,0,0,0,9,4,5,354,92,262
29,573,0114,613555,0000,000000,KARNATAKA,Mandya,VILLAGE,Agrahara Bachahalli,Rural,463,2118,1045,1073,207,112,95,110,52,58,60,30,30,1249,686,563,869,359,510,947,691,256,820,678,142,588,526,62,107,52,55,1,0,1,124,100,24,127,13,114,27,5,22,98,6,92,0,0,0,2,2,0,119,8,111,25,3,22,92,3,89,0,0,0,2,2,0,8,5,3,2,2,0,6,3,3,0,0,0,0,0,0,1171,354,817
29,573,0114,613556,0000,000000,KARNATAKA,Mandya,VILLAGE,Bommanayakanahalli,Rural,71,324,149,175,23,11,12,0,0,0,17,9,8,236,124,112,88,25,63,162,96,66,162,96,66,138,87,51,3,0,3,0,0,0,21,9,12,0,0,0,0,0,0,0,0,0,0,0,0,0,0,0,0,0,0,0,0,0,0,0,0,0,0,0,0,0,0,0,0,0,0,0,0,0,0,0,0,0,0,0,0,0,162,53,109
29,573,0114,613557,0000,000000,KARNATAKA,Mandya,VILLAGE,Kodihalli,Rural,24,95,45,50,14,8,6,0,0,0,24,13,11,46,26,20,49,19,30,49,27,22,49,27,22,35,21,14,1,0,1,1,1,0,12,5,7,0,0,0,0,0,0,0,0,0,0,0,0,0,0,0,0,0,0,0,0,0,0,0,0,0,0,0,0,0,0,0,0,0,0,0,0,0,0,0,0,0,0,0,0,0,46,18,28
29,573,0114,613558,0000,000000,KARNATAKA,Mandya,VILLAGE,Kallahalli,Rural,33,153,69,84,17,6,11,44,18,26,0,0,0,79,43,36,74,26,48,84,48,36,84,48,36,42,23,19,6,3,3,0,0,0,36,22,14,0,0,0,0,0,0,0,0,0,0,0,0,0,0,0,0,0,0,0,0,0,0,0,0,0,0,0,0,0,0,0,0,0,0,0,0,0,0,0,0,0,0,0,0,0,69,21,48
29,573,0114,613559,0000,000000,KARNATAKA,Mandya,VILLAGE,Areboppanahalli,Rural,132,620,321,299,61,31,30,191,93,98,0,0,0,335,196,139,285,125,160,238,226,12,225,214,11,191,190,1,0,0,0,0,0,0,34,24,10,13,12,1,2,2,0,0,0,0,2,2,0,9,8,1,10,9,1,1,1,0,0,0,0,1,1,0,8,7,1,3,3,0,1,1,0,0,0,0,1,1,0,1,1,0,382,95,287
29,573,0114,613560,0000,000000,KARNATAKA,Mandya,VILLAGE,Guddenahalli,Rural,63,298,147,151,36,15,21,25,10,15,0,0,0,155,90,65,143,57,86,114,99,15,113,99,14,95,92,3,0,0,0,0,0,0,18,7,11,1,0,1,0,0,0,0,0,0,0,0,0,1,0,1,1,0,1,0,0,0,0,0,0,0,0,0,1,0,1,0,0,0,0,0,0,0,0,0,0,0,0,0,0,0,184,48,136
29,573,0114,613561,0000,000000,KARNATAKA,Mandya,VILLAGE,Anuvinakatte,Rural,115,530,269,261,73,39,34,51,27,24,87,49,38,286,161,125,244,108,136,236,150,86,159,93,66,121,68,53,1,0,1,10,6,4,27,19,8,77,57,20,4,4,0,2,2,0,9,7,2,62,44,18,19,15,4,4,4,0,2,2,0,4,3,1,9,6,3,58,42,16,0,0,0,0,0,0,5,4,1,53,38,15,294,119,175
29,573,0114,613562,0000,000000,KARNATAKA,Mandya,VILLAGE,Bandaboyanahalli,Rural,58,260,135,125,28,17,11,9,5,4,0,0,0,148,83,65,112,52,60,162,90,72,125,67,58,49,41,8,1,0,1,7,2,5,68,24,44,37,23,14,0,0,0,0,0,0,21,11,10,16,12,4,7,6,1,0,0,0,0,0,0,4,3,1,3,3,0,30,17,13,0,0,0,0,0,0,17,8,9,13,9,4,98,45,53
29,573,0114,613563,0000,000000,KARNATAKA,Mandya,VILLAGE,Hemmanahalli,Rural,228,1092,539,553,108,51,57,65,28,37,0,0,0,647,367,280,445,172,273,565,351,214,357,314,43,287,261,26,13,6,7,1,1,0,56,46,10,208,37,171,20,4,16,159,13,146,2,0,2,27,20,7,201,35,166,19,4,15,157,13,144,1,0,1,24,18,6,7,2,5,1,0,1,2,0,2,1,0,1,3,2,1,527,188,339
29,573,0114,613564,0000,000000,KARNATAKA,Mandya,VILLAGE,Naganahalli,Rural,3,15,10,5,1,1,0,0,0,0,0,0,0,10,8,2,5,2,3,8,6,2,5,4,1,2,2,0,0,0,0,0,0,0,3,2,1,3,2,1,0,0,0,0,0,0,0,0,0,3,2,1,3,2,1,0,0,0,0,0,0,0,0,0,3,2,1,0,0,0,0,0,0,0,0,0,0,0,0,0,0,0,7,4,3
29,573,0114,613565,0000,000000,KARNATAKA,Mandya,VILLAGE,Hosaholalu,Rural,169,767,391,376,72,40,32,0,0,0,57,29,28,424,251,173,343,140,203,402,260,142,258,210,48,140,135,5,78,50,28,0,0,0,40,25,15,144,50,94,6,1,5,134,47,87,0,0,0,4,2,2,141,50,91,6,1,5,131,47,84,0,0,0,4,2,2,3,0,3,0,0,0,3,0,3,0,0,0,0,0,0,365,131,234
29,573,0114,613566,0000,000000,KARNATAKA,Mandya,VILLAGE,Billaramanahalli,Rural,25,106,55,51,5,2,3,106,55,51,0,0,0,70,43,27,36,12,24,57,34,23,54,32,22,49,27,22,0,0,0,1,1,0,4,4,0,3,2,1,0,0,0,3,2,1,0,0,0,0,0,0,3,2,1,0,0,0,3,2,1,0,0,0,0,0,0,0,0,0,0,0,0,0,0,0,0,0,0,0,0,0,49,21,28
29,573,0114,613567,0000,000000,KARNATAKA,Mandya,VILLAGE,Kathrighatta,Rural,258,1121,576,545,91,47,44,287,138,149,1,0,1,690,405,285,431,171,260,503,398,105,498,393,105,63,62,1,367,277,90,0,0,0,68,54,14,5,5,0,2,2,0,2,2,0,0,0,0,1,1,0,5,5,0,2,2,0,2,2,0,0,0,0,1,1,0,0,0,0,0,0,0,0,0,0,0,0,0,0,0,0,618,178,440
29,573,0114,613568,0000,000000,KARNATAKA,Mandya,VILLAGE,Kurnenahalli,Rural,166,636,313,323,49,24,25,0,0,0,7,4,3,409,219,190,227,94,133,276,225,51,240,210,30,126,124,2,30,14,16,3,3,0,81,69,12,36,15,21,3,2,1,24,5,19,3,3,0,6,5,1,31,12,19,1,1,0,22,4,18,2,2,0,6,5,1,5,3,2,2,1,1,2,1,1,1,1,0,0,0,0,360,88,272
29,573,0114,613569,0000,000000,KARNATAKA,Mandya,VILLAGE,Thernenahalli,Rural,108,415,199,216,27,11,16,66,33,33,0,0,0,271,156,115,144,43,101,292,150,142,137,136,1,116,116,0,8,8,0,5,5,0,8,7,1,155,14,141,0,0,0,149,12,137,2,2,0,4,0,4,152,14,138,0,0,0,146,12,134,2,2,0,4,0,4,3,0,3,0,0,0,3,0,3,0,0,0,0,0,0,123,49,74
29,573,0114,613570,0000,000000,KARNATAKA,Mandya,VILLAGE,Hariharapura,Rural,558,2332,1178,1154,201,106,95,1154,577,577,109,55,54,1545,842,703,787,336,451,1470,818,652,866,542,324,240,223,17,516,231,285,6,5,1,104,83,21,604,276,328,34,21,13,543,244,299,16,8,8,11,3,8,199,76,123,12,8,4,176,63,113,7,4,3,4,1,3,405,200,205,22,13,9,367,181,186,9,4,5,7,2,5,862,360,502
29,573,0114,613571,0000,000000,KARNATAKA,Mandya,VILLAGE,Dammalapura,Rural,0,0,0,0,0,0,0,0,0,0,0,0,0,0,0,0,0,0,0,0,0,0,0,0,0,0,0,0,0,0,0,0,0,0,0,0,0,0,0,0,0,0,0,0,0,0,0,0,0,0,0,0,0,0,0,0,0,0,0,0,0,0,0,0,0,0,0,0,0,0,0,0,0,0,0,0,0,0,0,0,0,0,0,0,0
29,573,0114,613572,0000,000000,KARNATAKA,Mandya,VILLAGE,Bommenahalli,Rural,305,1306,619,687,118,52,66,219,98,121,209,104,105,783,449,334,523,170,353,718,425,293,320,306,14,135,132,3,99,99,0,7,7,0,79,68,11,398,119,279,0,0,0,393,116,277,0,0,0,5,3,2,397,118,279,0,0,0,392,115,277,0,0,0,5,3,2,1,1,0,0,0,0,1,1,0,0,0,0,0,0,0,588,194,394
29,573,0114,613573,0000,000000,KARNATAKA,Mandya,VILLAGE,Kommenahalli,Rural,156,607,303,304,49,25,24,0,0,0,0,0,0,367,214,153,240,89,151,221,203,18,208,193,15,175,169,6,2,1,1,3,2,1,28,21,7,13,10,3,0,0,0,1,0,1,0,0,0,12,10,2,12,10,2,0,0,0,0,0,0,0,0,0,12,10,2,1,0,1,0,0,0,1,0,1,0,0,0,0,0,0,386,100,286
29,573,0114,613574,0000,000000,KARNATAKA,Mandya,VILLAGE,Yadahalli,Rural,173,839,432,407,79,43,36,118,61,57,2,1,1,505,298,207,334,134,200,351,267,84,344,262,82,234,222,12,106,37,69,0,0,0,4,3,1,7,5,2,3,2,1,3,3,0,0,0,0,1,0,1,7,5,2,3,2,1,3,3,0,0,0,0,1,0,1,0,0,0,0,0,0,0,0,0,0,0,0,0,0,0,488,165,323
29,573,0114,613575,0000,000000,KARNATAKA,Mandya,VILLAGE,Maniganahalli,Rural,9,45,25,20,1,0,1,0,0,0,0,0,0,34,21,13,11,4,7,15,15,0,15,15,0,11,11,0,2,2,0,0,0,0,2,2,0,0,0,0,0,0,0,0,0,0,0,0,0,0,0,0,0,0,0,0,0,0,0,0,0,0,0,0,0,0,0,0,0,0,0,0,0,0,0,0,0,0,0,0,0,0,30,10,20
29,573,0114,613576,0000,000000,KARNATAKA,Mandya,VILLAGE,Mathighatta,Rural,105,473,240,233,45,23,22,3,2,1,0,0,0,285,161,124,188,79,109,188,161,27,180,157,23,124,119,5,23,11,12,0,0,0,33,27,6,8,4,4,0,0,0,1,0,1,0,0,0,7,4,3,8,4,4,0,0,0,1,0,1,0,0,0,7,4,3,0,0,0,0,0,0,0,0,0,0,0,0,0,0,0,285,79,206
29,573,0114,613577,0000,000000,KARNATAKA,Mandya,VILLAGE,Chowdenahalli,Rural,170,777,383,394,86,48,38,96,47,49,0,0,0,510,277,233,267,106,161,251,237,14,244,236,8,213,210,3,4,2,2,0,0,0,27,24,3,7,1,6,0,0,0,2,0,2,0,0,0,5,1,4,7,1,6,0,0,0,2,0,2,0,0,0,5,1,4,0,0,0,0,0,0,0,0,0,0,0,0,0,0,0,526,146,380
29,573,0114,613578,0000,000000,KARNATAKA,Mandya,VILLAGE,Nargonahalli,Rural,284,1243,642,601,128,58,70,1068,555,513,0,0,0,683,392,291,560,250,310,614,419,195,481,413,68,222,211,11,143,100,43,0,0,0,116,102,14,133,6,127,1,0,1,127,1,126,2,2,0,3,3,0,133,6,127,1,0,1,127,1,126,2,2,0,3,3,0,0,0,0,0,0,0,0,0,0,0,0,0,0,0,0,629,223,406
29,573,0114,613579,0000,000000,KARNATAKA,Mandya,VILLAGE,Kamanahalli,Rural,378,1676,847,829,135,73,62,176,88,88,0,0,0,1014,583,431,662,264,398,1050,548,502,631,531,100,433,427,6,106,34,72,0,0,0,92,70,22,419,17,402,35,4,31,375,7,368,1,0,1,8,6,2,415,17,398,32,4,28,374,7,367,1,0,1,8,6,2,4,0,4,3,0,3,1,0,1,0,0,0,0,0,0,626,299,327
29,573,0114,613580,0000,000000,KARNATAKA,Mandya,VILLAGE,Uddinaborekaval,Rural,28,118,62,56,14,5,9,114,59,55,0,0,0,64,38,26,54,24,30,46,44,2,46,44,2,45,44,1,0,0,0,0,0,0,1,0,1,0,0,0,0,0,0,0,0,0,0,0,0,0,0,0,0,0,0,0,0,0,0,0,0,0,0,0,0,0,0,0,0,0,0,0,0,0,0,0,0,0,0,0,0,0,72,18,54
29,573,0114,613581,0000,000000,KARNATAKA,Mandya,VILLAGE,Chikkamandagere,Rural,176,765,360,405,103,46,57,2,1,1,28,14,14,430,240,190,335,120,215,382,235,147,366,232,134,340,215,125,0,0,0,1,1,0,25,16,9,16,3,13,12,3,9,1,0,1,3,0,3,0,0,0,15,3,12,11,3,8,1,0,1,3,0,3,0,0,0,1,0,1,1,0,1,0,0,0,0,0,0,0,0,0,383,125,258
29,573,0114,613582,0000,000000,KARNATAKA,Mandya,VILLAGE,Shravanahalli,Rural,169,646,329,317,56,28,28,66,30,36,0,0,0,362,204,158,284,125,159,221,217,4,221,217,4,219,215,4,1,1,0,0,0,0,1,1,0,0,0,0,0,0,0,0,0,0,0,0,0,0,0,0,0,0,0,0,0,0,0,0,0,0,0,0,0,0,0,0,0,0,0,0,0,0,0,0,0,0,0,0,0,0,425,112,313
29,573,0114,613583,0000,000000,KARNATAKA,Mandya,VILLAGE,Bevinahalli,Rural,192,786,400,386,83,44,39,66,35,31,41,21,20,380,225,155,406,175,231,553,293,260,192,177,15,181,172,9,8,4,4,0,0,0,3,1,2,361,116,245,356,114,242,3,0,3,2,2,0,0,0,0,361,116,245,356,114,242,3,0,3,2,2,0,0,0,0,0,0,0,0,0,0,0,0,0,0,0,0,0,0,0,233,107,126
29,573,0114,613584,0000,000000,KARNATAKA,Mandya,VILLAGE,Mandagere,Rural,273,1058,514,544,116,54,62,171,87,84,72,37,35,712,392,320,346,122,224,431,337,94,370,318,52,115,111,4,43,26,17,2,2,0,210,179,31,61,19,42,0,0,0,31,5,26,0,0,0,30,14,16,54,16,38,0,0,0,29,5,24,0,0,0,25,11,14,7,3,4,0,0,0,2,0,2,0,0,0,5,3,2,627,177,450
29,573,0114,613585,0000,000000,KARNATAKA,Mandya,VILLAGE,Gaddehosur,Rural,159,684,338,346,47,22,25,96,45,51,38,18,20,461,263,198,223,75,148,302,224,78,221,208,13,126,124,2,65,58,7,0,0,0,30,26,4,81,16,65,32,5,27,42,7,35,0,0,0,7,4,3,77,14,63,29,4,25,42,7,35,0,0,0,6,3,3,4,2,2,3,1,2,0,0,0,0,0,0,1,1,0,382,114,268
29,573,0114,613586,0000,000000,KARNATAKA,Mandya,VILLAGE,Honnenahalli,Rural,242,1190,572,618,124,52,72,83,36,47,2,1,1,587,344,243,603,228,375,686,347,339,417,344,73,401,333,68,8,7,1,0,0,0,8,4,4,269,3,266,6,1,5,261,1,260,0,0,0,2,1,1,269,3,266,6,1,5,261,1,260,0,0,0,2,1,1,0,0,0,0,0,0,0,0,0,0,0,0,0,0,0,504,225,279
29,573,0114,613587,0000,000000,KARNATAKA,Mandya,VILLAGE,Mandagerenala,Rural,0,0,0,0,0,0,0,0,0,0,0,0,0,0,0,0,0,0,0,0,0,0,0,0,0,0,0,0,0,0,0,0,0,0,0,0,0,0,0,0,0,0,0,0,0,0,0,0,0,0,0,0,0,0,0,0,0,0,0,0,0,0,0,0,0,0,0,0,0,0,0,0,0,0,0,0,0,0,0,0,0,0,0,0,0
29,573,0114,613588,0000,000000,KARNATAKA,Mandya,VILLAGE,Mallenahalli,Rural,10,40,20,20,4,1,3,0,0,0,0,0,0,35,19,16,5,1,4,14,11,3,12,9,3,7,7,0,5,2,3,0,0,0,0,0,0,2,2,0,2,2,0,0,0,0,0,0,0,0,0,0,2,2,0,2,2,0,0,0,0,0,0,0,0,0,0,0,0,0,0,0,0,0,0,0,0,0,0,0,0,0,26,9,17
29,573,0114,613589,0000,000000,KARNATAKA,Mandya,VILLAGE,Moodanahalli,Rural,295,1301,658,643,129,64,65,334,154,180,0,0,0,677,401,276,624,257,367,639,443,196,494,406,88,263,257,6,226,145,81,1,1,0,4,3,1,145,37,108,13,11,2,122,19,103,1,0,1,9,7,2,135,30,105,11,9,2,120,19,101,1,0,1,3,2,1,10,7,3,2,2,0,2,0,2,0,0,0,6,5,1,662,215,447
29,573,0114,613590,0000,000000,KARNATAKA,Mandya,VILLAGE,Alenahalli,Rural,353,1383,694,689,120,56,64,122,62,60,0,0,0,753,437,316,630,257,373,779,474,305,775,472,303,687,428,259,83,40,43,0,0,0,5,4,1,4,2,2,2,2,0,2,0,2,0,0,0,0,0,0,4,2,2,2,2,0,2,0,2,0,0,0,0,0,0,0,0,0,0,0,0,0,0,0,0,0,0,0,0,0,604,220,384
29,573,0114,613591,0000,000000,KARNATAKA,Mandya,VILLAGE,Kyathanahalli,Rural,85,404,200,204,64,32,32,240,122,118,0,0,0,206,115,91,198,85,113,242,119,123,178,119,59,100,100,0,60,4,56,0,0,0,18,15,3,64,0,64,0,0,0,64,0,64,0,0,0,0,0,0,64,0,64,0,0,0,64,0,64,0,0,0,0,0,0,0,0,0,0,0,0,0,0,0,0,0,0,0,0,0,162,81,81
29,573,0114,613592,0000,000000,KARNATAKA,Mandya,VILLAGE,Chowdasamudra,Rural,205,980,522,458,120,73,47,0,0,0,0,0,0,598,361,237,382,161,221,398,329,69,374,325,49,289,287,2,51,7,44,6,6,0,28,25,3,24,4,20,4,3,1,18,0,18,0,0,0,2,1,1,24,4,20,4,3,1,18,0,18,0,0,0,2,1,1,0,0,0,0,0,0,0,0,0,0,0,0,0,0,0,582,193,389
29,573,0114,613593,0000,000000,KARNATAKA,Mandya,VILLAGE,Hangaramuddanahalli,Rural,92,435,218,217,46,27,19,0,0,0,0,0,0,186,108,78,249,110,139,151,146,5,148,143,5,137,136,1,6,5,1,1,1,0,4,1,3,3,3,0,2,2,0,1,1,0,0,0,0,0,0,0,1,1,0,1,1,0,0,0,0,0,0,0,0,0,0,2,2,0,1,1,0,1,1,0,0,0,0,0,0,0,284,72,212
29,573,0114,613594,0000,000000,KARNATAKA,Mandya,VILLAGE,Beekanahalli,Rural,76,381,195,186,42,25,17,0,0,0,0,0,0,221,130,91,160,65,95,234,125,109,148,122,26,118,117,1,25,4,21,0,0,0,5,1,4,86,3,83,2,1,1,84,2,82,0,0,0,0,0,0,86,3,83,2,1,1,84,2,82,0,0,0,0,0,0,0,0,0,0,0,0,0,0,0,0,0,0,0,0,0,147,70,77
29,573,0114,613595,0000,000000,KARNATAKA,Mandya,VILLAGE,Arenahalli,Rural,62,261,126,135,19,9,10,93,47,46,0,0,0,161,92,69,100,34,66,136,84,52,136,84,52,73,54,19,56,27,29,0,0,0,7,3,4,0,0,0,0,0,0,0,0,0,0,0,0,0,0,0,0,0,0,0,0,0,0,0,0,0,0,0,0,0,0,0,0,0,0,0,0,0,0,0,0,0,0,0,0,0,125,42,83
29,573,0114,613596,0000,000000,KARNATAKA,Mandya,VILLAGE,Manchibeedu,Rural,100,419,211,208,30,17,13,0,0,0,0,0,0,299,159,140,120,52,68,152,135,17,140,134,6,133,132,1,0,0,0,0,0,0,7,2,5,12,1,11,2,1,1,10,0,10,0,0,0,0,0,0,12,1,11,2,1,1,10,0,10,0,0,0,0,0,0,0,0,0,0,0,0,0,0,0,0,0,0,0,0,0,267,76,191
29,573,0114,613597,0000,000000,KARNATAKA,Mandya,VILLAGE,Nandipura,Rural,50,203,98,105,25,11,14,5,3,2,8,4,4,116,66,50,87,32,55,74,66,8,74,66,8,28,28,0,41,35,6,0,0,0,5,3,2,0,0,0,0,0,0,0,0,0,0,0,0,0,0,0,0,0,0,0,0,0,0,0,0,0,0,0,0,0,0,0,0,0,0,0,0,0,0,0,0,0,0,0,0,0,129,32,97
29,573,0114,613598,0000,000000,KARNATAKA,Mandya,VILLAGE,Ballenahalli,Rural,11,49,26,23,2,1,1,0,0,0,0,0,0,27,19,8,22,7,15,29,19,10,29,19,10,28,19,9,1,0,1,0,0,0,0,0,0,0,0,0,0,0,0,0,0,0,0,0,0,0,0,0,0,0,0,0,0,0,0,0,0,0,0,0,0,0,0,0,0,0,0,0,0,0,0,0,0,0,0,0,0,0,20,7,13
29,573,0114,613599,0000,000000,KARNATAKA,Mandya,VILLAGE,Natanahalli,Rural,181,739,375,364,68,40,28,50,27,23,22,11,11,475,271,204,264,104,160,435,241,194,423,241,182,335,200,135,58,16,42,1,1,0,29,24,5,12,0,12,3,0,3,9,0,9,0,0,0,0,0,0,11,0,11,3,0,3,8,0,8,0,0,0,0,0,0,1,0,1,0,0,0,1,0,1,0,0,0,0,0,0,304,134,170
29,573,0114,613600,0000,000000,KARNATAKA,Mandya,VILLAGE,Chandagonahalli,Rural,6,29,12,17,6,3,3,0,0,0,0,0,0,16,7,9,13,5,8,10,6,4,10,6,4,8,4,4,0,0,0,0,0,0,2,2,0,0,0,0,0,0,0,0,0,0,0,0,0,0,0,0,0,0,0,0,0,0,0,0,0,0,0,0,0,0,0,0,0,0,0,0,0,0,0,0,0,0,0,0,0,0,19,6,13
29,573,0114,613601,0000,000000,KARNATAKA,Mandya,VILLAGE,Karthalu,Rural,0,0,0,0,0,0,0,0,0,0,0,0,0,0,0,0,0,0,0,0,0,0,0,0,0,0,0,0,0,0,0,0,0,0,0,0,0,0,0,0,0,0,0,0,0,0,0,0,0,0,0,0,0,0,0,0,0,0,0,0,0,0,0,0,0,0,0,0,0,0,0,0,0,0,0,0,0,0,0,0,0,0,0,0,0
29,573,0114,613602,0000,000000,KARNATAKA,Mandya,VILLAGE,Beeravalli,Rural,347,1384,682,702,132,66,66,120,55,65,60,28,32,888,508,380,496,174,322,593,454,139,586,449,137,344,310,34,154,70,84,16,13,3,72,56,16,7,5,2,2,1,1,1,0,1,0,0,0,4,4,0,7,5,2,2,1,1,1,0,1,0,0,0,4,4,0,0,0,0,0,0,0,0,0,0,0,0,0,0,0,0,791,228,563
29,573,0114,613603,0000,000000,KARNATAKA,Mandya,VILLAGE,Saxibeedu,Rural,365,1430,703,727,108,52,56,241,121,120,59,34,25,910,503,407,520,200,320,664,485,179,574,443,131,303,270,33,185,100,85,3,3,0,83,70,13,90,42,48,24,15,9,55,18,37,0,0,0,11,9,2,86,40,46,23,14,9,52,17,35,0,0,0,11,9,2,4,2,2,1,1,0,3,1,2,0,0,0,0,0,0,766,218,548
29,573,0114,613604,0000,000000,KARNATAKA,Mandya,VILLAGE,Gubbahalli,Rural,197,889,448,441,114,60,54,0,0,0,27,12,15,581,332,249,308,116,192,523,263,260,266,255,11,209,204,5,49,46,3,1,0,1,7,5,2,257,8,249,164,3,161,57,2,55,3,1,2,33,2,31,255,8,247,163,3,160,56,2,54,3,1,2,33,2,31,2,0,2,1,0,1,1,0,1,0,0,0,0,0,0,366,185,181
29,573,0114,613605,0000,000000,KARNATAKA,Mandya,VILLAGE,Hosagadde,Rural,0,0,0,0,0,0,0,0,0,0,0,0,0,0,0,0,0,0,0,0,0,0,0,0,0,0,0,0,0,0,0,0,0,0,0,0,0,0,0,0,0,0,0,0,0,0,0,0,0,0,0,0,0,0,0,0,0,0,0,0,0,0,0,0,0,0,0,0,0,0,0,0,0,0,0,0,0,0,0,0,0,0,0,0,0
29,573,0114,613606,0000,000000,KARNATAKA,Mandya,VILLAGE,V.Hosur,Rural,0,0,0,0,0,0,0,0,0,0,0,0,0,0,0,0,0,0,0,0,0,0,0,0,0,0,0,0,0,0,0,0,0,0,0,0,0,0,0,0,0,0,0,0,0,0,0,0,0,0,0,0,0,0,0,0,0,0,0,0,0,0,0,0,0,0,0,0,0,0,0,0,0,0,0,0,0,0,0,0,0,0,0,0,0
29,573,0114,613607,0000,000000,KARNATAKA,Mandya,VILLAGE,Laxmipura,Rural,0,0,0,0,0,0,0,0,0,0,0,0,0,0,0,0,0,0,0,0,0,0,0,0,0,0,0,0,0,0,0,0,0,0,0,0,0,0,0,0,0,0,0,0,0,0,0,0,0,0,0,0,0,0,0,0,0,0,0,0,0,0,0,0,0,0,0,0,0,0,0,0,0,0,0,0,0,0,0,0,0,0,0,0,0
29,573,0114,613608,0000,000000,KARNATAKA,Mandya,VILLAGE,Dudukanahalli,Rural,243,1027,523,504,103,58,45,63,30,33,0,0,0,619,363,256,408,160,248,463,317,146,311,291,20,239,232,7,40,33,7,1,1,0,31,25,6,152,26,126,7,5,2,139,15,124,0,0,0,6,6,0,150,25,125,7,5,2,138,15,123,0,0,0,5,5,0,2,1,1,0,0,0,1,0,1,0,0,0,1,1,0,564,206,358
29,573,0114,613609,0000,000000,KARNATAKA,Mandya,VILLAGE,Voddaragudi,Rural,174,682,331,351,75,43,32,11,4,7,35,15,20,438,233,205,244,98,146,348,230,118,339,224,115,75,69,6,203,107,96,1,1,0,60,47,13,9,6,3,3,3,0,4,2,2,0,0,0,2,1,1,8,5,3,3,3,0,3,1,2,0,0,0,2,1,1,1,1,0,0,0,0,1,1,0,0,0,0,0,0,0,334,101,233
29,573,0114,613610,0000,000000,KARNATAKA,Mandya,VILLAGE,Dadadahalli,Rural,224,963,467,496,99,51,48,24,10,14,147,76,71,712,368,344,251,99,152,545,287,258,497,265,232,11,5,6,341,154,187,2,0,2,143,106,37,48,22,26,24,13,11,10,1,9,3,0,3,11,8,3,47,22,25,24,13,11,10,1,9,2,0,2,11,8,3,1,0,1,0,0,0,0,0,0,1,0,1,0,0,0,418,180,238
29,573,0114,613611,0000,000000,KARNATAKA,Mandya,VILLAGE,Akkihebbal,Rural,904,3946,1972,1974,451,214,237,307,159,148,595,297,298,2593,1438,1155,1353,534,819,1747,1224,523,1528,1187,341,414,395,19,548,332,216,35,26,9,531,434,97,219,37,182,29,10,19,123,9,114,6,2,4,61,16,45,212,32,180,27,8,19,119,7,112,6,2,4,60,15,45,7,5,2,2,2,0,4,2,2,0,0,0,1,1,0,2199,748,1451
29,573,0114,613612,0000,000000,KARNATAKA,Mandya,VILLAGE,Machaholalu,Rural,151,606,280,326,64,26,38,72,35,37,0,0,0,392,210,182,214,70,144,385,186,199,180,173,7,152,146,6,0,0,0,0,0,0,28,27,1,205,13,192,201,11,190,0,0,0,0,0,0,4,2,2,205,13,192,201,11,190,0,0,0,0,0,0,4,2,2,0,0,0,0,0,0,0,0,0,0,0,0,0,0,0,221,94,127
29,573,0114,613613,0000,000000,KARNATAKA,Mandya,VILLAGE,Singanahalli,Rural,162,696,369,327,84,52,32,59,40,19,371,190,181,452,274,178,244,95,149,449,249,200,223,216,7,161,157,4,21,20,1,0,0,0,41,39,2,226,33,193,16,15,1,59,6,53,0,0,0,151,12,139,226,33,193,16,15,1,59,6,53,0,0,0,151,12,139,0,0,0,0,0,0,0,0,0,0,0,0,0,0,0,247,120,127
29,573,0114,613614,0000,000000,KARNATAKA,Mandya,VILLAGE,Mudlapura,Rural,189,827,418,409,91,50,41,0,0,0,21,10,11,500,278,222,327,140,187,425,267,158,322,266,56,268,241,27,37,15,22,0,0,0,17,10,7,103,1,102,99,1,98,4,0,4,0,0,0,0,0,0,103,1,102,99,1,98,4,0,4,0,0,0,0,0,0,0,0,0,0,0,0,0,0,0,0,0,0,0,0,0,402,151,251
29,573,0114,613615,0000,000000,KARNATAKA,Mandya,VILLAGE,Jainahalli,Rural,290,1158,554,604,119,50,69,192,94,98,4,2,2,906,478,428,252,76,176,568,386,182,320,299,21,195,193,2,83,72,11,1,1,0,41,33,8,248,87,161,16,12,4,229,73,156,0,0,0,3,2,1,237,84,153,15,12,3,219,70,149,0,0,0,3,2,1,11,3,8,1,0,1,10,3,7,0,0,0,0,0,0,590,168,422
29,573,0114,613616,0000,000000,KARNATAKA,Mandya,VILLAGE,Alambadi,Rural,278,1173,577,596,92,48,44,230,109,121,50,26,24,767,424,343,406,153,253,717,403,314,301,269,32,195,185,10,27,22,5,3,3,0,76,59,17,416,134,282,127,26,101,110,73,37,18,6,12,161,29,132,291,120,171,112,23,89,103,72,31,8,5,3,68,20,48,125,14,111,15,3,12,7,1,6,10,1,9,93,9,84,456,174,282
29,573,0114,613617,0000,000000,KARNATAKA,Mandya,VILLAGE,Ipanahalli,Rural,193,792,405,387,107,64,43,118,60,58,0,0,0,449,269,180,343,136,207,516,254,262,282,245,37,224,203,21,30,19,11,3,3,0,25,20,5,234,9,225,212,9,203,17,0,17,0,0,0,5,0,5,226,6,220,205,6,199,17,0,17,0,0,0,4,0,4,8,3,5,7,3,4,0,0,0,0,0,0,1,0,1,276,151,125
29,573,0114,613618,0000,000000,KARNATAKA,Mandya,VILLAGE,Alambadi Kaval,Rural,664,3121,1559,1562,317,158,159,338,153,185,348,175,173,2166,1189,977,955,370,585,1162,892,270,989,845,144,738,641,97,116,103,13,7,3,4,128,98,30,173,47,126,16,4,12,24,21,3,101,5,96,32,17,15,172,47,125,16,4,12,24,21,3,100,5,95,32,17,15,1,0,1,0,0,0,0,0,0,1,0,1,0,0,0,1959,667,1292
29,573,0114,613619,0000,000000,KARNATAKA,Mandya,VILLAGE,Basavanahalli,Rural,152,574,296,278,50,25,25,119,60,59,145,78,67,449,262,187,125,34,91,325,196,129,323,195,128,234,143,91,57,27,30,0,0,0,32,25,7,2,1,1,2,1,1,0,0,0,0,0,0,0,0,0,0,0,0,0,0,0,0,0,0,0,0,0,0,0,0,2,1,1,2,1,1,0,0,0,0,0,0,0,0,0,249,100,149
29,573,0114,613620,0000,000000,KARNATAKA,Mandya,VILLAGE,Guduganahalli,Rural,254,1154,579,575,147,81,66,30,10,20,2,0,2,695,402,293,459,177,282,394,353,41,384,347,37,273,260,13,62,46,16,3,0,3,46,41,5,10,6,4,0,0,0,1,0,1,1,0,1,8,6,2,8,5,3,0,0,0,1,0,1,0,0,0,7,5,2,2,1,1,0,0,0,0,0,0,1,0,1,1,1,0,760,226,534
29,573,0114,613621,0000,000000,KARNATAKA,Mandya,VILLAGE,Somanathapura,Rural,207,836,417,419,61,32,29,173,85,88,0,0,0,653,350,303,183,67,116,391,276,115,268,222,46,123,120,3,70,42,28,4,2,2,71,58,13,123,54,69,7,5,2,112,46,66,1,0,1,3,3,0,121,53,68,7,5,2,110,45,65,1,0,1,3,3,0,2,1,1,0,0,0,2,1,1,0,0,0,0,0,0,445,141,304
29,573,0114,613622,0000,000000,KARNATAKA,Mandya,VILLAGE,Mambahalli,Rural,245,1039,514,525,75,39,36,320,158,162,0,0,0,793,426,367,246,88,158,640,334,306,299,288,11,230,229,1,4,4,0,2,1,1,63,54,9,341,46,295,240,13,227,81,29,52,3,1,2,17,3,14,92,35,57,10,4,6,77,29,48,2,0,2,3,2,1,249,11,238,230,9,221,4,0,4,1,1,0,14,1,13,399,180,219
29,573,0114,613623,0000,000000,KARNATAKA,Mandya,VILLAGE,Somanahalli,Rural,359,1570,778,792,151,78,73,136,66,70,3,2,1,1011,595,416,559,183,376,968,498,470,521,433,88,441,366,75,26,23,3,11,11,0,43,33,10,447,65,382,145,13,132,287,43,244,8,4,4,7,5,2,308,58,250,9,6,3,285,43,242,7,4,3,7,5,2,139,7,132,136,7,129,2,0,2,1,0,1,0,0,0,602,280,322
29,573,0114,613624,0000,000000,KARNATAKA,Mandya,VILLAGE,Pura (S),Rural,281,1228,609,619,122,67,55,0,0,0,431,222,209,787,447,340,441,162,279,575,374,201,370,336,34,235,223,12,30,18,12,5,5,0,100,90,10,205,38,167,15,5,10,160,22,138,13,0,13,17,11,6,196,32,164,15,5,10,160,22,138,12,0,12,9,5,4,9,6,3,0,0,0,0,0,0,1,0,1,8,6,2,653,235,418
29,573,0114,613625,0000,000000,KARNATAKA,Mandya,VILLAGE,Kattekyathanahalli,Rural,188,763,382,381,41,22,19,3,2,1,0,0,0,587,327,260,176,55,121,521,276,245,290,240,50,250,208,42,12,8,4,8,7,1,20,17,3,231,36,195,35,7,28,150,19,131,10,5,5,36,5,31,198,30,168,29,7,22,147,19,128,5,1,4,17,3,14,33,6,27,6,0,6,3,0,3,5,4,1,19,2,17,242,106,136
29,573,0114,613626,0000,000000,KARNATAKA,Mandya,VILLAGE,Belathur,Rural,188,789,390,399,56,29,27,1,0,1,0,0,0,580,316,264,209,74,135,293,276,17,25,16,9,7,5,2,4,3,1,0,0,0,14,8,6,268,260,8,233,226,7,34,33,1,0,0,0,1,1,0,268,260,8,233,226,7,34,33,1,0,0,0,1,1,0,0,0,0,0,0,0,0,0,0,0,0,0,0,0,0,496,114,382
29,573,0114,613627,0000,000000,KARNATAKA,Mandya,VILLAGE,Sangapura,Rural,127,512,251,261,53,34,19,2,2,0,0,0,0,353,182,171,159,69,90,278,140,138,165,127,38,77,75,2,54,30,24,1,1,0,33,21,12,113,13,100,8,2,6,101,8,93,2,1,1,2,2,0,109,12,97,8,2,6,97,7,90,2,1,1,2,2,0,4,1,3,0,0,0,4,1,3,0,0,0,0,0,0,234,111,123
29,573,0114,613628,0000,000000,KARNATAKA,Mandya,VILLAGE,Ambigarahalli,Rural,268,1061,541,520,111,55,56,108,55,53,0,0,0,726,416,310,335,125,210,700,370,330,382,362,20,237,235,2,53,49,4,0,0,0,92,78,14,318,8,310,11,1,10,303,6,297,2,0,2,2,1,1,318,8,310,11,1,10,303,6,297,2,0,2,2,1,1,0,0,0,0,0,0,0,0,0,0,0,0,0,0,0,361,171,190
29,573,0114,613629,0000,000000,KARNATAKA,Mandya,VILLAGE,Mellahalli,Rural,158,641,322,319,65,30,35,2,1,1,0,0,0,461,268,193,180,54,126,389,190,199,204,173,31,141,132,9,44,26,18,11,9,2,8,6,2,185,17,168,8,1,7,168,15,153,9,1,8,0,0,0,184,17,167,8,1,7,167,15,152,9,1,8,0,0,0,1,0,1,0,0,0,1,0,1,0,0,0,0,0,0,252,132,120
29,573,0114,613630,0000,000000,KARNATAKA,Mandya,VILLAGE,Doddayachenahalli,Rural,291,1219,616,603,130,70,60,74,36,38,28,15,13,851,471,380,368,145,223,484,404,80,476,401,75,192,180,12,234,178,56,4,3,1,46,40,6,8,3,5,4,1,3,3,1,2,0,0,0,1,1,0,8,3,5,4,1,3,3,1,2,0,0,0,1,1,0,0,0,0,0,0,0,0,0,0,0,0,0,0,0,0,735,212,523
29,573,0114,613631,0000,000000,KARNATAKA,Mandya,VILLAGE,Maduvinakodi,Rural,646,2529,1251,1278,222,107,115,251,127,124,15,6,9,1602,901,701,927,350,577,1220,817,403,1175,805,370,758,554,204,343,194,149,15,5,10,59,52,7,45,12,33,10,5,5,2,1,1,3,1,2,30,5,25,35,11,24,8,5,3,2,1,1,1,1,0,24,4,20,10,1,9,2,0,2,0,0,0,2,0,2,6,1,5,1309,434,875
29,573,0114,613632,0000,000000,KARNATAKA,Mandya,VILLAGE,Maddikyachenahalli,Rural,307,1227,610,617,101,51,50,3,2,1,3,2,1,782,446,336,445,164,281,660,397,263,326,301,25,262,255,7,28,16,12,14,14,0,22,16,6,334,96,238,7,3,4,306,78,228,2,1,1,19,14,5,333,95,238,7,3,4,306,78,228,2,1,1,18,13,5,1,1,0,0,0,0,0,0,0,0,0,0,1,1,0,567,213,354
29,573,0114,613633,0000,000000,KARNATAKA,Mandya,VILLAGE,Ballekere,Rural,414,1758,864,894,141,66,75,101,50,51,0,0,0,1096,623,473,662,241,421,908,554,354,831,496,335,664,394,270,84,42,42,7,6,1,76,54,22,77,58,19,27,16,11,0,0,0,1,0,1,49,42,7,76,57,19,27,16,11,0,0,0,1,0,1,48,41,7,1,1,0,0,0,0,0,0,0,0,0,0,1,1,0,850,310,540
29,573,0114,613634,0000,000000,KARNATAKA,Mandya,VILLAGE,Haliyur,Rural,52,194,101,93,19,11,8,69,37,32,0,0,0,121,70,51,73,31,42,68,68,0,63,63,0,61,61,0,0,0,0,0,0,0,2,2,0,5,5,0,5,5,0,0,0,0,0,0,0,0,0,0,5,5,0,5,5,0,0,0,0,0,0,0,0,0,0,0,0,0,0,0,0,0,0,0,0,0,0,0,0,0,126,33,93
29,573,0114,613635,0000,000000,KARNATAKA,Mandya,VILLAGE,Hosur (M),Rural,80,398,190,208,47,22,25,0,0,0,0,0,0,178,98,80,220,92,128,243,121,122,239,118,121,229,112,117,1,0,1,0,0,0,9,6,3,4,3,1,2,1,1,0,0,0,0,0,0,2,2,0,4,3,1,2,1,1,0,0,0,0,0,0,2,2,0,0,0,0,0,0,0,0,0,0,0,0,0,0,0,0,155,69,86
29,573,0114,613636,0000,000000,KARNATAKA,Mandya,VILLAGE,Agasarahalli,Rural,235,1034,512,522,99,52,47,81,44,37,6,4,2,544,314,230,490,198,292,357,318,39,344,309,35,305,280,25,1,0,1,1,1,0,37,28,9,13,9,4,5,4,1,1,0,1,0,0,0,7,5,2,13,9,4,5,4,1,1,0,1,0,0,0,7,5,2,0,0,0,0,0,0,0,0,0,0,0,0,0,0,0,677,194,483
29,573,0114,613637,0000,000000,KARNATAKA,Mandya,VILLAGE,Jakkanahalli,Rural,147,629,323,306,65,36,29,104,55,49,0,0,0,435,248,187,194,75,119,428,212,216,294,197,97,145,113,32,109,50,59,18,17,1,22,17,5,134,15,119,29,2,27,87,9,78,7,1,6,11,3,8,133,15,118,29,2,27,87,9,78,6,1,5,11,3,8,1,0,1,0,0,0,0,0,0,1,0,1,0,0,0,201,111,90
29,573,0114,613638,0000,000000,KARNATAKA,Mandya,VILLAGE,Bannanakere,Rural,129,581,279,302,62,32,30,137,61,76,0,0,0,379,204,175,202,75,127,390,192,198,374,192,182,368,187,181,1,0,1,0,0,0,5,5,0,16,0,16,3,0,3,0,0,0,0,0,0,13,0,13,15,0,15,3,0,3,0,0,0,0,0,0,12,0,12,1,0,1,0,0,0,0,0,0,0,0,0,1,0,1,191,87,104
29,573,0114,613639,0000,000000,KARNATAKA,Mandya,VILLAGE,Modur,Rural,432,1826,914,912,198,101,97,120,54,66,2,1,1,975,566,409,851,348,503,928,577,351,918,568,350,582,414,168,201,41,160,2,2,0,133,111,22,10,9,1,2,2,0,2,2,0,2,2,0,4,3,1,7,6,1,2,2,0,1,1,0,1,1,0,3,2,1,3,3,0,0,0,0,1,1,0,1,1,0,1,1,0,898,337,561
29,573,0114,613640,0000,000000,KARNATAKA,Mandya,VILLAGE,Buvanahalli,Rural,145,620,308,312,76,41,35,15,6,9,1,0,1,364,205,159,256,103,153,205,199,6,195,189,6,190,184,6,0,0,0,1,1,0,4,4,0,10,10,0,10,10,0,0,0,0,0,0,0,0,0,0,10,10,0,10,10,0,0,0,0,0,0,0,0,0,0,0,0,0,0,0,0,0,0,0,0,0,0,0,0,0,415,109,306
29,573,0114,613641,0000,000000,KARNATAKA,Mandya,VILLAGE,Natanahalli,Rural,274,1208,581,627,111,53,58,20,10,10,0,0,0,737,398,339,471,183,288,489,382,107,486,379,107,297,267,30,154,86,68,2,1,1,33,25,8,3,3,0,0,0,0,0,0,0,0,0,0,3,3,0,2,2,0,0,0,0,0,0,0,0,0,0,2,2,0,1,1,0,0,0,0,0,0,0,0,0,0,1,1,0,719,199,520
29,573,0114,613642,0000,000000,KARNATAKA,Mandya,VILLAGE,Vittalapura,Rural,612,2485,1229,1256,206,95,111,178,90,88,9,4,5,1416,826,590,1069,403,666,1182,769,413,1119,748,371,566,534,32,272,105,167,131,41,90,150,68,82,63,21,42,10,7,3,33,4,29,6,3,3,14,7,7,62,20,42,9,6,3,33,4,29,6,3,3,14,7,7,1,1,0,1,1,0,0,0,0,0,0,0,0,0,0,1303,460,843
29,573,0114,613643,0000,000000,KARNATAKA,Mandya,VILLAGE,Kudalakuppe,Rural,277,1151,569,582,98,43,55,20,8,12,3,2,1,656,399,257,495,170,325,659,379,280,579,350,229,332,204,128,173,86,87,5,5,0,69,55,14,80,29,51,14,1,13,49,16,33,1,1,0,16,11,5,70,22,48,13,1,12,48,16,32,0,0,0,9,5,4,10,7,3,1,0,1,1,0,1,1,1,0,7,6,1,492,190,302
29,573,0114,613644,0000,000000,KARNATAKA,Mandya,VILLAGE,Kallahalli,Rural,135,586,296,290,59,30,29,0,0,0,0,0,0,374,227,147,212,69,143,372,195,177,238,193,45,220,184,36,9,4,5,2,1,1,7,4,3,134,2,132,132,2,130,1,0,1,1,0,1,0,0,0,101,2,99,99,2,97,1,0,1,1,0,1,0,0,0,33,0,33,33,0,33,0,0,0,0,0,0,0,0,0,214,101,113
29,573,0114,613645,0000,000000,KARNATAKA,Mandya,VILLAGE,Yagachaguppe,Rural,259,1062,537,525,117,51,66,472,244,228,0,0,0,595,357,238,467,180,287,683,369,314,639,354,285,337,264,73,84,69,15,17,9,8,201,12,189,44,15,29,15,2,13,8,5,3,2,1,1,19,7,12,42,14,28,15,2,13,6,4,2,2,1,1,19,7,12,2,1,1,0,0,0,2,1,1,0,0,0,0,0,0,379,168,211
29,573,0114,613646,0000,000000,KARNATAKA,Mandya,VILLAGE,Aralakuppe,Rural,110,493,240,253,39,20,19,6,2,4,0,0,0,336,186,150,157,54,103,305,155,150,226,128,98,134,122,12,85,2,83,5,2,3,2,2,0,79,27,52,4,2,2,36,2,34,30,17,13,9,6,3,75,25,50,4,2,2,36,2,34,27,15,12,8,6,2,4,2,2,0,0,0,0,0,0,3,2,1,1,0,1,188,85,103
29,573,0114,613647,0000,000000,KARNATAKA,Mandya,VILLAGE,Kanchahalli,Rural,0,0,0,0,0,0,0,0,0,0,0,0,0,0,0,0,0,0,0,0,0,0,0,0,0,0,0,0,0,0,0,0,0,0,0,0,0,0,0,0,0,0,0,0,0,0,0,0,0,0,0,0,0,0,0,0,0,0,0,0,0,0,0,0,0,0,0,0,0,0,0,0,0,0,0,0,0,0,0,0,0,0,0,0,0
29,573,0114,613648,0000,000000,KARNATAKA,Mandya,VILLAGE,B.Bachahalli,Rural,362,1674,828,846,178,76,102,414,207,207,0,0,0,876,502,374,798,326,472,779,581,198,739,581,158,639,523,116,76,41,35,0,0,0,24,17,7,40,0,40,38,0,38,2,0,2,0,0,0,0,0,0,40,0,40,38,0,38,2,0,2,0,0,0,0,0,0,0,0,0,0,0,0,0,0,0,0,0,0,0,0,0,895,247,648
29,573,0114,613649,0000,000000,KARNATAKA,Mandya,VILLAGE,Bettadahosur,Rural,91,382,199,183,21,9,12,0,0,0,0,0,0,183,111,72,199,88,111,181,126,55,133,124,9,112,109,3,2,1,1,7,6,1,12,8,4,48,2,46,48,2,46,0,0,0,0,0,0,0,0,0,43,1,42,43,1,42,0,0,0,0,0,0,0,0,0,5,1,4,5,1,4,0,0,0,0,0,0,0,0,0,201,73,128
29,573,0114,613650,0000,000000,KARNATAKA,Mandya,VILLAGE,Bannenahalli,Rural,230,966,481,485,85,51,34,111,58,53,0,0,0,549,300,249,417,181,236,368,267,101,205,169,36,158,146,12,2,1,1,28,12,16,17,10,7,163,98,65,107,59,48,1,1,0,4,2,2,51,36,15,163,98,65,107,59,48,1,1,0,4,2,2,51,36,15,0,0,0,0,0,0,0,0,0,0,0,0,0,0,0,598,214,384
29,573,0114,613651,0000,000000,KARNATAKA,Mandya,VILLAGE,Ichanahalli,Rural,230,948,469,479,67,35,32,79,36,43,0,0,0,528,305,223,420,164,256,329,261,68,275,227,48,256,221,35,1,0,1,12,3,9,6,3,3,54,34,20,13,9,4,0,0,0,1,0,1,40,25,15,54,34,20,13,9,4,0,0,0,1,0,1,40,25,15,0,0,0,0,0,0,0,0,0,0,0,0,0,0,0,619,208,411
29,573,0114,613652,0000,000000,KARNATAKA,Mandya,VILLAGE,Bukanakere,Rural,816,3369,1737,1632,302,171,131,107,59,48,112,62,50,2057,1165,892,1312,572,740,1331,1053,278,1204,998,206,691,667,24,202,69,133,30,25,5,281,237,44,127,55,72,7,2,5,66,15,51,21,15,6,33,23,10,112,47,65,6,2,4,60,12,48,21,15,6,25,18,7,15,8,7,1,0,1,6,3,3,0,0,0,8,5,3,2038,684,1354
29,573,0114,613653,0000,000000,KARNATAKA,Mandya,VILLAGE,Hosahalli,Rural,51,220,113,107,23,12,11,0,0,0,0,0,0,114,67,47,106,46,60,88,83,5,88,83,5,80,79,1,4,1,3,0,0,0,4,3,1,0,0,0,0,0,0,0,0,0,0,0,0,0,0,0,0,0,0,0,0,0,0,0,0,0,0,0,0,0,0,0,0,0,0,0,0,0,0,0,0,0,0,0,0,0,132,30,102
29,573,0114,613654,0000,000000,KARNATAKA,Mandya,VILLAGE,Chikkadiganahalli ,Rural,353,1583,802,781,140,65,75,778,386,392,0,0,0,1108,632,476,475,170,305,1031,542,489,323,293,30,267,252,15,6,5,1,4,4,0,46,32,14,708,249,459,53,39,14,47,7,40,15,4,11,593,199,394,502,140,362,50,37,13,47,7,40,14,4,10,391,92,299,206,109,97,3,2,1,0,0,0,1,0,1,202,107,95,552,260,292
29,573,0114,613655,0000,000000,KARNATAKA,Mandya,VILLAGE,Sankanahalli,Rural,0,0,0,0,0,0,0,0,0,0,0,0,0,0,0,0,0,0,0,0,0,0,0,0,0,0,0,0,0,0,0,0,0,0,0,0,0,0,0,0,0,0,0,0,0,0,0,0,0,0,0,0,0,0,0,0,0,0,0,0,0,0,0,0,0,0,0,0,0,0,0,0,0,0,0,0,0,0,0,0,0,0,0,0,0
29,573,0114,613656,0000,000000,KARNATAKA,Mandya,VILLAGE,Varahanathakallahalli,Rural,109,504,248,256,49,23,26,144,65,79,96,47,49,386,202,184,118,46,72,344,166,178,252,149,103,185,115,70,4,0,4,7,5,2,56,29,27,92,17,75,49,13,36,21,1,20,4,0,4,18,3,15,90,17,73,48,13,35,21,1,20,4,0,4,17,3,14,2,0,2,1,0,1,0,0,0,0,0,0,1,0,1,160,82,78
29,573,0114,613657,0000,000000,KARNATAKA,Mandya,VILLAGE,Bookahalli,Rural,99,403,203,200,36,23,13,0,0,0,0,0,0,254,150,104,149,53,96,241,126,115,215,111,104,181,95,86,7,4,3,25,11,14,2,1,1,26,15,11,19,12,7,0,0,0,0,0,0,7,3,4,26,15,11,19,12,7,0,0,0,0,0,0,7,3,4,0,0,0,0,0,0,0,0,0,0,0,0,0,0,0,162,77,85
29,573,0114,613658,0000,000000,KARNATAKA,Mandya,VILLAGE,Ganjigere,Rural,544,2404,1237,1167,252,141,111,197,92,105,36,22,14,1331,827,504,1073,410,663,1221,805,416,531,438,93,388,340,48,78,56,22,12,6,6,53,36,17,690,367,323,267,147,120,211,168,43,164,28,136,48,24,24,657,353,304,265,145,120,201,163,38,153,26,127,38,19,19,33,14,19,2,2,0,10,5,5,11,2,9,10,5,5,1183,432,751
29,573,0114,613659,0000,000000,KARNATAKA,Mandya,VILLAGE,Mudigere,Rural,225,1017,513,504,99,45,54,335,163,172,4,2,2,529,315,214,488,198,290,566,353,213,560,351,209,551,348,203,1,0,1,1,0,1,7,3,4,6,2,4,3,1,2,2,0,2,0,0,0,1,1,0,5,1,4,3,1,2,2,0,2,0,0,0,0,0,0,1,1,0,0,0,0,0,0,0,0,0,0,1,1,0,451,160,291
29,573,0114,613660,0000,000000,KARNATAKA,Mandya,VILLAGE,Mathikere,Rural,130,551,276,275,45,19,26,27,16,11,0,0,0,335,208,127,216,68,148,196,188,8,189,182,7,184,180,4,2,1,1,0,0,0,3,1,2,7,6,1,6,5,1,1,1,0,0,0,0,0,0,0,7,6,1,6,5,1,1,1,0,0,0,0,0,0,0,0,0,0,0,0,0,0,0,0,0,0,0,0,0,0,355,88,267
29,573,0114,613661,0000,000000,KARNATAKA,Mandya,VILLAGE,Athuppe,Rural,89,433,214,219,49,30,19,5,3,2,42,19,23,235,134,101,198,80,118,292,141,151,262,126,136,260,125,135,1,0,1,0,0,0,1,1,0,30,15,15,1,0,1,29,15,14,0,0,0,0,0,0,30,15,15,1,0,1,29,15,14,0,0,0,0,0,0,0,0,0,0,0,0,0,0,0,0,0,0,0,0,0,141,73,68
29,573,0114,613662,0000,000000,KARNATAKA,Mandya,VILLAGE,Chokanahalli,Rural,180,823,437,386,81,51,30,91,43,48,0,0,0,440,280,160,383,157,226,479,284,195,452,274,178,376,233,143,61,33,28,0,0,0,15,8,7,27,10,17,20,5,15,0,0,0,0,0,0,7,5,2,19,9,10,13,4,9,0,0,0,0,0,0,6,5,1,8,1,7,7,1,6,0,0,0,0,0,0,1,0,1,344,153,191
29,573,0114,613663,0000,000000,KARNATAKA,Mandya,VILLAGE,Doddagadiganahalli,Rural,340,1405,712,693,125,71,54,65,35,30,0,0,0,705,433,272,700,279,421,821,459,362,802,443,359,733,404,329,31,10,21,1,1,0,37,28,9,19,16,3,1,1,0,0,0,0,11,8,3,7,7,0,19,16,3,1,1,0,0,0,0,11,8,3,7,7,0,0,0,0,0,0,0,0,0,0,0,0,0,0,0,0,584,253,331
29,573,0114,613664,0000,000000,KARNATAKA,Mandya,VILLAGE,Machagonahalli,Rural,181,811,405,406,53,30,23,58,27,31,0,0,0,630,324,306,181,81,100,472,267,205,460,262,198,321,189,132,5,2,3,59,31,28,75,40,35,12,5,7,9,3,6,0,0,0,1,0,1,2,2,0,10,4,6,9,3,6,0,0,0,0,0,0,1,1,0,2,1,1,0,0,0,0,0,0,1,0,1,1,1,0,339,138,201
29,573,0114,613665,0000,000000,KARNATAKA,Mandya,VILLAGE,Ballenahalli,Rural,368,1536,772,764,126,66,60,20,13,7,0,0,0,880,510,370,656,262,394,803,492,311,680,427,253,464,282,182,98,49,49,9,9,0,109,87,22,123,65,58,81,43,38,20,9,11,3,1,2,19,12,7,123,65,58,81,43,38,20,9,11,3,1,2,19,12,7,0,0,0,0,0,0,0,0,0,0,0,0,0,0,0,733,280,453
29,573,0114,613666,0000,000000,KARNATAKA,Mandya,VILLAGE,Ballenahallikaval,Rural,14,66,36,30,7,3,4,0,0,0,0,0,0,40,25,15,26,11,15,35,25,10,32,23,9,25,18,7,2,1,1,0,0,0,5,4,1,3,2,1,1,1,0,0,0,0,0,0,0,2,1,1,3,2,1,1,1,0,0,0,0,0,0,0,2,1,1,0,0,0,0,0,0,0,0,0,0,0,0,0,0,0,31,11,20
29,573,0114,613667,0000,000000,KARNATAKA,Mandya,VILLAGE,Murukanahalli,Rural,93,373,192,181,18,9,9,0,0,0,0,0,0,207,134,73,166,58,108,276,147,129,276,147,129,276,147,129,0,0,0,0,0,0,0,0,0,0,0,0,0,0,0,0,0,0,0,0,0,0,0,0,0,0,0,0,0,0,0,0,0,0,0,0,0,0,0,0,0,0,0,0,0,0,0,0,0,0,0,0,0,0,97,45,52
29,573,0114,613668,0000,000000,KARNATAKA,Mandya,VILLAGE,Rajenahalli,Rural,119,545,278,267,58,31,27,2,1,1,0,0,0,290,170,120,255,108,147,304,190,114,300,188,112,264,164,100,9,2,7,1,0,1,26,22,4,4,2,2,2,2,0,0,0,0,0,0,0,2,0,2,3,2,1,2,2,0,0,0,0,0,0,0,1,0,1,1,0,1,0,0,0,0,0,0,0,0,0,1,0,1,241,88,153
29,573,0114,613669,0000,000000,KARNATAKA,Mandya,VILLAGE,Poovanahalli,Rural,240,1153,597,556,110,58,52,14,9,5,792,408,384,587,343,244,566,254,312,552,369,183,374,337,37,287,279,8,25,12,13,0,0,0,62,46,16,178,32,146,17,12,5,19,5,14,5,2,3,137,13,124,178,32,146,17,12,5,19,5,14,5,2,3,137,13,124,0,0,0,0,0,0,0,0,0,0,0,0,0,0,0,601,228,373
29,573,0114,613670,0000,000000,KARNATAKA,Mandya,VILLAGE,Mavinakere,Rural,364,1624,830,794,152,77,75,1,1,0,12,6,6,944,570,374,680,260,420,1022,585,437,1012,581,431,547,488,59,163,15,148,7,4,3,295,74,221,10,4,6,2,1,1,1,0,1,0,0,0,7,3,4,10,4,6,2,1,1,1,0,1,0,0,0,7,3,4,0,0,0,0,0,0,0,0,0,0,0,0,0,0,0,602,245,357
29,573,0114,613671,0000,000000,KARNATAKA,Mandya,VILLAGE,Kabbalagerepura,Rural,197,826,404,422,75,40,35,191,94,97,3,1,2,376,220,156,450,184,266,474,245,229,460,237,223,452,233,219,0,0,0,1,1,0,7,3,4,14,8,6,2,0,2,2,1,1,0,0,0,10,7,3,9,6,3,2,0,2,0,0,0,0,0,0,7,6,1,5,2,3,0,0,0,2,1,1,0,0,0,3,1,2,352,159,193
29,573,0114,613672,0000,000000,KARNATAKA,Mandya,VILLAGE, B. Hosakote,Rural,130,543,275,268,72,32,40,536,271,265,0,0,0,328,194,134,215,81,134,280,169,111,277,166,111,263,158,105,0,0,0,2,0,2,12,8,4,3,3,0,0,0,0,0,0,0,0,0,0,3,3,0,3,3,0,0,0,0,0,0,0,0,0,0,3,3,0,0,0,0,0,0,0,0,0,0,0,0,0,0,0,0,263,106,157
29,573,0114,613673,0000,000000,KARNATAKA,Mandya,VILLAGE,Gopalapura,Rural,0,0,0,0,0,0,0,0,0,0,0,0,0,0,0,0,0,0,0,0,0,0,0,0,0,0,0,0,0,0,0,0,0,0,0,0,0,0,0,0,0,0,0,0,0,0,0,0,0,0,0,0,0,0,0,0,0,0,0,0,0,0,0,0,0,0,0,0,0,0,0,0,0,0,0,0,0,0,0,0,0,0,0,0,0
29,573,0114,613674,0000,000000,KARNATAKA,Mandya,VILLAGE,Hosur,Rural,0,0,0,0,0,0,0,0,0,0,0,0,0,0,0,0,0,0,0,0,0,0,0,0,0,0,0,0,0,0,0,0,0,0,0,0,0,0,0,0,0,0,0,0,0,0,0,0,0,0,0,0,0,0,0,0,0,0,0,0,0,0,0,0,0,0,0,0,0,0,0,0,0,0,0,0,0,0,0,0,0,0,0,0,0
29,573,0114,613675,0000,000000,KARNATAKA,Mandya,VILLAGE,Heraganahalli,Rural,125,490,243,247,39,17,22,55,25,30,0,0,0,267,158,109,223,85,138,344,180,164,344,180,164,340,179,161,0,0,0,1,0,1,3,1,2,0,0,0,0,0,0,0,0,0,0,0,0,0,0,0,0,0,0,0,0,0,0,0,0,0,0,0,0,0,0,0,0,0,0,0,0,0,0,0,0,0,0,0,0,0,146,63,83
29,573,0114,613676,0000,000000,KARNATAKA,Mandya,VILLAGE,Salugadde-Bidarakatte Kaval,Rural,0,0,0,0,0,0,0,0,0,0,0,0,0,0,0,0,0,0,0,0,0,0,0,0,0,0,0,0,0,0,0,0,0,0,0,0,0,0,0,0,0,0,0,0,0,0,0,0,0,0,0,0,0,0,0,0,0,0,0,0,0,0,0,0,0,0,0,0,0,0,0,0,0,0,0,0,0,0,0,0,0,0,0,0,0
29,573,0115,000000,0000,000000,KARNATAKA,Mandya,CD BLOCK,Nagamangala ,Total,40790,170121,84798,85323,14964,7678,7286,22075,10934,11141,2026,1072,954,107141,61436,45705,62980,23362,39618,98546,54903,43643,75090,48941,26149,54943,36658,18285,7691,3189,4502,645,362,283,11811,8732,3079,23456,5962,17494,13030,2937,10093,5696,1321,4375,815,221,594,3915,1483,2432,18484,4210,14274,9733,1690,8043,5055,1152,3903,531,110,421,3165,1258,1907,4972,1752,3220,3297,1247,2050,641,169,472,284,111,173,750,225,525,71575,29895,41680
29,573,0115,000000,0000,000000,KARNATAKA,Mandya,CD BLOCK,Nagamangala ,Rural,40790,170121,84798,85323,14964,7678,7286,22075,10934,11141,2026,1072,954,107141,61436,45705,62980,23362,39618,98546,54903,43643,75090,48941,26149,54943,36658,18285,7691,3189,4502,645,362,283,11811,8732,3079,23456,5962,17494,13030,2937,10093,5696,1321,4375,815,221,594,3915,1483,2432,18484,4210,14274,9733,1690,8043,5055,1152,3903,531,110,421,3165,1258,1907,4972,1752,3220,3297,1247,2050,641,169,472,284,111,173,750,225,525,71575,29895,41680
29,573,0115,000000,0000,000000,KARNATAKA,Mandya,CD BLOCK,Nagamangala ,Urban,0,0,0,0,0,0,0,0,0,0,0,0,0,0,0,0,0,0,0,0,0,0,0,0,0,0,0,0,0,0,0,0,0,0,0,0,0,0,0,0,0,0,0,0,0,0,0,0,0,0,0,0,0,0,0,0,0,0,0,0,0,0,0,0,0,0,0,0,0,0,0,0,0,0,0,0,0,0,0,0,0,0,0,0,0
29,573,0115,613677,0000,000000,KARNATAKA,Mandya,VILLAGE,Shikaranahalli,Rural,99,441,213,228,33,14,19,12,4,8,0,0,0,307,171,136,134,42,92,292,148,144,139,131,8,129,121,8,5,5,0,0,0,0,5,5,0,153,17,136,148,14,134,2,1,1,0,0,0,3,2,1,144,13,131,141,11,130,2,1,1,0,0,0,1,1,0,9,4,5,7,3,4,0,0,0,0,0,0,2,1,1,149,65,84
29,573,0115,613678,0000,000000,KARNATAKA,Mandya,VILLAGE,Devaramavinakere,Rural,193,764,376,388,49,27,22,36,16,20,0,0,0,592,316,276,172,60,112,531,281,250,384,247,137,333,225,108,37,12,25,0,0,0,14,10,4,147,34,113,145,34,111,2,0,2,0,0,0,0,0,0,147,34,113,145,34,111,2,0,2,0,0,0,0,0,0,0,0,0,0,0,0,0,0,0,0,0,0,0,0,0,233,95,138
29,573,0115,613679,0000,000000,KARNATAKA,Mandya,VILLAGE,Tondahalli,Rural,143,586,284,302,37,15,22,14,7,7,7,5,2,420,227,193,166,57,109,344,176,168,331,169,162,322,164,158,0,0,0,6,4,2,3,1,2,13,7,6,11,5,6,0,0,0,0,0,0,2,2,0,13,7,6,11,5,6,0,0,0,0,0,0,2,2,0,0,0,0,0,0,0,0,0,0,0,0,0,0,0,0,242,108,134
29,573,0115,613680,0000,000000,KARNATAKA,Mandya,VILLAGE,Maniyur,Rural,110,415,205,210,27,12,15,10,6,4,0,0,0,293,160,133,122,45,77,267,136,131,193,135,58,187,132,55,0,0,0,0,0,0,6,3,3,74,1,73,73,1,72,1,0,1,0,0,0,0,0,0,72,0,72,71,0,71,1,0,1,0,0,0,0,0,0,2,1,1,2,1,1,0,0,0,0,0,0,0,0,0,148,69,79
29,573,0115,613681,0000,000000,KARNATAKA,Mandya,VILLAGE,Honnenahalli,Rural,214,929,469,460,91,48,43,77,35,42,75,38,37,667,372,295,262,97,165,706,370,336,165,158,7,145,140,5,1,1,0,4,4,0,15,13,2,541,212,329,170,62,108,341,123,218,2,2,0,28,25,3,398,149,249,58,19,39,327,120,207,2,2,0,11,8,3,143,63,80,112,43,69,14,3,11,0,0,0,17,17,0,223,99,124
29,573,0115,613682,0000,000000,KARNATAKA,Mandya,VILLAGE,Siddapura,Rural,80,368,191,177,47,30,17,29,17,12,10,5,5,255,140,115,113,51,62,234,124,110,137,104,33,133,102,31,1,1,0,0,0,0,3,1,2,97,20,77,90,18,72,5,1,4,0,0,0,2,1,1,31,3,28,28,2,26,1,0,1,0,0,0,2,1,1,66,17,49,62,16,46,4,1,3,0,0,0,0,0,0,134,67,67
29,573,0115,613683,0000,000000,KARNATAKA,Mandya,VILLAGE,M.Kodihalli,Rural,111,413,194,219,37,19,18,40,16,24,0,0,0,244,135,109,169,59,110,330,159,171,128,117,11,89,88,1,8,4,4,1,1,0,30,24,6,202,42,160,0,0,0,124,10,114,76,32,44,2,0,2,125,10,115,0,0,0,121,9,112,3,1,2,1,0,1,77,32,45,0,0,0,3,1,2,73,31,42,1,0,1,83,35,48
29,573,0115,613684,0000,000000,KARNATAKA,Mandya,VILLAGE,Manchenahalli,Rural,130,605,312,293,46,28,18,29,11,18,0,0,0,448,256,192,157,56,101,418,229,189,214,202,12,168,162,6,7,6,1,0,0,0,39,34,5,204,27,177,200,27,173,3,0,3,0,0,0,1,0,1,197,26,171,195,26,169,1,0,1,0,0,0,1,0,1,7,1,6,5,1,4,2,0,2,0,0,0,0,0,0,187,83,104
29,573,0115,613685,0000,000000,KARNATAKA,Mandya,VILLAGE,Chandanahalli,Rural,95,500,242,258,55,27,28,0,0,0,0,0,0,341,179,162,159,63,96,328,180,148,201,162,39,83,80,3,42,25,17,1,1,0,75,56,19,127,18,109,124,18,106,2,0,2,1,0,1,0,0,0,96,3,93,93,3,90,2,0,2,1,0,1,0,0,0,31,15,16,31,15,16,0,0,0,0,0,0,0,0,0,172,62,110
29,573,0115,613686,0000,000000,KARNATAKA,Mandya,VILLAGE,Bannadahalli,Rural,37,176,93,83,20,11,9,13,8,5,0,0,0,108,61,47,68,32,36,125,70,55,68,61,7,42,41,1,12,9,3,0,0,0,14,11,3,57,9,48,57,9,48,0,0,0,0,0,0,0,0,0,40,1,39,40,1,39,0,0,0,0,0,0,0,0,0,17,8,9,17,8,9,0,0,0,0,0,0,0,0,0,51,23,28
29,573,0115,613687,0000,000000,KARNATAKA,Mandya,VILLAGE,Kanchanahalli,Rural,224,815,395,420,69,33,36,143,78,65,33,16,17,508,294,214,307,101,206,540,275,265,423,224,199,295,157,138,21,11,10,21,8,13,86,48,38,117,51,66,19,7,12,22,7,15,30,13,17,46,24,22,87,34,53,11,4,7,20,5,15,16,4,12,40,21,19,30,17,13,8,3,5,2,2,0,14,9,5,6,3,3,275,120,155
29,573,0115,613688,0000,000000,KARNATAKA,Mandya,VILLAGE,Arni,Rural,191,808,420,388,64,40,24,132,70,62,0,0,0,533,309,224,275,111,164,554,305,249,298,270,28,236,222,14,15,10,5,2,2,0,45,36,9,256,35,221,23,2,21,51,12,39,4,4,0,178,17,161,239,32,207,9,2,7,51,12,39,3,3,0,176,15,161,17,3,14,14,0,14,0,0,0,1,1,0,2,2,0,254,115,139
29,573,0115,613689,0000,000000,KARNATAKA,Mandya,VILLAGE,Kokkaranahosahalli,Rural,116,443,218,225,35,16,19,0,0,0,0,0,0,238,148,90,205,70,135,294,146,148,142,138,4,129,127,2,3,1,2,8,8,0,2,2,0,152,8,144,22,1,21,120,0,120,4,4,0,6,3,3,152,8,144,22,1,21,120,0,120,4,4,0,6,3,3,0,0,0,0,0,0,0,0,0,0,0,0,0,0,0,149,72,77
29,573,0115,613690,0000,000000,KARNATAKA,Mandya,VILLAGE,Chabbanahalli,Rural,86,347,166,181,18,11,7,4,2,2,5,3,2,233,127,106,114,39,75,230,118,112,227,116,111,210,108,102,15,7,8,0,0,0,2,1,1,3,2,1,3,2,1,0,0,0,0,0,0,0,0,0,3,2,1,3,2,1,0,0,0,0,0,0,0,0,0,0,0,0,0,0,0,0,0,0,0,0,0,0,0,0,117,48,69
29,573,0115,613691,0000,000000,KARNATAKA,Mandya,VILLAGE,Ankanahalli,Rural,125,518,259,259,36,24,12,13,7,6,0,0,0,402,220,182,116,39,77,314,154,160,164,153,11,154,146,8,2,0,2,0,0,0,8,7,1,150,1,149,147,1,146,2,0,2,0,0,0,1,0,1,149,0,149,146,0,146,2,0,2,0,0,0,1,0,1,1,1,0,1,1,0,0,0,0,0,0,0,0,0,0,204,105,99
29,573,0115,613692,0000,000000,KARNATAKA,Mandya,VILLAGE,Mylanahalli,Rural,53,184,93,91,15,7,8,0,0,0,0,0,0,121,70,51,63,23,40,139,72,67,137,71,66,135,70,65,1,1,0,0,0,0,1,0,1,2,1,1,1,0,1,0,0,0,0,0,0,1,1,0,2,1,1,1,0,1,0,0,0,0,0,0,1,1,0,0,0,0,0,0,0,0,0,0,0,0,0,0,0,0,45,21,24
29,573,0115,613693,0000,000000,KARNATAKA,Mandya,VILLAGE,Hullenahalli,Rural,52,200,98,102,11,4,7,0,0,0,0,0,0,121,74,47,79,24,55,140,73,67,81,61,20,60,53,7,19,8,11,0,0,0,2,0,2,59,12,47,59,12,47,0,0,0,0,0,0,0,0,0,40,2,38,40,2,38,0,0,0,0,0,0,0,0,0,19,10,9,19,10,9,0,0,0,0,0,0,0,0,0,60,25,35
29,573,0115,613694,0000,000000,KARNATAKA,Mandya,VILLAGE,Chakenahalli,Rural,209,830,405,425,65,37,28,58,28,30,0,0,0,614,336,278,216,69,147,581,295,286,293,244,49,206,196,10,37,9,28,14,11,3,36,28,8,288,51,237,99,3,96,38,9,29,143,37,106,8,2,6,215,14,201,99,3,96,38,9,29,74,2,72,4,0,4,73,37,36,0,0,0,0,0,0,69,35,34,4,2,2,249,110,139
29,573,0115,613695,0000,000000,KARNATAKA,Mandya,VILLAGE,Sanaba,Rural,83,346,155,191,19,9,10,8,4,4,3,2,1,256,131,125,90,24,66,263,121,142,118,99,19,88,79,9,3,1,2,2,1,1,25,18,7,145,22,123,0,0,0,0,0,0,69,9,60,76,13,63,86,5,81,0,0,0,0,0,0,40,3,37,46,2,44,59,17,42,0,0,0,0,0,0,29,6,23,30,11,19,83,34,49
29,573,0115,613696,0000,000000,KARNATAKA,Mandya,VILLAGE,Dyamasandra,Rural,20,70,39,31,6,4,2,0,0,0,0,0,0,52,31,21,18,8,10,48,28,20,26,26,0,2,2,0,0,0,0,0,0,0,24,24,0,22,2,20,12,0,12,0,0,0,0,0,0,10,2,8,6,0,6,1,0,1,0,0,0,0,0,0,5,0,5,16,2,14,11,0,11,0,0,0,0,0,0,5,2,3,22,11,11
29,573,0115,613697,0000,000000,KARNATAKA,Mandya,VILLAGE,Adakatahalli,Rural,27,125,57,68,5,3,2,0,0,0,0,0,0,94,47,47,31,10,21,81,37,44,34,33,1,33,32,1,1,1,0,0,0,0,0,0,0,47,4,43,46,4,42,1,0,1,0,0,0,0,0,0,47,4,43,46,4,42,1,0,1,0,0,0,0,0,0,0,0,0,0,0,0,0,0,0,0,0,0,0,0,0,44,20,24
29,573,0115,613698,0000,000000,KARNATAKA,Mandya,VILLAGE,Thigalanahalli,Rural,79,299,135,164,22,10,12,27,11,16,0,0,0,215,103,112,84,32,52,161,80,81,96,80,16,88,73,15,0,0,0,2,2,0,6,5,1,65,0,65,63,0,63,0,0,0,0,0,0,2,0,2,65,0,65,63,0,63,0,0,0,0,0,0,2,0,2,0,0,0,0,0,0,0,0,0,0,0,0,0,0,0,138,55,83
29,573,0115,613699,0000,000000,KARNATAKA,Mandya,VILLAGE,Srirangapura,Rural,97,390,201,189,25,17,8,45,23,22,2,1,1,295,161,134,95,40,55,241,126,115,129,123,6,121,115,6,0,0,0,0,0,0,8,8,0,112,3,109,108,1,107,0,0,0,0,0,0,4,2,2,112,3,109,108,1,107,0,0,0,0,0,0,4,2,2,0,0,0,0,0,0,0,0,0,0,0,0,0,0,0,149,75,74
29,573,0115,613700,0000,000000,KARNATAKA,Mandya,VILLAGE,Nagalapura,Rural,147,606,303,303,54,29,25,98,40,58,252,137,115,388,211,177,218,92,126,448,230,218,354,190,164,166,123,43,151,37,114,0,0,0,37,30,7,94,40,54,22,22,0,68,15,53,0,0,0,4,3,1,92,38,54,22,22,0,66,13,53,0,0,0,4,3,1,2,2,0,0,0,0,2,2,0,0,0,0,0,0,0,158,73,85
29,573,0115,613701,0000,000000,KARNATAKA,Mandya,VILLAGE,Ambaljeeranahalli,Rural,172,678,335,343,75,34,41,350,181,169,12,6,6,426,239,187,252,96,156,377,205,172,257,196,61,95,84,11,62,36,26,1,0,1,99,76,23,120,9,111,117,7,110,1,0,1,0,0,0,2,2,0,115,9,106,112,7,105,1,0,1,0,0,0,2,2,0,5,0,5,5,0,5,0,0,0,0,0,0,0,0,0,301,130,171
29,573,0115,613702,0000,000000,KARNATAKA,Mandya,VILLAGE,Mudagere,Rural,139,555,276,279,49,32,17,95,54,41,5,3,2,352,208,144,203,68,135,304,152,152,198,110,88,150,76,74,4,0,4,0,0,0,44,34,10,106,42,64,49,20,29,47,19,28,3,1,2,7,2,5,104,41,63,48,19,29,46,19,27,3,1,2,7,2,5,2,1,1,1,1,0,1,0,1,0,0,0,0,0,0,251,124,127
29,573,0115,613703,0000,000000,KARNATAKA,Mandya,VILLAGE,Chunchanahalli,Rural,538,3753,2810,943,179,88,91,573,349,224,153,120,33,3230,2616,614,523,194,329,1204,646,558,769,555,214,238,177,61,89,57,32,1,1,0,441,320,121,435,91,344,149,33,116,62,10,52,2,1,1,222,47,175,357,68,289,111,20,91,43,6,37,2,1,1,201,41,160,78,23,55,38,13,25,19,4,15,0,0,0,21,6,15,2549,2164,385
29,573,0115,613704,0000,000000,KARNATAKA,Mandya,VILLAGE,Yalachikere,Rural,37,170,85,85,23,16,7,41,19,22,0,0,0,93,50,43,77,35,42,97,50,47,72,42,30,30,14,16,15,6,9,0,0,0,27,22,5,25,8,17,4,2,2,21,6,15,0,0,0,0,0,0,25,8,17,4,2,2,21,6,15,0,0,0,0,0,0,0,0,0,0,0,0,0,0,0,0,0,0,0,0,0,73,35,38
29,573,0115,613705,0000,000000,KARNATAKA,Mandya,VILLAGE,Byaladakere,Rural,153,564,258,306,30,13,17,80,34,46,0,0,0,345,190,155,219,68,151,378,185,193,250,173,77,129,124,5,86,22,64,1,1,0,34,26,8,128,12,116,7,1,6,107,10,97,3,0,3,11,1,10,98,3,95,3,1,2,93,2,91,2,0,2,0,0,0,30,9,21,4,0,4,14,8,6,1,0,1,11,1,10,186,73,113
29,573,0115,613706,0000,000000,KARNATAKA,Mandya,VILLAGE,G.Nagatihalli,Rural,83,314,163,151,17,9,8,0,0,0,0,0,0,195,121,74,119,42,77,254,128,126,250,126,124,245,123,122,4,2,2,0,0,0,1,1,0,4,2,2,3,1,2,0,0,0,0,0,0,1,1,0,2,1,1,1,0,1,0,0,0,0,0,0,1,1,0,2,1,1,2,1,1,0,0,0,0,0,0,0,0,0,60,35,25
29,573,0115,613707,0000,000000,KARNATAKA,Mandya,VILLAGE,Ganasandra,Rural,44,169,82,87,12,6,6,76,36,40,0,0,0,87,53,34,82,29,53,95,45,50,93,44,49,67,34,33,22,8,14,0,0,0,4,2,2,2,1,1,0,0,0,0,0,0,0,0,0,2,1,1,1,1,0,0,0,0,0,0,0,0,0,0,1,1,0,1,0,1,0,0,0,0,0,0,0,0,0,1,0,1,74,37,37
29,573,0115,613708,0000,000000,KARNATAKA,Mandya,VILLAGE,Bananahalli,Rural,30,113,51,62,9,7,2,42,20,22,0,0,0,51,22,29,62,29,33,74,32,42,68,32,36,34,31,3,33,1,32,0,0,0,1,0,1,6,0,6,0,0,0,6,0,6,0,0,0,0,0,0,6,0,6,0,0,0,6,0,6,0,0,0,0,0,0,0,0,0,0,0,0,0,0,0,0,0,0,0,0,0,39,19,20
29,573,0115,613709,0000,000000,KARNATAKA,Mandya,VILLAGE,Laxmipura,Rural,89,356,196,160,24,11,13,109,65,44,4,3,1,236,158,78,120,38,82,289,160,129,275,152,123,260,142,118,13,9,4,0,0,0,2,1,1,14,8,6,9,4,5,5,4,1,0,0,0,0,0,0,11,6,5,6,2,4,5,4,1,0,0,0,0,0,0,3,2,1,3,2,1,0,0,0,0,0,0,0,0,0,67,36,31
29,573,0115,613710,0000,000000,KARNATAKA,Mandya,VILLAGE,Belluru,Rural,1685,7412,3736,3676,821,420,401,1519,758,761,52,24,28,5728,2980,2748,1684,756,928,3339,2302,1037,2496,1990,506,255,207,48,293,157,136,81,24,57,1867,1602,265,843,312,531,93,28,65,128,22,106,89,2,87,533,260,273,731,279,452,63,11,52,104,16,88,70,1,69,494,251,243,112,33,79,30,17,13,24,6,18,19,1,18,39,9,30,4073,1434,2639
29,573,0115,613711,0000,000000,KARNATAKA,Mandya,VILLAGE,Mantanahalli,Rural,35,153,82,71,19,11,8,0,0,0,0,0,0,93,53,40,60,29,31,96,55,41,52,45,7,41,37,4,3,1,2,0,0,0,8,7,1,44,10,34,0,0,0,41,9,32,0,0,0,3,1,2,44,10,34,0,0,0,41,9,32,0,0,0,3,1,2,0,0,0,0,0,0,0,0,0,0,0,0,0,0,0,57,27,30
29,573,0115,613712,0000,000000,KARNATAKA,Mandya,VILLAGE,Devihalli,Rural,73,281,146,135,16,9,7,40,21,19,3,1,2,193,110,83,88,36,52,154,98,56,141,96,45,79,56,23,45,25,20,0,0,0,17,15,2,13,2,11,13,2,11,0,0,0,0,0,0,0,0,0,8,1,7,8,1,7,0,0,0,0,0,0,0,0,0,5,1,4,5,1,4,0,0,0,0,0,0,0,0,0,127,48,79
29,573,0115,613713,0000,000000,KARNATAKA,Mandya,VILLAGE,Agachahalli,Rural,204,865,445,420,72,40,32,63,31,32,24,14,10,670,374,296,195,71,124,488,277,211,471,271,200,300,160,140,58,24,34,4,2,2,109,85,24,17,6,11,12,4,8,5,2,3,0,0,0,0,0,0,17,6,11,12,4,8,5,2,3,0,0,0,0,0,0,0,0,0,0,0,0,0,0,0,0,0,0,0,0,0,377,168,209
29,573,0115,613714,0000,000000,KARNATAKA,Mandya,VILLAGE,Kannagatta,Rural,52,203,107,96,19,13,6,0,0,0,0,0,0,134,74,60,69,33,36,131,67,64,68,63,5,58,55,3,2,1,1,0,0,0,8,7,1,63,4,59,1,0,1,61,3,58,0,0,0,1,1,0,59,4,55,1,0,1,57,3,54,0,0,0,1,1,0,4,0,4,0,0,0,4,0,4,0,0,0,0,0,0,72,40,32
29,573,0115,613715,0000,000000,KARNATAKA,Mandya,VILLAGE,Chamalapura,Rural,94,476,244,232,46,20,26,31,13,18,1,0,1,397,212,185,79,32,47,275,143,132,111,91,20,91,81,10,7,4,3,0,0,0,13,6,7,164,52,112,2,1,1,130,34,96,2,1,1,30,16,14,164,52,112,2,1,1,130,34,96,2,1,1,30,16,14,0,0,0,0,0,0,0,0,0,0,0,0,0,0,0,201,101,100
29,573,0115,613716,0000,000000,KARNATAKA,Mandya,VILLAGE,Maradevanahalli,Rural,74,317,156,161,27,14,13,89,46,43,0,0,0,200,117,83,117,39,78,205,117,88,173,98,75,76,42,34,35,13,22,5,3,2,57,40,17,32,19,13,20,8,12,5,4,1,0,0,0,7,7,0,15,11,4,6,3,3,4,3,1,0,0,0,5,5,0,17,8,9,14,5,9,1,1,0,0,0,0,2,2,0,112,39,73
29,573,0115,613717,0000,000000,KARNATAKA,Mandya,VILLAGE,Govindagatta,Rural,170,684,342,342,65,36,29,128,60,68,0,0,0,450,259,191,234,83,151,437,219,218,243,213,30,139,137,2,4,4,0,2,2,0,98,70,28,194,6,188,185,5,180,5,1,4,0,0,0,4,0,4,192,5,187,184,4,180,5,1,4,0,0,0,3,0,3,2,1,1,1,1,0,0,0,0,0,0,0,1,0,1,247,123,124
29,573,0115,613718,0000,000000,KARNATAKA,Mandya,VILLAGE,Doddagatta,Rural,39,168,91,77,17,7,10,28,14,14,0,0,0,125,77,48,43,14,29,110,59,51,49,46,3,42,39,3,5,5,0,0,0,0,2,2,0,61,13,48,3,0,3,57,13,44,1,0,1,0,0,0,61,13,48,3,0,3,57,13,44,1,0,1,0,0,0,0,0,0,0,0,0,0,0,0,0,0,0,0,0,0,58,32,26
29,573,0115,613719,0000,000000,KARNATAKA,Mandya,VILLAGE,Suranahalli,Rural,30,137,66,71,15,6,9,26,12,14,0,0,0,98,50,48,39,16,23,77,41,36,11,10,1,4,4,0,6,5,1,0,0,0,1,1,0,66,31,35,2,1,1,59,29,30,5,1,4,0,0,0,66,31,35,2,1,1,59,29,30,5,1,4,0,0,0,0,0,0,0,0,0,0,0,0,0,0,0,0,0,0,60,25,35
29,573,0115,613720,0000,000000,KARNATAKA,Mandya,VILLAGE,Bommanahalli,Rural,355,1348,724,624,168,88,80,70,37,33,98,47,51,984,576,408,364,148,216,550,418,132,541,414,127,70,62,8,6,1,5,12,5,7,453,346,107,9,4,5,0,0,0,3,1,2,1,0,1,5,3,2,7,3,4,0,0,0,2,1,1,1,0,1,4,2,2,2,1,1,0,0,0,1,0,1,0,0,0,1,1,0,798,306,492
29,573,0115,613721,0000,000000,KARNATAKA,Mandya,VILLAGE,Javaranahalli,Rural,359,2025,947,1078,131,63,68,126,59,67,12,5,7,1777,863,914,248,84,164,751,383,368,656,345,311,91,80,11,183,32,151,5,5,0,377,228,149,95,38,57,13,5,8,18,5,13,56,23,33,8,5,3,93,38,55,13,5,8,16,5,11,56,23,33,8,5,3,2,0,2,0,0,0,2,0,2,0,0,0,0,0,0,1274,564,710
29,573,0115,613722,0000,000000,KARNATAKA,Mandya,VILLAGE,Vaddarahalli,Rural,106,416,213,203,34,23,11,46,23,23,2,1,1,275,168,107,141,45,96,312,157,155,178,137,41,145,113,32,10,5,5,0,0,0,23,19,4,134,20,114,117,12,105,5,0,5,0,0,0,12,8,4,132,19,113,115,11,104,5,0,5,0,0,0,12,8,4,2,1,1,2,1,1,0,0,0,0,0,0,0,0,0,104,56,48
29,573,0115,613723,0000,000000,KARNATAKA,Mandya,VILLAGE,Thavarekere,Rural,50,189,99,90,16,4,12,16,9,7,13,7,6,120,79,41,69,20,49,155,85,70,97,76,21,58,47,11,15,10,5,0,0,0,24,19,5,58,9,49,49,5,44,4,0,4,0,0,0,5,4,1,58,9,49,49,5,44,4,0,4,0,0,0,5,4,1,0,0,0,0,0,0,0,0,0,0,0,0,0,0,0,34,14,20
29,573,0115,613724,0000,000000,KARNATAKA,Mandya,VILLAGE,Karijeeranahalli,Rural,97,369,194,175,47,27,20,200,112,88,5,3,2,205,124,81,164,70,94,240,132,108,220,123,97,121,63,58,11,5,6,0,0,0,88,55,33,20,9,11,5,1,4,0,0,0,0,0,0,15,8,7,18,7,11,5,1,4,0,0,0,0,0,0,13,6,7,2,2,0,0,0,0,0,0,0,0,0,0,2,2,0,129,62,67
29,573,0115,613725,0000,000000,KARNATAKA,Mandya,VILLAGE,Koppa,Rural,109,466,227,239,37,18,19,54,24,30,0,0,0,313,180,133,153,47,106,357,182,175,197,140,57,175,125,50,2,2,0,0,0,0,20,13,7,160,42,118,136,35,101,23,6,17,0,0,0,1,1,0,156,40,116,133,34,99,23,6,17,0,0,0,0,0,0,4,2,2,3,1,2,0,0,0,0,0,0,1,1,0,109,45,64
29,573,0115,613726,0000,000000,KARNATAKA,Mandya,VILLAGE,Byrasandra,Rural,67,283,137,146,26,11,15,30,15,15,0,0,0,177,111,66,106,26,80,177,96,81,150,85,65,143,82,61,0,0,0,0,0,0,7,3,4,27,11,16,27,11,16,0,0,0,0,0,0,0,0,0,26,11,15,26,11,15,0,0,0,0,0,0,0,0,0,1,0,1,1,0,1,0,0,0,0,0,0,0,0,0,106,41,65
29,573,0115,613727,0000,000000,KARNATAKA,Mandya,VILLAGE,Bettadakote,Rural,102,364,184,180,38,19,19,29,16,13,0,0,0,224,143,81,140,41,99,299,154,145,202,113,89,181,96,85,0,0,0,0,0,0,21,17,4,97,41,56,92,38,54,0,0,0,0,0,0,5,3,2,34,10,24,31,8,23,0,0,0,0,0,0,3,2,1,63,31,32,61,30,31,0,0,0,0,0,0,2,1,1,65,30,35
29,573,0115,613728,0000,000000,KARNATAKA,Mandya,VILLAGE,Byadarahosahalli,Rural,11,60,27,33,7,4,3,60,27,33,0,0,0,35,20,15,25,7,18,38,19,19,17,15,2,15,13,2,0,0,0,0,0,0,2,2,0,21,4,17,21,4,17,0,0,0,0,0,0,0,0,0,20,3,17,20,3,17,0,0,0,0,0,0,0,0,0,1,1,0,1,1,0,0,0,0,0,0,0,0,0,0,22,8,14
29,573,0115,613729,0000,000000,KARNATAKA,Mandya,VILLAGE,Bilagunda,Rural,220,921,446,475,87,41,46,186,91,95,49,26,23,612,334,278,309,112,197,617,344,273,471,294,177,288,172,116,53,32,21,3,2,1,127,88,39,146,50,96,120,39,81,15,4,11,0,0,0,11,7,4,47,10,37,37,5,32,2,0,2,0,0,0,8,5,3,99,40,59,83,34,49,13,4,9,0,0,0,3,2,1,304,102,202
29,573,0115,613730,0000,000000,KARNATAKA,Mandya,VILLAGE,Hatna,Rural,117,400,201,199,13,7,6,109,52,57,0,0,0,338,180,158,62,21,41,383,192,191,299,146,153,298,146,152,0,0,0,0,0,0,1,0,1,84,46,38,84,46,38,0,0,0,0,0,0,0,0,0,2,2,0,2,2,0,0,0,0,0,0,0,0,0,0,82,44,38,82,44,38,0,0,0,0,0,0,0,0,0,17,9,8
29,573,0115,613731,0000,000000,KARNATAKA,Mandya,VILLAGE,Gondihalli,Rural,37,129,62,67,1,1,0,0,0,0,0,0,0,106,50,56,23,12,11,124,58,66,101,47,54,100,47,53,0,0,0,0,0,0,1,0,1,23,11,12,23,11,12,0,0,0,0,0,0,0,0,0,0,0,0,0,0,0,0,0,0,0,0,0,0,0,0,23,11,12,23,11,12,0,0,0,0,0,0,0,0,0,5,4,1
29,573,0115,613732,0000,000000,KARNATAKA,Mandya,VILLAGE,Kalinganahalli,Rural,115,414,195,219,47,19,28,28,14,14,0,0,0,235,133,102,179,62,117,366,174,192,224,112,112,223,112,111,1,0,1,0,0,0,0,0,0,142,62,80,142,62,80,0,0,0,0,0,0,0,0,0,9,6,3,9,6,3,0,0,0,0,0,0,0,0,0,133,56,77,133,56,77,0,0,0,0,0,0,0,0,0,48,21,27
29,573,0115,613733,0000,000000,KARNATAKA,Mandya,VILLAGE,Channapura,Rural,23,91,45,46,8,3,5,0,0,0,0,0,0,58,32,26,33,13,20,86,42,44,52,29,23,45,22,23,0,0,0,0,0,0,7,7,0,34,13,21,34,13,21,0,0,0,0,0,0,0,0,0,0,0,0,0,0,0,0,0,0,0,0,0,0,0,0,34,13,21,34,13,21,0,0,0,0,0,0,0,0,0,5,3,2
29,573,0115,613734,0000,000000,KARNATAKA,Mandya,VILLAGE,Beechanahalli,Rural,31,109,55,54,9,3,6,1,1,0,0,0,0,61,36,25,48,19,29,98,50,48,71,36,35,71,36,35,0,0,0,0,0,0,0,0,0,27,14,13,27,14,13,0,0,0,0,0,0,0,0,0,2,1,1,2,1,1,0,0,0,0,0,0,0,0,0,25,13,12,25,13,12,0,0,0,0,0,0,0,0,0,11,5,6
29,573,0115,613735,0000,000000,KARNATAKA,Mandya,VILLAGE,Irubanahalli,Rural,64,248,123,125,21,9,12,23,11,12,0,0,0,144,84,60,104,39,65,215,107,108,150,75,75,132,64,68,11,6,5,0,0,0,7,5,2,65,32,33,65,32,33,0,0,0,0,0,0,0,0,0,0,0,0,0,0,0,0,0,0,0,0,0,0,0,0,65,32,33,65,32,33,0,0,0,0,0,0,0,0,0,33,16,17
29,573,0115,613736,0000,000000,KARNATAKA,Mandya,VILLAGE,Kanchinakote,Rural,64,256,120,136,19,8,11,46,22,24,0,0,0,159,93,66,97,27,70,209,97,112,140,69,71,104,48,56,17,6,11,0,0,0,19,15,4,69,28,41,64,27,37,5,1,4,0,0,0,0,0,0,5,0,5,5,0,5,0,0,0,0,0,0,0,0,0,64,28,36,59,27,32,5,1,4,0,0,0,0,0,0,47,23,24
29,573,0115,613737,0000,000000,KARNATAKA,Mandya,VILLAGE,Karabylu,Rural,56,210,104,106,17,11,6,58,26,32,0,0,0,115,63,52,95,41,54,167,80,87,123,61,62,82,41,41,12,5,7,0,0,0,29,15,14,44,19,25,41,17,24,3,2,1,0,0,0,0,0,0,3,1,2,3,1,2,0,0,0,0,0,0,0,0,0,41,18,23,38,16,22,3,2,1,0,0,0,0,0,0,43,24,19
29,573,0115,613738,0000,000000,KARNATAKA,Mandya,VILLAGE,Nelligere,Rural,85,397,200,197,37,12,25,43,20,23,5,3,2,252,148,104,145,52,93,195,127,68,98,82,16,44,43,1,5,2,3,0,0,0,49,37,12,97,45,52,0,0,0,5,1,4,3,2,1,89,42,47,89,41,48,0,0,0,5,1,4,2,1,1,82,39,43,8,4,4,0,0,0,0,0,0,1,1,0,7,3,4,202,73,129
29,573,0115,613739,0000,000000,KARNATAKA,Mandya,VILLAGE,Toremavinakere,Rural,57,259,128,131,28,12,16,84,39,45,0,0,0,172,104,68,87,24,63,153,90,63,68,61,7,46,42,4,3,2,1,0,0,0,19,17,2,85,29,56,1,0,1,6,1,5,0,0,0,78,28,50,85,29,56,1,0,1,6,1,5,0,0,0,78,28,50,0,0,0,0,0,0,0,0,0,0,0,0,0,0,0,106,38,68
29,573,0115,613740,0000,000000,KARNATAKA,Mandya,VILLAGE,Hampapura,Rural,17,78,43,35,6,4,2,0,0,0,0,0,0,39,25,14,39,18,21,49,24,25,45,23,22,36,17,19,3,0,3,0,0,0,6,6,0,4,1,3,3,0,3,0,0,0,0,0,0,1,1,0,4,1,3,3,0,3,0,0,0,0,0,0,1,1,0,0,0,0,0,0,0,0,0,0,0,0,0,0,0,0,29,19,10
29,573,0115,613741,0000,000000,KARNATAKA,Mandya,VILLAGE,Halalu,Rural,49,241,130,111,12,6,6,17,8,9,0,0,0,157,94,63,84,36,48,164,87,77,151,80,71,60,50,10,56,9,47,2,1,1,33,20,13,13,7,6,0,0,0,3,0,3,0,0,0,10,7,3,10,6,4,0,0,0,1,0,1,0,0,0,9,6,3,3,1,2,0,0,0,2,0,2,0,0,0,1,1,0,77,43,34
29,573,0115,613742,0000,000000,KARNATAKA,Mandya,VILLAGE,Gowdarahalli,Rural,0,0,0,0,0,0,0,0,0,0,0,0,0,0,0,0,0,0,0,0,0,0,0,0,0,0,0,0,0,0,0,0,0,0,0,0,0,0,0,0,0,0,0,0,0,0,0,0,0,0,0,0,0,0,0,0,0,0,0,0,0,0,0,0,0,0,0,0,0,0,0,0,0,0,0,0,0,0,0,0,0,0,0,0,0
29,573,0115,613743,0000,000000,KARNATAKA,Mandya,VILLAGE,Thirumalapura,Rural,80,326,169,157,48,27,21,233,122,111,0,0,0,173,99,74,153,70,83,192,96,96,192,96,96,55,17,38,22,0,22,0,0,0,115,79,36,0,0,0,0,0,0,0,0,0,0,0,0,0,0,0,0,0,0,0,0,0,0,0,0,0,0,0,0,0,0,0,0,0,0,0,0,0,0,0,0,0,0,0,0,0,134,73,61
29,573,0115,613744,0000,000000,KARNATAKA,Mandya,VILLAGE,Vaderahalli,Rural,113,558,277,281,61,34,27,28,13,15,0,0,0,371,207,164,187,70,117,438,217,221,167,145,22,141,129,12,20,12,8,0,0,0,6,4,2,271,72,199,236,68,168,33,3,30,0,0,0,2,1,1,191,45,146,156,41,115,33,3,30,0,0,0,2,1,1,80,27,53,80,27,53,0,0,0,0,0,0,0,0,0,120,60,60
29,573,0115,613745,0000,000000,KARNATAKA,Mandya,VILLAGE,Kadumanchenahalli,Rural,24,121,63,58,16,8,8,14,6,8,25,14,11,79,46,33,42,17,25,89,46,43,36,34,2,31,29,2,3,3,0,0,0,0,2,2,0,53,12,41,47,12,35,5,0,5,0,0,0,1,0,1,45,6,39,39,6,33,5,0,5,0,0,0,1,0,1,8,6,2,8,6,2,0,0,0,0,0,0,0,0,0,32,17,15
29,573,0115,613746,0000,000000,KARNATAKA,Mandya,VILLAGE,Hosahalli,Rural,15,60,29,31,4,3,1,0,0,0,0,0,0,36,21,15,24,8,16,39,20,19,39,20,19,35,17,18,4,3,1,0,0,0,0,0,0,0,0,0,0,0,0,0,0,0,0,0,0,0,0,0,0,0,0,0,0,0,0,0,0,0,0,0,0,0,0,0,0,0,0,0,0,0,0,0,0,0,0,0,0,0,21,9,12
29,573,0115,613747,0000,000000,KARNATAKA,Mandya,VILLAGE,Doddajataka,Rural,134,524,261,263,33,20,13,108,50,58,0,0,0,420,223,197,104,38,66,362,185,177,360,183,177,284,156,128,65,19,46,0,0,0,11,8,3,2,2,0,1,1,0,0,0,0,0,0,0,1,1,0,2,2,0,1,1,0,0,0,0,0,0,0,1,1,0,0,0,0,0,0,0,0,0,0,0,0,0,0,0,0,162,76,86
29,573,0115,613748,0000,000000,KARNATAKA,Mandya,VILLAGE,Volagerepura,Rural,122,676,355,321,89,47,42,0,0,0,1,0,1,478,273,205,198,82,116,402,212,190,399,210,189,267,139,128,75,29,46,0,0,0,57,42,15,3,2,1,1,1,0,0,0,0,0,0,0,2,1,1,3,2,1,1,1,0,0,0,0,0,0,0,2,1,1,0,0,0,0,0,0,0,0,0,0,0,0,0,0,0,274,143,131
29,573,0115,613749,0000,000000,KARNATAKA,Mandya,VILLAGE,Chikkajataka,Rural,140,605,296,309,73,35,38,63,33,30,0,0,0,304,174,130,301,122,179,527,258,269,219,189,30,191,170,21,17,11,6,2,1,1,9,7,2,308,69,239,249,44,205,37,13,24,1,0,1,21,12,9,224,33,191,189,22,167,26,5,21,1,0,1,8,6,2,84,36,48,60,22,38,11,8,3,0,0,0,13,6,7,78,38,40
29,573,0115,613750,0000,000000,KARNATAKA,Mandya,VILLAGE,Krishnapura,Rural,22,74,38,36,3,1,2,0,0,0,0,0,0,43,28,15,31,10,21,71,37,34,32,28,4,31,27,4,1,1,0,0,0,0,0,0,0,39,9,30,36,9,27,2,0,2,1,0,1,0,0,0,29,4,25,27,4,23,2,0,2,0,0,0,0,0,0,10,5,5,9,5,4,0,0,0,1,0,1,0,0,0,3,1,2
29,573,0115,613751,0000,000000,KARNATAKA,Mandya,VILLAGE,Kuppe,Rural,11,46,24,22,4,1,3,0,0,0,0,0,0,34,21,13,12,3,9,42,22,20,22,11,11,21,10,11,0,0,0,0,0,0,1,1,0,20,11,9,20,11,9,0,0,0,0,0,0,0,0,0,0,0,0,0,0,0,0,0,0,0,0,0,0,0,0,20,11,9,20,11,9,0,0,0,0,0,0,0,0,0,4,2,2
29,573,0115,613752,0000,000000,KARNATAKA,Mandya,VILLAGE,Dumma Sandra,Rural,45,201,93,108,16,8,8,5,3,2,45,20,25,148,74,74,53,19,34,179,83,96,112,57,55,101,51,50,7,2,5,0,0,0,4,4,0,67,26,41,64,25,39,3,1,2,0,0,0,0,0,0,5,1,4,5,1,4,0,0,0,0,0,0,0,0,0,62,25,37,59,24,35,3,1,2,0,0,0,0,0,0,22,10,12
29,573,0115,613753,0000,000000,KARNATAKA,Mandya,VILLAGE,Ankanahalli,Rural,87,341,173,168,31,15,16,25,12,13,0,0,0,209,132,77,132,41,91,288,146,142,175,99,76,166,91,75,0,0,0,1,1,0,8,7,1,113,47,66,111,46,65,0,0,0,2,1,1,0,0,0,29,10,19,28,9,19,0,0,0,1,1,0,0,0,0,84,37,47,83,37,46,0,0,0,1,0,1,0,0,0,53,27,26
29,573,0115,613754,0000,000000,KARNATAKA,Mandya,VILLAGE,Kavalugundi,Rural,18,76,42,34,4,3,1,4,2,2,0,0,0,51,31,20,25,11,14,65,35,30,29,25,4,25,23,2,4,2,2,0,0,0,0,0,0,36,10,26,36,10,26,0,0,0,0,0,0,0,0,0,6,1,5,6,1,5,0,0,0,0,0,0,0,0,0,30,9,21,30,9,21,0,0,0,0,0,0,0,0,0,11,7,4
29,573,0115,613755,0000,000000,KARNATAKA,Mandya,VILLAGE,Doddaguni,Rural,38,206,114,92,25,11,14,0,0,0,0,0,0,127,77,50,79,37,42,170,99,71,69,64,5,46,41,5,19,19,0,0,0,0,4,4,0,101,35,66,101,35,66,0,0,0,0,0,0,0,0,0,6,3,3,6,3,3,0,0,0,0,0,0,0,0,0,95,32,63,95,32,63,0,0,0,0,0,0,0,0,0,36,15,21
29,573,0115,613756,0000,000000,KARNATAKA,Mandya,VILLAGE,Katriguppe,Rural,24,117,56,61,19,9,10,10,3,7,0,0,0,64,37,27,53,19,34,89,46,43,32,28,4,29,27,2,2,1,1,0,0,0,1,0,1,57,18,39,53,17,36,3,0,3,0,0,0,1,1,0,13,2,11,10,1,9,2,0,2,0,0,0,1,1,0,44,16,28,43,16,27,1,0,1,0,0,0,0,0,0,28,10,18
29,573,0115,613757,0000,000000,KARNATAKA,Mandya,VILLAGE,Shivanahalli,Rural,36,149,80,69,14,11,3,36,19,17,0,0,0,88,57,31,61,23,38,106,54,52,52,46,6,40,36,4,7,6,1,1,1,0,4,3,1,54,8,46,50,8,42,3,0,3,1,0,1,0,0,0,3,1,2,2,1,1,1,0,1,0,0,0,0,0,0,51,7,44,48,7,41,2,0,2,1,0,1,0,0,0,43,26,17
29,573,0115,613758,0000,000000,KARNATAKA,Mandya,VILLAGE,Bitagonahalli,Rural,17,74,34,40,9,2,7,7,2,5,0,0,0,38,22,16,36,12,24,50,24,26,21,19,2,12,12,0,9,7,2,0,0,0,0,0,0,29,5,24,23,5,18,6,0,6,0,0,0,0,0,0,0,0,0,0,0,0,0,0,0,0,0,0,0,0,0,29,5,24,23,5,18,6,0,6,0,0,0,0,0,0,24,10,14
29,573,0115,613759,0000,000000,KARNATAKA,Mandya,VILLAGE,Mugutigundi,Rural,0,0,0,0,0,0,0,0,0,0,0,0,0,0,0,0,0,0,0,0,0,0,0,0,0,0,0,0,0,0,0,0,0,0,0,0,0,0,0,0,0,0,0,0,0,0,0,0,0,0,0,0,0,0,0,0,0,0,0,0,0,0,0,0,0,0,0,0,0,0,0,0,0,0,0,0,0,0,0,0,0,0,0,0,0
29,573,0115,613760,0000,000000,KARNATAKA,Mandya,VILLAGE,Honnadevihalli,Rural,115,460,226,234,49,23,26,45,23,22,4,2,2,391,196,195,69,30,39,308,155,153,305,152,153,300,151,149,0,0,0,0,0,0,5,1,4,3,3,0,0,0,0,0,0,0,0,0,0,3,3,0,3,3,0,0,0,0,0,0,0,0,0,0,3,3,0,0,0,0,0,0,0,0,0,0,0,0,0,0,0,0,152,71,81
29,573,0115,613761,0000,000000,KARNATAKA,Mandya,VILLAGE,Kadabahalli ,Rural,450,1825,915,910,177,92,85,208,100,108,25,13,12,1315,723,592,510,192,318,1171,618,553,780,396,384,708,352,356,14,6,8,0,0,0,58,38,20,391,222,169,106,89,17,65,29,36,3,2,1,217,102,115,390,221,169,106,89,17,65,29,36,3,2,1,216,101,115,1,1,0,0,0,0,0,0,0,0,0,0,1,1,0,654,297,357
29,573,0115,613762,0000,000000,KARNATAKA,Mandya,VILLAGE,Cholenahalli,Rural,76,349,167,182,24,11,13,2,1,1,0,0,0,314,153,161,35,14,21,243,116,127,242,115,127,241,115,126,1,0,1,0,0,0,0,0,0,1,1,0,1,1,0,0,0,0,0,0,0,0,0,0,1,1,0,1,1,0,0,0,0,0,0,0,0,0,0,0,0,0,0,0,0,0,0,0,0,0,0,0,0,0,106,51,55
29,573,0115,613763,0000,000000,KARNATAKA,Mandya,VILLAGE,Heraganahalli,Rural,139,511,254,257,27,21,6,44,21,23,0,0,0,409,219,190,102,35,67,350,160,190,350,160,190,342,155,187,2,1,1,0,0,0,6,4,2,0,0,0,0,0,0,0,0,0,0,0,0,0,0,0,0,0,0,0,0,0,0,0,0,0,0,0,0,0,0,0,0,0,0,0,0,0,0,0,0,0,0,0,0,0,161,94,67
29,573,0115,613764,0000,000000,KARNATAKA,Mandya,VILLAGE,Jogipura,Rural,24,81,44,37,3,2,1,0,0,0,0,0,0,53,30,23,28,14,14,59,28,31,59,28,31,58,28,30,0,0,0,0,0,0,1,0,1,0,0,0,0,0,0,0,0,0,0,0,0,0,0,0,0,0,0,0,0,0,0,0,0,0,0,0,0,0,0,0,0,0,0,0,0,0,0,0,0,0,0,0,0,0,22,16,6
29,573,0115,613765,0000,000000,KARNATAKA,Mandya,VILLAGE,Alisandra,Rural,282,1108,527,581,72,36,36,20,8,12,0,0,0,839,451,388,269,76,193,582,350,232,403,342,61,256,237,19,35,16,19,2,2,0,110,87,23,179,8,171,174,8,166,4,0,4,1,0,1,0,0,0,179,8,171,174,8,166,4,0,4,1,0,1,0,0,0,0,0,0,0,0,0,0,0,0,0,0,0,0,0,0,526,177,349
29,573,0115,613766,0000,000000,KARNATAKA,Mandya,VILLAGE,Varahasandra,Rural,130,534,258,276,56,30,26,69,31,38,0,0,0,354,192,162,180,66,114,341,181,160,257,180,77,177,119,58,6,5,1,6,3,3,68,53,15,84,1,83,72,0,72,9,0,9,0,0,0,3,1,2,10,1,9,8,0,8,0,0,0,0,0,0,2,1,1,74,0,74,64,0,64,9,0,9,0,0,0,1,0,1,193,77,116
29,573,0115,613767,0000,000000,KARNATAKA,Mandya,VILLAGE,Dadaga,Rural,223,804,385,419,77,41,36,60,27,33,10,5,5,571,294,277,233,91,142,471,258,213,355,241,114,243,156,87,30,13,17,0,0,0,82,72,10,116,17,99,64,1,63,38,4,34,2,2,0,12,10,2,113,15,98,64,1,63,37,4,33,0,0,0,12,10,2,3,2,1,0,0,0,1,0,1,2,2,0,0,0,0,333,127,206
29,573,0115,613768,0000,000000,KARNATAKA,Mandya,VILLAGE,A.Nagathihalli,Rural,316,1174,575,599,77,48,29,90,42,48,0,0,0,895,482,413,279,93,186,541,375,166,407,370,37,312,302,10,11,3,8,5,3,2,79,62,17,134,5,129,116,2,114,9,1,8,1,1,0,8,1,7,32,2,30,25,0,25,4,1,3,0,0,0,3,1,2,102,3,99,91,2,89,5,0,5,1,1,0,5,0,5,633,200,433
29,573,0115,613769,0000,000000,KARNATAKA,Mandya,VILLAGE,Avverahalli,Rural,57,238,120,118,28,11,17,1,1,0,0,0,0,175,99,76,63,21,42,72,71,1,70,69,1,69,68,1,0,0,0,0,0,0,1,1,0,2,2,0,2,2,0,0,0,0,0,0,0,0,0,0,2,2,0,2,2,0,0,0,0,0,0,0,0,0,0,0,0,0,0,0,0,0,0,0,0,0,0,0,0,0,166,49,117
29,573,0115,613770,0000,000000,KARNATAKA,Mandya,VILLAGE,Chikkonahallipura,Rural,100,436,211,225,32,12,20,1,0,1,0,0,0,297,169,128,139,42,97,143,134,9,138,133,5,135,132,3,0,0,0,0,0,0,3,1,2,5,1,4,3,0,3,2,1,1,0,0,0,0,0,0,5,1,4,3,0,3,2,1,1,0,0,0,0,0,0,0,0,0,0,0,0,0,0,0,0,0,0,0,0,0,293,77,216
29,573,0115,613771,0000,000000,KARNATAKA,Mandya,VILLAGE,Hadenahalli,Rural,139,614,308,306,62,38,24,40,19,21,0,0,0,421,237,184,193,71,122,371,190,181,332,183,149,225,123,102,88,48,40,1,1,0,18,11,7,39,7,32,27,6,21,11,1,10,0,0,0,1,0,1,12,3,9,8,2,6,4,1,3,0,0,0,0,0,0,27,4,23,19,4,15,7,0,7,0,0,0,1,0,1,243,118,125
29,573,0115,613772,0000,000000,KARNATAKA,Mandya,VILLAGE,Metimellahalli,Rural,109,448,219,229,28,15,13,12,6,6,0,0,0,331,190,141,117,29,88,236,156,80,236,156,80,199,150,49,29,1,28,1,0,1,7,5,2,0,0,0,0,0,0,0,0,0,0,0,0,0,0,0,0,0,0,0,0,0,0,0,0,0,0,0,0,0,0,0,0,0,0,0,0,0,0,0,0,0,0,0,0,0,212,63,149
29,573,0115,613773,0000,000000,KARNATAKA,Mandya,VILLAGE,Bommanahalli,Rural,129,494,241,253,30,13,17,9,5,4,0,0,0,362,199,163,132,42,90,253,145,108,245,142,103,217,127,90,16,7,9,1,1,0,11,7,4,8,3,5,4,2,2,0,0,0,1,1,0,3,0,3,7,2,5,3,1,2,0,0,0,1,1,0,3,0,3,1,1,0,1,1,0,0,0,0,0,0,0,0,0,0,241,96,145
29,573,0115,613774,0000,000000,KARNATAKA,Mandya,VILLAGE,Thittanahosahalli,Rural,100,437,225,212,30,11,19,8,4,4,0,0,0,321,188,133,116,37,79,177,105,72,120,105,15,112,102,10,4,1,3,0,0,0,4,2,2,57,0,57,29,0,29,0,0,0,0,0,0,28,0,28,57,0,57,29,0,29,0,0,0,0,0,0,28,0,28,0,0,0,0,0,0,0,0,0,0,0,0,0,0,0,260,120,140
29,573,0115,613775,0000,000000,KARNATAKA,Mandya,VILLAGE,Kamadihalli,Rural,78,326,151,175,22,9,13,46,23,23,0,0,0,216,116,100,110,35,75,145,97,48,142,97,45,92,81,11,42,9,33,1,1,0,7,6,1,3,0,3,0,0,0,3,0,3,0,0,0,0,0,0,3,0,3,0,0,0,3,0,3,0,0,0,0,0,0,0,0,0,0,0,0,0,0,0,0,0,0,0,0,0,181,54,127
29,573,0115,613776,0000,000000,KARNATAKA,Mandya,VILLAGE,D.Kodihalli,Rural,129,449,212,237,31,17,14,84,42,42,0,0,0,273,156,117,176,56,120,193,125,68,146,119,27,79,77,2,18,7,11,1,1,0,48,34,14,47,6,41,3,1,2,40,5,35,1,0,1,3,0,3,26,4,22,3,1,2,21,3,18,0,0,0,2,0,2,21,2,19,0,0,0,19,2,17,1,0,1,1,0,1,256,87,169
29,573,0115,613777,0000,000000,KARNATAKA,Mandya,VILLAGE,Halladahosahalli,Rural,68,269,133,136,26,12,14,14,8,6,0,0,0,165,96,69,104,37,67,92,67,25,71,67,4,62,61,1,0,0,0,0,0,0,9,6,3,21,0,21,21,0,21,0,0,0,0,0,0,0,0,0,20,0,20,20,0,20,0,0,0,0,0,0,0,0,0,1,0,1,1,0,1,0,0,0,0,0,0,0,0,0,177,66,111
29,573,0115,613778,0000,000000,KARNATAKA,Mandya,VILLAGE,Doddenahalli,Rural,91,330,157,173,21,12,9,58,30,28,0,0,0,200,113,87,130,44,86,188,98,90,186,98,88,126,67,59,42,18,24,0,0,0,18,13,5,2,0,2,2,0,2,0,0,0,0,0,0,0,0,0,2,0,2,2,0,2,0,0,0,0,0,0,0,0,0,0,0,0,0,0,0,0,0,0,0,0,0,0,0,0,142,59,83
29,573,0115,613779,0000,000000,KARNATAKA,Mandya,VILLAGE,Bettadahalli,Rural,56,203,89,114,25,15,10,10,4,6,0,0,0,96,51,45,107,38,69,115,54,61,115,54,61,80,38,42,26,10,16,4,3,1,5,3,2,0,0,0,0,0,0,0,0,0,0,0,0,0,0,0,0,0,0,0,0,0,0,0,0,0,0,0,0,0,0,0,0,0,0,0,0,0,0,0,0,0,0,0,0,0,88,35,53
29,573,0115,613780,0000,000000,KARNATAKA,Mandya,VILLAGE,Gondenahalli,Rural,215,863,433,430,55,34,21,25,12,13,0,0,0,543,313,230,320,120,200,321,223,98,305,223,82,292,214,78,5,2,3,0,0,0,8,7,1,16,0,16,14,0,14,2,0,2,0,0,0,0,0,0,16,0,16,14,0,14,2,0,2,0,0,0,0,0,0,0,0,0,0,0,0,0,0,0,0,0,0,0,0,0,542,210,332
29,573,0115,613781,0000,000000,KARNATAKA,Mandya,VILLAGE,Kuchahallikaval,Rural,0,0,0,0,0,0,0,0,0,0,0,0,0,0,0,0,0,0,0,0,0,0,0,0,0,0,0,0,0,0,0,0,0,0,0,0,0,0,0,0,0,0,0,0,0,0,0,0,0,0,0,0,0,0,0,0,0,0,0,0,0,0,0,0,0,0,0,0,0,0,0,0,0,0,0,0,0,0,0,0,0,0,0,0,0
29,573,0115,613782,0000,000000,KARNATAKA,Mandya,VILLAGE,Kuchahalli,Rural,192,747,374,373,41,23,18,40,17,23,0,0,0,483,285,198,264,89,175,448,234,214,445,234,211,297,154,143,113,49,64,13,12,1,22,19,3,3,0,3,1,0,1,2,0,2,0,0,0,0,0,0,3,0,3,1,0,1,2,0,2,0,0,0,0,0,0,0,0,0,0,0,0,0,0,0,0,0,0,0,0,0,299,140,159
29,573,0115,613783,0000,000000,KARNATAKA,Mandya,VILLAGE,Haralahalli,Rural,122,487,242,245,42,17,25,29,13,16,0,0,0,319,189,130,168,53,115,367,185,182,216,171,45,191,167,24,25,4,21,0,0,0,0,0,0,151,14,137,127,11,116,23,2,21,0,0,0,1,1,0,148,12,136,125,9,116,22,2,20,0,0,0,1,1,0,3,2,1,2,2,0,1,0,1,0,0,0,0,0,0,120,57,63
29,573,0115,613784,0000,000000,KARNATAKA,Mandya,VILLAGE,Anechannapura,Rural,126,456,225,231,32,19,13,28,11,17,0,0,0,268,161,107,188,64,124,310,169,141,181,148,33,129,121,8,15,7,8,0,0,0,37,20,17,129,21,108,106,14,92,22,7,15,0,0,0,1,0,1,129,21,108,106,14,92,22,7,15,0,0,0,1,0,1,0,0,0,0,0,0,0,0,0,0,0,0,0,0,0,146,56,90
29,573,0115,613785,0000,000000,KARNATAKA,Mandya,VILLAGE,Lalankere,Rural,357,1350,647,703,89,34,55,78,36,42,4,2,2,906,518,388,444,129,315,762,447,315,700,415,285,508,306,202,132,56,76,1,1,0,59,52,7,62,32,30,1,1,0,55,28,27,1,1,0,5,2,3,10,6,4,0,0,0,9,6,3,0,0,0,1,0,1,52,26,26,1,1,0,46,22,24,1,1,0,4,2,2,588,200,388
29,573,0115,613786,0000,000000,KARNATAKA,Mandya,VILLAGE,Chattenahalli,Rural,132,528,269,259,34,19,15,16,8,8,1,0,1,368,220,148,160,49,111,364,197,167,360,195,165,353,192,161,0,0,0,0,0,0,7,3,4,4,2,2,3,1,2,0,0,0,0,0,0,1,1,0,4,2,2,3,1,2,0,0,0,0,0,0,1,1,0,0,0,0,0,0,0,0,0,0,0,0,0,0,0,0,164,72,92
29,573,0115,613787,0000,000000,KARNATAKA,Mandya,VILLAGE,Ballavalli,Rural,63,268,121,147,22,7,15,0,0,0,0,0,0,176,92,84,92,29,63,170,87,83,170,87,83,163,83,80,5,3,2,0,0,0,2,1,1,0,0,0,0,0,0,0,0,0,0,0,0,0,0,0,0,0,0,0,0,0,0,0,0,0,0,0,0,0,0,0,0,0,0,0,0,0,0,0,0,0,0,0,0,0,98,34,64
29,573,0115,613788,0000,000000,KARNATAKA,Mandya,VILLAGE,Bidarakere,Rural,276,1114,558,556,73,41,32,218,114,104,6,3,3,694,400,294,420,158,262,683,397,286,648,387,261,584,338,246,24,17,7,0,0,0,40,32,8,35,10,25,12,4,8,16,5,11,0,0,0,7,1,6,33,8,25,10,2,8,16,5,11,0,0,0,7,1,6,2,2,0,2,2,0,0,0,0,0,0,0,0,0,0,431,161,270
29,573,0115,613789,0000,000000,KARNATAKA,Mandya,VILLAGE,Turubanahalli,Rural,176,749,358,391,79,39,40,309,154,155,0,0,0,454,248,206,295,110,185,420,242,178,414,239,175,170,115,55,208,99,109,0,0,0,36,25,11,6,3,3,3,2,1,2,0,2,0,0,0,1,1,0,5,2,3,2,1,1,2,0,2,0,0,0,1,1,0,1,1,0,1,1,0,0,0,0,0,0,0,0,0,0,329,116,213
29,573,0115,613790,0000,000000,KARNATAKA,Mandya,VILLAGE,Byadarahalli,Rural,29,127,65,62,6,3,3,0,0,0,0,0,0,93,55,38,34,10,24,94,53,41,94,53,41,93,52,41,0,0,0,0,0,0,1,1,0,0,0,0,0,0,0,0,0,0,0,0,0,0,0,0,0,0,0,0,0,0,0,0,0,0,0,0,0,0,0,0,0,0,0,0,0,0,0,0,0,0,0,0,0,0,33,12,21
29,573,0115,613791,0000,000000,KARNATAKA,Mandya,VILLAGE,Garudanahalli,Rural,77,351,172,179,36,18,18,15,7,8,4,2,2,234,132,102,117,40,77,226,114,112,216,114,102,215,113,102,0,0,0,0,0,0,1,1,0,10,0,10,10,0,10,0,0,0,0,0,0,0,0,0,10,0,10,10,0,10,0,0,0,0,0,0,0,0,0,0,0,0,0,0,0,0,0,0,0,0,0,0,0,0,125,58,67
29,573,0115,613792,0000,000000,KARNATAKA,Mandya,VILLAGE,Bindiganavile,Rural,537,2048,1002,1046,190,90,100,145,72,73,2,0,2,1423,795,628,625,207,418,966,644,322,808,618,190,438,316,122,49,33,16,2,2,0,319,267,52,158,26,132,90,5,85,40,10,30,0,0,0,28,11,17,139,22,117,82,3,79,33,9,24,0,0,0,24,10,14,19,4,15,8,2,6,7,1,6,0,0,0,4,1,3,1082,358,724
29,573,0115,613793,0000,000000,KARNATAKA,Mandya,VILLAGE,Narugondanahalli,Rural,87,377,195,182,13,8,5,4,1,3,0,0,0,330,179,151,47,16,31,215,116,99,177,108,69,88,52,36,50,29,21,27,21,6,12,6,6,38,8,30,14,2,12,12,4,8,8,0,8,4,2,2,38,8,30,14,2,12,12,4,8,8,0,8,4,2,2,0,0,0,0,0,0,0,0,0,0,0,0,0,0,0,162,79,83
29,573,0115,613794,0000,000000,KARNATAKA,Mandya,VILLAGE,Gulkaihosahalli,Rural,67,273,131,142,23,12,11,8,5,3,3,1,2,187,101,86,86,30,56,146,80,66,106,75,31,48,33,15,38,29,9,5,2,3,15,11,4,40,5,35,13,1,12,17,3,14,8,0,8,2,1,1,40,5,35,13,1,12,17,3,14,8,0,8,2,1,1,0,0,0,0,0,0,0,0,0,0,0,0,0,0,0,127,51,76
29,573,0115,613795,0000,000000,KARNATAKA,Mandya,VILLAGE,Kurdikere,Rural,172,671,331,340,49,21,28,144,72,72,0,0,0,424,245,179,247,86,161,472,237,235,460,233,227,107,105,2,353,128,225,0,0,0,0,0,0,12,4,8,4,3,1,8,1,7,0,0,0,0,0,0,12,4,8,4,3,1,8,1,7,0,0,0,0,0,0,0,0,0,0,0,0,0,0,0,0,0,0,0,0,0,199,94,105
29,573,0115,613796,0000,000000,KARNATAKA,Mandya,VILLAGE,Mallenahalli,Rural,15,67,32,35,5,3,2,0,0,0,0,0,0,33,17,16,34,15,19,45,23,22,43,23,20,23,23,0,20,0,20,0,0,0,0,0,0,2,0,2,0,0,0,1,0,1,0,0,0,1,0,1,2,0,2,0,0,0,1,0,1,0,0,0,1,0,1,0,0,0,0,0,0,0,0,0,0,0,0,0,0,0,22,9,13
29,573,0115,613797,0000,000000,KARNATAKA,Mandya,VILLAGE,Pura,Rural,20,109,56,53,9,5,4,0,0,0,0,0,0,65,35,30,44,21,23,72,36,36,68,34,34,31,31,0,37,3,34,0,0,0,0,0,0,4,2,2,2,2,0,2,0,2,0,0,0,0,0,0,4,2,2,2,2,0,2,0,2,0,0,0,0,0,0,0,0,0,0,0,0,0,0,0,0,0,0,0,0,0,37,20,17
29,573,0115,613798,0000,000000,KARNATAKA,Mandya,VILLAGE,Byadagere,Rural,0,0,0,0,0,0,0,0,0,0,0,0,0,0,0,0,0,0,0,0,0,0,0,0,0,0,0,0,0,0,0,0,0,0,0,0,0,0,0,0,0,0,0,0,0,0,0,0,0,0,0,0,0,0,0,0,0,0,0,0,0,0,0,0,0,0,0,0,0,0,0,0,0,0,0,0,0,0,0,0,0,0,0,0,0
29,573,0115,613799,0000,000000,KARNATAKA,Mandya,VILLAGE,Koppa,Rural,52,240,118,122,26,11,15,12,6,6,0,0,0,143,83,60,97,35,62,151,74,77,139,70,69,59,59,0,74,9,65,0,0,0,6,2,4,12,4,8,3,3,0,9,1,8,0,0,0,0,0,0,12,4,8,3,3,0,9,1,8,0,0,0,0,0,0,0,0,0,0,0,0,0,0,0,0,0,0,0,0,0,89,44,45
29,573,0115,613800,0000,000000,KARNATAKA,Mandya,VILLAGE,Kenchagonahalli,Rural,71,255,122,133,17,9,8,0,0,0,0,0,0,166,92,74,89,30,59,178,92,86,168,86,82,96,83,13,71,3,68,0,0,0,1,0,1,10,6,4,8,6,2,1,0,1,0,0,0,1,0,1,10,6,4,8,6,2,1,0,1,0,0,0,1,0,1,0,0,0,0,0,0,0,0,0,0,0,0,0,0,0,77,30,47
29,573,0115,613801,0000,000000,KARNATAKA,Mandya,VILLAGE,Gangarahalli,Rural,22,113,47,66,12,5,7,23,12,11,0,0,0,63,28,35,50,19,31,47,23,24,44,21,23,40,18,22,1,1,0,1,1,0,2,1,1,3,2,1,1,1,0,0,0,0,0,0,0,2,1,1,2,2,0,1,1,0,0,0,0,0,0,0,1,1,0,1,0,1,0,0,0,0,0,0,0,0,0,1,0,1,66,24,42
29,573,0115,613802,0000,000000,KARNATAKA,Mandya,VILLAGE,Doddabala,Rural,243,1008,501,507,75,46,29,94,44,50,0,0,0,623,349,274,385,152,233,449,322,127,440,317,123,348,253,95,4,3,1,9,7,2,79,54,25,9,5,4,5,2,3,1,1,0,1,0,1,2,2,0,8,5,3,5,2,3,1,1,0,0,0,0,2,2,0,1,0,1,0,0,0,0,0,0,1,0,1,0,0,0,559,179,380
29,573,0115,613803,0000,000000,KARNATAKA,Mandya,VILLAGE,Hosur,Rural,77,244,110,134,14,8,6,11,5,6,0,0,0,142,84,58,102,26,76,145,70,75,141,68,73,130,63,67,5,2,3,0,0,0,6,3,3,4,2,2,2,2,0,0,0,0,0,0,0,2,0,2,4,2,2,2,2,0,0,0,0,0,0,0,2,0,2,0,0,0,0,0,0,0,0,0,0,0,0,0,0,0,99,40,59
29,573,0115,613804,0000,000000,KARNATAKA,Mandya,VILLAGE,Ramachandra Agrahara,Rural,63,214,104,110,15,10,5,116,64,52,0,0,0,123,67,56,91,37,54,82,66,16,80,64,16,69,57,12,7,5,2,0,0,0,4,2,2,2,2,0,2,2,0,0,0,0,0,0,0,0,0,0,2,2,0,2,2,0,0,0,0,0,0,0,0,0,0,0,0,0,0,0,0,0,0,0,0,0,0,0,0,0,132,38,94
29,573,0115,613805,0000,000000,KARNATAKA,Mandya,VILLAGE,Addihalli,Rural,123,519,263,256,52,23,29,101,50,51,50,26,24,387,211,176,132,52,80,359,190,169,358,189,169,160,87,73,184,91,93,0,0,0,14,11,3,1,1,0,0,0,0,0,0,0,0,0,0,1,1,0,1,1,0,0,0,0,0,0,0,0,0,0,1,1,0,0,0,0,0,0,0,0,0,0,0,0,0,0,0,0,160,73,87
29,573,0115,613806,0000,000000,KARNATAKA,Mandya,VILLAGE,Kambadahalli,Rural,225,897,420,477,53,21,32,181,80,101,0,0,0,762,382,380,135,38,97,537,265,272,533,263,270,526,257,269,1,1,0,0,0,0,6,5,1,4,2,2,2,1,1,1,0,1,0,0,0,1,1,0,3,2,1,2,1,1,0,0,0,0,0,0,1,1,0,1,0,1,0,0,0,1,0,1,0,0,0,0,0,0,360,155,205
29,573,0115,613807,0000,000000,KARNATAKA,Mandya,VILLAGE,B.Mallenahalli,Rural,243,945,463,482,62,34,28,133,66,67,0,0,0,637,353,284,308,110,198,470,305,165,467,304,163,410,272,138,33,15,18,1,0,1,23,17,6,3,1,2,2,0,2,0,0,0,0,0,0,1,1,0,3,1,2,2,0,2,0,0,0,0,0,0,1,1,0,0,0,0,0,0,0,0,0,0,0,0,0,0,0,0,475,158,317
29,573,0115,613808,0000,000000,KARNATAKA,Mandya,VILLAGE,Buvanahalli,Rural,206,875,437,438,78,40,38,80,34,46,0,0,0,566,333,233,309,104,205,569,307,262,484,288,196,454,272,182,13,4,9,1,1,0,16,11,5,85,19,66,63,7,56,17,9,8,2,1,1,3,2,1,74,14,60,59,5,54,14,8,6,0,0,0,1,1,0,11,5,6,4,2,2,3,1,2,2,1,1,2,1,1,306,130,176
29,573,0115,613809,0000,000000,KARNATAKA,Mandya,VILLAGE,Gunjenahalli,Rural,20,70,33,37,4,2,2,0,0,0,0,0,0,38,23,15,32,10,22,29,24,5,28,24,4,28,24,4,0,0,0,0,0,0,0,0,0,1,0,1,0,0,0,1,0,1,0,0,0,0,0,0,1,0,1,0,0,0,1,0,1,0,0,0,0,0,0,0,0,0,0,0,0,0,0,0,0,0,0,0,0,0,41,9,32
29,573,0115,613810,0000,000000,KARNATAKA,Mandya,VILLAGE,H.Kyatanahalli,Rural,124,454,214,240,39,24,15,72,33,39,0,0,0,254,134,120,200,80,120,214,137,77,210,135,75,204,130,74,1,1,0,0,0,0,5,4,1,4,2,2,2,1,1,0,0,0,0,0,0,2,1,1,3,2,1,1,1,0,0,0,0,0,0,0,2,1,1,1,0,1,1,0,1,0,0,0,0,0,0,0,0,0,240,77,163
29,573,0115,613811,0000,000000,KARNATAKA,Mandya,VILLAGE,Honnavara,Rural,385,1522,761,761,123,61,62,229,97,132,2,0,2,1032,600,432,490,161,329,685,501,184,540,464,76,366,332,34,80,58,22,7,5,2,87,69,18,145,37,108,98,10,88,28,12,16,1,0,1,18,15,3,140,33,107,97,10,87,26,10,16,1,0,1,16,13,3,5,4,1,1,0,1,2,2,0,0,0,0,2,2,0,837,260,577
29,573,0115,613812,0000,000000,KARNATAKA,Mandya,VILLAGE,Madihalli,Rural,148,616,289,327,50,27,23,82,36,46,0,0,0,412,224,188,204,65,139,220,194,26,187,173,14,145,137,8,21,19,2,4,3,1,17,14,3,33,21,12,11,9,2,6,6,0,0,0,0,16,6,10,32,20,12,10,8,2,6,6,0,0,0,0,16,6,10,1,1,0,1,1,0,0,0,0,0,0,0,0,0,0,396,95,301
29,573,0115,613813,0000,000000,KARNATAKA,Mandya,VILLAGE,Jennenahalli,Rural,15,68,36,32,7,5,2,0,0,0,0,0,0,47,25,22,21,11,10,43,22,21,20,20,0,18,18,0,2,2,0,0,0,0,0,0,0,23,2,21,1,1,0,0,0,0,0,0,0,22,1,21,22,1,21,0,0,0,0,0,0,0,0,0,22,1,21,1,1,0,1,1,0,0,0,0,0,0,0,0,0,0,25,14,11
29,573,0115,613814,0000,000000,KARNATAKA,Mandya,VILLAGE,Kodihalli,Rural,83,391,200,191,37,21,16,0,0,0,0,0,0,245,143,102,146,57,89,210,108,102,75,71,4,63,60,3,9,8,1,0,0,0,3,3,0,135,37,98,127,34,93,7,3,4,0,0,0,1,0,1,134,37,97,126,34,92,7,3,4,0,0,0,1,0,1,1,0,1,1,0,1,0,0,0,0,0,0,0,0,0,181,92,89
29,573,0115,613815,0000,000000,KARNATAKA,Mandya,VILLAGE,Honnavaradavolagere Kaval,Rural,0,0,0,0,0,0,0,0,0,0,0,0,0,0,0,0,0,0,0,0,0,0,0,0,0,0,0,0,0,0,0,0,0,0,0,0,0,0,0,0,0,0,0,0,0,0,0,0,0,0,0,0,0,0,0,0,0,0,0,0,0,0,0,0,0,0,0,0,0,0,0,0,0,0,0,0,0,0,0,0,0,0,0,0,0
29,573,0115,613816,0000,000000,KARNATAKA,Mandya,VILLAGE,Hosakote,Rural,0,0,0,0,0,0,0,0,0,0,0,0,0,0,0,0,0,0,0,0,0,0,0,0,0,0,0,0,0,0,0,0,0,0,0,0,0,0,0,0,0,0,0,0,0,0,0,0,0,0,0,0,0,0,0,0,0,0,0,0,0,0,0,0,0,0,0,0,0,0,0,0,0,0,0,0,0,0,0,0,0,0,0,0,0
29,573,0115,613817,0000,000000,KARNATAKA,Mandya,VILLAGE,K.Mallenahalli,Rural,91,362,180,182,36,18,18,41,18,23,0,0,0,202,115,87,160,65,95,211,109,102,64,63,1,60,60,0,1,1,0,0,0,0,3,2,1,147,46,101,145,46,99,2,0,2,0,0,0,0,0,0,147,46,101,145,46,99,2,0,2,0,0,0,0,0,0,0,0,0,0,0,0,0,0,0,0,0,0,0,0,0,151,71,80
29,573,0115,613818,0000,000000,KARNATAKA,Mandya,VILLAGE,Machanaikanahalli,Rural,234,853,432,421,64,42,22,192,98,94,0,0,0,521,296,225,332,136,196,592,294,298,459,256,203,437,240,197,3,2,1,1,1,0,18,13,5,133,38,95,119,30,89,2,0,2,1,0,1,11,8,3,116,34,82,105,28,77,2,0,2,1,0,1,8,6,2,17,4,13,14,2,12,0,0,0,0,0,0,3,2,1,261,138,123
29,573,0115,613819,0000,000000,KARNATAKA,Mandya,VILLAGE,Irakanagatta,Rural,77,331,171,160,20,10,10,15,8,7,0,0,0,233,141,92,98,30,68,202,109,93,192,104,88,186,99,87,0,0,0,1,1,0,5,4,1,10,5,5,10,5,5,0,0,0,0,0,0,0,0,0,2,1,1,2,1,1,0,0,0,0,0,0,0,0,0,8,4,4,8,4,4,0,0,0,0,0,0,0,0,0,129,62,67
29,573,0115,613820,0000,000000,KARNATAKA,Mandya,VILLAGE,Kanchanahalli,Rural,104,401,182,219,36,15,21,86,42,44,8,4,4,219,123,96,182,59,123,298,142,156,298,142,156,255,124,131,36,16,20,4,2,2,3,0,3,0,0,0,0,0,0,0,0,0,0,0,0,0,0,0,0,0,0,0,0,0,0,0,0,0,0,0,0,0,0,0,0,0,0,0,0,0,0,0,0,0,0,0,0,0,103,40,63
29,573,0115,613821,0000,000000,KARNATAKA,Mandya,VILLAGE,Beechanahalli,Rural,116,475,230,245,42,24,18,30,12,18,0,0,0,297,167,130,178,63,115,268,148,120,232,120,112,223,116,107,1,0,1,4,1,3,4,3,1,36,28,8,4,2,2,2,0,2,8,7,1,22,19,3,35,28,7,4,2,2,2,0,2,7,7,0,22,19,3,1,0,1,0,0,0,0,0,0,1,0,1,0,0,0,207,82,125
29,573,0115,613822,0000,000000,KARNATAKA,Mandya,VILLAGE,Honnenahalli,Rural,103,403,196,207,28,15,13,0,0,0,0,0,0,226,126,100,177,70,107,245,130,115,126,117,9,107,105,2,16,10,6,0,0,0,3,2,1,119,13,106,2,2,0,113,9,104,1,0,1,3,2,1,16,6,10,2,2,0,13,4,9,0,0,0,1,0,1,103,7,96,0,0,0,100,5,95,1,0,1,2,2,0,158,66,92
29,573,0115,613823,0000,000000,KARNATAKA,Mandya,VILLAGE,Bonagere,Rural,82,344,169,175,40,13,27,26,13,13,0,0,0,192,118,74,152,51,101,226,120,106,225,119,106,196,103,93,25,13,12,3,3,0,1,0,1,1,1,0,0,0,0,0,0,0,0,0,0,1,1,0,1,1,0,0,0,0,0,0,0,0,0,0,1,1,0,0,0,0,0,0,0,0,0,0,0,0,0,0,0,0,118,49,69
29,573,0115,613824,0000,000000,KARNATAKA,Mandya,VILLAGE,Masgonahalli,Rural,28,125,63,62,13,7,6,0,0,0,0,0,0,66,39,27,59,24,35,63,36,27,56,32,24,53,30,23,1,0,1,0,0,0,2,2,0,7,4,3,0,0,0,2,1,1,0,0,0,5,3,2,7,4,3,0,0,0,2,1,1,0,0,0,5,3,2,0,0,0,0,0,0,0,0,0,0,0,0,0,0,0,62,27,35
29,573,0115,613825,0000,000000,KARNATAKA,Mandya,VILLAGE,Satenahalli,Rural,231,917,427,490,73,34,39,81,37,44,0,0,0,565,312,253,352,115,237,584,287,297,461,283,178,432,264,168,10,7,3,1,1,0,18,11,7,123,4,119,65,3,62,57,1,56,0,0,0,1,0,1,55,2,53,45,2,43,10,0,10,0,0,0,0,0,0,68,2,66,20,1,19,47,1,46,0,0,0,1,0,1,333,140,193
29,573,0115,613826,0000,000000,KARNATAKA,Mandya,VILLAGE,Vaddarahalli,Rural,72,276,126,150,26,15,11,50,23,27,0,0,0,138,80,58,138,46,92,157,72,85,71,69,2,67,66,1,2,2,0,0,0,0,2,1,1,86,3,83,81,1,80,3,0,3,0,0,0,2,2,0,80,3,77,75,1,74,3,0,3,0,0,0,2,2,0,6,0,6,6,0,6,0,0,0,0,0,0,0,0,0,119,54,65
29,573,0115,613827,0000,000000,KARNATAKA,Mandya,VILLAGE,Hanumanahalli,Rural,54,184,81,103,11,5,6,0,0,0,0,0,0,111,59,52,73,22,51,111,50,61,50,50,0,48,48,0,0,0,0,0,0,0,2,2,0,61,0,61,61,0,61,0,0,0,0,0,0,0,0,0,61,0,61,61,0,61,0,0,0,0,0,0,0,0,0,0,0,0,0,0,0,0,0,0,0,0,0,0,0,0,73,31,42
29,573,0115,613828,0000,000000,KARNATAKA,Mandya,VILLAGE,Hasuvina Forest,Rural,0,0,0,0,0,0,0,0,0,0,0,0,0,0,0,0,0,0,0,0,0,0,0,0,0,0,0,0,0,0,0,0,0,0,0,0,0,0,0,0,0,0,0,0,0,0,0,0,0,0,0,0,0,0,0,0,0,0,0,0,0,0,0,0,0,0,0,0,0,0,0,0,0,0,0,0,0,0,0,0,0,0,0,0,0
29,573,0115,613829,0000,000000,KARNATAKA,Mandya,VILLAGE,Katakahalli,Rural,2,7,3,4,1,0,1,0,0,0,0,0,0,5,3,2,2,0,2,6,3,3,4,3,1,4,3,1,0,0,0,0,0,0,0,0,0,2,0,2,2,0,2,0,0,0,0,0,0,0,0,0,2,0,2,2,0,2,0,0,0,0,0,0,0,0,0,0,0,0,0,0,0,0,0,0,0,0,0,0,0,0,1,0,1
29,573,0115,613830,0000,000000,KARNATAKA,Mandya,VILLAGE,Danaikanakote,Rural,0,0,0,0,0,0,0,0,0,0,0,0,0,0,0,0,0,0,0,0,0,0,0,0,0,0,0,0,0,0,0,0,0,0,0,0,0,0,0,0,0,0,0,0,0,0,0,0,0,0,0,0,0,0,0,0,0,0,0,0,0,0,0,0,0,0,0,0,0,0,0,0,0,0,0,0,0,0,0,0,0,0,0,0,0
29,573,0115,613831,0000,000000,KARNATAKA,Mandya,VILLAGE,Gidavinachannapura,Rural,66,243,125,118,18,9,9,50,25,25,0,0,0,142,88,54,101,37,64,188,99,89,72,66,6,66,61,5,0,0,0,1,1,0,5,4,1,116,33,83,114,31,83,2,2,0,0,0,0,0,0,0,89,28,61,87,26,61,2,2,0,0,0,0,0,0,0,27,5,22,27,5,22,0,0,0,0,0,0,0,0,0,55,26,29
29,573,0115,613832,0000,000000,KARNATAKA,Mandya,VILLAGE,Gidavinahosahalli,Rural,113,432,215,217,42,25,17,88,44,44,0,0,0,261,155,106,171,60,111,268,135,133,191,131,60,186,127,59,0,0,0,0,0,0,5,4,1,77,4,73,74,4,70,3,0,3,0,0,0,0,0,0,63,4,59,63,4,59,0,0,0,0,0,0,0,0,0,14,0,14,11,0,11,3,0,3,0,0,0,0,0,0,164,80,84
29,573,0115,613833,0000,000000,KARNATAKA,Mandya,VILLAGE,Kesavinakatte,Rural,56,215,98,117,27,12,15,42,15,27,0,0,0,137,72,65,78,26,52,149,70,79,71,69,2,66,65,1,0,0,0,0,0,0,5,4,1,78,1,77,78,1,77,0,0,0,0,0,0,0,0,0,68,1,67,68,1,67,0,0,0,0,0,0,0,0,0,10,0,10,10,0,10,0,0,0,0,0,0,0,0,0,66,28,38
29,573,0115,613834,0000,000000,KARNATAKA,Mandya,VILLAGE,Sannenahalli,Rural,12,46,23,23,2,0,2,0,0,0,0,0,0,34,19,15,12,4,8,27,13,14,13,13,0,13,13,0,0,0,0,0,0,0,0,0,0,14,0,14,13,0,13,0,0,0,0,0,0,1,0,1,13,0,13,12,0,12,0,0,0,0,0,0,1,0,1,1,0,1,1,0,1,0,0,0,0,0,0,0,0,0,19,10,9
29,573,0115,613835,0000,000000,KARNATAKA,Mandya,VILLAGE,Mellahalli,Rural,153,639,317,322,65,32,33,65,32,33,4,2,2,435,238,197,204,79,125,412,212,200,412,212,200,350,186,164,58,26,32,0,0,0,4,0,4,0,0,0,0,0,0,0,0,0,0,0,0,0,0,0,0,0,0,0,0,0,0,0,0,0,0,0,0,0,0,0,0,0,0,0,0,0,0,0,0,0,0,0,0,0,227,105,122
29,573,0115,613836,0000,000000,KARNATAKA,Mandya,VILLAGE,Kabbinakere,Rural,79,349,167,182,26,10,16,82,38,44,0,0,0,228,127,101,121,40,81,193,98,95,192,98,94,139,73,66,40,19,21,0,0,0,13,6,7,1,0,1,0,0,0,1,0,1,0,0,0,0,0,0,0,0,0,0,0,0,0,0,0,0,0,0,0,0,0,1,0,1,0,0,0,1,0,1,0,0,0,0,0,0,156,69,87
29,573,0115,613837,0000,000000,KARNATAKA,Mandya,VILLAGE,Yeladahalli,Rural,268,1126,528,598,120,52,68,610,300,310,4,1,3,629,328,301,497,200,297,506,334,172,416,298,118,108,59,49,16,7,9,4,3,1,288,229,59,90,36,54,34,12,22,49,21,28,0,0,0,7,3,4,88,35,53,32,11,21,49,21,28,0,0,0,7,3,4,2,1,1,2,1,1,0,0,0,0,0,0,0,0,0,620,194,426
29,573,0115,613838,0000,000000,KARNATAKA,Mandya,VILLAGE,Seegahalli,Rural,34,132,68,64,11,7,4,5,3,2,0,0,0,70,41,29,62,27,35,89,44,45,22,16,6,15,12,3,1,0,1,0,0,0,6,4,2,67,28,39,33,14,19,34,14,20,0,0,0,0,0,0,63,27,36,31,13,18,32,14,18,0,0,0,0,0,0,4,1,3,2,1,1,2,0,2,0,0,0,0,0,0,43,24,19
29,573,0115,613839,0000,000000,KARNATAKA,Mandya,VILLAGE,Cholasandra,Rural,50,260,119,141,27,12,15,0,0,0,0,0,0,182,98,84,78,21,57,130,71,59,130,71,59,113,59,54,4,2,2,0,0,0,13,10,3,0,0,0,0,0,0,0,0,0,0,0,0,0,0,0,0,0,0,0,0,0,0,0,0,0,0,0,0,0,0,0,0,0,0,0,0,0,0,0,0,0,0,0,0,0,130,48,82
29,573,0115,613840,0000,000000,KARNATAKA,Mandya,VILLAGE,Vaderapura,Rural,31,123,58,65,14,5,9,3,1,2,0,0,0,76,47,29,47,11,36,72,38,34,69,37,32,57,32,25,5,1,4,0,0,0,7,4,3,3,1,2,1,0,1,0,0,0,0,0,0,2,1,1,3,1,2,1,0,1,0,0,0,0,0,0,2,1,1,0,0,0,0,0,0,0,0,0,0,0,0,0,0,0,51,20,31
29,573,0115,613841,0000,000000,KARNATAKA,Mandya,VILLAGE,Begamangala,Rural,92,440,221,219,47,27,20,16,9,7,0,0,0,287,159,128,153,62,91,242,155,87,114,100,14,90,83,7,10,6,4,4,4,0,10,7,3,128,55,73,3,1,2,47,9,38,41,16,25,37,29,8,65,25,40,0,0,0,39,8,31,12,5,7,14,12,2,63,30,33,3,1,2,8,1,7,29,11,18,23,17,6,198,66,132
29,573,0115,613842,0000,000000,KARNATAKA,Mandya,VILLAGE,Ramadevanahalli,Rural,32,137,65,72,9,3,6,18,8,10,0,0,0,83,46,37,54,19,35,78,46,32,36,34,2,35,34,1,1,0,1,0,0,0,0,0,0,42,12,30,2,2,0,26,2,24,8,2,6,6,6,0,29,6,23,2,2,0,24,2,22,1,0,1,2,2,0,13,6,7,0,0,0,2,0,2,7,2,5,4,4,0,59,19,40
29,573,0115,613843,0000,000000,KARNATAKA,Mandya,VILLAGE,Karadahalli,Rural,26,133,71,62,22,13,9,0,0,0,0,0,0,73,45,28,60,26,34,70,46,24,44,43,1,42,41,1,2,2,0,0,0,0,0,0,0,26,3,23,0,0,0,22,0,22,2,1,1,2,2,0,19,1,18,0,0,0,18,0,18,0,0,0,1,1,0,7,2,5,0,0,0,4,0,4,2,1,1,1,1,0,63,25,38
29,573,0115,613844,0000,000000,KARNATAKA,Mandya,VILLAGE,Kannenahalli,Rural,57,227,122,105,13,7,6,80,45,35,0,0,0,142,89,53,85,33,52,133,75,58,132,75,57,105,60,45,15,6,9,0,0,0,12,9,3,1,0,1,1,0,1,0,0,0,0,0,0,0,0,0,0,0,0,0,0,0,0,0,0,0,0,0,0,0,0,1,0,1,1,0,1,0,0,0,0,0,0,0,0,0,94,47,47
29,573,0115,613845,0000,000000,KARNATAKA,Mandya,VILLAGE,Kelagere,Rural,210,851,403,448,79,37,42,203,99,104,11,4,7,542,309,233,309,94,215,490,246,244,411,209,202,375,192,183,3,1,2,3,3,0,30,13,17,79,37,42,11,5,6,3,1,2,0,0,0,65,31,34,69,35,34,6,4,2,1,0,1,0,0,0,62,31,31,10,2,8,5,1,4,2,1,1,0,0,0,3,0,3,361,157,204
29,573,0115,613846,0000,000000,KARNATAKA,Mandya,VILLAGE,Kelagerekaval,Rural,0,0,0,0,0,0,0,0,0,0,0,0,0,0,0,0,0,0,0,0,0,0,0,0,0,0,0,0,0,0,0,0,0,0,0,0,0,0,0,0,0,0,0,0,0,0,0,0,0,0,0,0,0,0,0,0,0,0,0,0,0,0,0,0,0,0,0,0,0,0,0,0,0,0,0,0,0,0,0,0,0,0,0,0,0
29,573,0115,613847,0000,000000,KARNATAKA,Mandya,VILLAGE,Gowdarahalli,Rural,72,300,138,162,36,16,20,55,24,31,0,0,0,186,102,84,114,36,78,177,89,88,171,86,85,91,82,9,3,1,2,0,0,0,77,3,74,6,3,3,0,0,0,0,0,0,0,0,0,6,3,3,6,3,3,0,0,0,0,0,0,0,0,0,6,3,3,0,0,0,0,0,0,0,0,0,0,0,0,0,0,0,123,49,74
29,573,0115,613848,0000,000000,KARNATAKA,Mandya,VILLAGE,Cholenahalli,Rural,146,603,304,299,44,24,20,79,37,42,0,0,0,408,244,164,195,60,135,371,185,186,272,164,108,208,151,57,53,8,45,3,2,1,8,3,5,99,21,78,22,6,16,73,11,62,0,0,0,4,4,0,84,14,70,21,5,16,61,7,54,0,0,0,2,2,0,15,7,8,1,1,0,12,4,8,0,0,0,2,2,0,232,119,113
29,573,0115,613849,0000,000000,KARNATAKA,Mandya,VILLAGE,Kadagere,Rural,51,188,93,95,8,4,4,0,0,0,9,4,5,135,81,54,53,12,41,106,55,51,99,52,47,96,50,46,0,0,0,1,0,1,2,2,0,7,3,4,2,1,1,5,2,3,0,0,0,0,0,0,2,1,1,2,1,1,0,0,0,0,0,0,0,0,0,5,2,3,0,0,0,5,2,3,0,0,0,0,0,0,82,38,44
29,573,0115,613850,0000,000000,KARNATAKA,Mandya,VILLAGE,Neelakantanahalli,Rural,47,223,103,120,25,8,17,0,0,0,0,0,0,158,85,73,65,18,47,93,86,7,93,86,7,93,86,7,0,0,0,0,0,0,0,0,0,0,0,0,0,0,0,0,0,0,0,0,0,0,0,0,0,0,0,0,0,0,0,0,0,0,0,0,0,0,0,0,0,0,0,0,0,0,0,0,0,0,0,0,0,0,130,17,113
29,573,0115,613851,0000,000000,KARNATAKA,Mandya,VILLAGE,Naraganahalli,Rural,134,519,257,262,39,24,15,89,47,42,0,0,0,353,195,158,166,62,104,326,151,175,281,143,138,265,137,128,12,4,8,0,0,0,4,2,2,45,8,37,38,8,30,4,0,4,0,0,0,3,0,3,26,1,25,22,1,21,3,0,3,0,0,0,1,0,1,19,7,12,16,7,9,1,0,1,0,0,0,2,0,2,193,106,87
29,573,0115,613852,0000,000000,KARNATAKA,Mandya,VILLAGE,Arehalli,Rural,72,314,156,158,25,9,16,22,8,14,0,0,0,226,127,99,88,29,59,136,107,29,136,107,29,91,85,6,29,14,15,0,0,0,16,8,8,0,0,0,0,0,0,0,0,0,0,0,0,0,0,0,0,0,0,0,0,0,0,0,0,0,0,0,0,0,0,0,0,0,0,0,0,0,0,0,0,0,0,0,0,0,178,49,129
29,573,0115,613853,0000,000000,KARNATAKA,Mandya,VILLAGE,Honnudikehalli,Rural,16,64,34,30,6,5,1,8,4,4,0,0,0,35,20,15,29,14,15,26,24,2,26,24,2,24,23,1,2,1,1,0,0,0,0,0,0,0,0,0,0,0,0,0,0,0,0,0,0,0,0,0,0,0,0,0,0,0,0,0,0,0,0,0,0,0,0,0,0,0,0,0,0,0,0,0,0,0,0,0,0,0,38,10,28
29,573,0115,613854,0000,000000,KARNATAKA,Mandya,VILLAGE,Anchebuvanahalli,Rural,87,383,176,207,30,14,16,38,15,23,0,0,0,236,130,106,147,46,101,249,118,131,219,105,114,176,85,91,12,3,9,16,9,7,15,8,7,30,13,17,18,9,9,4,2,2,1,0,1,7,2,5,26,12,14,15,8,7,4,2,2,1,0,1,6,2,4,4,1,3,3,1,2,0,0,0,0,0,0,1,0,1,134,58,76
29,573,0115,613855,0000,000000,KARNATAKA,Mandya,VILLAGE,Byranahalli,Rural,68,340,165,175,27,13,14,10,6,4,0,0,0,240,137,103,100,28,72,227,110,117,214,106,108,200,100,100,3,1,2,0,0,0,11,5,6,13,4,9,10,3,7,0,0,0,0,0,0,3,1,2,13,4,9,10,3,7,0,0,0,0,0,0,3,1,2,0,0,0,0,0,0,0,0,0,0,0,0,0,0,0,113,55,58
29,573,0115,613856,0000,000000,KARNATAKA,Mandya,VILLAGE,Doddenahalli,Rural,0,0,0,0,0,0,0,0,0,0,0,0,0,0,0,0,0,0,0,0,0,0,0,0,0,0,0,0,0,0,0,0,0,0,0,0,0,0,0,0,0,0,0,0,0,0,0,0,0,0,0,0,0,0,0,0,0,0,0,0,0,0,0,0,0,0,0,0,0,0,0,0,0,0,0,0,0,0,0,0,0,0,0,0,0
29,573,0115,613857,0000,000000,KARNATAKA,Mandya,VILLAGE,Abbagere,Rural,11,32,19,13,1,1,0,1,1,0,0,0,0,19,12,7,13,7,6,28,18,10,28,18,10,6,5,1,6,4,2,0,0,0,16,9,7,0,0,0,0,0,0,0,0,0,0,0,0,0,0,0,0,0,0,0,0,0,0,0,0,0,0,0,0,0,0,0,0,0,0,0,0,0,0,0,0,0,0,0,0,0,4,1,3
29,573,0115,613858,0000,000000,KARNATAKA,Mandya,VILLAGE,Karagere,Rural,59,242,126,116,19,8,11,49,25,24,0,0,0,132,84,48,110,42,68,119,63,56,119,63,56,114,60,54,4,2,2,0,0,0,1,1,0,0,0,0,0,0,0,0,0,0,0,0,0,0,0,0,0,0,0,0,0,0,0,0,0,0,0,0,0,0,0,0,0,0,0,0,0,0,0,0,0,0,0,0,0,0,123,63,60
29,573,0115,613859,0000,000000,KARNATAKA,Mandya,VILLAGE,Kodagahalli,Rural,37,151,76,75,9,8,1,27,13,14,0,0,0,78,46,32,73,30,43,75,40,35,75,40,35,73,38,35,0,0,0,0,0,0,2,2,0,0,0,0,0,0,0,0,0,0,0,0,0,0,0,0,0,0,0,0,0,0,0,0,0,0,0,0,0,0,0,0,0,0,0,0,0,0,0,0,0,0,0,0,0,0,76,36,40
29,573,0115,613860,0000,000000,KARNATAKA,Mandya,VILLAGE,Yagatahalli,Rural,36,159,78,81,21,12,9,39,20,19,0,0,0,88,48,40,71,30,41,84,44,40,84,44,40,80,41,39,4,3,1,0,0,0,0,0,0,0,0,0,0,0,0,0,0,0,0,0,0,0,0,0,0,0,0,0,0,0,0,0,0,0,0,0,0,0,0,0,0,0,0,0,0,0,0,0,0,0,0,0,0,0,75,34,41
29,573,0115,613861,0000,000000,KARNATAKA,Mandya,VILLAGE,Kendanahalli,Rural,12,61,31,30,2,1,1,0,0,0,0,0,0,38,25,13,23,6,17,37,20,17,18,17,1,15,15,0,1,0,1,0,0,0,2,2,0,19,3,16,9,2,7,1,0,1,0,0,0,9,1,8,17,3,14,9,2,7,0,0,0,0,0,0,8,1,7,2,0,2,0,0,0,1,0,1,0,0,0,1,0,1,24,11,13
29,573,0115,613862,0000,000000,KARNATAKA,Mandya,VILLAGE,Halthi,Rural,126,475,217,258,54,25,29,95,46,49,3,2,1,242,128,114,233,89,144,300,151,149,164,142,22,91,91,0,26,19,7,9,6,3,38,26,12,136,9,127,2,1,1,74,6,68,57,1,56,3,1,2,129,8,121,1,0,1,74,6,68,51,1,50,3,1,2,7,1,6,1,1,0,0,0,0,6,0,6,0,0,0,175,66,109
29,573,0115,613863,0000,000000,KARNATAKA,Mandya,VILLAGE,Veerasandra,Rural,12,49,23,26,6,3,3,15,9,6,0,0,0,20,11,9,29,12,17,29,13,16,10,10,0,7,7,0,1,1,0,0,0,0,2,2,0,19,3,16,0,0,0,14,2,12,5,1,4,0,0,0,19,3,16,0,0,0,14,2,12,5,1,4,0,0,0,0,0,0,0,0,0,0,0,0,0,0,0,0,0,0,20,10,10
29,573,0115,613864,0000,000000,KARNATAKA,Mandya,VILLAGE,Kachenahalli,Rural,115,468,233,235,44,19,25,152,80,72,2,1,1,246,151,95,222,82,140,301,167,134,259,147,112,75,52,23,109,45,64,16,8,8,59,42,17,42,20,22,2,1,1,18,8,10,20,10,10,2,1,1,41,20,21,2,1,1,17,8,9,20,10,10,2,1,1,1,0,1,0,0,0,1,0,1,0,0,0,0,0,0,167,66,101
29,573,0115,613865,0000,000000,KARNATAKA,Mandya,VILLAGE,Anche Chittanahalli,Rural,179,747,372,375,64,32,32,27,13,14,8,4,4,451,265,186,296,107,189,504,257,247,504,257,247,475,244,231,15,6,9,0,0,0,14,7,7,0,0,0,0,0,0,0,0,0,0,0,0,0,0,0,0,0,0,0,0,0,0,0,0,0,0,0,0,0,0,0,0,0,0,0,0,0,0,0,0,0,0,0,0,0,243,115,128
29,573,0115,613866,0000,000000,KARNATAKA,Mandya,VILLAGE,Hulikere,Rural,77,321,153,168,32,16,16,59,27,32,5,2,3,130,77,53,191,76,115,169,96,73,149,86,63,48,32,16,53,27,26,25,15,10,23,12,11,20,10,10,0,0,0,1,0,1,13,7,6,6,3,3,17,10,7,0,0,0,1,0,1,13,7,6,3,3,0,3,0,3,0,0,0,0,0,0,0,0,0,3,0,3,152,57,95
29,573,0115,613867,0000,000000,KARNATAKA,Mandya,VILLAGE,Mallarajapura,Rural,26,98,47,51,4,3,1,0,0,0,0,0,0,58,36,22,40,11,29,53,29,24,53,29,24,50,26,24,0,0,0,0,0,0,3,3,0,0,0,0,0,0,0,0,0,0,0,0,0,0,0,0,0,0,0,0,0,0,0,0,0,0,0,0,0,0,0,0,0,0,0,0,0,0,0,0,0,0,0,0,0,0,45,18,27
29,573,0115,613868,0000,000000,KARNATAKA,Mandya,VILLAGE,Huvinahalli,Rural,112,495,246,249,62,29,33,32,13,19,0,0,0,276,171,105,219,75,144,257,145,112,255,143,112,237,129,108,2,2,0,1,1,0,15,11,4,2,2,0,0,0,0,0,0,0,0,0,0,2,2,0,2,2,0,0,0,0,0,0,0,0,0,0,2,2,0,0,0,0,0,0,0,0,0,0,0,0,0,0,0,0,238,101,137
29,573,0115,613869,0000,000000,KARNATAKA,Mandya,VILLAGE,Mayigonahalli,Rural,129,603,308,295,56,31,25,0,0,0,1,0,1,361,219,142,242,89,153,339,204,135,338,203,135,203,170,33,0,0,0,0,0,0,135,33,102,1,1,0,0,0,0,0,0,0,0,0,0,1,1,0,1,1,0,0,0,0,0,0,0,0,0,0,1,1,0,0,0,0,0,0,0,0,0,0,0,0,0,0,0,0,264,104,160
29,573,0115,613870,0000,000000,KARNATAKA,Mandya,VILLAGE,Naragallu,Rural,163,594,269,325,41,16,25,132,54,78,5,2,3,391,217,174,203,52,151,191,163,28,183,157,26,140,124,16,3,2,1,0,0,0,40,31,9,8,6,2,1,1,0,0,0,0,1,1,0,6,4,2,8,6,2,1,1,0,0,0,0,1,1,0,6,4,2,0,0,0,0,0,0,0,0,0,0,0,0,0,0,0,403,106,297
29,573,0115,613871,0000,000000,KARNATAKA,Mandya,VILLAGE,Shivanahalli,Rural,148,684,342,342,65,36,29,38,17,21,6,4,2,373,231,142,311,111,200,422,215,207,422,215,207,415,212,203,0,0,0,0,0,0,7,3,4,0,0,0,0,0,0,0,0,0,0,0,0,0,0,0,0,0,0,0,0,0,0,0,0,0,0,0,0,0,0,0,0,0,0,0,0,0,0,0,0,0,0,0,0,0,262,127,135
29,573,0115,613872,0000,000000,KARNATAKA,Mandya,VILLAGE,Padavalamallenahalli,Rural,45,172,78,94,16,6,10,13,8,5,0,0,0,115,58,57,57,20,37,59,49,10,52,46,6,48,44,4,0,0,0,0,0,0,4,2,2,7,3,4,3,2,1,2,0,2,0,0,0,2,1,1,7,3,4,3,2,1,2,0,2,0,0,0,2,1,1,0,0,0,0,0,0,0,0,0,0,0,0,0,0,0,113,29,84
29,573,0115,613873,0000,000000,KARNATAKA,Mandya,VILLAGE,Chikkonahalli,Rural,112,457,232,225,57,33,24,167,81,86,0,0,0,295,168,127,162,64,98,144,131,13,123,116,7,116,112,4,0,0,0,0,0,0,7,4,3,21,15,6,1,1,0,2,1,1,1,0,1,17,13,4,21,15,6,1,1,0,2,1,1,1,0,1,17,13,4,0,0,0,0,0,0,0,0,0,0,0,0,0,0,0,313,101,212
29,573,0115,613874,0000,000000,KARNATAKA,Mandya,VILLAGE,Manchenahalli,Rural,104,390,194,196,29,16,13,8,5,3,0,0,0,203,105,98,187,89,98,249,125,124,239,124,115,238,124,114,0,0,0,0,0,0,1,0,1,10,1,9,8,1,7,1,0,1,0,0,0,1,0,1,8,1,7,7,1,6,1,0,1,0,0,0,0,0,0,2,0,2,1,0,1,0,0,0,0,0,0,1,0,1,141,69,72
29,573,0115,613875,0000,000000,KARNATAKA,Mandya,VILLAGE,Padavalachittanahalli,Rural,140,497,232,265,37,20,17,19,8,11,0,0,0,292,164,128,205,68,137,331,160,171,327,159,168,300,144,156,7,1,6,9,6,3,11,8,3,4,1,3,2,1,1,0,0,0,0,0,0,2,0,2,4,1,3,2,1,1,0,0,0,0,0,0,2,0,2,0,0,0,0,0,0,0,0,0,0,0,0,0,0,0,166,72,94
29,573,0115,613876,0000,000000,KARNATAKA,Mandya,VILLAGE,P. Neralakere,Rural,314,1098,510,588,91,47,44,64,29,35,0,0,0,620,343,277,478,167,311,538,303,235,523,295,228,504,284,220,10,8,2,2,1,1,7,2,5,15,8,7,10,5,5,1,1,0,0,0,0,4,2,2,14,8,6,9,5,4,1,1,0,0,0,0,4,2,2,1,0,1,1,0,1,0,0,0,0,0,0,0,0,0,560,207,353
29,573,0115,613877,0000,000000,KARNATAKA,Mandya,VILLAGE,Padavalapatna,Rural,230,919,426,493,70,31,39,97,43,54,0,0,0,491,283,208,428,143,285,470,263,207,332,251,81,282,217,65,11,4,7,4,4,0,35,26,9,138,12,126,89,7,82,4,0,4,0,0,0,45,5,40,131,10,121,88,7,81,4,0,4,0,0,0,39,3,36,7,2,5,1,0,1,0,0,0,0,0,0,6,2,4,449,163,286
29,573,0115,613878,0000,000000,KARNATAKA,Mandya,VILLAGE,Kallukomari,Rural,67,304,146,158,37,17,20,36,15,21,0,0,0,179,107,72,125,39,86,121,91,30,81,78,3,69,68,1,0,0,0,0,0,0,12,10,2,40,13,27,13,2,11,14,10,4,0,0,0,13,1,12,39,12,27,13,2,11,14,10,4,0,0,0,12,0,12,1,1,0,0,0,0,0,0,0,0,0,0,1,1,0,183,55,128
29,573,0115,613879,0000,000000,KARNATAKA,Mandya,VILLAGE,Thuppadamadu,Rural,468,2015,990,1025,227,122,105,239,115,124,473,245,228,1121,658,463,894,332,562,687,564,123,566,513,53,342,331,11,48,40,8,9,7,2,167,135,32,121,51,70,4,2,2,78,31,47,2,1,1,37,17,20,106,46,60,4,2,2,75,30,45,1,1,0,26,13,13,15,5,10,0,0,0,3,1,2,1,0,1,11,4,7,1328,426,902
29,573,0115,613880,0000,000000,KARNATAKA,Mandya,VILLAGE,Tyapenahalli,Rural,54,207,96,111,23,7,16,49,25,24,0,0,0,110,70,40,97,26,71,62,61,1,62,61,1,54,53,1,4,4,0,0,0,0,4,4,0,0,0,0,0,0,0,0,0,0,0,0,0,0,0,0,0,0,0,0,0,0,0,0,0,0,0,0,0,0,0,0,0,0,0,0,0,0,0,0,0,0,0,0,0,0,145,35,110
29,573,0115,613881,0000,000000,KARNATAKA,Mandya,VILLAGE,Ankushapura,Rural,60,264,129,135,33,15,18,45,19,26,0,0,0,133,81,52,131,48,83,91,81,10,87,81,6,76,73,3,1,1,0,0,0,0,10,7,3,4,0,4,0,0,0,2,0,2,0,0,0,2,0,2,3,0,3,0,0,0,1,0,1,0,0,0,2,0,2,1,0,1,0,0,0,1,0,1,0,0,0,0,0,0,173,48,125
29,573,0115,613882,0000,000000,KARNATAKA,Mandya,VILLAGE,Mulkatte,Rural,575,2253,1145,1108,213,111,102,431,217,214,42,21,21,1554,875,679,699,270,429,792,647,145,655,553,102,271,251,20,58,43,15,1,1,0,325,258,67,137,94,43,15,12,3,94,59,35,1,1,0,27,22,5,131,94,37,15,12,3,88,59,29,1,1,0,27,22,5,6,0,6,0,0,0,6,0,6,0,0,0,0,0,0,1461,498,963
29,573,0115,613883,0000,000000,KARNATAKA,Mandya,VILLAGE,Chowdenahalli,Rural,45,172,89,83,8,5,3,4,2,2,0,0,0,122,68,54,50,21,29,65,58,7,65,58,7,60,53,7,0,0,0,0,0,0,5,5,0,0,0,0,0,0,0,0,0,0,0,0,0,0,0,0,0,0,0,0,0,0,0,0,0,0,0,0,0,0,0,0,0,0,0,0,0,0,0,0,0,0,0,0,0,0,107,31,76
29,573,0115,613884,0000,000000,KARNATAKA,Mandya,VILLAGE,Tolali,Rural,115,503,239,264,35,18,17,79,36,43,0,0,0,306,165,141,197,74,123,278,147,131,115,95,20,108,89,19,0,0,0,0,0,0,7,6,1,163,52,111,1,0,1,0,0,0,0,0,0,162,52,110,91,31,60,0,0,0,0,0,0,0,0,0,91,31,60,72,21,51,1,0,1,0,0,0,0,0,0,71,21,50,225,92,133
29,573,0115,613885,0000,000000,KARNATAKA,Mandya,VILLAGE,Upparahalli,Rural,395,1559,784,775,142,88,54,15,5,10,9,7,2,1171,606,565,388,178,210,600,502,98,503,465,38,96,88,8,9,6,3,2,0,2,396,371,25,97,37,60,0,0,0,6,3,3,1,1,0,90,33,57,50,26,24,0,0,0,6,3,3,1,1,0,43,22,21,47,11,36,0,0,0,0,0,0,0,0,0,47,11,36,959,282,677
29,573,0115,613886,0000,000000,KARNATAKA,Mandya,VILLAGE,Byadarahalli,Rural,113,463,218,245,48,30,18,69,34,35,0,0,0,316,162,154,147,56,91,307,148,159,300,144,156,259,124,135,21,8,13,0,0,0,20,12,8,7,4,3,0,0,0,7,4,3,0,0,0,0,0,0,7,4,3,0,0,0,7,4,3,0,0,0,0,0,0,0,0,0,0,0,0,0,0,0,0,0,0,0,0,0,156,70,86
29,573,0115,613887,0000,000000,KARNATAKA,Mandya,VILLAGE,Hosahalli,Rural,59,209,101,108,20,11,9,16,7,9,0,0,0,124,70,54,85,31,54,138,69,69,138,69,69,120,59,61,4,2,2,0,0,0,14,8,6,0,0,0,0,0,0,0,0,0,0,0,0,0,0,0,0,0,0,0,0,0,0,0,0,0,0,0,0,0,0,0,0,0,0,0,0,0,0,0,0,0,0,0,0,0,71,32,39
29,573,0115,613888,0000,000000,KARNATAKA,Mandya,VILLAGE,Kannanakerekaval,Rural,0,0,0,0,0,0,0,0,0,0,0,0,0,0,0,0,0,0,0,0,0,0,0,0,0,0,0,0,0,0,0,0,0,0,0,0,0,0,0,0,0,0,0,0,0,0,0,0,0,0,0,0,0,0,0,0,0,0,0,0,0,0,0,0,0,0,0,0,0,0,0,0,0,0,0,0,0,0,0,0,0,0,0,0,0
29,573,0115,613889,0000,000000,KARNATAKA,Mandya,VILLAGE,Palagrahara,Rural,191,723,358,365,69,45,24,57,26,31,5,3,2,445,258,187,278,100,178,300,244,56,278,234,44,168,152,16,25,15,10,3,2,1,82,65,17,22,10,12,4,1,3,7,0,7,0,0,0,11,9,2,20,10,10,4,1,3,5,0,5,0,0,0,11,9,2,2,0,2,0,0,0,2,0,2,0,0,0,0,0,0,423,114,309
29,573,0115,613890,0000,000000,KARNATAKA,Mandya,VILLAGE,Gundakallu Hosur,Rural,2,4,1,3,0,0,0,0,0,0,0,0,0,1,1,0,3,0,3,3,1,2,2,0,2,2,0,2,0,0,0,0,0,0,0,0,0,1,1,0,0,0,0,0,0,0,0,0,0,1,1,0,1,1,0,0,0,0,0,0,0,0,0,0,1,1,0,0,0,0,0,0,0,0,0,0,0,0,0,0,0,0,1,0,1
29,573,0115,613891,0000,000000,KARNATAKA,Mandya,VILLAGE,Kasuvinahalli,Rural,110,489,256,233,28,15,13,48,28,20,0,0,0,321,208,113,168,48,120,238,152,86,209,142,67,185,126,59,1,0,1,0,0,0,23,16,7,29,10,19,0,0,0,27,8,19,0,0,0,2,2,0,29,10,19,0,0,0,27,8,19,0,0,0,2,2,0,0,0,0,0,0,0,0,0,0,0,0,0,0,0,0,251,104,147
29,573,0115,613892,0000,000000,KARNATAKA,Mandya,VILLAGE,Nagamangala (Rural),Rural,182,841,436,405,51,24,27,0,0,0,13,7,6,582,330,252,259,106,153,348,275,73,280,235,45,214,189,25,8,4,4,1,0,1,57,42,15,68,40,28,1,1,0,67,39,28,0,0,0,0,0,0,68,40,28,1,1,0,67,39,28,0,0,0,0,0,0,0,0,0,0,0,0,0,0,0,0,0,0,0,0,0,493,161,332
29,573,0115,613893,0000,000000,KARNATAKA,Mandya,VILLAGE,Bettadamallenahalli,Rural,354,1616,785,831,148,66,82,140,69,71,0,0,0,1075,602,473,541,183,358,779,464,315,551,400,151,398,307,91,60,20,40,0,0,0,93,73,20,228,64,164,28,15,13,59,9,50,1,1,0,140,39,101,221,60,161,27,15,12,58,9,49,1,1,0,135,35,100,7,4,3,1,0,1,1,0,1,0,0,0,5,4,1,837,321,516
29,573,0115,613894,0000,000000,KARNATAKA,Mandya,VILLAGE,Sankanahalli,Rural,178,758,377,381,85,48,37,404,204,200,0,0,0,392,227,165,366,150,216,428,235,193,268,217,51,142,114,28,13,4,9,1,1,0,112,98,14,160,18,142,51,7,44,5,0,5,0,0,0,104,11,93,157,16,141,48,5,43,5,0,5,0,0,0,104,11,93,3,2,1,3,2,1,0,0,0,0,0,0,0,0,0,330,142,188
29,573,0115,613895,0000,000000,KARNATAKA,Mandya,VILLAGE,K.Mallenahalli,Rural,151,593,277,316,70,29,41,107,51,56,0,0,0,351,188,163,242,89,153,285,166,119,283,165,118,225,128,97,14,3,11,9,5,4,35,29,6,2,1,1,1,1,0,0,0,0,0,0,0,1,0,1,2,1,1,1,1,0,0,0,0,0,0,0,1,0,1,0,0,0,0,0,0,0,0,0,0,0,0,0,0,0,308,111,197
29,573,0115,613896,0000,000000,KARNATAKA,Mandya,VILLAGE,Gaddebuvanahalli,Rural,138,502,232,270,37,15,22,78,32,46,0,0,0,273,149,124,229,83,146,338,158,180,125,103,22,113,95,18,3,3,0,0,0,0,9,5,4,213,55,158,1,0,1,207,52,155,0,0,0,5,3,2,210,53,157,1,0,1,206,51,155,0,0,0,3,2,1,3,2,1,0,0,0,1,1,0,0,0,0,2,1,1,164,74,90
29,573,0115,613897,0000,000000,KARNATAKA,Mandya,VILLAGE,Hullekere,Rural,105,407,196,211,34,23,11,41,19,22,0,0,0,215,120,95,192,76,116,234,122,112,136,107,29,112,90,22,3,2,1,0,0,0,21,15,6,98,15,83,27,2,25,49,13,36,0,0,0,22,0,22,94,13,81,25,1,24,48,12,36,0,0,0,21,0,21,4,2,2,2,1,1,1,1,0,0,0,0,1,0,1,173,74,99
29,573,0115,613898,0000,000000,KARNATAKA,Mandya,VILLAGE,Beereswarapura,Rural,167,700,353,347,77,40,37,23,12,11,0,0,0,367,224,143,333,129,204,403,228,175,336,196,140,166,138,28,143,32,111,0,0,0,27,26,1,67,32,35,22,13,9,45,19,26,0,0,0,0,0,0,15,6,9,4,2,2,11,4,7,0,0,0,0,0,0,52,26,26,18,11,7,34,15,19,0,0,0,0,0,0,297,125,172
29,573,0115,613899,0000,000000,KARNATAKA,Mandya,VILLAGE,Mallasandrakaval,Rural,0,0,0,0,0,0,0,0,0,0,0,0,0,0,0,0,0,0,0,0,0,0,0,0,0,0,0,0,0,0,0,0,0,0,0,0,0,0,0,0,0,0,0,0,0,0,0,0,0,0,0,0,0,0,0,0,0,0,0,0,0,0,0,0,0,0,0,0,0,0,0,0,0,0,0,0,0,0,0,0,0,0,0,0,0
29,573,0115,613900,0000,000000,KARNATAKA,Mandya,VILLAGE,Mallasandra,Rural,30,121,54,67,15,7,8,14,5,9,0,0,0,74,38,36,47,16,31,59,34,25,37,29,8,34,27,7,0,0,0,0,0,0,3,2,1,22,5,17,3,0,3,18,4,14,0,0,0,1,1,0,21,4,17,3,0,3,18,4,14,0,0,0,0,0,0,1,1,0,0,0,0,0,0,0,0,0,0,1,1,0,62,20,42
29,573,0115,613901,0000,000000,KARNATAKA,Mandya,VILLAGE,Yadavanahalli,Rural,46,189,99,90,18,11,7,52,26,26,0,0,0,115,62,53,74,37,37,93,63,30,65,59,6,53,53,0,2,0,2,0,0,0,10,6,4,28,4,24,11,3,8,15,1,14,0,0,0,2,0,2,28,4,24,11,3,8,15,1,14,0,0,0,2,0,2,0,0,0,0,0,0,0,0,0,0,0,0,0,0,0,96,36,60
29,573,0115,613902,0000,000000,KARNATAKA,Mandya,VILLAGE,Tolasikombri,Rural,54,240,120,120,32,16,16,57,31,26,41,18,23,133,76,57,107,44,63,115,75,40,96,69,27,42,41,1,1,0,1,0,0,0,53,28,25,19,6,13,10,2,8,2,0,2,0,0,0,7,4,3,18,6,12,10,2,8,1,0,1,0,0,0,7,4,3,1,0,1,0,0,0,1,0,1,0,0,0,0,0,0,125,45,80
29,573,0115,613903,0000,000000,KARNATAKA,Mandya,VILLAGE,Dodda Chikkana Halli,Rural,75,275,125,150,25,11,14,0,0,0,0,0,0,165,94,71,110,31,79,100,72,28,100,72,28,67,66,1,0,0,0,25,2,23,8,4,4,0,0,0,0,0,0,0,0,0,0,0,0,0,0,0,0,0,0,0,0,0,0,0,0,0,0,0,0,0,0,0,0,0,0,0,0,0,0,0,0,0,0,0,0,0,175,53,122
29,573,0115,613904,0000,000000,KARNATAKA,Mandya,VILLAGE,Ankanahalli,Rural,30,129,61,68,10,3,7,70,31,39,0,0,0,77,45,32,52,16,36,38,30,8,37,30,7,32,27,5,5,3,2,0,0,0,0,0,0,1,0,1,0,0,0,1,0,1,0,0,0,0,0,0,1,0,1,0,0,0,1,0,1,0,0,0,0,0,0,0,0,0,0,0,0,0,0,0,0,0,0,0,0,0,91,31,60
29,573,0115,613905,0000,000000,KARNATAKA,Mandya,VILLAGE,Toremallanayakanahalli,Rural,159,620,310,310,57,33,24,113,57,56,6,5,1,357,210,147,263,100,163,330,198,132,219,184,35,155,150,5,8,1,7,21,17,4,35,16,19,111,14,97,1,1,0,101,12,89,7,0,7,2,1,1,110,14,96,1,1,0,101,12,89,6,0,6,2,1,1,1,0,1,0,0,0,0,0,0,1,0,1,0,0,0,290,112,178
29,573,0115,613906,0000,000000,KARNATAKA,Mandya,VILLAGE,Mallekoppalu,Rural,0,0,0,0,0,0,0,0,0,0,0,0,0,0,0,0,0,0,0,0,0,0,0,0,0,0,0,0,0,0,0,0,0,0,0,0,0,0,0,0,0,0,0,0,0,0,0,0,0,0,0,0,0,0,0,0,0,0,0,0,0,0,0,0,0,0,0,0,0,0,0,0,0,0,0,0,0,0,0,0,0,0,0,0,0
29,573,0115,613907,0000,000000,KARNATAKA,Mandya,VILLAGE,Dodda Jakkana Halli,Rural,62,263,121,142,23,9,14,18,8,10,0,0,0,114,70,44,149,51,98,145,77,68,79,76,3,64,63,1,2,2,0,1,1,0,12,10,2,66,1,65,2,0,2,62,1,61,0,0,0,2,0,2,66,1,65,2,0,2,62,1,61,0,0,0,2,0,2,0,0,0,0,0,0,0,0,0,0,0,0,0,0,0,118,44,74
29,573,0115,613908,0000,000000,KARNATAKA,Mandya,VILLAGE,Sirapura,Rural,82,358,174,184,21,8,13,44,22,22,31,15,16,175,105,70,183,69,114,221,114,107,128,108,20,107,98,9,1,0,1,18,8,10,2,2,0,93,6,87,89,4,85,2,0,2,0,0,0,2,2,0,92,5,87,89,4,85,2,0,2,0,0,0,1,1,0,1,1,0,0,0,0,0,0,0,0,0,0,1,1,0,137,60,77
29,573,0115,613909,0000,000000,KARNATAKA,Mandya,VILLAGE,Dadamudike,Rural,60,268,138,130,29,16,13,39,18,21,0,0,0,126,82,44,142,56,86,154,85,69,83,78,5,82,77,5,0,0,0,0,0,0,1,1,0,71,7,64,69,5,64,0,0,0,0,0,0,2,2,0,65,1,64,64,0,64,0,0,0,0,0,0,1,1,0,6,6,0,5,5,0,0,0,0,0,0,0,1,1,0,114,53,61
29,573,0115,613910,0000,000000,KARNATAKA,Mandya,VILLAGE,Mutsandrakaval,Rural,0,0,0,0,0,0,0,0,0,0,0,0,0,0,0,0,0,0,0,0,0,0,0,0,0,0,0,0,0,0,0,0,0,0,0,0,0,0,0,0,0,0,0,0,0,0,0,0,0,0,0,0,0,0,0,0,0,0,0,0,0,0,0,0,0,0,0,0,0,0,0,0,0,0,0,0,0,0,0,0,0,0,0,0,0
29,573,0115,613911,0000,000000,KARNATAKA,Mandya,VILLAGE,Mylarapatna,Rural,219,882,424,458,87,46,41,92,44,48,12,6,6,470,264,206,412,160,252,393,267,126,192,184,8,170,166,4,1,1,0,0,0,0,21,17,4,201,83,118,17,8,9,136,59,77,16,3,13,32,13,19,200,83,117,17,8,9,136,59,77,16,3,13,31,13,18,1,0,1,0,0,0,0,0,0,0,0,0,1,0,1,489,157,332
29,573,0115,613912,0000,000000,KARNATAKA,Mandya,VILLAGE,S.Mutsandra,Rural,33,121,51,70,14,7,7,40,18,22,0,0,0,62,27,35,59,24,35,84,37,47,31,30,1,28,27,1,1,1,0,0,0,0,2,2,0,53,7,46,3,1,2,49,6,43,0,0,0,1,0,1,53,7,46,3,1,2,49,6,43,0,0,0,1,0,1,0,0,0,0,0,0,0,0,0,0,0,0,0,0,0,37,14,23
29,573,0115,613913,0000,000000,KARNATAKA,Mandya,VILLAGE,Haradanahalli,Rural,81,279,151,128,14,7,7,25,18,7,0,0,0,181,118,63,98,33,65,158,70,88,74,52,22,59,45,14,6,3,3,0,0,0,9,4,5,84,18,66,1,0,1,81,17,64,0,0,0,2,1,1,84,18,66,1,0,1,81,17,64,0,0,0,2,1,1,0,0,0,0,0,0,0,0,0,0,0,0,0,0,0,121,81,40
29,573,0115,613914,0000,000000,KARNATAKA,Mandya,VILLAGE,Kagehosur (B),Rural,0,0,0,0,0,0,0,0,0,0,0,0,0,0,0,0,0,0,0,0,0,0,0,0,0,0,0,0,0,0,0,0,0,0,0,0,0,0,0,0,0,0,0,0,0,0,0,0,0,0,0,0,0,0,0,0,0,0,0,0,0,0,0,0,0,0,0,0,0,0,0,0,0,0,0,0,0,0,0,0,0,0,0,0,0
29,573,0115,613915,0000,000000,KARNATAKA,Mandya,VILLAGE,Hiduva,Rural,62,247,119,128,18,12,6,0,0,0,2,1,1,126,67,59,121,52,69,146,73,73,146,73,73,135,66,69,2,1,1,1,0,1,8,6,2,0,0,0,0,0,0,0,0,0,0,0,0,0,0,0,0,0,0,0,0,0,0,0,0,0,0,0,0,0,0,0,0,0,0,0,0,0,0,0,0,0,0,0,0,0,101,46,55
29,573,0115,613916,0000,000000,KARNATAKA,Mandya,VILLAGE,Doddauppla,Rural,97,418,209,209,40,18,22,84,42,42,0,0,0,276,156,120,142,53,89,238,131,107,238,131,107,223,124,99,1,0,1,0,0,0,14,7,7,0,0,0,0,0,0,0,0,0,0,0,0,0,0,0,0,0,0,0,0,0,0,0,0,0,0,0,0,0,0,0,0,0,0,0,0,0,0,0,0,0,0,0,0,0,180,78,102
29,573,0115,613917,0000,000000,KARNATAKA,Mandya,VILLAGE,Devaramadahalli,Rural,137,599,289,310,69,39,30,215,102,113,0,0,0,303,175,128,296,114,182,327,156,171,237,127,110,154,84,70,74,39,35,4,2,2,5,2,3,90,29,61,40,6,34,50,23,27,0,0,0,0,0,0,86,28,58,37,5,32,49,23,26,0,0,0,0,0,0,4,1,3,3,1,2,1,0,1,0,0,0,0,0,0,272,133,139
29,573,0115,613918,0000,000000,KARNATAKA,Mandya,VILLAGE,Devarahalli,Rural,33,120,63,57,5,3,2,37,20,17,0,0,0,54,37,17,66,26,40,69,44,25,29,28,1,28,27,1,0,0,0,0,0,0,1,1,0,40,16,24,39,16,23,1,0,1,0,0,0,0,0,0,27,9,18,26,9,17,1,0,1,0,0,0,0,0,0,13,7,6,13,7,6,0,0,0,0,0,0,0,0,0,51,19,32
29,573,0115,613919,0000,000000,KARNATAKA,Mandya,VILLAGE,Ramenahalli,Rural,70,261,122,139,21,7,14,27,16,11,0,0,0,146,90,56,115,32,83,106,84,22,103,82,21,84,72,12,13,7,6,0,0,0,6,3,3,3,2,1,2,2,0,1,0,1,0,0,0,0,0,0,3,2,1,2,2,0,1,0,1,0,0,0,0,0,0,0,0,0,0,0,0,0,0,0,0,0,0,0,0,0,155,38,117
29,573,0115,613920,0000,000000,KARNATAKA,Mandya,VILLAGE,H.Kodihalli,Rural,43,194,100,94,17,4,13,0,0,0,0,0,0,108,69,39,86,31,55,51,48,3,51,48,3,44,42,2,3,3,0,0,0,0,4,3,1,0,0,0,0,0,0,0,0,0,0,0,0,0,0,0,0,0,0,0,0,0,0,0,0,0,0,0,0,0,0,0,0,0,0,0,0,0,0,0,0,0,0,0,0,0,143,52,91
29,573,0115,613921,0000,000000,KARNATAKA,Mandya,VILLAGE,Hiduvakaval,Rural,0,0,0,0,0,0,0,0,0,0,0,0,0,0,0,0,0,0,0,0,0,0,0,0,0,0,0,0,0,0,0,0,0,0,0,0,0,0,0,0,0,0,0,0,0,0,0,0,0,0,0,0,0,0,0,0,0,0,0,0,0,0,0,0,0,0,0,0,0,0,0,0,0,0,0,0,0,0,0,0,0,0,0,0,0
29,573,0115,613922,0000,000000,KARNATAKA,Mandya,VILLAGE,Dandebala,Rural,66,262,122,140,34,18,16,0,0,0,0,0,0,120,67,53,142,55,87,153,73,80,127,70,57,96,54,42,12,4,8,0,0,0,19,12,7,26,3,23,25,3,22,0,0,0,0,0,0,1,0,1,25,2,23,24,2,22,0,0,0,0,0,0,1,0,1,1,1,0,1,1,0,0,0,0,0,0,0,0,0,0,109,49,60
29,573,0115,613923,0000,000000,KARNATAKA,Mandya,VILLAGE,H.Bommanahalli,Rural,42,138,62,76,7,5,2,6,3,3,0,0,0,73,41,32,65,21,44,87,40,47,81,39,42,65,33,32,5,1,4,0,0,0,11,5,6,6,1,5,4,0,4,0,0,0,0,0,0,2,1,1,6,1,5,4,0,4,0,0,0,0,0,0,2,1,1,0,0,0,0,0,0,0,0,0,0,0,0,0,0,0,51,22,29
29,573,0115,613924,0000,000000,KARNATAKA,Mandya,VILLAGE,Nalkundi,Rural,102,480,249,231,62,33,29,137,68,69,0,0,0,292,174,118,188,75,113,174,172,2,173,171,2,117,117,0,52,51,1,0,0,0,4,3,1,1,1,0,0,0,0,1,1,0,0,0,0,0,0,0,1,1,0,0,0,0,1,1,0,0,0,0,0,0,0,0,0,0,0,0,0,0,0,0,0,0,0,0,0,0,306,77,229
29,573,0115,613925,0000,000000,KARNATAKA,Mandya,VILLAGE,Kotebetta,Rural,119,717,370,347,41,20,21,253,125,128,8,6,2,559,319,240,158,51,107,205,143,62,203,143,60,82,64,18,34,16,18,0,0,0,87,63,24,2,0,2,2,0,2,0,0,0,0,0,0,0,0,0,2,0,2,2,0,2,0,0,0,0,0,0,0,0,0,0,0,0,0,0,0,0,0,0,0,0,0,0,0,0,512,227,285
29,573,0115,613926,0000,000000,KARNATAKA,Mandya,VILLAGE,Nalkundikaval,Rural,0,0,0,0,0,0,0,0,0,0,0,0,0,0,0,0,0,0,0,0,0,0,0,0,0,0,0,0,0,0,0,0,0,0,0,0,0,0,0,0,0,0,0,0,0,0,0,0,0,0,0,0,0,0,0,0,0,0,0,0,0,0,0,0,0,0,0,0,0,0,0,0,0,0,0,0,0,0,0,0,0,0,0,0,0
29,573,0115,613927,0000,000000,KARNATAKA,Mandya,VILLAGE,Dondemadahalli,Rural,158,687,339,348,61,31,30,118,55,63,0,0,0,357,207,150,330,132,198,464,238,226,210,164,46,170,143,27,38,20,18,0,0,0,2,1,1,254,74,180,230,65,165,22,8,14,0,0,0,2,1,1,249,73,176,225,64,161,22,8,14,0,0,0,2,1,1,5,1,4,5,1,4,0,0,0,0,0,0,0,0,0,223,101,122
29,573,0115,613928,0000,000000,KARNATAKA,Mandya,VILLAGE,J.Chikkanahalli,Rural,72,287,135,152,17,8,9,0,0,0,0,0,0,183,101,82,104,34,70,224,103,121,98,84,14,89,78,11,7,5,2,1,0,1,1,1,0,126,19,107,103,16,87,23,3,20,0,0,0,0,0,0,89,4,85,72,4,68,17,0,17,0,0,0,0,0,0,37,15,22,31,12,19,6,3,3,0,0,0,0,0,0,63,32,31
29,573,0115,613929,0000,000000,KARNATAKA,Mandya,VILLAGE,Devaramallanayakana Halli,Rural,127,449,206,243,34,17,17,57,30,27,0,0,0,259,144,115,190,62,128,313,152,161,174,115,59,105,91,14,20,5,15,3,0,3,46,19,27,139,37,102,106,32,74,8,0,8,11,2,9,14,3,11,80,15,65,49,10,39,8,0,8,10,2,8,13,3,10,59,22,37,57,22,35,0,0,0,1,0,1,1,0,1,136,54,82
29,573,0115,613930,0000,000000,KARNATAKA,Mandya,VILLAGE,Tubinakere,Rural,190,754,364,390,66,37,29,48,21,27,3,2,1,403,234,169,351,130,221,597,288,309,381,233,148,316,216,100,12,4,8,2,1,1,51,12,39,216,55,161,205,52,153,7,2,5,0,0,0,4,1,3,114,13,101,106,10,96,5,2,3,0,0,0,3,1,2,102,42,60,99,42,57,2,0,2,0,0,0,1,0,1,157,76,81
29,573,0115,613931,0000,000000,KARNATAKA,Mandya,VILLAGE,Hadamgere,Rural,126,515,243,272,49,25,24,9,4,5,0,0,0,251,136,115,264,107,157,394,181,213,329,153,176,321,151,170,1,0,1,0,0,0,7,2,5,65,28,37,47,20,27,15,7,8,0,0,0,3,1,2,37,16,21,28,12,16,7,3,4,0,0,0,2,1,1,28,12,16,19,8,11,8,4,4,0,0,0,1,0,1,121,62,59
29,573,0115,613932,0000,000000,KARNATAKA,Mandya,VILLAGE,Ballekere,Rural,47,148,65,83,5,0,5,14,3,11,0,0,0,83,46,37,65,19,46,103,46,57,100,44,56,97,42,55,1,0,1,0,0,0,2,2,0,3,2,1,0,0,0,1,1,0,2,1,1,0,0,0,3,2,1,0,0,0,1,1,0,2,1,1,0,0,0,0,0,0,0,0,0,0,0,0,0,0,0,0,0,0,45,19,26
29,573,0115,613933,0000,000000,KARNATAKA,Mandya,VILLAGE,Devalapura,Rural,496,1861,907,954,170,82,88,242,127,115,1,0,1,1298,708,590,563,199,364,1065,574,491,1019,551,468,556,266,290,104,27,77,0,0,0,359,258,101,46,23,23,29,15,14,11,2,9,0,0,0,6,6,0,45,23,22,28,15,13,11,2,9,0,0,0,6,6,0,1,0,1,1,0,1,0,0,0,0,0,0,0,0,0,796,333,463
29,573,0115,613934,0000,000000,KARNATAKA,Mandya,VILLAGE,Muthsandra,Rural,31,112,55,57,13,6,7,0,0,0,0,0,0,37,24,13,75,31,44,72,36,36,37,34,3,31,31,0,2,0,2,0,0,0,4,3,1,35,2,33,31,1,30,3,0,3,0,0,0,1,1,0,35,2,33,31,1,30,3,0,3,0,0,0,1,1,0,0,0,0,0,0,0,0,0,0,0,0,0,0,0,0,40,19,21
29,573,0115,613935,0000,000000,KARNATAKA,Mandya,VILLAGE,Kuntanakoppalu,Rural,20,66,29,37,6,2,4,3,2,1,0,0,0,29,18,11,37,11,26,38,18,20,19,18,1,13,13,0,2,1,1,0,0,0,4,4,0,19,0,19,19,0,19,0,0,0,0,0,0,0,0,0,19,0,19,19,0,19,0,0,0,0,0,0,0,0,0,0,0,0,0,0,0,0,0,0,0,0,0,0,0,0,28,11,17
29,573,0115,613936,0000,000000,KARNATAKA,Mandya,VILLAGE,H.N.Kaval,Rural,19,58,33,25,4,4,0,7,5,2,0,0,0,19,13,6,39,20,19,36,19,17,19,19,0,16,16,0,2,2,0,0,0,0,1,1,0,17,0,17,17,0,17,0,0,0,0,0,0,0,0,0,17,0,17,17,0,17,0,0,0,0,0,0,0,0,0,0,0,0,0,0,0,0,0,0,0,0,0,0,0,0,22,14,8
29,573,0115,613937,0000,000000,KARNATAKA,Mandya,VILLAGE,Thattahalli,Rural,201,844,411,433,78,41,37,70,31,39,0,0,0,514,289,225,330,122,208,518,248,270,413,241,172,238,210,28,154,14,140,0,0,0,21,17,4,105,7,98,93,1,92,9,3,6,0,0,0,3,3,0,105,7,98,93,1,92,9,3,6,0,0,0,3,3,0,0,0,0,0,0,0,0,0,0,0,0,0,0,0,0,326,163,163
29,573,0115,613938,0000,000000,KARNATAKA,Mandya,VILLAGE,Dum Jakkanahalli,Rural,41,184,96,88,23,11,12,0,0,0,0,0,0,111,67,44,73,29,44,121,63,58,120,63,57,64,56,8,50,1,49,0,0,0,6,6,0,1,0,1,0,0,0,1,0,1,0,0,0,0,0,0,1,0,1,0,0,0,1,0,1,0,0,0,0,0,0,0,0,0,0,0,0,0,0,0,0,0,0,0,0,0,63,33,30
29,573,0115,613939,0000,000000,KARNATAKA,Mandya,VILLAGE,Dandiganahalli,Rural,206,920,450,470,92,48,44,137,65,72,0,0,0,519,295,224,401,155,246,409,262,147,319,218,101,186,136,50,98,55,43,4,1,3,31,26,5,90,44,46,17,9,8,54,24,30,12,7,5,7,4,3,82,41,41,16,9,7,51,23,28,10,6,4,5,3,2,8,3,5,1,0,1,3,1,2,2,1,1,2,1,1,511,188,323
29,573,0115,613940,0000,000000,KARNATAKA,Mandya,VILLAGE,Karadahalli,Rural,408,1840,919,921,195,109,86,98,51,47,0,0,0,1049,590,459,791,329,462,1225,622,603,900,566,334,668,466,202,172,56,116,2,1,1,58,43,15,325,56,269,264,28,236,54,22,32,0,0,0,7,6,1,300,46,254,245,22,223,48,18,30,0,0,0,7,6,1,25,10,15,19,6,13,6,4,2,0,0,0,0,0,0,615,297,318
29,573,0115,613941,0000,000000,KARNATAKA,Mandya,VILLAGE,Hullenahalli,Rural,174,670,325,345,72,40,32,96,44,52,0,0,0,337,193,144,333,132,201,444,226,218,273,182,91,144,124,20,76,14,62,0,0,0,53,44,9,171,44,127,159,42,117,11,2,9,0,0,0,1,0,1,120,28,92,110,26,84,9,2,7,0,0,0,1,0,1,51,16,35,49,16,33,2,0,2,0,0,0,0,0,0,226,99,127
29,573,0115,613942,0000,000000,KARNATAKA,Mandya,VILLAGE,Bindenahalli,Rural,337,1398,696,702,149,85,64,102,50,52,0,0,0,597,354,243,801,342,459,1092,552,540,480,413,67,345,326,19,74,40,34,0,0,0,61,47,14,612,139,473,520,123,397,85,13,72,0,0,0,7,3,4,459,59,400,389,52,337,63,4,59,0,0,0,7,3,4,153,80,73,131,71,60,22,9,13,0,0,0,0,0,0,306,144,162
29,573,0115,613943,0000,000000,KARNATAKA,Mandya,VILLAGE,Beemanahalli,Rural,359,1240,579,661,104,50,54,118,53,65,4,2,2,673,378,295,567,201,366,783,401,382,695,389,306,277,251,26,127,26,101,31,2,29,260,110,150,88,12,76,0,0,0,13,4,9,28,0,28,47,8,39,83,11,72,0,0,0,13,4,9,27,0,27,43,7,36,5,1,4,0,0,0,0,0,0,1,0,1,4,1,3,457,178,279
29,573,0115,613944,0000,000000,KARNATAKA,Mandya,VILLAGE,Gollarahalli,Rural,89,409,195,214,47,21,26,62,30,32,0,0,0,216,133,83,193,62,131,277,144,133,216,117,99,173,95,78,22,10,12,0,0,0,21,12,9,61,27,34,56,23,33,4,3,1,0,0,0,1,1,0,21,10,11,18,8,10,3,2,1,0,0,0,0,0,0,40,17,23,38,15,23,1,1,0,0,0,0,1,1,0,132,51,81
29,573,0115,613945,0000,000000,KARNATAKA,Mandya,VILLAGE,Kasalagere,Rural,94,353,176,177,25,12,13,36,14,22,0,0,0,214,135,79,139,41,98,268,140,128,92,86,6,65,64,1,0,0,0,1,1,0,26,21,5,176,54,122,86,30,56,9,4,5,1,0,1,80,20,60,118,28,90,51,18,33,7,2,5,1,0,1,59,8,51,58,26,32,35,12,23,2,2,0,0,0,0,21,12,9,85,36,49
29,573,0115,613946,0000,000000,KARNATAKA,Mandya,VILLAGE,Mallinathapura,Rural,32,130,66,64,9,2,7,47,24,23,0,0,0,73,49,24,57,17,40,97,53,44,37,36,1,33,33,0,1,1,0,0,0,0,3,2,1,60,17,43,16,8,8,0,0,0,0,0,0,44,9,35,43,7,36,6,3,3,0,0,0,0,0,0,37,4,33,17,10,7,10,5,5,0,0,0,0,0,0,7,5,2,33,13,20
29,573,0115,613947,0000,000000,KARNATAKA,Mandya,VILLAGE,Thibbanahalli,Rural,129,414,202,212,19,7,12,48,24,24,0,0,0,198,128,70,216,74,142,333,162,171,259,138,121,211,113,98,34,18,16,0,0,0,14,7,7,74,24,50,62,21,41,8,2,6,0,0,0,4,1,3,58,19,39,47,17,30,8,2,6,0,0,0,3,0,3,16,5,11,15,4,11,0,0,0,0,0,0,1,1,0,81,40,41
29,573,0115,613948,0000,000000,KARNATAKA,Mandya,VILLAGE,Arakere,Rural,122,444,215,229,37,17,20,38,20,18,0,0,0,205,121,84,239,94,145,394,193,201,319,155,164,309,151,158,3,1,2,3,2,1,4,1,3,75,38,37,74,37,37,0,0,0,0,0,0,1,1,0,74,37,37,73,36,37,0,0,0,0,0,0,1,1,0,1,1,0,1,1,0,0,0,0,0,0,0,0,0,0,50,22,28
29,573,0115,613949,0000,000000,KARNATAKA,Mandya,VILLAGE,Settahalli,Rural,173,634,298,336,41,24,17,165,77,88,2,1,1,341,182,159,293,116,177,483,224,259,443,208,235,326,177,149,113,29,84,0,0,0,4,2,2,40,16,24,40,16,24,0,0,0,0,0,0,0,0,0,40,16,24,40,16,24,0,0,0,0,0,0,0,0,0,0,0,0,0,0,0,0,0,0,0,0,0,0,0,0,151,74,77
29,573,0115,613950,0000,000000,KARNATAKA,Mandya,VILLAGE,Kudagabalu,Rural,200,809,368,441,65,24,41,27,10,17,0,0,0,474,253,221,335,115,220,651,308,343,490,259,231,413,215,198,60,36,24,0,0,0,17,8,9,161,49,112,148,44,104,12,4,8,0,0,0,1,1,0,137,41,96,128,37,91,8,3,5,0,0,0,1,1,0,24,8,16,20,7,13,4,1,3,0,0,0,0,0,0,158,60,98
29,573,0115,613951,0000,000000,KARNATAKA,Mandya,VILLAGE,Kellenahalli,Rural,70,311,152,159,29,13,16,42,17,25,0,0,0,187,106,81,124,46,78,230,116,114,164,97,67,63,41,22,84,46,38,0,0,0,17,10,7,66,19,47,36,8,28,27,10,17,0,0,0,3,1,2,35,9,26,17,4,13,15,4,11,0,0,0,3,1,2,31,10,21,19,4,15,12,6,6,0,0,0,0,0,0,81,36,45
29,573,0115,613952,0000,000000,KARNATAKA,Mandya,VILLAGE,Dasagalapura,Rural,21,116,60,56,9,6,3,99,49,50,0,0,0,67,38,29,49,22,27,97,49,48,59,31,28,48,27,21,11,4,7,0,0,0,0,0,0,38,18,20,6,3,3,31,14,17,0,0,0,1,1,0,37,17,20,5,2,3,31,14,17,0,0,0,1,1,0,1,1,0,1,1,0,0,0,0,0,0,0,0,0,0,19,11,8
29,573,0115,613953,0000,000000,KARNATAKA,Mandya,VILLAGE,Sampanahalli,Rural,85,398,204,194,46,28,18,85,46,39,13,7,6,222,130,92,176,74,102,269,141,128,217,112,105,180,94,86,25,11,14,0,0,0,12,7,5,52,29,23,1,1,0,12,11,1,2,1,1,37,16,21,42,26,16,1,1,0,10,9,1,2,1,1,29,15,14,10,3,7,0,0,0,2,2,0,0,0,0,8,1,7,129,63,66
29,573,0115,613954,0000,000000,KARNATAKA,Mandya,VILLAGE,Cholenahalli,Rural,49,224,122,102,26,18,8,0,0,0,0,0,0,109,65,44,115,57,58,180,96,84,133,70,63,122,63,59,9,7,2,0,0,0,2,0,2,47,26,21,7,6,1,25,19,6,0,0,0,15,1,14,47,26,21,7,6,1,25,19,6,0,0,0,15,1,14,0,0,0,0,0,0,0,0,0,0,0,0,0,0,0,44,26,18
29,573,0115,613955,0000,000000,KARNATAKA,Mandya,VILLAGE,Sunaganahalli,Rural,98,435,219,216,42,18,24,111,57,54,0,0,0,210,129,81,225,90,135,276,147,129,151,137,14,142,134,8,6,3,3,0,0,0,3,0,3,125,10,115,118,10,108,7,0,7,0,0,0,0,0,0,125,10,115,118,10,108,7,0,7,0,0,0,0,0,0,0,0,0,0,0,0,0,0,0,0,0,0,0,0,0,159,72,87
29,573,0115,613956,0000,000000,KARNATAKA,Mandya,VILLAGE,Hosahalli,Rural,4,13,8,5,3,2,1,0,0,0,0,0,0,7,5,2,6,3,3,9,5,4,5,5,0,4,4,0,0,0,0,0,0,0,1,1,0,4,0,4,4,0,4,0,0,0,0,0,0,0,0,0,4,0,4,4,0,4,0,0,0,0,0,0,0,0,0,0,0,0,0,0,0,0,0,0,0,0,0,0,0,0,4,3,1
29,573,0115,613957,0000,000000,KARNATAKA,Mandya,VILLAGE,Somanahalli,Rural,53,270,134,136,25,14,11,7,2,5,0,0,0,136,74,62,134,60,74,174,90,84,105,82,23,85,74,11,20,8,12,0,0,0,0,0,0,69,8,61,1,0,1,68,8,60,0,0,0,0,0,0,69,8,61,1,0,1,68,8,60,0,0,0,0,0,0,0,0,0,0,0,0,0,0,0,0,0,0,0,0,0,96,44,52
29,573,0115,613958,0000,000000,KARNATAKA,Mandya,VILLAGE,G.Bommanahalli,Rural,197,1021,519,502,92,39,53,216,111,105,0,0,0,596,359,237,425,160,265,621,348,273,368,334,34,305,288,17,56,42,14,0,0,0,7,4,3,253,14,239,131,5,126,121,8,113,0,0,0,1,1,0,251,13,238,131,5,126,119,7,112,0,0,0,1,1,0,2,1,1,0,0,0,2,1,1,0,0,0,0,0,0,400,171,229
29,573,0115,613959,0000,000000,KARNATAKA,Mandya,VILLAGE,Mavinakere,Rural,89,497,255,242,55,35,20,28,17,11,137,67,70,298,175,123,199,80,119,292,149,143,108,105,3,98,95,3,10,10,0,0,0,0,0,0,0,184,44,140,65,2,63,119,42,77,0,0,0,0,0,0,183,43,140,65,2,63,118,41,77,0,0,0,0,0,0,1,1,0,0,0,0,1,1,0,0,0,0,0,0,0,205,106,99
29,573,0115,613960,0000,000000,KARNATAKA,Mandya,VILLAGE,Maddenahatti,Rural,135,525,235,290,47,19,28,67,31,36,0,0,0,264,142,122,261,93,168,314,159,155,292,155,137,183,117,66,94,33,61,1,1,0,14,4,10,22,4,18,11,0,11,1,0,1,2,2,0,8,2,6,22,4,18,11,0,11,1,0,1,2,2,0,8,2,6,0,0,0,0,0,0,0,0,0,0,0,0,0,0,0,211,76,135
29,573,0115,613961,0000,000000,KARNATAKA,Mandya,VILLAGE,Hanchipura,Rural,53,278,147,131,33,20,13,0,0,0,0,0,0,158,93,65,120,54,66,182,95,87,96,87,9,85,83,2,10,3,7,0,0,0,1,1,0,86,8,78,3,2,1,83,6,77,0,0,0,0,0,0,86,8,78,3,2,1,83,6,77,0,0,0,0,0,0,0,0,0,0,0,0,0,0,0,0,0,0,0,0,0,96,52,44
29,573,0115,613962,0000,000000,KARNATAKA,Mandya,VILLAGE,Muddanahalli,Rural,47,222,112,110,28,13,15,60,27,33,0,0,0,129,78,51,93,34,59,171,90,81,147,77,70,125,67,58,12,6,6,2,1,1,8,3,5,24,13,11,20,11,9,4,2,2,0,0,0,0,0,0,16,9,7,12,7,5,4,2,2,0,0,0,0,0,0,8,4,4,8,4,4,0,0,0,0,0,0,0,0,0,51,22,29
29,573,0115,613963,0000,000000,KARNATAKA,Mandya,VILLAGE,Matadabuvanahalli,Rural,49,190,94,96,8,5,3,20,10,10,0,0,0,114,68,46,76,26,50,166,85,81,134,70,64,128,68,60,2,0,2,2,1,1,2,1,1,32,15,17,30,15,15,0,0,0,1,0,1,1,0,1,19,10,9,18,10,8,0,0,0,1,0,1,0,0,0,13,5,8,12,5,7,0,0,0,0,0,0,1,0,1,24,9,15
29,573,0115,613964,0000,000000,KARNATAKA,Mandya,VILLAGE,S.Channapura,Rural,31,132,65,67,4,2,2,0,0,0,0,0,0,91,49,42,41,16,25,116,59,57,80,42,38,79,41,38,0,0,0,0,0,0,1,1,0,36,17,19,36,17,19,0,0,0,0,0,0,0,0,0,22,10,12,22,10,12,0,0,0,0,0,0,0,0,0,14,7,7,14,7,7,0,0,0,0,0,0,0,0,0,16,6,10
29,573,0115,613965,0000,000000,KARNATAKA,Mandya,VILLAGE,Bommanayakanahalli,Rural,99,626,302,324,74,37,37,49,23,26,0,0,0,438,236,202,188,66,122,421,216,205,213,181,32,135,134,1,59,29,30,7,7,0,12,11,1,208,35,173,31,5,26,134,19,115,4,0,4,39,11,28,208,35,173,31,5,26,134,19,115,4,0,4,39,11,28,0,0,0,0,0,0,0,0,0,0,0,0,0,0,0,205,86,119
29,573,0115,613966,0000,000000,KARNATAKA,Mandya,VILLAGE,Pura,Rural,0,0,0,0,0,0,0,0,0,0,0,0,0,0,0,0,0,0,0,0,0,0,0,0,0,0,0,0,0,0,0,0,0,0,0,0,0,0,0,0,0,0,0,0,0,0,0,0,0,0,0,0,0,0,0,0,0,0,0,0,0,0,0,0,0,0,0,0,0,0,0,0,0,0,0,0,0,0,0,0,0,0,0,0,0
29,573,0115,613967,0000,000000,KARNATAKA,Mandya,VILLAGE,Mallasandra,Rural,97,371,181,190,31,17,14,43,20,23,0,0,0,197,119,78,174,62,112,327,161,166,140,126,14,125,122,3,10,1,9,0,0,0,5,3,2,187,35,152,185,34,151,1,0,1,0,0,0,1,1,0,115,3,112,113,2,111,1,0,1,0,0,0,1,1,0,72,32,40,72,32,40,0,0,0,0,0,0,0,0,0,44,20,24
29,573,0115,613968,0000,000000,KARNATAKA,Mandya,VILLAGE,B.Shanboganahalli,Rural,28,123,63,60,11,6,5,0,0,0,0,0,0,58,36,22,65,27,38,93,52,41,37,37,0,37,37,0,0,0,0,0,0,0,0,0,0,56,15,41,56,15,41,0,0,0,0,0,0,0,0,0,36,0,36,36,0,36,0,0,0,0,0,0,0,0,0,20,15,5,20,15,5,0,0,0,0,0,0,0,0,0,30,11,19
29,573,0115,613969,0000,000000,KARNATAKA,Mandya,VILLAGE,Handenahalli,Rural,102,369,177,192,22,12,10,158,77,81,0,0,0,211,123,88,158,54,104,288,133,155,224,105,119,190,98,92,23,0,23,5,2,3,6,5,1,64,28,36,59,26,33,1,0,1,0,0,0,4,2,2,22,7,15,18,5,13,1,0,1,0,0,0,3,2,1,42,21,21,41,21,20,0,0,0,0,0,0,1,0,1,81,44,37
29,573,0115,613970,0000,000000,KARNATAKA,Mandya,VILLAGE,Thattekere,Rural,137,499,224,275,43,22,21,105,45,60,0,0,0,296,159,137,203,65,138,324,145,179,311,137,174,283,121,162,4,0,4,3,2,1,21,14,7,13,8,5,2,1,1,6,3,3,0,0,0,5,4,1,12,8,4,2,1,1,6,3,3,0,0,0,4,4,0,1,0,1,0,0,0,0,0,0,0,0,0,1,0,1,175,79,96
29,573,0115,613971,0000,000000,KARNATAKA,Mandya,VILLAGE,Sukadore,Rural,207,916,443,473,71,37,34,33,13,20,0,0,0,570,329,241,346,114,232,626,318,308,327,189,138,238,181,57,79,4,75,0,0,0,10,4,6,299,129,170,253,111,142,20,3,17,4,3,1,22,12,10,162,69,93,125,55,70,15,1,14,2,2,0,20,11,9,137,60,77,128,56,72,5,2,3,2,1,1,2,1,1,290,125,165
29,573,0115,613972,0000,000000,KARNATAKA,Mandya,VILLAGE,Maranayakanahalli,Rural,81,319,147,172,16,6,10,38,18,20,0,0,0,185,107,78,134,40,94,257,125,132,196,100,96,194,98,96,0,0,0,0,0,0,2,2,0,61,25,36,61,25,36,0,0,0,0,0,0,0,0,0,41,16,25,41,16,25,0,0,0,0,0,0,0,0,0,20,9,11,20,9,11,0,0,0,0,0,0,0,0,0,62,22,40
29,573,0115,613973,0000,000000,KARNATAKA,Mandya,VILLAGE,Kalligundi,Rural,83,331,158,173,23,9,14,56,26,30,0,0,0,211,125,86,120,33,87,203,101,102,189,92,97,185,89,96,0,0,0,2,2,0,2,1,1,14,9,5,3,2,1,0,0,0,4,3,1,7,4,3,6,4,2,3,2,1,0,0,0,0,0,0,3,2,1,8,5,3,0,0,0,0,0,0,4,3,1,4,2,2,128,57,71
29,573,0115,613974,0000,000000,KARNATAKA,Mandya,VILLAGE,Seegehosur,Rural,0,0,0,0,0,0,0,0,0,0,0,0,0,0,0,0,0,0,0,0,0,0,0,0,0,0,0,0,0,0,0,0,0,0,0,0,0,0,0,0,0,0,0,0,0,0,0,0,0,0,0,0,0,0,0,0,0,0,0,0,0,0,0,0,0,0,0,0,0,0,0,0,0,0,0,0,0,0,0,0,0,0,0,0,0
29,573,0115,613975,0000,000000,KARNATAKA,Mandya,VILLAGE,Tiruganahalli,Rural,160,667,321,346,57,22,35,39,20,19,3,1,2,412,251,161,255,70,185,390,205,185,389,205,184,369,188,181,3,1,2,0,0,0,17,16,1,1,0,1,1,0,1,0,0,0,0,0,0,0,0,0,1,0,1,1,0,1,0,0,0,0,0,0,0,0,0,0,0,0,0,0,0,0,0,0,0,0,0,0,0,0,277,116,161
29,573,0115,613976,0000,000000,KARNATAKA,Mandya,VILLAGE,Koravanagundi,Rural,59,295,160,135,30,18,12,58,31,27,0,0,0,166,110,56,129,50,79,196,101,95,92,84,8,80,78,2,1,1,0,0,0,0,11,5,6,104,17,87,101,16,85,0,0,0,0,0,0,3,1,2,72,7,65,69,6,63,0,0,0,0,0,0,3,1,2,32,10,22,32,10,22,0,0,0,0,0,0,0,0,0,99,59,40
29,573,0115,613977,0000,000000,KARNATAKA,Mandya,VILLAGE,Hindasahalli,Rural,88,387,200,187,43,21,22,92,49,43,0,0,0,211,134,77,176,66,110,291,150,141,115,113,2,112,111,1,0,0,0,0,0,0,3,2,1,176,37,139,167,33,134,6,1,5,0,0,0,3,3,0,138,19,119,130,16,114,6,1,5,0,0,0,2,2,0,38,18,20,37,17,20,0,0,0,0,0,0,1,1,0,96,50,46
29,573,0115,613978,0000,000000,KARNATAKA,Mandya,VILLAGE,Madahalli,Rural,91,365,164,201,41,19,22,70,37,33,3,1,2,169,92,77,196,72,124,199,97,102,166,93,73,153,86,67,6,4,2,0,0,0,7,3,4,33,4,29,16,2,14,12,2,10,1,0,1,4,0,4,28,4,24,14,2,12,10,2,8,1,0,1,3,0,3,5,0,5,2,0,2,2,0,2,0,0,0,1,0,1,166,67,99
29,573,0115,613979,0000,000000,KARNATAKA,Mandya,VILLAGE,Kallenahalli,Rural,65,269,138,131,13,8,5,18,11,7,2,0,2,172,106,66,97,32,65,163,87,76,152,84,68,135,76,59,8,3,5,0,0,0,9,5,4,11,3,8,10,3,7,1,0,1,0,0,0,0,0,0,10,3,7,9,3,6,1,0,1,0,0,0,0,0,0,1,0,1,1,0,1,0,0,0,0,0,0,0,0,0,106,51,55
29,573,0115,613980,0000,000000,KARNATAKA,Mandya,VILLAGE,Bogadi,Rural,137,532,264,268,44,17,27,43,25,18,28,13,15,293,188,105,239,76,163,372,186,186,173,162,11,129,123,6,20,16,4,5,5,0,19,18,1,199,24,175,29,9,20,170,15,155,0,0,0,0,0,0,192,19,173,26,6,20,166,13,153,0,0,0,0,0,0,7,5,2,3,3,0,4,2,2,0,0,0,0,0,0,160,78,82
29,573,0115,613981,0000,000000,KARNATAKA,Mandya,VILLAGE,Manchipatna,Rural,63,234,110,124,11,6,5,37,20,17,0,0,0,132,77,55,102,33,69,171,85,86,168,84,84,153,74,79,3,2,1,0,0,0,12,8,4,3,1,2,2,1,1,0,0,0,0,0,0,1,0,1,3,1,2,2,1,1,0,0,0,0,0,0,1,0,1,0,0,0,0,0,0,0,0,0,0,0,0,0,0,0,63,25,38
29,573,0115,613982,0000,000000,KARNATAKA,Mandya,VILLAGE,Karikyathanahalli,Rural,81,314,137,177,36,12,24,91,46,45,0,0,0,163,88,75,151,49,102,199,89,110,196,89,107,124,48,76,15,7,8,9,7,2,48,27,21,3,0,3,1,0,1,0,0,0,0,0,0,2,0,2,2,0,2,1,0,1,0,0,0,0,0,0,1,0,1,1,0,1,0,0,0,0,0,0,0,0,0,1,0,1,115,48,67
29,573,0115,613983,0000,000000,KARNATAKA,Mandya,VILLAGE,Ayitanahalli,Rural,38,163,77,86,13,7,6,36,23,13,0,0,0,123,63,60,40,14,26,92,45,47,74,41,33,69,40,29,4,1,3,0,0,0,1,0,1,18,4,14,5,1,4,6,1,5,1,1,0,6,1,5,6,0,6,0,0,0,5,0,5,0,0,0,1,0,1,12,4,8,5,1,4,1,1,0,1,1,0,5,1,4,71,32,39
29,573,0115,613984,0000,000000,KARNATAKA,Mandya,VILLAGE,Kalenahalli,Rural,78,291,134,157,19,12,7,7,4,3,0,0,0,141,78,63,150,56,94,167,85,82,159,81,78,139,73,66,16,7,9,0,0,0,4,1,3,8,4,4,6,2,4,0,0,0,0,0,0,2,2,0,6,3,3,4,1,3,0,0,0,0,0,0,2,2,0,2,1,1,2,1,1,0,0,0,0,0,0,0,0,0,124,49,75
29,573,0115,613985,0000,000000,KARNATAKA,Mandya,VILLAGE,Kanthapura,Rural,95,415,196,219,39,21,18,63,27,36,1,1,0,185,101,84,230,95,135,294,140,154,141,132,9,135,128,7,0,0,0,1,1,0,5,3,2,153,8,145,149,8,141,0,0,0,2,0,2,2,0,2,153,8,145,149,8,141,0,0,0,2,0,2,2,0,2,0,0,0,0,0,0,0,0,0,0,0,0,0,0,0,121,56,65
29,573,0115,613986,0000,000000,KARNATAKA,Mandya,VILLAGE,Gangasamudra,Rural,174,715,354,361,76,39,37,176,88,88,0,0,0,376,233,143,339,121,218,459,233,226,357,222,135,262,145,117,4,2,2,1,1,0,90,74,16,102,11,91,61,8,53,3,0,3,0,0,0,38,3,35,102,11,91,61,8,53,3,0,3,0,0,0,38,3,35,0,0,0,0,0,0,0,0,0,0,0,0,0,0,0,256,121,135
29,573,0115,613987,0000,000000,KARNATAKA,Mandya,VILLAGE,Gollarahalli,Rural,25,93,47,46,5,1,4,0,0,0,0,0,0,61,40,21,32,7,25,63,32,31,60,30,30,49,24,25,6,2,4,0,0,0,5,4,1,3,2,1,0,0,0,0,0,0,0,0,0,3,2,1,3,2,1,0,0,0,0,0,0,0,0,0,3,2,1,0,0,0,0,0,0,0,0,0,0,0,0,0,0,0,30,15,15
29,573,0115,613988,0000,000000,KARNATAKA,Mandya,VILLAGE,Deverahosur,Rural,46,181,98,83,31,22,9,136,75,61,0,0,0,78,46,32,103,52,51,130,67,63,120,63,57,24,10,14,0,0,0,0,0,0,96,53,43,10,4,6,1,0,1,0,0,0,0,0,0,9,4,5,10,4,6,1,0,1,0,0,0,0,0,0,9,4,5,0,0,0,0,0,0,0,0,0,0,0,0,0,0,0,51,31,20
29,573,0115,613989,0000,000000,KARNATAKA,Mandya,VILLAGE,Juttanahalli,Rural,110,497,242,255,30,17,13,76,37,39,0,0,0,263,146,117,234,96,138,303,158,145,286,158,128,245,141,104,6,2,4,11,5,6,24,10,14,17,0,17,17,0,17,0,0,0,0,0,0,0,0,0,17,0,17,17,0,17,0,0,0,0,0,0,0,0,0,0,0,0,0,0,0,0,0,0,0,0,0,0,0,0,194,84,110
29,573,0115,613990,0000,000000,KARNATAKA,Mandya,VILLAGE,Honnabettadahosur,Rural,49,235,120,115,26,13,13,0,0,0,0,0,0,109,70,39,126,50,76,140,74,66,137,74,63,118,65,53,4,2,2,0,0,0,15,7,8,3,0,3,3,0,3,0,0,0,0,0,0,0,0,0,3,0,3,3,0,3,0,0,0,0,0,0,0,0,0,0,0,0,0,0,0,0,0,0,0,0,0,0,0,0,95,46,49
29,573,0115,613991,0000,000000,KARNATAKA,Mandya,VILLAGE,Sirapatna,Rural,0,0,0,0,0,0,0,0,0,0,0,0,0,0,0,0,0,0,0,0,0,0,0,0,0,0,0,0,0,0,0,0,0,0,0,0,0,0,0,0,0,0,0,0,0,0,0,0,0,0,0,0,0,0,0,0,0,0,0,0,0,0,0,0,0,0,0,0,0,0,0,0,0,0,0,0,0,0,0,0,0,0,0,0,0
29,573,0115,613992,0000,000000,KARNATAKA,Mandya,VILLAGE,A.Sriramanahalli,Rural,122,468,237,231,44,28,16,43,20,23,40,16,24,293,164,129,175,73,102,250,160,90,243,157,86,87,67,20,48,13,35,26,14,12,82,63,19,7,3,4,2,1,1,3,1,2,0,0,0,2,1,1,7,3,4,2,1,1,3,1,2,0,0,0,2,1,1,0,0,0,0,0,0,0,0,0,0,0,0,0,0,0,218,77,141
29,573,0115,613993,0000,000000,KARNATAKA,Mandya,VILLAGE,Jodi Neralakere,Rural,128,581,308,273,50,23,27,63,43,20,0,0,0,358,234,124,223,74,149,468,257,211,376,207,169,337,174,163,3,3,0,0,0,0,36,30,6,92,50,42,80,41,39,0,0,0,0,0,0,12,9,3,30,12,18,24,8,16,0,0,0,0,0,0,6,4,2,62,38,24,56,33,23,0,0,0,0,0,0,6,5,1,113,51,62
29,573,0115,613994,0000,000000,KARNATAKA,Mandya,VILLAGE,Kalludevanahalli,Rural,271,1035,499,536,69,33,36,39,17,22,0,0,0,589,349,240,446,150,296,627,329,298,445,289,156,380,245,135,24,11,13,0,0,0,41,33,8,182,40,142,151,30,121,24,6,18,1,0,1,6,4,2,173,37,136,144,27,117,22,6,16,1,0,1,6,4,2,9,3,6,7,3,4,2,0,2,0,0,0,0,0,0,408,170,238
29,573,0115,613995,0000,000000,KARNATAKA,Mandya,VILLAGE,Madahallikaval,Rural,0,0,0,0,0,0,0,0,0,0,0,0,0,0,0,0,0,0,0,0,0,0,0,0,0,0,0,0,0,0,0,0,0,0,0,0,0,0,0,0,0,0,0,0,0,0,0,0,0,0,0,0,0,0,0,0,0,0,0,0,0,0,0,0,0,0,0,0,0,0,0,0,0,0,0,0,0,0,0,0,0,0,0,0,0
29,573,0115,613996,0000,000000,KARNATAKA,Mandya,VILLAGE,Doddayagati,Rural,176,781,401,380,67,33,34,253,134,119,0,0,0,432,254,178,349,147,202,599,318,281,492,262,230,451,238,213,33,18,15,0,0,0,8,6,2,107,56,51,96,49,47,8,6,2,0,0,0,3,1,2,48,28,20,42,24,18,3,3,0,0,0,0,3,1,2,59,28,31,54,25,29,5,3,2,0,0,0,0,0,0,182,83,99
29,573,0115,613997,0000,000000,KARNATAKA,Mandya,VILLAGE,Chikkayagati,Rural,83,358,185,173,24,12,12,16,9,7,0,0,0,214,128,86,144,57,87,226,117,109,99,87,12,90,79,11,7,6,1,0,0,0,2,2,0,127,30,97,31,24,7,88,3,85,5,1,4,3,2,1,125,30,95,31,24,7,88,3,85,3,1,2,3,2,1,2,0,2,0,0,0,0,0,0,2,0,2,0,0,0,132,68,64
29,573,0115,613998,0000,000000,KARNATAKA,Mandya,VILLAGE,Lingammanahalli,Rural,45,193,108,85,21,15,6,183,104,79,0,0,0,123,81,42,70,27,43,112,76,36,96,72,24,14,7,7,4,0,4,0,0,0,78,65,13,16,4,12,15,4,11,1,0,1,0,0,0,0,0,0,0,0,0,0,0,0,0,0,0,0,0,0,0,0,0,16,4,12,15,4,11,1,0,1,0,0,0,0,0,0,81,32,49
29,573,0115,613999,0000,000000,KARNATAKA,Mandya,VILLAGE,Mannahalli,Rural,234,1048,536,512,88,48,40,73,33,40,1,1,0,530,316,214,518,220,298,755,391,364,353,334,19,338,320,18,10,10,0,1,1,0,4,3,1,402,57,345,275,48,227,124,8,116,0,0,0,3,1,2,372,47,325,245,38,207,124,8,116,0,0,0,3,1,2,30,10,20,30,10,20,0,0,0,0,0,0,0,0,0,293,145,148
29,573,0115,614000,0000,000000,KARNATAKA,Mandya,VILLAGE,Burudugunte,Rural,97,383,182,201,31,15,16,23,9,14,0,0,0,155,90,65,228,92,136,259,122,137,252,118,134,197,97,100,48,17,31,0,0,0,7,4,3,7,4,3,7,4,3,0,0,0,0,0,0,0,0,0,7,4,3,7,4,3,0,0,0,0,0,0,0,0,0,0,0,0,0,0,0,0,0,0,0,0,0,0,0,0,124,60,64
29,573,0115,614001,0000,000000,KARNATAKA,Mandya,VILLAGE,Arealpahalli,Rural,53,254,126,128,26,15,11,0,0,0,0,0,0,104,57,47,150,69,81,159,81,78,155,80,75,143,75,68,2,2,0,2,0,2,8,3,5,4,1,3,2,0,2,0,0,0,0,0,0,2,1,1,3,0,3,2,0,2,0,0,0,0,0,0,1,0,1,1,1,0,0,0,0,0,0,0,0,0,0,1,1,0,95,45,50
29,573,0115,614002,0000,000000,KARNATAKA,Mandya,VILLAGE,B. Settihalli,Rural,101,407,193,214,33,17,16,112,59,53,0,0,0,215,124,91,192,69,123,248,135,113,241,128,113,174,90,84,41,20,21,0,0,0,26,18,8,7,7,0,4,4,0,0,0,0,0,0,0,3,3,0,5,5,0,2,2,0,0,0,0,0,0,0,3,3,0,2,2,0,2,2,0,0,0,0,0,0,0,0,0,0,159,58,101
29,573,0115,614003,0000,000000,KARNATAKA,Mandya,VILLAGE,Konanur,Rural,163,680,329,351,56,27,29,48,20,28,4,1,3,405,240,165,275,89,186,467,243,224,425,227,198,383,198,185,6,3,3,0,0,0,36,26,10,42,16,26,32,9,23,0,0,0,0,0,0,10,7,3,25,9,16,19,5,14,0,0,0,0,0,0,6,4,2,17,7,10,13,4,9,0,0,0,0,0,0,4,3,1,213,86,127
29,573,0115,614004,0000,000000,KARNATAKA,Mandya,VILLAGE,Chottakyatanahalli,Rural,60,216,104,112,14,9,5,0,0,0,0,0,0,105,63,42,111,41,70,132,71,61,129,70,59,116,66,50,11,4,7,0,0,0,2,0,2,3,1,2,2,1,1,0,0,0,0,0,0,1,0,1,2,1,1,1,1,0,0,0,0,0,0,0,1,0,1,1,0,1,1,0,1,0,0,0,0,0,0,0,0,0,84,33,51
29,573,0115,614005,0000,000000,KARNATAKA,Mandya,VILLAGE,Ijjalagatta,Rural,197,970,505,465,110,65,45,173,90,83,0,0,0,541,314,227,429,191,238,467,321,146,352,293,59,277,234,43,13,4,9,0,0,0,62,55,7,115,28,87,103,20,83,9,5,4,0,0,0,3,3,0,80,19,61,72,14,58,8,5,3,0,0,0,0,0,0,35,9,26,31,6,25,1,0,1,0,0,0,3,3,0,503,184,319
29,573,0115,614006,0000,000000,KARNATAKA,Mandya,VILLAGE,Kuppahalli,Rural,67,294,140,154,30,17,13,110,52,58,0,0,0,159,90,69,135,50,85,176,93,83,176,93,83,161,88,73,7,0,7,0,0,0,8,5,3,0,0,0,0,0,0,0,0,0,0,0,0,0,0,0,0,0,0,0,0,0,0,0,0,0,0,0,0,0,0,0,0,0,0,0,0,0,0,0,0,0,0,0,0,0,118,47,71
29,573,0115,614007,0000,000000,KARNATAKA,Mandya,VILLAGE,Gejjehosahalli,Rural,73,261,131,130,9,5,4,35,19,16,0,0,0,123,79,44,138,52,86,161,88,73,158,87,71,133,73,60,8,2,6,0,0,0,17,12,5,3,1,2,3,1,2,0,0,0,0,0,0,0,0,0,3,1,2,3,1,2,0,0,0,0,0,0,0,0,0,0,0,0,0,0,0,0,0,0,0,0,0,0,0,0,100,43,57
29,573,0115,614008,0000,000000,KARNATAKA,Mandya,VILLAGE,Uyanahalli,Rural,55,234,99,135,14,7,7,41,17,24,0,0,0,135,68,67,99,31,68,147,67,80,143,67,76,129,60,69,0,0,0,0,0,0,14,7,7,4,0,4,2,0,2,0,0,0,0,0,0,2,0,2,4,0,4,2,0,2,0,0,0,0,0,0,2,0,2,0,0,0,0,0,0,0,0,0,0,0,0,0,0,0,87,32,55
29,573,0115,614009,0000,000000,KARNATAKA,Mandya,VILLAGE,B.Sriramanahalli,Rural,113,536,270,266,74,37,37,340,172,168,0,0,0,247,141,106,289,129,160,357,191,166,288,154,134,166,131,35,115,18,97,0,0,0,7,5,2,69,37,32,4,2,2,0,0,0,2,1,1,63,34,29,67,37,30,2,2,0,0,0,0,2,1,1,63,34,29,2,0,2,2,0,2,0,0,0,0,0,0,0,0,0,179,79,100
29,573,0115,614010,0000,000000,KARNATAKA,Mandya,VILLAGE,Balenahalli,Rural,15,66,31,35,9,5,4,0,0,0,0,0,0,35,19,16,31,12,19,46,23,23,41,21,20,40,21,19,1,0,1,0,0,0,0,0,0,5,2,3,3,1,2,1,0,1,0,0,0,1,1,0,3,2,1,1,1,0,1,0,1,0,0,0,1,1,0,2,0,2,2,0,2,0,0,0,0,0,0,0,0,0,20,8,12
29,573,0115,614011,0000,000000,KARNATAKA,Mandya,VILLAGE,Jodi Alpahalli,Rural,229,870,401,469,66,28,38,80,35,45,7,5,2,419,226,193,451,175,276,549,276,273,539,273,266,493,243,250,9,3,6,0,0,0,37,27,10,10,3,7,10,3,7,0,0,0,0,0,0,0,0,0,9,3,6,9,3,6,0,0,0,0,0,0,0,0,0,1,0,1,1,0,1,0,0,0,0,0,0,0,0,0,321,125,196
29,573,0115,614012,0000,000000,KARNATAKA,Mandya,VILLAGE,Kanagonahalli,Rural,56,240,116,124,21,7,14,0,0,0,3,2,1,103,63,40,137,53,84,154,81,73,154,81,73,152,80,72,0,0,0,0,0,0,2,1,1,0,0,0,0,0,0,0,0,0,0,0,0,0,0,0,0,0,0,0,0,0,0,0,0,0,0,0,0,0,0,0,0,0,0,0,0,0,0,0,0,0,0,0,0,0,86,35,51
29,573,0115,614013,0000,000000,KARNATAKA,Mandya,VILLAGE,Kemmanahalli,Rural,62,285,131,154,20,9,11,117,59,58,0,0,0,157,87,70,128,44,84,191,91,100,189,90,99,184,88,96,0,0,0,0,0,0,5,2,3,2,1,1,2,1,1,0,0,0,0,0,0,0,0,0,2,1,1,2,1,1,0,0,0,0,0,0,0,0,0,0,0,0,0,0,0,0,0,0,0,0,0,0,0,0,94,40,54
29,573,0115,614014,0000,000000,KARNATAKA,Mandya,VILLAGE,Ganganahalli,Rural,158,897,454,443,90,52,38,109,59,50,9,5,4,515,310,205,382,144,238,624,306,318,605,300,305,595,296,299,3,2,1,1,0,1,6,2,4,19,6,13,5,1,4,8,1,7,0,0,0,6,4,2,3,2,1,1,1,0,2,1,1,0,0,0,0,0,0,16,4,12,4,0,4,6,0,6,0,0,0,6,4,2,273,148,125
29,573,0115,614015,0000,000000,KARNATAKA,Mandya,VILLAGE,Vaddarahalli,Rural,119,447,232,215,43,24,19,30,15,15,0,0,0,237,154,83,210,78,132,273,144,129,271,142,129,269,142,127,0,0,0,0,0,0,2,0,2,2,2,0,1,1,0,0,0,0,0,0,0,1,1,0,2,2,0,1,1,0,0,0,0,0,0,0,1,1,0,0,0,0,0,0,0,0,0,0,0,0,0,0,0,0,174,88,86
29,573,0115,614016,0000,000000,KARNATAKA,Mandya,VILLAGE,A. Shanboganahalli,Rural,49,199,101,98,25,16,9,5,3,2,0,0,0,91,51,40,108,50,58,95,54,41,91,50,41,85,48,37,3,1,2,0,0,0,3,1,2,4,4,0,4,4,0,0,0,0,0,0,0,0,0,0,4,4,0,4,4,0,0,0,0,0,0,0,0,0,0,0,0,0,0,0,0,0,0,0,0,0,0,0,0,0,104,47,57
29,573,0115,614017,0000,000000,KARNATAKA,Mandya,VILLAGE,Maradipura,Rural,26,109,57,52,9,5,4,0,0,0,0,0,0,66,42,24,43,15,28,70,36,34,40,35,5,40,35,5,0,0,0,0,0,0,0,0,0,30,1,29,30,1,29,0,0,0,0,0,0,0,0,0,30,1,29,30,1,29,0,0,0,0,0,0,0,0,0,0,0,0,0,0,0,0,0,0,0,0,0,0,0,0,39,21,18
29,573,0115,614018,0000,000000,KARNATAKA,Mandya,VILLAGE,Bramhadevarahalli,Rural,129,561,287,274,43,22,21,79,42,37,0,0,0,356,209,147,205,78,127,338,195,143,262,189,73,157,115,42,37,16,21,0,0,0,68,58,10,76,6,70,62,1,61,13,4,9,0,0,0,1,1,0,72,3,69,62,1,61,9,1,8,0,0,0,1,1,0,4,3,1,0,0,0,4,3,1,0,0,0,0,0,0,223,92,131
29,573,0115,614019,0000,000000,KARNATAKA,Mandya,VILLAGE,Chagatahalli,Rural,56,256,135,121,34,20,14,7,4,3,0,0,0,149,95,54,107,40,67,160,89,71,148,80,68,136,71,65,5,3,2,0,0,0,7,6,1,12,9,3,10,7,3,2,2,0,0,0,0,0,0,0,0,0,0,0,0,0,0,0,0,0,0,0,0,0,0,12,9,3,10,7,3,2,2,0,0,0,0,0,0,0,96,46,50
29,573,0115,614020,0000,000000,KARNATAKA,Mandya,VILLAGE,Hettagonahalli,Rural,104,433,204,229,33,19,14,33,15,18,0,0,0,255,142,113,178,62,116,264,123,141,248,117,131,244,115,129,1,0,1,0,0,0,3,2,1,16,6,10,14,5,9,1,1,0,0,0,0,1,0,1,1,0,1,1,0,1,0,0,0,0,0,0,0,0,0,15,6,9,13,5,8,1,1,0,0,0,0,1,0,1,169,81,88
29,573,0115,614021,0000,000000,KARNATAKA,Mandya,VILLAGE,Huraliganganahalli,Rural,91,389,189,200,28,11,17,50,20,30,0,0,0,218,125,93,171,64,107,241,126,115,212,110,102,195,101,94,4,1,3,1,1,0,12,7,5,29,16,13,19,9,10,0,0,0,0,0,0,10,7,3,16,9,7,14,8,6,0,0,0,0,0,0,2,1,1,13,7,6,5,1,4,0,0,0,0,0,0,8,6,2,148,63,85
29,573,0115,614022,0000,000000,KARNATAKA,Mandya,VILLAGE,Tenginabaga,Rural,205,873,427,446,86,41,45,70,34,36,0,0,0,345,209,136,528,218,310,546,282,264,527,277,250,525,275,250,0,0,0,0,0,0,2,2,0,19,5,14,0,0,0,0,0,0,3,1,2,16,4,12,4,1,3,0,0,0,0,0,0,1,0,1,3,1,2,15,4,11,0,0,0,0,0,0,2,1,1,13,3,10,327,145,182
29,573,0115,614023,0000,000000,KARNATAKA,Mandya,VILLAGE,T.Channapura,Rural,298,1408,687,721,183,91,92,54,24,30,11,5,6,552,350,202,856,337,519,550,412,138,471,381,90,374,302,72,9,7,2,4,4,0,84,68,16,79,31,48,19,3,16,16,1,15,5,2,3,39,25,14,54,24,30,15,3,12,12,1,11,4,2,2,23,18,5,25,7,18,4,0,4,4,0,4,1,0,1,16,7,9,858,275,583
29,573,0115,614024,0000,000000,KARNATAKA,Mandya,VILLAGE,Gangavadi,Rural,315,1250,610,640,135,65,70,126,64,62,1,0,1,561,328,233,689,282,407,748,392,356,567,343,224,427,264,163,77,30,47,5,4,1,58,45,13,181,49,132,143,30,113,31,13,18,0,0,0,7,6,1,85,26,59,60,12,48,19,9,10,0,0,0,6,5,1,96,23,73,83,18,65,12,4,8,0,0,0,1,1,0,502,218,284
29,573,0115,614025,0000,000000,KARNATAKA,Mandya,VILLAGE,Koppa,Rural,62,241,119,122,18,7,11,0,0,0,0,0,0,98,62,36,143,57,86,128,74,54,128,74,54,83,56,27,33,11,22,0,0,0,12,7,5,0,0,0,0,0,0,0,0,0,0,0,0,0,0,0,0,0,0,0,0,0,0,0,0,0,0,0,0,0,0,0,0,0,0,0,0,0,0,0,0,0,0,0,0,0,113,45,68
29,573,0115,614026,0000,000000,KARNATAKA,Mandya,VILLAGE,Kavadihalli,Rural,101,433,218,215,32,19,13,69,31,38,0,0,0,250,147,103,183,71,112,261,146,115,251,142,109,221,128,93,11,2,9,0,0,0,19,12,7,10,4,6,3,0,3,0,0,0,0,0,0,7,4,3,10,4,6,3,0,3,0,0,0,0,0,0,7,4,3,0,0,0,0,0,0,0,0,0,0,0,0,0,0,0,172,72,100
29,573,0115,614027,0000,000000,KARNATAKA,Mandya,VILLAGE,Mallegowdanahalli,Rural,79,300,149,151,13,11,2,2,1,1,7,3,4,156,84,72,144,65,79,226,112,114,221,108,113,214,104,110,4,2,2,0,0,0,3,2,1,5,4,1,3,2,1,1,1,0,0,0,0,1,1,0,1,1,0,0,0,0,1,1,0,0,0,0,0,0,0,4,3,1,3,2,1,0,0,0,0,0,0,1,1,0,74,37,37
29,573,0115,614028,0000,000000,KARNATAKA,Mandya,VILLAGE,Samakahalli,Rural,212,860,436,424,78,44,34,55,30,25,1,0,1,507,302,205,353,134,219,525,288,237,491,272,219,435,235,200,25,15,10,0,0,0,31,22,9,34,16,18,13,7,6,21,9,12,0,0,0,0,0,0,3,3,0,3,3,0,0,0,0,0,0,0,0,0,0,31,13,18,10,4,6,21,9,12,0,0,0,0,0,0,335,148,187
29,573,0115,614029,0000,000000,KARNATAKA,Mandya,VILLAGE,Guddenahalli,Rural,55,238,118,120,25,10,15,0,0,0,0,0,0,131,80,51,107,38,69,94,76,18,87,74,13,78,68,10,0,0,0,3,1,2,6,5,1,7,2,5,6,2,4,0,0,0,1,0,1,0,0,0,6,2,4,5,2,3,0,0,0,1,0,1,0,0,0,1,0,1,1,0,1,0,0,0,0,0,0,0,0,0,144,42,102
29,573,0115,614030,0000,000000,KARNATAKA,Mandya,VILLAGE,Somanahalli,Rural,17,279,153,126,7,3,4,55,25,30,4,4,0,253,144,109,26,9,17,28,20,8,23,17,6,13,11,2,4,3,1,1,0,1,5,3,2,5,3,2,1,0,1,0,0,0,0,0,0,4,3,1,4,3,1,0,0,0,0,0,0,0,0,0,4,3,1,1,0,1,1,0,1,0,0,0,0,0,0,0,0,0,251,133,118
29,573,0115,614031,0000,000000,KARNATAKA,Mandya,VILLAGE,J.Hosur,Rural,45,198,103,95,16,10,6,0,0,0,0,0,0,101,62,39,97,41,56,78,67,11,78,67,11,75,65,10,0,0,0,0,0,0,3,2,1,0,0,0,0,0,0,0,0,0,0,0,0,0,0,0,0,0,0,0,0,0,0,0,0,0,0,0,0,0,0,0,0,0,0,0,0,0,0,0,0,0,0,0,0,0,120,36,84
29,573,0115,614032,0000,000000,KARNATAKA,Mandya,VILLAGE,Honnahalli,Rural,48,213,114,99,19,12,7,38,22,16,0,0,0,104,72,32,109,42,67,80,74,6,78,73,5,72,68,4,1,1,0,0,0,0,5,4,1,2,1,1,0,0,0,1,0,1,0,0,0,1,1,0,2,1,1,0,0,0,1,0,1,0,0,0,1,1,0,0,0,0,0,0,0,0,0,0,0,0,0,0,0,0,133,40,93
29,573,0115,614033,0000,000000,KARNATAKA,Mandya,VILLAGE,Advikatte,Rural,47,171,79,92,18,10,8,0,0,0,0,0,0,82,48,34,89,31,58,112,52,60,51,47,4,41,40,1,6,3,3,0,0,0,4,4,0,61,5,56,54,5,49,7,0,7,0,0,0,0,0,0,61,5,56,54,5,49,7,0,7,0,0,0,0,0,0,0,0,0,0,0,0,0,0,0,0,0,0,0,0,0,59,27,32
29,573,0115,614034,0000,000000,KARNATAKA,Mandya,VILLAGE,Chinya,Rural,547,2070,1066,1004,197,104,93,177,88,89,5,3,2,1340,785,555,730,281,449,977,647,330,827,569,258,432,296,136,116,60,56,14,7,7,265,206,59,150,78,72,20,8,12,13,0,13,5,2,3,112,68,44,147,75,72,20,8,12,13,0,13,4,1,3,110,66,44,3,3,0,0,0,0,0,0,0,1,1,0,2,2,0,1093,419,674
29,573,0115,614035,0000,000000,KARNATAKA,Mandya,VILLAGE,Honakere,Rural,140,516,264,252,45,28,17,75,44,31,21,10,11,328,197,131,188,67,121,313,167,146,135,112,23,77,68,9,16,12,4,0,0,0,42,32,10,178,55,123,88,23,65,57,7,50,0,0,0,33,25,8,159,46,113,86,21,65,46,5,41,0,0,0,27,20,7,19,9,10,2,2,0,11,2,9,0,0,0,6,5,1,203,97,106
29,573,0115,614036,0000,000000,KARNATAKA,Mandya,VILLAGE,Honakere Kavalu,Rural,0,0,0,0,0,0,0,0,0,0,0,0,0,0,0,0,0,0,0,0,0,0,0,0,0,0,0,0,0,0,0,0,0,0,0,0,0,0,0,0,0,0,0,0,0,0,0,0,0,0,0,0,0,0,0,0,0,0,0,0,0,0,0,0,0,0,0,0,0,0,0,0,0,0,0,0,0,0,0,0,0,0,0,0,0
29,573,0115,614037,0000,000000,KARNATAKA,Mandya,VILLAGE,Busamudra,Rural,170,780,413,367,74,43,31,127,68,59,0,0,0,473,282,191,307,131,176,544,285,259,283,267,16,224,219,5,25,19,6,0,0,0,34,29,5,261,18,243,5,5,0,3,0,3,1,0,1,252,13,239,27,15,12,4,4,0,0,0,0,0,0,0,23,11,12,234,3,231,1,1,0,3,0,3,1,0,1,229,2,227,236,128,108
29,573,0115,614038,0000,000000,KARNATAKA,Mandya,VILLAGE,Sreeraghurampura,Rural,173,645,296,349,55,25,30,64,31,33,0,0,0,386,215,171,259,81,178,369,187,182,214,165,49,158,145,13,45,15,30,0,0,0,11,5,6,155,22,133,139,20,119,15,1,14,0,0,0,1,1,0,97,6,91,84,5,79,12,0,12,0,0,0,1,1,0,58,16,42,55,15,40,3,1,2,0,0,0,0,0,0,276,109,167
29,573,0115,614039,0000,000000,KARNATAKA,Mandya,VILLAGE,Gotakahalli,Rural,68,264,123,141,19,5,14,0,0,0,0,0,0,141,88,53,123,35,88,174,85,89,86,73,13,78,69,9,2,0,2,0,0,0,6,4,2,88,12,76,87,12,75,1,0,1,0,0,0,0,0,0,87,11,76,86,11,75,1,0,1,0,0,0,0,0,0,1,1,0,1,1,0,0,0,0,0,0,0,0,0,0,90,38,52
29,573,0115,614040,0000,000000,KARNATAKA,Mandya,VILLAGE,Karadya,Rural,116,464,252,212,39,30,9,147,76,71,0,0,0,258,159,99,206,93,113,260,146,114,180,135,45,92,75,17,49,29,20,0,0,0,39,31,8,80,11,69,62,6,56,10,3,7,0,0,0,8,2,6,78,10,68,60,5,55,10,3,7,0,0,0,8,2,6,2,1,1,2,1,1,0,0,0,0,0,0,0,0,0,204,106,98
29,573,0115,614041,0000,000000,KARNATAKA,Mandya,VILLAGE,Gudehosahalli,Rural,73,300,147,153,18,7,11,0,0,0,0,0,0,191,115,76,109,32,77,200,100,100,112,98,14,64,62,2,18,9,9,1,1,0,29,26,3,88,2,86,21,0,21,60,1,59,0,0,0,7,1,6,88,2,86,21,0,21,60,1,59,0,0,0,7,1,6,0,0,0,0,0,0,0,0,0,0,0,0,0,0,0,100,47,53
29,573,0115,614042,0000,000000,KARNATAKA,Mandya,VILLAGE,Chowdagonahalli,Rural,86,392,193,199,43,20,23,80,40,40,0,0,0,222,127,95,170,66,104,247,137,110,153,135,18,111,105,6,10,2,8,7,7,0,25,21,4,94,2,92,52,0,52,33,1,32,1,0,1,8,1,7,94,2,92,52,0,52,33,1,32,1,0,1,8,1,7,0,0,0,0,0,0,0,0,0,0,0,0,0,0,0,145,56,89
29,573,0115,614043,0000,000000,KARNATAKA,Mandya,VILLAGE,Machalagatta,Rural,39,191,98,93,16,8,8,0,0,0,0,0,0,122,67,55,69,31,38,115,62,53,61,58,3,28,25,3,6,6,0,0,0,0,27,27,0,54,4,50,25,1,24,20,0,20,0,0,0,9,3,6,54,4,50,25,1,24,20,0,20,0,0,0,9,3,6,0,0,0,0,0,0,0,0,0,0,0,0,0,0,0,76,36,40
29,573,0116,000000,0000,000000,KARNATAKA,Mandya,CD BLOCK,Pandavapura ,Total,38422,162953,81866,81087,15668,8109,7559,20407,10104,10303,2608,1298,1310,96880,55023,41857,66073,26843,39230,83437,53461,29976,73076,49847,23229,44446,32407,12039,15174,7655,7519,1153,727,426,12303,9058,3245,10361,3614,6747,2868,820,2048,4728,1311,3417,265,140,125,2500,1343,1157,9688,3383,6305,2719,766,1953,4463,1263,3200,218,113,105,2288,1241,1047,673,231,442,149,54,95,265,48,217,47,27,20,212,102,110,79516,28405,51111
29,573,0116,000000,0000,000000,KARNATAKA,Mandya,CD BLOCK,Pandavapura ,Rural,38422,162953,81866,81087,15668,8109,7559,20407,10104,10303,2608,1298,1310,96880,55023,41857,66073,26843,39230,83437,53461,29976,73076,49847,23229,44446,32407,12039,15174,7655,7519,1153,727,426,12303,9058,3245,10361,3614,6747,2868,820,2048,4728,1311,3417,265,140,125,2500,1343,1157,9688,3383,6305,2719,766,1953,4463,1263,3200,218,113,105,2288,1241,1047,673,231,442,149,54,95,265,48,217,47,27,20,212,102,110,79516,28405,51111
29,573,0116,000000,0000,000000,KARNATAKA,Mandya,CD BLOCK,Pandavapura ,Urban,0,0,0,0,0,0,0,0,0,0,0,0,0,0,0,0,0,0,0,0,0,0,0,0,0,0,0,0,0,0,0,0,0,0,0,0,0,0,0,0,0,0,0,0,0,0,0,0,0,0,0,0,0,0,0,0,0,0,0,0,0,0,0,0,0,0,0,0,0,0,0,0,0,0,0,0,0,0,0,0,0,0,0,0,0
29,573,0116,614044,0000,000000,KARNATAKA,Mandya,VILLAGE,G. Singapura,Rural,32,161,84,77,17,10,7,0,0,0,0,0,0,102,64,38,59,20,39,110,61,49,107,60,47,103,57,46,2,1,1,0,0,0,2,2,0,3,1,2,3,1,2,0,0,0,0,0,0,0,0,0,2,1,1,2,1,1,0,0,0,0,0,0,0,0,0,1,0,1,1,0,1,0,0,0,0,0,0,0,0,0,51,23,28
29,573,0116,614045,0000,000000,KARNATAKA,Mandya,VILLAGE,Gujagonahalli,Rural,38,182,94,88,14,8,6,56,26,30,0,0,0,104,70,34,78,24,54,125,67,58,122,67,55,115,65,50,0,0,0,0,0,0,7,2,5,3,0,3,1,0,1,1,0,1,0,0,0,1,0,1,2,0,2,1,0,1,0,0,0,0,0,0,1,0,1,1,0,1,0,0,0,1,0,1,0,0,0,0,0,0,57,27,30
29,573,0116,614046,0000,000000,KARNATAKA,Mandya,VILLAGE,Talekere,Rural,120,561,298,263,73,45,28,322,172,150,0,0,0,315,190,125,246,108,138,318,173,145,305,172,133,205,114,91,22,6,16,0,0,0,78,52,26,13,1,12,4,1,3,0,0,0,0,0,0,9,0,9,13,1,12,4,1,3,0,0,0,0,0,0,9,0,9,0,0,0,0,0,0,0,0,0,0,0,0,0,0,0,243,125,118
29,573,0116,614047,0000,000000,KARNATAKA,Mandya,VILLAGE,Pagade Kallahalli,Rural,50,220,104,116,18,8,10,54,23,31,0,0,0,138,78,60,82,26,56,142,69,73,140,67,73,131,62,69,0,0,0,1,0,1,8,5,3,2,2,0,1,1,0,0,0,0,1,1,0,0,0,0,1,1,0,1,1,0,0,0,0,0,0,0,0,0,0,1,1,0,0,0,0,0,0,0,1,1,0,0,0,0,78,35,43
29,573,0116,614048,0000,000000,KARNATAKA,Mandya,VILLAGE,Ramapura,Rural,62,225,109,116,17,9,8,87,44,43,0,0,0,138,79,59,87,30,57,123,68,55,122,67,55,112,60,52,1,1,0,3,2,1,6,4,2,1,1,0,1,1,0,0,0,0,0,0,0,0,0,0,1,1,0,1,1,0,0,0,0,0,0,0,0,0,0,0,0,0,0,0,0,0,0,0,0,0,0,0,0,0,102,41,61
29,573,0116,614049,0000,000000,KARNATAKA,Mandya,VILLAGE,B.Kodagahalli,Rural,62,256,130,126,19,12,7,0,0,0,0,0,0,168,95,73,88,35,53,105,81,24,104,81,23,86,67,19,2,1,1,2,1,1,14,12,2,1,0,1,0,0,0,0,0,0,0,0,0,1,0,1,1,0,1,0,0,0,0,0,0,0,0,0,1,0,1,0,0,0,0,0,0,0,0,0,0,0,0,0,0,0,151,49,102
29,573,0116,614050,0000,000000,KARNATAKA,Mandya,VILLAGE,Balaghatta,Rural,251,1074,536,538,99,51,48,243,120,123,0,0,0,637,375,262,437,161,276,711,362,349,508,302,206,193,168,25,276,104,172,0,0,0,39,30,9,203,60,143,37,8,29,107,33,74,1,1,0,58,18,40,200,58,142,37,8,29,104,31,73,1,1,0,58,18,40,3,2,1,0,0,0,3,2,1,0,0,0,0,0,0,363,174,189
29,573,0116,614051,0000,000000,KARNATAKA,Mandya,VILLAGE,Naranapura,Rural,70,293,155,138,21,11,10,8,6,2,0,0,0,165,106,59,128,49,79,184,102,82,182,101,81,182,101,81,0,0,0,0,0,0,0,0,0,2,1,1,0,0,0,2,1,1,0,0,0,0,0,0,2,1,1,0,0,0,2,1,1,0,0,0,0,0,0,0,0,0,0,0,0,0,0,0,0,0,0,0,0,0,109,53,56
29,573,0116,614052,0000,000000,KARNATAKA,Mandya,VILLAGE,Madenahalli,Rural,35,154,83,71,12,10,2,0,0,0,0,0,0,83,45,38,71,38,33,98,51,47,97,51,46,97,51,46,0,0,0,0,0,0,0,0,0,1,0,1,0,0,0,0,0,0,0,0,0,1,0,1,1,0,1,0,0,0,0,0,0,0,0,0,1,0,1,0,0,0,0,0,0,0,0,0,0,0,0,0,0,0,56,32,24
29,573,0116,614053,0000,000000,KARNATAKA,Mandya,VILLAGE,Melukote,Rural,767,3315,1652,1663,263,124,139,320,157,163,44,22,22,2477,1365,1112,838,287,551,1381,932,449,1344,920,424,515,310,205,29,17,12,52,35,17,748,558,190,37,12,25,9,1,8,6,2,4,1,0,1,21,9,12,35,12,23,9,1,8,4,2,2,1,0,1,21,9,12,2,0,2,0,0,0,2,0,2,0,0,0,0,0,0,1934,720,1214
29,573,0116,614054,0000,000000,KARNATAKA,Mandya,VILLAGE,Kanagonahalli,Rural,119,505,244,261,41,24,17,52,24,28,0,0,0,251,145,106,254,99,155,294,144,150,235,115,120,207,100,107,8,3,5,0,0,0,20,12,8,59,29,30,3,2,1,7,7,0,6,6,0,43,14,29,13,10,3,1,1,0,1,1,0,3,3,0,8,5,3,46,19,27,2,1,1,6,6,0,3,3,0,35,9,26,211,100,111
29,573,0116,614055,0000,000000,KARNATAKA,Mandya,VILLAGE,Garudapura,Rural,49,207,104,103,13,4,9,5,2,3,0,0,0,113,65,48,94,39,55,131,66,65,106,66,40,69,64,5,37,2,35,0,0,0,0,0,0,25,0,25,0,0,0,24,0,24,0,0,0,1,0,1,25,0,25,0,0,0,24,0,24,0,0,0,1,0,1,0,0,0,0,0,0,0,0,0,0,0,0,0,0,0,76,38,38
29,573,0116,614056,0000,000000,KARNATAKA,Mandya,VILLAGE,Doddighatta,Rural,31,143,80,63,15,11,4,0,0,0,0,0,0,82,50,32,61,30,31,106,58,48,80,57,23,59,56,3,21,1,20,0,0,0,0,0,0,26,1,25,0,0,0,26,1,25,0,0,0,0,0,0,26,1,25,0,0,0,26,1,25,0,0,0,0,0,0,0,0,0,0,0,0,0,0,0,0,0,0,0,0,0,37,22,15
29,573,0116,614057,0000,000000,KARNATAKA,Mandya,VILLAGE,Kadalagere,Rural,309,1223,599,624,102,52,50,203,96,107,0,0,0,684,401,283,539,198,341,636,347,289,566,316,250,532,298,234,7,5,2,0,0,0,27,13,14,70,31,39,55,21,34,1,1,0,4,3,1,10,6,4,62,27,35,54,21,33,1,1,0,1,1,0,6,4,2,8,4,4,1,0,1,0,0,0,3,2,1,4,2,2,587,252,335
29,573,0116,614058,0000,000000,KARNATAKA,Mandya,VILLAGE,Kadenahalli,Rural,148,620,310,310,57,36,21,18,11,7,0,0,0,422,239,183,198,71,127,339,177,162,337,175,162,319,162,157,1,1,0,0,0,0,17,12,5,2,2,0,1,1,0,0,0,0,0,0,0,1,1,0,2,2,0,1,1,0,0,0,0,0,0,0,1,1,0,0,0,0,0,0,0,0,0,0,0,0,0,0,0,0,281,133,148
29,573,0116,614059,0000,000000,KARNATAKA,Mandya,VILLAGE,Heggadahalli,Rural,0,0,0,0,0,0,0,0,0,0,0,0,0,0,0,0,0,0,0,0,0,0,0,0,0,0,0,0,0,0,0,0,0,0,0,0,0,0,0,0,0,0,0,0,0,0,0,0,0,0,0,0,0,0,0,0,0,0,0,0,0,0,0,0,0,0,0,0,0,0,0,0,0,0,0,0,0,0,0,0,0,0,0,0,0
29,573,0116,614060,0000,000000,KARNATAKA,Mandya,VILLAGE,Gowdagere,Rural,108,498,259,239,31,17,14,118,62,56,0,0,0,317,185,132,181,74,107,337,178,159,330,173,157,318,167,151,1,1,0,5,2,3,6,3,3,7,5,2,6,5,1,0,0,0,0,0,0,1,0,1,7,5,2,6,5,1,0,0,0,0,0,0,1,0,1,0,0,0,0,0,0,0,0,0,0,0,0,0,0,0,161,81,80
29,573,0116,614061,0000,000000,KARNATAKA,Mandya,VILLAGE,Devarahalli,Rural,98,435,229,206,46,22,24,1,0,1,0,0,0,276,162,114,159,67,92,278,163,115,271,157,114,251,144,107,2,0,2,1,0,1,17,13,4,7,6,1,0,0,0,0,0,0,1,1,0,6,5,1,7,6,1,0,0,0,0,0,0,1,1,0,6,5,1,0,0,0,0,0,0,0,0,0,0,0,0,0,0,0,157,66,91
29,573,0116,614062,0000,000000,KARNATAKA,Mandya,VILLAGE,Jakkanahalli,Rural,336,1372,688,684,164,77,87,183,97,86,21,8,13,854,484,370,518,204,314,691,448,243,651,433,218,347,211,136,57,29,28,15,6,9,232,187,45,40,15,25,11,3,8,7,1,6,2,0,2,20,11,9,39,15,24,11,3,8,7,1,6,2,0,2,19,11,8,1,0,1,0,0,0,0,0,0,0,0,0,1,0,1,681,240,441
29,573,0116,614063,0000,000000,KARNATAKA,Mandya,VILLAGE,Kajji Koppal,Rural,56,259,132,127,29,16,13,0,0,0,0,0,0,147,86,61,112,46,66,83,78,5,83,78,5,78,73,5,2,2,0,0,0,0,3,3,0,0,0,0,0,0,0,0,0,0,0,0,0,0,0,0,0,0,0,0,0,0,0,0,0,0,0,0,0,0,0,0,0,0,0,0,0,0,0,0,0,0,0,0,0,0,176,54,122
29,573,0116,614064,0000,000000,KARNATAKA,Mandya,VILLAGE,Arakanakere,Rural,159,686,341,345,64,32,32,0,0,0,0,0,0,379,227,152,307,114,193,376,217,159,352,205,147,342,199,143,5,4,1,2,2,0,3,0,3,24,12,12,21,9,12,0,0,0,0,0,0,3,3,0,24,12,12,21,9,12,0,0,0,0,0,0,3,3,0,0,0,0,0,0,0,0,0,0,0,0,0,0,0,0,310,124,186
29,573,0116,614065,0000,000000,KARNATAKA,Mandya,VILLAGE,Sangapura,Rural,121,521,266,255,62,30,32,25,13,12,8,4,4,328,198,130,193,68,125,378,194,184,377,193,184,360,178,182,2,1,1,10,10,0,5,4,1,1,1,0,1,1,0,0,0,0,0,0,0,0,0,0,1,1,0,1,1,0,0,0,0,0,0,0,0,0,0,0,0,0,0,0,0,0,0,0,0,0,0,0,0,0,143,72,71
29,573,0116,614066,0000,000000,KARNATAKA,Mandya,VILLAGE,Bolenahalli,Rural,95,432,210,222,41,18,23,50,23,27,2,1,1,267,162,105,165,48,117,231,128,103,231,128,103,193,110,83,31,13,18,0,0,0,7,5,2,0,0,0,0,0,0,0,0,0,0,0,0,0,0,0,0,0,0,0,0,0,0,0,0,0,0,0,0,0,0,0,0,0,0,0,0,0,0,0,0,0,0,0,0,0,201,82,119
29,573,0116,614067,0000,000000,KARNATAKA,Mandya,VILLAGE,Narahalli,Rural,240,1172,616,556,115,64,51,142,77,65,0,0,0,669,403,266,503,213,290,558,421,137,514,415,99,404,355,49,72,28,44,6,5,1,32,27,5,44,6,38,34,4,30,6,1,5,1,0,1,3,1,2,44,6,38,34,4,30,6,1,5,1,0,1,3,1,2,0,0,0,0,0,0,0,0,0,0,0,0,0,0,0,614,195,419
29,573,0116,614068,0000,000000,KARNATAKA,Mandya,VILLAGE,Anunahalli,Rural,118,569,305,264,61,37,24,62,30,32,12,6,6,340,213,127,229,92,137,388,196,192,388,196,192,364,182,182,10,2,8,4,4,0,10,8,2,0,0,0,0,0,0,0,0,0,0,0,0,0,0,0,0,0,0,0,0,0,0,0,0,0,0,0,0,0,0,0,0,0,0,0,0,0,0,0,0,0,0,0,0,0,181,109,72
29,573,0116,614069,0000,000000,KARNATAKA,Mandya,VILLAGE,Borapura,Rural,58,262,122,140,28,12,16,0,0,0,5,2,3,141,75,66,121,47,74,184,91,93,176,87,89,90,82,8,0,0,0,0,0,0,86,5,81,8,4,4,4,3,1,0,0,0,0,0,0,4,1,3,8,4,4,4,3,1,0,0,0,0,0,0,4,1,3,0,0,0,0,0,0,0,0,0,0,0,0,0,0,0,78,31,47
29,573,0116,614070,0000,000000,KARNATAKA,Mandya,VILLAGE,Shamboonahalli,Rural,201,905,486,419,91,57,34,111,69,42,0,0,0,543,334,209,362,152,210,555,316,239,530,307,223,411,257,154,10,7,3,2,1,1,107,42,65,25,9,16,8,5,3,1,0,1,0,0,0,16,4,12,25,9,16,8,5,3,1,0,1,0,0,0,16,4,12,0,0,0,0,0,0,0,0,0,0,0,0,0,0,0,350,170,180
29,573,0116,614071,0000,000000,KARNATAKA,Mandya,VILLAGE,Nyamanahalli,Rural,138,572,293,279,48,27,21,67,35,32,4,3,1,413,245,168,159,48,111,372,216,156,362,211,151,327,188,139,18,12,6,0,0,0,17,11,6,10,5,5,5,4,1,2,0,2,0,0,0,3,1,2,10,5,5,5,4,1,2,0,2,0,0,0,3,1,2,0,0,0,0,0,0,0,0,0,0,0,0,0,0,0,200,77,123
29,573,0116,614072,0000,000000,KARNATAKA,Mandya,VILLAGE,Amruthi,Rural,239,1020,527,493,83,49,34,96,48,48,0,0,0,608,347,261,412,180,232,519,335,184,407,256,151,370,226,144,0,0,0,14,11,3,23,19,4,112,79,33,43,27,16,6,4,2,4,3,1,59,45,14,103,70,33,42,26,16,6,4,2,2,1,1,53,39,14,9,9,0,1,1,0,0,0,0,2,2,0,6,6,0,501,192,309
29,573,0116,614073,0000,000000,KARNATAKA,Mandya,VILLAGE,M. Shettihalli,Rural,141,601,307,294,56,26,30,28,14,14,0,0,0,363,212,151,238,95,143,385,198,187,372,195,177,347,181,166,15,4,11,2,2,0,8,8,0,13,3,10,0,0,0,9,1,8,2,1,1,2,1,1,13,3,10,0,0,0,9,1,8,2,1,1,2,1,1,0,0,0,0,0,0,0,0,0,0,0,0,0,0,0,216,109,107
29,573,0116,614074,0000,000000,KARNATAKA,Mandya,VILLAGE,Manikyanahalli,Rural,612,2623,1345,1278,213,113,100,221,110,111,0,0,0,1542,927,615,1081,418,663,1511,927,584,1474,917,557,1173,726,447,177,93,84,3,2,1,121,96,25,37,10,27,7,1,6,19,4,15,0,0,0,11,5,6,35,10,25,7,1,6,18,4,14,0,0,0,10,5,5,2,0,2,0,0,0,1,0,1,0,0,0,1,0,1,1112,418,694
29,573,0116,614075,0000,000000,KARNATAKA,Mandya,VILLAGE,Bellale,Rural,290,1281,642,639,111,63,48,249,125,124,10,6,4,929,493,436,352,149,203,553,398,155,482,395,87,207,186,21,76,41,35,19,17,2,180,151,29,71,3,68,7,0,7,56,0,56,1,0,1,7,3,4,65,2,63,7,0,7,51,0,51,1,0,1,6,2,4,6,1,5,0,0,0,5,0,5,0,0,0,1,1,0,728,244,484
29,573,0116,614076,0000,000000,KARNATAKA,Mandya,VILLAGE,Neelanahalli,Rural,216,917,468,449,82,43,39,77,36,41,0,0,0,534,324,210,383,144,239,611,321,290,604,317,287,543,282,261,21,11,10,29,16,13,11,8,3,7,4,3,0,0,0,1,0,1,3,3,0,3,1,2,7,4,3,0,0,0,1,0,1,3,3,0,3,1,2,0,0,0,0,0,0,0,0,0,0,0,0,0,0,0,306,147,159
29,573,0116,614077,0000,000000,KARNATAKA,Mandya,VILLAGE,Laxmi Sagar,Rural,643,2731,1369,1362,263,148,115,83,37,46,3,2,1,1667,932,735,1064,437,627,1618,900,718,1368,856,512,1182,755,427,87,28,59,7,5,2,92,68,24,250,44,206,14,4,10,217,29,188,3,2,1,16,9,7,242,43,199,13,4,9,210,28,182,3,2,1,16,9,7,8,1,7,1,0,1,7,1,6,0,0,0,0,0,0,1113,469,644
29,573,0116,614078,0000,000000,KARNATAKA,Mandya,VILLAGE,Mahadeshwarapura,Rural,288,1292,645,647,154,74,80,87,41,46,0,0,0,747,420,327,545,225,320,775,438,337,713,416,297,433,278,155,176,63,113,10,6,4,94,69,25,62,22,40,3,1,2,48,16,32,2,1,1,9,4,5,54,21,33,3,1,2,43,15,28,2,1,1,6,4,2,8,1,7,0,0,0,5,1,4,0,0,0,3,0,3,517,207,310
29,573,0116,614079,0000,000000,KARNATAKA,Mandya,VILLAGE,Rangapura,Rural,0,0,0,0,0,0,0,0,0,0,0,0,0,0,0,0,0,0,0,0,0,0,0,0,0,0,0,0,0,0,0,0,0,0,0,0,0,0,0,0,0,0,0,0,0,0,0,0,0,0,0,0,0,0,0,0,0,0,0,0,0,0,0,0,0,0,0,0,0,0,0,0,0,0,0,0,0,0,0,0,0,0,0,0,0
29,573,0116,614080,0000,000000,KARNATAKA,Mandya,VILLAGE,Seeranahalli,Rural,0,0,0,0,0,0,0,0,0,0,0,0,0,0,0,0,0,0,0,0,0,0,0,0,0,0,0,0,0,0,0,0,0,0,0,0,0,0,0,0,0,0,0,0,0,0,0,0,0,0,0,0,0,0,0,0,0,0,0,0,0,0,0,0,0,0,0,0,0,0,0,0,0,0,0,0,0,0,0,0,0,0,0,0,0
29,573,0116,614081,0000,000000,KARNATAKA,Mandya,VILLAGE,Hosakote,Rural,284,1223,622,601,118,57,61,228,111,117,3,1,2,692,411,281,531,211,320,713,426,287,649,391,258,602,363,239,18,8,10,10,8,2,19,12,7,64,35,29,1,1,0,52,26,26,6,6,0,5,2,3,61,35,26,1,1,0,49,26,23,6,6,0,5,2,3,3,0,3,0,0,0,3,0,3,0,0,0,0,0,0,510,196,314
29,573,0116,614082,0000,000000,KARNATAKA,Mandya,VILLAGE,Menagara,Rural,205,924,495,429,83,44,39,64,34,30,0,0,0,488,317,171,436,178,258,371,352,19,360,350,10,336,332,4,5,4,1,0,0,0,19,14,5,11,2,9,1,1,0,9,0,9,0,0,0,1,1,0,11,2,9,1,1,0,9,0,9,0,0,0,1,1,0,0,0,0,0,0,0,0,0,0,0,0,0,0,0,0,553,143,410
29,573,0116,614083,0000,000000,KARNATAKA,Mandya,VILLAGE,Kanchanahalli,Rural,0,0,0,0,0,0,0,0,0,0,0,0,0,0,0,0,0,0,0,0,0,0,0,0,0,0,0,0,0,0,0,0,0,0,0,0,0,0,0,0,0,0,0,0,0,0,0,0,0,0,0,0,0,0,0,0,0,0,0,0,0,0,0,0,0,0,0,0,0,0,0,0,0,0,0,0,0,0,0,0,0,0,0,0,0
29,573,0116,614084,0000,000000,KARNATAKA,Mandya,VILLAGE,Halebeedu,Rural,474,2376,1205,1171,255,137,118,155,86,69,28,12,16,1332,775,557,1044,430,614,904,683,221,838,643,195,664,513,151,34,26,8,23,19,4,117,85,32,66,40,26,17,12,5,21,11,10,5,3,2,23,14,9,62,39,23,16,12,4,18,10,8,5,3,2,23,14,9,4,1,3,1,0,1,3,1,2,0,0,0,0,0,0,1472,522,950
29,573,0116,614085,0000,000000,KARNATAKA,Mandya,VILLAGE,Beeranahalli,Rural,0,0,0,0,0,0,0,0,0,0,0,0,0,0,0,0,0,0,0,0,0,0,0,0,0,0,0,0,0,0,0,0,0,0,0,0,0,0,0,0,0,0,0,0,0,0,0,0,0,0,0,0,0,0,0,0,0,0,0,0,0,0,0,0,0,0,0,0,0,0,0,0,0,0,0,0,0,0,0,0,0,0,0,0,0
29,573,0116,614086,0000,000000,KARNATAKA,Mandya,VILLAGE,Athiganahalli,Rural,126,534,259,275,47,20,27,125,52,73,0,0,0,298,164,134,236,95,141,160,158,2,158,157,1,156,156,0,0,0,0,2,1,1,0,0,0,2,1,1,2,1,1,0,0,0,0,0,0,0,0,0,2,1,1,2,1,1,0,0,0,0,0,0,0,0,0,0,0,0,0,0,0,0,0,0,0,0,0,0,0,0,374,101,273
29,573,0116,614087,0000,000000,KARNATAKA,Mandya,VILLAGE,S. Kodagahalli,Rural,109,502,255,247,61,36,25,0,0,0,0,0,0,285,166,119,217,89,128,174,153,21,172,153,19,150,140,10,7,5,2,0,0,0,15,8,7,2,0,2,1,0,1,0,0,0,0,0,0,1,0,1,2,0,2,1,0,1,0,0,0,0,0,0,1,0,1,0,0,0,0,0,0,0,0,0,0,0,0,0,0,0,328,102,226
29,573,0116,614088,0000,000000,KARNATAKA,Mandya,VILLAGE,Sunkathonnur,Rural,666,2817,1404,1413,253,123,130,191,92,99,2,0,2,1426,795,631,1391,609,782,1186,956,230,1061,923,138,719,676,43,120,73,47,15,11,4,207,163,44,125,33,92,17,12,5,91,10,81,1,0,1,16,11,5,120,32,88,17,12,5,87,10,77,1,0,1,15,10,5,5,1,4,0,0,0,4,0,4,0,0,0,1,1,0,1631,448,1183
29,573,0116,614089,0000,000000,KARNATAKA,Mandya,VILLAGE,Madrahalli,Rural,223,1027,508,519,129,63,66,6,1,5,0,0,0,533,305,228,494,203,291,710,359,351,693,352,341,671,340,331,13,5,8,5,4,1,4,3,1,17,7,10,11,4,7,4,2,2,0,0,0,2,1,1,6,2,4,2,1,1,2,0,2,0,0,0,2,1,1,11,5,6,9,3,6,2,2,0,0,0,0,0,0,0,317,149,168
29,573,0116,614090,0000,000000,KARNATAKA,Mandya,VILLAGE,Nallahalli,Rural,230,983,510,473,100,54,46,115,61,54,0,0,0,489,288,201,494,222,272,487,321,166,423,310,113,303,268,35,90,21,69,0,0,0,30,21,9,64,11,53,1,1,0,57,5,52,4,3,1,2,2,0,60,8,52,1,1,0,57,5,52,0,0,0,2,2,0,4,3,1,0,0,0,0,0,0,4,3,1,0,0,0,496,189,307
29,573,0116,614091,0000,000000,KARNATAKA,Mandya,VILLAGE,Kalenahalli,Rural,321,1420,734,686,126,77,49,50,26,24,173,92,81,744,443,301,676,291,385,939,545,394,677,481,196,330,300,30,192,90,102,21,16,5,134,75,59,262,64,198,21,11,10,142,23,119,16,11,5,83,19,64,255,61,194,19,9,10,138,22,116,16,11,5,82,19,63,7,3,4,2,2,0,4,1,3,0,0,0,1,0,1,481,189,292
29,573,0116,614092,0000,000000,KARNATAKA,Mandya,VILLAGE,Anavalu,Rural,79,387,193,194,54,31,23,156,76,80,0,0,0,223,125,98,164,68,96,265,133,132,263,132,131,172,88,84,75,34,41,1,0,1,15,10,5,2,1,1,0,0,0,0,0,0,0,0,0,2,1,1,2,1,1,0,0,0,0,0,0,0,0,0,2,1,1,0,0,0,0,0,0,0,0,0,0,0,0,0,0,0,122,60,62
29,573,0116,614093,0000,000000,KARNATAKA,Mandya,VILLAGE,Singapura,Rural,60,248,128,120,10,6,4,30,17,13,0,0,0,135,90,45,113,38,75,167,88,79,130,62,68,108,53,55,1,1,0,4,1,3,17,7,10,37,26,11,8,5,3,1,0,1,4,4,0,24,17,7,34,23,11,8,5,3,1,0,1,3,3,0,22,15,7,3,3,0,0,0,0,0,0,0,1,1,0,2,2,0,81,40,41
29,573,0116,614094,0000,000000,KARNATAKA,Mandya,VILLAGE,Huligere,Rural,25,105,59,46,10,6,4,0,0,0,0,0,0,72,46,26,33,13,20,76,43,33,74,41,33,55,35,20,0,0,0,5,3,2,14,3,11,2,2,0,0,0,0,1,1,0,1,1,0,0,0,0,2,2,0,0,0,0,1,1,0,1,1,0,0,0,0,0,0,0,0,0,0,0,0,0,0,0,0,0,0,0,29,16,13
29,573,0116,614095,0000,000000,KARNATAKA,Mandya,VILLAGE,Hosahalli,Rural,169,694,355,339,60,34,26,1,1,0,0,0,0,392,238,154,302,117,185,410,224,186,214,199,15,194,186,8,9,4,5,0,0,0,11,9,2,196,25,171,184,23,161,10,1,9,0,0,0,2,1,1,176,17,159,166,15,151,8,1,7,0,0,0,2,1,1,20,8,12,18,8,10,2,0,2,0,0,0,0,0,0,284,131,153
29,573,0116,614096,0000,000000,KARNATAKA,Mandya,VILLAGE,Maramahalli,Rural,120,421,199,222,40,19,21,106,51,55,0,0,0,213,125,88,208,74,134,308,143,165,301,140,161,255,112,143,1,1,0,17,11,6,28,16,12,7,3,4,0,0,0,0,0,0,0,0,0,7,3,4,7,3,4,0,0,0,0,0,0,0,0,0,7,3,4,0,0,0,0,0,0,0,0,0,0,0,0,0,0,0,113,56,57
29,573,0116,614097,0000,000000,KARNATAKA,Mandya,VILLAGE,Valagere Devarahalli,Rural,99,410,205,205,42,22,20,59,32,27,5,3,2,219,139,80,191,66,125,126,124,2,122,121,1,115,114,1,0,0,0,4,4,0,3,3,0,4,3,1,0,0,0,4,3,1,0,0,0,0,0,0,4,3,1,0,0,0,4,3,1,0,0,0,0,0,0,0,0,0,0,0,0,0,0,0,0,0,0,0,0,0,284,81,203
29,573,0116,614098,0000,000000,KARNATAKA,Mandya,VILLAGE,Chokanahalli,Rural,0,0,0,0,0,0,0,0,0,0,0,0,0,0,0,0,0,0,0,0,0,0,0,0,0,0,0,0,0,0,0,0,0,0,0,0,0,0,0,0,0,0,0,0,0,0,0,0,0,0,0,0,0,0,0,0,0,0,0,0,0,0,0,0,0,0,0,0,0,0,0,0,0,0,0,0,0,0,0,0,0,0,0,0,0
29,573,0116,614099,0000,000000,KARNATAKA,Mandya,VILLAGE,Kuppahalli,Rural,51,217,111,106,29,14,15,0,0,0,0,0,0,89,51,38,128,60,68,106,67,39,106,67,39,104,66,38,0,0,0,0,0,0,2,1,1,0,0,0,0,0,0,0,0,0,0,0,0,0,0,0,0,0,0,0,0,0,0,0,0,0,0,0,0,0,0,0,0,0,0,0,0,0,0,0,0,0,0,0,0,0,111,44,67
29,573,0116,614100,0000,000000,KARNATAKA,Mandya,VILLAGE,Chittanahalli,Rural,245,983,506,477,70,35,35,70,32,38,10,4,6,536,331,205,447,175,272,556,345,211,554,345,209,508,316,192,15,7,8,1,1,0,30,21,9,2,0,2,1,0,1,1,0,1,0,0,0,0,0,0,2,0,2,1,0,1,1,0,1,0,0,0,0,0,0,0,0,0,0,0,0,0,0,0,0,0,0,0,0,0,427,161,266
29,573,0116,614101,0000,000000,KARNATAKA,Mandya,VILLAGE,G.Shettihalli,Rural,65,275,140,135,16,9,7,0,0,0,1,0,1,143,92,51,132,48,84,67,61,6,65,59,6,62,56,6,0,0,0,3,3,0,0,0,0,2,2,0,2,2,0,0,0,0,0,0,0,0,0,0,2,2,0,2,2,0,0,0,0,0,0,0,0,0,0,0,0,0,0,0,0,0,0,0,0,0,0,0,0,0,208,79,129
29,573,0116,614102,0000,000000,KARNATAKA,Mandya,VILLAGE,Yeregowdanahalli,Rural,178,797,408,389,76,38,38,51,29,22,1,1,0,448,266,182,349,142,207,439,248,191,439,248,191,392,217,175,2,0,2,0,0,0,45,31,14,0,0,0,0,0,0,0,0,0,0,0,0,0,0,0,0,0,0,0,0,0,0,0,0,0,0,0,0,0,0,0,0,0,0,0,0,0,0,0,0,0,0,0,0,0,358,160,198
29,573,0116,614103,0000,000000,KARNATAKA,Mandya,VILLAGE,Kodala,Rural,300,1331,677,654,141,77,64,56,33,23,0,0,0,684,403,281,647,274,373,810,440,370,646,434,212,553,371,182,31,12,19,1,1,0,61,50,11,164,6,158,150,1,149,10,1,9,0,0,0,4,4,0,163,5,158,150,1,149,10,1,9,0,0,0,3,3,0,1,1,0,0,0,0,0,0,0,0,0,0,1,1,0,521,237,284
29,573,0116,614104,0000,000000,KARNATAKA,Mandya,VILLAGE,Kamanayakanahalli,Rural,217,904,429,475,94,47,47,128,68,60,0,0,0,402,230,172,502,199,303,260,242,18,256,238,18,230,222,8,0,0,0,0,0,0,26,16,10,4,4,0,1,1,0,1,1,0,0,0,0,2,2,0,3,3,0,1,1,0,1,1,0,0,0,0,1,1,0,1,1,0,0,0,0,0,0,0,0,0,0,1,1,0,644,187,457
29,573,0116,614105,0000,000000,KARNATAKA,Mandya,VILLAGE,Narayanapura,Rural,208,835,426,409,83,49,34,184,86,98,23,14,9,438,258,180,397,168,229,518,272,246,347,237,110,282,197,85,4,1,3,5,2,3,56,37,19,171,35,136,101,9,92,39,7,32,4,2,2,27,17,10,153,26,127,100,9,91,37,7,30,3,1,2,13,9,4,18,9,9,1,0,1,2,0,2,1,1,0,14,8,6,317,154,163
29,573,0116,614106,0000,000000,KARNATAKA,Mandya,VILLAGE,Nallenahalli,Rural,153,666,340,326,45,22,23,82,43,39,0,0,0,357,223,134,309,117,192,469,240,229,460,235,225,420,212,208,3,2,1,7,3,4,30,18,12,9,5,4,3,2,1,0,0,0,0,0,0,6,3,3,9,5,4,3,2,1,0,0,0,0,0,0,6,3,3,0,0,0,0,0,0,0,0,0,0,0,0,0,0,0,197,100,97
29,573,0116,614107,0000,000000,KARNATAKA,Mandya,VILLAGE,Kadaba,Rural,178,727,358,369,68,34,34,64,35,29,0,0,0,391,236,155,336,122,214,423,179,244,414,174,240,412,174,238,1,0,1,0,0,0,1,0,1,9,5,4,7,4,3,0,0,0,0,0,0,2,1,1,9,5,4,7,4,3,0,0,0,0,0,0,2,1,1,0,0,0,0,0,0,0,0,0,0,0,0,0,0,0,304,179,125
29,573,0116,614108,0000,000000,KARNATAKA,Mandya,VILLAGE,Sanaba,Rural,466,2014,1012,1002,206,104,102,404,196,208,6,3,3,1042,638,404,972,374,598,1034,671,363,712,592,120,553,480,73,81,46,35,6,6,0,72,60,12,322,79,243,28,15,13,204,9,195,2,1,1,88,54,34,313,78,235,27,15,12,200,9,191,1,1,0,85,53,32,9,1,8,1,0,1,4,0,4,1,0,1,3,1,2,980,341,639
29,573,0116,614109,0000,000000,KARNATAKA,Mandya,VILLAGE,Thirumalapura,Rural,187,687,345,342,64,32,32,64,37,27,16,9,7,338,230,108,349,115,234,481,260,221,477,259,218,451,244,207,10,4,6,5,4,1,11,7,4,4,1,3,1,1,0,2,0,2,0,0,0,1,0,1,4,1,3,1,1,0,2,0,2,0,0,0,1,0,1,0,0,0,0,0,0,0,0,0,0,0,0,0,0,0,206,85,121
29,573,0116,614110,0000,000000,KARNATAKA,Mandya,VILLAGE,Dodda Bhoganahalli,Rural,124,491,249,242,41,21,20,12,6,6,0,0,0,247,158,89,244,91,153,323,177,146,322,176,146,318,175,143,0,0,0,0,0,0,4,1,3,1,1,0,1,1,0,0,0,0,0,0,0,0,0,0,1,1,0,1,1,0,0,0,0,0,0,0,0,0,0,0,0,0,0,0,0,0,0,0,0,0,0,0,0,0,168,72,96
29,573,0116,614111,0000,000000,KARNATAKA,Mandya,VILLAGE,Illenahalli,Rural,261,1023,537,486,98,45,53,52,25,27,0,0,0,559,347,212,464,190,274,617,338,279,153,130,23,125,110,15,9,5,4,0,0,0,19,15,4,464,208,256,11,5,6,292,154,138,8,2,6,153,47,106,464,208,256,11,5,6,292,154,138,8,2,6,153,47,106,0,0,0,0,0,0,0,0,0,0,0,0,0,0,0,406,199,207
29,573,0116,614112,0000,000000,KARNATAKA,Mandya,VILLAGE,Molenahalli,Rural,38,178,94,84,19,9,10,178,94,84,0,0,0,110,68,42,68,26,42,110,60,50,89,53,36,50,36,14,35,14,21,0,0,0,4,3,1,21,7,14,0,0,0,21,7,14,0,0,0,0,0,0,21,7,14,0,0,0,21,7,14,0,0,0,0,0,0,0,0,0,0,0,0,0,0,0,0,0,0,0,0,0,68,34,34
29,573,0116,614113,0000,000000,KARNATAKA,Mandya,VILLAGE,Kurubaramanchanahalli,Rural,165,660,320,340,60,26,34,142,66,76,0,0,0,309,180,129,351,140,211,444,235,209,402,212,190,227,127,100,115,48,67,8,4,4,52,33,19,42,23,19,5,2,3,5,2,3,3,0,3,29,19,10,40,21,19,5,2,3,5,2,3,3,0,3,27,17,10,2,2,0,0,0,0,0,0,0,0,0,0,2,2,0,216,85,131
29,573,0116,614114,0000,000000,KARNATAKA,Mandya,VILLAGE,Kanaganahalli,Rural,113,502,255,247,53,30,23,6,3,3,2,1,1,261,151,110,241,104,137,219,162,57,215,159,56,142,121,21,60,29,31,2,2,0,11,7,4,4,3,1,1,1,0,0,0,0,0,0,0,3,2,1,4,3,1,1,1,0,0,0,0,0,0,0,3,2,1,0,0,0,0,0,0,0,0,0,0,0,0,0,0,0,283,93,190
29,573,0116,614115,0000,000000,KARNATAKA,Mandya,VILLAGE,Morasanahalli,Rural,166,729,356,373,57,30,27,64,29,35,0,0,0,500,275,225,229,81,148,448,229,219,297,227,70,260,204,56,11,4,7,4,4,0,22,15,7,151,2,149,144,1,143,2,0,2,1,1,0,4,0,4,145,1,144,141,0,141,2,0,2,1,1,0,1,0,1,6,1,5,3,1,2,0,0,0,0,0,0,3,0,3,281,127,154
29,573,0116,614116,0000,000000,KARNATAKA,Mandya,VILLAGE,Lingapura,Rural,57,256,134,122,24,15,9,0,0,0,0,0,0,157,93,64,99,41,58,126,86,40,55,53,2,46,46,0,0,0,0,0,0,0,9,7,2,71,33,38,68,31,37,2,1,1,0,0,0,1,1,0,71,33,38,68,31,37,2,1,1,0,0,0,1,1,0,0,0,0,0,0,0,0,0,0,0,0,0,0,0,0,130,48,82
29,573,0116,614117,0000,000000,KARNATAKA,Mandya,VILLAGE,Chikkaboganahalli,Rural,71,334,170,164,41,23,18,21,9,12,24,11,13,166,94,72,168,76,92,173,103,70,63,61,2,52,52,0,7,7,0,0,0,0,4,2,2,110,42,68,91,37,54,19,5,14,0,0,0,0,0,0,107,39,68,88,34,54,19,5,14,0,0,0,0,0,0,3,3,0,3,3,0,0,0,0,0,0,0,0,0,0,161,67,94
29,573,0116,614118,0000,000000,KARNATAKA,Mandya,VILLAGE,Kurubaramallenahalli,Rural,94,397,202,195,35,18,17,21,12,9,1,1,0,177,108,69,220,94,126,250,127,123,136,126,10,115,110,5,1,0,1,1,1,0,19,15,4,114,1,113,114,1,113,0,0,0,0,0,0,0,0,0,114,1,113,114,1,113,0,0,0,0,0,0,0,0,0,0,0,0,0,0,0,0,0,0,0,0,0,0,0,0,147,75,72
29,573,0116,614119,0000,000000,KARNATAKA,Mandya,VILLAGE,Chinakurali,Rural,1161,5104,2628,2476,538,291,247,684,340,344,34,16,18,3111,1766,1345,1993,862,1131,2195,1594,601,2023,1492,531,841,685,156,158,77,81,213,118,95,811,612,199,172,102,70,28,8,20,77,43,34,19,13,6,48,38,10,165,97,68,26,6,20,73,41,32,19,13,6,47,37,10,7,5,2,2,2,0,4,2,2,0,0,0,1,1,0,2909,1034,1875
29,573,0116,614120,0000,000000,KARNATAKA,Mandya,VILLAGE,Gummanahalli,Rural,1388,6145,3096,3049,636,324,312,1296,655,641,3,2,1,3388,1967,1421,2757,1129,1628,3068,2030,1038,2604,1941,663,1426,1190,236,282,144,138,122,33,89,774,574,200,464,89,375,253,36,217,45,3,42,30,2,28,136,48,88,458,88,370,250,36,214,45,3,42,29,1,28,134,48,86,6,1,5,3,0,3,0,0,0,1,1,0,2,0,2,3077,1066,2011
29,573,0116,614121,0000,000000,KARNATAKA,Mandya,VILLAGE,Valalekatte Koppal,Rural,115,556,286,270,58,34,24,0,0,0,0,0,0,264,163,101,292,123,169,339,174,165,313,164,149,37,19,18,271,143,128,0,0,0,5,2,3,26,10,16,1,0,1,25,10,15,0,0,0,0,0,0,26,10,16,1,0,1,25,10,15,0,0,0,0,0,0,0,0,0,0,0,0,0,0,0,0,0,0,0,0,0,217,112,105
29,573,0116,614122,0000,000000,KARNATAKA,Mandya,VILLAGE,Dinka,Rural,479,1878,953,925,165,84,81,277,132,145,66,28,38,1060,634,426,818,319,499,1030,616,414,495,411,84,296,256,40,117,98,19,6,5,1,76,52,24,535,205,330,34,17,17,382,142,240,17,8,9,102,38,64,530,205,325,33,17,16,380,142,238,15,8,7,102,38,64,5,0,5,1,0,1,2,0,2,2,0,2,0,0,0,848,337,511
29,573,0116,614123,0000,000000,KARNATAKA,Mandya,VILLAGE,Dinka Settihalli,Rural,299,1243,617,626,106,53,53,17,10,7,10,7,3,666,388,278,577,229,348,690,424,266,441,398,43,394,363,31,5,4,1,1,0,1,41,31,10,249,26,223,127,1,126,108,13,95,0,0,0,14,12,2,249,26,223,127,1,126,108,13,95,0,0,0,14,12,2,0,0,0,0,0,0,0,0,0,0,0,0,0,0,0,553,193,360
29,573,0116,614124,0000,000000,KARNATAKA,Mandya,VILLAGE,Settihallikaval,Rural,0,0,0,0,0,0,0,0,0,0,0,0,0,0,0,0,0,0,0,0,0,0,0,0,0,0,0,0,0,0,0,0,0,0,0,0,0,0,0,0,0,0,0,0,0,0,0,0,0,0,0,0,0,0,0,0,0,0,0,0,0,0,0,0,0,0,0,0,0,0,0,0,0,0,0,0,0,0,0,0,0,0,0,0,0
29,573,0116,614125,0000,000000,KARNATAKA,Mandya,VILLAGE,Dinkadakaval,Rural,0,0,0,0,0,0,0,0,0,0,0,0,0,0,0,0,0,0,0,0,0,0,0,0,0,0,0,0,0,0,0,0,0,0,0,0,0,0,0,0,0,0,0,0,0,0,0,0,0,0,0,0,0,0,0,0,0,0,0,0,0,0,0,0,0,0,0,0,0,0,0,0,0,0,0,0,0,0,0,0,0,0,0,0,0
29,573,0116,614126,0000,000000,KARNATAKA,Mandya,VILLAGE,Molesandra,Rural,0,0,0,0,0,0,0,0,0,0,0,0,0,0,0,0,0,0,0,0,0,0,0,0,0,0,0,0,0,0,0,0,0,0,0,0,0,0,0,0,0,0,0,0,0,0,0,0,0,0,0,0,0,0,0,0,0,0,0,0,0,0,0,0,0,0,0,0,0,0,0,0,0,0,0,0,0,0,0,0,0,0,0,0,0
29,573,0116,614127,0000,000000,KARNATAKA,Mandya,VILLAGE,Moodanahalli,Rural,0,0,0,0,0,0,0,0,0,0,0,0,0,0,0,0,0,0,0,0,0,0,0,0,0,0,0,0,0,0,0,0,0,0,0,0,0,0,0,0,0,0,0,0,0,0,0,0,0,0,0,0,0,0,0,0,0,0,0,0,0,0,0,0,0,0,0,0,0,0,0,0,0,0,0,0,0,0,0,0,0,0,0,0,0
29,573,0116,614128,0000,000000,KARNATAKA,Mandya,VILLAGE,Honaganahalli,Rural,219,948,477,471,115,58,57,260,137,123,227,110,117,476,276,200,472,201,271,390,293,97,360,268,92,252,192,60,7,6,1,1,1,0,100,69,31,30,25,5,10,6,4,10,10,0,2,2,0,8,7,1,28,23,5,10,6,4,8,8,0,2,2,0,8,7,1,2,2,0,0,0,0,2,2,0,0,0,0,0,0,0,558,184,374
29,573,0116,614129,0000,000000,KARNATAKA,Mandya,VILLAGE,Kanivekoppalu,Rural,316,1424,733,691,124,65,59,114,58,56,0,0,0,764,476,288,660,257,403,703,507,196,692,507,185,501,388,113,42,20,22,0,0,0,149,99,50,11,0,11,0,0,0,0,0,0,0,0,0,11,0,11,11,0,11,0,0,0,0,0,0,0,0,0,11,0,11,0,0,0,0,0,0,0,0,0,0,0,0,0,0,0,721,226,495
29,573,0116,614130,0000,000000,KARNATAKA,Mandya,VILLAGE,Madarahalli,Rural,232,974,507,467,166,95,71,209,111,98,3,1,2,379,229,150,595,278,317,406,329,77,382,319,63,175,161,14,18,12,6,0,0,0,189,146,43,24,10,14,1,1,0,14,2,12,0,0,0,9,7,2,23,10,13,1,1,0,13,2,11,0,0,0,9,7,2,1,0,1,0,0,0,1,0,1,0,0,0,0,0,0,568,178,390
29,573,0116,614131,0000,000000,KARNATAKA,Mandya,VILLAGE,Bebibettadakaval,Rural,22,341,203,138,15,5,10,66,35,31,0,0,0,281,174,107,60,29,31,81,77,4,80,76,4,1,1,0,1,1,0,0,0,0,78,74,4,1,1,0,0,0,0,0,0,0,0,0,0,1,1,0,1,1,0,0,0,0,0,0,0,0,0,0,1,1,0,0,0,0,0,0,0,0,0,0,0,0,0,0,0,0,260,126,134
29,573,0116,614132,0000,000000,KARNATAKA,Mandya,VILLAGE,Beby,Rural,347,1550,790,760,168,89,79,286,137,149,2,0,2,890,502,388,660,288,372,577,546,31,560,529,31,476,469,7,20,9,11,6,4,2,58,47,11,17,17,0,13,13,0,1,1,0,0,0,0,3,3,0,17,17,0,13,13,0,1,1,0,0,0,0,3,3,0,0,0,0,0,0,0,0,0,0,0,0,0,0,0,0,973,244,729
29,573,0116,614133,0000,000000,KARNATAKA,Mandya,VILLAGE,Jagate Mallenahalli,Rural,102,408,198,210,45,22,23,110,55,55,0,0,0,211,120,91,197,78,119,243,117,126,157,110,47,154,108,46,0,0,0,1,1,0,2,1,1,86,7,79,81,4,77,2,2,0,0,0,0,3,1,2,86,7,79,81,4,77,2,2,0,0,0,0,3,1,2,0,0,0,0,0,0,0,0,0,0,0,0,0,0,0,165,81,84
29,573,0116,614134,0000,000000,KARNATAKA,Mandya,VILLAGE,Alpahalli,Rural,288,1312,674,638,184,103,81,891,444,447,0,0,0,703,418,285,609,256,353,684,451,233,668,435,233,310,174,136,8,2,6,4,4,0,346,255,91,16,16,0,16,16,0,0,0,0,0,0,0,0,0,0,15,15,0,15,15,0,0,0,0,0,0,0,0,0,0,1,1,0,1,1,0,0,0,0,0,0,0,0,0,0,628,223,405
29,573,0116,614135,0000,000000,KARNATAKA,Mandya,VILLAGE,Bannangadi,Rural,768,3206,1614,1592,325,158,167,91,54,37,11,5,6,1714,981,733,1492,633,859,1814,1065,749,1421,919,502,759,709,50,419,17,402,24,14,10,219,179,40,393,146,247,70,27,43,181,50,131,7,2,5,135,67,68,371,135,236,62,21,41,175,46,129,6,2,4,128,66,62,22,11,11,8,6,2,6,4,2,1,0,1,7,1,6,1392,549,843
29,573,0116,614136,0000,000000,KARNATAKA,Mandya,VILLAGE,Bindahalli,Rural,346,1498,764,734,143,80,63,95,44,51,0,0,0,829,471,358,669,293,376,456,445,11,452,442,10,379,379,0,3,2,1,0,0,0,70,61,9,4,3,1,1,1,0,0,0,0,0,0,0,3,2,1,4,3,1,1,1,0,0,0,0,0,0,0,3,2,1,0,0,0,0,0,0,0,0,0,0,0,0,0,0,0,1042,319,723
29,573,0116,614137,0000,000000,KARNATAKA,Mandya,VILLAGE,Bindahallikaval,Rural,0,0,0,0,0,0,0,0,0,0,0,0,0,0,0,0,0,0,0,0,0,0,0,0,0,0,0,0,0,0,0,0,0,0,0,0,0,0,0,0,0,0,0,0,0,0,0,0,0,0,0,0,0,0,0,0,0,0,0,0,0,0,0,0,0,0,0,0,0,0,0,0,0,0,0,0,0,0,0,0,0,0,0,0,0
29,573,0116,614138,0000,000000,KARNATAKA,Mandya,VILLAGE,Malligerekaval,Rural,0,0,0,0,0,0,0,0,0,0,0,0,0,0,0,0,0,0,0,0,0,0,0,0,0,0,0,0,0,0,0,0,0,0,0,0,0,0,0,0,0,0,0,0,0,0,0,0,0,0,0,0,0,0,0,0,0,0,0,0,0,0,0,0,0,0,0,0,0,0,0,0,0,0,0,0,0,0,0,0,0,0,0,0,0
29,573,0116,614139,0000,000000,KARNATAKA,Mandya,VILLAGE,Sundahalli,Rural,21,97,47,50,13,4,9,0,0,0,2,2,0,44,28,16,53,19,34,56,37,19,40,37,3,34,33,1,2,1,1,0,0,0,4,3,1,16,0,16,15,0,15,1,0,1,0,0,0,0,0,0,16,0,16,15,0,15,1,0,1,0,0,0,0,0,0,0,0,0,0,0,0,0,0,0,0,0,0,0,0,0,41,10,31
29,573,0116,614140,0000,000000,KARNATAKA,Mandya,VILLAGE,Kaggalipura,Rural,0,0,0,0,0,0,0,0,0,0,0,0,0,0,0,0,0,0,0,0,0,0,0,0,0,0,0,0,0,0,0,0,0,0,0,0,0,0,0,0,0,0,0,0,0,0,0,0,0,0,0,0,0,0,0,0,0,0,0,0,0,0,0,0,0,0,0,0,0,0,0,0,0,0,0,0,0,0,0,0,0,0,0,0,0
29,573,0116,614141,0000,000000,KARNATAKA,Mandya,VILLAGE,Malligere,Rural,246,1018,484,534,93,50,43,177,76,101,1,1,0,589,324,265,429,160,269,529,312,217,469,306,163,427,283,144,10,4,6,1,1,0,31,18,13,60,6,54,50,5,45,8,1,7,0,0,0,2,0,2,60,6,54,50,5,45,8,1,7,0,0,0,2,0,2,0,0,0,0,0,0,0,0,0,0,0,0,0,0,0,489,172,317
29,573,0116,614142,0000,000000,KARNATAKA,Mandya,VILLAGE,Anthanahalli,Rural,250,1083,562,521,108,51,57,243,118,125,1,1,0,777,451,326,306,111,195,418,378,40,387,368,19,367,353,14,0,0,0,3,3,0,17,12,5,31,10,21,17,2,15,1,1,0,2,2,0,11,5,6,29,8,21,17,2,15,1,1,0,0,0,0,11,5,6,2,2,0,0,0,0,0,0,0,2,2,0,0,0,0,665,184,481
29,573,0116,614143,0000,000000,KARNATAKA,Mandya,VILLAGE,Giriyarahalli,Rural,206,888,437,451,92,46,46,169,86,83,0,0,0,503,271,232,385,166,219,312,293,19,287,271,16,240,232,8,25,21,4,2,2,0,20,16,4,25,22,3,18,16,2,0,0,0,0,0,0,7,6,1,25,22,3,18,16,2,0,0,0,0,0,0,7,6,1,0,0,0,0,0,0,0,0,0,0,0,0,0,0,0,576,144,432
29,573,0116,614144,0000,000000,KARNATAKA,Mandya,VILLAGE,Kannambadi,Rural,0,0,0,0,0,0,0,0,0,0,0,0,0,0,0,0,0,0,0,0,0,0,0,0,0,0,0,0,0,0,0,0,0,0,0,0,0,0,0,0,0,0,0,0,0,0,0,0,0,0,0,0,0,0,0,0,0,0,0,0,0,0,0,0,0,0,0,0,0,0,0,0,0,0,0,0,0,0,0,0,0,0,0,0,0
29,573,0116,614145,0000,000000,KARNATAKA,Mandya,VILLAGE,Basthihalli,Rural,519,2133,1052,1081,189,91,98,657,336,321,0,0,0,1303,735,568,830,317,513,985,719,266,729,659,70,366,356,10,124,91,33,8,6,2,231,206,25,256,60,196,18,6,12,163,20,143,1,1,0,74,33,41,248,58,190,18,6,12,159,20,139,1,1,0,70,31,39,8,2,6,0,0,0,4,0,4,0,0,0,4,2,2,1148,333,815
29,573,0116,614146,0000,000000,KARNATAKA,Mandya,VILLAGE,Haganahalli,Rural,193,862,431,431,86,37,49,31,15,16,19,10,9,430,247,183,432,184,248,486,249,237,452,233,219,394,205,189,37,17,20,0,0,0,21,11,10,34,16,18,7,2,5,6,3,3,5,3,2,16,8,8,33,15,18,6,1,5,6,3,3,5,3,2,16,8,8,1,1,0,1,1,0,0,0,0,0,0,0,0,0,0,376,182,194
29,573,0116,614147,0000,000000,KARNATAKA,Mandya,VILLAGE,Katteri,Rural,504,2108,1077,1031,167,91,76,121,58,63,13,7,6,1146,668,478,962,409,553,1090,714,376,796,572,224,355,300,55,172,93,79,1,1,0,268,178,90,294,142,152,17,13,4,174,59,115,0,0,0,103,70,33,234,123,111,16,13,3,134,50,84,0,0,0,84,60,24,60,19,41,1,0,1,40,9,31,0,0,0,19,10,9,1018,363,655
29,573,0116,614148,0000,000000,KARNATAKA,Mandya,VILLAGE,Chikkayarahalli,Rural,483,2027,1005,1022,183,83,100,679,331,348,77,40,37,1221,667,554,806,338,468,716,627,89,650,585,65,149,142,7,305,265,40,5,4,1,191,174,17,66,42,24,11,3,8,30,16,14,0,0,0,25,23,2,64,41,23,11,3,8,29,16,13,0,0,0,24,22,2,2,1,1,0,0,0,1,0,1,0,0,0,1,1,0,1311,378,933
29,573,0116,614149,0000,000000,KARNATAKA,Mandya,VILLAGE,Duddaghatta,Rural,0,0,0,0,0,0,0,0,0,0,0,0,0,0,0,0,0,0,0,0,0,0,0,0,0,0,0,0,0,0,0,0,0,0,0,0,0,0,0,0,0,0,0,0,0,0,0,0,0,0,0,0,0,0,0,0,0,0,0,0,0,0,0,0,0,0,0,0,0,0,0,0,0,0,0,0,0,0,0,0,0,0,0,0,0
29,573,0116,614150,0000,000000,KARNATAKA,Mandya,VILLAGE,Katterinala,Rural,0,0,0,0,0,0,0,0,0,0,0,0,0,0,0,0,0,0,0,0,0,0,0,0,0,0,0,0,0,0,0,0,0,0,0,0,0,0,0,0,0,0,0,0,0,0,0,0,0,0,0,0,0,0,0,0,0,0,0,0,0,0,0,0,0,0,0,0,0,0,0,0,0,0,0,0,0,0,0,0,0,0,0,0,0
29,573,0116,614151,0000,000000,KARNATAKA,Mandya,VILLAGE,Seethapura,Rural,567,2346,1139,1207,226,107,119,210,88,122,190,85,105,1435,770,665,911,369,542,1209,749,460,1058,687,371,414,302,112,446,228,218,1,0,1,197,157,40,151,62,89,46,14,32,75,28,47,0,0,0,30,20,10,142,58,84,41,11,30,72,28,44,0,0,0,29,19,10,9,4,5,5,3,2,3,0,3,0,0,0,1,1,0,1137,390,747
29,573,0116,614152,0000,000000,KARNATAKA,Mandya,VILLAGE,Aralakuppe,Rural,1144,4647,2280,2367,393,199,194,368,177,191,81,40,41,2691,1457,1234,1956,823,1133,2730,1560,1170,2378,1431,947,1102,728,374,838,456,382,33,32,1,405,215,190,352,129,223,80,17,63,189,67,122,8,6,2,75,39,36,333,122,211,76,16,60,186,66,120,4,3,1,67,37,30,19,7,12,4,1,3,3,1,2,4,3,1,8,2,6,1917,720,1197
29,573,0116,614153,0000,000000,KARNATAKA,Mandya,VILLAGE,Haravu,Rural,524,2092,1033,1059,178,90,88,417,209,208,4,2,2,1386,744,642,706,289,417,909,692,217,787,624,163,294,260,34,337,232,105,14,13,1,142,119,23,122,68,54,21,13,8,52,18,34,3,0,3,46,37,9,122,68,54,21,13,8,52,18,34,3,0,3,46,37,9,0,0,0,0,0,0,0,0,0,0,0,0,0,0,0,1183,341,842
29,573,0116,614154,0000,000000,KARNATAKA,Mandya,VILLAGE,Hosa Koppal,Rural,0,0,0,0,0,0,0,0,0,0,0,0,0,0,0,0,0,0,0,0,0,0,0,0,0,0,0,0,0,0,0,0,0,0,0,0,0,0,0,0,0,0,0,0,0,0,0,0,0,0,0,0,0,0,0,0,0,0,0,0,0,0,0,0,0,0,0,0,0,0,0,0,0,0,0,0,0,0,0,0,0,0,0,0,0
29,573,0116,614155,0000,000000,KARNATAKA,Mandya,VILLAGE,Aralakuppenala,Rural,0,0,0,0,0,0,0,0,0,0,0,0,0,0,0,0,0,0,0,0,0,0,0,0,0,0,0,0,0,0,0,0,0,0,0,0,0,0,0,0,0,0,0,0,0,0,0,0,0,0,0,0,0,0,0,0,0,0,0,0,0,0,0,0,0,0,0,0,0,0,0,0,0,0,0,0,0,0,0,0,0,0,0,0,0
29,573,0116,614156,0000,000000,KARNATAKA,Mandya,VILLAGE,Chaluvarasanakoppal,Rural,183,750,352,398,74,36,38,25,15,10,0,0,0,549,284,265,201,68,133,403,226,177,389,217,172,159,126,33,59,33,26,32,3,29,139,55,84,14,9,5,5,5,0,3,2,1,0,0,0,6,2,4,14,9,5,5,5,0,3,2,1,0,0,0,6,2,4,0,0,0,0,0,0,0,0,0,0,0,0,0,0,0,347,126,221
29,573,0116,614157,0000,000000,KARNATAKA,Mandya,VILLAGE,Yenne Hole Koppal,Rural,268,1030,470,560,60,26,34,90,50,40,11,8,3,716,369,347,314,101,213,578,350,228,562,338,224,302,175,127,152,78,74,5,4,1,103,81,22,16,12,4,5,5,0,5,3,2,0,0,0,6,4,2,16,12,4,5,5,0,5,3,2,0,0,0,6,4,2,0,0,0,0,0,0,0,0,0,0,0,0,0,0,0,452,120,332
29,573,0116,614158,0000,000000,KARNATAKA,Mandya,VILLAGE,Hulkere,Rural,158,673,342,331,68,36,32,55,27,28,0,0,0,375,209,166,298,133,165,450,243,207,352,213,139,207,180,27,130,24,106,11,8,3,4,1,3,98,30,68,10,6,4,83,19,64,2,2,0,3,3,0,88,25,63,9,6,3,74,14,60,2,2,0,3,3,0,10,5,5,1,0,1,9,5,4,0,0,0,0,0,0,223,99,124
29,573,0116,614159,0000,000000,KARNATAKA,Mandya,VILLAGE,Kenchanahalli,Rural,175,681,360,321,48,27,21,47,21,26,0,0,0,363,221,142,318,139,179,453,242,211,419,234,185,321,184,137,78,38,40,1,0,1,19,12,7,34,8,26,6,1,5,11,3,8,1,0,1,16,4,12,26,7,19,3,0,3,9,3,6,1,0,1,13,4,9,8,1,7,3,1,2,2,0,2,0,0,0,3,0,3,228,118,110
29,573,0116,614160,0000,000000,KARNATAKA,Mandya,VILLAGE,Desavahalli,Rural,70,328,164,164,45,24,21,62,24,38,0,0,0,165,100,65,163,64,99,161,106,55,160,105,55,81,62,19,49,22,27,0,0,0,30,21,9,1,1,0,1,1,0,0,0,0,0,0,0,0,0,0,0,0,0,0,0,0,0,0,0,0,0,0,0,0,0,1,1,0,1,1,0,0,0,0,0,0,0,0,0,0,167,58,109
29,573,0116,614161,0000,000000,KARNATAKA,Mandya,VILLAGE,Pattanagere,Rural,84,330,173,157,34,20,14,5,3,2,0,0,0,175,110,65,155,63,92,167,115,52,163,113,50,81,64,17,41,17,24,1,1,0,40,31,9,4,2,2,1,1,0,0,0,0,0,0,0,3,1,2,3,1,2,0,0,0,0,0,0,0,0,0,3,1,2,1,1,0,1,1,0,0,0,0,0,0,0,0,0,0,163,58,105
29,573,0116,614162,0000,000000,KARNATAKA,Mandya,VILLAGE,Thonnur,Rural,392,1814,921,893,153,77,76,107,53,54,1,1,0,1149,676,473,665,245,420,926,526,400,891,507,384,543,343,200,262,107,155,6,4,2,80,53,27,35,19,16,15,9,6,7,2,5,1,0,1,12,8,4,33,18,15,14,8,6,6,2,4,1,0,1,12,8,4,2,1,1,1,1,0,1,0,1,0,0,0,0,0,0,888,395,493
29,573,0116,614163,0000,000000,KARNATAKA,Mandya,VILLAGE,Devarayanapatna,Rural,0,0,0,0,0,0,0,0,0,0,0,0,0,0,0,0,0,0,0,0,0,0,0,0,0,0,0,0,0,0,0,0,0,0,0,0,0,0,0,0,0,0,0,0,0,0,0,0,0,0,0,0,0,0,0,0,0,0,0,0,0,0,0,0,0,0,0,0,0,0,0,0,0,0,0,0,0,0,0,0,0,0,0,0,0
29,573,0116,614164,0000,000000,KARNATAKA,Mandya,VILLAGE,Ingalaguppe,Rural,209,894,443,451,97,44,53,10,6,4,0,0,0,529,295,234,365,148,217,405,288,117,400,285,115,300,225,75,52,21,31,4,4,0,44,35,9,5,3,2,1,1,0,2,1,1,1,0,1,1,1,0,4,3,1,1,1,0,2,1,1,0,0,0,1,1,0,1,0,1,0,0,0,0,0,0,1,0,1,0,0,0,489,155,334
29,573,0116,614165,0000,000000,KARNATAKA,Mandya,VILLAGE,Thirumalasagara Chatra,Rural,191,781,403,378,75,39,36,140,76,64,0,0,0,521,309,212,260,94,166,479,245,234,416,211,205,374,192,182,24,9,15,6,5,1,12,5,7,63,34,29,49,28,21,11,4,7,0,0,0,3,2,1,63,34,29,49,28,21,11,4,7,0,0,0,3,2,1,0,0,0,0,0,0,0,0,0,0,0,0,0,0,0,302,158,144
29,573,0116,614166,0000,000000,KARNATAKA,Mandya,VILLAGE,Baleathiguppe,Rural,205,830,423,407,79,46,33,188,92,96,3,2,1,469,281,188,361,142,219,352,268,84,330,264,66,220,202,18,101,53,48,0,0,0,9,9,0,22,4,18,6,2,4,16,2,14,0,0,0,0,0,0,22,4,18,6,2,4,16,2,14,0,0,0,0,0,0,0,0,0,0,0,0,0,0,0,0,0,0,0,0,0,478,155,323
29,573,0116,614167,0000,000000,KARNATAKA,Mandya,VILLAGE,Bittanayakanahalli,Rural,0,0,0,0,0,0,0,0,0,0,0,0,0,0,0,0,0,0,0,0,0,0,0,0,0,0,0,0,0,0,0,0,0,0,0,0,0,0,0,0,0,0,0,0,0,0,0,0,0,0,0,0,0,0,0,0,0,0,0,0,0,0,0,0,0,0,0,0,0,0,0,0,0,0,0,0,0,0,0,0,0,0,0,0,0
29,573,0116,614168,0000,000000,KARNATAKA,Mandya,VILLAGE,Koranahalli,Rural,0,0,0,0,0,0,0,0,0,0,0,0,0,0,0,0,0,0,0,0,0,0,0,0,0,0,0,0,0,0,0,0,0,0,0,0,0,0,0,0,0,0,0,0,0,0,0,0,0,0,0,0,0,0,0,0,0,0,0,0,0,0,0,0,0,0,0,0,0,0,0,0,0,0,0,0,0,0,0,0,0,0,0,0,0
29,573,0116,614169,0000,000000,KARNATAKA,Mandya,VILLAGE,Ganadahosur,Rural,139,526,257,269,45,23,22,1,1,0,4,1,3,316,169,147,210,88,122,362,181,181,193,180,13,157,152,5,28,20,8,1,1,0,7,7,0,169,1,168,13,0,13,156,1,155,0,0,0,0,0,0,89,0,89,9,0,9,80,0,80,0,0,0,0,0,0,80,1,79,4,0,4,76,1,75,0,0,0,0,0,0,164,76,88
29,573,0116,614170,0000,000000,KARNATAKA,Mandya,VILLAGE,Nuggahalli,Rural,200,876,445,431,125,70,55,58,28,30,0,0,0,518,299,219,358,146,212,579,296,283,570,294,276,331,255,76,212,25,187,0,0,0,27,14,13,9,2,7,5,0,5,3,1,2,0,0,0,1,1,0,8,2,6,5,0,5,2,1,1,0,0,0,1,1,0,1,0,1,0,0,0,1,0,1,0,0,0,0,0,0,297,149,148
29,573,0116,614171,0000,000000,KARNATAKA,Mandya,VILLAGE,Kurahatti,Rural,101,514,264,250,50,23,27,0,0,0,4,2,2,356,204,152,158,60,98,365,199,166,306,175,131,243,143,100,22,8,14,35,21,14,6,3,3,59,24,35,35,14,21,5,2,3,1,1,0,18,7,11,55,20,35,35,14,21,5,2,3,0,0,0,15,4,11,4,4,0,0,0,0,0,0,0,1,1,0,3,3,0,149,65,84
29,573,0116,614172,0000,000000,KARNATAKA,Mandya,VILLAGE,Vadesamudra,Rural,359,1604,833,771,186,92,94,172,88,84,0,0,0,928,547,381,676,286,390,882,529,353,786,500,286,517,377,140,209,79,130,6,5,1,54,39,15,96,29,67,19,9,10,47,8,39,15,7,8,15,5,10,78,20,58,17,8,9,42,5,37,7,4,3,12,3,9,18,9,9,2,1,1,5,3,2,8,3,5,3,2,1,722,304,418
29,573,0116,614173,0000,000000,KARNATAKA,Mandya,VILLAGE,Agatahalli,Rural,146,617,329,288,67,37,30,65,30,35,0,0,0,281,181,100,336,148,188,299,210,89,276,206,70,153,140,13,112,61,51,0,0,0,11,5,6,23,4,19,1,0,1,20,2,18,0,0,0,2,2,0,22,3,19,1,0,1,20,2,18,0,0,0,1,1,0,1,1,0,0,0,0,0,0,0,0,0,0,1,1,0,318,119,199
29,573,0116,614174,0000,000000,KARNATAKA,Mandya,VILLAGE,Dodda Byadarahalli,Rural,491,1979,1001,978,184,100,84,16,10,6,6,3,3,1299,707,592,680,294,386,1069,669,400,963,615,348,382,300,82,450,227,223,1,1,0,130,87,43,106,54,52,14,12,2,39,3,36,0,0,0,53,39,14,105,53,52,14,12,2,39,3,36,0,0,0,52,38,14,1,1,0,0,0,0,0,0,0,0,0,0,1,1,0,910,332,578
29,573,0116,614175,0000,000000,KARNATAKA,Mandya,VILLAGE,Talasasana,Rural,298,1273,643,630,112,58,54,231,107,124,0,0,0,799,460,339,474,183,291,853,447,406,810,443,367,495,360,135,307,76,231,0,0,0,8,7,1,43,4,39,2,1,1,38,1,37,0,0,0,3,2,1,43,4,39,2,1,1,38,1,37,0,0,0,3,2,1,0,0,0,0,0,0,0,0,0,0,0,0,0,0,0,420,196,224
29,573,0116,614176,0000,000000,KARNATAKA,Mandya,VILLAGE,Chikkabyadarahalli,Rural,316,1364,668,696,149,80,69,140,66,74,0,0,0,897,478,419,467,190,277,641,438,203,637,436,201,381,285,96,190,110,80,1,1,0,65,40,25,4,2,2,0,0,0,2,1,1,0,0,0,2,1,1,4,2,2,0,0,0,2,1,1,0,0,0,2,1,1,0,0,0,0,0,0,0,0,0,0,0,0,0,0,0,723,230,493
29,573,0116,614177,0000,000000,KARNATAKA,Mandya,VILLAGE,Kanagana Maradi,Rural,409,1824,923,901,169,92,77,216,105,111,0,0,0,1147,647,500,677,276,401,882,634,248,847,624,223,439,376,63,289,156,133,3,3,0,116,89,27,35,10,25,20,4,16,10,3,7,0,0,0,5,3,2,32,9,23,17,3,14,10,3,7,0,0,0,5,3,2,3,1,2,3,1,2,0,0,0,0,0,0,0,0,0,942,289,653
29,573,0116,614178,0000,000000,KARNATAKA,Mandya,VILLAGE,Thirumalapura,Rural,105,512,247,265,62,29,33,429,208,221,0,0,0,280,148,132,232,99,133,268,150,118,259,149,110,50,34,16,185,103,82,16,8,8,8,4,4,9,1,8,1,0,1,7,0,7,1,1,0,0,0,0,9,1,8,1,0,1,7,0,7,1,1,0,0,0,0,0,0,0,0,0,0,0,0,0,0,0,0,0,0,0,244,97,147
29,573,0116,614179,0000,000000,KARNATAKA,Mandya,VILLAGE,Madake Patna,Rural,9,44,20,24,6,2,4,36,16,20,0,0,0,23,13,10,21,7,14,22,12,10,22,12,10,0,0,0,11,7,4,6,3,3,5,2,3,0,0,0,0,0,0,0,0,0,0,0,0,0,0,0,0,0,0,0,0,0,0,0,0,0,0,0,0,0,0,0,0,0,0,0,0,0,0,0,0,0,0,0,0,0,22,8,14
29,573,0116,614180,0000,000000,KARNATAKA,Mandya,VILLAGE,Chikkamaralli,Rural,356,1486,737,749,143,77,66,131,69,62,6,1,5,902,504,398,584,233,351,750,506,244,688,473,215,240,217,23,252,122,130,4,1,3,192,133,59,62,33,29,4,2,2,10,2,8,6,5,1,42,24,18,27,15,12,4,2,2,1,0,1,5,5,0,17,8,9,35,18,17,0,0,0,9,2,7,1,0,1,25,16,9,736,231,505
29,573,0116,614181,0000,000000,KARNATAKA,Mandya,VILLAGE,Hiremarali,Rural,1054,4254,2101,2153,424,222,202,280,135,145,11,4,7,2536,1357,1179,1718,744,974,2137,1402,735,1845,1315,530,774,661,113,795,445,350,18,14,4,258,195,63,292,87,205,73,33,40,184,35,149,7,3,4,28,16,12,287,86,201,72,32,40,184,35,149,5,3,2,26,16,10,5,1,4,1,1,0,0,0,0,2,0,2,2,0,2,2117,699,1418
29,573,0116,614182,0000,000000,KARNATAKA,Mandya,VILLAGE,Mattakere,Rural,0,0,0,0,0,0,0,0,0,0,0,0,0,0,0,0,0,0,0,0,0,0,0,0,0,0,0,0,0,0,0,0,0,0,0,0,0,0,0,0,0,0,0,0,0,0,0,0,0,0,0,0,0,0,0,0,0,0,0,0,0,0,0,0,0,0,0,0,0,0,0,0,0,0,0,0,0,0,0,0,0,0,0,0,0
29,573,0116,614183,0000,000000,KARNATAKA,Mandya,VILLAGE,Chikkade,Rural,895,3729,1858,1871,327,170,157,355,172,183,96,53,43,2464,1359,1105,1265,499,766,2170,1242,928,1907,1149,758,962,652,310,723,340,383,23,16,7,199,141,58,263,93,170,31,12,19,207,68,139,2,1,1,23,12,11,262,93,169,31,12,19,207,68,139,2,1,1,22,12,10,1,0,1,0,0,0,0,0,0,0,0,0,1,0,1,1559,616,943
29,573,0116,614184,0000,000000,KARNATAKA,Mandya,VILLAGE,Pattasomanahalli,Rural,473,1915,940,975,175,90,85,432,211,221,1,1,0,1188,642,546,727,298,429,915,642,273,791,599,192,285,267,18,330,181,149,15,9,6,161,142,19,124,43,81,20,4,16,95,35,60,3,1,2,6,3,3,116,39,77,19,3,16,91,32,59,2,1,1,4,3,1,8,4,4,1,1,0,4,3,1,1,0,1,2,0,2,1000,298,702
29,573,0116,614185,0000,000000,KARNATAKA,Mandya,VILLAGE,Thyavadahalli,Rural,0,0,0,0,0,0,0,0,0,0,0,0,0,0,0,0,0,0,0,0,0,0,0,0,0,0,0,0,0,0,0,0,0,0,0,0,0,0,0,0,0,0,0,0,0,0,0,0,0,0,0,0,0,0,0,0,0,0,0,0,0,0,0,0,0,0,0,0,0,0,0,0,0,0,0,0,0,0,0,0,0,0,0,0,0
29,573,0116,614186,0000,000000,KARNATAKA,Mandya,VILLAGE,Mugur Koppal,Rural,0,0,0,0,0,0,0,0,0,0,0,0,0,0,0,0,0,0,0,0,0,0,0,0,0,0,0,0,0,0,0,0,0,0,0,0,0,0,0,0,0,0,0,0,0,0,0,0,0,0,0,0,0,0,0,0,0,0,0,0,0,0,0,0,0,0,0,0,0,0,0,0,0,0,0,0,0,0,0,0,0,0,0,0,0
29,573,0116,614187,0000,000000,KARNATAKA,Mandya,VILLAGE,Kachenahalli,Rural,0,0,0,0,0,0,0,0,0,0,0,0,0,0,0,0,0,0,0,0,0,0,0,0,0,0,0,0,0,0,0,0,0,0,0,0,0,0,0,0,0,0,0,0,0,0,0,0,0,0,0,0,0,0,0,0,0,0,0,0,0,0,0,0,0,0,0,0,0,0,0,0,0,0,0,0,0,0,0,0,0,0,0,0,0
29,573,0116,614188,0000,000000,KARNATAKA,Mandya,VILLAGE,Haralahalli,Rural,361,1486,730,756,130,66,64,489,241,248,39,18,21,1028,551,477,458,179,279,751,480,271,737,470,267,99,81,18,513,289,224,0,0,0,125,100,25,14,10,4,0,0,0,1,1,0,0,0,0,13,9,4,14,10,4,0,0,0,1,1,0,0,0,0,13,9,4,0,0,0,0,0,0,0,0,0,0,0,0,0,0,0,735,250,485
29,573,0116,614189,0000,000000,KARNATAKA,Mandya,VILLAGE,Pandavapura (Hirode) Rural,Rural,0,0,0,0,0,0,0,0,0,0,0,0,0,0,0,0,0,0,0,0,0,0,0,0,0,0,0,0,0,0,0,0,0,0,0,0,0,0,0,0,0,0,0,0,0,0,0,0,0,0,0,0,0,0,0,0,0,0,0,0,0,0,0,0,0,0,0,0,0,0,0,0,0,0,0,0,0,0,0,0,0,0,0,0,0
29,573,0116,614190,0000,000000,KARNATAKA,Mandya,VILLAGE,Beerasettihalli,Rural,0,0,0,0,0,0,0,0,0,0,0,0,0,0,0,0,0,0,0,0,0,0,0,0,0,0,0,0,0,0,0,0,0,0,0,0,0,0,0,0,0,0,0,0,0,0,0,0,0,0,0,0,0,0,0,0,0,0,0,0,0,0,0,0,0,0,0,0,0,0,0,0,0,0,0,0,0,0,0,0,0,0,0,0,0
29,573,0116,614191,0000,000000,KARNATAKA,Mandya,VILLAGE,Bevinakuppe,Rural,391,1625,822,803,161,87,74,73,40,33,19,10,9,918,535,383,707,287,420,611,531,80,598,524,74,434,420,14,107,56,51,14,14,0,43,34,9,13,7,6,3,1,2,4,1,3,0,0,0,6,5,1,9,4,5,3,1,2,4,1,3,0,0,0,2,2,0,4,3,1,0,0,0,0,0,0,0,0,0,4,3,1,1014,291,723
29,573,0116,614192,0000,000000,KARNATAKA,Mandya,VILLAGE,Banaghatta,Rural,134,572,289,283,65,29,36,38,20,18,1,1,0,314,182,132,258,107,151,242,200,42,207,192,15,129,129,0,29,23,6,3,2,1,46,38,8,35,8,27,5,4,1,27,3,24,0,0,0,3,1,2,25,8,17,5,4,1,17,3,14,0,0,0,3,1,2,10,0,10,0,0,0,10,0,10,0,0,0,0,0,0,330,89,241
29,573,0116,614193,0000,000000,KARNATAKA,Mandya,VILLAGE,Kodihalli Hosur,Rural,243,1102,566,536,127,71,56,60,34,26,5,4,1,573,315,258,529,251,278,485,367,118,466,361,105,326,272,54,57,34,23,15,13,2,68,42,26,19,6,13,3,2,1,10,3,7,2,0,2,4,1,3,19,6,13,3,2,1,10,3,7,2,0,2,4,1,3,0,0,0,0,0,0,0,0,0,0,0,0,0,0,0,617,199,418
29,573,0116,614194,0000,000000,KARNATAKA,Mandya,VILLAGE,Sankanahalli,Rural,80,355,184,171,39,23,16,79,42,37,3,2,1,212,123,89,143,61,82,237,130,107,136,106,30,103,77,26,1,1,0,11,9,2,21,19,2,101,24,77,71,12,59,7,1,6,5,1,4,18,10,8,55,18,37,28,7,21,5,1,4,4,0,4,18,10,8,46,6,40,43,5,38,2,0,2,1,1,0,0,0,0,118,54,64
29,573,0116,614195,0000,000000,KARNATAKA,Mandya,VILLAGE,Rangana Koppal,Rural,0,0,0,0,0,0,0,0,0,0,0,0,0,0,0,0,0,0,0,0,0,0,0,0,0,0,0,0,0,0,0,0,0,0,0,0,0,0,0,0,0,0,0,0,0,0,0,0,0,0,0,0,0,0,0,0,0,0,0,0,0,0,0,0,0,0,0,0,0,0,0,0,0,0,0,0,0,0,0,0,0,0,0,0,0
29,573,0116,614196,0000,000000,KARNATAKA,Mandya,VILLAGE,Chandre,Rural,222,1008,513,495,97,50,47,193,93,100,0,0,0,601,331,270,407,182,225,404,325,79,364,318,46,200,199,1,125,88,37,0,0,0,39,31,8,40,7,33,4,1,3,30,2,28,0,0,0,6,4,2,30,6,24,4,1,3,22,2,20,0,0,0,4,3,1,10,1,9,0,0,0,8,0,8,0,0,0,2,1,1,604,188,416
29,573,0116,614197,0000,000000,KARNATAKA,Mandya,VILLAGE,Bijjanahalli,Rural,16,62,32,30,9,4,5,48,25,23,0,0,0,23,12,11,39,20,19,37,25,12,37,25,12,0,0,0,0,0,0,0,0,0,37,25,12,0,0,0,0,0,0,0,0,0,0,0,0,0,0,0,0,0,0,0,0,0,0,0,0,0,0,0,0,0,0,0,0,0,0,0,0,0,0,0,0,0,0,0,0,0,25,7,18
29,573,0116,614198,0000,000000,KARNATAKA,Mandya,VILLAGE,Purusanakoppalu,Rural,0,0,0,0,0,0,0,0,0,0,0,0,0,0,0,0,0,0,0,0,0,0,0,0,0,0,0,0,0,0,0,0,0,0,0,0,0,0,0,0,0,0,0,0,0,0,0,0,0,0,0,0,0,0,0,0,0,0,0,0,0,0,0,0,0,0,0,0,0,0,0,0,0,0,0,0,0,0,0,0,0,0,0,0,0
29,573,0116,614199,0000,000000,KARNATAKA,Mandya,VILLAGE,Vaddarahalli,Rural,356,1481,777,704,131,70,61,153,83,70,64,36,28,801,480,321,680,297,383,730,526,204,710,515,195,532,399,133,85,43,42,1,0,1,92,73,19,20,11,9,10,4,6,3,1,2,0,0,0,7,6,1,20,11,9,10,4,6,3,1,2,0,0,0,7,6,1,0,0,0,0,0,0,0,0,0,0,0,0,0,0,0,751,251,500
29,573,0116,614200,0000,000000,KARNATAKA,Mandya,VILLAGE,Hullikere Koppalu,Rural,118,547,283,264,65,36,29,0,0,0,0,0,0,322,187,135,225,96,129,353,187,166,216,180,36,68,63,5,104,82,22,1,1,0,43,34,9,137,7,130,5,2,3,127,2,125,0,0,0,5,3,2,136,7,129,5,2,3,126,2,124,0,0,0,5,3,2,1,0,1,0,0,0,1,0,1,0,0,0,0,0,0,194,96,98
29,573,0116,614201,0000,000000,KARNATAKA,Mandya,VILLAGE,Chagasettihalli,Rural,104,472,247,225,49,22,27,0,0,0,0,0,0,353,212,141,119,35,84,315,174,141,303,165,138,242,143,99,10,5,5,0,0,0,51,17,34,12,9,3,7,6,1,1,1,0,0,0,0,4,2,2,11,8,3,6,5,1,1,1,0,0,0,0,4,2,2,1,1,0,1,1,0,0,0,0,0,0,0,0,0,0,157,73,84
29,573,0116,614202,0000,000000,KARNATAKA,Mandya,VILLAGE,Shyadanahalli,Rural,224,926,452,474,87,43,44,226,106,120,0,0,0,548,287,261,378,165,213,575,324,251,567,320,247,307,166,141,197,102,95,17,14,3,46,38,8,8,4,4,1,1,0,5,2,3,0,0,0,2,1,1,8,4,4,1,1,0,5,2,3,0,0,0,2,1,1,0,0,0,0,0,0,0,0,0,0,0,0,0,0,0,351,128,223
29,573,0116,614203,0000,000000,KARNATAKA,Mandya,VILLAGE,Molenahalli,Rural,0,0,0,0,0,0,0,0,0,0,0,0,0,0,0,0,0,0,0,0,0,0,0,0,0,0,0,0,0,0,0,0,0,0,0,0,0,0,0,0,0,0,0,0,0,0,0,0,0,0,0,0,0,0,0,0,0,0,0,0,0,0,0,0,0,0,0,0,0,0,0,0,0,0,0,0,0,0,0,0,0,0,0,0,0
29,573,0116,614204,0000,000000,KARNATAKA,Mandya,VILLAGE,Mandibettahalli,Rural,127,579,273,306,52,27,25,255,115,140,0,0,0,354,191,163,225,82,143,391,196,195,262,128,134,147,80,67,99,39,60,6,4,2,10,5,5,129,68,61,48,33,15,29,10,19,5,4,1,47,21,26,129,68,61,48,33,15,29,10,19,5,4,1,47,21,26,0,0,0,0,0,0,0,0,0,0,0,0,0,0,0,188,77,111
29,573,0116,614205,0000,000000,KARNATAKA,Mandya,VILLAGE,Kurubarabettahalli,Rural,406,1887,925,962,207,107,100,15,7,8,13,5,8,1152,621,531,735,304,431,925,607,318,815,553,262,553,368,185,75,37,38,12,9,3,175,139,36,110,54,56,13,3,10,17,2,15,4,1,3,76,48,28,94,47,47,12,3,9,12,2,10,4,1,3,66,41,25,16,7,9,1,0,1,5,0,5,0,0,0,10,7,3,962,318,644
29,573,0116,614206,0000,000000,KARNATAKA,Mandya,VILLAGE,Shamboonahalli,Rural,221,865,433,432,92,60,32,1,1,0,4,2,2,455,251,204,410,182,228,535,301,234,472,245,227,138,113,25,223,48,175,7,2,5,104,82,22,63,56,7,5,5,0,58,51,7,0,0,0,0,0,0,62,56,6,5,5,0,57,51,6,0,0,0,0,0,0,1,0,1,0,0,0,1,0,1,0,0,0,0,0,0,330,132,198
29,573,0116,614207,0000,000000,KARNATAKA,Mandya,VILLAGE,Harohalli *,Rural,0,0,0,0,0,0,0,0,0,0,0,0,0,0,0,0,0,0,0,0,0,0,0,0,0,0,0,0,0,0,0,0,0,0,0,0,0,0,0,0,0,0,0,0,0,0,0,0,0,0,0,0,0,0,0,0,0,0,0,0,0,0,0,0,0,0,0,0,0,0,0,0,0,0,0,0,0,0,0,0,0,0,0,0,0
29,573,0116,614208,0000,000000,KARNATAKA,Mandya,VILLAGE,Damadahalli,Rural,382,1612,779,833,170,82,88,203,99,104,9,5,4,1098,581,517,514,198,316,723,528,195,696,512,184,294,252,42,257,146,111,9,7,2,136,107,29,27,16,11,8,4,4,8,2,6,0,0,0,11,10,1,21,15,6,4,3,1,7,2,5,0,0,0,10,10,0,6,1,5,4,1,3,1,0,1,0,0,0,1,0,1,889,251,638
29,573,0116,614209,0000,000000,KARNATAKA,Mandya,VILLAGE,Kennalu,Rural,1683,6973,3476,3497,720,338,382,651,320,331,473,238,235,4964,2719,2245,2009,757,1252,2841,2173,668,2526,1980,546,709,631,78,736,445,291,34,26,8,1047,878,169,315,193,122,75,39,36,47,19,28,16,10,6,177,125,52,275,174,101,65,34,31,42,18,24,11,8,3,157,114,43,40,19,21,10,5,5,5,1,4,5,2,3,20,11,9,4132,1303,2829
29,573,0116,614210,0000,000000,KARNATAKA,Mandya,VILLAGE,Manchanahalli,Rural,1078,4237,2057,2180,357,184,173,764,348,416,340,170,170,2736,1460,1276,1501,597,904,1927,1316,611,1466,1065,401,386,350,36,592,352,240,30,23,7,458,340,118,461,251,210,47,34,13,268,126,142,8,4,4,138,87,51,454,248,206,47,34,13,266,126,140,7,3,4,134,85,49,7,3,4,0,0,0,2,0,2,1,1,0,4,2,2,2310,741,1569
29,573,0116,614211,0000,000000,KARNATAKA,Mandya,VILLAGE,Yelekere,Rural,475,1790,882,908,168,85,83,245,119,126,138,69,69,1102,607,495,688,275,413,831,553,278,778,516,262,219,187,32,431,239,192,4,4,0,124,86,38,53,37,16,8,7,1,21,14,7,1,1,0,23,15,8,46,33,13,7,6,1,18,13,5,1,1,0,20,13,7,7,4,3,1,1,0,3,1,2,0,0,0,3,2,1,959,329,630
29,573,0116,614212,0000,000000,KARNATAKA,Mandya,VILLAGE,Ukkada,Rural,173,655,328,327,54,24,30,142,69,73,97,46,51,305,172,133,350,156,194,406,237,169,386,230,156,6,3,3,349,207,142,1,1,0,30,19,11,20,7,13,0,0,0,14,5,9,0,0,0,6,2,4,20,7,13,0,0,0,14,5,9,0,0,0,6,2,4,0,0,0,0,0,0,0,0,0,0,0,0,0,0,0,249,91,158
29,573,0116,614213,0000,000000,KARNATAKA,Mandya,VILLAGE,Kyathanahalli,Rural,684,2499,1217,1282,166,94,72,124,65,59,46,22,24,1755,934,821,744,283,461,1171,827,344,1103,792,311,548,434,114,250,126,124,10,8,2,295,224,71,68,35,33,11,2,9,9,7,2,3,3,0,45,23,22,62,34,28,10,2,8,9,7,2,3,3,0,40,22,18,6,1,5,1,0,1,0,0,0,0,0,0,5,1,4,1328,390,938
29,573,0116,614214,0000,000000,KARNATAKA,Mandya,VILLAGE,Puttayyanakoppalu,Rural,92,340,165,175,18,10,8,36,17,19,66,31,35,222,121,101,118,44,74,188,119,69,185,117,68,69,53,16,106,56,50,0,0,0,10,8,2,3,2,1,0,0,0,1,1,0,0,0,0,2,1,1,3,2,1,0,0,0,1,1,0,0,0,0,2,1,1,0,0,0,0,0,0,0,0,0,0,0,0,0,0,0,152,46,106
29,573,0117,000000,0000,000000,KARNATAKA,Mandya,CD BLOCK,Shrirangapattana ,Total,37499,155130,77666,77464,15208,7837,7371,24522,12083,12439,2879,1439,1440,99931,54650,45281,55199,23016,32183,75276,50386,24890,61133,43372,17761,23314,18613,4701,17563,9757,7806,1473,1023,450,18783,13979,4804,14143,7014,7129,2294,1074,1220,6093,2505,3588,691,333,358,5065,3102,1963,12680,6305,6375,2140,1024,1116,5670,2336,3334,563,275,288,4307,2670,1637,1463,709,754,154,50,104,423,169,254,128,58,70,758,432,326,79854,27280,52574
29,573,0117,000000,0000,000000,KARNATAKA,Mandya,CD BLOCK,Shrirangapattana ,Rural,35321,146056,73151,72905,14228,7348,6880,23105,11358,11747,2387,1186,1201,93420,51165,42255,52636,21986,30650,71544,47700,23844,58169,41106,17063,23129,18456,4673,17228,9533,7695,1442,1007,435,16370,12110,4260,13375,6594,6781,2276,1070,1206,5947,2451,3496,680,326,354,4472,2747,1725,12126,6016,6110,2122,1020,1102,5595,2318,3277,552,268,284,3857,2410,1447,1249,578,671,154,50,104,352,133,219,128,58,70,615,337,278,74512,25451,49061
29,573,0117,000000,0000,000000,KARNATAKA,Mandya,CD BLOCK,Shrirangapattana ,Urban,2178,9074,4515,4559,980,489,491,1417,725,692,492,253,239,6511,3485,3026,2563,1030,1533,3732,2686,1046,2964,2266,698,185,157,28,335,224,111,31,16,15,2413,1869,544,768,420,348,18,4,14,146,54,92,11,7,4,593,355,238,554,289,265,18,4,14,75,18,57,11,7,4,450,260,190,214,131,83,0,0,0,71,36,35,0,0,0,143,95,48,5342,1829,3513
29,573,0117,614215,0000,000000,KARNATAKA,Mandya,VILLAGE,Kadathanalu,Rural,441,1841,910,931,172,93,79,293,137,156,42,21,21,1285,685,600,556,225,331,817,612,205,736,545,191,199,187,12,226,142,84,34,34,0,277,182,95,81,67,14,19,16,3,20,14,6,1,1,0,41,36,5,77,64,13,18,16,2,19,13,6,1,1,0,39,34,5,4,3,1,1,0,1,1,1,0,0,0,0,2,2,0,1024,298,726
29,573,0117,614216,0000,000000,KARNATAKA,Mandya,VILLAGE,Makanakoppalu,Rural,61,222,109,113,16,11,5,12,7,5,6,3,3,100,55,45,122,54,68,136,75,61,134,74,60,1,1,0,110,58,52,0,0,0,23,15,8,2,1,1,0,0,0,0,0,0,0,0,0,2,1,1,2,1,1,0,0,0,0,0,0,0,0,0,2,1,1,0,0,0,0,0,0,0,0,0,0,0,0,0,0,0,86,34,52
29,573,0117,614217,0000,000000,KARNATAKA,Mandya,VILLAGE,Achappana Koppalu,Rural,238,927,463,464,73,45,28,4,3,1,8,5,3,578,325,253,349,138,211,524,323,201,520,320,200,191,142,49,277,139,138,1,1,0,51,38,13,4,3,1,2,1,1,0,0,0,0,0,0,2,2,0,4,3,1,2,1,1,0,0,0,0,0,0,2,2,0,0,0,0,0,0,0,0,0,0,0,0,0,0,0,0,403,140,263
29,573,0117,614218,0000,000000,KARNATAKA,Mandya,VILLAGE,Doddegowdanakoppalu,Rural,85,342,166,176,41,18,23,122,61,61,15,9,6,225,127,98,117,39,78,170,118,52,60,53,7,36,33,3,1,1,0,0,0,0,23,19,4,110,65,45,1,1,0,86,46,40,1,0,1,22,18,4,61,37,24,1,1,0,42,23,19,1,0,1,17,13,4,49,28,21,0,0,0,44,23,21,0,0,0,5,5,0,172,48,124
29,573,0117,614219,0000,000000,KARNATAKA,Mandya,VILLAGE,Agrahara,Rural,31,118,58,60,12,6,6,0,0,0,0,0,0,71,40,31,47,18,29,58,38,20,20,17,3,16,15,1,0,0,0,0,0,0,4,2,2,38,21,17,0,0,0,31,16,15,0,0,0,7,5,2,37,21,16,0,0,0,30,16,14,0,0,0,7,5,2,1,0,1,0,0,0,1,0,1,0,0,0,0,0,0,60,20,40
29,573,0117,614220,0000,000000,KARNATAKA,Mandya,VILLAGE,Rampura,Rural,207,815,412,403,77,44,33,222,110,112,4,3,1,533,297,236,282,115,167,375,247,128,373,246,127,108,94,14,217,111,106,1,1,0,47,40,7,2,1,1,0,0,0,1,0,1,0,0,0,1,1,0,2,1,1,0,0,0,1,0,1,0,0,0,1,1,0,0,0,0,0,0,0,0,0,0,0,0,0,0,0,0,440,165,275
29,573,0117,614221,0000,000000,KARNATAKA,Mandya,VILLAGE,Kirangur,Rural,1938,7653,3781,3872,757,391,366,1265,606,659,314,148,166,5100,2761,2339,2553,1020,1533,3358,2441,917,2787,2110,677,698,595,103,842,566,276,75,44,31,1172,905,267,571,331,240,27,19,8,362,183,179,24,12,12,158,117,41,523,299,224,21,16,5,351,177,174,20,11,9,131,95,36,48,32,16,6,3,3,11,6,5,4,1,3,27,22,5,4295,1340,2955
29,573,0117,614222,0000,000000,KARNATAKA,Mandya,VILLAGE,Darasaguppe,Rural,336,1293,657,636,107,51,56,1,1,0,50,26,24,966,531,435,327,126,201,517,399,118,393,323,70,219,187,32,38,24,14,16,15,1,120,97,23,124,76,48,24,20,4,52,34,18,6,1,5,42,21,21,117,75,42,24,20,4,50,34,16,6,1,5,37,20,17,7,1,6,0,0,0,2,0,2,0,0,0,5,1,4,776,258,518
29,573,0117,614223,0000,000000,KARNATAKA,Mandya,VILLAGE,Nelamane,Rural,740,2894,1411,1483,257,140,117,175,79,96,182,86,96,1925,1017,908,969,394,575,1489,982,507,1383,925,458,444,396,48,785,413,372,15,11,4,139,105,34,106,57,49,30,24,6,28,14,14,7,3,4,41,16,25,106,57,49,30,24,6,28,14,14,7,3,4,41,16,25,0,0,0,0,0,0,0,0,0,0,0,0,0,0,0,1405,429,976
29,573,0117,614224,0000,000000,KARNATAKA,Mandya,VILLAGE,Chindagirikoppalu,Rural,317,1325,644,681,134,65,69,108,49,59,17,10,7,873,470,403,452,174,278,644,407,237,547,360,187,247,163,84,185,115,70,0,0,0,115,82,33,97,47,50,27,14,13,45,13,32,0,0,0,25,20,5,97,47,50,27,14,13,45,13,32,0,0,0,25,20,5,0,0,0,0,0,0,0,0,0,0,0,0,0,0,0,681,237,444
29,573,0117,614225,0000,000000,KARNATAKA,Mandya,VILLAGE,Chinnenahalli,Rural,261,1033,518,515,61,36,25,168,75,93,0,0,0,663,352,311,370,166,204,488,357,131,420,311,109,227,206,21,111,56,55,3,3,0,79,46,33,68,46,22,28,21,7,14,7,7,0,0,0,26,18,8,55,37,18,26,20,6,14,7,7,0,0,0,15,10,5,13,9,4,2,1,1,0,0,0,0,0,0,11,8,3,545,161,384
29,573,0117,614226,0000,000000,KARNATAKA,Mandya,VILLAGE,Siddapura,Rural,240,977,504,473,113,69,44,168,85,83,7,2,5,600,348,252,377,156,221,511,341,170,479,323,156,152,140,12,99,18,81,14,12,2,214,153,61,32,18,14,6,4,2,7,4,3,0,0,0,19,10,9,32,18,14,6,4,2,7,4,3,0,0,0,19,10,9,0,0,0,0,0,0,0,0,0,0,0,0,0,0,0,466,163,303
29,573,0117,614227,0000,000000,KARNATAKA,Mandya,VILLAGE,Ganangooru,Rural,301,1524,891,633,159,86,73,519,283,236,9,9,0,992,672,320,532,219,313,688,436,252,654,424,230,353,285,68,235,98,137,1,1,0,65,40,25,34,12,22,4,1,3,9,2,7,1,0,1,20,9,11,15,5,10,3,1,2,7,2,5,0,0,0,5,2,3,19,7,12,1,0,1,2,0,2,1,0,1,15,7,8,836,455,381
29,573,0117,614228,0000,000000,KARNATAKA,Mandya,VILLAGE,Gowdahalli,Rural,211,872,453,419,87,50,37,6,4,2,0,0,0,543,297,246,329,156,173,555,297,258,552,295,257,488,258,230,34,16,18,0,0,0,30,21,9,3,2,1,2,1,1,0,0,0,0,0,0,1,1,0,3,2,1,2,1,1,0,0,0,0,0,0,1,1,0,0,0,0,0,0,0,0,0,0,0,0,0,0,0,0,317,156,161
29,573,0117,614229,0000,000000,KARNATAKA,Mandya,VILLAGE,T.M.Hosur,Rural,396,1534,774,760,109,50,59,32,15,17,4,2,2,1065,587,478,469,187,282,726,529,197,581,484,97,394,351,43,59,29,30,18,16,2,110,88,22,145,45,100,29,8,21,44,12,32,20,3,17,52,22,30,131,39,92,29,8,21,40,11,29,18,2,16,44,18,26,14,6,8,0,0,0,4,1,3,2,1,1,8,4,4,808,245,563
29,573,0117,614230,0000,000000,KARNATAKA,Mandya,VILLAGE,Kalenahalli,Rural,141,525,256,269,64,31,33,289,134,155,0,0,0,210,113,97,315,143,172,298,174,124,284,169,115,19,17,2,42,19,23,0,0,0,223,133,90,14,5,9,0,0,0,6,3,3,0,0,0,8,2,6,14,5,9,0,0,0,6,3,3,0,0,0,8,2,6,0,0,0,0,0,0,0,0,0,0,0,0,0,0,0,227,82,145
29,573,0117,614231,0000,000000,KARNATAKA,Mandya,VILLAGE,Neelana Koppalu,Rural,165,736,362,374,81,48,33,368,179,189,42,24,18,438,223,215,298,139,159,509,255,254,61,46,15,26,18,8,19,16,3,8,6,2,8,6,2,448,209,239,19,12,7,324,151,173,63,28,35,42,18,24,443,205,238,19,12,7,324,151,173,63,28,35,37,14,23,5,4,1,0,0,0,0,0,0,0,0,0,5,4,1,227,107,120
29,573,0117,614232,0000,000000,KARNATAKA,Mandya,VILLAGE,Nagaraghatta Kaval,Rural,0,0,0,0,0,0,0,0,0,0,0,0,0,0,0,0,0,0,0,0,0,0,0,0,0,0,0,0,0,0,0,0,0,0,0,0,0,0,0,0,0,0,0,0,0,0,0,0,0,0,0,0,0,0,0,0,0,0,0,0,0,0,0,0,0,0,0,0,0,0,0,0,0,0,0,0,0,0,0,0,0,0,0,0,0
29,573,0117,614233,0000,000000,KARNATAKA,Mandya,VILLAGE,Nagaraghatta,Rural,0,0,0,0,0,0,0,0,0,0,0,0,0,0,0,0,0,0,0,0,0,0,0,0,0,0,0,0,0,0,0,0,0,0,0,0,0,0,0,0,0,0,0,0,0,0,0,0,0,0,0,0,0,0,0,0,0,0,0,0,0,0,0,0,0,0,0,0,0,0,0,0,0,0,0,0,0,0,0,0,0,0,0,0,0
29,573,0117,614234,0000,000000,KARNATAKA,Mandya,VILLAGE,M.Shettihalli,Rural,374,1594,788,806,96,57,39,432,206,226,0,0,0,1149,611,538,445,177,268,1023,593,430,809,469,340,636,361,275,108,60,48,7,3,4,58,45,13,214,124,90,11,10,1,111,57,54,8,6,2,84,51,33,176,99,77,10,10,0,89,40,49,5,4,1,72,45,27,38,25,13,1,0,1,22,17,5,3,2,1,12,6,6,571,195,376
29,573,0117,614235,0000,000000,KARNATAKA,Mandya,VILLAGE,Sabbanakuppe,Rural,316,1275,611,664,85,46,39,279,131,148,32,19,13,952,484,468,323,127,196,700,422,278,690,420,270,332,212,120,197,95,102,1,0,1,160,113,47,10,2,8,3,1,2,4,1,3,1,0,1,2,0,2,10,2,8,3,1,2,4,1,3,1,0,1,2,0,2,0,0,0,0,0,0,0,0,0,0,0,0,0,0,0,575,189,386
29,573,0117,614236,0000,000000,KARNATAKA,Mandya,VILLAGE,Ballenahalli,Rural,343,1355,658,697,107,51,56,53,27,26,0,0,0,957,505,452,398,153,245,613,435,178,409,294,115,161,132,29,140,93,47,0,0,0,108,69,39,204,141,63,28,18,10,162,112,50,1,1,0,13,10,3,202,140,62,28,18,10,161,112,49,1,1,0,12,9,3,2,1,1,0,0,0,1,0,1,0,0,0,1,1,0,742,223,519
29,573,0117,614237,0000,000000,KARNATAKA,Mandya,VILLAGE,Kudalakuppe,Rural,382,1514,706,808,149,72,77,180,94,86,30,16,14,1043,553,490,471,153,318,720,462,258,588,384,204,247,195,52,245,118,127,5,3,2,91,68,23,132,78,54,30,24,6,70,32,38,2,2,0,30,20,10,131,77,54,30,24,6,70,32,38,2,2,0,29,19,10,1,1,0,0,0,0,0,0,0,0,0,0,1,1,0,794,244,550
29,573,0117,614238,0000,000000,KARNATAKA,Mandya,VILLAGE,K.Shettihalli,Rural,1119,4500,2205,2295,403,192,211,1877,911,966,16,8,8,3081,1666,1415,1419,539,880,1964,1491,473,1588,1244,344,596,541,55,521,332,189,10,8,2,461,363,98,376,247,129,37,36,1,232,127,105,7,5,2,100,79,21,362,235,127,37,36,1,229,125,104,6,4,2,90,70,20,14,12,2,0,0,0,3,2,1,1,1,0,10,9,1,2536,714,1822
29,573,0117,614239,0000,000000,KARNATAKA,Mandya,VILLAGE,Kallikoppalu,Rural,28,70,30,40,7,3,4,0,0,0,0,0,0,14,4,10,56,26,30,59,27,32,56,27,29,0,0,0,52,26,26,0,0,0,4,1,3,3,0,3,0,0,0,1,0,1,0,0,0,2,0,2,2,0,2,0,0,0,1,0,1,0,0,0,1,0,1,1,0,1,0,0,0,0,0,0,0,0,0,1,0,1,11,3,8
29,573,0117,614240,0000,000000,KARNATAKA,Mandya,VILLAGE,Chinnayakanahalli,Rural,107,344,166,178,28,11,17,109,53,56,13,6,7,169,86,83,175,80,95,247,129,118,231,124,107,1,0,1,172,91,81,0,0,0,58,33,25,16,5,11,5,1,4,3,3,0,0,0,0,8,1,7,11,3,8,1,0,1,2,2,0,0,0,0,8,1,7,5,2,3,4,1,3,1,1,0,0,0,0,0,0,0,97,37,60
29,573,0117,614241,0000,000000,KARNATAKA,Mandya,VILLAGE,Maralagala,Rural,289,1148,576,572,104,55,49,149,75,74,0,0,0,758,421,337,390,155,235,299,201,98,209,140,69,25,23,2,130,75,55,0,0,0,54,42,12,90,61,29,15,13,2,48,23,25,2,2,0,25,23,2,82,53,29,11,9,2,47,22,25,2,2,0,22,20,2,8,8,0,4,4,0,1,1,0,0,0,0,3,3,0,849,375,474
29,573,0117,614242,0000,000000,KARNATAKA,Mandya,VILLAGE,Allapatna,Rural,169,790,407,383,84,45,39,411,204,207,7,4,3,483,270,213,307,137,170,379,267,112,328,240,88,161,134,27,153,94,59,0,0,0,14,12,2,51,27,24,47,26,21,1,0,1,0,0,0,3,1,2,51,27,24,47,26,21,1,0,1,0,0,0,3,1,2,0,0,0,0,0,0,0,0,0,0,0,0,0,0,0,411,140,271
29,573,0117,614243,0000,000000,KARNATAKA,Mandya,VILLAGE,Mundagadore,Rural,953,3954,1967,1987,386,200,186,528,250,278,26,10,16,2448,1316,1132,1506,651,855,1856,1324,532,1560,1190,370,836,702,134,460,277,183,14,12,2,250,199,51,296,134,162,28,23,5,221,89,132,5,1,4,42,21,21,288,132,156,27,22,5,219,89,130,4,1,3,38,20,18,8,2,6,1,1,0,2,0,2,1,0,1,4,1,3,2098,643,1455
29,573,0117,614244,0000,000000,KARNATAKA,Mandya,VILLAGE,Hangarahalli,Rural,117,449,237,212,56,31,25,229,115,114,10,4,6,273,158,115,176,79,97,258,164,94,242,151,91,40,35,5,87,51,36,0,0,0,115,65,50,16,13,3,1,1,0,0,0,0,0,0,0,15,12,3,16,13,3,1,1,0,0,0,0,0,0,0,15,12,3,0,0,0,0,0,0,0,0,0,0,0,0,0,0,0,191,73,118
29,573,0117,614245,0000,000000,KARNATAKA,Mandya,VILLAGE,Vadiyandahalli,Rural,318,1350,682,668,122,66,56,174,87,87,156,71,85,926,528,398,424,154,270,602,442,160,574,429,145,314,273,41,156,83,73,1,1,0,103,72,31,28,13,15,3,2,1,18,7,11,0,0,0,7,4,3,28,13,15,3,2,1,18,7,11,0,0,0,7,4,3,0,0,0,0,0,0,0,0,0,0,0,0,0,0,0,748,240,508
29,573,0117,614246,0000,000000,KARNATAKA,Mandya,VILLAGE,G0Bbaragala,Rural,128,506,256,250,69,39,30,116,56,60,0,0,0,276,159,117,230,97,133,185,172,13,182,172,10,110,109,1,6,4,2,5,4,1,61,55,6,3,0,3,1,0,1,0,0,0,0,0,0,2,0,2,3,0,3,1,0,1,0,0,0,0,0,0,2,0,2,0,0,0,0,0,0,0,0,0,0,0,0,0,0,0,321,84,237
29,573,0117,614247,0000,000000,KARNATAKA,Mandya,VILLAGE,Hunjanakere,Rural,71,311,165,146,36,19,17,130,72,58,0,0,0,234,133,101,77,32,45,171,108,63,111,97,14,82,81,1,13,5,8,0,0,0,16,11,5,60,11,49,4,1,3,48,4,44,1,1,0,7,5,2,59,10,49,4,1,3,48,4,44,1,1,0,6,4,2,1,1,0,0,0,0,0,0,0,0,0,0,1,1,0,140,57,83
29,573,0117,614248,0000,000000,KARNATAKA,Mandya,VILLAGE,Channanakere,Rural,133,581,288,293,58,27,31,323,153,170,0,0,0,403,228,175,178,60,118,225,166,59,205,158,47,94,83,11,58,31,27,1,1,0,52,43,9,20,8,12,3,3,0,10,2,8,0,0,0,7,3,4,17,7,10,3,3,0,7,1,6,0,0,0,7,3,4,3,1,2,0,0,0,3,1,2,0,0,0,0,0,0,356,122,234
29,573,0117,614249,0000,000000,KARNATAKA,Mandya,VILLAGE,Jakkanahalli,Rural,310,1220,605,615,104,45,59,377,181,196,4,2,2,690,406,284,530,199,331,727,418,309,464,377,87,230,207,23,34,11,23,5,5,0,195,154,41,263,41,222,146,13,133,48,3,45,5,1,4,64,24,40,252,39,213,146,13,133,47,3,44,5,1,4,54,22,32,11,2,9,0,0,0,1,0,1,0,0,0,10,2,8,493,187,306
29,573,0117,614250,0000,000000,KARNATAKA,Mandya,VILLAGE,Alagud,Rural,331,1403,712,691,138,68,70,266,130,136,23,11,12,750,429,321,653,283,370,825,497,328,817,494,323,486,380,106,263,68,195,0,0,0,68,46,22,8,3,5,2,0,2,3,2,1,0,0,0,3,1,2,7,3,4,1,0,1,3,2,1,0,0,0,3,1,2,1,0,1,1,0,1,0,0,0,0,0,0,0,0,0,578,215,363
29,573,0117,614251,0000,000000,KARNATAKA,Mandya,VILLAGE,Alagud Kaval,Rural,0,0,0,0,0,0,0,0,0,0,0,0,0,0,0,0,0,0,0,0,0,0,0,0,0,0,0,0,0,0,0,0,0,0,0,0,0,0,0,0,0,0,0,0,0,0,0,0,0,0,0,0,0,0,0,0,0,0,0,0,0,0,0,0,0,0,0,0,0,0,0,0,0,0,0,0,0,0,0,0,0,0,0,0,0
29,573,0117,614252,0000,000000,KARNATAKA,Mandya,VILLAGE,Mollenahalli,Rural,112,500,263,237,57,28,29,0,0,0,0,0,0,294,183,111,206,80,126,339,188,151,229,176,53,195,157,38,22,10,12,5,3,2,7,6,1,110,12,98,10,3,7,89,3,86,5,2,3,6,4,2,110,12,98,10,3,7,89,3,86,5,2,3,6,4,2,0,0,0,0,0,0,0,0,0,0,0,0,0,0,0,161,75,86
29,573,0117,614253,0000,000000,KARNATAKA,Mandya,VILLAGE,Chottahalli,Rural,122,464,236,228,52,29,23,0,0,0,0,0,0,241,144,97,223,92,131,295,157,138,172,135,37,108,94,14,50,32,18,0,0,0,14,9,5,123,22,101,71,12,59,36,2,34,1,0,1,15,8,7,113,20,93,68,11,57,35,2,33,1,0,1,9,7,2,10,2,8,3,1,2,1,0,1,0,0,0,6,1,5,169,79,90
29,573,0117,614254,0000,000000,KARNATAKA,Mandya,VILLAGE,Hunasanahalli,Rural,255,1019,494,525,108,60,48,185,90,95,0,0,0,597,315,282,422,179,243,594,325,269,526,300,226,193,180,13,146,72,74,12,11,1,175,37,138,68,25,43,8,4,4,26,3,23,1,1,0,33,17,16,67,25,42,8,4,4,25,3,22,1,1,0,33,17,16,1,0,1,0,0,0,1,0,1,0,0,0,0,0,0,425,169,256
29,573,0117,614255,0000,000000,KARNATAKA,Mandya,VILLAGE,Kodiyala,Rural,896,3635,1794,1841,381,200,181,536,257,279,0,0,0,2554,1327,1227,1081,467,614,2186,1205,981,1917,1098,819,323,245,78,341,191,150,216,98,118,1037,564,473,269,107,162,12,10,2,53,25,28,92,33,59,112,39,73,187,81,106,9,8,1,39,21,18,41,17,24,98,35,63,82,26,56,3,2,1,14,4,10,51,16,35,14,4,10,1449,589,860
29,573,0117,614256,0000,000000,KARNATAKA,Mandya,VILLAGE,Aladahalli,Rural,150,590,294,296,55,32,23,88,41,47,57,29,28,333,193,140,257,101,156,337,187,150,297,176,121,25,16,9,170,89,81,0,0,0,102,71,31,40,11,29,4,2,2,24,4,20,0,0,0,12,5,7,34,8,26,4,2,2,21,2,19,0,0,0,9,4,5,6,3,3,0,0,0,3,2,1,0,0,0,3,1,2,253,107,146
29,573,0117,614257,0000,000000,KARNATAKA,Mandya,VILLAGE,Peehalli,Rural,371,1622,792,830,155,82,73,212,109,103,0,0,0,1014,544,470,608,248,360,885,532,353,794,520,274,500,351,149,185,91,94,2,2,0,107,76,31,91,12,79,73,9,64,7,0,7,5,1,4,6,2,4,82,10,72,66,8,58,6,0,6,5,1,4,5,1,4,9,2,7,7,1,6,1,0,1,0,0,0,1,1,0,737,260,477
29,573,0117,614258,0000,000000,KARNATAKA,Mandya,VILLAGE,Bannahalli,Rural,371,1528,762,766,130,68,62,37,20,17,0,0,0,739,425,314,789,337,452,834,503,331,691,471,220,323,264,59,226,106,120,1,1,0,141,100,41,143,32,111,32,4,28,86,14,72,0,0,0,25,14,11,143,32,111,32,4,28,86,14,72,0,0,0,25,14,11,0,0,0,0,0,0,0,0,0,0,0,0,0,0,0,694,259,435
29,573,0117,614259,0000,000000,KARNATAKA,Mandya,VILLAGE,Gamanahalli,Rural,1123,5185,2637,2548,562,289,273,863,427,436,32,17,15,2676,1549,1127,2509,1088,1421,3193,1765,1428,2918,1654,1264,1184,785,399,1522,719,803,42,34,8,170,116,54,275,111,164,42,14,28,185,63,122,21,13,8,27,21,6,270,106,164,41,13,28,184,62,122,18,10,8,27,21,6,5,5,0,1,1,0,1,1,0,3,3,0,0,0,0,1992,872,1120
29,573,0117,614260,0000,000000,KARNATAKA,Mandya,VILLAGE,Vitalapura,Rural,14,50,26,24,5,2,3,0,0,0,0,0,0,32,18,14,18,8,10,23,14,9,23,14,9,17,10,7,6,4,2,0,0,0,0,0,0,0,0,0,0,0,0,0,0,0,0,0,0,0,0,0,0,0,0,0,0,0,0,0,0,0,0,0,0,0,0,0,0,0,0,0,0,0,0,0,0,0,0,0,0,0,27,12,15
29,573,0117,614261,0000,000000,KARNATAKA,Mandya,VILLAGE,Neralekere,Rural,698,2806,1421,1385,261,143,118,222,108,114,0,0,0,1581,860,721,1225,561,664,1544,936,608,1446,903,543,921,611,310,371,174,197,7,5,2,147,113,34,98,33,65,23,10,13,30,8,22,3,0,3,42,15,27,76,27,49,23,10,13,13,3,10,3,0,3,37,14,23,22,6,16,0,0,0,17,5,12,0,0,0,5,1,4,1262,485,777
29,573,0117,614262,0000,000000,KARNATAKA,Mandya,VILLAGE,Ballekere,Rural,432,1746,867,879,176,91,85,146,72,74,1,0,1,1045,576,469,701,291,410,1046,604,442,712,545,167,357,304,53,203,109,94,0,0,0,152,132,20,334,59,275,76,14,62,232,33,199,2,0,2,24,12,12,265,50,215,44,9,35,197,30,167,2,0,2,22,11,11,69,9,60,32,5,27,35,3,32,0,0,0,2,1,1,700,263,437
29,573,0117,614263,0000,000000,KARNATAKA,Mandya,VILLAGE,Bettahalli,Rural,104,523,270,253,78,47,31,12,7,5,1,1,0,260,149,111,263,121,142,287,151,136,181,147,34,134,115,19,18,8,10,13,10,3,16,14,2,106,4,102,70,0,70,24,4,20,7,0,7,5,0,5,106,4,102,70,0,70,24,4,20,7,0,7,5,0,5,0,0,0,0,0,0,0,0,0,0,0,0,0,0,0,236,119,117
29,573,0117,614264,0000,000000,KARNATAKA,Mandya,VILLAGE,Chikkaharohalli,Rural,169,702,360,342,57,37,20,0,0,0,0,0,0,467,253,214,235,107,128,294,238,56,294,238,56,187,178,9,86,42,44,3,2,1,18,16,2,0,0,0,0,0,0,0,0,0,0,0,0,0,0,0,0,0,0,0,0,0,0,0,0,0,0,0,0,0,0,0,0,0,0,0,0,0,0,0,0,0,0,0,0,0,408,122,286
29,573,0117,614265,0000,000000,KARNATAKA,Mandya,VILLAGE,Doddaharohalli,Rural,206,846,406,440,83,42,41,101,49,52,0,0,0,496,268,228,350,138,212,543,272,271,497,251,246,403,190,213,5,2,3,10,7,3,79,52,27,46,21,25,3,0,3,3,0,3,4,1,3,36,20,16,44,20,24,3,0,3,3,0,3,3,1,2,35,19,16,2,1,1,0,0,0,0,0,0,1,0,1,1,1,0,303,134,169
29,573,0117,614266,0000,000000,KARNATAKA,Mandya,VILLAGE,Tadagavadi,Rural,742,3085,1585,1500,277,152,125,4,1,3,8,2,6,1842,1013,829,1243,572,671,1704,1056,648,1509,964,545,859,687,172,418,134,284,54,25,29,178,118,60,195,92,103,27,15,12,94,35,59,10,3,7,64,39,25,190,89,101,25,13,12,94,35,59,9,2,7,62,39,23,5,3,2,2,2,0,0,0,0,1,1,0,2,0,2,1381,529,852
29,573,0117,614267,0000,000000,KARNATAKA,Mandya,VILLAGE,Dammanahalli,Rural,0,0,0,0,0,0,0,0,0,0,0,0,0,0,0,0,0,0,0,0,0,0,0,0,0,0,0,0,0,0,0,0,0,0,0,0,0,0,0,0,0,0,0,0,0,0,0,0,0,0,0,0,0,0,0,0,0,0,0,0,0,0,0,0,0,0,0,0,0,0,0,0,0,0,0,0,0,0,0,0,0,0,0,0,0
29,573,0117,614268,0000,000000,KARNATAKA,Mandya,VILLAGE,Paramandahalli,Rural,0,0,0,0,0,0,0,0,0,0,0,0,0,0,0,0,0,0,0,0,0,0,0,0,0,0,0,0,0,0,0,0,0,0,0,0,0,0,0,0,0,0,0,0,0,0,0,0,0,0,0,0,0,0,0,0,0,0,0,0,0,0,0,0,0,0,0,0,0,0,0,0,0,0,0,0,0,0,0,0,0,0,0,0,0
29,573,0117,614269,0000,000000,KARNATAKA,Mandya,VILLAGE,Garakahalli,Rural,100,421,229,192,35,20,15,45,25,20,0,0,0,281,175,106,140,54,86,262,160,102,260,160,100,246,154,92,3,1,2,5,2,3,6,3,3,2,0,2,0,0,0,1,0,1,0,0,0,1,0,1,1,0,1,0,0,0,0,0,0,0,0,0,1,0,1,1,0,1,0,0,0,1,0,1,0,0,0,0,0,0,159,69,90
29,573,0117,614270,0000,000000,KARNATAKA,Mandya,VILLAGE,Arakere,Rural,2605,10313,5113,5200,913,473,440,619,294,325,84,39,45,7041,3824,3217,3272,1289,1983,4477,3080,1397,3964,2851,1113,1832,1497,335,864,461,403,178,134,44,1090,759,331,513,229,284,113,57,56,163,63,100,40,19,21,197,90,107,481,223,258,106,55,51,156,61,95,36,18,18,183,89,94,32,6,26,7,2,5,7,2,5,4,1,3,14,1,13,5836,2033,3803
29,573,0117,614271,0000,000000,KARNATAKA,Mandya,VILLAGE,Madarahalli,Rural,136,536,265,271,52,27,25,154,73,81,5,2,3,292,176,116,244,89,155,397,185,212,368,169,199,29,18,11,313,141,172,2,1,1,24,9,15,29,16,13,4,3,1,15,8,7,2,0,2,8,5,3,29,16,13,4,3,1,15,8,7,2,0,2,8,5,3,0,0,0,0,0,0,0,0,0,0,0,0,0,0,0,139,80,59
29,573,0117,614272,0000,000000,KARNATAKA,Mandya,VILLAGE,Gandehosahalli,Rural,488,2024,995,1029,213,90,123,350,164,186,120,61,59,1325,716,609,699,279,420,952,678,274,868,636,232,434,399,35,192,73,119,66,50,16,176,114,62,84,42,42,12,11,1,53,23,30,5,3,2,14,5,9,55,22,33,6,5,1,35,12,23,0,0,0,14,5,9,29,20,9,6,6,0,18,11,7,5,3,2,0,0,0,1072,317,755
29,573,0117,614273,0000,000000,KARNATAKA,Mandya,VILLAGE,Hulikere,Rural,1042,4199,2131,2068,388,213,175,151,73,78,58,31,27,2992,1630,1362,1207,501,706,1942,1375,567,1283,1019,264,292,231,61,245,136,109,23,19,4,723,633,90,659,356,303,141,36,105,139,29,110,63,49,14,316,242,74,556,295,261,108,19,89,128,27,101,54,42,12,266,207,59,103,61,42,33,17,16,11,2,9,9,7,2,50,35,15,2257,756,1501
29,573,0117,614274,0000,000000,KARNATAKA,Mandya,VILLAGE,Beechanakuppe,Rural,68,255,120,135,26,13,13,0,0,0,0,0,0,154,84,70,101,36,65,142,87,55,67,58,9,29,29,0,3,2,1,0,0,0,35,27,8,75,29,46,0,0,0,10,7,3,3,2,1,62,20,42,54,26,28,0,0,0,8,7,1,3,2,1,43,17,26,21,3,18,0,0,0,2,0,2,0,0,0,19,3,16,113,33,80
29,573,0117,614275,0000,000000,KARNATAKA,Mandya,VILLAGE,Avverahalli,Rural,17,276,192,84,7,4,3,0,0,0,0,0,0,260,185,75,16,7,9,39,17,22,36,15,21,0,0,0,4,2,2,0,0,0,32,13,19,3,2,1,0,0,0,0,0,0,0,0,0,3,2,1,3,2,1,0,0,0,0,0,0,0,0,0,3,2,1,0,0,0,0,0,0,0,0,0,0,0,0,0,0,0,237,175,62
29,573,0117,614276,0000,000000,KARNATAKA,Mandya,VILLAGE,Basthipura,Rural,288,1239,641,598,139,80,59,3,1,2,55,28,27,908,499,409,331,142,189,521,401,120,433,341,92,36,27,9,23,17,6,17,13,4,357,284,73,88,60,28,10,6,4,8,6,2,4,3,1,66,45,21,76,52,24,10,6,4,6,4,2,4,3,1,56,39,17,12,8,4,0,0,0,2,2,0,0,0,0,10,6,4,718,240,478
29,573,0117,614277,0000,000000,KARNATAKA,Mandya,VILLAGE,Anagahalli,Rural,46,162,81,81,16,6,10,10,5,5,4,1,3,130,70,60,32,11,21,69,50,19,63,45,18,4,4,0,22,13,9,1,1,0,36,27,9,6,5,1,1,1,0,0,0,0,0,0,0,5,4,1,5,5,0,1,1,0,0,0,0,0,0,0,4,4,0,1,0,1,0,0,0,0,0,0,0,0,0,1,0,1,93,31,62
29,573,0117,614278,0000,000000,KARNATAKA,Mandya,VILLAGE,Pura,Rural,5,24,24,0,0,0,0,1,1,0,1,1,0,24,24,0,0,0,0,24,24,0,23,23,0,0,0,0,0,0,0,0,0,0,23,23,0,1,1,0,0,0,0,0,0,0,0,0,0,1,1,0,1,1,0,0,0,0,0,0,0,0,0,0,1,1,0,0,0,0,0,0,0,0,0,0,0,0,0,0,0,0,0,0,0
29,573,0117,614279,0000,000000,KARNATAKA,Mandya,VILLAGE,Kuppedada,Rural,86,367,184,183,43,22,21,20,11,9,7,3,4,254,136,118,113,48,65,191,124,67,167,114,53,6,3,3,4,2,2,11,4,7,146,105,41,24,10,14,3,1,2,0,0,0,0,0,0,21,9,12,22,9,13,3,1,2,0,0,0,0,0,0,19,8,11,2,1,1,0,0,0,0,0,0,0,0,0,2,1,1,176,60,116
29,573,0117,614280,0000,000000,KARNATAKA,Mandya,VILLAGE,Majjigepura,Rural,208,932,464,468,90,44,46,0,0,0,4,2,2,606,339,267,326,125,201,389,308,81,248,222,26,140,130,10,8,6,2,2,1,1,98,85,13,141,86,55,10,5,5,4,4,0,0,0,0,127,77,50,126,78,48,9,4,5,3,3,0,0,0,0,114,71,43,15,8,7,1,1,0,1,1,0,0,0,0,13,6,7,543,156,387
29,573,0117,614281,0000,000000,KARNATAKA,Mandya,VILLAGE,Balamuri,Rural,4,26,15,11,2,0,2,2,1,1,0,0,0,4,3,1,22,12,10,22,13,9,17,10,7,0,0,0,0,0,0,0,0,0,17,10,7,5,3,2,0,0,0,0,0,0,0,0,0,5,3,2,5,3,2,0,0,0,0,0,0,0,0,0,5,3,2,0,0,0,0,0,0,0,0,0,0,0,0,0,0,0,4,2,2
29,573,0117,614282,0000,000000,KARNATAKA,Mandya,VILLAGE,Yadathittu,Rural,9,23,13,10,0,0,0,3,2,1,10,6,4,17,11,6,6,2,4,14,10,4,14,10,4,1,0,1,2,2,0,0,0,0,11,8,3,0,0,0,0,0,0,0,0,0,0,0,0,0,0,0,0,0,0,0,0,0,0,0,0,0,0,0,0,0,0,0,0,0,0,0,0,0,0,0,0,0,0,0,0,0,9,3,6
29,573,0117,614283,0000,000000,KARNATAKA,Mandya,VILLAGE,Karekura,Rural,173,721,358,363,75,34,41,143,69,74,0,0,0,399,231,168,322,127,195,314,251,63,305,244,61,108,102,6,140,93,47,0,0,0,57,49,8,9,7,2,2,2,0,4,2,2,0,0,0,3,3,0,9,7,2,2,2,0,4,2,2,0,0,0,3,3,0,0,0,0,0,0,0,0,0,0,0,0,0,0,0,0,407,107,300
29,573,0117,614284,0000,000000,KARNATAKA,Mandya,VILLAGE,Belagola,Rural,2478,10121,4986,5135,1021,527,494,1701,825,876,144,71,73,6748,3575,3173,3373,1411,1962,4525,3351,1174,3269,2591,678,657,568,89,731,552,179,118,85,33,1763,1386,377,1256,760,496,87,53,34,338,172,166,109,46,63,722,489,233,922,566,356,81,52,29,264,139,125,91,34,57,486,341,145,334,194,140,6,1,5,74,33,41,18,12,6,236,148,88,5596,1635,3961
29,573,0117,614285,0000,000000,KARNATAKA,Mandya,VILLAGE,Mogarahalli,Rural,787,3165,1602,1563,337,162,175,1239,614,625,94,47,47,2211,1231,980,954,371,583,1391,1028,363,1111,854,257,23,17,6,65,54,11,7,5,2,1016,778,238,280,174,106,16,8,8,6,3,3,1,1,0,257,162,95,277,171,106,16,8,8,6,3,3,0,0,0,255,160,95,3,3,0,0,0,0,0,0,0,1,1,0,2,2,0,1774,574,1200
29,573,0117,614286,0000,000000,KARNATAKA,Mandya,VILLAGE,Jakkanakuppe,Rural,15,47,24,23,3,0,3,2,1,1,0,0,0,39,23,16,8,1,7,24,18,6,21,15,6,5,4,1,3,2,1,0,0,0,13,9,4,3,3,0,0,0,0,0,0,0,0,0,0,3,3,0,3,3,0,0,0,0,0,0,0,0,0,0,3,3,0,0,0,0,0,0,0,0,0,0,0,0,0,0,0,0,23,6,17
29,573,0117,614287,0000,000000,KARNATAKA,Mandya,VILLAGE,Hosahalli,Rural,919,3818,1908,1910,379,193,186,758,395,363,26,15,11,2508,1325,1183,1310,583,727,1787,1260,527,1422,1095,327,490,413,77,261,167,94,90,74,16,581,441,140,365,165,200,65,34,31,55,21,34,16,12,4,229,98,131,357,160,197,63,34,29,54,20,34,15,11,4,225,95,130,8,5,3,2,0,2,1,1,0,1,1,0,4,3,1,2031,648,1383
29,573,0117,614288,0000,000000,KARNATAKA,Mandya,VILLAGE,Kempalingapura,Rural,17,60,24,36,1,0,1,0,0,0,0,0,0,35,19,16,25,5,20,40,19,21,30,18,12,0,0,0,15,8,7,0,0,0,15,10,5,10,1,9,1,1,0,1,0,1,0,0,0,8,0,8,10,1,9,1,1,0,1,0,1,0,0,0,8,0,8,0,0,0,0,0,0,0,0,0,0,0,0,0,0,0,20,5,15
29,573,0117,614289,0000,000000,KARNATAKA,Mandya,VILLAGE,Palahalli,Rural,1671,6638,3343,3295,640,328,312,321,154,167,216,101,115,4428,2404,2024,2210,939,1271,2872,2136,736,2028,1603,425,613,556,57,565,351,214,47,40,7,803,656,147,844,533,311,117,74,43,340,192,148,28,12,16,359,255,104,764,515,249,92,74,18,332,190,142,21,11,10,319,240,79,80,18,62,25,0,25,8,2,6,7,1,6,40,15,25,3766,1207,2559
29,573,0117,614290,0000,000000,KARNATAKA,Mandya,VILLAGE,Karimanti,Rural,7,22,14,8,0,0,0,0,0,0,0,0,0,21,14,7,1,0,1,12,11,1,12,11,1,9,8,1,0,0,0,0,0,0,3,3,0,0,0,0,0,0,0,0,0,0,0,0,0,0,0,0,0,0,0,0,0,0,0,0,0,0,0,0,0,0,0,0,0,0,0,0,0,0,0,0,0,0,0,0,0,0,10,3,7
29,573,0117,614291,0000,000000,KARNATAKA,Mandya,VILLAGE,Bommur Agrahara,Rural,128,513,255,258,45,18,27,53,28,25,35,18,17,339,191,148,174,64,110,266,160,106,263,159,104,32,28,4,209,113,96,5,4,1,17,14,3,3,1,2,0,0,0,0,0,0,0,0,0,3,1,2,2,0,2,0,0,0,0,0,0,0,0,0,2,0,2,1,1,0,0,0,0,0,0,0,0,0,0,1,1,0,247,95,152
29,573,0117,614292,0000,000000,KARNATAKA,Mandya,VILLAGE,Brahmapura,Rural,118,507,249,258,45,22,23,3,2,1,51,25,26,335,178,157,172,71,101,259,161,98,255,160,95,24,22,2,145,81,64,23,18,5,63,39,24,4,1,3,0,0,0,3,1,2,1,0,1,0,0,0,4,1,3,0,0,0,3,1,2,1,0,1,0,0,0,0,0,0,0,0,0,0,0,0,0,0,0,0,0,0,248,88,160
29,573,0117,614293,0000,000000,KARNATAKA,Mandya,VILLAGE,Naguvanahalli,Rural,614,2530,1220,1310,239,122,117,13,5,8,8,2,6,1868,947,921,662,273,389,1116,808,308,831,680,151,386,345,41,110,79,31,20,12,8,315,244,71,285,128,157,34,17,17,200,84,116,7,2,5,44,25,19,280,127,153,33,17,16,200,84,116,6,2,4,41,24,17,5,1,4,1,0,1,0,0,0,1,0,1,3,1,2,1414,412,1002
29,573,0117,614294,0000,000000,KARNATAKA,Mandya,VILLAGE,Belavadi,Rural,388,1760,876,884,208,100,108,1076,527,549,57,30,27,1011,573,438,749,303,446,954,587,367,928,580,348,61,47,14,573,321,252,8,7,1,286,205,81,26,7,19,2,0,2,16,3,13,0,0,0,8,4,4,22,5,17,2,0,2,14,3,11,0,0,0,6,2,4,4,2,2,0,0,0,2,0,2,0,0,0,2,2,0,806,289,517
29,573,0117,614295,0000,000000,KARNATAKA,Mandya,VILLAGE,Hosur,Rural,133,625,302,323,71,35,36,193,94,99,4,3,1,411,222,189,214,80,134,259,196,63,121,111,10,66,62,4,1,1,0,10,9,1,44,39,5,138,85,53,10,8,2,119,70,49,3,3,0,6,4,2,138,85,53,10,8,2,119,70,49,3,3,0,6,4,2,0,0,0,0,0,0,0,0,0,0,0,0,0,0,0,366,106,260
29,573,0117,614296,0000,000000,KARNATAKA,Mandya,VILLAGE,Chandagalu,Rural,381,1567,800,767,153,74,79,168,91,77,5,2,3,1023,582,441,544,218,326,703,546,157,407,360,47,201,191,10,85,66,19,35,30,5,86,73,13,296,186,110,35,30,5,226,128,98,18,14,4,17,14,3,291,181,110,35,30,5,226,128,98,13,9,4,17,14,3,5,5,0,0,0,0,0,0,0,5,5,0,0,0,0,864,254,610
29,573,0117,614297,0000,000000,KARNATAKA,Mandya,VILLAGE,Melapura,Rural,456,1827,927,900,133,71,62,236,122,114,20,8,12,1060,571,489,767,356,411,1041,633,408,888,583,305,394,334,60,373,168,205,38,20,18,83,61,22,153,50,103,43,25,18,73,8,65,1,0,1,36,17,19,153,50,103,43,25,18,73,8,65,1,0,1,36,17,19,0,0,0,0,0,0,0,0,0,0,0,0,0,0,0,786,294,492
29,573,0117,614298,0000,000000,KARNATAKA,Mandya,VILLAGE,Mahadevapura,Rural,1509,6295,3178,3117,654,345,309,694,350,344,224,117,107,3868,2088,1780,2427,1090,1337,2982,2025,957,1951,1472,479,804,694,110,686,436,250,66,49,17,395,293,102,1031,553,478,412,227,185,354,152,202,37,17,20,228,157,71,1009,548,461,410,227,183,343,150,193,34,17,17,222,154,68,22,5,17,2,0,2,11,2,9,3,0,3,6,3,3,3313,1153,2160
29,573,0117,614299,0000,000000,KARNATAKA,Mandya,VILLAGE,Bidarahalli,Rural,515,2449,1248,1201,273,142,131,288,138,150,7,3,4,1327,761,566,1122,487,635,1199,838,361,949,764,185,287,278,9,406,271,135,15,12,3,241,203,38,250,74,176,30,18,12,178,26,152,8,6,2,34,24,10,238,72,166,30,18,12,168,25,143,8,6,2,32,23,9,12,2,10,0,0,0,10,1,9,0,0,0,2,1,1,1250,410,840
29,573,0117,614300,0000,000000,KARNATAKA,Mandya,VILLAGE,Channahalli,Rural,402,1647,824,823,177,94,83,508,251,257,14,10,4,952,503,449,695,321,374,1090,582,508,816,495,321,189,163,26,572,301,271,11,4,7,44,27,17,274,87,187,11,4,7,248,77,171,0,0,0,15,6,9,274,87,187,11,4,7,248,77,171,0,0,0,15,6,9,0,0,0,0,0,0,0,0,0,0,0,0,0,0,0,557,242,315
29,573,0117,614301,0000,000000,KARNATAKA,Mandya,VILLAGE,Kemmannupura,Rural,11,49,29,20,2,1,1,0,0,0,5,4,1,21,13,8,28,16,12,35,24,11,35,24,11,11,6,5,24,18,6,0,0,0,0,0,0,0,0,0,0,0,0,0,0,0,0,0,0,0,0,0,0,0,0,0,0,0,0,0,0,0,0,0,0,0,0,0,0,0,0,0,0,0,0,0,0,0,0,0,0,0,14,5,9
29,573,0117,614302,0000,000000,KARNATAKA,Mandya,VILLAGE,Taripura,Rural,160,709,354,355,84,44,40,46,24,22,5,3,2,419,238,181,290,116,174,270,225,45,115,106,9,34,34,0,35,31,4,3,3,0,43,38,5,155,119,36,11,8,3,94,66,28,2,1,1,48,44,4,155,119,36,11,8,3,94,66,28,2,1,1,48,44,4,0,0,0,0,0,0,0,0,0,0,0,0,0,0,0,439,129,310
29,573,0117,614303,0000,000000,KARNATAKA,Mandya,VILLAGE,Hebbadi,Rural,527,2448,1269,1179,260,135,125,693,364,329,4,3,1,1443,834,609,1005,435,570,1086,777,309,901,706,195,242,214,28,357,248,109,14,11,3,288,233,55,185,71,114,18,7,11,89,19,70,2,0,2,76,45,31,177,69,108,18,7,11,84,18,66,2,0,2,73,44,29,8,2,6,0,0,0,5,1,4,0,0,0,3,1,2,1362,492,870
29,573,0117,614304,0000,000000,KARNATAKA,Mandya,VILLAGE,Hampapura,Rural,193,858,438,420,116,48,68,195,98,97,0,0,0,431,259,172,427,179,248,301,264,37,250,229,21,215,196,19,28,27,1,1,1,0,6,5,1,51,35,16,3,1,2,20,17,3,2,2,0,26,15,11,35,27,8,3,1,2,19,16,3,2,2,0,11,8,3,16,8,8,0,0,0,1,1,0,0,0,0,15,7,8,557,174,383
29,573,0117,614305,0000,000000,KARNATAKA,Mandya,VILLAGE,Huralikyathanahalli,Rural,206,879,449,430,87,42,45,343,173,170,1,0,1,528,300,228,351,149,202,411,303,108,359,291,68,189,185,4,122,69,53,11,7,4,37,30,7,52,12,40,2,1,1,24,4,20,3,2,1,23,5,18,29,12,17,2,1,1,12,4,8,2,2,0,13,5,8,23,0,23,0,0,0,12,0,12,1,0,1,10,0,10,468,146,322
29,573,0117,614306,0000,000000,KARNATAKA,Mandya,VILLAGE,Doddankanahalli,Rural,10,36,18,18,4,1,3,16,7,9,0,0,0,23,11,12,13,7,6,18,13,5,18,13,5,3,3,0,2,2,0,0,0,0,13,8,5,0,0,0,0,0,0,0,0,0,0,0,0,0,0,0,0,0,0,0,0,0,0,0,0,0,0,0,0,0,0,0,0,0,0,0,0,0,0,0,0,0,0,0,0,0,18,5,13
29,573,0117,614307,0000,000000,KARNATAKA,Mandya,VILLAGE,Chikkankanahalli,Rural,574,2627,1308,1319,314,158,156,907,439,468,3,2,1,1500,826,674,1127,482,645,1275,790,485,777,546,231,511,376,135,122,60,62,15,12,3,129,98,31,498,244,254,49,21,28,264,110,154,18,10,8,167,103,64,450,221,229,47,20,27,250,104,146,13,8,5,140,89,51,48,23,25,2,1,1,14,6,8,5,2,3,27,14,13,1352,518,834
29,573,0117,614308,0000,000000,KARNATAKA,Mandya,VILLAGE,Sugganahalli,Rural,154,639,335,304,54,24,30,7,5,2,0,0,0,414,248,166,225,87,138,240,213,27,237,211,26,102,102,0,8,4,4,0,0,0,127,105,22,3,2,1,0,0,0,1,0,1,0,0,0,2,2,0,3,2,1,0,0,0,1,0,1,0,0,0,2,2,0,0,0,0,0,0,0,0,0,0,0,0,0,0,0,0,399,122,277
29,573,0117,614309,0000,000000,KARNATAKA,Mandya,VILLAGE,Bonthagahalli,Rural,311,1406,711,695,140,73,67,353,178,175,0,0,0,826,452,374,580,259,321,813,487,326,806,485,321,526,273,253,63,36,27,0,0,0,217,176,41,7,2,5,1,0,1,3,1,2,1,1,0,2,0,2,7,2,5,1,0,1,3,1,2,1,1,0,2,0,2,0,0,0,0,0,0,0,0,0,0,0,0,0,0,0,593,224,369
29,573,0117,614310,0000,000000,KARNATAKA,Mandya,TOWN,Hongalli (CT),Urban,2178,9074,4515,4559,980,489,491,1417,725,692,492,253,239,6511,3485,3026,2563,1030,1533,3732,2686,1046,2964,2266,698,185,157,28,335,224,111,31,16,15,2413,1869,544,768,420,348,18,4,14,146,54,92,11,7,4,593,355,238,554,289,265,18,4,14,75,18,57,11,7,4,450,260,190,214,131,83,0,0,0,71,36,35,0,0,0,143,95,48,5342,1829,3513
29,573,0118,000000,0000,000000,KARNATAKA,Mandya,CD BLOCK,Mandya ,Total,66185,277795,139945,137850,26456,13626,12830,39178,19415,19763,1783,909,874,174834,97893,76941,102961,42052,60909,133695,89337,44358,108757,79069,29688,54224,45237,8987,32339,17600,14739,1778,1252,526,20416,14980,5436,24938,10268,14670,4622,2022,2600,14412,4868,9544,978,483,495,4926,2895,2031,22696,9173,13523,4319,1854,2465,13405,4437,8968,668,327,341,4304,2555,1749,2242,1095,1147,303,168,135,1007,431,576,310,156,154,622,340,282,144100,50608,93492
29,573,0118,000000,0000,000000,KARNATAKA,Mandya,CD BLOCK,Mandya ,Rural,66185,277795,139945,137850,26456,13626,12830,39178,19415,19763,1783,909,874,174834,97893,76941,102961,42052,60909,133695,89337,44358,108757,79069,29688,54224,45237,8987,32339,17600,14739,1778,1252,526,20416,14980,5436,24938,10268,14670,4622,2022,2600,14412,4868,9544,978,483,495,4926,2895,2031,22696,9173,13523,4319,1854,2465,13405,4437,8968,668,327,341,4304,2555,1749,2242,1095,1147,303,168,135,1007,431,576,310,156,154,622,340,282,144100,50608,93492
29,573,0118,000000,0000,000000,KARNATAKA,Mandya,CD BLOCK,Mandya ,Urban,0,0,0,0,0,0,0,0,0,0,0,0,0,0,0,0,0,0,0,0,0,0,0,0,0,0,0,0,0,0,0,0,0,0,0,0,0,0,0,0,0,0,0,0,0,0,0,0,0,0,0,0,0,0,0,0,0,0,0,0,0,0,0,0,0,0,0,0,0,0,0,0,0,0,0,0,0,0,0,0,0,0,0,0,0
29,573,0118,614311,0000,000000,KARNATAKA,Mandya,VILLAGE,Nanjenahalli,Rural,129,611,328,283,90,52,38,4,2,2,0,0,0,244,162,82,367,166,201,317,167,150,304,166,138,257,156,101,39,7,32,2,1,1,6,2,4,13,1,12,4,0,4,8,0,8,1,1,0,0,0,0,13,1,12,4,0,4,8,0,8,1,1,0,0,0,0,0,0,0,0,0,0,0,0,0,0,0,0,0,0,0,294,161,133
29,573,0118,614312,0000,000000,KARNATAKA,Mandya,VILLAGE,Muthegere,Rural,333,1303,662,641,126,60,66,308,160,148,3,1,2,826,492,334,477,170,307,705,375,330,692,371,321,477,287,190,150,37,113,12,12,0,53,35,18,13,4,9,5,2,3,6,1,5,1,1,0,1,0,1,13,4,9,5,2,3,6,1,5,1,1,0,1,0,1,0,0,0,0,0,0,0,0,0,0,0,0,0,0,0,598,287,311
29,573,0118,614313,0000,000000,KARNATAKA,Mandya,VILLAGE,Kodagahalli,Rural,78,328,163,165,33,19,14,5,1,4,0,0,0,171,103,68,157,60,97,192,98,94,191,98,93,165,93,72,24,4,20,0,0,0,2,1,1,1,0,1,1,0,1,0,0,0,0,0,0,0,0,0,1,0,1,1,0,1,0,0,0,0,0,0,0,0,0,0,0,0,0,0,0,0,0,0,0,0,0,0,0,0,136,65,71
29,573,0118,614314,0000,000000,KARNATAKA,Mandya,VILLAGE,Nayakanahalli,Rural,70,267,129,138,25,14,11,52,26,26,0,0,0,150,85,65,117,44,73,163,81,82,162,80,82,154,78,76,5,1,4,0,0,0,3,1,2,1,1,0,1,1,0,0,0,0,0,0,0,0,0,0,1,1,0,1,1,0,0,0,0,0,0,0,0,0,0,0,0,0,0,0,0,0,0,0,0,0,0,0,0,0,104,48,56
29,573,0118,614315,0000,000000,KARNATAKA,Mandya,VILLAGE,Hullahalli,Rural,35,143,71,72,15,10,5,0,0,0,0,0,0,91,55,36,52,16,36,79,49,30,69,47,22,45,41,4,21,5,16,0,0,0,3,1,2,10,2,8,1,1,0,8,1,7,0,0,0,1,0,1,10,2,8,1,1,0,8,1,7,0,0,0,1,0,1,0,0,0,0,0,0,0,0,0,0,0,0,0,0,0,64,22,42
29,573,0118,614316,0000,000000,KARNATAKA,Mandya,VILLAGE,Ankushapura,Rural,104,470,234,236,47,30,17,61,31,30,1,0,1,316,180,136,154,54,100,174,137,37,164,133,31,137,125,12,23,7,16,0,0,0,4,1,3,10,4,6,2,1,1,3,1,2,0,0,0,5,2,3,10,4,6,2,1,1,3,1,2,0,0,0,5,2,3,0,0,0,0,0,0,0,0,0,0,0,0,0,0,0,296,97,199
29,573,0118,614317,0000,000000,KARNATAKA,Mandya,VILLAGE,Bennatti,Rural,117,455,209,246,27,10,17,12,5,7,1,1,0,274,153,121,181,56,125,261,135,126,259,134,125,95,89,6,158,41,117,1,1,0,5,3,2,2,1,1,1,0,1,0,0,0,0,0,0,1,1,0,1,1,0,0,0,0,0,0,0,0,0,0,1,1,0,1,0,1,1,0,1,0,0,0,0,0,0,0,0,0,194,74,120
29,573,0118,614318,0000,000000,KARNATAKA,Mandya,VILLAGE,Shanbhoganahalli,Rural,113,462,232,230,28,13,15,75,36,39,0,0,0,283,167,116,179,65,114,272,154,118,246,143,103,191,113,78,44,21,23,0,0,0,11,9,2,26,11,15,22,10,12,1,0,1,0,0,0,3,1,2,25,10,15,21,9,12,1,0,1,0,0,0,3,1,2,1,1,0,1,1,0,0,0,0,0,0,0,0,0,0,190,78,112
29,573,0118,614319,0000,000000,KARNATAKA,Mandya,VILLAGE,Vaddarahalli,Rural,32,119,61,58,19,10,9,0,0,0,0,0,0,54,32,22,65,29,36,82,44,38,80,43,37,70,39,31,7,3,4,0,0,0,3,1,2,2,1,1,2,1,1,0,0,0,0,0,0,0,0,0,2,1,1,2,1,1,0,0,0,0,0,0,0,0,0,0,0,0,0,0,0,0,0,0,0,0,0,0,0,0,37,17,20
29,573,0118,614320,0000,000000,KARNATAKA,Mandya,VILLAGE,Heggadathahalli,Rural,18,73,35,38,5,2,3,0,0,0,0,0,0,32,17,15,41,18,23,44,21,23,44,21,23,31,17,14,12,4,8,0,0,0,1,0,1,0,0,0,0,0,0,0,0,0,0,0,0,0,0,0,0,0,0,0,0,0,0,0,0,0,0,0,0,0,0,0,0,0,0,0,0,0,0,0,0,0,0,0,0,0,29,14,15
29,573,0118,614321,0000,000000,KARNATAKA,Mandya,VILLAGE,Muddanaghatta,Rural,101,436,213,223,45,19,26,63,26,37,0,0,0,238,143,95,198,70,128,293,159,134,157,149,8,151,146,5,5,2,3,0,0,0,1,1,0,136,10,126,130,8,122,2,0,2,0,0,0,4,2,2,136,10,126,130,8,122,2,0,2,0,0,0,4,2,2,0,0,0,0,0,0,0,0,0,0,0,0,0,0,0,143,54,89
29,573,0118,614322,0000,000000,KARNATAKA,Mandya,VILLAGE,Naragalu,Rural,82,381,185,196,23,9,14,91,50,41,0,0,0,200,115,85,181,70,111,249,132,117,139,128,11,126,124,2,13,4,9,0,0,0,0,0,0,110,4,106,61,3,58,49,1,48,0,0,0,0,0,0,110,4,106,61,3,58,49,1,48,0,0,0,0,0,0,0,0,0,0,0,0,0,0,0,0,0,0,0,0,0,132,53,79
29,573,0118,614323,0000,000000,KARNATAKA,Mandya,VILLAGE,Marasinganahalli,Rural,47,271,128,143,28,14,14,57,28,29,0,0,0,173,92,81,98,36,62,156,74,82,77,71,6,76,71,5,0,0,0,0,0,0,1,0,1,79,3,76,77,3,74,2,0,2,0,0,0,0,0,0,79,3,76,77,3,74,2,0,2,0,0,0,0,0,0,0,0,0,0,0,0,0,0,0,0,0,0,0,0,0,115,54,61
29,573,0118,614324,0000,000000,KARNATAKA,Mandya,VILLAGE,Kambadahalli,Rural,188,766,375,391,69,40,29,62,30,32,23,14,9,385,225,160,381,150,231,459,232,227,248,220,28,152,142,10,50,41,9,12,12,0,34,25,9,211,12,199,26,4,22,177,4,173,3,0,3,5,4,1,208,10,198,25,3,22,175,3,172,3,0,3,5,4,1,3,2,1,1,1,0,2,1,1,0,0,0,0,0,0,307,143,164
29,573,0118,614325,0000,000000,KARNATAKA,Mandya,VILLAGE,Balenahalli,Rural,51,252,136,116,32,16,16,1,0,1,0,0,0,142,92,50,110,44,66,170,95,75,97,93,4,90,88,2,7,5,2,0,0,0,0,0,0,73,2,71,11,0,11,62,2,60,0,0,0,0,0,0,73,2,71,11,0,11,62,2,60,0,0,0,0,0,0,0,0,0,0,0,0,0,0,0,0,0,0,0,0,0,82,41,41
29,573,0118,614326,0000,000000,KARNATAKA,Mandya,VILLAGE,Machagowdanahalli,Rural,219,846,403,443,80,40,40,115,58,57,0,0,0,386,207,179,460,196,264,504,269,235,465,259,206,447,250,197,7,2,5,1,1,0,10,6,4,39,10,29,12,4,8,13,1,12,7,1,6,7,4,3,17,7,10,9,4,5,2,0,2,1,0,1,5,3,2,22,3,19,3,0,3,11,1,10,6,1,5,2,1,1,342,134,208
29,573,0118,614327,0000,000000,KARNATAKA,Mandya,VILLAGE,Ganiga,Rural,77,303,139,164,36,18,18,6,4,2,0,0,0,138,80,58,165,59,106,166,83,83,87,75,12,61,58,3,16,11,5,1,0,1,9,6,3,79,8,71,2,1,1,76,7,69,0,0,0,1,0,1,76,7,69,2,1,1,73,6,67,0,0,0,1,0,1,3,1,2,0,0,0,3,1,2,0,0,0,0,0,0,137,56,81
29,573,0118,614328,0000,000000,KARNATAKA,Mandya,VILLAGE,Shivapura,Rural,352,1628,829,799,149,71,78,249,131,118,7,3,4,987,585,402,641,244,397,1052,558,494,630,481,149,397,312,85,120,86,34,1,1,0,112,82,30,422,77,345,8,3,5,382,55,327,9,6,3,23,13,10,410,68,342,8,3,5,377,52,325,6,4,2,19,9,10,12,9,3,0,0,0,5,3,2,3,2,1,4,4,0,576,271,305
29,573,0118,614329,0000,000000,KARNATAKA,Mandya,VILLAGE,Chikkakothagere,Rural,82,366,176,190,39,17,22,0,0,0,0,0,0,171,102,69,195,74,121,207,120,87,141,82,59,68,51,17,65,29,36,1,0,1,7,2,5,66,38,28,20,13,7,37,21,16,0,0,0,9,4,5,66,38,28,20,13,7,37,21,16,0,0,0,9,4,5,0,0,0,0,0,0,0,0,0,0,0,0,0,0,0,159,56,103
29,573,0118,614330,0000,000000,KARNATAKA,Mandya,VILLAGE,Gorakabalhosahalli,Rural,284,1105,554,551,104,49,55,190,90,100,0,0,0,650,375,275,455,179,276,623,324,299,560,290,270,225,127,98,304,146,158,0,0,0,31,17,14,63,34,29,17,9,8,22,9,13,0,0,0,24,16,8,61,32,29,17,9,8,21,8,13,0,0,0,23,15,8,2,2,0,0,0,0,1,1,0,0,0,0,1,1,0,482,230,252
29,573,0118,614331,0000,000000,KARNATAKA,Mandya,VILLAGE,Chandagalu,Rural,186,856,446,410,80,41,39,40,21,19,8,4,4,554,314,240,302,132,170,394,301,93,348,272,76,261,220,41,56,26,30,5,5,0,26,21,5,46,29,17,32,19,13,5,3,2,0,0,0,9,7,2,46,29,17,32,19,13,5,3,2,0,0,0,9,7,2,0,0,0,0,0,0,0,0,0,0,0,0,0,0,0,462,145,317
29,573,0118,614332,0000,000000,KARNATAKA,Mandya,VILLAGE,Thriyambakapura,Rural,0,0,0,0,0,0,0,0,0,0,0,0,0,0,0,0,0,0,0,0,0,0,0,0,0,0,0,0,0,0,0,0,0,0,0,0,0,0,0,0,0,0,0,0,0,0,0,0,0,0,0,0,0,0,0,0,0,0,0,0,0,0,0,0,0,0,0,0,0,0,0,0,0,0,0,0,0,0,0,0,0,0,0,0,0
29,573,0118,614333,0000,000000,KARNATAKA,Mandya,VILLAGE,Rayashettipura,Rural,411,1758,888,870,221,115,106,150,67,83,0,0,0,1050,595,455,708,293,415,1145,568,577,789,503,286,380,290,90,374,190,184,5,4,1,30,19,11,356,65,291,40,21,19,302,37,265,1,1,0,13,6,7,341,55,286,37,18,19,297,33,264,0,0,0,7,4,3,15,10,5,3,3,0,5,4,1,1,1,0,6,2,4,613,320,293
29,573,0118,614334,0000,000000,KARNATAKA,Mandya,VILLAGE,Challanayakanahalli,Rural,206,802,402,400,78,46,32,90,48,42,0,0,0,493,265,228,309,137,172,429,254,175,276,228,48,217,198,19,16,7,9,0,0,0,43,23,20,153,26,127,8,1,7,9,4,5,2,1,1,134,20,114,140,18,122,8,1,7,9,4,5,2,1,1,121,12,109,13,8,5,0,0,0,0,0,0,0,0,0,13,8,5,373,148,225
29,573,0118,614335,0000,000000,KARNATAKA,Mandya,VILLAGE,Hallegere,Rural,639,2549,1297,1252,248,137,111,274,132,142,7,4,3,1743,980,763,806,317,489,1394,819,575,1306,789,517,749,455,294,308,142,166,7,6,1,242,186,56,88,30,58,16,9,7,46,9,37,4,3,1,22,9,13,85,28,57,15,8,7,46,9,37,4,3,1,20,8,12,3,2,1,1,1,0,0,0,0,0,0,0,2,1,1,1155,478,677
29,573,0118,614336,0000,000000,KARNATAKA,Mandya,VILLAGE,Chikkaballi,Rural,900,3776,1877,1899,395,206,189,458,226,232,4,2,2,2217,1259,958,1559,618,941,1621,1188,433,1469,1139,330,832,741,91,419,248,171,19,7,12,199,143,56,152,49,103,38,14,24,88,22,66,5,2,3,21,11,10,107,45,62,37,14,23,46,19,27,5,2,3,19,10,9,45,4,41,1,0,1,42,3,39,0,0,0,2,1,1,2155,689,1466
29,573,0118,614337,0000,000000,KARNATAKA,Mandya,VILLAGE,Mayappanahalli,Rural,167,714,345,369,68,37,31,109,54,55,0,0,0,449,242,207,265,103,162,273,234,39,270,233,37,121,114,7,123,95,28,3,3,0,23,21,2,3,1,2,1,0,1,1,0,1,0,0,0,1,1,0,3,1,2,1,0,1,1,0,1,0,0,0,1,1,0,0,0,0,0,0,0,0,0,0,0,0,0,0,0,0,441,111,330
29,573,0118,614338,0000,000000,KARNATAKA,Mandya,VILLAGE,Chikkauparakanahalli,Rural,16,67,27,40,8,1,7,0,0,0,0,0,0,43,20,23,24,7,17,23,18,5,23,18,5,14,12,2,7,4,3,0,0,0,2,2,0,0,0,0,0,0,0,0,0,0,0,0,0,0,0,0,0,0,0,0,0,0,0,0,0,0,0,0,0,0,0,0,0,0,0,0,0,0,0,0,0,0,0,0,0,0,44,9,35
29,573,0118,614339,0000,000000,KARNATAKA,Mandya,VILLAGE,Thangalagere,Rural,271,1124,542,582,118,58,60,111,46,65,0,0,0,645,335,310,479,207,272,423,315,108,308,259,49,170,165,5,76,43,33,8,8,0,54,43,11,115,56,59,36,19,17,61,26,35,3,1,2,15,10,5,111,55,56,36,19,17,57,25,32,3,1,2,15,10,5,4,1,3,0,0,0,4,1,3,0,0,0,0,0,0,701,227,474
29,573,0118,614340,0000,000000,KARNATAKA,Mandya,VILLAGE,Guthaganahalli,Rural,26,143,73,70,17,11,6,18,10,8,0,0,0,75,39,36,68,34,34,85,46,39,85,46,39,78,43,35,4,2,2,0,0,0,3,1,2,0,0,0,0,0,0,0,0,0,0,0,0,0,0,0,0,0,0,0,0,0,0,0,0,0,0,0,0,0,0,0,0,0,0,0,0,0,0,0,0,0,0,0,0,0,58,27,31
29,573,0118,614341,0000,000000,KARNATAKA,Mandya,VILLAGE,Chakanahalli,Rural,227,882,431,451,86,43,43,191,88,103,0,0,0,464,264,200,418,167,251,560,275,285,521,265,256,442,238,204,78,26,52,1,1,0,0,0,0,39,10,29,38,10,28,0,0,0,1,0,1,0,0,0,29,9,20,29,9,20,0,0,0,0,0,0,0,0,0,10,1,9,9,1,8,0,0,0,1,0,1,0,0,0,322,156,166
29,573,0118,614342,0000,000000,KARNATAKA,Mandya,VILLAGE,Doddakothagere,Rural,287,1314,665,649,137,63,74,465,231,234,0,0,0,745,444,301,569,221,348,632,367,265,383,331,52,302,272,30,14,8,6,3,3,0,64,48,16,249,36,213,91,15,76,145,14,131,3,1,2,10,6,4,245,34,211,88,14,74,144,13,131,3,1,2,10,6,4,4,2,2,3,1,2,1,1,0,0,0,0,0,0,0,682,298,384
29,573,0118,614343,0000,000000,KARNATAKA,Mandya,VILLAGE,Karekatte,Rural,90,419,199,220,52,20,32,1,1,0,0,0,0,221,130,91,198,69,129,324,164,160,110,100,10,77,75,2,27,23,4,2,1,1,4,1,3,214,64,150,24,11,13,176,46,130,1,1,0,13,6,7,181,48,133,19,10,9,153,33,120,1,1,0,8,4,4,33,16,17,5,1,4,23,13,10,0,0,0,5,2,3,95,35,60
29,573,0118,614344,0000,000000,KARNATAKA,Mandya,VILLAGE,Bidarkatte,Rural,158,741,378,363,68,39,29,25,10,15,0,0,0,370,217,153,371,161,210,538,278,260,150,143,7,87,85,2,57,54,3,5,3,2,1,1,0,388,135,253,55,39,16,319,91,228,10,2,8,4,3,1,350,118,232,34,26,8,304,87,217,9,2,7,3,3,0,38,17,21,21,13,8,15,4,11,1,0,1,1,0,1,203,100,103
29,573,0118,614345,0000,000000,KARNATAKA,Mandya,VILLAGE,Tavarekere,Rural,158,648,313,335,67,33,34,39,19,20,0,0,0,294,180,114,354,133,221,439,224,215,228,162,66,131,117,14,76,29,47,0,0,0,21,16,5,211,62,149,25,17,8,173,37,136,1,0,1,12,8,4,171,43,128,23,16,7,138,21,117,1,0,1,9,6,3,40,19,21,2,1,1,35,16,19,0,0,0,3,2,1,209,89,120
29,573,0118,614346,0000,000000,KARNATAKA,Mandya,VILLAGE,Tharanagere,Rural,64,264,142,122,26,17,9,0,0,0,0,0,0,141,87,54,123,55,68,188,100,88,188,100,88,186,98,88,0,0,0,0,0,0,2,2,0,0,0,0,0,0,0,0,0,0,0,0,0,0,0,0,0,0,0,0,0,0,0,0,0,0,0,0,0,0,0,0,0,0,0,0,0,0,0,0,0,0,0,0,0,0,76,42,34
29,573,0118,614347,0000,000000,KARNATAKA,Mandya,VILLAGE,Madveeranahalli,Rural,42,208,108,100,20,7,13,0,0,0,0,0,0,118,71,47,90,37,53,134,72,62,72,65,7,64,61,3,3,2,1,0,0,0,5,2,3,62,7,55,7,6,1,55,1,54,0,0,0,0,0,0,62,7,55,7,6,1,55,1,54,0,0,0,0,0,0,0,0,0,0,0,0,0,0,0,0,0,0,0,0,0,74,36,38
29,573,0118,614348,0000,000000,KARNATAKA,Mandya,VILLAGE,Tirumalapura,Rural,93,380,191,189,36,21,15,0,0,0,0,0,0,196,121,75,184,70,114,120,100,20,109,91,18,93,79,14,7,4,3,3,3,0,6,5,1,11,9,2,5,5,0,1,0,1,3,3,0,2,1,1,11,9,2,5,5,0,1,0,1,3,3,0,2,1,1,0,0,0,0,0,0,0,0,0,0,0,0,0,0,0,260,91,169
29,573,0118,614349,0000,000000,KARNATAKA,Mandya,VILLAGE,Basaralu,Rural,918,3694,1869,1825,416,192,224,896,448,448,70,35,35,2466,1403,1063,1228,466,762,1576,1144,432,1399,1035,364,625,525,100,395,197,198,32,27,5,347,286,61,177,109,68,55,40,15,57,22,35,6,5,1,59,42,17,170,104,66,55,40,15,57,22,35,3,3,0,55,39,16,7,5,2,0,0,0,0,0,0,3,2,1,4,3,1,2118,725,1393
29,573,0118,614350,0000,000000,KARNATAKA,Mandya,VILLAGE,Gundapura,Rural,29,124,67,57,15,10,5,0,0,0,0,0,0,67,39,28,57,28,29,37,32,5,33,29,4,30,28,2,0,0,0,2,1,1,1,0,1,4,3,1,3,3,0,0,0,0,0,0,0,1,0,1,4,3,1,3,3,0,0,0,0,0,0,0,1,0,1,0,0,0,0,0,0,0,0,0,0,0,0,0,0,0,87,35,52
29,573,0118,614351,0000,000000,KARNATAKA,Mandya,VILLAGE,Kenchanahalli,Rural,91,369,190,179,41,22,19,21,10,11,0,0,0,256,156,100,113,34,79,245,126,119,140,121,19,134,119,15,5,2,3,0,0,0,1,0,1,105,5,100,91,3,88,14,2,12,0,0,0,0,0,0,105,5,100,91,3,88,14,2,12,0,0,0,0,0,0,0,0,0,0,0,0,0,0,0,0,0,0,0,0,0,124,64,60
29,573,0118,614352,0000,000000,KARNATAKA,Mandya,VILLAGE,Harakadahalli,Rural,136,602,301,301,58,28,30,0,0,0,0,0,0,329,191,138,273,110,163,416,217,199,413,216,197,372,208,164,34,3,31,0,0,0,7,5,2,3,1,2,1,1,0,2,0,2,0,0,0,0,0,0,2,0,2,0,0,0,2,0,2,0,0,0,0,0,0,1,1,0,1,1,0,0,0,0,0,0,0,0,0,0,186,84,102
29,573,0118,614353,0000,000000,KARNATAKA,Mandya,VILLAGE,M.Hatna,Rural,259,1056,538,518,105,53,52,118,58,60,1,0,1,559,313,246,497,225,272,472,351,121,440,335,105,394,306,88,35,22,13,1,1,0,10,6,4,32,16,16,21,10,11,8,5,3,0,0,0,3,1,2,32,16,16,21,10,11,8,5,3,0,0,0,3,1,2,0,0,0,0,0,0,0,0,0,0,0,0,0,0,0,584,187,397
29,573,0118,614354,0000,000000,KARNATAKA,Mandya,VILLAGE,Hunuganahalli,Rural,357,1549,776,773,133,74,59,417,221,196,5,1,4,714,395,319,835,381,454,948,501,447,516,409,107,332,297,35,153,95,58,2,2,0,29,15,14,432,92,340,13,5,8,405,80,325,4,0,4,10,7,3,419,88,331,13,5,8,395,77,318,3,0,3,8,6,2,13,4,9,0,0,0,10,3,7,1,0,1,2,1,1,601,275,326
29,573,0118,614355,0000,000000,KARNATAKA,Mandya,VILLAGE,Nandihalli,Rural,139,647,334,313,60,38,22,7,0,7,0,0,0,347,202,145,300,132,168,196,183,13,182,169,13,162,155,7,0,0,0,0,0,0,20,14,6,14,14,0,4,4,0,0,0,0,0,0,0,10,10,0,10,10,0,4,4,0,0,0,0,0,0,0,6,6,0,4,4,0,0,0,0,0,0,0,0,0,0,4,4,0,451,151,300
29,573,0118,614356,0000,000000,KARNATAKA,Mandya,VILLAGE,Manuganahalli,Rural,51,235,111,124,26,12,14,10,5,5,0,0,0,161,85,76,74,26,48,145,73,72,140,73,67,135,72,63,2,0,2,0,0,0,3,1,2,5,0,5,4,0,4,1,0,1,0,0,0,0,0,0,5,0,5,4,0,4,1,0,1,0,0,0,0,0,0,0,0,0,0,0,0,0,0,0,0,0,0,0,0,0,90,38,52
29,573,0118,614357,0000,000000,KARNATAKA,Mandya,VILLAGE,Hanaganahalli,Rural,441,1811,901,910,178,91,87,47,21,26,1,0,1,993,560,433,818,341,477,782,598,184,633,525,108,441,411,30,86,28,58,21,16,5,85,70,15,149,73,76,23,12,11,75,12,63,15,14,1,36,35,1,130,65,65,22,11,11,60,8,52,15,14,1,33,32,1,19,8,11,1,1,0,15,4,11,0,0,0,3,3,0,1029,303,726
29,573,0118,614358,0000,000000,KARNATAKA,Mandya,VILLAGE,Hodagatta,Rural,131,571,296,275,74,42,32,0,0,0,0,0,0,317,182,135,254,114,140,233,186,47,199,176,23,137,136,1,23,16,7,1,1,0,38,23,15,34,10,24,11,7,4,13,0,13,0,0,0,10,3,7,34,10,24,11,7,4,13,0,13,0,0,0,10,3,7,0,0,0,0,0,0,0,0,0,0,0,0,0,0,0,338,110,228
29,573,0118,614359,0000,000000,KARNATAKA,Mandya,VILLAGE,Baby,Rural,232,960,482,478,87,38,49,200,101,99,51,26,25,576,343,233,384,139,245,555,346,209,367,303,64,243,225,18,99,57,42,0,0,0,25,21,4,188,43,145,16,11,5,168,30,138,1,1,0,3,1,2,152,26,126,15,11,4,134,14,120,1,1,0,2,0,2,36,17,19,1,0,1,34,16,18,0,0,0,1,1,0,405,136,269
29,573,0118,614360,0000,000000,KARNATAKA,Mandya,VILLAGE,Doddagarudanahalli,Rural,425,1742,850,892,193,96,97,214,94,120,0,0,0,980,530,450,762,320,442,661,490,171,590,442,148,394,328,66,107,41,66,6,5,1,83,68,15,71,48,23,36,30,6,15,9,6,1,1,0,19,8,11,71,48,23,36,30,6,15,9,6,1,1,0,19,8,11,0,0,0,0,0,0,0,0,0,0,0,0,0,0,0,1081,360,721
29,573,0118,614361,0000,000000,KARNATAKA,Mandya,VILLAGE,Chokanahalli,Rural,723,2885,1422,1463,329,175,154,711,349,362,16,5,11,1436,808,628,1449,614,835,1750,976,774,1496,941,555,493,450,43,893,404,489,11,9,2,99,78,21,254,35,219,24,10,14,214,18,196,1,1,0,15,6,9,249,33,216,24,10,14,211,18,193,0,0,0,14,5,9,5,2,3,0,0,0,3,0,3,1,1,0,1,1,0,1135,446,689
29,573,0118,614362,0000,000000,KARNATAKA,Mandya,VILLAGE,Upparakanahalli,Rural,243,937,431,506,92,34,58,229,99,130,9,4,5,609,314,295,328,117,211,466,297,169,302,259,43,192,186,6,61,43,18,0,0,0,49,30,19,164,38,126,43,9,34,110,23,87,0,0,0,11,6,5,147,34,113,43,9,34,95,19,76,0,0,0,9,6,3,17,4,13,0,0,0,15,4,11,0,0,0,2,0,2,471,134,337
29,573,0118,614363,0000,000000,KARNATAKA,Mandya,VILLAGE,Gudigenahalli,Rural,397,1575,773,802,152,80,72,377,177,200,11,5,6,1036,567,469,539,206,333,809,483,326,452,385,67,270,262,8,110,67,43,2,1,1,70,55,15,357,98,259,21,13,8,292,56,236,5,3,2,39,26,13,340,95,245,19,13,6,282,54,228,5,3,2,34,25,9,17,3,14,2,0,2,10,2,8,0,0,0,5,1,4,766,290,476
29,573,0118,614364,0000,000000,KARNATAKA,Mandya,VILLAGE,Ganthagowdanahalli,Rural,206,724,337,387,67,33,34,72,33,39,8,4,4,438,240,198,286,97,189,374,227,147,351,214,137,165,152,13,42,16,26,0,0,0,144,46,98,23,13,10,5,4,1,12,4,8,0,0,0,6,5,1,18,8,10,4,3,1,11,3,8,0,0,0,3,2,1,5,5,0,1,1,0,1,1,0,0,0,0,3,3,0,350,110,240
29,573,0118,614365,0000,000000,KARNATAKA,Mandya,VILLAGE,G.Kebbahalli,Rural,253,1018,512,506,87,43,44,44,22,22,0,0,0,686,374,312,332,138,194,433,337,96,413,330,83,261,243,18,89,39,50,10,10,0,53,38,15,20,7,13,4,2,2,13,4,9,1,0,1,2,1,1,19,7,12,4,2,2,12,4,8,1,0,1,2,1,1,1,0,1,0,0,0,1,0,1,0,0,0,0,0,0,585,175,410
29,573,0118,614366,0000,000000,KARNATAKA,Mandya,VILLAGE,Hanchahalli,Rural,190,823,403,420,65,30,35,21,9,12,4,2,2,507,275,232,316,128,188,432,295,137,404,271,133,154,134,20,213,110,103,0,0,0,37,27,10,28,24,4,1,0,1,0,0,0,1,1,0,26,23,3,26,22,4,1,0,1,0,0,0,1,1,0,24,21,3,2,2,0,0,0,0,0,0,0,0,0,0,2,2,0,391,108,283
29,573,0118,614367,0000,000000,KARNATAKA,Mandya,VILLAGE,Keregodu,Rural,2180,8528,4148,4380,719,375,344,1172,568,604,35,20,15,5635,3010,2625,2893,1138,1755,3766,2597,1169,3248,2376,872,1228,1106,122,1074,555,519,45,33,12,901,682,219,518,221,297,135,32,103,176,44,132,41,27,14,166,118,48,484,209,275,131,31,100,169,43,126,34,24,10,150,111,39,34,12,22,4,1,3,7,1,6,7,3,4,16,7,9,4762,1551,3211
29,573,0118,614368,0000,000000,KARNATAKA,Mandya,VILLAGE,Maragowdanahalli,Rural,836,3614,1834,1780,335,165,170,610,306,304,1,1,0,2309,1309,1000,1305,525,780,1630,1172,458,1244,1079,165,759,721,38,283,196,87,14,14,0,188,148,40,386,93,293,104,21,83,107,40,67,4,1,3,171,31,140,375,89,286,103,21,82,103,40,63,4,1,3,165,27,138,11,4,7,1,0,1,4,0,4,0,0,0,6,4,2,1984,662,1322
29,573,0118,614369,0000,000000,KARNATAKA,Mandya,VILLAGE,Shivara,Rural,291,1169,587,582,119,51,68,94,51,43,244,120,124,730,420,310,439,167,272,781,425,356,661,361,300,228,194,34,197,92,105,140,32,108,96,43,53,120,64,56,37,31,6,34,15,19,3,1,2,46,17,29,118,63,55,36,30,6,34,15,19,2,1,1,46,17,29,2,1,1,1,1,0,0,0,0,1,0,1,0,0,0,388,162,226
29,573,0118,614370,0000,000000,KARNATAKA,Mandya,VILLAGE,Hodaghatta,Rural,292,1152,575,577,114,60,54,175,90,85,1,1,0,809,435,374,343,140,203,507,364,143,495,359,136,186,163,23,162,86,76,1,0,1,146,110,36,12,5,7,5,2,3,2,1,1,0,0,0,5,2,3,11,4,7,4,1,3,2,1,1,0,0,0,5,2,3,1,1,0,1,1,0,0,0,0,0,0,0,0,0,0,645,211,434
29,573,0118,614371,0000,000000,KARNATAKA,Mandya,VILLAGE,Danayakanapura,Rural,401,1640,836,804,164,94,70,181,89,92,2,0,2,1048,571,477,592,265,327,948,528,420,781,502,279,425,296,129,231,118,113,18,13,5,107,75,32,167,26,141,120,15,105,26,6,20,15,1,14,6,4,2,157,21,136,113,10,103,23,6,17,15,1,14,6,4,2,10,5,5,7,5,2,3,0,3,0,0,0,0,0,0,692,308,384
29,573,0118,614372,0000,000000,KARNATAKA,Mandya,VILLAGE,Muddamgere,Rural,147,585,280,305,62,35,27,0,0,0,6,3,3,346,176,170,239,104,135,189,163,26,182,157,25,66,66,0,111,90,21,0,0,0,5,1,4,7,6,1,1,1,0,4,4,0,0,0,0,2,1,1,7,6,1,1,1,0,4,4,0,0,0,0,2,1,1,0,0,0,0,0,0,0,0,0,0,0,0,0,0,0,396,117,279
29,573,0118,614373,0000,000000,KARNATAKA,Mandya,VILLAGE,Hongalimutt,Rural,326,1395,675,720,139,67,72,901,433,468,3,1,2,836,466,370,559,209,350,918,474,444,563,397,166,168,159,9,245,120,125,1,1,0,149,117,32,355,77,278,26,16,10,316,53,263,0,0,0,13,8,5,329,71,258,26,16,10,291,47,244,0,0,0,12,8,4,26,6,20,0,0,0,25,6,19,0,0,0,1,0,1,477,201,276
29,573,0118,614374,0000,000000,KARNATAKA,Mandya,VILLAGE,Alakere,Rural,648,2725,1379,1346,285,139,146,688,348,340,2,1,1,1774,1006,768,951,373,578,1516,913,603,1339,874,465,655,504,151,532,254,278,5,4,1,147,112,35,177,39,138,80,13,67,68,10,58,11,1,10,18,15,3,170,32,138,75,8,67,68,10,58,11,1,10,16,13,3,7,7,0,5,5,0,0,0,0,0,0,0,2,2,0,1209,466,743
29,573,0118,614375,0000,000000,KARNATAKA,Mandya,VILLAGE,Eachagere,Rural,322,1352,692,660,112,64,48,167,80,87,4,2,2,964,522,442,388,170,218,523,427,96,379,330,49,288,270,18,55,33,22,8,8,0,28,19,9,144,97,47,23,19,4,82,51,31,20,13,7,19,14,5,126,81,45,15,11,4,82,51,31,18,11,7,11,8,3,18,16,2,8,8,0,0,0,0,2,2,0,8,6,2,829,265,564
29,573,0118,614376,0000,000000,KARNATAKA,Mandya,VILLAGE,Keelara,Rural,1210,5112,2569,2543,459,231,228,879,438,441,45,21,24,3336,1878,1458,1776,691,1085,2395,1680,715,2117,1555,562,868,772,96,782,454,328,40,29,11,427,300,127,278,125,153,7,5,2,199,82,117,7,2,5,65,36,29,277,125,152,7,5,2,199,82,117,7,2,5,64,36,28,1,0,1,0,0,0,0,0,0,0,0,0,1,0,1,2717,889,1828
29,573,0118,614377,0000,000000,KARNATAKA,Mandya,VILLAGE,Hulivana,Rural,909,3892,1959,1933,346,178,168,772,393,379,39,22,17,2616,1425,1191,1276,534,742,1854,1297,557,1822,1283,539,741,670,71,803,400,403,19,11,8,259,202,57,32,14,18,9,3,6,7,2,5,0,0,0,16,9,7,30,13,17,9,3,6,7,2,5,0,0,0,14,8,6,2,1,1,0,0,0,0,0,0,0,0,0,2,1,1,2038,662,1376
29,573,0118,614378,0000,000000,KARNATAKA,Mandya,VILLAGE,Doddabanasavadi,Rural,238,1009,506,503,97,46,51,68,37,31,3,2,1,724,400,324,285,106,179,356,296,60,216,193,23,155,139,16,37,32,5,13,13,0,11,9,2,140,103,37,46,41,5,61,35,26,3,2,1,30,25,5,140,103,37,46,41,5,61,35,26,3,2,1,30,25,5,0,0,0,0,0,0,0,0,0,0,0,0,0,0,0,653,210,443
29,573,0118,614379,0000,000000,KARNATAKA,Mandya,VILLAGE,Nallahalli,Rural,205,772,382,390,61,37,24,169,83,86,0,0,0,506,288,218,266,94,172,388,253,135,377,246,131,175,135,40,145,67,78,8,7,1,49,37,12,11,7,4,2,1,1,1,1,0,0,0,0,8,5,3,11,7,4,2,1,1,1,1,0,0,0,0,8,5,3,0,0,0,0,0,0,0,0,0,0,0,0,0,0,0,384,129,255
29,573,0118,614380,0000,000000,KARNATAKA,Mandya,VILLAGE,Honnayakanahalli,Rural,170,739,369,370,82,40,42,16,7,9,112,53,59,494,262,232,245,107,138,343,232,111,285,212,73,121,105,16,112,68,44,1,0,1,51,39,12,58,20,38,5,1,4,43,13,30,0,0,0,10,6,4,56,20,36,5,1,4,41,13,28,0,0,0,10,6,4,2,0,2,0,0,0,2,0,2,0,0,0,0,0,0,396,137,259
29,573,0118,614381,0000,000000,KARNATAKA,Mandya,VILLAGE,Chikkabanasavadi,Rural,83,389,200,189,46,29,17,14,10,4,0,0,0,262,145,117,127,55,72,177,122,55,155,112,43,96,75,21,32,18,14,5,5,0,22,14,8,22,10,12,12,7,5,3,0,3,0,0,0,7,3,4,20,9,11,12,7,5,3,0,3,0,0,0,5,2,3,2,1,1,0,0,0,0,0,0,0,0,0,2,1,1,212,78,134
29,573,0118,614382,0000,000000,KARNATAKA,Mandya,VILLAGE,S.I.Kodihalli,Rural,413,1712,842,870,148,78,70,300,146,154,5,4,1,1208,650,558,504,192,312,706,543,163,649,511,138,302,291,11,231,132,99,0,0,0,116,88,28,57,32,25,5,2,3,42,21,21,0,0,0,10,9,1,55,32,23,5,2,3,40,21,19,0,0,0,10,9,1,2,0,2,0,0,0,2,0,2,0,0,0,0,0,0,1006,299,707
29,573,0118,614383,0000,000000,KARNATAKA,Mandya,VILLAGE,K.Gowdagere,Rural,416,1641,811,830,130,58,72,229,112,117,0,0,0,1109,610,499,532,201,331,735,517,218,718,505,213,358,286,72,237,124,113,0,0,0,123,95,28,17,12,5,5,4,1,4,3,1,0,0,0,8,5,3,17,12,5,5,4,1,4,3,1,0,0,0,8,5,3,0,0,0,0,0,0,0,0,0,0,0,0,0,0,0,906,294,612
29,573,0118,614384,0000,000000,KARNATAKA,Mandya,VILLAGE,Bilidegilu,Rural,404,1795,931,864,165,93,72,107,58,49,8,5,3,1294,727,567,501,204,297,873,618,255,548,458,90,382,362,20,106,48,58,4,4,0,56,44,12,325,160,165,21,10,11,176,53,123,19,15,4,109,82,27,321,157,164,21,10,11,175,53,122,19,15,4,106,79,27,4,3,1,0,0,0,1,0,1,0,0,0,3,3,0,922,313,609
29,573,0118,614385,0000,000000,KARNATAKA,Mandya,VILLAGE,B.Hosur,Rural,419,1749,901,848,149,79,70,214,113,101,10,5,5,1244,708,536,505,193,312,754,577,177,751,576,175,340,314,26,250,147,103,7,4,3,154,111,43,3,1,2,2,1,1,0,0,0,0,0,0,1,0,1,3,1,2,2,1,1,0,0,0,0,0,0,1,0,1,0,0,0,0,0,0,0,0,0,0,0,0,0,0,0,995,324,671
29,573,0118,614386,0000,000000,KARNATAKA,Mandya,VILLAGE,Jeegundipatna,Rural,292,1216,608,608,134,65,69,82,41,41,0,0,0,724,406,318,492,202,290,574,391,183,568,390,178,211,180,31,246,126,120,4,4,0,107,80,27,6,1,5,1,0,1,1,0,1,0,0,0,4,1,3,6,1,5,1,0,1,1,0,1,0,0,0,4,1,3,0,0,0,0,0,0,0,0,0,0,0,0,0,0,0,642,217,425
29,573,0118,614387,0000,000000,KARNATAKA,Mandya,VILLAGE,Chamalapura,Rural,218,1014,515,499,88,49,39,138,62,76,0,0,0,690,391,299,324,124,200,319,284,35,301,274,27,202,196,6,69,57,12,1,1,0,29,20,9,18,10,8,1,1,0,11,5,6,1,1,0,5,3,2,17,9,8,0,0,0,11,5,6,1,1,0,5,3,2,1,1,0,1,1,0,0,0,0,0,0,0,0,0,0,695,231,464
29,573,0118,614388,0000,000000,KARNATAKA,Mandya,VILLAGE,Ankuppe,Rural,21,75,36,39,4,3,1,0,0,0,0,0,0,39,23,16,36,13,23,24,24,0,23,23,0,23,23,0,0,0,0,0,0,0,0,0,0,1,1,0,1,1,0,0,0,0,0,0,0,0,0,0,1,1,0,1,1,0,0,0,0,0,0,0,0,0,0,0,0,0,0,0,0,0,0,0,0,0,0,0,0,0,51,12,39
29,573,0118,614389,0000,000000,KARNATAKA,Mandya,VILLAGE,Honnemadu,Rural,217,887,451,436,77,45,32,4,1,3,1,0,1,554,317,237,333,134,199,396,309,87,312,292,20,267,251,16,36,34,2,0,0,0,9,7,2,84,17,67,14,5,9,58,7,51,3,1,2,9,4,5,84,17,67,14,5,9,58,7,51,3,1,2,9,4,5,0,0,0,0,0,0,0,0,0,0,0,0,0,0,0,491,142,349
29,573,0118,614390,0000,000000,KARNATAKA,Mandya,VILLAGE,G.Malligere,Rural,268,1237,616,621,105,50,55,386,199,187,0,0,0,885,518,367,352,98,254,444,358,86,288,260,28,175,168,7,27,24,3,17,10,7,69,58,11,156,98,58,4,3,1,99,80,19,36,6,30,17,9,8,134,94,40,4,3,1,99,80,19,18,4,14,13,7,6,22,4,18,0,0,0,0,0,0,18,2,16,4,2,2,793,258,535
29,573,0118,614391,0000,000000,KARNATAKA,Mandya,VILLAGE,Maralekere,Rural,77,449,232,217,46,25,21,0,0,0,0,0,0,276,160,116,173,72,101,146,133,13,130,124,6,99,99,0,1,1,0,3,3,0,27,21,6,16,9,7,8,7,1,1,0,1,0,0,0,7,2,5,16,9,7,8,7,1,1,0,1,0,0,0,7,2,5,0,0,0,0,0,0,0,0,0,0,0,0,0,0,0,303,99,204
29,573,0118,614392,0000,000000,KARNATAKA,Mandya,VILLAGE,Chikkagangavadi,Rural,96,406,210,196,37,17,20,0,0,0,0,0,0,217,133,84,189,77,112,134,129,5,130,125,5,127,122,5,1,1,0,0,0,0,2,2,0,4,4,0,0,0,0,0,0,0,4,4,0,0,0,0,4,4,0,0,0,0,0,0,0,4,4,0,0,0,0,0,0,0,0,0,0,0,0,0,0,0,0,0,0,0,272,81,191
29,573,0118,614393,0000,000000,KARNATAKA,Mandya,VILLAGE,Thippapura,Rural,50,238,118,120,21,9,12,0,0,0,0,0,0,138,79,59,100,39,61,59,58,1,58,57,1,51,51,0,4,4,0,0,0,0,3,2,1,1,1,0,0,0,0,0,0,0,0,0,0,1,1,0,1,1,0,0,0,0,0,0,0,0,0,0,1,1,0,0,0,0,0,0,0,0,0,0,0,0,0,0,0,0,179,60,119
29,573,0118,614394,0000,000000,KARNATAKA,Mandya,VILLAGE,G.Hoshalli,Rural,3,13,9,4,0,0,0,0,0,0,0,0,0,7,7,0,6,2,4,11,8,3,11,8,3,9,6,3,0,0,0,0,0,0,2,2,0,0,0,0,0,0,0,0,0,0,0,0,0,0,0,0,0,0,0,0,0,0,0,0,0,0,0,0,0,0,0,0,0,0,0,0,0,0,0,0,0,0,0,0,0,0,2,1,1
29,573,0118,614395,0000,000000,KARNATAKA,Mandya,VILLAGE,Javanahalli,Rural,153,696,373,323,66,38,28,1,0,1,4,1,3,403,253,150,293,120,173,387,237,150,378,233,145,223,119,104,29,13,16,4,4,0,122,97,25,9,4,5,1,0,1,3,1,2,0,0,0,5,3,2,5,1,4,1,0,1,3,1,2,0,0,0,1,0,1,4,3,1,0,0,0,0,0,0,0,0,0,4,3,1,309,136,173
29,573,0118,614396,0000,000000,KARNATAKA,Mandya,VILLAGE,Mallenahalli,Rural,208,929,468,461,92,55,37,325,165,160,0,0,0,594,330,264,335,138,197,450,295,155,411,264,147,215,174,41,161,68,93,1,0,1,34,22,12,39,31,8,4,3,1,9,7,2,4,4,0,22,17,5,15,11,4,3,2,1,0,0,0,1,1,0,11,8,3,24,20,4,1,1,0,9,7,2,3,3,0,11,9,2,479,173,306
29,573,0118,614397,0000,000000,KARNATAKA,Mandya,VILLAGE,Gerahalli(B),Rural,0,0,0,0,0,0,0,0,0,0,0,0,0,0,0,0,0,0,0,0,0,0,0,0,0,0,0,0,0,0,0,0,0,0,0,0,0,0,0,0,0,0,0,0,0,0,0,0,0,0,0,0,0,0,0,0,0,0,0,0,0,0,0,0,0,0,0,0,0,0,0,0,0,0,0,0,0,0,0,0,0,0,0,0,0
29,573,0118,614398,0000,000000,KARNATAKA,Mandya,VILLAGE,Billenahalli,Rural,232,1071,557,514,118,60,58,95,49,46,0,0,0,660,387,273,411,170,241,787,423,364,762,407,355,348,261,87,109,50,59,12,4,8,293,92,201,25,16,9,8,8,0,2,1,1,1,1,0,14,6,8,25,16,9,8,8,0,2,1,1,1,1,0,14,6,8,0,0,0,0,0,0,0,0,0,0,0,0,0,0,0,284,134,150
29,573,0118,614399,0000,000000,KARNATAKA,Mandya,VILLAGE,Bevakal,Rural,644,2739,1360,1379,266,135,131,50,19,31,0,0,0,1711,971,740,1028,389,639,1291,888,403,1261,875,386,755,530,225,209,93,116,5,4,1,292,248,44,30,13,17,3,2,1,6,1,5,1,0,1,20,10,10,25,13,12,3,2,1,4,1,3,0,0,0,18,10,8,5,0,5,0,0,0,2,0,2,1,0,1,2,0,2,1448,472,976
29,573,0118,614400,0000,000000,KARNATAKA,Mandya,VILLAGE,B. Hatna,Rural,386,1618,811,807,160,71,89,416,220,196,0,0,0,1027,572,455,591,239,352,816,543,273,801,536,265,368,311,57,314,131,183,0,0,0,119,94,25,15,7,8,3,1,2,10,4,6,0,0,0,2,2,0,15,7,8,3,1,2,10,4,6,0,0,0,2,2,0,0,0,0,0,0,0,0,0,0,0,0,0,0,0,0,802,268,534
29,573,0118,614401,0000,000000,KARNATAKA,Mandya,VILLAGE,Beechanahalli,Rural,142,594,294,300,44,22,22,191,94,97,0,0,0,372,210,162,222,84,138,358,187,171,159,144,15,71,69,2,71,63,8,0,0,0,17,12,5,199,43,156,4,3,1,188,34,154,0,0,0,7,6,1,192,41,151,4,3,1,181,32,149,0,0,0,7,6,1,7,2,5,0,0,0,7,2,5,0,0,0,0,0,0,236,107,129
29,573,0118,614402,0000,000000,KARNATAKA,Mandya,VILLAGE,Bettahalli,Rural,454,2073,1065,1008,218,101,117,199,94,105,0,0,0,1063,628,435,1010,437,573,940,694,246,719,584,135,605,493,112,14,8,6,6,6,0,94,77,17,221,110,111,113,61,52,95,38,57,4,4,0,9,7,2,218,110,108,113,61,52,93,38,55,4,4,0,8,7,1,3,0,3,0,0,0,2,0,2,0,0,0,1,0,1,1133,371,762
29,573,0118,614403,0000,000000,KARNATAKA,Mandya,VILLAGE,M. Honnenahalli,Rural,215,883,455,428,100,50,50,0,0,0,0,0,0,435,248,187,448,207,241,414,293,121,405,288,117,197,150,47,127,71,56,0,0,0,81,67,14,9,5,4,1,0,1,3,0,3,0,0,0,5,5,0,9,5,4,1,0,1,3,0,3,0,0,0,5,5,0,0,0,0,0,0,0,0,0,0,0,0,0,0,0,0,469,162,307
29,573,0118,614404,0000,000000,KARNATAKA,Mandya,VILLAGE,Bommanahalli,Rural,228,998,501,497,91,52,39,115,60,55,0,0,0,561,309,252,437,192,245,609,339,270,352,313,39,246,237,9,39,20,19,6,3,3,61,53,8,257,26,231,218,25,193,34,0,34,0,0,0,5,1,4,217,4,213,179,3,176,34,0,34,0,0,0,4,1,3,40,22,18,39,22,17,0,0,0,0,0,0,1,0,1,389,162,227
29,573,0118,614405,0000,000000,KARNATAKA,Mandya,VILLAGE,Managanahalli,Rural,71,305,151,154,37,12,25,0,0,0,0,0,0,170,102,68,135,49,86,213,117,96,137,113,24,121,106,15,11,5,6,0,0,0,5,2,3,76,4,72,74,4,70,2,0,2,0,0,0,0,0,0,72,3,69,70,3,67,2,0,2,0,0,0,0,0,0,4,1,3,4,1,3,0,0,0,0,0,0,0,0,0,92,34,58
29,573,0118,614406,0000,000000,KARNATAKA,Mandya,VILLAGE,Mudagandur,Rural,299,1206,614,592,105,60,45,264,137,127,0,0,0,682,401,281,524,213,311,649,413,236,537,350,187,173,114,59,208,115,93,14,8,6,142,113,29,112,63,49,30,11,19,55,31,24,1,0,1,26,21,5,111,62,49,30,11,19,55,31,24,1,0,1,25,20,5,1,1,0,0,0,0,0,0,0,0,0,0,1,1,0,557,201,356
29,573,0118,614407,0000,000000,KARNATAKA,Mandya,VILLAGE,M.Hosahalli,Rural,209,836,415,421,83,39,44,64,28,36,1,1,0,473,272,201,363,143,220,467,278,189,186,163,23,121,116,5,24,15,9,2,2,0,39,30,9,281,115,166,55,35,20,164,39,125,4,2,2,58,39,19,275,111,164,53,34,19,161,37,124,4,2,2,57,38,19,6,4,2,2,1,1,3,2,1,0,0,0,1,1,0,369,137,232
29,573,0118,614408,0000,000000,KARNATAKA,Mandya,VILLAGE,Sowdenahalli,Rural,166,752,368,384,85,42,43,250,120,130,0,0,0,469,260,209,283,108,175,317,221,96,299,215,84,88,83,5,137,78,59,10,9,1,64,45,19,18,6,12,1,0,1,2,1,1,0,0,0,15,5,10,17,6,11,1,0,1,1,1,0,0,0,0,15,5,10,1,0,1,0,0,0,1,0,1,0,0,0,0,0,0,435,147,288
29,573,0118,614409,0000,000000,KARNATAKA,Mandya,VILLAGE,Maranahalli,Rural,117,464,235,229,62,28,34,5,3,2,0,0,0,296,171,125,168,64,104,196,146,50,184,145,39,123,111,12,26,9,17,21,16,5,14,9,5,12,1,11,2,1,1,2,0,2,6,0,6,2,0,2,12,1,11,2,1,1,2,0,2,6,0,6,2,0,2,0,0,0,0,0,0,0,0,0,0,0,0,0,0,0,268,89,179
29,573,0118,614410,0000,000000,KARNATAKA,Mandya,VILLAGE,M.Kebbahalli,Rural,87,415,220,195,44,31,13,174,94,80,0,0,0,300,166,134,115,54,61,189,122,67,155,121,34,71,59,12,10,6,4,16,14,2,58,42,16,34,1,33,6,0,6,1,0,1,0,0,0,27,1,26,34,1,33,6,0,6,1,0,1,0,0,0,27,1,26,0,0,0,0,0,0,0,0,0,0,0,0,0,0,0,226,98,128
29,573,0118,614411,0000,000000,KARNATAKA,Mandya,VILLAGE,Narasipuradakoppal,Rural,0,0,0,0,0,0,0,0,0,0,0,0,0,0,0,0,0,0,0,0,0,0,0,0,0,0,0,0,0,0,0,0,0,0,0,0,0,0,0,0,0,0,0,0,0,0,0,0,0,0,0,0,0,0,0,0,0,0,0,0,0,0,0,0,0,0,0,0,0,0,0,0,0,0,0,0,0,0,0,0,0,0,0,0,0
29,573,0118,614412,0000,000000,KARNATAKA,Mandya,VILLAGE,Gunnaikanahalli,Rural,190,742,373,369,59,33,26,0,0,0,5,2,3,508,281,227,234,92,142,357,263,94,286,207,79,240,179,61,11,6,5,7,5,2,28,17,11,71,56,15,8,7,1,20,16,4,18,14,4,25,19,6,68,55,13,8,7,1,20,16,4,18,14,4,22,18,4,3,1,2,0,0,0,0,0,0,0,0,0,3,1,2,385,110,275
29,573,0118,614413,0000,000000,KARNATAKA,Mandya,VILLAGE,Shambonahalli,Rural,138,564,292,272,56,32,24,70,36,34,0,0,0,357,207,150,207,85,122,266,178,88,234,173,61,151,121,30,45,24,21,5,2,3,33,26,7,32,5,27,27,4,23,1,0,1,0,0,0,4,1,3,28,4,24,23,3,20,1,0,1,0,0,0,4,1,3,4,1,3,4,1,3,0,0,0,0,0,0,0,0,0,298,114,184
29,573,0118,614414,0000,000000,KARNATAKA,Mandya,VILLAGE,H. Malligere,Rural,633,2583,1286,1297,244,128,116,501,245,256,4,3,1,1686,927,759,897,359,538,1113,849,264,1046,809,237,491,456,35,359,215,144,12,8,4,184,130,54,67,40,27,29,21,8,31,17,14,4,1,3,3,1,2,67,40,27,29,21,8,31,17,14,4,1,3,3,1,2,0,0,0,0,0,0,0,0,0,0,0,0,0,0,0,1470,437,1033
29,573,0118,614415,0000,000000,KARNATAKA,Mandya,VILLAGE,Goravale,Rural,612,2372,1185,1187,207,114,93,219,114,105,48,23,25,1493,811,682,879,374,505,1100,763,337,1060,749,311,364,324,40,480,272,208,49,32,17,167,121,46,40,14,26,14,5,9,15,4,11,4,2,2,7,3,4,36,11,25,14,5,9,13,3,10,3,1,2,6,2,4,4,3,1,0,0,0,2,1,1,1,1,0,1,1,0,1272,422,850
29,573,0118,614416,0000,000000,KARNATAKA,Mandya,VILLAGE,Mahadevarahalli,Rural,0,0,0,0,0,0,0,0,0,0,0,0,0,0,0,0,0,0,0,0,0,0,0,0,0,0,0,0,0,0,0,0,0,0,0,0,0,0,0,0,0,0,0,0,0,0,0,0,0,0,0,0,0,0,0,0,0,0,0,0,0,0,0,0,0,0,0,0,0,0,0,0,0,0,0,0,0,0,0,0,0,0,0,0,0
29,573,0118,614417,0000,000000,KARNATAKA,Mandya,VILLAGE,Sampahalli,Rural,326,1303,653,650,142,75,67,320,160,160,5,4,1,825,460,365,478,193,285,610,414,196,408,315,93,216,194,22,138,79,59,2,1,1,52,41,11,202,99,103,17,14,3,177,81,96,0,0,0,8,4,4,202,99,103,17,14,3,177,81,96,0,0,0,8,4,4,0,0,0,0,0,0,0,0,0,0,0,0,0,0,0,693,239,454
29,573,0118,614418,0000,000000,KARNATAKA,Mandya,VILLAGE,Beeregowdanahalli,Rural,126,549,265,284,45,25,20,9,1,8,0,0,0,402,203,199,147,62,85,217,183,34,201,176,25,139,137,2,47,25,22,1,1,0,14,13,1,16,7,9,6,4,2,4,1,3,1,1,0,5,1,4,13,5,8,4,2,2,4,1,3,1,1,0,4,1,3,3,2,1,2,2,0,0,0,0,0,0,0,1,0,1,332,82,250
29,573,0118,614419,0000,000000,KARNATAKA,Mandya,VILLAGE,B.Hosahalli,Rural,153,600,297,303,47,27,20,69,33,36,4,2,2,396,208,188,204,89,115,336,215,121,333,213,120,140,96,44,102,53,49,2,2,0,89,62,27,3,2,1,1,1,0,0,0,0,0,0,0,2,1,1,3,2,1,1,1,0,0,0,0,0,0,0,2,1,1,0,0,0,0,0,0,0,0,0,0,0,0,0,0,0,264,82,182
29,573,0118,614420,0000,000000,KARNATAKA,Mandya,VILLAGE,Holalu,Rural,1235,5203,2574,2629,513,270,243,658,341,317,40,19,21,3277,1784,1493,1926,790,1136,2620,1656,964,1784,1283,501,773,643,130,554,294,260,13,11,2,444,335,109,836,373,463,118,22,96,579,259,320,7,3,4,132,89,43,734,339,395,115,22,93,501,235,266,4,3,1,114,79,35,102,34,68,3,0,3,78,24,54,3,0,3,18,10,8,2583,918,1665
29,573,0118,614421,0000,000000,KARNATAKA,Mandya,VILLAGE,Kiragandur,Rural,464,1873,946,927,161,84,77,289,145,144,77,40,37,1313,709,604,560,237,323,832,633,199,796,618,178,342,297,45,241,175,66,15,12,3,198,134,64,36,15,21,12,0,12,4,2,2,1,0,1,19,13,6,32,12,20,12,0,12,4,2,2,1,0,1,15,10,5,4,3,1,0,0,0,0,0,0,0,0,0,4,3,1,1041,313,728
29,573,0118,614422,0000,000000,KARNATAKA,Mandya,VILLAGE,Chandagal,Rural,862,3437,1715,1722,311,161,150,587,305,282,8,5,3,2307,1228,1079,1130,487,643,1843,1109,734,1708,1077,631,1038,678,360,361,188,173,8,7,1,301,204,97,135,32,103,18,6,12,34,10,24,0,0,0,83,16,67,134,31,103,17,5,12,34,10,24,0,0,0,83,16,67,1,1,0,1,1,0,0,0,0,0,0,0,0,0,0,1594,606,988
29,573,0118,614423,0000,000000,KARNATAKA,Mandya,VILLAGE,Chikkathammanahalli,Rural,0,0,0,0,0,0,0,0,0,0,0,0,0,0,0,0,0,0,0,0,0,0,0,0,0,0,0,0,0,0,0,0,0,0,0,0,0,0,0,0,0,0,0,0,0,0,0,0,0,0,0,0,0,0,0,0,0,0,0,0,0,0,0,0,0,0,0,0,0,0,0,0,0,0,0,0,0,0,0,0,0,0,0,0,0
29,573,0118,614424,0000,000000,KARNATAKA,Mandya,VILLAGE,Mallanayakanakatte,Rural,497,1996,1000,996,188,91,97,152,71,81,34,21,13,1249,702,547,747,298,449,1234,702,532,1157,670,487,892,511,381,163,92,71,5,3,2,97,64,33,77,32,45,11,2,9,44,19,25,8,5,3,14,6,8,70,29,41,8,2,6,44,19,25,5,3,2,13,5,8,7,3,4,3,0,3,0,0,0,3,2,1,1,1,0,762,298,464
29,573,0118,614425,0000,000000,KARNATAKA,Mandya,VILLAGE,Gandalu,Rural,580,2329,1156,1173,199,105,94,504,239,265,34,18,16,1558,845,713,771,311,460,1101,677,424,912,564,348,276,247,29,432,208,224,8,6,2,196,103,93,189,113,76,28,17,11,104,60,44,9,5,4,48,31,17,147,77,70,26,15,11,86,47,39,6,2,4,29,13,16,42,36,6,2,2,0,18,13,5,3,3,0,19,18,1,1228,479,749
29,573,0118,614426,0000,000000,KARNATAKA,Mandya,VILLAGE,Hadya,Rural,254,1156,586,570,132,78,54,138,70,68,13,4,9,756,416,340,400,170,230,510,369,141,480,356,124,234,218,16,192,101,91,1,1,0,53,36,17,30,13,17,3,3,0,10,3,7,1,1,0,16,6,10,29,12,17,3,3,0,10,3,7,0,0,0,16,6,10,1,1,0,0,0,0,0,0,0,1,1,0,0,0,0,646,217,429
29,573,0118,614427,0000,000000,KARNATAKA,Mandya,VILLAGE,Shivhalli,Rural,789,3073,1493,1580,255,129,126,503,253,250,10,5,5,2088,1068,1020,985,425,560,1641,993,648,1138,875,263,529,465,64,285,151,134,20,16,4,304,243,61,503,118,385,88,50,38,297,27,270,7,2,5,111,39,72,440,111,329,87,50,37,289,26,263,7,2,5,57,33,24,63,7,56,1,0,1,8,1,7,0,0,0,54,6,48,1432,500,932
29,573,0118,614428,0000,000000,KARNATAKA,Mandya,VILLAGE,Maradipura,Rural,306,1337,679,658,152,77,75,66,33,33,15,8,7,750,448,302,587,231,356,582,459,123,550,444,106,366,331,35,127,68,59,1,1,0,56,44,12,32,15,17,15,8,7,7,1,6,1,0,1,9,6,3,30,15,15,15,8,7,6,1,5,1,0,1,8,6,2,2,0,2,0,0,0,1,0,1,0,0,0,1,0,1,755,220,535
29,573,0118,614429,0000,000000,KARNATAKA,Mandya,VILLAGE,Madla,Rural,106,507,255,252,56,27,29,59,28,31,0,0,0,340,191,149,167,64,103,197,154,43,196,153,43,98,90,8,53,27,26,6,6,0,39,30,9,1,1,0,0,0,0,0,0,0,0,0,0,1,1,0,1,1,0,0,0,0,0,0,0,0,0,0,1,1,0,0,0,0,0,0,0,0,0,0,0,0,0,0,0,0,310,101,209
29,573,0118,614430,0000,000000,KARNATAKA,Mandya,VILLAGE,Dudda,Rural,454,1986,1002,984,210,107,103,99,53,46,4,2,2,1272,696,576,714,306,408,738,581,157,596,493,103,264,253,11,176,109,67,13,10,3,143,121,22,142,88,54,20,9,11,79,48,31,1,1,0,42,30,12,100,59,41,19,8,11,70,42,28,0,0,0,11,9,2,42,29,13,1,1,0,9,6,3,1,1,0,31,21,10,1248,421,827
29,573,0118,614431,0000,000000,KARNATAKA,Mandya,VILLAGE,Kannahatti,Rural,123,485,257,228,49,32,17,0,0,0,4,2,2,337,196,141,148,61,87,237,162,75,233,158,75,56,49,7,161,96,65,1,0,1,15,13,2,4,4,0,2,2,0,2,2,0,0,0,0,0,0,0,4,4,0,2,2,0,2,2,0,0,0,0,0,0,0,0,0,0,0,0,0,0,0,0,0,0,0,0,0,0,248,95,153
29,573,0118,614432,0000,000000,KARNATAKA,Mandya,VILLAGE,Devarayapatna,Rural,14,48,24,24,3,2,1,9,3,6,0,0,0,30,17,13,18,7,11,20,11,9,9,8,1,1,1,0,0,0,0,0,0,0,8,7,1,11,3,8,0,0,0,1,0,1,0,0,0,10,3,7,11,3,8,0,0,0,1,0,1,0,0,0,10,3,7,0,0,0,0,0,0,0,0,0,0,0,0,0,0,0,28,13,15
29,573,0118,614433,0000,000000,KARNATAKA,Mandya,VILLAGE,Hullenahalli,Rural,656,3066,1602,1464,273,156,117,139,68,71,12,8,4,2072,1177,895,994,425,569,1428,1092,336,1142,918,224,687,622,65,335,209,126,25,21,4,95,66,29,286,174,112,25,16,9,200,123,77,21,11,10,40,24,16,265,169,96,25,16,9,188,121,67,20,11,9,32,21,11,21,5,16,0,0,0,12,2,10,1,0,1,8,3,5,1638,510,1128
29,573,0118,614434,0000,000000,KARNATAKA,Mandya,VILLAGE,Jayapura,Rural,164,703,362,341,66,31,35,216,102,114,0,0,0,429,244,185,274,118,156,449,254,195,436,251,185,288,167,121,129,72,57,1,1,0,18,11,7,13,3,10,5,0,5,2,0,2,2,1,1,4,2,2,10,2,8,5,0,5,2,0,2,1,1,0,2,1,1,3,1,2,0,0,0,0,0,0,1,0,1,2,1,1,254,108,146
29,573,0118,614435,0000,000000,KARNATAKA,Mandya,VILLAGE,Mallegere,Rural,138,557,281,276,43,20,23,168,78,90,0,0,0,353,202,151,204,79,125,326,177,149,261,141,120,251,134,117,1,0,1,1,1,0,8,6,2,65,36,29,8,6,2,1,0,1,42,22,20,14,8,6,13,8,5,3,1,2,0,0,0,0,0,0,10,7,3,52,28,24,5,5,0,1,0,1,42,22,20,4,1,3,231,104,127
29,573,0118,614436,0000,000000,KARNATAKA,Mandya,VILLAGE,Hulikere,Rural,755,3216,1665,1551,324,173,151,246,131,115,4,1,3,1857,1093,764,1359,572,787,1349,1041,308,986,767,219,577,518,59,275,134,141,15,14,1,119,101,18,363,274,89,65,46,19,243,179,64,35,33,2,20,16,4,207,125,82,59,42,17,126,67,59,5,3,2,17,13,4,156,149,7,6,4,2,117,112,5,30,30,0,3,3,0,1867,624,1243
29,573,0118,614437,0000,000000,KARNATAKA,Mandya,VILLAGE,Madchakanahalli,Rural,259,1064,548,516,99,59,40,167,90,77,4,2,2,670,390,280,394,158,236,500,333,167,337,285,52,181,169,12,47,29,18,10,5,5,99,82,17,163,48,115,45,17,28,46,3,43,5,1,4,67,27,40,159,47,112,44,17,27,45,3,42,3,0,3,67,27,40,4,1,3,1,0,1,1,0,1,2,1,1,0,0,0,564,215,349
29,573,0118,614438,0000,000000,KARNATAKA,Mandya,VILLAGE,Bilaguli,Rural,382,1686,877,809,167,89,78,209,112,97,11,6,5,1010,579,431,676,298,378,810,540,270,354,300,54,277,250,27,30,23,7,8,6,2,39,21,18,456,240,216,116,103,13,223,54,169,5,3,2,112,80,32,335,145,190,63,53,10,197,36,161,3,2,1,72,54,18,121,95,26,53,50,3,26,18,8,2,1,1,40,26,14,876,337,539
29,573,0118,614439,0000,000000,KARNATAKA,Mandya,VILLAGE,Maradevanahalli,Rural,150,678,359,319,69,35,34,60,32,28,6,3,3,350,206,144,328,153,175,268,211,57,251,204,47,85,81,4,95,64,31,0,0,0,71,59,12,17,7,10,5,1,4,3,1,2,0,0,0,9,5,4,16,6,10,5,1,4,3,1,2,0,0,0,8,4,4,1,1,0,0,0,0,0,0,0,0,0,0,1,1,0,410,148,262
29,573,0118,614440,0000,000000,KARNATAKA,Mandya,VILLAGE,Maranachakanahalli,Rural,441,1959,974,985,207,119,88,199,99,100,0,0,0,1136,610,526,823,364,459,681,571,110,574,479,95,333,315,18,180,115,65,0,0,0,61,49,12,107,92,15,84,76,8,13,9,4,2,2,0,8,5,3,107,92,15,84,76,8,13,9,4,2,2,0,8,5,3,0,0,0,0,0,0,0,0,0,0,0,0,0,0,0,1278,403,875
29,573,0118,614441,0000,000000,KARNATAKA,Mandya,VILLAGE,Avverahalli,Rural,158,638,326,312,62,37,25,110,56,54,0,0,0,465,254,211,173,72,101,378,211,167,210,194,16,123,115,8,10,9,1,22,20,2,55,50,5,168,17,151,26,4,22,108,5,103,2,1,1,32,7,25,167,17,150,26,4,22,107,5,102,2,1,1,32,7,25,1,0,1,0,0,0,1,0,1,0,0,0,0,0,0,260,115,145
29,573,0118,614442,0000,000000,KARNATAKA,Mandya,VILLAGE,Panakanahalli,Rural,472,1881,911,970,176,95,81,360,171,189,5,2,3,1337,694,643,544,217,327,816,577,239,731,523,208,322,270,52,290,164,126,3,3,0,116,86,30,85,54,31,21,14,7,25,10,15,1,1,0,38,29,9,83,53,30,20,13,7,25,10,15,1,1,0,37,29,8,2,1,1,1,1,0,0,0,0,0,0,0,1,0,1,1065,334,731
29,573,0118,614443,0000,000000,KARNATAKA,Mandya,VILLAGE,Mandya (Rural),Rural,1628,6635,3332,3303,671,374,297,846,414,432,76,43,33,4308,2369,1939,2327,963,1364,3033,2177,856,2707,1991,716,822,781,41,892,485,407,53,41,12,940,684,256,326,186,140,25,17,8,154,73,81,14,3,11,133,93,40,302,176,126,25,17,8,148,70,78,5,2,3,124,87,37,24,10,14,0,0,0,6,3,3,9,1,8,9,6,3,3602,1155,2447
29,573,0118,614444,0000,000000,KARNATAKA,Mandya,VILLAGE,Gopalapura,Rural,409,1693,831,862,160,78,82,15,8,7,2,1,1,1121,616,505,572,215,357,807,527,280,780,512,268,165,120,45,472,273,199,3,2,1,140,117,23,27,15,12,12,4,8,7,4,3,0,0,0,8,7,1,23,13,10,10,4,6,5,2,3,0,0,0,8,7,1,4,2,2,2,0,2,2,2,0,0,0,0,0,0,0,886,304,582
29,573,0118,614445,0000,000000,KARNATAKA,Mandya,VILLAGE,H.Kodihalli,Rural,299,1255,634,621,99,49,50,370,179,191,9,6,3,1008,547,461,247,87,160,717,444,273,708,439,269,172,156,16,496,257,239,3,3,0,37,23,14,9,5,4,1,1,0,4,2,2,0,0,0,4,2,2,7,4,3,1,1,0,2,1,1,0,0,0,4,2,2,2,1,1,0,0,0,2,1,1,0,0,0,0,0,0,538,190,348
29,573,0118,614446,0000,000000,KARNATAKA,Mandya,VILLAGE,Honaganahalli,Rural,296,1248,626,622,112,64,48,221,113,108,4,2,2,945,500,445,303,126,177,522,436,86,416,382,34,328,311,17,3,3,0,3,3,0,82,65,17,106,54,52,9,8,1,59,27,32,3,1,2,35,18,17,106,54,52,9,8,1,59,27,32,3,1,2,35,18,17,0,0,0,0,0,0,0,0,0,0,0,0,0,0,0,726,190,536
29,573,0118,614447,0000,000000,KARNATAKA,Mandya,VILLAGE,Kommerahalli,Rural,532,3497,2483,1014,218,102,116,546,283,263,99,56,43,2832,2219,613,665,264,401,847,641,206,687,572,115,293,286,7,49,43,6,2,0,2,343,243,100,160,69,91,3,2,1,107,38,69,7,4,3,43,25,18,120,47,73,3,2,1,82,24,58,6,3,3,29,18,11,40,22,18,0,0,0,25,14,11,1,1,0,14,7,7,2650,1842,808
29,573,0118,614448,0000,000000,KARNATAKA,Mandya,VILLAGE,Sathanur,Rural,1220,4964,2499,2465,494,251,243,305,154,151,3,2,1,3001,1680,1321,1963,819,1144,2096,1606,490,1706,1368,338,555,534,21,585,362,223,46,30,16,520,442,78,390,238,152,25,18,7,224,122,102,10,5,5,131,93,38,306,190,116,23,17,6,165,87,78,8,4,4,110,82,28,84,48,36,2,1,1,59,35,24,2,1,1,21,11,10,2868,893,1975
29,573,0118,614449,0000,000000,KARNATAKA,Mandya,VILLAGE,Ummadahalli,Rural,978,3935,1945,1990,341,170,171,482,244,238,21,11,10,2684,1459,1225,1251,486,765,1680,1237,443,1516,1153,363,417,386,31,532,349,183,14,10,4,553,408,145,164,84,80,6,3,3,92,41,51,5,1,4,61,39,22,149,78,71,6,3,3,78,35,43,5,1,4,60,39,21,15,6,9,0,0,0,14,6,8,0,0,0,1,0,1,2255,708,1547
29,573,0118,614450,0000,000000,KARNATAKA,Mandya,VILLAGE,Bellundagere,Rural,310,1276,647,629,110,58,52,115,53,62,0,0,0,751,436,315,525,211,314,583,414,169,583,414,169,199,183,16,268,139,129,0,0,0,116,92,24,0,0,0,0,0,0,0,0,0,0,0,0,0,0,0,0,0,0,0,0,0,0,0,0,0,0,0,0,0,0,0,0,0,0,0,0,0,0,0,0,0,0,0,0,0,693,233,460
29,573,0118,614451,0000,000000,KARNATAKA,Mandya,VILLAGE,Budanur,Rural,1686,7003,3460,3543,704,361,343,1162,593,569,10,5,5,4480,2421,2059,2523,1039,1484,3459,2252,1207,1915,1403,512,800,692,108,571,317,254,72,60,12,472,334,138,1544,849,695,181,133,48,945,437,508,98,63,35,320,216,104,1381,743,638,164,119,45,889,401,488,30,20,10,298,203,95,163,106,57,17,14,3,56,36,20,68,43,25,22,13,9,3544,1208,2336
29,573,0118,614452,0000,000000,KARNATAKA,Mandya,VILLAGE,Hyadarahalli,Rural,0,0,0,0,0,0,0,0,0,0,0,0,0,0,0,0,0,0,0,0,0,0,0,0,0,0,0,0,0,0,0,0,0,0,0,0,0,0,0,0,0,0,0,0,0,0,0,0,0,0,0,0,0,0,0,0,0,0,0,0,0,0,0,0,0,0,0,0,0,0,0,0,0,0,0,0,0,0,0,0,0,0,0,0,0
29,573,0118,614453,0000,000000,KARNATAKA,Mandya,VILLAGE,Thumbakere,Rural,289,1172,608,564,108,58,50,125,70,55,0,0,0,756,433,323,416,175,241,668,376,292,605,349,256,312,188,124,209,108,101,40,23,17,44,30,14,63,27,36,12,9,3,31,10,21,9,0,9,11,8,3,58,25,33,11,8,3,27,9,18,9,0,9,11,8,3,5,2,3,1,1,0,4,1,3,0,0,0,0,0,0,504,232,272
29,573,0118,614454,0000,000000,KARNATAKA,Mandya,VILLAGE,Kachigere,Rural,205,828,421,407,71,38,33,78,42,36,0,0,0,606,334,272,222,87,135,440,272,168,330,212,118,274,173,101,14,8,6,1,0,1,41,31,10,110,60,50,70,45,25,25,7,18,5,2,3,10,6,4,89,55,34,61,41,20,15,6,9,3,2,1,10,6,4,21,5,16,9,4,5,10,1,9,2,0,2,0,0,0,388,149,239
29,573,0118,614455,0000,000000,KARNATAKA,Mandya,VILLAGE,Hanakere,Rural,624,2666,1339,1327,253,124,129,318,152,166,12,7,5,1814,995,819,852,344,508,968,784,184,887,723,164,426,392,34,258,184,74,15,12,3,188,135,53,81,61,20,19,14,5,31,26,5,13,6,7,18,15,3,75,57,18,19,14,5,31,26,5,8,3,5,17,14,3,6,4,2,0,0,0,0,0,0,5,3,2,1,1,0,1698,555,1143
29,573,0118,614456,0000,000000,KARNATAKA,Mandya,VILLAGE,Halasagere,Rural,54,235,113,122,32,17,15,29,12,17,8,5,3,150,80,70,85,33,52,89,67,22,48,43,5,26,26,0,0,0,0,3,3,0,19,14,5,41,24,17,1,1,0,1,1,0,36,19,17,3,3,0,32,20,12,1,1,0,1,1,0,27,15,12,3,3,0,9,4,5,0,0,0,0,0,0,9,4,5,0,0,0,146,46,100
29,573,0118,614457,0000,000000,KARNATAKA,Mandya,VILLAGE,B.Gowdagere,Rural,716,2907,1446,1461,249,117,132,282,146,136,6,3,3,1761,1001,760,1146,445,701,1474,966,508,1442,951,491,406,353,53,644,328,316,19,7,12,373,263,110,32,15,17,7,3,4,19,9,10,0,0,0,6,3,3,32,15,17,7,3,4,19,9,10,0,0,0,6,3,3,0,0,0,0,0,0,0,0,0,0,0,0,0,0,0,1433,480,953
29,573,0118,614458,0000,000000,KARNATAKA,Mandya,VILLAGE,Kannalli,Rural,918,3849,1947,1902,345,186,159,629,323,306,0,0,0,2228,1258,970,1621,689,932,2246,1317,929,1716,1166,550,898,735,163,602,286,316,14,12,2,202,133,69,530,151,379,61,4,57,417,112,305,6,4,2,46,31,15,524,147,377,61,4,57,416,112,304,5,3,2,42,28,14,6,4,2,0,0,0,1,0,1,1,1,0,4,3,1,1603,630,973
29,573,0118,614459,0000,000000,KARNATAKA,Mandya,VILLAGE,Nodekoppalu,Rural,164,704,361,343,86,43,43,0,0,0,0,0,0,405,239,166,299,122,177,367,233,134,259,230,29,178,163,15,28,24,4,0,0,0,53,43,10,108,3,105,95,2,93,11,0,11,0,0,0,2,1,1,71,3,68,62,2,60,7,0,7,0,0,0,2,1,1,37,0,37,33,0,33,4,0,4,0,0,0,0,0,0,337,128,209
29,573,0118,614460,0000,000000,KARNATAKA,Mandya,VILLAGE,Yelachakanahalli,Rural,858,3618,1814,1804,368,186,182,390,197,193,0,0,0,2175,1197,978,1443,617,826,1665,1157,508,1492,1094,398,671,633,38,597,282,315,5,4,1,219,175,44,173,63,110,35,24,11,108,25,83,1,1,0,29,13,16,169,61,108,35,24,11,107,25,82,0,0,0,27,12,15,4,2,2,0,0,0,1,0,1,1,1,0,2,1,1,1953,657,1296
29,573,0118,614461,0000,000000,KARNATAKA,Mandya,VILLAGE,Ragimuddanahalli,Rural,246,1033,508,525,116,62,54,296,148,148,4,2,2,592,323,269,441,185,256,664,343,321,473,319,154,201,149,52,98,38,60,0,0,0,174,132,42,191,24,167,175,18,157,10,2,8,0,0,0,6,4,2,191,24,167,175,18,157,10,2,8,0,0,0,6,4,2,0,0,0,0,0,0,0,0,0,0,0,0,0,0,0,369,165,204
29,573,0118,614462,0000,000000,KARNATAKA,Mandya,VILLAGE,Uramarkasalagere,Rural,429,2035,1040,995,220,114,106,227,115,112,6,3,3,1112,625,487,923,415,508,1050,666,384,699,544,155,389,324,65,152,84,68,32,30,2,126,106,20,351,122,229,37,31,6,262,61,201,11,4,7,41,26,15,333,119,214,35,31,4,257,61,196,5,3,2,36,24,12,18,3,15,2,0,2,5,0,5,6,1,5,5,2,3,985,374,611
29,573,0118,614463,0000,000000,KARNATAKA,Mandya,VILLAGE,Kalenahalli,Rural,456,1938,979,959,200,107,93,184,93,91,3,2,1,1237,688,549,701,291,410,672,591,81,623,546,77,450,419,31,31,6,25,3,3,0,139,118,21,49,45,4,2,1,1,1,1,0,1,1,0,45,42,3,47,43,4,2,1,1,1,1,0,1,1,0,43,40,3,2,2,0,0,0,0,0,0,0,0,0,0,2,2,0,1266,388,878
29,573,0118,614464,0000,000000,KARNATAKA,Mandya,VILLAGE,Yeliyur,Rural,723,2825,1373,1452,235,118,117,178,91,87,18,6,12,1830,1003,827,995,370,625,1356,891,465,1131,771,360,426,312,114,330,189,141,38,31,7,337,239,98,225,120,105,22,15,7,113,45,68,16,10,6,74,50,24,199,107,92,20,15,5,105,40,65,13,10,3,61,42,19,26,13,13,2,0,2,8,5,3,3,0,3,13,8,5,1469,482,987
29,573,0118,614465,0000,000000,KARNATAKA,Mandya,VILLAGE,Y. Yarahalli,Rural,253,1036,520,516,84,43,41,243,110,133,6,3,3,658,384,274,378,136,242,511,332,179,322,268,54,134,124,10,76,53,23,5,3,2,107,88,19,189,64,125,5,2,3,124,27,97,10,5,5,50,30,20,166,59,107,4,2,2,106,24,82,9,4,5,47,29,18,23,5,18,1,0,1,18,3,15,1,1,0,3,1,2,525,188,337
29,573,0118,614466,0000,000000,KARNATAKA,Mandya,VILLAGE,Sundahalli,Rural,634,2613,1296,1317,217,113,104,344,164,180,62,35,27,1726,960,766,887,336,551,1239,856,383,747,583,164,425,384,41,157,82,75,5,4,1,160,113,47,492,273,219,31,23,8,378,197,181,8,3,5,75,50,25,487,273,214,31,23,8,378,197,181,3,3,0,75,50,25,5,0,5,0,0,0,0,0,0,5,0,5,0,0,0,1374,440,934
29,573,0118,614467,0000,000000,KARNATAKA,Mandya,VILLAGE,Indavalu,Rural,746,3067,1535,1532,274,147,127,198,91,107,19,9,10,1832,1025,807,1235,510,725,1110,997,113,971,887,84,618,603,15,139,105,34,45,43,2,169,136,33,139,110,29,44,41,3,32,18,14,7,6,1,56,45,11,138,110,28,44,41,3,32,18,14,7,6,1,55,45,10,1,0,1,0,0,0,0,0,0,0,0,0,1,0,1,1957,538,1419
29,573,0118,614468,0000,000000,KARNATAKA,Mandya,VILLAGE,Bevinahalli,Rural,667,2785,1360,1425,212,97,115,598,287,311,35,14,21,1800,968,832,985,392,593,1510,888,622,1261,825,436,309,246,63,772,434,338,14,10,4,166,135,31,249,63,186,5,3,2,239,58,181,1,0,1,4,2,2,248,63,185,5,3,2,238,58,180,1,0,1,4,2,2,1,0,1,0,0,0,1,0,1,0,0,0,0,0,0,1275,472,803
29,573,0118,614469,0000,000000,KARNATAKA,Mandya,VILLAGE,Hullukere,Rural,497,2083,1040,1043,215,106,109,152,74,78,28,14,14,1289,733,556,794,307,487,1293,682,611,845,480,365,255,173,82,533,271,262,2,2,0,55,34,21,448,202,246,62,45,17,347,134,213,13,9,4,26,14,12,436,198,238,61,44,17,336,131,205,13,9,4,26,14,12,12,4,8,1,1,0,11,3,8,0,0,0,0,0,0,790,358,432
29,573,0118,614470,0000,000000,KARNATAKA,Mandya,VILLAGE,Kothathi,Rural,948,4079,2091,1988,348,196,152,534,278,256,27,16,11,2733,1534,1199,1346,557,789,1820,1361,459,1282,1054,228,729,665,64,167,102,65,41,33,8,345,254,91,538,307,231,19,15,4,380,216,164,47,16,31,92,60,32,505,295,210,17,13,4,375,212,163,31,15,16,82,55,27,33,12,21,2,2,0,5,4,1,16,1,15,10,5,5,2259,730,1529
29,573,0118,614471,0000,000000,KARNATAKA,Mandya,VILLAGE,Lalankere,Rural,116,509,251,258,45,24,21,1,1,0,0,0,0,331,185,146,178,66,112,279,141,138,90,78,12,70,64,6,18,13,5,0,0,0,2,1,1,189,63,126,18,17,1,166,46,120,0,0,0,5,0,5,186,62,124,18,17,1,164,45,119,0,0,0,4,0,4,3,1,2,0,0,0,2,1,1,0,0,0,1,0,1,230,110,120
29,573,0118,614472,0000,000000,KARNATAKA,Mandya,VILLAGE,Mothahalli,Rural,517,2214,1120,1094,204,122,82,362,177,185,0,0,0,1312,714,598,902,406,496,1068,724,344,912,653,259,445,411,34,315,176,139,13,8,5,139,58,81,156,71,85,21,12,9,60,28,32,24,9,15,51,22,29,153,71,82,20,12,8,58,28,30,24,9,15,51,22,29,3,0,3,1,0,1,2,0,2,0,0,0,0,0,0,1146,396,750
29,573,0118,614473,0000,000000,KARNATAKA,Mandya,VILLAGE,Santhekasalagere,Rural,1814,7457,3736,3721,696,340,356,735,373,362,23,12,11,4698,2651,2047,2759,1085,1674,3497,2392,1105,2369,1838,531,1019,904,115,398,204,194,154,115,39,798,615,183,1128,554,574,99,66,33,587,221,366,91,34,57,351,233,118,964,467,497,95,65,30,555,206,349,59,20,39,255,176,79,164,87,77,4,1,3,32,15,17,32,14,18,96,57,39,3960,1344,2616
29,573,0118,614474,0000,000000,KARNATAKA,Mandya,VILLAGE,Managanahalli,Rural,0,0,0,0,0,0,0,0,0,0,0,0,0,0,0,0,0,0,0,0,0,0,0,0,0,0,0,0,0,0,0,0,0,0,0,0,0,0,0,0,0,0,0,0,0,0,0,0,0,0,0,0,0,0,0,0,0,0,0,0,0,0,0,0,0,0,0,0,0,0,0,0,0,0,0,0,0,0,0,0,0,0,0,0,0
29,573,0118,614475,0000,000000,KARNATAKA,Mandya,VILLAGE,Kyathumgere,Rural,452,1849,914,935,165,76,89,249,131,118,12,6,6,1386,743,643,463,171,292,865,550,315,822,536,286,244,152,92,87,12,75,15,10,5,476,362,114,43,14,29,22,2,20,5,1,4,0,0,0,16,11,5,43,14,29,22,2,20,5,1,4,0,0,0,16,11,5,0,0,0,0,0,0,0,0,0,0,0,0,0,0,0,984,364,620
29,573,0118,614476,0000,000000,KARNATAKA,Mandya,VILLAGE,Halahalli,Rural,0,0,0,0,0,0,0,0,0,0,0,0,0,0,0,0,0,0,0,0,0,0,0,0,0,0,0,0,0,0,0,0,0,0,0,0,0,0,0,0,0,0,0,0,0,0,0,0,0,0,0,0,0,0,0,0,0,0,0,0,0,0,0,0,0,0,0,0,0,0,0,0,0,0,0,0,0,0,0,0,0,0,0,0,0
29,573,0118,614477,0000,000000,KARNATAKA,Mandya,VILLAGE,Guthalu,Rural,1326,5542,2737,2805,537,261,276,1498,715,783,29,15,14,3817,2053,1764,1725,684,1041,2370,1699,671,1937,1445,492,494,449,45,451,260,191,27,25,2,965,711,254,433,254,179,24,20,4,176,73,103,8,6,2,225,155,70,370,219,151,24,20,4,155,67,88,6,4,2,185,128,57,63,35,28,0,0,0,21,6,15,2,2,0,40,27,13,3172,1038,2134
29,573,0118,614478,0000,000000,KARNATAKA,Mandya,VILLAGE,Cheeranahalli,Rural,723,2934,1486,1448,310,164,146,231,119,112,0,0,0,1557,888,669,1377,598,779,1367,981,386,987,764,223,435,390,45,462,299,163,2,1,1,88,74,14,380,217,163,10,8,2,339,187,152,2,1,1,29,21,8,367,210,157,10,8,2,329,183,146,2,1,1,26,18,8,13,7,6,0,0,0,10,4,6,0,0,0,3,3,0,1567,505,1062
29,573,0118,614479,0000,000000,KARNATAKA,Mandya,VILLAGE,Kammanaiyakanhalli,Rural,124,548,284,264,60,31,29,29,10,19,3,1,2,340,193,147,208,91,117,246,181,65,231,170,61,80,74,6,33,23,10,27,0,27,91,73,18,15,11,4,4,4,0,3,1,2,0,0,0,8,6,2,14,10,4,4,4,0,3,1,2,0,0,0,7,5,2,1,1,0,0,0,0,0,0,0,0,0,0,1,1,0,302,103,199
29,573,0118,614480,0000,000000,KARNATAKA,Mandya,VILLAGE,Boothana Hosur,Rural,418,1730,864,866,195,99,96,16,7,9,3,0,3,1146,613,533,584,251,333,809,564,245,732,522,210,369,292,77,183,99,84,12,10,2,168,121,47,77,42,35,11,8,3,18,6,12,1,1,0,47,27,20,73,39,34,11,8,3,18,6,12,1,1,0,43,24,19,4,3,1,0,0,0,0,0,0,0,0,0,4,3,1,921,300,621
29,573,0118,614481,0000,000000,KARNATAKA,Mandya,VILLAGE,Belur,Rural,884,3734,1858,1876,321,152,169,342,156,186,0,0,0,2243,1208,1035,1491,650,841,2086,1267,819,1911,1178,733,1109,782,327,600,248,352,8,7,1,194,141,53,175,89,86,6,3,3,153,77,76,1,0,1,15,9,6,171,87,84,6,3,3,151,77,74,1,0,1,13,7,6,4,2,2,0,0,0,2,0,2,0,0,0,2,2,0,1648,591,1057
29,573,0118,614482,0000,000000,KARNATAKA,Mandya,VILLAGE,Kabbanahalli,Rural,373,1621,818,803,179,90,89,509,256,253,20,12,8,930,507,423,691,311,380,747,523,224,401,349,52,160,154,6,87,82,5,24,19,5,130,94,36,346,174,172,12,11,1,307,140,167,7,7,0,20,16,4,332,168,164,12,11,1,294,135,159,7,7,0,19,15,4,14,6,8,0,0,0,13,5,8,0,0,0,1,1,0,874,295,579
29,573,0118,614483,0000,000000,KARNATAKA,Mandya,VILLAGE,Thaggahalli,Rural,617,2603,1303,1300,250,112,138,440,206,234,8,4,4,1586,884,702,1017,419,598,1211,862,349,967,715,252,487,417,70,221,124,97,21,10,11,238,164,74,244,147,97,80,55,25,84,34,50,8,3,5,72,55,17,243,146,97,80,55,25,83,33,50,8,3,5,72,55,17,1,1,0,0,0,0,1,1,0,0,0,0,0,0,0,1392,441,951
29,573,0118,614484,0000,000000,KARNATAKA,Mandya,VILLAGE,Haluvadi,Rural,457,1897,976,921,187,102,85,212,113,99,41,17,24,1124,606,518,773,370,403,891,670,221,813,626,187,354,332,22,298,186,112,10,6,4,151,102,49,78,44,34,2,2,0,34,20,14,1,0,1,41,22,19,75,44,31,2,2,0,33,20,13,1,0,1,39,22,17,3,0,3,0,0,0,1,0,1,0,0,0,2,0,2,1006,306,700
29,573,0118,614485,0000,000000,KARNATAKA,Mandya,VILLAGE,Mangala,Rural,686,2845,1420,1425,286,137,149,568,270,298,25,11,14,1735,977,758,1110,443,667,1510,966,544,1273,891,382,493,418,75,462,238,224,6,5,1,312,230,82,237,75,162,60,24,36,42,6,36,4,0,4,131,45,86,202,66,136,58,22,36,40,6,34,2,0,2,102,38,64,35,9,26,2,2,0,2,0,2,2,0,2,29,7,22,1335,454,881
29,573,0118,614486,0000,000000,KARNATAKA,Mandya,VILLAGE,Hebbakavadi,Rural,450,1869,977,892,156,89,67,149,73,76,0,0,0,946,544,402,923,433,490,1030,653,377,1021,648,373,624,431,193,321,168,153,0,0,0,76,49,27,9,5,4,5,4,1,0,0,0,0,0,0,4,1,3,9,5,4,5,4,1,0,0,0,0,0,0,4,1,3,0,0,0,0,0,0,0,0,0,0,0,0,0,0,0,839,324,515
29,573,0118,614487,0000,000000,KARNATAKA,Mandya,VILLAGE,Lokasara,Rural,408,1841,930,911,169,95,74,1146,561,585,0,0,0,1207,659,548,634,271,363,1092,592,500,665,507,158,248,228,20,238,163,75,67,41,26,112,75,37,427,85,342,28,13,15,260,38,222,54,12,42,85,22,63,302,71,231,21,13,8,157,28,129,48,9,39,76,21,55,125,14,111,7,0,7,103,10,93,6,3,3,9,1,8,749,338,411
29,573,0118,614488,0000,000000,KARNATAKA,Mandya,VILLAGE,Pura,Rural,275,1277,643,634,128,65,63,306,152,154,18,10,8,820,456,364,457,187,270,541,404,137,495,381,114,190,177,13,266,174,92,13,11,2,26,19,7,46,23,23,31,13,18,12,7,5,1,1,0,2,2,0,43,21,22,28,11,17,12,7,5,1,1,0,2,2,0,3,2,1,3,2,1,0,0,0,0,0,0,0,0,0,736,239,497
29,573,0118,614489,0000,000000,KARNATAKA,Mandya,VILLAGE,Thimmanahosur,Rural,218,924,484,440,83,42,41,25,15,10,15,10,5,542,322,220,382,162,220,382,332,50,360,320,40,258,251,7,69,43,26,9,6,3,24,20,4,22,12,10,4,2,2,12,5,7,0,0,0,6,5,1,20,12,8,4,2,2,11,5,6,0,0,0,5,5,0,2,0,2,0,0,0,1,0,1,0,0,0,1,0,1,542,152,390
29,573,0118,614490,0000,000000,KARNATAKA,Mandya,VILLAGE,Marasinganahalli,Rural,123,521,259,262,56,27,29,164,80,84,0,0,0,319,176,143,202,83,119,241,173,68,233,170,63,101,94,7,118,66,52,0,0,0,14,10,4,8,3,5,2,2,0,3,0,3,0,0,0,3,1,2,8,3,5,2,2,0,3,0,3,0,0,0,3,1,2,0,0,0,0,0,0,0,0,0,0,0,0,0,0,0,280,86,194
29,573,0118,614491,0000,000000,KARNATAKA,Mandya,VILLAGE,T.Mallegere,Rural,478,2099,1076,1023,191,111,80,162,87,75,22,10,12,1260,717,543,839,359,480,1033,746,287,1024,742,282,424,398,26,509,281,228,1,0,1,90,63,27,9,4,5,2,2,0,3,0,3,0,0,0,4,2,2,9,4,5,2,2,0,3,0,3,0,0,0,4,2,2,0,0,0,0,0,0,0,0,0,0,0,0,0,0,0,1066,330,736
29,573,0118,614492,0000,000000,KARNATAKA,Mandya,VILLAGE,Sunagahalli,Rural,678,2893,1453,1440,296,159,137,552,256,296,3,2,1,1858,1012,846,1035,441,594,1321,921,400,1284,903,381,712,536,176,404,255,149,5,2,3,163,110,53,37,18,19,7,3,4,19,7,12,0,0,0,11,8,3,29,16,13,7,3,4,12,6,6,0,0,0,10,7,3,8,2,6,0,0,0,7,1,6,0,0,0,1,1,0,1572,532,1040
29,573,0118,614493,0000,000000,KARNATAKA,Mandya,VILLAGE,Hemmige,Rural,389,1682,828,854,147,61,86,268,128,140,0,0,0,1024,588,436,658,240,418,695,525,170,656,500,156,313,277,36,245,147,98,1,1,0,97,75,22,39,25,14,1,1,0,10,3,7,0,0,0,28,21,7,39,25,14,1,1,0,10,3,7,0,0,0,28,21,7,0,0,0,0,0,0,0,0,0,0,0,0,0,0,0,987,303,684
29,573,0119,000000,0000,000000,KARNATAKA,Mandya,CD BLOCK,Maddur ,Total,64014,266678,133537,133141,24805,12916,11889,37066,18403,18663,1681,845,836,162194,90893,71301,104484,42644,61840,126921,85434,41487,109868,78253,31615,56557,45858,10699,27251,14028,13223,1267,777,490,24793,17590,7203,17053,7181,9872,2799,1140,1659,8269,2889,5380,689,252,437,5296,2900,2396,15297,6270,9027,2568,1058,1510,7807,2746,5061,574,202,372,4348,2264,2084,1756,911,845,231,82,149,462,143,319,115,50,65,948,636,312,139757,48103,91654
29,573,0119,000000,0000,000000,KARNATAKA,Mandya,CD BLOCK,Maddur ,Rural,62398,260285,130316,129969,24168,12594,11574,36651,18199,18452,1564,788,776,157516,88385,69131,102769,41931,60838,124449,83507,40942,107895,76618,31277,56306,45622,10684,27175,13974,13201,1226,743,483,23188,16279,6909,16554,6889,9665,2787,1132,1655,8145,2866,5279,671,244,427,4951,2647,2304,14862,6021,8841,2556,1050,1506,7685,2725,4960,569,199,370,4052,2047,2005,1692,868,824,231,82,149,460,141,319,102,45,57,899,600,299,135836,46809,89027
29,573,0119,000000,0000,000000,KARNATAKA,Mandya,CD BLOCK,Maddur ,Urban,1616,6393,3221,3172,637,322,315,415,204,211,117,57,60,4678,2508,2170,1715,713,1002,2472,1927,545,1973,1635,338,251,236,15,76,54,22,41,34,7,1605,1311,294,499,292,207,12,8,4,124,23,101,18,8,10,345,253,92,435,249,186,12,8,4,122,21,101,5,3,2,296,217,79,64,43,21,0,0,0,2,2,0,13,5,8,49,36,13,3921,1294,2627
29,573,0119,614494,0000,000000,KARNATAKA,Mandya,VILLAGE,Bolare,Rural,70,287,137,150,30,13,17,20,10,10,0,0,0,180,97,83,107,40,67,193,92,101,108,89,19,84,75,9,10,6,4,0,0,0,14,8,6,85,3,82,3,1,2,51,0,51,3,2,1,28,0,28,83,2,81,3,1,2,51,0,51,2,1,1,27,0,27,2,1,1,0,0,0,0,0,0,1,1,0,1,0,1,94,45,49
29,573,0119,614495,0000,000000,KARNATAKA,Mandya,VILLAGE,Kowdley,Rural,968,3513,1692,1821,293,145,148,554,263,291,97,41,56,2066,1169,897,1447,523,924,1838,1124,714,1557,1067,490,871,708,163,533,250,283,12,10,2,141,99,42,281,57,224,154,35,119,63,5,58,52,8,44,12,9,3,276,55,221,149,33,116,63,5,58,52,8,44,12,9,3,5,2,3,5,2,3,0,0,0,0,0,0,0,0,0,1675,568,1107
29,573,0119,614496,0000,000000,KARNATAKA,Mandya,VILLAGE,Yadavanahalli,Rural,264,944,458,486,76,42,34,251,120,131,0,0,0,542,309,233,402,149,253,403,261,142,386,256,130,254,190,64,119,58,61,2,2,0,11,6,5,17,5,12,2,0,2,2,0,2,3,2,1,10,3,7,15,4,11,2,0,2,1,0,1,2,1,1,10,3,7,2,1,1,0,0,0,1,0,1,1,1,0,0,0,0,541,197,344
29,573,0119,614497,0000,000000,KARNATAKA,Mandya,VILLAGE,Bekkalale,Rural,548,2005,957,1048,143,70,73,350,172,178,0,0,0,1175,684,491,830,273,557,844,604,240,704,571,133,508,480,28,123,50,73,3,3,0,70,38,32,140,33,107,11,3,8,40,15,25,0,0,0,89,15,74,84,25,59,7,3,4,25,12,13,0,0,0,52,10,42,56,8,48,4,0,4,15,3,12,0,0,0,37,5,32,1161,353,808
29,573,0119,614498,0000,000000,KARNATAKA,Mandya,VILLAGE,Kirangur,Rural,226,791,390,401,50,30,20,47,24,23,0,0,0,419,246,173,372,144,228,317,259,58,294,244,50,281,239,42,7,2,5,2,1,1,4,2,2,23,15,8,19,12,7,1,0,1,0,0,0,3,3,0,21,14,7,19,12,7,0,0,0,0,0,0,2,2,0,2,1,1,0,0,0,1,0,1,0,0,0,1,1,0,474,131,343
29,573,0119,614499,0000,000000,KARNATAKA,Mandya,VILLAGE,Halehalli,Rural,224,997,478,519,101,47,54,139,68,71,10,4,6,557,303,254,440,175,265,339,317,22,337,315,22,196,189,7,97,96,1,1,1,0,43,29,14,2,2,0,0,0,0,0,0,0,0,0,0,2,2,0,2,2,0,0,0,0,0,0,0,0,0,0,2,2,0,0,0,0,0,0,0,0,0,0,0,0,0,0,0,0,658,161,497
29,573,0119,614500,0000,000000,KARNATAKA,Mandya,VILLAGE,Tarikere,Rural,230,988,511,477,82,41,41,424,220,204,175,94,81,616,374,242,372,137,235,548,337,211,539,329,210,476,284,192,45,33,12,1,1,0,17,11,6,9,8,1,1,1,0,5,4,1,0,0,0,3,3,0,5,5,0,0,0,0,3,3,0,0,0,0,2,2,0,4,3,1,1,1,0,2,1,1,0,0,0,1,1,0,440,174,266
29,573,0119,614501,0000,000000,KARNATAKA,Mandya,VILLAGE,Somanahalli,Rural,131,552,279,273,50,37,13,49,25,24,5,2,3,290,174,116,262,105,157,325,181,144,43,30,13,6,6,0,27,16,11,0,0,0,10,8,2,282,151,131,5,5,0,265,136,129,1,0,1,11,10,1,168,119,49,5,5,0,151,104,47,1,0,1,11,10,1,114,32,82,0,0,0,114,32,82,0,0,0,0,0,0,227,98,129
29,573,0119,614502,0000,000000,KARNATAKA,Mandya,VILLAGE,D. Malligere,Rural,248,1002,494,508,90,43,47,36,18,18,8,4,4,560,323,237,442,171,271,460,318,142,444,307,137,358,255,103,29,11,18,20,18,2,37,23,14,16,11,5,6,4,2,2,1,1,1,1,0,7,5,2,16,11,5,6,4,2,2,1,1,1,1,0,7,5,2,0,0,0,0,0,0,0,0,0,0,0,0,0,0,0,542,176,366
29,573,0119,614503,0000,000000,KARNATAKA,Mandya,VILLAGE,Hosagavi,Rural,671,2738,1376,1362,216,120,96,464,241,223,68,33,35,1573,898,675,1165,478,687,1011,859,152,989,844,145,758,694,64,80,56,24,29,27,2,122,67,55,22,15,7,8,5,3,6,4,2,0,0,0,8,6,2,22,15,7,8,5,3,6,4,2,0,0,0,8,6,2,0,0,0,0,0,0,0,0,0,0,0,0,0,0,0,1727,517,1210
29,573,0119,614504,0000,000000,KARNATAKA,Mandya,VILLAGE,Maramgere,Rural,174,699,361,338,61,27,34,223,115,108,0,0,0,412,249,163,287,112,175,441,236,205,296,191,105,271,171,100,0,0,0,1,1,0,24,19,5,145,45,100,48,1,47,68,30,38,3,1,2,26,13,13,145,45,100,48,1,47,68,30,38,3,1,2,26,13,13,0,0,0,0,0,0,0,0,0,0,0,0,0,0,0,258,125,133
29,573,0119,614505,0000,000000,KARNATAKA,Mandya,VILLAGE,Haralakere,Rural,345,1360,683,677,97,47,50,122,59,63,0,0,0,813,482,331,547,201,346,946,495,451,889,471,418,532,318,214,216,51,165,7,3,4,134,99,35,57,24,33,7,4,3,26,4,22,5,2,3,19,14,5,42,17,25,7,4,3,21,3,18,1,0,1,13,10,3,15,7,8,0,0,0,5,1,4,4,2,2,6,4,2,414,188,226
29,573,0119,614506,0000,000000,KARNATAKA,Mandya,VILLAGE,Mudya,Rural,130,699,363,336,70,39,31,18,12,6,0,0,0,432,243,189,267,120,147,409,220,189,367,217,150,359,211,148,0,0,0,1,1,0,7,5,2,42,3,39,35,2,33,1,0,1,2,0,2,4,1,3,42,3,39,35,2,33,1,0,1,2,0,2,4,1,3,0,0,0,0,0,0,0,0,0,0,0,0,0,0,0,290,143,147
29,573,0119,614507,0000,000000,KARNATAKA,Mandya,VILLAGE,Thaggahalli,Rural,507,2163,1105,1058,215,130,85,261,128,133,15,8,7,1240,693,547,923,412,511,1119,697,422,1081,682,399,837,541,296,97,38,59,6,5,1,141,98,43,38,15,23,1,0,1,31,10,21,0,0,0,6,5,1,38,15,23,1,0,1,31,10,21,0,0,0,6,5,1,0,0,0,0,0,0,0,0,0,0,0,0,0,0,0,1044,408,636
29,573,0119,614508,0000,000000,KARNATAKA,Mandya,VILLAGE,T.Ballekere,Rural,163,609,307,302,50,32,18,33,19,14,24,14,10,399,233,166,210,74,136,298,175,123,274,170,104,83,81,2,53,19,34,6,4,2,132,66,66,24,5,19,13,2,11,0,0,0,0,0,0,11,3,8,23,5,18,13,2,11,0,0,0,0,0,0,10,3,7,1,0,1,0,0,0,0,0,0,0,0,0,1,0,1,311,132,179
29,573,0119,614509,0000,000000,KARNATAKA,Mandya,VILLAGE,Avverahalli,Rural,148,526,265,261,37,25,12,89,42,47,62,30,32,283,158,125,243,107,136,368,182,186,350,180,170,199,113,86,105,40,65,9,3,6,37,24,13,18,2,16,8,1,7,6,0,6,0,0,0,4,1,3,7,2,5,2,1,1,2,0,2,0,0,0,3,1,2,11,0,11,6,0,6,4,0,4,0,0,0,1,0,1,158,83,75
29,573,0119,614510,0000,000000,KARNATAKA,Mandya,VILLAGE,Abalavadi,Rural,496,2331,1207,1124,224,136,88,270,134,136,0,0,0,1336,783,553,995,424,571,767,722,45,731,698,33,611,598,13,47,44,3,8,8,0,65,48,17,36,24,12,20,17,3,2,1,1,0,0,0,14,6,8,34,22,12,20,17,3,2,1,1,0,0,0,12,4,8,2,2,0,0,0,0,0,0,0,0,0,0,2,2,0,1564,485,1079
29,573,0119,614511,0000,000000,KARNATAKA,Mandya,VILLAGE,Ankushapura,Rural,66,270,138,132,27,12,15,9,4,5,0,0,0,188,109,79,82,29,53,125,97,28,99,82,17,57,56,1,12,3,9,1,1,0,29,22,7,26,15,11,2,2,0,17,8,9,2,1,1,5,4,1,23,14,9,2,2,0,14,7,7,2,1,1,5,4,1,3,1,2,0,0,0,3,1,2,0,0,0,0,0,0,145,41,104
29,573,0119,614512,0000,000000,KARNATAKA,Mandya,VILLAGE,Koppa,Rural,1215,4946,2505,2441,549,286,263,542,269,273,63,33,30,3343,1845,1498,1603,660,943,1986,1536,450,1777,1423,354,360,334,26,359,246,113,66,22,44,992,821,171,209,113,96,6,6,0,84,43,41,37,2,35,82,62,20,175,100,75,6,6,0,62,36,26,35,1,34,72,57,15,34,13,21,0,0,0,22,7,15,2,1,1,10,5,5,2960,969,1991
29,573,0119,614513,0000,000000,KARNATAKA,Mandya,VILLAGE,Chikkonahalli,Rural,358,1391,702,689,130,70,60,226,113,113,1,1,0,790,459,331,601,243,358,765,452,313,747,447,300,217,149,68,322,151,171,1,1,0,207,146,61,18,5,13,13,1,12,2,2,0,0,0,0,3,2,1,18,5,13,13,1,12,2,2,0,0,0,0,3,2,1,0,0,0,0,0,0,0,0,0,0,0,0,0,0,0,626,250,376
29,573,0119,614514,0000,000000,KARNATAKA,Mandya,VILLAGE,Keelaghatta,Rural,450,1918,962,956,215,122,93,355,178,177,0,0,0,1070,632,438,848,330,518,1032,595,437,616,521,95,314,309,5,131,71,60,12,10,2,159,131,28,416,74,342,4,4,0,348,34,314,40,20,20,24,16,8,416,74,342,4,4,0,348,34,314,40,20,20,24,16,8,0,0,0,0,0,0,0,0,0,0,0,0,0,0,0,886,367,519
29,573,0119,614515,0000,000000,KARNATAKA,Mandya,VILLAGE,Kuntanahalli,Rural,93,358,185,173,29,16,13,6,3,3,0,0,0,224,128,96,134,57,77,158,121,37,148,115,33,95,80,15,11,3,8,0,0,0,42,32,10,10,6,4,7,4,3,0,0,0,0,0,0,3,2,1,10,6,4,7,4,3,0,0,0,0,0,0,3,2,1,0,0,0,0,0,0,0,0,0,0,0,0,0,0,0,200,64,136
29,573,0119,614516,0000,000000,KARNATAKA,Mandya,VILLAGE,Hurugalavadi,Rural,323,1354,705,649,149,81,68,106,56,50,29,14,15,870,485,385,484,220,264,740,464,276,630,453,177,347,233,114,81,36,45,11,10,1,191,174,17,110,11,99,86,5,81,14,1,13,0,0,0,10,5,5,110,11,99,86,5,81,14,1,13,0,0,0,10,5,5,0,0,0,0,0,0,0,0,0,0,0,0,0,0,0,614,241,373
29,573,0119,614517,0000,000000,KARNATAKA,Mandya,VILLAGE,Nambinayakana Halli,Rural,471,2012,1014,998,198,107,91,128,57,71,2,1,1,1151,669,482,861,345,516,1169,663,506,741,550,191,485,407,78,182,82,100,8,6,2,66,55,11,428,113,315,70,13,57,345,91,254,2,1,1,11,8,3,419,111,308,65,13,52,343,91,252,1,0,1,10,7,3,9,2,7,5,0,5,2,0,2,1,1,0,1,1,0,843,351,492
29,573,0119,614518,0000,000000,KARNATAKA,Mandya,VILLAGE,Bidarakote,Rural,508,2014,991,1023,188,98,90,142,71,71,11,5,6,1459,777,682,555,214,341,845,621,224,762,611,151,533,499,34,163,58,105,1,1,0,65,53,12,83,10,73,13,3,10,63,5,58,0,0,0,7,2,5,83,10,73,13,3,10,63,5,58,0,0,0,7,2,5,0,0,0,0,0,0,0,0,0,0,0,0,0,0,0,1169,370,799
29,573,0119,614519,0000,000000,KARNATAKA,Mandya,VILLAGE,V.Ballekere,Rural,138,537,263,274,54,33,21,108,55,53,19,10,9,339,187,152,198,76,122,352,175,177,249,155,94,68,55,13,157,84,73,1,0,1,23,16,7,103,20,83,17,0,17,63,7,56,11,2,9,12,11,1,99,18,81,16,0,16,62,7,55,10,1,9,11,10,1,4,2,2,1,0,1,1,0,1,1,1,0,1,1,0,185,88,97
29,573,0119,614520,0000,000000,KARNATAKA,Mandya,VILLAGE,Gulooru,Rural,540,2230,1084,1146,214,108,106,283,137,146,11,7,4,1420,758,662,810,326,484,1073,707,366,693,585,108,404,389,15,110,98,12,9,6,3,170,92,78,380,122,258,18,14,4,46,41,5,1,1,0,315,66,249,374,117,257,18,14,4,46,41,5,1,1,0,309,61,248,6,5,1,0,0,0,0,0,0,0,0,0,6,5,1,1157,377,780
29,573,0119,614521,0000,000000,KARNATAKA,Mandya,VILLAGE,D.Hosahalli,Rural,237,850,413,437,80,35,45,42,19,23,4,2,2,513,293,220,337,120,217,492,285,207,378,256,122,182,149,33,79,35,44,4,4,0,113,68,45,114,29,85,25,15,10,16,4,12,0,0,0,73,10,63,77,25,52,19,14,5,13,4,9,0,0,0,45,7,38,37,4,33,6,1,5,3,0,3,0,0,0,28,3,25,358,128,230
29,573,0119,614522,0000,000000,KARNATAKA,Mandya,VILLAGE,Maraliga ,Rural,882,3697,1841,1856,312,164,148,633,321,312,6,3,3,2269,1284,985,1428,557,871,2039,1249,790,1473,1194,279,778,730,48,405,260,145,49,16,33,241,188,53,566,55,511,35,20,15,381,13,368,103,4,99,47,18,29,558,50,508,34,19,15,381,13,368,101,3,98,42,15,27,8,5,3,1,1,0,0,0,0,2,1,1,5,3,2,1658,592,1066
29,573,0119,614523,0000,000000,KARNATAKA,Mandya,VILLAGE,N.Kodihalli,Rural,350,1607,827,780,169,91,78,407,208,199,4,3,1,932,534,398,675,293,382,1044,611,433,553,399,154,504,368,136,20,12,8,2,1,1,27,18,9,491,212,279,56,41,15,247,76,171,1,0,1,187,95,92,391,160,231,55,40,15,247,76,171,1,0,1,88,44,44,100,52,48,1,1,0,0,0,0,0,0,0,99,51,48,563,216,347
29,573,0119,614524,0000,000000,KARNATAKA,Mandya,VILLAGE,Nilvagilu,Rural,387,1557,762,795,112,63,49,240,125,115,0,0,0,880,496,384,677,266,411,575,506,69,523,483,40,479,457,22,22,13,9,1,1,0,21,12,9,52,23,29,5,2,3,21,4,17,2,0,2,24,17,7,51,23,28,5,2,3,20,4,16,2,0,2,24,17,7,1,0,1,0,0,0,1,0,1,0,0,0,0,0,0,982,256,726
29,573,0119,614525,0000,000000,KARNATAKA,Mandya,VILLAGE,Mudigere,Rural,189,673,351,322,44,24,20,45,26,19,0,0,0,423,243,180,250,108,142,280,228,52,277,225,52,202,172,30,26,14,12,1,0,1,48,39,9,3,3,0,2,2,0,0,0,0,0,0,0,1,1,0,3,3,0,2,2,0,0,0,0,0,0,0,1,1,0,0,0,0,0,0,0,0,0,0,0,0,0,0,0,0,393,123,270
29,573,0119,614526,0000,000000,KARNATAKA,Mandya,VILLAGE,Mullahalli,Rural,150,578,278,300,69,38,31,0,0,0,0,0,0,303,164,139,275,114,161,267,174,93,263,172,91,142,125,17,96,27,69,1,1,0,24,19,5,4,2,2,2,1,1,1,0,1,0,0,0,1,1,0,4,2,2,2,1,1,1,0,1,0,0,0,1,1,0,0,0,0,0,0,0,0,0,0,0,0,0,0,0,0,311,104,207
29,573,0119,614527,0000,000000,KARNATAKA,Mandya,VILLAGE,Haralahalli,Rural,86,356,173,183,38,20,18,69,35,34,6,2,4,201,113,88,155,60,95,176,117,59,71,63,8,46,46,0,9,6,3,4,2,2,12,9,3,105,54,51,0,0,0,93,44,49,1,0,1,11,10,1,105,54,51,0,0,0,93,44,49,1,0,1,11,10,1,0,0,0,0,0,0,0,0,0,0,0,0,0,0,0,180,56,124
29,573,0119,614528,0000,000000,KARNATAKA,Mandya,VILLAGE,Konasale,Rural,599,2452,1218,1234,247,120,127,293,142,151,32,13,19,1803,970,833,649,248,401,1038,755,283,951,705,246,473,452,21,37,29,8,13,11,2,428,213,215,87,50,37,27,22,5,9,3,6,2,0,2,49,25,24,85,50,35,27,22,5,9,3,6,2,0,2,47,25,22,2,0,2,0,0,0,0,0,0,0,0,0,2,0,2,1414,463,951
29,573,0119,614529,0000,000000,KARNATAKA,Mandya,VILLAGE,Chottanahalli,Rural,192,788,387,401,82,40,42,245,121,124,0,0,0,496,267,229,292,120,172,500,268,232,497,267,230,269,142,127,110,47,63,2,1,1,116,77,39,3,1,2,1,0,1,1,0,1,0,0,0,1,1,0,3,1,2,1,0,1,1,0,1,0,0,0,1,1,0,0,0,0,0,0,0,0,0,0,0,0,0,0,0,0,288,119,169
29,573,0119,614530,0000,000000,KARNATAKA,Mandya,VILLAGE,Hunaganapura,Rural,0,0,0,0,0,0,0,0,0,0,0,0,0,0,0,0,0,0,0,0,0,0,0,0,0,0,0,0,0,0,0,0,0,0,0,0,0,0,0,0,0,0,0,0,0,0,0,0,0,0,0,0,0,0,0,0,0,0,0,0,0,0,0,0,0,0,0,0,0,0,0,0,0,0,0,0,0,0,0,0,0,0,0,0,0
29,573,0119,614531,0000,000000,KARNATAKA,Mandya,VILLAGE,Besagarahalli,Rural,2434,10669,5327,5342,1039,500,539,803,417,386,109,60,49,7544,4094,3450,3125,1233,1892,4209,2987,1222,2844,2042,802,1137,941,196,550,226,324,65,51,14,1092,824,268,1365,945,420,46,36,10,616,348,268,126,61,65,577,500,77,1021,677,344,42,33,9,585,337,248,83,51,32,311,256,55,344,268,76,4,3,1,31,11,20,43,10,33,266,244,22,6460,2340,4120
29,573,0119,614532,0000,000000,KARNATAKA,Mandya,VILLAGE,Marasinganahalli,Rural,357,1331,666,665,107,69,38,162,76,86,0,0,0,822,449,373,509,217,292,686,428,258,274,243,31,143,139,4,22,19,3,1,0,1,108,85,23,412,185,227,177,102,75,192,69,123,0,0,0,43,14,29,345,159,186,123,81,42,184,66,118,0,0,0,38,12,26,67,26,41,54,21,33,8,3,5,0,0,0,5,2,3,645,238,407
29,573,0119,614533,0000,000000,KARNATAKA,Mandya,VILLAGE,Hosakere,Rural,693,2699,1313,1386,226,107,119,218,98,120,39,19,20,1701,942,759,998,371,627,1069,874,195,808,726,82,595,569,26,90,63,27,18,15,3,105,79,26,261,148,113,52,47,5,160,85,75,9,4,5,40,12,28,251,146,105,48,45,3,159,85,74,7,4,3,37,12,25,10,2,8,4,2,2,1,0,1,2,0,2,3,0,3,1630,439,1191
29,573,0119,614534,0000,000000,KARNATAKA,Mandya,VILLAGE,Kothana Halli,Rural,194,762,363,399,75,42,33,172,84,88,0,0,0,486,256,230,276,107,169,211,195,16,169,161,8,135,134,1,1,0,1,0,0,0,33,27,6,42,34,8,28,27,1,6,1,5,1,0,1,7,6,1,40,34,6,28,27,1,5,1,4,0,0,0,7,6,1,2,0,2,0,0,0,1,0,1,1,0,1,0,0,0,551,168,383
29,573,0119,614535,0000,000000,KARNATAKA,Mandya,VILLAGE,Belathur,Rural,506,2139,1057,1082,197,100,97,174,85,89,17,10,7,1336,738,598,803,319,484,837,653,184,774,605,169,523,453,70,139,80,59,10,7,3,102,65,37,63,48,15,38,32,6,12,4,8,0,0,0,13,12,1,62,48,14,38,32,6,12,4,8,0,0,0,12,12,0,1,0,1,0,0,0,0,0,0,0,0,0,1,0,1,1302,404,898
29,573,0119,614536,0000,000000,KARNATAKA,Mandya,VILLAGE,Rampura,Rural,191,805,395,410,75,34,41,0,0,0,3,2,1,535,286,249,270,109,161,316,284,32,256,250,6,241,239,2,4,2,2,0,0,0,11,9,2,60,34,26,4,2,2,56,32,24,0,0,0,0,0,0,60,34,26,4,2,2,56,32,24,0,0,0,0,0,0,0,0,0,0,0,0,0,0,0,0,0,0,0,0,0,489,111,378
29,573,0119,614537,0000,000000,KARNATAKA,Mandya,VILLAGE,Shankarapura,Rural,116,481,231,250,41,20,21,24,11,13,1,1,0,313,167,146,168,64,104,298,152,146,292,150,142,223,114,109,50,23,27,1,1,0,18,12,6,6,2,4,4,1,3,0,0,0,1,0,1,1,1,0,6,2,4,4,1,3,0,0,0,1,0,1,1,1,0,0,0,0,0,0,0,0,0,0,0,0,0,0,0,0,183,79,104
29,573,0119,614538,0000,000000,KARNATAKA,Mandya,VILLAGE,Navile,Rural,254,984,491,493,69,34,35,233,123,110,0,0,0,494,295,199,490,196,294,611,311,300,554,295,259,325,209,116,165,37,128,0,0,0,64,49,15,57,16,41,13,7,6,38,4,34,0,0,0,6,5,1,55,15,40,12,6,6,37,4,33,0,0,0,6,5,1,2,1,1,1,1,0,1,0,1,0,0,0,0,0,0,373,180,193
29,573,0119,614539,0000,000000,KARNATAKA,Mandya,VILLAGE,Byaladakere,Rural,164,799,413,386,67,37,30,63,31,32,29,17,12,381,229,152,418,184,234,424,292,132,299,284,15,218,217,1,14,11,3,0,0,0,67,56,11,125,8,117,0,0,0,72,6,66,0,0,0,53,2,51,125,8,117,0,0,0,72,6,66,0,0,0,53,2,51,0,0,0,0,0,0,0,0,0,0,0,0,0,0,0,375,121,254
29,573,0119,614540,0000,000000,KARNATAKA,Mandya,VILLAGE,Hebberalu,Rural,286,1319,652,667,107,62,45,242,123,119,0,0,0,711,409,302,608,243,365,489,414,75,485,413,72,322,307,15,66,36,30,1,1,0,96,69,27,4,1,3,0,0,0,0,0,0,0,0,0,4,1,3,4,1,3,0,0,0,0,0,0,0,0,0,4,1,3,0,0,0,0,0,0,0,0,0,0,0,0,0,0,0,830,238,592
29,573,0119,614541,0000,000000,KARNATAKA,Mandya,VILLAGE,Ankanathapura,Rural,152,657,323,334,56,33,23,93,43,50,2,2,0,521,278,243,136,45,91,360,179,181,190,164,26,52,39,13,121,114,7,12,8,4,5,3,2,170,15,155,6,3,3,154,9,145,1,1,0,9,2,7,170,15,155,6,3,3,154,9,145,1,1,0,9,2,7,0,0,0,0,0,0,0,0,0,0,0,0,0,0,0,297,144,153
29,573,0119,614542,0000,000000,KARNATAKA,Mandya,VILLAGE,Harakana Halli,Rural,225,954,485,469,86,51,35,11,5,6,0,0,0,475,276,199,479,209,270,302,269,33,288,258,30,202,202,0,3,2,1,2,1,1,81,53,28,14,11,3,0,0,0,1,0,1,0,0,0,13,11,2,14,11,3,0,0,0,1,0,1,0,0,0,13,11,2,0,0,0,0,0,0,0,0,0,0,0,0,0,0,0,652,216,436
29,573,0119,614543,0000,000000,KARNATAKA,Mandya,VILLAGE,Lingasandra,Rural,22,85,42,43,12,6,6,0,0,0,0,0,0,37,18,19,48,24,24,33,26,7,33,26,7,31,26,5,1,0,1,0,0,0,1,0,1,0,0,0,0,0,0,0,0,0,0,0,0,0,0,0,0,0,0,0,0,0,0,0,0,0,0,0,0,0,0,0,0,0,0,0,0,0,0,0,0,0,0,0,0,0,52,16,36
29,573,0119,614544,0000,000000,KARNATAKA,Mandya,VILLAGE,Kundanakuppe,Rural,141,700,345,355,75,36,39,39,20,19,0,0,0,368,210,158,332,135,197,215,210,5,212,207,5,146,143,3,18,18,0,0,0,0,48,46,2,3,3,0,0,0,0,0,0,0,0,0,0,3,3,0,3,3,0,0,0,0,0,0,0,0,0,0,3,3,0,0,0,0,0,0,0,0,0,0,0,0,0,0,0,0,485,135,350
29,573,0119,614545,0000,000000,KARNATAKA,Mandya,VILLAGE,Mallanayakanahalli,Rural,326,1366,687,679,119,68,51,62,30,32,10,7,3,971,521,450,395,166,229,606,402,204,421,358,63,288,257,31,30,19,11,6,4,2,97,78,19,185,44,141,87,25,62,40,7,33,1,0,1,57,12,45,174,44,130,86,25,61,40,7,33,1,0,1,47,12,35,11,0,11,1,0,1,0,0,0,0,0,0,10,0,10,760,285,475
29,573,0119,614546,0000,000000,KARNATAKA,Mandya,VILLAGE,Mallanakuppe,Rural,345,1451,717,734,145,70,75,303,136,167,4,2,2,710,408,302,741,309,432,592,475,117,568,453,115,276,266,10,60,28,32,5,3,2,227,156,71,24,22,2,18,18,0,3,2,1,1,0,1,2,2,0,23,21,2,18,18,0,3,2,1,1,0,1,1,1,0,1,1,0,0,0,0,0,0,0,0,0,0,1,1,0,859,242,617
29,573,0119,614547,0000,000000,KARNATAKA,Mandya,VILLAGE,Naganahalli,Rural,17,78,37,41,13,7,6,4,1,3,0,0,0,40,22,18,38,15,23,36,22,14,30,20,10,21,18,3,7,0,7,0,0,0,2,2,0,6,2,4,4,2,2,1,0,1,0,0,0,1,0,1,6,2,4,4,2,2,1,0,1,0,0,0,1,0,1,0,0,0,0,0,0,0,0,0,0,0,0,0,0,0,42,15,27
29,573,0119,614548,0000,000000,KARNATAKA,Mandya,VILLAGE,Dundanahalli,Rural,635,2592,1288,1304,209,105,104,153,71,82,43,23,20,1402,822,580,1190,466,724,1017,745,272,934,714,220,641,546,95,167,79,88,5,3,2,121,86,35,83,31,52,28,10,18,40,10,30,0,0,0,15,11,4,82,31,51,28,10,18,39,10,29,0,0,0,15,11,4,1,0,1,0,0,0,1,0,1,0,0,0,0,0,0,1575,543,1032
29,573,0119,614549,0000,000000,KARNATAKA,Mandya,VILLAGE,Huthagere,Rural,352,1393,690,703,110,60,50,202,103,99,3,2,1,753,425,328,640,265,375,614,442,172,607,438,169,516,369,147,3,1,2,27,20,7,61,48,13,7,4,3,6,3,3,0,0,0,0,0,0,1,1,0,6,3,3,5,2,3,0,0,0,0,0,0,1,1,0,1,1,0,1,1,0,0,0,0,0,0,0,0,0,0,779,248,531
29,573,0119,614550,0000,000000,KARNATAKA,Mandya,VILLAGE,Doddankanahalli,Rural,292,1082,531,551,98,52,46,136,69,67,1,0,1,524,283,241,558,248,310,648,354,294,641,350,291,474,273,201,119,48,71,0,0,0,48,29,19,7,4,3,3,2,1,0,0,0,0,0,0,4,2,2,7,4,3,3,2,1,0,0,0,0,0,0,4,2,2,0,0,0,0,0,0,0,0,0,0,0,0,0,0,0,434,177,257
29,573,0119,614551,0000,000000,KARNATAKA,Mandya,VILLAGE,Chikkankanahalli,Rural,127,541,263,278,47,21,26,42,22,20,0,0,0,346,190,156,195,73,122,354,183,171,353,183,170,288,154,134,61,27,34,1,0,1,3,2,1,1,0,1,1,0,1,0,0,0,0,0,0,0,0,0,1,0,1,1,0,1,0,0,0,0,0,0,0,0,0,0,0,0,0,0,0,0,0,0,0,0,0,0,0,0,187,80,107
29,573,0119,614552,0000,000000,KARNATAKA,Mandya,VILLAGE,Kesthur,Rural,1462,5685,2816,2869,528,281,247,728,369,359,20,9,11,3635,1975,1660,2050,841,1209,2405,1711,694,1801,1406,395,738,673,65,241,107,134,17,7,10,805,619,186,604,305,299,25,15,10,368,125,243,6,3,3,205,162,43,572,288,284,24,14,10,359,123,236,4,2,2,185,149,36,32,17,15,1,1,0,9,2,7,2,1,1,20,13,7,3280,1105,2175
29,573,0119,614553,0000,000000,KARNATAKA,Mandya,VILLAGE,Tubinakere,Rural,201,888,447,441,74,36,38,179,83,96,0,0,0,522,299,223,366,148,218,533,299,234,332,206,126,292,181,111,3,1,2,1,1,0,36,23,13,201,93,108,86,36,50,90,38,52,1,0,1,24,19,5,195,91,104,83,34,49,87,38,49,1,0,1,24,19,5,6,2,4,3,2,1,3,0,3,0,0,0,0,0,0,355,148,207
29,573,0119,614554,0000,000000,KARNATAKA,Mandya,VILLAGE,Machahalli,Rural,245,941,466,475,102,51,51,71,39,32,0,0,0,569,334,235,372,132,240,386,295,91,316,272,44,185,166,19,29,24,5,0,0,0,102,82,20,70,23,47,3,3,0,48,12,36,0,0,0,19,8,11,69,23,46,3,3,0,47,12,35,0,0,0,19,8,11,1,0,1,0,0,0,1,0,1,0,0,0,0,0,0,555,171,384
29,573,0119,614555,0000,000000,KARNATAKA,Mandya,VILLAGE,Alamsettahalli,Rural,213,707,344,363,59,32,27,66,31,35,0,0,0,415,242,173,292,102,190,424,224,200,358,189,169,154,144,10,173,22,151,1,1,0,30,22,8,66,35,31,6,1,5,16,2,14,4,1,3,40,31,9,62,35,27,6,1,5,12,2,10,4,1,3,40,31,9,4,0,4,0,0,0,4,0,4,0,0,0,0,0,0,283,120,163
29,573,0119,614556,0000,000000,KARNATAKA,Mandya,VILLAGE,Athaguru,Rural,500,2151,1090,1061,222,130,92,737,375,362,0,0,0,1360,775,585,791,315,476,1203,700,503,788,529,259,201,152,49,321,184,137,2,2,0,264,191,73,415,171,244,115,72,43,204,60,144,4,4,0,92,35,57,258,117,141,90,59,31,114,30,84,3,3,0,51,25,26,157,54,103,25,13,12,90,30,60,1,1,0,41,10,31,948,390,558
29,573,0119,614557,0000,000000,KARNATAKA,Mandya,VILLAGE,Thore Settihalli,Rural,533,2084,1038,1046,185,108,77,161,78,83,71,38,33,1287,717,570,797,321,476,966,672,294,929,653,276,477,443,34,302,98,204,2,2,0,148,110,38,37,19,18,6,1,5,15,5,10,3,3,0,13,10,3,31,17,14,2,0,2,14,5,9,3,3,0,12,9,3,6,2,4,4,1,3,1,0,1,0,0,0,1,1,0,1118,366,752
29,573,0119,614558,0000,000000,KARNATAKA,Mandya,VILLAGE,Yaraganahalli,Rural,323,1150,586,564,103,55,48,250,125,125,2,1,1,669,403,266,481,183,298,704,391,313,675,378,297,445,252,193,124,58,66,1,1,0,105,67,38,29,13,16,21,11,10,2,0,2,0,0,0,6,2,4,29,13,16,21,11,10,2,0,2,0,0,0,6,2,4,0,0,0,0,0,0,0,0,0,0,0,0,0,0,0,446,195,251
29,573,0119,614559,0000,000000,KARNATAKA,Mandya,VILLAGE,Hanumanthapura,Rural,254,979,469,510,90,50,40,17,7,10,1,1,0,612,327,285,367,142,225,591,299,292,584,299,285,523,263,260,10,2,8,0,0,0,51,34,17,7,0,7,7,0,7,0,0,0,0,0,0,0,0,0,7,0,7,7,0,7,0,0,0,0,0,0,0,0,0,0,0,0,0,0,0,0,0,0,0,0,0,0,0,0,388,170,218
29,573,0119,614560,0000,000000,KARNATAKA,Mandya,VILLAGE,Maradevanahalli,Rural,171,709,340,369,66,36,30,0,0,0,0,0,0,384,214,170,325,126,199,405,227,178,405,227,178,232,123,109,67,24,43,10,9,1,96,71,25,0,0,0,0,0,0,0,0,0,0,0,0,0,0,0,0,0,0,0,0,0,0,0,0,0,0,0,0,0,0,0,0,0,0,0,0,0,0,0,0,0,0,0,0,0,304,113,191
29,573,0119,614561,0000,000000,KARNATAKA,Mandya,VILLAGE,Hosahalli,Rural,128,578,311,267,52,31,21,1,0,1,5,3,2,315,186,129,263,125,138,243,215,28,243,215,28,180,171,9,24,12,12,5,4,1,34,28,6,0,0,0,0,0,0,0,0,0,0,0,0,0,0,0,0,0,0,0,0,0,0,0,0,0,0,0,0,0,0,0,0,0,0,0,0,0,0,0,0,0,0,0,0,0,335,96,239
29,573,0119,614562,0000,000000,KARNATAKA,Mandya,VILLAGE,Kadalur,Rural,828,3145,1513,1632,274,130,144,1049,516,533,0,0,0,1909,1054,855,1236,459,777,1415,991,424,1283,929,354,435,334,101,315,168,147,24,16,8,509,411,98,132,62,70,15,7,8,86,34,52,2,1,1,29,20,9,130,61,69,15,7,8,86,34,52,2,1,1,27,19,8,2,1,1,0,0,0,0,0,0,0,0,0,2,1,1,1730,522,1208
29,573,0119,614563,0000,000000,KARNATAKA,Mandya,VILLAGE,Hemmanahalli,Rural,497,1969,971,998,170,89,81,338,169,169,4,3,1,1255,684,571,714,287,427,1081,658,423,743,547,196,258,221,37,110,76,34,12,6,6,363,244,119,338,111,227,58,41,17,90,6,84,13,8,5,177,56,121,329,106,223,56,40,16,90,6,84,13,8,5,170,52,118,9,5,4,2,1,1,0,0,0,0,0,0,7,4,3,888,313,575
29,573,0119,614564,0000,000000,KARNATAKA,Mandya,VILLAGE,Danakanadoddi,Rural,0,0,0,0,0,0,0,0,0,0,0,0,0,0,0,0,0,0,0,0,0,0,0,0,0,0,0,0,0,0,0,0,0,0,0,0,0,0,0,0,0,0,0,0,0,0,0,0,0,0,0,0,0,0,0,0,0,0,0,0,0,0,0,0,0,0,0,0,0,0,0,0,0,0,0,0,0,0,0,0,0,0,0,0,0
29,573,0119,614565,0000,000000,KARNATAKA,Mandya,VILLAGE,Rudrakshipura,Rural,306,1208,590,618,130,61,69,37,16,21,12,6,6,729,413,316,479,177,302,607,416,191,471,370,101,187,169,18,48,32,16,21,12,9,215,157,58,136,46,90,18,1,17,17,1,16,38,19,19,63,25,38,114,29,85,18,1,17,17,1,16,29,14,15,50,13,37,22,17,5,0,0,0,0,0,0,9,5,4,13,12,1,601,174,427
29,573,0119,614566,0000,000000,KARNATAKA,Mandya,VILLAGE,Nidaghatta,Rural,645,2847,1391,1456,337,160,177,751,371,380,30,13,17,1806,979,827,1041,412,629,1282,909,373,1089,803,286,151,119,32,282,174,108,11,9,2,645,501,144,193,106,87,15,12,3,61,15,46,2,0,2,115,79,36,186,101,85,15,12,3,58,14,44,2,0,2,111,75,36,7,5,2,0,0,0,3,1,2,0,0,0,4,4,0,1565,482,1083
29,573,0119,614567,0000,000000,KARNATAKA,Mandya,VILLAGE,Madapuradadoddi,Rural,363,1481,725,756,157,80,77,368,175,193,0,0,0,858,475,383,623,250,373,577,482,95,527,458,69,125,111,14,264,243,21,1,0,1,137,104,33,50,24,26,1,1,0,36,16,20,0,0,0,13,7,6,50,24,26,1,1,0,36,16,20,0,0,0,13,7,6,0,0,0,0,0,0,0,0,0,0,0,0,0,0,0,904,243,661
29,573,0119,614568,0000,000000,KARNATAKA,Mandya,VILLAGE,Thippur,Rural,182,779,401,378,64,38,26,262,125,137,0,0,0,514,297,217,265,104,161,321,264,57,320,264,56,83,77,6,217,170,47,0,0,0,20,17,3,1,0,1,0,0,0,1,0,1,0,0,0,0,0,0,1,0,1,0,0,0,1,0,1,0,0,0,0,0,0,0,0,0,0,0,0,0,0,0,0,0,0,0,0,0,458,137,321
29,573,0119,614569,0000,000000,KARNATAKA,Mandya,VILLAGE,Madanaikanahalli,Rural,234,876,427,449,73,34,39,353,169,184,1,1,0,449,267,182,427,160,267,365,261,104,354,253,101,321,229,92,9,4,5,3,3,0,21,17,4,11,8,3,3,2,1,3,3,0,1,1,0,4,2,2,8,7,1,3,2,1,2,2,0,1,1,0,2,2,0,3,1,2,0,0,0,1,1,0,0,0,0,2,0,2,511,166,345
29,573,0119,614570,0000,000000,KARNATAKA,Mandya,VILLAGE,Thylur,Rural,461,1896,929,967,188,98,90,260,127,133,3,1,2,1150,651,499,746,278,468,869,637,232,838,614,224,339,301,38,286,152,134,1,1,0,212,160,52,31,23,8,2,2,0,15,8,7,0,0,0,14,13,1,31,23,8,2,2,0,15,8,7,0,0,0,14,13,1,0,0,0,0,0,0,0,0,0,0,0,0,0,0,0,1027,292,735
29,573,0119,614571,0000,000000,KARNATAKA,Mandya,VILLAGE,Sollepura,Rural,283,1263,653,610,107,55,52,46,24,22,0,0,0,905,503,402,358,150,208,507,420,87,430,408,22,388,379,9,23,13,10,1,1,0,18,15,3,77,12,65,53,1,52,20,9,11,2,2,0,2,0,2,73,12,61,49,1,48,20,9,11,2,2,0,2,0,2,4,0,4,4,0,4,0,0,0,0,0,0,0,0,0,756,233,523
29,573,0119,614572,0000,000000,KARNATAKA,Mandya,VILLAGE,Lakkasandra,Rural,0,0,0,0,0,0,0,0,0,0,0,0,0,0,0,0,0,0,0,0,0,0,0,0,0,0,0,0,0,0,0,0,0,0,0,0,0,0,0,0,0,0,0,0,0,0,0,0,0,0,0,0,0,0,0,0,0,0,0,0,0,0,0,0,0,0,0,0,0,0,0,0,0,0,0,0,0,0,0,0,0,0,0,0,0
29,573,0119,614573,0000,000000,KARNATAKA,Mandya,VILLAGE,Volagarehalli,Rural,980,3801,1895,1906,314,158,156,496,233,263,10,6,4,2395,1319,1076,1406,576,830,1859,1124,735,1784,1086,698,844,562,282,603,316,287,13,8,5,324,200,124,75,38,37,19,8,11,39,21,18,1,0,1,16,9,7,72,37,35,19,8,11,37,21,16,1,0,1,15,8,7,3,1,2,0,0,0,2,0,2,0,0,0,1,1,0,1942,771,1171
29,573,0119,614574,0000,000000,KARNATAKA,Mandya,VILLAGE,Deshahalli,Rural,505,2041,972,1069,204,96,108,254,115,139,5,1,4,1245,659,586,796,313,483,903,616,287,634,465,169,222,211,11,210,112,98,7,1,6,195,141,54,269,151,118,21,8,13,104,23,81,3,0,3,141,120,21,262,148,114,20,8,12,103,23,80,1,0,1,138,117,21,7,3,4,1,0,1,1,0,1,2,0,2,3,3,0,1138,356,782
29,573,0119,614575,0000,000000,KARNATAKA,Mandya,VILLAGE,Chamanahalli,Rural,1218,4894,2410,2484,483,260,223,1882,937,945,0,0,0,2793,1537,1256,2101,873,1228,2485,1541,944,1863,1196,667,461,348,113,848,452,396,31,24,7,523,372,151,622,345,277,127,41,86,295,152,143,15,13,2,185,139,46,531,314,217,60,26,34,288,148,140,14,12,2,169,128,41,91,31,60,67,15,52,7,4,3,1,1,0,16,11,5,2409,869,1540
29,573,0119,614576,0000,000000,KARNATAKA,Mandya,VILLAGE,Kadalipura,Rural,68,283,147,136,26,12,14,0,0,0,1,1,0,171,94,77,112,53,59,137,100,37,136,99,37,82,76,6,33,11,22,0,0,0,21,12,9,1,1,0,0,0,0,0,0,0,0,0,0,1,1,0,1,1,0,0,0,0,0,0,0,0,0,0,1,1,0,0,0,0,0,0,0,0,0,0,0,0,0,0,0,0,146,47,99
29,573,0119,614577,0000,000000,KARNATAKA,Mandya,VILLAGE,Huluganahalli,Rural,202,709,349,360,62,37,25,0,0,0,1,0,1,425,247,178,284,102,182,416,264,152,413,264,149,165,153,12,147,32,115,2,2,0,99,77,22,3,0,3,0,0,0,1,0,1,0,0,0,2,0,2,2,0,2,0,0,0,1,0,1,0,0,0,1,0,1,1,0,1,0,0,0,0,0,0,0,0,0,1,0,1,293,85,208
29,573,0119,614578,0000,000000,KARNATAKA,Mandya,VILLAGE,Somanahalli,Rural,657,2653,1289,1364,240,131,109,792,368,424,7,3,4,1949,1019,930,704,270,434,1064,780,284,1051,771,280,96,88,8,43,27,16,5,3,2,907,653,254,13,9,4,2,1,1,5,3,2,0,0,0,6,5,1,8,6,2,2,1,1,2,2,0,0,0,0,4,3,1,5,3,2,0,0,0,3,1,2,0,0,0,2,2,0,1589,509,1080
29,573,0119,614579,0000,000000,KARNATAKA,Mandya,VILLAGE,Shivapura,Rural,0,0,0,0,0,0,0,0,0,0,0,0,0,0,0,0,0,0,0,0,0,0,0,0,0,0,0,0,0,0,0,0,0,0,0,0,0,0,0,0,0,0,0,0,0,0,0,0,0,0,0,0,0,0,0,0,0,0,0,0,0,0,0,0,0,0,0,0,0,0,0,0,0,0,0,0,0,0,0,0,0,0,0,0,0
29,573,0119,614580,0000,000000,KARNATAKA,Mandya,VILLAGE,Maddur Rural,Rural,5,20,10,10,1,0,1,0,0,0,0,0,0,18,10,8,2,0,2,10,8,2,10,8,2,5,4,1,0,0,0,0,0,0,5,4,1,0,0,0,0,0,0,0,0,0,0,0,0,0,0,0,0,0,0,0,0,0,0,0,0,0,0,0,0,0,0,0,0,0,0,0,0,0,0,0,0,0,0,0,0,0,10,2,8
29,573,0119,614581,0000,000000,KARNATAKA,Mandya,VILLAGE,Mobbalagere,Rural,0,0,0,0,0,0,0,0,0,0,0,0,0,0,0,0,0,0,0,0,0,0,0,0,0,0,0,0,0,0,0,0,0,0,0,0,0,0,0,0,0,0,0,0,0,0,0,0,0,0,0,0,0,0,0,0,0,0,0,0,0,0,0,0,0,0,0,0,0,0,0,0,0,0,0,0,0,0,0,0,0,0,0,0,0
29,573,0119,614582,0000,000000,KARNATAKA,Mandya,VILLAGE,Hosahalli,Rural,17,59,30,29,2,1,1,0,0,0,0,0,0,32,16,16,27,14,13,28,21,7,28,21,7,18,16,2,10,5,5,0,0,0,0,0,0,0,0,0,0,0,0,0,0,0,0,0,0,0,0,0,0,0,0,0,0,0,0,0,0,0,0,0,0,0,0,0,0,0,0,0,0,0,0,0,0,0,0,0,0,0,31,9,22
29,573,0119,614583,0000,000000,KARNATAKA,Mandya,VILLAGE,Gejjalagere,Rural,932,3798,1863,1935,390,205,185,755,371,384,21,10,11,2559,1393,1166,1239,470,769,1694,1185,509,1602,1126,476,626,507,119,458,227,231,5,4,1,513,388,125,92,59,33,15,10,5,35,19,16,0,0,0,42,30,12,91,59,32,14,10,4,35,19,16,0,0,0,42,30,12,1,0,1,1,0,1,0,0,0,0,0,0,0,0,0,2104,678,1426
29,573,0119,614584,0000,000000,KARNATAKA,Mandya,VILLAGE,Goravanahalli,Rural,805,3207,1597,1610,266,139,127,574,294,280,31,14,17,2016,1115,901,1191,482,709,1494,1058,436,1432,1043,389,433,393,40,532,299,233,5,5,0,462,346,116,62,15,47,1,1,0,45,5,40,1,0,1,15,9,6,60,15,45,1,1,0,44,5,39,1,0,1,14,9,5,2,0,2,0,0,0,1,0,1,0,0,0,1,0,1,1713,539,1174
29,573,0119,614585,0000,000000,KARNATAKA,Mandya,VILLAGE,Kudaragundi,Rural,686,2716,1359,1357,272,137,135,730,350,380,0,0,0,1783,986,797,933,373,560,1439,897,542,1317,861,456,602,435,167,383,197,186,17,15,2,315,214,101,122,36,86,9,5,4,4,0,4,2,1,1,107,30,77,114,32,82,7,3,4,2,0,2,1,1,0,104,28,76,8,4,4,2,2,0,2,0,2,1,0,1,3,2,1,1277,462,815
29,573,0119,614586,0000,000000,KARNATAKA,Mandya,VILLAGE,Channasandra,Rural,328,1396,704,692,112,59,53,43,17,26,0,0,0,1026,555,471,370,149,221,779,464,315,362,328,34,269,259,10,30,22,8,2,2,0,61,45,16,417,136,281,8,4,4,270,25,245,4,2,2,135,105,30,358,84,274,8,4,4,262,21,241,4,2,2,84,57,27,59,52,7,0,0,0,8,4,4,0,0,0,51,48,3,617,240,377
29,573,0119,614587,0000,000000,KARNATAKA,Mandya,VILLAGE,Vaidyanathapura,Rural,250,967,473,494,99,50,49,42,16,26,0,0,0,685,368,317,282,105,177,382,277,105,382,277,105,106,101,5,170,102,68,4,3,1,102,71,31,0,0,0,0,0,0,0,0,0,0,0,0,0,0,0,0,0,0,0,0,0,0,0,0,0,0,0,0,0,0,0,0,0,0,0,0,0,0,0,0,0,0,0,0,0,585,196,389
29,573,0119,614588,0000,000000,KARNATAKA,Mandya,VILLAGE,K.Kodihalli,Rural,292,1126,553,573,84,40,44,194,99,95,4,1,3,801,431,370,325,122,203,548,365,183,461,339,122,193,177,16,86,40,46,1,0,1,181,122,59,87,26,61,47,13,34,30,5,25,1,1,0,9,7,2,81,21,60,45,11,34,29,5,24,1,1,0,6,4,2,6,5,1,2,2,0,1,0,1,0,0,0,3,3,0,578,188,390
29,573,0119,614589,0000,000000,KARNATAKA,Mandya,VILLAGE,Agralinganahalli,Rural,105,417,196,221,36,16,20,41,20,21,0,0,0,238,121,117,179,75,104,222,145,77,219,143,76,76,57,19,52,28,24,0,0,0,91,58,33,3,2,1,1,0,1,0,0,0,0,0,0,2,2,0,3,2,1,1,0,1,0,0,0,0,0,0,2,2,0,0,0,0,0,0,0,0,0,0,0,0,0,0,0,0,195,51,144
29,573,0119,614590,0000,000000,KARNATAKA,Mandya,VILLAGE,Buddaguppe,Rural,201,814,407,407,67,35,32,78,40,38,0,0,0,529,289,240,285,118,167,484,265,219,454,245,209,300,184,116,78,29,49,0,0,0,76,32,44,30,20,10,1,1,0,8,2,6,0,0,0,21,17,4,20,12,8,1,1,0,8,2,6,0,0,0,11,9,2,10,8,2,0,0,0,0,0,0,0,0,0,10,8,2,330,142,188
29,573,0119,614591,0000,000000,KARNATAKA,Mandya,VILLAGE,Dadaga,Rural,142,591,296,295,73,40,33,18,12,6,0,0,0,300,171,129,291,125,166,278,189,89,278,189,89,93,90,3,159,81,78,0,0,0,26,18,8,0,0,0,0,0,0,0,0,0,0,0,0,0,0,0,0,0,0,0,0,0,0,0,0,0,0,0,0,0,0,0,0,0,0,0,0,0,0,0,0,0,0,0,0,0,313,107,206
29,573,0119,614592,0000,000000,KARNATAKA,Mandya,VILLAGE,Alur,Rural,383,1648,824,824,179,98,81,224,107,117,4,2,2,1072,608,464,576,216,360,923,514,409,837,501,336,172,140,32,532,269,263,8,8,0,125,84,41,86,13,73,25,2,23,52,7,45,1,1,0,8,3,5,85,13,72,25,2,23,51,7,44,1,1,0,8,3,5,1,0,1,0,0,0,1,0,1,0,0,0,0,0,0,725,310,415
29,573,0119,614593,0000,000000,KARNATAKA,Mandya,VILLAGE,Byadrahalli,Rural,306,1360,685,675,147,80,67,84,41,43,0,0,0,834,466,368,526,219,307,497,434,63,495,433,62,292,290,2,123,78,45,2,2,0,78,63,15,2,1,1,1,0,1,0,0,0,0,0,0,1,1,0,1,0,1,1,0,1,0,0,0,0,0,0,0,0,0,1,1,0,0,0,0,0,0,0,0,0,0,1,1,0,863,251,612
29,573,0119,614594,0000,000000,KARNATAKA,Mandya,VILLAGE,Chandahalli,Rural,172,712,368,344,83,40,43,206,103,103,0,0,0,397,250,147,315,118,197,319,238,81,296,220,76,69,59,10,13,12,1,4,4,0,210,145,65,23,18,5,3,2,1,5,3,2,1,1,0,14,12,2,20,16,4,3,2,1,4,3,1,0,0,0,13,11,2,3,2,1,0,0,0,1,0,1,1,1,0,1,1,0,393,130,263
29,573,0119,614595,0000,000000,KARNATAKA,Mandya,VILLAGE,K. Honnalagere,Rural,1111,4781,2452,2329,457,231,226,779,411,368,8,3,5,2625,1521,1104,2156,931,1225,2623,1545,1078,2524,1503,1021,1021,781,240,999,505,494,30,23,7,474,194,280,99,42,57,19,6,13,52,22,30,0,0,0,28,14,14,91,37,54,19,6,13,49,20,29,0,0,0,23,11,12,8,5,3,0,0,0,3,2,1,0,0,0,5,3,2,2158,907,1251
29,573,0119,614596,0000,000000,KARNATAKA,Mandya,VILLAGE,Venkatanarayana Iyengar Doddi,Rural,0,0,0,0,0,0,0,0,0,0,0,0,0,0,0,0,0,0,0,0,0,0,0,0,0,0,0,0,0,0,0,0,0,0,0,0,0,0,0,0,0,0,0,0,0,0,0,0,0,0,0,0,0,0,0,0,0,0,0,0,0,0,0,0,0,0,0,0,0,0,0,0,0,0,0,0,0,0,0,0,0,0,0,0,0
29,573,0119,614597,0000,000000,KARNATAKA,Mandya,VILLAGE,Venkatanarayana Iyengar Doddi,Rural,0,0,0,0,0,0,0,0,0,0,0,0,0,0,0,0,0,0,0,0,0,0,0,0,0,0,0,0,0,0,0,0,0,0,0,0,0,0,0,0,0,0,0,0,0,0,0,0,0,0,0,0,0,0,0,0,0,0,0,0,0,0,0,0,0,0,0,0,0,0,0,0,0,0,0,0,0,0,0,0,0,0,0,0,0
29,573,0119,614598,0000,000000,KARNATAKA,Mandya,VILLAGE,Bheemanakere,Rural,135,580,312,268,61,42,19,118,69,49,0,0,0,321,186,135,259,126,133,280,201,79,276,199,77,76,75,1,65,40,25,0,0,0,135,84,51,4,2,2,0,0,0,1,0,1,0,0,0,3,2,1,4,2,2,0,0,0,1,0,1,0,0,0,3,2,1,0,0,0,0,0,0,0,0,0,0,0,0,0,0,0,300,111,189
29,573,0119,614599,0000,000000,KARNATAKA,Mandya,VILLAGE,Neelakantanahalli,Rural,327,1390,720,670,107,60,47,262,127,135,0,0,0,797,474,323,593,246,347,736,488,248,521,361,160,357,253,104,101,52,49,1,1,0,62,55,7,215,127,88,4,0,4,112,52,60,2,2,0,97,73,24,138,66,72,4,0,4,112,52,60,0,0,0,22,14,8,77,61,16,0,0,0,0,0,0,2,2,0,75,59,16,654,232,422
29,573,0119,614600,0000,000000,KARNATAKA,Mandya,VILLAGE,Hagalahalli,Rural,272,1012,499,513,106,61,45,0,0,0,0,0,0,448,262,186,564,237,327,564,323,241,549,318,231,252,168,84,207,94,113,9,4,5,81,52,29,15,5,10,2,1,1,1,0,1,6,2,4,6,2,4,15,5,10,2,1,1,1,0,1,6,2,4,6,2,4,0,0,0,0,0,0,0,0,0,0,0,0,0,0,0,448,176,272
29,573,0119,614601,0000,000000,KARNATAKA,Mandya,VILLAGE,Nagarakere,Rural,481,2131,1089,1042,177,104,73,193,91,102,0,0,0,1392,794,598,739,295,444,895,723,172,867,709,158,454,439,15,200,104,96,22,16,6,191,150,41,28,14,14,1,1,0,7,1,6,7,4,3,13,8,5,24,13,11,1,1,0,6,1,5,5,3,2,12,8,4,4,1,3,0,0,0,1,0,1,2,1,1,1,0,1,1236,366,870
29,573,0119,614602,0000,000000,KARNATAKA,Mandya,VILLAGE,Uppinakere,Rural,306,1374,665,709,138,67,71,4,2,2,11,5,6,966,529,437,408,136,272,547,439,108,531,429,102,324,306,18,98,40,58,9,6,3,100,77,23,16,10,6,2,1,1,4,2,2,1,1,0,9,6,3,16,10,6,2,1,1,4,2,2,1,1,0,9,6,3,0,0,0,0,0,0,0,0,0,0,0,0,0,0,0,827,226,601
29,573,0119,614603,0000,000000,KARNATAKA,Mandya,VILLAGE,Sadolalu,Rural,399,1743,902,841,144,86,58,116,56,60,5,3,2,1129,630,499,614,272,342,1177,615,562,1163,608,555,524,317,207,290,144,146,49,3,46,300,144,156,14,7,7,1,0,1,1,1,0,0,0,0,12,6,6,10,3,7,1,0,1,0,0,0,0,0,0,9,3,6,4,4,0,0,0,0,1,1,0,0,0,0,3,3,0,566,287,279
29,573,0119,614604,0000,000000,KARNATAKA,Mandya,VILLAGE,Borapura,Rural,318,1365,661,704,171,80,91,18,8,10,147,68,79,819,439,380,546,222,324,684,403,281,655,384,271,421,273,148,58,16,42,5,3,2,171,92,79,29,19,10,13,9,4,1,0,1,1,1,0,14,9,5,26,16,10,12,8,4,1,0,1,0,0,0,13,8,5,3,3,0,1,1,0,0,0,0,1,1,0,1,1,0,681,258,423
29,573,0119,614605,0000,000000,KARNATAKA,Mandya,VILLAGE,Huligerepura,Rural,418,1696,864,832,157,76,81,391,198,193,0,0,0,938,543,395,758,321,437,844,493,351,737,450,287,645,401,244,54,21,33,7,4,3,31,24,7,107,43,64,7,3,4,3,0,3,26,10,16,71,30,41,80,32,48,7,3,4,2,0,2,19,7,12,52,22,30,27,11,16,0,0,0,1,0,1,7,3,4,19,8,11,852,371,481
29,573,0119,614606,0000,000000,KARNATAKA,Mandya,VILLAGE,Sompura,Rural,466,1946,972,974,183,87,96,0,0,0,0,0,0,1052,635,417,894,337,557,839,625,214,539,367,172,157,143,14,310,169,141,0,0,0,72,55,17,300,258,42,15,14,1,284,243,41,0,0,0,1,1,0,298,256,42,15,14,1,282,241,41,0,0,0,1,1,0,2,2,0,0,0,0,2,2,0,0,0,0,0,0,0,1107,347,760
29,573,0119,614607,0000,000000,KARNATAKA,Mandya,VILLAGE,Malagaranahalli,Rural,424,1981,1003,978,214,123,91,195,103,92,24,15,9,1064,600,464,917,403,514,1004,669,335,963,640,323,598,474,124,266,97,169,9,8,1,90,61,29,41,29,12,1,0,1,10,5,5,8,6,2,22,18,4,30,20,10,1,0,1,10,5,5,6,5,1,13,10,3,11,9,2,0,0,0,0,0,0,2,1,1,9,8,1,977,334,643
29,573,0119,614608,0000,000000,KARNATAKA,Mandya,VILLAGE,Ajjahalli,Rural,341,1446,734,712,135,73,62,113,52,61,0,0,0,739,423,316,707,311,396,965,503,462,282,266,16,212,206,6,10,8,2,1,1,0,59,51,8,683,237,446,208,21,187,119,79,40,23,18,5,333,119,214,658,225,433,208,21,187,112,77,35,23,18,5,315,109,206,25,12,13,0,0,0,7,2,5,0,0,0,18,10,8,481,231,250
29,573,0119,614609,0000,000000,KARNATAKA,Mandya,VILLAGE,Kabbare,Rural,349,1371,699,672,125,78,47,164,82,82,0,0,0,649,355,294,722,344,378,911,461,450,908,459,449,202,142,60,683,305,378,3,3,0,20,9,11,3,2,1,3,2,1,0,0,0,0,0,0,0,0,0,3,2,1,3,2,1,0,0,0,0,0,0,0,0,0,0,0,0,0,0,0,0,0,0,0,0,0,0,0,0,460,238,222
29,573,0119,614610,0000,000000,KARNATAKA,Mandya,VILLAGE,Chunchagahalli,Rural,184,755,397,358,80,49,31,0,0,0,2,1,1,349,200,149,406,197,209,488,234,254,416,200,216,293,181,112,119,17,102,0,0,0,4,2,2,72,34,38,14,9,5,55,24,31,1,1,0,2,0,2,62,30,32,12,8,4,47,21,26,1,1,0,2,0,2,10,4,6,2,1,1,8,3,5,0,0,0,0,0,0,267,163,104
29,573,0119,614611,0000,000000,KARNATAKA,Mandya,VILLAGE,Hulikere,Rural,245,1088,555,533,111,52,59,230,114,116,0,0,0,566,331,235,522,224,298,454,339,115,203,155,48,125,97,28,38,28,10,0,0,0,40,30,10,251,184,67,21,12,9,222,167,55,0,0,0,8,5,3,250,184,66,21,12,9,221,167,54,0,0,0,8,5,3,1,0,1,0,0,0,1,0,1,0,0,0,0,0,0,634,216,418
29,573,0119,614612,0000,000000,KARNATAKA,Mandya,VILLAGE,Hallikere,Rural,306,1323,671,652,121,51,70,401,195,206,0,0,0,698,411,287,625,260,365,864,472,392,846,462,384,372,259,113,409,152,257,2,2,0,63,49,14,18,10,8,8,7,1,8,2,6,0,0,0,2,1,1,18,10,8,8,7,1,8,2,6,0,0,0,2,1,1,0,0,0,0,0,0,0,0,0,0,0,0,0,0,0,459,199,260
29,573,0119,614613,0000,000000,KARNATAKA,Mandya,VILLAGE,K.Bellur,Rural,324,1453,722,731,131,65,66,199,107,92,0,0,0,755,433,322,698,289,409,868,493,375,865,492,373,369,230,139,404,196,208,30,15,15,62,51,11,3,1,2,1,1,0,1,0,1,1,0,1,0,0,0,3,1,2,1,1,0,1,0,1,1,0,1,0,0,0,0,0,0,0,0,0,0,0,0,0,0,0,0,0,0,585,229,356
29,573,0119,614614,0000,000000,KARNATAKA,Mandya,VILLAGE,Ambarahalli,Rural,359,1449,734,715,156,86,70,136,70,66,0,0,0,861,465,396,588,269,319,813,481,332,425,386,39,299,295,4,27,25,2,6,5,1,93,61,32,388,95,293,193,17,176,109,30,79,9,4,5,77,44,33,387,95,292,193,17,176,108,30,78,9,4,5,77,44,33,1,0,1,0,0,0,1,0,1,0,0,0,0,0,0,636,253,383
29,573,0119,614615,0000,000000,KARNATAKA,Mandya,VILLAGE,Madarahalli,Rural,489,2143,1055,1088,216,108,108,367,177,190,0,0,0,1191,636,555,952,419,533,807,640,167,799,635,164,438,418,20,210,105,105,4,4,0,147,108,39,8,5,3,2,2,0,4,1,3,0,0,0,2,2,0,7,5,2,2,2,0,3,1,2,0,0,0,2,2,0,1,0,1,0,0,0,1,0,1,0,0,0,0,0,0,1336,415,921
29,573,0119,614616,0000,000000,KARNATAKA,Mandya,VILLAGE,Kadilavagilu,Rural,634,2768,1440,1328,291,152,139,10,5,5,0,0,0,1592,943,649,1176,497,679,1637,960,677,1607,937,670,1200,689,511,344,202,142,4,4,0,59,42,17,30,23,7,12,9,3,13,9,4,0,0,0,5,5,0,25,20,5,12,9,3,9,7,2,0,0,0,4,4,0,5,3,2,0,0,0,4,2,2,0,0,0,1,1,0,1131,480,651
29,573,0119,614617,0000,000000,KARNATAKA,Mandya,VILLAGE,Sabbanahalli,Rural,435,1986,1015,971,176,77,99,284,161,123,1,0,1,1266,729,537,720,286,434,966,698,268,939,685,254,466,429,37,267,90,177,32,28,4,174,138,36,27,13,14,3,3,0,13,5,8,0,0,0,11,5,6,26,13,13,3,3,0,12,5,7,0,0,0,11,5,6,1,0,1,0,0,0,1,0,1,0,0,0,0,0,0,1020,317,703
29,573,0119,614618,0000,000000,KARNATAKA,Mandya,VILLAGE,Yadaganahalli,Rural,493,2332,1203,1129,202,98,104,386,188,198,24,10,14,1392,824,568,940,379,561,1103,794,309,1083,786,297,666,503,163,342,227,115,9,6,3,66,50,16,20,8,12,4,0,4,9,5,4,0,0,0,7,3,4,20,8,12,4,0,4,9,5,4,0,0,0,7,3,4,0,0,0,0,0,0,0,0,0,0,0,0,0,0,0,1229,409,820
29,573,0119,614619,0000,000000,KARNATAKA,Mandya,VILLAGE,Shingatageri,Rural,128,605,312,293,63,34,29,5,2,3,0,0,0,380,215,165,225,97,128,338,207,131,337,206,131,9,6,3,195,117,78,13,12,1,120,71,49,1,1,0,0,0,0,1,1,0,0,0,0,0,0,0,1,1,0,0,0,0,1,1,0,0,0,0,0,0,0,0,0,0,0,0,0,0,0,0,0,0,0,0,0,0,267,105,162
29,573,0119,614620,0000,000000,KARNATAKA,Mandya,VILLAGE,Haralahalli,Rural,144,573,292,281,41,22,19,13,5,8,0,0,0,305,181,124,268,111,157,207,158,49,204,156,48,94,90,4,75,38,37,2,1,1,33,27,6,3,2,1,0,0,0,1,1,0,0,0,0,2,1,1,3,2,1,0,0,0,1,1,0,0,0,0,2,1,1,0,0,0,0,0,0,0,0,0,0,0,0,0,0,0,366,134,232
29,573,0119,614621,0000,000000,KARNATAKA,Mandya,VILLAGE,Doddarasinakere ,Rural,2205,9541,4780,4761,864,449,415,823,400,423,76,39,37,6240,3399,2841,3301,1381,1920,4026,3041,985,3717,2852,865,1770,1584,186,826,422,404,46,32,14,1075,814,261,309,189,120,37,28,9,158,89,69,11,9,2,103,63,40,264,159,105,37,28,9,141,80,61,2,0,2,84,51,33,45,30,15,0,0,0,17,9,8,9,9,0,19,12,7,5515,1739,3776
29,573,0119,614622,0000,000000,KARNATAKA,Mandya,VILLAGE,Chatradahosahalli,Rural,282,1147,573,574,106,47,59,12,7,5,0,0,0,612,353,259,535,220,315,571,354,217,571,354,217,202,196,6,210,113,97,10,5,5,149,40,109,0,0,0,0,0,0,0,0,0,0,0,0,0,0,0,0,0,0,0,0,0,0,0,0,0,0,0,0,0,0,0,0,0,0,0,0,0,0,0,0,0,0,0,0,0,576,219,357
29,573,0119,614623,0000,000000,KARNATAKA,Mandya,VILLAGE,Chikkarasinakere,Rural,980,4187,2113,2074,345,186,159,774,373,401,0,0,0,2492,1398,1094,1695,715,980,2047,1404,643,1972,1348,624,1156,918,238,400,233,167,3,3,0,413,194,219,75,56,19,20,16,4,44,34,10,1,0,1,10,6,4,75,56,19,20,16,4,44,34,10,1,0,1,10,6,4,0,0,0,0,0,0,0,0,0,0,0,0,0,0,0,2140,709,1431
29,573,0119,614624,0000,000000,KARNATAKA,Mandya,VILLAGE,Thore Chakanahalli,Rural,219,942,481,461,67,33,34,128,65,63,4,2,2,616,376,240,326,105,221,520,326,194,516,323,193,396,247,149,37,14,23,3,3,0,80,59,21,4,3,1,0,0,0,0,0,0,0,0,0,4,3,1,4,3,1,0,0,0,0,0,0,0,0,0,4,3,1,0,0,0,0,0,0,0,0,0,0,0,0,0,0,0,422,155,267
29,573,0119,614625,0000,000000,KARNATAKA,Mandya,VILLAGE,Kyathaghatta,Rural,747,3292,1715,1577,309,168,141,289,144,145,8,3,5,2022,1167,855,1270,548,722,1992,1196,796,1979,1193,786,1416,893,523,226,112,114,32,10,22,305,178,127,13,3,10,1,0,1,7,2,5,1,0,1,4,1,3,12,3,9,0,0,0,7,2,5,1,0,1,4,1,3,1,0,1,1,0,1,0,0,0,0,0,0,0,0,0,1300,519,781
29,573,0119,614626,0000,000000,KARNATAKA,Mandya,VILLAGE,Bannahalli,Rural,303,1245,595,650,126,70,56,130,64,66,8,3,5,652,342,310,593,253,340,725,379,346,693,375,318,532,306,226,125,57,68,0,0,0,36,12,24,32,4,28,5,3,2,4,0,4,0,0,0,23,1,22,32,4,28,5,3,2,4,0,4,0,0,0,23,1,22,0,0,0,0,0,0,0,0,0,0,0,0,0,0,0,520,216,304
29,573,0119,614627,0000,000000,KARNATAKA,Mandya,VILLAGE,Aruvanahalli,Rural,475,1949,958,991,194,108,86,169,77,92,17,6,11,934,498,436,1015,460,555,1268,655,613,1101,620,481,648,446,202,211,83,128,95,8,87,147,83,64,167,35,132,48,22,26,19,1,18,5,0,5,95,12,83,158,30,128,43,18,25,19,1,18,4,0,4,92,11,81,9,5,4,5,4,1,0,0,0,1,0,1,3,1,2,681,303,378
29,573,0119,614628,0000,000000,KARNATAKA,Mandya,VILLAGE,Kothipur,Rural,131,634,307,327,70,43,27,199,99,100,0,0,0,301,151,150,333,156,177,242,195,47,241,195,46,112,105,7,84,53,31,7,7,0,38,30,8,1,0,1,0,0,0,0,0,0,0,0,0,1,0,1,1,0,1,0,0,0,0,0,0,0,0,0,1,0,1,0,0,0,0,0,0,0,0,0,0,0,0,0,0,0,392,112,280
29,573,0119,614629,0000,000000,KARNATAKA,Mandya,VILLAGE,Koolagere,Rural,710,3054,1516,1538,295,165,130,292,149,143,1,0,1,1542,874,668,1512,642,870,1721,1018,703,1605,1006,599,925,836,89,610,127,483,6,3,3,64,40,24,116,12,104,21,10,11,14,0,14,21,0,21,60,2,58,114,12,102,20,10,10,14,0,14,21,0,21,59,2,57,2,0,2,1,0,1,0,0,0,0,0,0,1,0,1,1333,498,835
29,573,0119,614630,0000,000000,KARNATAKA,Mandya,VILLAGE,Madenahalli,Rural,416,1686,831,855,107,53,54,122,58,64,10,8,2,1171,656,515,515,175,340,818,523,295,744,499,245,262,251,11,213,106,107,2,2,0,267,140,127,74,24,50,4,3,1,0,0,0,3,2,1,67,19,48,67,22,45,3,3,0,0,0,0,3,2,1,61,17,44,7,2,5,1,0,1,0,0,0,0,0,0,6,2,4,868,308,560
29,573,0119,614631,0000,000000,KARNATAKA,Mandya,VILLAGE,Karkahalli,Rural,298,1247,633,614,110,62,48,246,134,112,0,0,0,795,433,362,452,200,252,564,416,148,555,412,143,200,178,22,244,149,95,2,2,0,109,83,26,9,4,5,2,2,0,5,1,4,0,0,0,2,1,1,8,3,5,2,2,0,5,1,4,0,0,0,1,0,1,1,1,0,0,0,0,0,0,0,0,0,0,1,1,0,683,217,466
29,573,0119,614632,0000,000000,KARNATAKA,Mandya,VILLAGE,Alabujanahalli,Rural,294,1458,727,731,144,76,68,247,118,129,0,0,0,861,478,383,597,249,348,801,507,294,801,507,294,511,342,169,211,110,101,10,5,5,69,50,19,0,0,0,0,0,0,0,0,0,0,0,0,0,0,0,0,0,0,0,0,0,0,0,0,0,0,0,0,0,0,0,0,0,0,0,0,0,0,0,0,0,0,0,0,0,657,220,437
29,573,0119,614633,0000,000000,KARNATAKA,Mandya,VILLAGE,Gudigere,Rural,288,1399,773,626,133,67,66,476,240,236,1,1,0,910,569,341,489,204,285,547,389,158,524,384,140,255,204,51,79,38,41,8,6,2,182,136,46,23,5,18,5,3,2,15,0,15,0,0,0,3,2,1,20,3,17,5,3,2,14,0,14,0,0,0,1,0,1,3,2,1,0,0,0,1,0,1,0,0,0,2,2,0,852,384,468
29,573,0119,614634,0000,000000,KARNATAKA,Mandya,VILLAGE,Karadakere,Rural,629,2844,1536,1308,239,131,108,154,83,71,1,1,0,1697,1030,667,1147,506,641,1525,838,687,1272,821,451,603,521,82,394,150,244,13,10,3,262,140,122,253,17,236,25,3,22,219,9,210,0,0,0,9,5,4,222,12,210,18,1,17,198,7,191,0,0,0,6,4,2,31,5,26,7,2,5,21,2,19,0,0,0,3,1,2,1319,698,621
29,573,0119,614635,0000,000000,KARNATAKA,Mandya,VILLAGE,K. Settihalli,Rural,588,2627,1346,1281,226,115,111,320,170,150,13,8,5,1549,876,673,1078,470,608,1065,874,191,1028,852,176,577,548,29,292,189,103,1,0,1,158,115,43,37,22,15,14,5,9,14,10,4,0,0,0,9,7,2,26,11,15,13,4,9,6,2,4,0,0,0,7,5,2,11,11,0,1,1,0,8,8,0,0,0,0,2,2,0,1562,472,1090
29,573,0119,614636,0000,000000,KARNATAKA,Mandya,VILLAGE,Arechakanahalli,Rural,259,1122,561,561,109,56,53,38,14,24,0,0,0,616,348,268,506,213,293,522,372,150,508,364,144,283,244,39,149,72,77,0,0,0,76,48,28,14,8,6,1,0,1,6,3,3,0,0,0,7,5,2,7,4,3,1,0,1,2,1,1,0,0,0,4,3,1,7,4,3,0,0,0,4,2,2,0,0,0,3,2,1,600,189,411
29,573,0119,614637,0000,000000,KARNATAKA,Mandya,VILLAGE,Gopanahalli,Rural,232,909,460,449,84,42,42,154,78,76,0,0,0,409,249,160,500,211,289,370,287,83,343,280,63,203,190,13,75,45,30,0,0,0,65,45,20,27,7,20,12,4,8,8,1,7,1,1,0,6,1,5,27,7,20,12,4,8,8,1,7,1,1,0,6,1,5,0,0,0,0,0,0,0,0,0,0,0,0,0,0,0,539,173,366
29,573,0119,614638,0000,000000,KARNATAKA,Mandya,VILLAGE,Bujavalli,Rural,434,2168,1105,1063,242,116,126,317,166,151,3,2,1,1187,674,513,981,431,550,823,733,90,748,689,59,583,578,5,131,85,46,2,2,0,32,24,8,75,44,31,0,0,0,72,41,31,0,0,0,3,3,0,75,44,31,0,0,0,72,41,31,0,0,0,3,3,0,0,0,0,0,0,0,0,0,0,0,0,0,0,0,0,1345,372,973
29,573,0119,614639,0000,000000,KARNATAKA,Mandya,VILLAGE,Kadukothanahalli,Rural,976,4104,2089,2015,364,170,194,1522,764,758,8,3,5,2480,1422,1058,1624,667,957,1752,1365,387,1746,1362,384,853,798,55,736,443,293,1,1,0,156,120,36,6,3,3,4,2,2,1,0,1,0,0,0,1,1,0,6,3,3,4,2,2,1,0,1,0,0,0,1,1,0,0,0,0,0,0,0,0,0,0,0,0,0,0,0,0,2352,724,1628
29,573,0119,614640,0000,000000,KARNATAKA,Mandya,VILLAGE,Yaladahalli,Rural,387,1592,822,770,129,54,75,210,114,96,0,0,0,871,510,361,721,312,409,788,549,239,785,546,239,425,348,77,204,130,74,0,0,0,156,68,88,3,3,0,2,2,0,0,0,0,0,0,0,1,1,0,3,3,0,2,2,0,0,0,0,0,0,0,1,1,0,0,0,0,0,0,0,0,0,0,0,0,0,0,0,0,804,273,531
29,573,0119,614641,0000,000000,KARNATAKA,Mandya,VILLAGE,Bidarahalli,Rural,252,1180,613,567,111,64,47,113,52,61,8,4,4,749,444,305,431,169,262,616,405,211,485,362,123,244,234,10,22,15,7,6,3,3,213,110,103,131,43,88,1,1,0,45,20,25,1,0,1,84,22,62,124,41,83,1,1,0,41,18,23,1,0,1,81,22,59,7,2,5,0,0,0,4,2,2,0,0,0,3,0,3,564,208,356
29,573,0119,614642,0000,000000,KARNATAKA,Mandya,VILLAGE,Bidarahosahalli,Rural,394,1647,849,798,152,79,73,174,84,90,5,3,2,926,536,390,721,313,408,646,538,108,645,538,107,379,370,9,158,77,81,2,2,0,106,89,17,1,0,1,0,0,0,0,0,0,0,0,0,1,0,1,1,0,1,0,0,0,0,0,0,0,0,0,1,0,1,0,0,0,0,0,0,0,0,0,0,0,0,0,0,0,1001,311,690
29,573,0119,614643,0000,000000,KARNATAKA,Mandya,VILLAGE,Manigere,Rural,556,2434,1212,1222,233,114,119,296,155,141,4,2,2,1489,842,647,945,370,575,1125,811,314,820,734,86,465,446,19,251,202,49,5,5,0,99,81,18,305,77,228,6,5,1,271,51,220,3,2,1,25,19,6,303,76,227,6,5,1,269,50,219,3,2,1,25,19,6,2,1,1,0,0,0,2,1,1,0,0,0,0,0,0,1309,401,908
29,573,0119,614644,0000,000000,KARNATAKA,Mandya,VILLAGE,Annur,Rural,996,4428,2143,2285,422,222,200,703,346,357,14,7,7,2816,1456,1360,1612,687,925,1678,1301,377,1545,1214,331,592,508,84,192,105,87,23,13,10,738,588,150,133,87,46,25,20,5,60,40,20,4,4,0,44,23,21,132,86,46,25,20,5,60,40,20,4,4,0,43,22,21,1,1,0,0,0,0,0,0,0,0,0,0,1,1,0,2750,842,1908
29,573,0119,614645,0000,000000,KARNATAKA,Mandya,VILLAGE,Menasagere,Rural,486,2103,1062,1041,235,114,121,260,124,136,0,0,0,1192,674,518,911,388,523,1096,716,380,1086,709,377,465,336,129,398,205,193,8,3,5,215,165,50,10,7,3,1,1,0,2,1,1,3,1,2,4,4,0,10,7,3,1,1,0,2,1,1,3,1,2,4,4,0,0,0,0,0,0,0,0,0,0,0,0,0,0,0,0,1007,346,661
29,573,0119,614646,0000,000000,KARNATAKA,Mandya,VILLAGE,Boppasamudra,Rural,354,1595,806,789,160,83,77,278,137,141,0,0,0,891,532,359,704,274,430,733,524,209,671,489,182,313,296,17,221,91,130,0,0,0,137,102,35,62,35,27,6,4,2,2,0,2,0,0,0,54,31,23,15,9,6,4,2,2,1,0,1,0,0,0,10,7,3,47,26,21,2,2,0,1,0,1,0,0,0,44,24,20,862,282,580
29,573,0119,614647,0000,000000,KARNATAKA,Mandya,VILLAGE,Thore Bommanahalli,Rural,596,2634,1321,1313,263,133,130,203,111,92,13,6,7,1582,902,680,1052,419,633,1123,852,271,1091,831,260,517,482,35,384,211,173,3,0,3,187,138,49,32,21,11,3,3,0,3,0,3,0,0,0,26,18,8,26,18,8,3,3,0,2,0,2,0,0,0,21,15,6,6,3,3,0,0,0,1,0,1,0,0,0,5,3,2,1511,469,1042
29,573,0119,614648,0000,000000,KARNATAKA,Mandya,VILLAGE,Hannahalli Doddi,Rural,71,354,190,164,41,26,15,99,52,47,0,0,0,144,95,49,210,95,115,177,135,42,165,126,39,98,78,20,36,22,14,0,0,0,31,26,5,12,9,3,0,0,0,10,7,3,0,0,0,2,2,0,12,9,3,0,0,0,10,7,3,0,0,0,2,2,0,0,0,0,0,0,0,0,0,0,0,0,0,0,0,0,177,55,122
29,573,0119,614649,0000,000000,KARNATAKA,Mandya,VILLAGE,Mudenahalli,Rural,171,748,370,378,76,39,37,128,62,66,0,0,0,467,251,216,281,119,162,342,245,97,335,244,91,182,176,6,123,49,74,1,0,1,29,19,10,7,1,6,0,0,0,4,1,3,2,0,2,1,0,1,7,1,6,0,0,0,4,1,3,2,0,2,1,0,1,0,0,0,0,0,0,0,0,0,0,0,0,0,0,0,406,125,281
29,573,0119,614650,0000,000000,KARNATAKA,Mandya,VILLAGE,Honnaikanahalli,Rural,569,2367,1194,1173,150,75,75,324,151,173,0,0,0,1423,818,605,944,376,568,1257,846,411,871,718,153,562,534,28,167,71,96,5,4,1,137,109,28,386,128,258,6,3,3,308,106,202,10,1,9,62,18,44,380,125,255,6,3,3,308,106,202,7,0,7,59,16,43,6,3,3,0,0,0,0,0,0,3,1,2,3,2,1,1110,348,762
29,573,0119,614651,0000,000000,KARNATAKA,Mandya,VILLAGE,S.Honnalagere,Rural,526,1890,939,951,160,90,70,334,158,176,0,0,0,1097,621,476,793,318,475,785,579,206,772,572,200,261,236,25,426,279,147,4,3,1,81,54,27,13,7,6,2,2,0,7,2,5,0,0,0,4,3,1,13,7,6,2,2,0,7,2,5,0,0,0,4,3,1,0,0,0,0,0,0,0,0,0,0,0,0,0,0,0,1105,360,745
29,573,0119,614652,0000,000000,KARNATAKA,Mandya,VILLAGE,S.Hagalahalli,Rural,797,3240,1616,1624,254,127,127,281,147,134,2,2,0,1841,1054,787,1399,562,837,1516,1014,502,1312,964,348,468,440,28,600,343,257,13,10,3,231,171,60,204,50,154,43,5,38,140,35,105,3,1,2,18,9,9,187,47,140,40,5,35,126,32,94,3,1,2,18,9,9,17,3,14,3,0,3,14,3,11,0,0,0,0,0,0,1724,602,1122
29,573,0119,614653,0000,000000,KARNATAKA,Mandya,TOWN,Mellahalli (CT),Urban,1616,6393,3221,3172,637,322,315,415,204,211,117,57,60,4678,2508,2170,1715,713,1002,2472,1927,545,1973,1635,338,251,236,15,76,54,22,41,34,7,1605,1311,294,499,292,207,12,8,4,124,23,101,18,8,10,345,253,92,435,249,186,12,8,4,122,21,101,5,3,2,296,217,79,64,43,21,0,0,0,2,2,0,13,5,8,49,36,13,3921,1294,2627
29,573,0120,000000,0000,000000,KARNATAKA,Mandya,CD BLOCK,Malavalli ,Total,57389,245664,123908,121756,23503,12185,11318,50836,25428,25408,1373,702,671,143487,80702,62785,102177,43206,58971,117934,78188,39746,92257,66864,25393,43132,35597,7535,28311,15644,12667,1212,737,475,19602,14886,4716,25677,11324,14353,3898,1668,2230,15961,6463,9498,837,411,426,4981,2782,2199,22668,10138,12530,3409,1512,1897,14264,5859,8405,708,350,358,4287,2417,1870,3009,1186,1823,489,156,333,1697,604,1093,129,61,68,694,365,329,127730,45720,82010
29,573,0120,000000,0000,000000,KARNATAKA,Mandya,CD BLOCK,Malavalli ,Rural,57389,245664,123908,121756,23503,12185,11318,50836,25428,25408,1373,702,671,143487,80702,62785,102177,43206,58971,117934,78188,39746,92257,66864,25393,43132,35597,7535,28311,15644,12667,1212,737,475,19602,14886,4716,25677,11324,14353,3898,1668,2230,15961,6463,9498,837,411,426,4981,2782,2199,22668,10138,12530,3409,1512,1897,14264,5859,8405,708,350,358,4287,2417,1870,3009,1186,1823,489,156,333,1697,604,1093,129,61,68,694,365,329,127730,45720,82010
29,573,0120,000000,0000,000000,KARNATAKA,Mandya,CD BLOCK,Malavalli ,Urban,0,0,0,0,0,0,0,0,0,0,0,0,0,0,0,0,0,0,0,0,0,0,0,0,0,0,0,0,0,0,0,0,0,0,0,0,0,0,0,0,0,0,0,0,0,0,0,0,0,0,0,0,0,0,0,0,0,0,0,0,0,0,0,0,0,0,0,0,0,0,0,0,0,0,0,0,0,0,0,0,0,0,0,0,0
29,573,0120,614654,0000,000000,KARNATAKA,Mandya,VILLAGE,Chikkamulagudu,Rural,744,3230,1598,1632,319,161,158,838,394,444,4,2,2,1726,971,755,1504,627,877,1636,1072,564,1161,852,309,635,534,101,380,197,183,8,5,3,138,116,22,475,220,255,22,8,14,407,198,209,6,4,2,40,10,30,452,211,241,17,5,12,396,195,201,3,2,1,36,9,27,23,9,14,5,3,2,11,3,8,3,2,1,4,1,3,1594,526,1068
29,573,0120,614655,0000,000000,KARNATAKA,Mandya,VILLAGE,Veerajipura,Rural,197,802,407,395,70,32,38,0,0,0,0,0,0,534,293,241,268,114,154,564,288,276,285,241,44,191,175,16,57,30,27,2,2,0,35,34,1,279,47,232,5,0,5,269,45,224,2,1,1,3,1,2,274,47,227,5,0,5,266,45,221,1,1,0,2,1,1,5,0,5,0,0,0,3,0,3,1,0,1,1,0,1,238,119,119
29,573,0120,614656,0000,000000,KARNATAKA,Mandya,VILLAGE,Maganahalli,Rural,100,415,218,197,46,26,20,11,5,6,0,0,0,242,139,103,173,79,94,161,126,35,102,100,2,46,46,0,46,46,0,0,0,0,10,8,2,59,26,33,0,0,0,34,5,29,0,0,0,25,21,4,58,25,33,0,0,0,34,5,29,0,0,0,24,20,4,1,1,0,0,0,0,0,0,0,0,0,0,1,1,0,254,92,162
29,573,0120,614657,0000,000000,KARNATAKA,Mandya,VILLAGE,Mikkere,Rural,606,2353,1185,1168,236,123,113,469,211,258,0,0,0,1318,755,563,1035,430,605,1227,777,450,1124,765,359,435,369,66,456,202,254,11,9,2,222,185,37,103,12,91,8,4,4,22,2,20,1,0,1,72,6,66,103,12,91,8,4,4,22,2,20,1,0,1,72,6,66,0,0,0,0,0,0,0,0,0,0,0,0,0,0,0,1126,408,718
29,573,0120,614658,0000,000000,KARNATAKA,Mandya,VILLAGE,Ramandur,Rural,316,1332,673,659,127,72,55,243,118,125,0,0,0,767,424,343,565,249,316,570,438,132,513,427,86,253,240,13,184,121,63,1,1,0,75,65,10,57,11,46,4,3,1,26,3,23,2,0,2,25,5,20,52,9,43,3,2,1,24,3,21,2,0,2,23,4,19,5,2,3,1,1,0,2,0,2,0,0,0,2,1,1,762,235,527
29,573,0120,614659,0000,000000,KARNATAKA,Mandya,VILLAGE,Anasale,Rural,595,2567,1295,1272,285,159,126,386,182,204,0,0,0,1285,760,525,1282,535,747,1464,797,667,597,324,273,534,279,255,16,9,7,10,7,3,37,29,8,867,473,394,138,82,56,622,307,315,73,62,11,34,22,12,848,461,387,138,82,56,620,305,315,73,62,11,17,12,5,19,12,7,0,0,0,2,2,0,0,0,0,17,10,7,1103,498,605
29,573,0120,614660,0000,000000,KARNATAKA,Mandya,VILLAGE,Bheemanahalli,Rural,197,897,461,436,88,49,39,65,29,36,0,0,0,501,289,212,396,172,224,362,291,71,354,286,68,217,211,6,82,30,52,1,0,1,54,45,9,8,5,3,3,1,2,0,0,0,0,0,0,5,4,1,7,4,3,3,1,2,0,0,0,0,0,0,4,3,1,1,1,0,0,0,0,0,0,0,0,0,0,1,1,0,535,170,365
29,573,0120,614661,0000,000000,KARNATAKA,Mandya,VILLAGE,Hittanahalli,Rural,830,3563,1812,1751,298,159,139,859,445,414,76,40,36,2170,1206,964,1393,606,787,1660,1090,570,1447,1026,421,707,632,75,423,184,239,7,2,5,310,208,102,213,64,149,16,10,6,169,41,128,3,1,2,25,12,13,197,61,136,15,10,5,156,38,118,3,1,2,23,12,11,16,3,13,1,0,1,13,3,10,0,0,0,2,0,2,1903,722,1181
29,573,0120,614662,0000,000000,KARNATAKA,Mandya,VILLAGE,Dugganahalli,Rural,693,2982,1473,1509,263,126,137,447,223,224,0,0,0,1599,896,703,1383,577,806,1696,1008,688,1317,922,395,631,597,34,414,148,266,20,9,11,252,168,84,379,86,293,188,35,153,137,44,93,7,2,5,47,5,42,339,73,266,161,25,136,130,41,89,5,2,3,43,5,38,40,13,27,27,10,17,7,3,4,2,0,2,4,0,4,1286,465,821
29,573,0120,614663,0000,000000,KARNATAKA,Mandya,VILLAGE,Devipura,Rural,488,2325,1219,1106,220,120,100,211,105,106,0,0,0,1321,757,564,1004,462,542,839,677,162,755,657,98,551,502,49,91,61,30,6,6,0,107,88,19,84,20,64,1,1,0,49,9,40,4,4,0,30,6,24,80,20,60,1,1,0,48,9,39,4,4,0,27,6,21,4,0,4,0,0,0,1,0,1,0,0,0,3,0,3,1486,542,944
29,573,0120,614664,0000,000000,KARNATAKA,Mandya,VILLAGE,Thalagavadi,Rural,957,4012,2050,1962,418,221,197,328,177,151,6,4,2,2248,1284,964,1764,766,998,1986,1289,697,1885,1262,623,863,696,167,553,289,264,0,0,0,469,277,192,101,27,74,3,1,2,72,9,63,0,0,0,26,17,9,92,22,70,3,1,2,72,9,63,0,0,0,17,12,5,9,5,4,0,0,0,0,0,0,0,0,0,9,5,4,2026,761,1265
29,573,0120,614665,0000,000000,KARNATAKA,Mandya,VILLAGE,Kagepura,Rural,299,1201,599,602,134,63,71,239,111,128,37,19,18,769,425,344,432,174,258,466,393,73,466,393,73,187,180,7,217,159,58,2,2,0,60,52,8,0,0,0,0,0,0,0,0,0,0,0,0,0,0,0,0,0,0,0,0,0,0,0,0,0,0,0,0,0,0,0,0,0,0,0,0,0,0,0,0,0,0,0,0,0,735,206,529
29,573,0120,614666,0000,000000,KARNATAKA,Mandya,VILLAGE,Koregala,Rural,268,1174,592,582,105,50,55,135,69,66,0,0,0,703,388,315,471,204,267,675,361,314,473,339,134,362,293,69,43,14,29,1,1,0,67,31,36,202,22,180,4,0,4,76,15,61,4,0,4,118,7,111,201,22,179,4,0,4,76,15,61,4,0,4,117,7,110,1,0,1,0,0,0,0,0,0,0,0,0,1,0,1,499,231,268
29,573,0120,614667,0000,000000,KARNATAKA,Mandya,VILLAGE,Maganur,Rural,367,1531,737,794,153,84,69,568,281,287,0,0,0,903,483,420,628,254,374,823,467,356,655,398,257,352,230,122,65,32,33,13,6,7,225,130,95,168,69,99,4,3,1,39,23,16,38,9,29,87,34,53,160,64,96,4,3,1,36,20,16,35,7,28,85,34,51,8,5,3,0,0,0,3,3,0,3,2,1,2,0,2,708,270,438
29,573,0120,614668,0000,000000,KARNATAKA,Mandya,VILLAGE,Settahalli,Rural,268,1096,521,575,106,55,51,752,357,395,0,0,0,663,353,310,433,168,265,421,294,127,416,294,122,121,116,5,213,115,98,2,2,0,80,61,19,5,0,5,0,0,0,4,0,4,1,0,1,0,0,0,5,0,5,0,0,0,4,0,4,1,0,1,0,0,0,0,0,0,0,0,0,0,0,0,0,0,0,0,0,0,675,227,448
29,573,0120,614669,0000,000000,KARNATAKA,Mandya,VILLAGE,Muganakoppalu,Rural,102,463,239,224,48,30,18,16,10,6,0,0,0,263,147,116,200,92,108,274,141,133,274,141,133,87,78,9,161,41,120,0,0,0,26,22,4,0,0,0,0,0,0,0,0,0,0,0,0,0,0,0,0,0,0,0,0,0,0,0,0,0,0,0,0,0,0,0,0,0,0,0,0,0,0,0,0,0,0,0,0,0,189,98,91
29,573,0120,614670,0000,000000,KARNATAKA,Mandya,VILLAGE,Ganiganapura,Rural,65,278,141,137,31,17,14,0,0,0,0,0,0,145,82,63,133,59,74,186,93,93,186,93,93,78,70,8,94,10,84,0,0,0,14,13,1,0,0,0,0,0,0,0,0,0,0,0,0,0,0,0,0,0,0,0,0,0,0,0,0,0,0,0,0,0,0,0,0,0,0,0,0,0,0,0,0,0,0,0,0,0,92,48,44
29,573,0120,614671,0000,000000,KARNATAKA,Mandya,VILLAGE,Sasiyalapura,Rural,243,996,483,513,117,54,63,295,129,166,0,0,0,552,305,247,444,178,266,572,322,250,172,115,57,105,72,33,16,8,8,4,3,1,47,32,15,400,207,193,21,12,9,301,140,161,1,1,0,77,54,23,323,165,158,16,9,7,254,121,133,0,0,0,53,35,18,77,42,35,5,3,2,47,19,28,1,1,0,24,19,5,424,161,263
29,573,0120,614672,0000,000000,KARNATAKA,Mandya,VILLAGE,Madahalli,Rural,253,1060,522,538,119,66,53,0,0,0,0,0,0,582,323,259,478,199,279,497,331,166,456,314,142,229,183,46,114,47,67,9,6,3,104,78,26,41,17,24,5,2,3,29,12,17,2,1,1,5,2,3,29,12,17,2,1,1,20,8,12,2,1,1,5,2,3,12,5,7,3,1,2,9,4,5,0,0,0,0,0,0,563,191,372
29,573,0120,614673,0000,000000,KARNATAKA,Mandya,VILLAGE,Hullegala,Rural,211,862,449,413,60,30,30,217,110,107,0,0,0,385,239,146,477,210,267,427,266,161,421,263,158,241,185,56,164,64,100,3,1,2,13,13,0,6,3,3,4,2,2,2,1,1,0,0,0,0,0,0,6,3,3,4,2,2,2,1,1,0,0,0,0,0,0,0,0,0,0,0,0,0,0,0,0,0,0,0,0,0,435,183,252
29,573,0120,614674,0000,000000,KARNATAKA,Mandya,VILLAGE,Bandurukaval,Rural,0,0,0,0,0,0,0,0,0,0,0,0,0,0,0,0,0,0,0,0,0,0,0,0,0,0,0,0,0,0,0,0,0,0,0,0,0,0,0,0,0,0,0,0,0,0,0,0,0,0,0,0,0,0,0,0,0,0,0,0,0,0,0,0,0,0,0,0,0,0,0,0,0,0,0,0,0,0,0,0,0,0,0,0,0
29,573,0120,614675,0000,000000,KARNATAKA,Mandya,VILLAGE,Banduru,Rural,531,2392,1201,1191,226,121,105,236,120,116,4,2,2,1140,676,464,1252,525,727,1248,728,520,1082,670,412,548,481,67,422,107,315,18,13,5,94,69,25,166,58,108,19,7,12,94,22,72,33,19,14,20,10,10,132,51,81,17,7,10,73,19,54,30,18,12,12,7,5,34,7,27,2,0,2,21,3,18,3,1,2,8,3,5,1144,473,671
29,573,0120,614676,0000,000000,KARNATAKA,Mandya,VILLAGE,Kallarepura,Rural,301,1321,674,647,125,71,54,350,176,174,0,0,0,768,440,328,553,234,319,524,436,88,508,424,84,196,182,14,226,168,58,1,1,0,85,73,12,16,12,4,2,1,1,12,9,3,0,0,0,2,2,0,14,10,4,2,1,1,10,7,3,0,0,0,2,2,0,2,2,0,0,0,0,2,2,0,0,0,0,0,0,0,797,238,559
29,573,0120,614677,0000,000000,KARNATAKA,Mandya,VILLAGE,Nenanuru,Rural,197,872,429,443,88,48,40,410,202,208,0,0,0,522,285,237,350,144,206,308,249,59,226,209,17,174,166,8,10,10,0,8,8,0,34,25,9,82,40,42,9,6,3,61,27,34,5,2,3,7,5,2,72,35,37,9,6,3,54,23,31,4,2,2,5,4,1,10,5,5,0,0,0,7,4,3,1,0,1,2,1,1,564,180,384
29,573,0120,614678,0000,000000,KARNATAKA,Mandya,VILLAGE,Markalu,Rural,743,3144,1620,1524,319,161,158,453,221,232,5,4,1,1737,976,761,1407,644,763,1607,1037,570,975,827,148,768,672,96,77,65,12,5,3,2,125,87,38,632,210,422,32,17,15,537,178,359,5,4,1,58,11,47,352,182,170,31,16,15,262,153,109,4,3,1,55,10,45,280,28,252,1,1,0,275,25,250,1,1,0,3,1,2,1537,583,954
29,573,0120,614679,0000,000000,KARNATAKA,Mandya,VILLAGE,Doranahalli,Rural,349,1350,643,707,99,46,53,401,193,208,0,0,0,795,442,353,555,201,354,670,442,228,556,399,157,198,189,9,174,111,63,9,6,3,175,93,82,114,43,71,18,6,12,53,21,32,5,0,5,38,16,22,114,43,71,18,6,12,53,21,32,5,0,5,38,16,22,0,0,0,0,0,0,0,0,0,0,0,0,0,0,0,680,201,479
29,573,0120,614680,0000,000000,KARNATAKA,Mandya,VILLAGE,Kirugavalu,Rural,1886,8268,4216,4052,924,482,442,1094,579,515,15,4,11,5617,3030,2587,2651,1186,1465,3977,2512,1465,2571,2032,539,499,445,54,519,402,117,73,7,66,1480,1178,302,1406,480,926,51,32,19,910,246,664,68,4,64,377,198,179,1367,456,911,38,20,18,904,244,660,65,4,61,360,188,172,39,24,15,13,12,1,6,2,4,3,0,3,17,10,7,4291,1704,2587
29,573,0120,614681,0000,000000,KARNATAKA,Mandya,VILLAGE,Deshavalli,Rural,240,974,492,482,80,47,33,112,58,54,0,0,0,610,333,277,364,159,205,458,319,139,328,303,25,94,92,2,175,160,15,6,4,2,53,47,6,130,16,114,0,0,0,116,6,110,2,0,2,12,10,2,130,16,114,0,0,0,116,6,110,2,0,2,12,10,2,0,0,0,0,0,0,0,0,0,0,0,0,0,0,0,516,173,343
29,573,0120,614682,0000,000000,KARNATAKA,Mandya,VILLAGE,Bendaravadi,Rural,497,2054,1029,1025,221,113,108,807,373,434,1,1,0,1153,644,509,901,385,516,863,645,218,816,624,192,320,287,33,349,211,138,3,2,1,144,124,20,47,21,26,0,0,0,22,5,17,0,0,0,25,16,9,47,21,26,0,0,0,22,5,17,0,0,0,25,16,9,0,0,0,0,0,0,0,0,0,0,0,0,0,0,0,1191,384,807
29,573,0120,614683,0000,000000,KARNATAKA,Mandya,VILLAGE,Honaganahalli,Rural,180,771,392,379,77,34,43,293,158,135,1,0,1,413,244,169,358,148,210,351,245,106,136,122,14,32,31,1,27,25,2,3,2,1,74,64,10,215,123,92,7,3,4,163,100,63,20,12,8,25,8,17,210,120,90,7,3,4,162,100,62,16,9,7,25,8,17,5,3,2,0,0,0,1,0,1,4,3,1,0,0,0,420,147,273
29,573,0120,614684,0000,000000,KARNATAKA,Mandya,VILLAGE,Kalkuni,Rural,2066,8844,4399,4445,944,476,468,1751,868,883,41,23,18,5412,2932,2480,3432,1467,1965,3612,2707,905,2620,2029,591,712,691,21,1114,751,363,41,10,31,753,577,176,992,678,314,16,8,8,665,434,231,29,21,8,282,215,67,940,650,290,16,8,8,639,419,220,26,21,5,259,202,57,52,28,24,0,0,0,26,15,11,3,0,3,23,13,10,5232,1692,3540
29,573,0120,614685,0000,000000,KARNATAKA,Mandya,VILLAGE,Huvinakoppalu,Rural,180,736,373,363,82,44,38,601,303,298,0,0,0,337,201,136,399,172,227,378,244,134,378,244,134,38,31,7,285,167,118,0,0,0,55,46,9,0,0,0,0,0,0,0,0,0,0,0,0,0,0,0,0,0,0,0,0,0,0,0,0,0,0,0,0,0,0,0,0,0,0,0,0,0,0,0,0,0,0,0,0,0,358,129,229
29,573,0120,614686,0000,000000,KARNATAKA,Mandya,VILLAGE,Sujjalur,Rural,846,3524,1785,1739,348,185,163,422,233,189,17,9,8,1771,1009,762,1753,776,977,1571,1094,477,1144,1029,115,679,648,31,290,226,64,10,10,0,165,145,20,427,65,362,173,10,163,233,42,191,4,2,2,17,11,6,419,59,360,172,9,163,227,38,189,4,2,2,16,10,6,8,6,2,1,1,0,6,4,2,0,0,0,1,1,0,1953,691,1262
29,573,0120,614687,0000,000000,KARNATAKA,Mandya,VILLAGE,Uppanahalli,Rural,193,807,402,405,85,38,47,13,5,8,0,0,0,468,257,211,339,145,194,291,282,9,288,279,9,260,258,2,10,10,0,0,0,0,18,11,7,3,3,0,0,0,0,2,2,0,0,0,0,1,1,0,2,2,0,0,0,0,1,1,0,0,0,0,1,1,0,1,1,0,0,0,0,1,1,0,0,0,0,0,0,0,516,120,396
29,573,0120,614688,0000,000000,KARNATAKA,Mandya,VILLAGE,Yamadurukaval,Rural,0,0,0,0,0,0,0,0,0,0,0,0,0,0,0,0,0,0,0,0,0,0,0,0,0,0,0,0,0,0,0,0,0,0,0,0,0,0,0,0,0,0,0,0,0,0,0,0,0,0,0,0,0,0,0,0,0,0,0,0,0,0,0,0,0,0,0,0,0,0,0,0,0,0,0,0,0,0,0,0,0,0,0,0,0
29,573,0120,614689,0000,000000,KARNATAKA,Mandya,VILLAGE,Yamaduru,Rural,106,446,226,220,32,16,16,152,75,77,0,0,0,284,160,124,162,66,96,170,131,39,158,124,34,82,73,9,61,38,23,0,0,0,15,13,2,12,7,5,2,1,1,3,0,3,0,0,0,7,6,1,11,6,5,1,0,1,3,0,3,0,0,0,7,6,1,1,1,0,1,1,0,0,0,0,0,0,0,0,0,0,276,95,181
29,573,0120,614690,0000,000000,KARNATAKA,Mandya,VILLAGE,Ragibommanahalli,Rural,666,2864,1471,1393,238,116,122,605,297,308,1,1,0,1805,1046,759,1059,425,634,1117,936,181,828,757,71,531,516,15,53,40,13,1,1,0,243,200,43,289,179,110,9,8,1,251,152,99,1,0,1,28,19,9,285,177,108,9,8,1,250,152,98,1,0,1,25,17,8,4,2,2,0,0,0,1,0,1,0,0,0,3,2,1,1747,535,1212
29,573,0120,614691,0000,000000,KARNATAKA,Mandya,VILLAGE,Ganaganuru,Rural,68,308,156,152,33,17,16,177,88,89,0,0,0,160,95,65,148,61,87,176,92,84,93,89,4,72,71,1,11,9,2,2,2,0,8,7,1,83,3,80,0,0,0,79,1,78,1,0,1,3,2,1,83,3,80,0,0,0,79,1,78,1,0,1,3,2,1,0,0,0,0,0,0,0,0,0,0,0,0,0,0,0,132,64,68
29,573,0120,614692,0000,000000,KARNATAKA,Mandya,VILLAGE,Hangrapura,Rural,282,1150,589,561,121,59,62,100,50,50,0,0,0,599,343,256,551,246,305,511,365,146,435,358,77,214,194,20,170,128,42,1,0,1,50,36,14,76,7,69,2,1,1,69,4,65,2,0,2,3,2,1,76,7,69,2,1,1,69,4,65,2,0,2,3,2,1,0,0,0,0,0,0,0,0,0,0,0,0,0,0,0,639,224,415
29,573,0120,614693,0000,000000,KARNATAKA,Mandya,VILLAGE,Avverahalli,Rural,309,1480,775,705,141,69,72,289,160,129,0,0,0,801,465,336,679,310,369,757,513,244,626,487,139,237,217,20,249,169,80,0,0,0,140,101,39,131,26,105,91,15,76,30,10,20,0,0,0,10,1,9,49,5,44,31,3,28,14,2,12,0,0,0,4,0,4,82,21,61,60,12,48,16,8,8,0,0,0,6,1,5,723,262,461
29,573,0120,614694,0000,000000,KARNATAKA,Mandya,VILLAGE,Kebbepura,Rural,0,0,0,0,0,0,0,0,0,0,0,0,0,0,0,0,0,0,0,0,0,0,0,0,0,0,0,0,0,0,0,0,0,0,0,0,0,0,0,0,0,0,0,0,0,0,0,0,0,0,0,0,0,0,0,0,0,0,0,0,0,0,0,0,0,0,0,0,0,0,0,0,0,0,0,0,0,0,0,0,0,0,0,0,0
29,573,0120,614695,0000,000000,KARNATAKA,Mandya,VILLAGE,Maliyur,Rural,451,1918,967,951,187,83,104,668,324,344,0,0,0,947,553,394,971,414,557,1300,703,597,798,557,241,264,220,44,367,225,142,2,1,1,165,111,54,502,146,356,122,20,102,253,75,178,3,1,2,124,50,74,376,110,266,49,5,44,242,71,171,2,1,1,83,33,50,126,36,90,73,15,58,11,4,7,1,0,1,41,17,24,618,264,354
29,573,0120,614696,0000,000000,KARNATAKA,Mandya,VILLAGE,Hanakola,Rural,241,887,443,444,56,31,25,294,150,144,0,0,0,471,263,208,416,180,236,428,293,135,288,243,45,133,130,3,67,47,20,2,2,0,86,64,22,140,50,90,37,16,21,64,30,34,1,1,0,38,3,35,127,44,83,31,14,17,57,26,31,1,1,0,38,3,35,13,6,7,6,2,4,7,4,3,0,0,0,0,0,0,459,150,309
29,573,0120,614697,0000,000000,KARNATAKA,Mandya,VILLAGE,Basavana Halli,Rural,0,0,0,0,0,0,0,0,0,0,0,0,0,0,0,0,0,0,0,0,0,0,0,0,0,0,0,0,0,0,0,0,0,0,0,0,0,0,0,0,0,0,0,0,0,0,0,0,0,0,0,0,0,0,0,0,0,0,0,0,0,0,0,0,0,0,0,0,0,0,0,0,0,0,0,0,0,0,0,0,0,0,0,0,0
29,573,0120,614698,0000,000000,KARNATAKA,Mandya,VILLAGE,Surakahalli,Rural,55,205,107,98,17,10,7,8,5,3,0,0,0,79,53,26,126,54,72,94,57,37,30,25,5,17,17,0,4,3,1,0,0,0,9,5,4,64,32,32,0,0,0,63,31,32,0,0,0,1,1,0,64,32,32,0,0,0,63,31,32,0,0,0,1,1,0,0,0,0,0,0,0,0,0,0,0,0,0,0,0,0,111,50,61
29,573,0120,614699,0000,000000,KARNATAKA,Mandya,VILLAGE,Nelamakanahalli,Rural,737,3068,1525,1543,277,135,142,318,145,173,0,0,0,1712,963,749,1356,562,794,1697,968,729,822,654,168,361,340,21,132,74,58,39,36,3,290,204,86,875,314,561,307,142,165,276,90,186,60,27,33,232,55,177,836,307,529,306,141,165,258,88,170,57,26,31,215,52,163,39,7,32,1,1,0,18,2,16,3,1,2,17,3,14,1371,557,814
29,573,0120,614700,0000,000000,KARNATAKA,Mandya,VILLAGE,Appugowdana Halli,Rural,494,2151,1115,1036,198,96,102,159,87,72,0,0,0,1124,647,477,1027,468,559,1085,662,423,842,583,259,412,391,21,293,110,183,12,10,2,125,72,53,243,79,164,63,29,34,123,28,95,7,1,6,50,21,29,204,70,134,61,29,32,98,20,78,7,1,6,38,20,18,39,9,30,2,0,2,25,8,17,0,0,0,12,1,11,1066,453,613
29,573,0120,614701,0000,000000,KARNATAKA,Mandya,VILLAGE,Kaluveeranahalli,Rural,134,550,287,263,57,25,32,23,14,9,0,0,0,305,185,120,245,102,143,255,182,73,164,142,22,104,103,1,9,4,5,0,0,0,51,35,16,91,40,51,1,1,0,67,26,41,0,0,0,23,13,10,86,39,47,1,1,0,63,25,38,0,0,0,22,13,9,5,1,4,0,0,0,4,1,3,0,0,0,1,0,1,295,105,190
29,573,0120,614702,0000,000000,KARNATAKA,Mandya,VILLAGE,Kandegala,Rural,523,2447,1266,1181,203,119,84,291,153,138,3,2,1,1201,702,499,1246,564,682,1049,843,206,854,784,70,604,574,30,144,126,18,5,4,1,101,80,21,195,59,136,57,3,54,136,54,82,0,0,0,2,2,0,193,58,135,55,2,53,136,54,82,0,0,0,2,2,0,2,1,1,2,1,1,0,0,0,0,0,0,0,0,0,1398,423,975
29,573,0120,614703,0000,000000,KARNATAKA,Mandya,VILLAGE,Gulagatta,Rural,234,927,486,441,83,47,36,13,8,5,1,1,0,517,297,220,410,189,221,425,315,110,380,292,88,361,278,83,9,6,3,1,1,0,9,7,2,45,23,22,6,0,6,23,12,11,5,2,3,11,9,2,36,18,18,6,0,6,23,12,11,3,2,1,4,4,0,9,5,4,0,0,0,0,0,0,2,0,2,7,5,2,502,171,331
29,573,0120,614704,0000,000000,KARNATAKA,Mandya,VILLAGE,Malavalli(Rural),Rural,544,2516,1281,1235,255,133,122,12,7,5,24,11,13,1529,847,682,987,434,553,979,782,197,968,777,191,467,434,33,343,205,138,3,3,0,155,135,20,11,5,6,2,0,2,5,3,2,0,0,0,4,2,2,10,4,6,2,0,2,4,2,2,0,0,0,4,2,2,1,1,0,0,0,0,1,1,0,0,0,0,0,0,0,1537,499,1038
29,573,0120,614705,0000,000000,KARNATAKA,Mandya,VILLAGE,Nidaghatta,Rural,584,2759,1399,1360,275,150,125,640,317,323,12,6,6,1776,991,785,983,408,575,1096,880,216,815,686,129,479,441,38,215,149,66,14,12,2,107,84,23,281,194,87,13,3,10,171,107,64,78,68,10,19,16,3,281,194,87,13,3,10,171,107,64,78,68,10,19,16,3,0,0,0,0,0,0,0,0,0,0,0,0,0,0,0,1663,519,1144
29,573,0120,614706,0000,000000,KARNATAKA,Mandya,VILLAGE,Ankanahalli,Rural,269,1146,598,548,86,48,38,53,27,26,0,0,0,674,392,282,472,206,266,610,395,215,447,357,90,293,264,29,96,48,48,3,2,1,55,43,12,163,38,125,74,17,57,63,6,57,4,0,4,22,15,7,158,36,122,71,17,54,62,5,57,4,0,4,21,14,7,5,2,3,3,0,3,1,1,0,0,0,0,1,1,0,536,203,333
29,573,0120,614707,0000,000000,KARNATAKA,Mandya,VILLAGE,Gowdagere,Rural,367,1483,757,726,143,78,65,692,357,335,0,0,0,946,519,427,537,238,299,900,511,389,833,479,354,199,161,38,558,256,302,13,10,3,63,52,11,67,32,35,8,6,2,44,13,31,0,0,0,15,13,2,67,32,35,8,6,2,44,13,31,0,0,0,15,13,2,0,0,0,0,0,0,0,0,0,0,0,0,0,0,0,583,246,337
29,573,0120,614708,0000,000000,KARNATAKA,Mandya,VILLAGE,Amrutheswaranahalli,Rural,381,1452,722,730,128,67,61,4,2,2,0,0,0,719,385,334,733,337,396,672,523,149,600,491,109,455,417,38,96,43,53,9,6,3,40,25,15,72,32,40,39,25,14,28,5,23,4,2,2,1,0,1,68,30,38,39,25,14,26,4,22,2,1,1,1,0,1,4,2,2,0,0,0,2,1,1,2,1,1,0,0,0,780,199,581
29,573,0120,614709,0000,000000,KARNATAKA,Mandya,VILLAGE,Kembuthagere,Rural,357,1541,802,739,186,99,87,199,102,97,0,0,0,799,464,335,742,338,404,717,475,242,321,305,16,288,284,4,5,5,0,5,3,2,23,13,10,396,170,226,127,7,120,231,128,103,0,0,0,38,35,3,396,170,226,127,7,120,231,128,103,0,0,0,38,35,3,0,0,0,0,0,0,0,0,0,0,0,0,0,0,0,824,327,497
29,573,0120,614710,0000,000000,KARNATAKA,Mandya,VILLAGE,Sahalli,Rural,228,1025,517,508,123,61,62,176,83,93,0,0,0,589,351,238,436,166,270,525,333,192,373,252,121,137,121,16,163,69,94,0,0,0,73,62,11,152,81,71,0,0,0,142,73,69,0,0,0,10,8,2,151,80,71,0,0,0,142,73,69,0,0,0,9,7,2,1,1,0,0,0,0,0,0,0,0,0,0,1,1,0,500,184,316
29,573,0120,614711,0000,000000,KARNATAKA,Mandya,VILLAGE,Hadli,Rural,342,1430,717,713,140,74,66,540,263,277,0,0,0,819,470,349,611,247,364,680,459,221,457,337,120,172,163,9,126,76,50,0,0,0,159,98,61,223,122,101,9,7,2,206,107,99,0,0,0,8,8,0,175,103,72,6,6,0,164,92,72,0,0,0,5,5,0,48,19,29,3,1,2,42,15,27,0,0,0,3,3,0,750,258,492
29,573,0120,614712,0000,000000,KARNATAKA,Mandya,VILLAGE,Kodipura,Rural,335,1490,757,733,147,79,68,0,0,0,5,3,2,886,500,386,604,257,347,778,488,290,756,481,275,320,218,102,257,130,127,0,0,0,179,133,46,22,7,15,0,0,0,10,2,8,0,0,0,12,5,7,21,7,14,0,0,0,10,2,8,0,0,0,11,5,6,1,0,1,0,0,0,0,0,0,0,0,0,1,0,1,712,269,443
29,573,0120,614713,0000,000000,KARNATAKA,Mandya,VILLAGE,Koonanapura,Rural,111,476,239,237,44,24,20,203,105,98,0,0,0,249,143,106,227,96,131,277,155,122,267,149,118,73,48,25,125,63,62,3,2,1,66,36,30,10,6,4,7,4,3,1,0,1,0,0,0,2,2,0,6,2,4,5,2,3,1,0,1,0,0,0,0,0,0,4,4,0,2,2,0,0,0,0,0,0,0,2,2,0,199,84,115
29,573,0120,614714,0000,000000,KARNATAKA,Mandya,VILLAGE,Jogipura,Rural,113,450,231,219,48,28,20,106,51,55,0,0,0,241,146,95,209,85,124,204,160,44,203,160,43,114,113,1,69,34,35,8,4,4,12,9,3,1,0,1,0,0,0,1,0,1,0,0,0,0,0,0,1,0,1,0,0,0,1,0,1,0,0,0,0,0,0,0,0,0,0,0,0,0,0,0,0,0,0,0,0,0,246,71,175
29,573,0120,614715,0000,000000,KARNATAKA,Mandya,VILLAGE,Agasanapura,Rural,417,1773,922,851,161,84,77,664,340,324,0,0,0,1068,610,458,705,312,393,924,585,339,583,422,161,283,233,50,92,43,49,9,4,5,199,142,57,341,163,178,6,3,3,151,68,83,6,2,4,178,90,88,326,157,169,6,3,3,146,66,80,6,2,4,168,86,82,15,6,9,0,0,0,5,2,3,0,0,0,10,4,6,849,337,512
29,573,0120,614716,0000,000000,KARNATAKA,Mandya,VILLAGE,Banagahalli,Rural,115,537,264,273,37,22,15,7,2,5,0,0,0,299,156,143,238,108,130,260,170,90,145,102,43,61,51,10,59,34,25,0,0,0,25,17,8,115,68,47,78,48,30,23,11,12,1,1,0,13,8,5,85,49,36,70,43,27,6,0,6,0,0,0,9,6,3,30,19,11,8,5,3,17,11,6,1,1,0,4,2,2,277,94,183
29,573,0120,614717,0000,000000,KARNATAKA,Mandya,VILLAGE,Chandupura,Rural,0,0,0,0,0,0,0,0,0,0,0,0,0,0,0,0,0,0,0,0,0,0,0,0,0,0,0,0,0,0,0,0,0,0,0,0,0,0,0,0,0,0,0,0,0,0,0,0,0,0,0,0,0,0,0,0,0,0,0,0,0,0,0,0,0,0,0,0,0,0,0,0,0,0,0,0,0,0,0,0,0,0,0,0,0
29,573,0120,614718,0000,000000,KARNATAKA,Mandya,VILLAGE,M.Shivapura,Rural,0,0,0,0,0,0,0,0,0,0,0,0,0,0,0,0,0,0,0,0,0,0,0,0,0,0,0,0,0,0,0,0,0,0,0,0,0,0,0,0,0,0,0,0,0,0,0,0,0,0,0,0,0,0,0,0,0,0,0,0,0,0,0,0,0,0,0,0,0,0,0,0,0,0,0,0,0,0,0,0,0,0,0,0,0
29,573,0120,614719,0000,000000,KARNATAKA,Mandya,VILLAGE,Huskur,Rural,1139,4763,2325,2438,481,238,243,855,433,422,15,6,9,2361,1322,1039,2402,1003,1399,2447,1536,911,2350,1486,864,610,530,80,1556,815,741,3,2,1,181,139,42,97,50,47,10,6,4,77,38,39,1,0,1,9,6,3,93,48,45,9,5,4,76,38,38,0,0,0,8,5,3,4,2,2,1,1,0,1,0,1,1,0,1,1,1,0,2316,789,1527
29,573,0120,614720,0000,000000,KARNATAKA,Mandya,VILLAGE,Kaladevanahalli,Rural,0,0,0,0,0,0,0,0,0,0,0,0,0,0,0,0,0,0,0,0,0,0,0,0,0,0,0,0,0,0,0,0,0,0,0,0,0,0,0,0,0,0,0,0,0,0,0,0,0,0,0,0,0,0,0,0,0,0,0,0,0,0,0,0,0,0,0,0,0,0,0,0,0,0,0,0,0,0,0,0,0,0,0,0,0
29,573,0120,614721,0000,000000,KARNATAKA,Mandya,VILLAGE,Hosapura,Rural,117,505,265,240,57,36,21,135,66,69,0,0,0,237,138,99,268,127,141,229,169,60,226,168,58,113,104,9,94,52,42,0,0,0,19,12,7,3,1,2,1,1,0,2,0,2,0,0,0,0,0,0,3,1,2,1,1,0,2,0,2,0,0,0,0,0,0,0,0,0,0,0,0,0,0,0,0,0,0,0,0,0,276,96,180
29,573,0120,614722,0000,000000,KARNATAKA,Mandya,VILLAGE,Aslishivapura,Rural,0,0,0,0,0,0,0,0,0,0,0,0,0,0,0,0,0,0,0,0,0,0,0,0,0,0,0,0,0,0,0,0,0,0,0,0,0,0,0,0,0,0,0,0,0,0,0,0,0,0,0,0,0,0,0,0,0,0,0,0,0,0,0,0,0,0,0,0,0,0,0,0,0,0,0,0,0,0,0,0,0,0,0,0,0
29,573,0120,614723,0000,000000,KARNATAKA,Mandya,VILLAGE,Belathur,Rural,194,799,378,421,59,26,33,358,170,188,0,0,0,431,227,204,368,151,217,492,249,243,337,226,111,213,160,53,99,46,53,0,0,0,25,20,5,155,23,132,42,4,38,71,5,66,1,0,1,41,14,27,145,20,125,40,3,37,69,5,64,1,0,1,35,12,23,10,3,7,2,1,1,2,0,2,0,0,0,6,2,4,307,129,178
29,573,0120,614724,0000,000000,KARNATAKA,Mandya,VILLAGE,Yethambadi,Rural,366,1669,872,797,170,102,68,152,80,72,66,39,27,941,564,377,728,308,420,642,523,119,511,426,85,314,299,15,40,19,21,44,35,9,113,73,40,131,97,34,91,89,2,3,0,3,6,3,3,31,5,26,103,94,9,91,89,2,3,0,3,6,3,3,3,2,1,28,3,25,0,0,0,0,0,0,0,0,0,28,3,25,1027,349,678
29,573,0120,614725,0000,000000,KARNATAKA,Mandya,VILLAGE,Antharavalli,Rural,395,1826,894,932,151,77,74,301,142,159,0,0,0,1113,619,494,713,275,438,860,594,266,841,576,265,167,156,11,606,365,241,8,8,0,60,47,13,19,18,1,6,6,0,8,7,1,0,0,0,5,5,0,19,18,1,6,6,0,8,7,1,0,0,0,5,5,0,0,0,0,0,0,0,0,0,0,0,0,0,0,0,0,966,300,666
29,573,0120,614726,0000,000000,KARNATAKA,Mandya,VILLAGE,Hullahalli,Rural,319,1252,644,608,108,58,50,117,61,56,0,0,0,766,425,341,486,219,267,510,437,73,501,435,66,303,297,6,91,46,45,0,0,0,107,92,15,9,2,7,1,0,1,4,1,3,0,0,0,4,1,3,9,2,7,1,0,1,4,1,3,0,0,0,4,1,3,0,0,0,0,0,0,0,0,0,0,0,0,0,0,0,742,207,535
29,573,0120,614727,0000,000000,KARNATAKA,Mandya,VILLAGE,Channipura,Rural,323,1400,738,662,144,72,72,5,2,3,0,0,0,886,526,360,514,212,302,588,507,81,482,439,43,335,329,6,135,106,29,3,1,2,9,3,6,106,68,38,4,2,2,80,47,33,2,2,0,20,17,3,89,53,36,4,2,2,66,33,33,2,2,0,17,16,1,17,15,2,0,0,0,14,14,0,0,0,0,3,1,2,812,231,581
29,573,0120,614728,0000,000000,KARNATAKA,Mandya,VILLAGE,Hullagala,Rural,323,1508,756,752,160,82,78,144,74,70,11,5,6,860,491,369,648,265,383,700,499,201,646,480,166,296,278,18,137,58,79,4,4,0,209,140,69,54,19,35,3,0,3,26,7,19,7,3,4,18,9,9,47,15,32,2,0,2,26,7,19,7,3,4,12,5,7,7,4,3,1,0,1,0,0,0,0,0,0,6,4,2,808,257,551
29,573,0120,614729,0000,000000,KARNATAKA,Mandya,VILLAGE,Dadamahalli,Rural,268,1282,647,635,148,67,81,270,129,141,0,0,0,770,441,329,512,206,306,843,458,385,810,443,367,522,289,233,154,66,88,7,2,5,127,86,41,33,15,18,5,2,3,1,1,0,2,1,1,25,11,14,33,15,18,5,2,3,1,1,0,2,1,1,25,11,14,0,0,0,0,0,0,0,0,0,0,0,0,0,0,0,439,189,250
29,573,0120,614730,0000,000000,KARNATAKA,Mandya,VILLAGE,Kiragasur,Rural,0,0,0,0,0,0,0,0,0,0,0,0,0,0,0,0,0,0,0,0,0,0,0,0,0,0,0,0,0,0,0,0,0,0,0,0,0,0,0,0,0,0,0,0,0,0,0,0,0,0,0,0,0,0,0,0,0,0,0,0,0,0,0,0,0,0,0,0,0,0,0,0,0,0,0,0,0,0,0,0,0,0,0,0,0
29,573,0120,614731,0000,000000,KARNATAKA,Mandya,VILLAGE,Banasamudra,Rural,705,2985,1492,1493,255,126,129,392,200,192,0,0,0,1669,924,745,1316,568,748,1923,1020,903,1632,929,703,282,254,28,1064,461,603,3,3,0,283,211,72,291,91,200,118,28,90,80,26,54,0,0,0,93,37,56,257,79,178,96,22,74,71,21,50,0,0,0,90,36,54,34,12,22,22,6,16,9,5,4,0,0,0,3,1,2,1062,472,590
29,573,0120,614732,0000,000000,KARNATAKA,Mandya,VILLAGE,Kaggalipura,Rural,54,225,114,111,25,11,14,111,57,54,0,0,0,106,68,38,119,46,73,149,70,79,148,69,79,6,6,0,138,60,78,0,0,0,4,3,1,1,1,0,0,0,0,0,0,0,0,0,0,1,1,0,1,1,0,0,0,0,0,0,0,0,0,0,1,1,0,0,0,0,0,0,0,0,0,0,0,0,0,0,0,0,76,44,32
29,573,0120,614733,0000,000000,KARNATAKA,Mandya,VILLAGE,Konnapura,Rural,82,335,177,158,40,21,19,158,88,70,0,0,0,146,88,58,189,89,100,218,113,105,218,113,105,39,39,0,178,74,104,0,0,0,1,0,1,0,0,0,0,0,0,0,0,0,0,0,0,0,0,0,0,0,0,0,0,0,0,0,0,0,0,0,0,0,0,0,0,0,0,0,0,0,0,0,0,0,0,0,0,0,117,64,53
29,573,0120,614734,0000,000000,KARNATAKA,Mandya,VILLAGE,Halasahalli,Rural,559,2463,1214,1249,237,125,112,1207,586,621,0,0,0,1555,848,707,908,366,542,1065,721,344,942,712,230,441,408,33,408,232,176,0,0,0,93,72,21,123,9,114,7,3,4,113,6,107,0,0,0,3,0,3,122,9,113,7,3,4,112,6,106,0,0,0,3,0,3,1,0,1,0,0,0,1,0,1,0,0,0,0,0,0,1398,493,905
29,573,0120,614735,0000,000000,KARNATAKA,Mandya,VILLAGE,Dhanagur,Rural,585,2608,1306,1302,299,160,139,674,344,330,0,0,0,1501,826,675,1107,480,627,1115,770,345,1057,757,300,290,243,47,398,229,169,7,2,5,362,283,79,58,13,45,4,4,0,41,5,36,0,0,0,13,4,9,52,11,41,4,4,0,41,5,36,0,0,0,7,2,5,6,2,4,0,0,0,0,0,0,0,0,0,6,2,4,1493,536,957
29,573,0120,614736,0000,000000,KARNATAKA,Mandya,VILLAGE,Linganapura,Rural,159,619,309,310,86,44,42,21,10,11,0,0,0,296,173,123,323,136,187,407,208,199,405,206,199,8,5,3,393,200,193,2,0,2,2,1,1,2,2,0,0,0,0,2,2,0,0,0,0,0,0,0,2,2,0,0,0,0,2,2,0,0,0,0,0,0,0,0,0,0,0,0,0,0,0,0,0,0,0,0,0,0,212,101,111
29,573,0120,614737,0000,000000,KARNATAKA,Mandya,VILLAGE,Gramadevathepura,Rural,117,386,185,201,44,18,26,6,3,3,0,0,0,225,124,101,161,61,100,129,110,19,121,106,15,26,24,2,39,36,3,0,0,0,56,46,10,8,4,4,3,2,1,4,2,2,0,0,0,1,0,1,8,4,4,3,2,1,4,2,2,0,0,0,1,0,1,0,0,0,0,0,0,0,0,0,0,0,0,0,0,0,257,75,182
29,573,0120,614738,0000,000000,KARNATAKA,Mandya,VILLAGE,Basavanpura,Rural,212,913,475,438,67,31,36,158,82,76,0,0,0,648,363,285,265,112,153,368,259,109,70,64,6,12,12,0,8,6,2,4,3,1,46,43,3,298,195,103,3,2,1,8,7,1,1,1,0,286,185,101,288,185,103,3,2,1,2,1,1,1,1,0,282,181,101,10,10,0,0,0,0,6,6,0,0,0,0,4,4,0,545,216,329
29,573,0120,614739,0000,000000,KARNATAKA,Mandya,VILLAGE,Nadakalapura,Rural,357,1486,769,717,161,96,65,646,338,308,0,0,0,931,523,408,555,246,309,744,472,272,725,464,261,146,97,49,384,218,166,3,3,0,192,146,46,19,8,11,2,1,1,4,3,1,0,0,0,13,4,9,19,8,11,2,1,1,4,3,1,0,0,0,13,4,9,0,0,0,0,0,0,0,0,0,0,0,0,0,0,0,742,297,445
29,573,0120,614740,0000,000000,KARNATAKA,Mandya,VILLAGE,Megalapura,Rural,294,1187,623,564,96,55,41,178,94,84,34,14,20,713,421,292,474,202,272,496,387,109,452,357,95,199,182,17,79,35,44,0,0,0,174,140,34,44,30,14,0,0,0,13,7,6,3,2,1,28,21,7,27,18,9,0,0,0,11,5,6,3,2,1,13,11,2,17,12,5,0,0,0,2,2,0,0,0,0,15,10,5,691,236,455
29,573,0120,614741,0000,000000,KARNATAKA,Mandya,VILLAGE,Kamsagara,Rural,194,880,449,431,77,44,33,15,8,7,0,0,0,529,313,216,351,136,215,453,269,184,431,261,170,326,196,130,34,13,21,1,0,1,70,52,18,22,8,14,17,6,11,3,0,3,0,0,0,2,2,0,22,8,14,17,6,11,3,0,3,0,0,0,2,2,0,0,0,0,0,0,0,0,0,0,0,0,0,0,0,0,427,180,247
29,573,0120,614742,0000,000000,KARNATAKA,Mandya,VILLAGE,Thuraganur,Rural,102,418,214,204,39,21,18,0,0,0,12,8,4,264,145,119,154,69,85,228,149,79,163,140,23,97,95,2,48,33,15,0,0,0,18,12,6,65,9,56,2,1,1,48,6,42,0,0,0,15,2,13,65,9,56,2,1,1,48,6,42,0,0,0,15,2,13,0,0,0,0,0,0,0,0,0,0,0,0,0,0,0,190,65,125
29,573,0120,614743,0000,000000,KARNATAKA,Mandya,VILLAGE,Attuvanahalli,Rural,71,304,157,147,28,15,13,259,134,125,0,0,0,217,120,97,87,37,50,159,107,52,123,102,21,37,36,1,32,16,16,0,0,0,54,50,4,36,5,31,0,0,0,27,3,24,0,0,0,9,2,7,36,5,31,0,0,0,27,3,24,0,0,0,9,2,7,0,0,0,0,0,0,0,0,0,0,0,0,0,0,0,145,50,95
29,573,0120,614744,0000,000000,KARNATAKA,Mandya,VILLAGE,Alada Halli,Rural,215,882,439,443,92,49,43,0,0,0,0,0,0,526,289,237,356,150,206,365,265,100,243,197,46,135,121,14,21,11,10,0,0,0,87,65,22,122,68,54,3,0,3,94,60,34,1,0,1,24,8,16,95,57,38,3,0,3,72,53,19,1,0,1,19,4,15,27,11,16,0,0,0,22,7,15,0,0,0,5,4,1,517,174,343
29,573,0120,614745,0000,000000,KARNATAKA,Mandya,VILLAGE,Gajanur,Rural,276,1156,586,570,95,48,47,153,76,77,0,0,0,713,419,294,443,167,276,740,383,357,539,353,186,433,301,132,74,32,42,6,3,3,26,17,9,201,30,171,40,13,27,150,12,138,0,0,0,11,5,6,193,27,166,39,12,27,144,11,133,0,0,0,10,4,6,8,3,5,1,1,0,6,1,5,0,0,0,1,1,0,416,203,213
29,573,0120,614746,0000,000000,KARNATAKA,Mandya,VILLAGE,Voddarahalli,Rural,387,1513,771,742,117,62,55,542,270,272,0,0,0,840,504,336,673,267,406,1025,528,497,907,472,435,581,356,225,244,65,179,10,7,3,72,44,28,118,56,62,41,21,20,37,8,29,0,0,0,40,27,13,116,54,62,40,20,20,36,7,29,0,0,0,40,27,13,2,2,0,1,1,0,1,1,0,0,0,0,0,0,0,488,243,245
29,573,0120,614747,0000,000000,KARNATAKA,Mandya,VILLAGE,Marehalli,Rural,157,656,317,339,64,27,37,30,14,16,0,0,0,383,225,158,273,92,181,421,210,211,370,173,197,172,135,37,167,12,155,1,1,0,30,25,5,51,37,14,1,1,0,1,0,1,10,7,3,39,29,10,49,35,14,1,1,0,1,0,1,10,7,3,37,27,10,2,2,0,0,0,0,0,0,0,0,0,0,2,2,0,235,107,128
29,573,0120,614748,0000,000000,KARNATAKA,Mandya,VILLAGE,Ravani,Rural,588,2439,1211,1228,188,100,88,529,253,276,1,1,0,1520,852,668,919,359,560,1223,769,454,1202,757,445,667,402,265,312,171,141,0,0,0,223,184,39,21,12,9,7,4,3,6,1,5,0,0,0,8,7,1,19,10,9,5,2,3,6,1,5,0,0,0,8,7,1,2,2,0,2,2,0,0,0,0,0,0,0,0,0,0,1216,442,774
29,573,0120,614749,0000,000000,KARNATAKA,Mandya,VILLAGE,Devalinganapura,Rural,0,0,0,0,0,0,0,0,0,0,0,0,0,0,0,0,0,0,0,0,0,0,0,0,0,0,0,0,0,0,0,0,0,0,0,0,0,0,0,0,0,0,0,0,0,0,0,0,0,0,0,0,0,0,0,0,0,0,0,0,0,0,0,0,0,0,0,0,0,0,0,0,0,0,0,0,0,0,0,0,0,0,0,0,0
29,573,0120,614750,0000,000000,KARNATAKA,Mandya,VILLAGE,Savandipura,Rural,93,426,216,210,36,15,21,0,0,0,0,0,0,238,142,96,188,74,114,261,155,106,261,155,106,253,153,100,4,1,3,0,0,0,4,1,3,0,0,0,0,0,0,0,0,0,0,0,0,0,0,0,0,0,0,0,0,0,0,0,0,0,0,0,0,0,0,0,0,0,0,0,0,0,0,0,0,0,0,0,0,0,165,61,104
29,573,0120,614751,0000,000000,KARNATAKA,Mandya,VILLAGE,Sagyasaragur,Rural,300,1264,642,622,101,51,50,279,149,130,0,0,0,722,406,316,542,236,306,731,417,314,722,414,308,507,298,209,179,94,85,1,1,0,35,21,14,9,3,6,1,1,0,3,0,3,1,1,0,4,1,3,9,3,6,1,1,0,3,0,3,1,1,0,4,1,3,0,0,0,0,0,0,0,0,0,0,0,0,0,0,0,533,225,308
29,573,0120,614752,0000,000000,KARNATAKA,Mandya,VILLAGE,Nitturhalasahalli,Rural,258,1045,506,539,71,31,40,398,196,202,0,0,0,571,312,259,474,194,280,449,324,125,389,312,77,194,190,4,127,82,45,0,0,0,68,40,28,60,12,48,47,8,39,9,1,8,0,0,0,4,3,1,36,12,24,28,8,20,4,1,3,0,0,0,4,3,1,24,0,24,19,0,19,5,0,5,0,0,0,0,0,0,596,182,414
29,573,0120,614753,0000,000000,KARNATAKA,Mandya,VILLAGE,Kunthur,Rural,215,953,472,481,113,53,60,178,91,87,0,0,0,537,313,224,416,159,257,412,292,120,367,277,90,113,110,3,101,44,57,2,1,1,151,122,29,45,15,30,29,10,19,13,3,10,0,0,0,3,2,1,25,12,13,13,8,5,10,2,8,0,0,0,2,2,0,20,3,17,16,2,14,3,1,2,0,0,0,1,0,1,541,180,361
29,573,0120,614754,0000,000000,KARNATAKA,Mandya,VILLAGE,Lingapatna,Rural,777,3123,1527,1596,261,130,131,261,124,137,1,1,0,1948,1107,841,1175,420,755,1743,1045,698,1443,978,465,1151,764,387,73,35,38,22,14,8,197,165,32,300,67,233,75,8,67,155,48,107,9,0,9,61,11,50,49,16,33,15,4,11,20,9,11,1,0,1,13,3,10,251,51,200,60,4,56,135,39,96,8,0,8,48,8,40,1380,482,898
29,573,0120,614755,0000,000000,KARNATAKA,Mandya,VILLAGE,Nittur,Rural,468,2107,1068,1039,183,109,74,74,34,40,0,0,0,1109,627,482,998,441,557,1304,714,590,1264,700,564,537,380,157,529,205,324,40,4,36,158,111,47,40,14,26,9,3,6,26,6,20,0,0,0,5,5,0,33,11,22,8,3,5,21,4,17,0,0,0,4,4,0,7,3,4,1,0,1,5,2,3,0,0,0,1,1,0,803,354,449
29,573,0120,614756,0000,000000,KARNATAKA,Mandya,VILLAGE,Ankanahalli,Rural,75,341,174,167,24,12,12,60,27,33,0,0,0,204,118,86,137,56,81,122,101,21,107,100,7,101,97,4,1,0,1,0,0,0,5,3,2,15,1,14,0,0,0,15,1,14,0,0,0,0,0,0,15,1,14,0,0,0,15,1,14,0,0,0,0,0,0,0,0,0,0,0,0,0,0,0,0,0,0,0,0,0,219,73,146
29,573,0120,614757,0000,000000,KARNATAKA,Mandya,VILLAGE,Maragowdanahalli,Rural,337,1478,751,727,158,89,69,449,235,214,1,1,0,967,548,419,511,203,308,601,440,161,491,405,86,331,296,35,64,34,30,9,9,0,87,66,21,110,35,75,8,4,4,88,26,62,2,0,2,12,5,7,98,34,64,8,4,4,79,26,53,2,0,2,9,4,5,12,1,11,0,0,0,9,0,9,0,0,0,3,1,2,877,311,566
29,573,0120,614758,0000,000000,KARNATAKA,Mandya,VILLAGE,Nitthur Kodihalli,Rural,139,758,379,379,56,27,29,0,0,0,5,1,4,429,247,182,329,132,197,428,243,185,418,240,178,199,126,73,150,61,89,1,1,0,68,52,16,10,3,7,4,1,3,5,1,4,0,0,0,1,1,0,10,3,7,4,1,3,5,1,4,0,0,0,1,1,0,0,0,0,0,0,0,0,0,0,0,0,0,0,0,0,330,136,194
29,573,0120,614759,0000,000000,KARNATAKA,Mandya,VILLAGE,Karadahalli,Rural,46,218,117,101,20,9,11,0,0,0,0,0,0,115,72,43,103,45,58,35,33,2,28,28,0,18,18,0,3,3,0,0,0,0,7,7,0,7,5,2,0,0,0,7,5,2,0,0,0,0,0,0,7,5,2,0,0,0,7,5,2,0,0,0,0,0,0,0,0,0,0,0,0,0,0,0,0,0,0,0,0,0,183,84,99
29,573,0120,614760,0000,000000,KARNATAKA,Mandya,VILLAGE,Vodeyarabasapura,Rural,215,839,425,414,68,40,28,141,75,66,40,23,17,504,288,216,335,137,198,441,273,168,407,261,146,372,244,128,14,7,7,7,1,6,14,9,5,34,12,22,13,3,10,20,9,11,0,0,0,1,0,1,33,12,21,13,3,10,20,9,11,0,0,0,0,0,0,1,0,1,0,0,0,0,0,0,0,0,0,1,0,1,398,152,246
29,573,0120,614761,0000,000000,KARNATAKA,Mandya,VILLAGE,Handanahalli,Rural,82,323,166,157,22,15,7,0,0,0,3,2,1,202,120,82,121,46,75,132,113,19,121,112,9,115,107,8,0,0,0,3,2,1,3,3,0,11,1,10,0,0,0,9,1,8,0,0,0,2,0,2,11,1,10,0,0,0,9,1,8,0,0,0,2,0,2,0,0,0,0,0,0,0,0,0,0,0,0,0,0,0,191,53,138
29,573,0120,614762,0000,000000,KARNATAKA,Mandya,VILLAGE,Kodipura,Rural,0,0,0,0,0,0,0,0,0,0,0,0,0,0,0,0,0,0,0,0,0,0,0,0,0,0,0,0,0,0,0,0,0,0,0,0,0,0,0,0,0,0,0,0,0,0,0,0,0,0,0,0,0,0,0,0,0,0,0,0,0,0,0,0,0,0,0,0,0,0,0,0,0,0,0,0,0,0,0,0,0,0,0,0,0
29,573,0120,614763,0000,000000,KARNATAKA,Mandya,VILLAGE,Veerajithimmanadoddi,Rural,0,0,0,0,0,0,0,0,0,0,0,0,0,0,0,0,0,0,0,0,0,0,0,0,0,0,0,0,0,0,0,0,0,0,0,0,0,0,0,0,0,0,0,0,0,0,0,0,0,0,0,0,0,0,0,0,0,0,0,0,0,0,0,0,0,0,0,0,0,0,0,0,0,0,0,0,0,0,0,0,0,0,0,0,0
29,573,0120,614764,0000,000000,KARNATAKA,Mandya,VILLAGE,Juganahalli,Rural,112,448,227,221,47,21,26,266,137,129,0,0,0,280,162,118,168,65,103,321,166,155,319,166,153,309,162,147,0,0,0,0,0,0,10,4,6,2,0,2,0,0,0,0,0,0,0,0,0,2,0,2,0,0,0,0,0,0,0,0,0,0,0,0,0,0,0,2,0,2,0,0,0,0,0,0,0,0,0,2,0,2,127,61,66
29,573,0120,614765,0000,000000,KARNATAKA,Mandya,VILLAGE,Balehonniga,Rural,360,1473,731,742,171,79,92,269,126,143,0,0,0,721,401,320,752,330,422,710,458,252,650,432,218,165,132,33,95,62,33,5,4,1,385,234,151,60,26,34,2,0,2,5,3,2,1,0,1,52,23,29,48,21,27,1,0,1,4,2,2,0,0,0,43,19,24,12,5,7,1,0,1,1,1,0,1,0,1,9,4,5,763,273,490
29,573,0120,614766,0000,000000,KARNATAKA,Mandya,VILLAGE,Dalavaikodihalli,Rural,585,2515,1256,1259,214,107,107,379,192,187,97,49,48,1513,852,661,1002,404,598,1353,826,527,972,586,386,210,157,53,587,297,290,4,4,0,171,128,43,381,240,141,86,60,26,140,75,65,3,2,1,152,103,49,280,178,102,77,54,23,108,58,50,1,0,1,94,66,28,101,62,39,9,6,3,32,17,15,2,2,0,58,37,21,1162,430,732
29,573,0120,614767,0000,000000,KARNATAKA,Mandya,VILLAGE,Deveerahalli,Rural,167,756,391,365,56,32,24,0,0,0,2,1,1,421,243,178,335,148,187,460,249,211,98,73,25,69,59,10,21,8,13,0,0,0,8,6,2,362,176,186,168,88,80,171,79,92,21,9,12,2,0,2,315,160,155,156,83,73,140,69,71,17,8,9,2,0,2,47,16,31,12,5,7,31,10,21,4,1,3,0,0,0,296,142,154
29,573,0120,614768,0000,000000,KARNATAKA,Mandya,VILLAGE,Kempainadoddi,Rural,180,710,349,361,49,30,19,4,2,2,18,11,7,399,216,183,311,133,178,280,222,58,277,220,57,138,127,11,67,36,31,0,0,0,72,57,15,3,2,1,1,1,0,0,0,0,0,0,0,2,1,1,3,2,1,1,1,0,0,0,0,0,0,0,2,1,1,0,0,0,0,0,0,0,0,0,0,0,0,0,0,0,430,127,303
29,573,0120,614769,0000,000000,KARNATAKA,Mandya,VILLAGE,Nandipura,Rural,137,553,270,283,24,10,14,90,41,49,63,31,32,369,198,171,184,72,112,292,183,109,292,183,109,261,168,93,22,11,11,0,0,0,9,4,5,0,0,0,0,0,0,0,0,0,0,0,0,0,0,0,0,0,0,0,0,0,0,0,0,0,0,0,0,0,0,0,0,0,0,0,0,0,0,0,0,0,0,0,0,0,261,87,174
29,573,0120,614770,0000,000000,KARNATAKA,Mandya,VILLAGE,Gundapura,Rural,280,1169,594,575,91,51,40,385,196,189,98,50,48,775,442,333,394,152,242,427,346,81,401,338,63,196,182,14,80,48,32,1,1,0,124,107,17,26,8,18,1,0,1,20,3,17,0,0,0,5,5,0,26,8,18,1,0,1,20,3,17,0,0,0,5,5,0,0,0,0,0,0,0,0,0,0,0,0,0,0,0,0,742,248,494
29,573,0120,614771,0000,000000,KARNATAKA,Mandya,VILLAGE,Hosapetebasavapura,Rural,214,917,462,455,85,40,45,395,195,200,108,54,54,514,287,227,403,175,228,473,307,166,431,300,131,202,156,46,136,64,72,8,6,2,85,74,11,42,7,35,4,2,2,31,1,30,0,0,0,7,4,3,42,7,35,4,2,2,31,1,30,0,0,0,7,4,3,0,0,0,0,0,0,0,0,0,0,0,0,0,0,0,444,155,289
29,573,0120,614772,0000,000000,KARNATAKA,Mandya,VILLAGE,Hagadur,Rural,111,464,229,235,40,22,18,73,34,39,0,0,0,295,158,137,169,71,98,309,149,160,304,146,158,297,143,154,3,1,2,0,0,0,4,2,2,5,3,2,4,2,2,0,0,0,0,0,0,1,1,0,4,3,1,3,2,1,0,0,0,0,0,0,1,1,0,1,0,1,1,0,1,0,0,0,0,0,0,0,0,0,155,80,75
29,573,0120,614773,0000,000000,KARNATAKA,Mandya,VILLAGE,Shivanahalli,Rural,0,0,0,0,0,0,0,0,0,0,0,0,0,0,0,0,0,0,0,0,0,0,0,0,0,0,0,0,0,0,0,0,0,0,0,0,0,0,0,0,0,0,0,0,0,0,0,0,0,0,0,0,0,0,0,0,0,0,0,0,0,0,0,0,0,0,0,0,0,0,0,0,0,0,0,0,0,0,0,0,0,0,0,0,0
29,573,0120,614774,0000,000000,KARNATAKA,Mandya,VILLAGE,Gollarahalli,Rural,307,1453,719,734,159,79,80,4,2,2,0,0,0,796,440,356,657,279,378,733,482,251,726,481,245,122,103,19,592,370,222,0,0,0,12,8,4,7,1,6,4,1,3,2,0,2,1,0,1,0,0,0,6,1,5,4,1,3,2,0,2,0,0,0,0,0,0,1,0,1,0,0,0,0,0,0,1,0,1,0,0,0,720,237,483
29,573,0120,614775,0000,000000,KARNATAKA,Mandya,VILLAGE,Halaguru,Rural,2309,10176,5107,5069,1008,524,484,1173,604,569,231,121,110,7295,3922,3373,2881,1185,1696,4056,3018,1038,3697,2846,851,726,558,168,198,115,83,104,43,61,2669,2130,539,359,172,187,39,16,23,95,38,57,34,12,22,191,106,85,309,143,166,34,13,21,82,27,55,27,7,20,166,96,70,50,29,21,5,3,2,13,11,2,7,5,2,25,10,15,6120,2089,4031
29,573,0120,614776,0000,000000,KARNATAKA,Mandya,VILLAGE,Halaganadoddi,Rural,0,0,0,0,0,0,0,0,0,0,0,0,0,0,0,0,0,0,0,0,0,0,0,0,0,0,0,0,0,0,0,0,0,0,0,0,0,0,0,0,0,0,0,0,0,0,0,0,0,0,0,0,0,0,0,0,0,0,0,0,0,0,0,0,0,0,0,0,0,0,0,0,0,0,0,0,0,0,0,0,0,0,0,0,0
29,573,0120,614777,0000,000000,KARNATAKA,Mandya,VILLAGE,Chillapura,Rural,50,202,93,109,15,11,4,119,53,66,0,0,0,104,52,52,98,41,57,118,62,56,112,57,55,7,3,4,9,4,5,0,0,0,96,50,46,6,5,1,0,0,0,0,0,0,0,0,0,6,5,1,6,5,1,0,0,0,0,0,0,0,0,0,6,5,1,0,0,0,0,0,0,0,0,0,0,0,0,0,0,0,84,31,53
29,573,0120,614778,0000,000000,KARNATAKA,Mandya,VILLAGE,Thorekadanahalli,Rural,460,1839,964,875,144,78,66,1065,556,509,9,6,3,1267,739,528,572,225,347,877,583,294,753,531,222,177,130,47,116,53,63,14,9,5,446,339,107,124,52,72,30,3,27,25,12,13,3,1,2,66,36,30,96,46,50,18,3,15,21,12,9,2,1,1,55,30,25,28,6,22,12,0,12,4,0,4,1,0,1,11,6,5,962,381,581
29,573,0120,614779,0000,000000,KARNATAKA,Mandya,VILLAGE,Nanjapura,Rural,73,341,174,167,40,19,21,26,13,13,0,0,0,169,98,71,172,76,96,231,115,116,231,115,116,231,115,116,0,0,0,0,0,0,0,0,0,0,0,0,0,0,0,0,0,0,0,0,0,0,0,0,0,0,0,0,0,0,0,0,0,0,0,0,0,0,0,0,0,0,0,0,0,0,0,0,0,0,0,0,0,0,110,59,51
29,573,0120,614780,0000,000000,KARNATAKA,Mandya,VILLAGE,Chikkayelachagere,Rural,51,217,112,105,25,11,14,0,0,0,0,0,0,148,83,65,69,29,40,143,73,70,143,73,70,143,73,70,0,0,0,0,0,0,0,0,0,0,0,0,0,0,0,0,0,0,0,0,0,0,0,0,0,0,0,0,0,0,0,0,0,0,0,0,0,0,0,0,0,0,0,0,0,0,0,0,0,0,0,0,0,0,74,39,35
29,573,0120,614781,0000,000000,KARNATAKA,Mandya,VILLAGE,Halagapura,Rural,8,43,25,18,8,6,2,0,0,0,0,0,0,22,14,8,21,11,10,34,19,15,34,19,15,34,19,15,0,0,0,0,0,0,0,0,0,0,0,0,0,0,0,0,0,0,0,0,0,0,0,0,0,0,0,0,0,0,0,0,0,0,0,0,0,0,0,0,0,0,0,0,0,0,0,0,0,0,0,0,0,0,9,6,3
29,573,0120,614782,0000,000000,KARNATAKA,Mandya,VILLAGE,Doddayelachagere,Rural,200,844,429,415,81,50,31,198,100,98,0,0,0,403,231,172,441,198,243,563,316,247,306,241,65,169,136,33,35,19,16,0,0,0,102,86,16,257,75,182,140,32,108,66,26,40,1,0,1,50,17,33,165,34,131,87,7,80,51,22,29,1,0,1,26,5,21,92,41,51,53,25,28,15,4,11,0,0,0,24,12,12,281,113,168
29,573,0120,614783,0000,000000,KARNATAKA,Mandya,VILLAGE,Madahalli,Rural,122,519,267,252,49,26,23,0,0,0,0,0,0,246,135,111,273,132,141,306,182,124,305,181,124,195,124,71,97,50,47,0,0,0,13,7,6,1,1,0,1,1,0,0,0,0,0,0,0,0,0,0,1,1,0,1,1,0,0,0,0,0,0,0,0,0,0,0,0,0,0,0,0,0,0,0,0,0,0,0,0,0,213,85,128
29,573,0120,614784,0000,000000,KARNATAKA,Mandya,VILLAGE,Ganalu,Rural,430,2053,1057,996,220,102,118,364,194,170,12,5,7,1105,647,458,948,410,538,1150,627,523,1073,603,470,674,399,275,162,58,104,14,11,3,223,135,88,77,24,53,8,6,2,54,9,45,1,1,0,14,8,6,74,23,51,8,6,2,54,9,45,1,1,0,11,7,4,3,1,2,0,0,0,0,0,0,0,0,0,3,1,2,903,430,473
29,573,0120,614785,0000,000000,KARNATAKA,Mandya,VILLAGE,Bydarahalli,Rural,367,1764,885,879,196,102,94,350,179,171,96,50,46,1058,596,462,706,289,417,1235,622,613,974,529,445,826,443,383,116,63,53,7,7,0,25,16,9,261,93,168,28,11,17,144,31,113,55,36,19,34,15,19,195,56,139,27,10,17,142,30,112,15,11,4,11,5,6,66,37,29,1,1,0,2,1,1,40,25,15,23,10,13,529,263,266
29,573,0120,614786,0000,000000,KARNATAKA,Mandya,VILLAGE,Muthalakatte,Rural,7,25,12,13,1,0,1,0,0,0,0,0,0,13,8,5,12,4,8,17,8,9,13,6,7,6,5,1,7,1,6,0,0,0,0,0,0,4,2,2,2,2,0,2,0,2,0,0,0,0,0,0,1,0,1,0,0,0,1,0,1,0,0,0,0,0,0,3,2,1,2,2,0,1,0,1,0,0,0,0,0,0,8,4,4
29,573,0120,614787,0000,000000,KARNATAKA,Mandya,VILLAGE,Solaba,Rural,28,121,68,53,11,10,1,121,68,53,0,0,0,71,40,31,50,28,22,71,38,33,69,38,31,34,31,3,30,5,25,0,0,0,5,2,3,2,0,2,0,0,0,1,0,1,0,0,0,1,0,1,1,0,1,0,0,0,0,0,0,0,0,0,1,0,1,1,0,1,0,0,0,1,0,1,0,0,0,0,0,0,50,30,20
29,573,0120,614788,0000,000000,KARNATAKA,Mandya,VILLAGE,Basavanahalli,Rural,116,519,273,246,49,23,26,220,112,108,20,10,10,257,144,113,262,129,133,339,188,151,339,188,151,150,144,6,174,30,144,2,2,0,13,12,1,0,0,0,0,0,0,0,0,0,0,0,0,0,0,0,0,0,0,0,0,0,0,0,0,0,0,0,0,0,0,0,0,0,0,0,0,0,0,0,0,0,0,0,0,0,180,85,95
29,573,0120,614789,0000,000000,KARNATAKA,Mandya,VILLAGE,Basavana Betta Forest,Rural,0,0,0,0,0,0,0,0,0,0,0,0,0,0,0,0,0,0,0,0,0,0,0,0,0,0,0,0,0,0,0,0,0,0,0,0,0,0,0,0,0,0,0,0,0,0,0,0,0,0,0,0,0,0,0,0,0,0,0,0,0,0,0,0,0,0,0,0,0,0,0,0,0,0,0,0,0,0,0,0,0,0,0,0,0
29,573,0120,614790,0000,000000,KARNATAKA,Mandya,VILLAGE,Dalanakatte,Rural,30,109,55,54,16,10,6,97,52,45,7,2,5,48,28,20,61,27,34,74,37,37,73,37,36,28,12,16,45,25,20,0,0,0,0,0,0,1,0,1,0,0,0,1,0,1,0,0,0,0,0,0,1,0,1,0,0,0,1,0,1,0,0,0,0,0,0,0,0,0,0,0,0,0,0,0,0,0,0,0,0,0,35,18,17
29,573,0120,614791,0000,000000,KARNATAKA,Mandya,VILLAGE,Basavegowdanadoddi,Rural,21,102,57,45,10,6,4,82,47,35,7,3,4,58,36,22,44,21,23,66,39,27,66,39,27,44,27,17,21,12,9,1,0,1,0,0,0,0,0,0,0,0,0,0,0,0,0,0,0,0,0,0,0,0,0,0,0,0,0,0,0,0,0,0,0,0,0,0,0,0,0,0,0,0,0,0,0,0,0,0,0,0,36,18,18
29,573,0120,614792,0000,000000,KARNATAKA,Mandya,VILLAGE,Talavadi,Rural,0,0,0,0,0,0,0,0,0,0,0,0,0,0,0,0,0,0,0,0,0,0,0,0,0,0,0,0,0,0,0,0,0,0,0,0,0,0,0,0,0,0,0,0,0,0,0,0,0,0,0,0,0,0,0,0,0,0,0,0,0,0,0,0,0,0,0,0,0,0,0,0,0,0,0,0,0,0,0,0,0,0,0,0,0
29,573,0120,614793,0000,000000,KARNATAKA,Mandya,VILLAGE,Majjigemallanahatti,Rural,0,0,0,0,0,0,0,0,0,0,0,0,0,0,0,0,0,0,0,0,0,0,0,0,0,0,0,0,0,0,0,0,0,0,0,0,0,0,0,0,0,0,0,0,0,0,0,0,0,0,0,0,0,0,0,0,0,0,0,0,0,0,0,0,0,0,0,0,0,0,0,0,0,0,0,0,0,0,0,0,0,0,0,0,0
29,573,0120,614794,0000,000000,KARNATAKA,Mandya,VILLAGE,Muthathi,Rural,75,290,145,145,34,17,17,12,7,5,133,63,70,166,98,68,124,47,77,189,94,95,189,94,95,182,90,92,7,4,3,0,0,0,0,0,0,0,0,0,0,0,0,0,0,0,0,0,0,0,0,0,0,0,0,0,0,0,0,0,0,0,0,0,0,0,0,0,0,0,0,0,0,0,0,0,0,0,0,0,0,0,101,51,50
29,573,0120,614795,0000,000000,KARNATAKA,Mandya,VILLAGE,Doddaboovalli,Rural,325,1397,722,675,117,64,53,502,263,239,0,0,0,879,502,377,518,220,298,587,477,110,578,473,105,243,233,10,279,193,86,7,6,1,49,41,8,9,4,5,0,0,0,6,1,5,1,1,0,2,2,0,7,3,4,0,0,0,5,1,4,1,1,0,1,1,0,2,1,1,0,0,0,1,0,1,0,0,0,1,1,0,810,245,565
29,573,0120,614796,0000,000000,KARNATAKA,Mandya,VILLAGE,Kyathanahalli,Rural,328,1496,760,736,140,71,69,389,187,202,0,0,0,765,451,314,731,309,422,982,528,454,508,355,153,498,347,151,4,2,2,1,1,0,5,5,0,474,173,301,23,8,15,300,59,241,22,14,8,129,92,37,400,118,282,18,6,12,295,57,238,11,7,4,76,48,28,74,55,19,5,2,3,5,2,3,11,7,4,53,44,9,514,232,282
29,573,0120,614797,0000,000000,KARNATAKA,Mandya,VILLAGE,Kundur,Rural,649,2686,1368,1318,233,111,122,1,0,1,0,0,0,1337,777,560,1349,591,758,1184,897,287,1049,829,220,420,403,17,458,275,183,4,4,0,167,147,20,135,68,67,3,3,0,109,48,61,1,1,0,22,16,6,127,61,66,3,3,0,108,48,60,1,1,0,15,9,6,8,7,1,0,0,0,1,0,1,0,0,0,7,7,0,1502,471,1031
29,573,0120,614798,0000,000000,KARNATAKA,Mandya,VILLAGE,Shiramalli,Rural,106,493,248,245,28,13,15,430,214,216,0,0,0,330,194,136,163,54,109,163,132,31,61,38,23,15,9,6,0,0,0,0,0,0,46,29,17,102,94,8,68,68,0,32,24,8,1,1,0,1,1,0,101,94,7,68,68,0,31,24,7,1,1,0,1,1,0,1,0,1,0,0,0,1,0,1,0,0,0,0,0,0,330,116,214
29,573,0120,614799,0000,000000,KARNATAKA,Mandya,VILLAGE,Pandithahalli,Rural,438,1799,868,931,170,82,88,323,158,165,1,1,0,1007,569,438,792,299,493,731,536,195,496,427,69,302,285,17,124,84,40,4,1,3,66,57,9,235,109,126,104,67,37,118,36,82,3,0,3,10,6,4,217,107,110,101,67,34,108,36,72,1,0,1,7,4,3,18,2,16,3,0,3,10,0,10,2,0,2,3,2,1,1068,332,736
29,573,0120,614800,0000,000000,KARNATAKA,Mandya,VILLAGE,Bachanahalli,Rural,269,1136,570,566,99,55,44,695,347,348,0,0,0,743,412,331,393,158,235,442,303,139,319,285,34,228,218,10,71,53,18,2,1,1,18,13,5,123,18,105,49,6,43,60,6,54,4,1,3,10,5,5,121,18,103,49,6,43,60,6,54,3,1,2,9,5,4,2,0,2,0,0,0,0,0,0,1,0,1,1,0,1,694,267,427
29,573,0120,614801,0000,000000,KARNATAKA,Mandya,VILLAGE,Manchanapura,Rural,62,307,156,151,26,17,9,307,156,151,0,0,0,209,113,96,98,43,55,177,97,80,127,89,38,55,53,2,61,28,33,0,0,0,11,8,3,50,8,42,3,2,1,47,6,41,0,0,0,0,0,0,50,8,42,3,2,1,47,6,41,0,0,0,0,0,0,0,0,0,0,0,0,0,0,0,0,0,0,0,0,0,130,59,71
29,573,0120,614802,0000,000000,KARNATAKA,Mandya,VILLAGE,Chottanahalli,Rural,475,2179,1108,1071,189,94,95,260,134,126,2,1,1,1337,779,558,842,329,513,1058,678,380,644,438,206,239,230,9,317,147,170,9,5,4,79,56,23,414,240,174,9,6,3,120,26,94,50,4,46,235,204,31,409,236,173,7,4,3,120,26,94,50,4,46,232,202,30,5,4,1,2,2,0,0,0,0,0,0,0,3,2,1,1121,430,691
29,573,0120,614803,0000,000000,KARNATAKA,Mandya,VILLAGE,Chandahalli,Rural,262,1109,560,549,110,56,54,6,4,2,0,0,0,703,405,298,406,155,251,638,349,289,266,248,18,222,213,9,22,21,1,2,2,0,20,12,8,372,101,271,1,1,0,333,72,261,5,1,4,33,27,6,341,87,254,1,1,0,312,65,247,5,1,4,23,20,3,31,14,17,0,0,0,21,7,14,0,0,0,10,7,3,471,211,260
29,573,0120,614804,0000,000000,KARNATAKA,Mandya,VILLAGE,Dabbahalli,Rural,314,1361,687,674,128,67,61,1,1,0,0,0,0,658,370,288,703,317,386,839,447,392,517,301,216,212,199,13,224,50,174,4,2,2,77,50,27,322,146,176,44,17,27,264,122,142,1,0,1,13,7,6,223,132,91,33,15,18,179,112,67,1,0,1,10,5,5,99,14,85,11,2,9,85,10,75,0,0,0,3,2,1,522,240,282
29,573,0120,614805,0000,000000,KARNATAKA,Mandya,VILLAGE,Netkal,Rural,425,1722,862,860,113,61,52,875,437,438,14,8,6,1111,625,486,611,237,374,751,507,244,656,475,181,120,111,9,304,173,131,19,19,0,213,172,41,95,32,63,28,9,19,45,11,34,9,3,6,13,9,4,85,27,58,28,9,19,42,9,33,4,1,3,11,8,3,10,5,5,0,0,0,3,2,1,5,2,3,2,1,1,971,355,616
29,573,0120,614806,0000,000000,KARNATAKA,Mandya,VILLAGE,Mallikyathanahalli,Rural,313,1337,688,649,135,82,53,205,102,103,0,0,0,824,458,366,513,230,283,539,396,143,513,380,133,31,29,2,81,62,19,205,125,80,196,164,32,26,16,10,1,1,0,4,2,2,7,3,4,14,10,4,13,7,6,0,0,0,2,0,2,4,2,2,7,5,2,13,9,4,1,1,0,2,2,0,3,1,2,7,5,2,798,292,506
29,573,0120,614807,0000,000000,KARNATAKA,Mandya,VILLAGE,Belakavadi,Rural,2141,9151,4518,4633,850,412,438,1665,812,853,4,2,2,5851,3190,2661,3300,1328,1972,3703,2871,832,3236,2558,678,1045,908,137,1125,772,353,78,51,27,988,827,161,467,313,154,115,75,40,261,173,88,31,17,14,60,48,12,461,312,149,113,75,38,259,173,86,30,17,13,59,47,12,6,1,5,2,0,2,2,0,2,1,0,1,1,1,0,5448,1647,3801
29,573,0120,614808,0000,000000,KARNATAKA,Mandya,VILLAGE,Kiragasur,Rural,271,1168,597,571,113,65,48,262,126,136,0,0,0,675,387,288,493,210,283,397,354,43,382,342,40,225,217,8,123,100,23,0,0,0,34,25,9,15,12,3,4,4,0,0,0,0,0,0,0,11,8,3,12,10,2,3,3,0,0,0,0,0,0,0,9,7,2,3,2,1,1,1,0,0,0,0,0,0,0,2,1,1,771,243,528
29,573,0120,614809,0000,000000,KARNATAKA,Mandya,VILLAGE,Vasuvalli,Rural,142,676,340,336,71,32,39,168,82,86,0,0,0,441,257,184,235,83,152,234,220,14,169,155,14,120,117,3,22,19,3,1,1,0,26,18,8,65,65,0,1,1,0,17,17,0,2,2,0,45,45,0,64,64,0,1,1,0,16,16,0,2,2,0,45,45,0,1,1,0,0,0,0,1,1,0,0,0,0,0,0,0,442,120,322
29,573,0120,614810,0000,000000,KARNATAKA,Mandya,VILLAGE,Hokkarahalli,Rural,87,383,187,196,35,16,19,150,68,82,0,0,0,201,120,81,182,67,115,290,141,149,39,24,15,10,7,3,29,17,12,0,0,0,0,0,0,251,117,134,33,27,6,215,88,127,1,1,0,2,1,1,172,85,87,22,19,3,148,65,83,0,0,0,2,1,1,79,32,47,11,8,3,67,23,44,1,1,0,0,0,0,93,46,47
29,573,0120,614811,0000,000000,KARNATAKA,Mandya,VILLAGE,Nanjanayanapura,Rural,72,311,148,163,33,17,16,0,0,0,0,0,0,169,97,72,142,51,91,228,111,117,30,20,10,4,3,1,20,11,9,0,0,0,6,6,0,198,91,107,17,11,6,178,77,101,1,1,0,2,2,0,183,83,100,14,8,6,166,72,94,1,1,0,2,2,0,15,8,7,3,3,0,12,5,7,0,0,0,0,0,0,83,37,46
29,573,0120,614812,0000,000000,KARNATAKA,Mandya,VILLAGE,Dyavapatna,Rural,252,1107,594,513,91,46,45,623,332,291,0,0,0,575,346,229,532,248,284,691,369,322,561,361,200,516,331,185,26,13,13,8,8,0,11,9,2,130,8,122,3,3,0,125,5,120,0,0,0,2,0,2,130,8,122,3,3,0,125,5,120,0,0,0,2,0,2,0,0,0,0,0,0,0,0,0,0,0,0,0,0,0,416,225,191
29,573,0120,614813,0000,000000,KARNATAKA,Mandya,VILLAGE,Hosahalli,Rural,721,2859,1418,1441,252,124,128,929,449,480,0,0,0,1728,934,794,1131,484,647,1212,902,310,1181,888,293,463,419,44,583,380,203,3,2,1,132,87,45,31,14,17,4,4,0,9,1,8,1,0,1,17,9,8,28,14,14,4,4,0,8,1,7,0,0,0,16,9,7,3,0,3,0,0,0,1,0,1,1,0,1,1,0,1,1647,516,1131
29,573,0120,614814,0000,000000,KARNATAKA,Mandya,VILLAGE,Hebbani,Rural,140,526,263,263,50,28,22,0,0,0,0,0,0,316,192,124,210,71,139,306,150,156,143,138,5,116,113,3,12,10,2,6,6,0,9,9,0,163,12,151,2,1,1,152,3,149,1,1,0,8,7,1,161,11,150,2,1,1,151,3,148,1,1,0,7,6,1,2,1,1,0,0,0,1,0,1,0,0,0,1,1,0,220,113,107
29,573,0120,614815,0000,000000,KARNATAKA,Mandya,VILLAGE,Manchanahalli,Rural,228,869,452,417,70,32,38,0,0,0,0,0,0,447,267,180,422,185,237,594,314,280,394,311,83,304,271,33,34,6,28,4,3,1,52,31,21,200,3,197,4,2,2,196,1,195,0,0,0,0,0,0,200,3,197,4,2,2,196,1,195,0,0,0,0,0,0,0,0,0,0,0,0,0,0,0,0,0,0,0,0,0,275,138,137
29,573,0120,614816,0000,000000,KARNATAKA,Mandya,VILLAGE,Dasanadoddi,Rural,280,977,478,499,48,25,23,73,33,40,0,0,0,550,327,223,427,151,276,481,303,178,239,212,27,126,122,4,24,19,5,0,0,0,89,71,18,242,91,151,15,14,1,183,57,126,0,0,0,44,20,24,212,82,130,15,14,1,156,51,105,0,0,0,41,17,24,30,9,21,0,0,0,27,6,21,0,0,0,3,3,0,496,175,321
29,573,0120,614817,0000,000000,KARNATAKA,Mandya,VILLAGE,Kanchugahalli,Rural,217,830,415,415,82,41,41,167,86,81,0,0,0,495,264,231,335,151,184,439,279,160,314,248,66,275,226,49,17,10,7,0,0,0,22,12,10,125,31,94,22,16,6,87,10,77,0,0,0,16,5,11,115,28,87,22,16,6,87,10,77,0,0,0,6,2,4,10,3,7,0,0,0,0,0,0,0,0,0,10,3,7,391,136,255
29,573,0120,614818,0000,000000,KARNATAKA,Mandya,VILLAGE,Malagalali,Rural,118,496,242,254,39,22,17,308,151,157,0,0,0,300,153,147,196,89,107,271,154,117,254,144,110,177,112,65,70,28,42,0,0,0,7,4,3,17,10,7,10,7,3,7,3,4,0,0,0,0,0,0,17,10,7,10,7,3,7,3,4,0,0,0,0,0,0,0,0,0,0,0,0,0,0,0,0,0,0,0,0,0,225,88,137
29,573,0120,614819,0000,000000,KARNATAKA,Mandya,VILLAGE,Thenkahalli,Rural,188,775,410,365,65,36,29,0,0,0,0,0,0,332,204,128,443,206,237,252,224,28,68,62,6,45,45,0,0,0,0,1,0,1,22,17,5,184,162,22,148,146,2,35,15,20,0,0,0,1,1,0,181,159,22,146,144,2,34,14,20,0,0,0,1,1,0,3,3,0,2,2,0,1,1,0,0,0,0,0,0,0,523,186,337
29,573,0120,614820,0000,000000,KARNATAKA,Mandya,VILLAGE,Kadabahalli,Rural,186,818,418,400,86,41,45,0,0,0,0,0,0,355,211,144,463,207,256,306,268,38,110,107,3,96,96,0,0,0,0,2,2,0,12,9,3,196,161,35,2,1,1,190,156,34,0,0,0,4,4,0,193,161,32,2,1,1,187,156,31,0,0,0,4,4,0,3,0,3,0,0,0,3,0,3,0,0,0,0,0,0,512,150,362
29,573,0120,614821,0000,000000,KARNATAKA,Mandya,VILLAGE,Mallinathapura,Rural,213,980,476,504,87,45,42,656,308,348,0,0,0,662,345,317,318,131,187,351,259,92,324,243,81,120,102,18,149,101,48,6,2,4,49,38,11,27,16,11,0,0,0,5,3,2,0,0,0,22,13,9,26,16,10,0,0,0,5,3,2,0,0,0,21,13,8,1,0,1,0,0,0,0,0,0,0,0,0,1,0,1,629,217,412
29,573,0120,614822,0000,000000,KARNATAKA,Mandya,VILLAGE,Kaggala,Rural,96,441,209,232,33,11,22,135,60,75,0,0,0,329,170,159,112,39,73,175,140,35,169,137,32,74,69,5,63,46,17,19,11,8,13,11,2,6,3,3,0,0,0,4,3,1,0,0,0,2,0,2,6,3,3,0,0,0,4,3,1,0,0,0,2,0,2,0,0,0,0,0,0,0,0,0,0,0,0,0,0,0,266,69,197
29,573,0120,614823,0000,000000,KARNATAKA,Mandya,VILLAGE,Kanikahalli,Rural,137,672,348,324,75,48,27,151,77,74,0,0,0,308,171,137,364,177,187,451,236,215,422,222,200,246,206,40,175,15,160,0,0,0,1,1,0,29,14,15,2,2,0,11,4,7,1,0,1,15,8,7,29,14,15,2,2,0,11,4,7,1,0,1,15,8,7,0,0,0,0,0,0,0,0,0,0,0,0,0,0,0,221,112,109
29,573,0120,614824,0000,000000,KARNATAKA,Mandya,VILLAGE,Udape Boovalli,Rural,37,151,84,67,12,8,4,78,43,35,0,0,0,72,48,24,79,36,43,126,70,56,104,52,52,77,50,27,25,2,23,0,0,0,2,0,2,22,18,4,0,0,0,0,0,0,0,0,0,22,18,4,22,18,4,0,0,0,0,0,0,0,0,0,22,18,4,0,0,0,0,0,0,0,0,0,0,0,0,0,0,0,25,14,11
29,573,0120,614825,0000,000000,KARNATAKA,Mandya,VILLAGE,Thigadahalli,Rural,244,1032,521,511,111,66,45,0,0,0,0,0,0,458,257,201,574,264,310,412,319,93,182,156,26,154,137,17,6,3,3,3,3,0,19,13,6,230,163,67,13,8,5,209,147,62,0,0,0,8,8,0,230,163,67,13,8,5,209,147,62,0,0,0,8,8,0,0,0,0,0,0,0,0,0,0,0,0,0,0,0,0,620,202,418
29,573,0120,614826,0000,000000,KARNATAKA,Mandya,VILLAGE,Boppagowdanapura,Rural,709,3088,1571,1517,325,163,162,1303,658,645,0,0,0,1765,992,773,1323,579,744,1223,960,263,503,459,44,237,233,4,73,61,12,10,8,2,183,157,26,720,501,219,27,18,9,600,405,195,2,2,0,91,76,15,717,499,218,27,18,9,598,404,194,2,2,0,90,75,15,3,2,1,0,0,0,2,1,1,0,0,0,1,1,0,1865,611,1254
29,573,0120,614827,0000,000000,KARNATAKA,Mandya,VILLAGE,Muttanahalli,Rural,148,676,362,314,68,43,25,210,116,94,0,0,0,399,241,158,277,121,156,276,218,58,211,194,17,60,58,2,80,75,5,0,0,0,71,61,10,65,24,41,2,2,0,59,20,39,0,0,0,4,2,2,62,24,38,2,2,0,56,20,36,0,0,0,4,2,2,3,0,3,0,0,0,3,0,3,0,0,0,0,0,0,400,144,256
29,573,0120,614828,0000,000000,KARNATAKA,Mandya,VILLAGE,Saraguru,Rural,451,1958,990,968,167,89,78,530,271,259,7,0,7,1095,636,459,863,354,509,1083,661,422,422,351,71,120,114,6,135,110,25,0,0,0,167,127,40,661,310,351,37,19,18,557,242,315,7,3,4,60,46,14,643,300,343,37,19,18,554,242,312,6,3,3,46,36,10,18,10,8,0,0,0,3,0,3,1,0,1,14,10,4,875,329,546
29,573,0120,614829,0000,000000,KARNATAKA,Mandya,VILLAGE,Hanavadi,Rural,126,495,241,254,39,23,16,495,241,254,0,0,0,334,176,158,161,65,96,182,127,55,80,70,10,46,46,0,6,4,2,0,0,0,28,20,8,102,57,45,3,1,2,88,50,38,0,0,0,11,6,5,98,54,44,3,1,2,85,48,37,0,0,0,10,5,5,4,3,1,0,0,0,3,2,1,0,0,0,1,1,0,313,114,199
29,573,0120,614830,0000,000000,KARNATAKA,Mandya,VILLAGE,Purigali,Rural,894,3885,1929,1956,385,196,189,990,480,510,1,0,1,2518,1377,1141,1367,552,815,1539,1087,452,991,820,171,354,331,23,325,235,90,20,20,0,292,234,58,548,267,281,130,22,108,229,118,111,14,7,7,175,120,55,531,260,271,129,21,108,221,117,104,14,7,7,167,115,52,17,7,10,1,1,0,8,1,7,0,0,0,8,5,3,2346,842,1504
29,573,0120,614831,0000,000000,KARNATAKA,Mandya,VILLAGE,Hullamballi,Rural,396,1808,900,908,203,103,100,590,296,294,0,0,0,993,552,441,815,348,467,837,542,295,152,134,18,79,77,2,10,8,2,3,3,0,60,46,14,685,408,277,3,1,2,672,397,275,0,0,0,10,10,0,189,158,31,0,0,0,180,149,31,0,0,0,9,9,0,496,250,246,3,1,2,492,248,244,0,0,0,1,1,0,971,358,613
29,573,0120,614832,0000,000000,KARNATAKA,Mandya,VILLAGE,Chikka Abbagilu,Rural,379,1642,828,814,152,87,65,632,329,303,0,0,0,1041,559,482,601,269,332,680,552,128,641,527,114,266,252,14,250,178,72,0,0,0,125,97,28,39,25,14,0,0,0,25,16,9,3,2,1,11,7,4,30,22,8,0,0,0,19,13,6,3,2,1,8,7,1,9,3,6,0,0,0,6,3,3,0,0,0,3,0,3,962,276,686
29,573,0120,614833,0000,000000,KARNATAKA,Mandya,VILLAGE,Chikkabagiluhantha,Rural,0,0,0,0,0,0,0,0,0,0,0,0,0,0,0,0,0,0,0,0,0,0,0,0,0,0,0,0,0,0,0,0,0,0,0,0,0,0,0,0,0,0,0,0,0,0,0,0,0,0,0,0,0,0,0,0,0,0,0,0,0,0,0,0,0,0,0,0,0,0,0,0,0,0,0,0,0,0,0,0,0,0,0,0,0
29,573,0120,614834,0000,000000,KARNATAKA,Mandya,VILLAGE,Maralahalli,Rural,0,0,0,0,0,0,0,0,0,0,0,0,0,0,0,0,0,0,0,0,0,0,0,0,0,0,0,0,0,0,0,0,0,0,0,0,0,0,0,0,0,0,0,0,0,0,0,0,0,0,0,0,0,0,0,0,0,0,0,0,0,0,0,0,0,0,0,0,0,0,0,0,0,0,0,0,0,0,0,0,0,0,0,0,0
29,573,0120,614835,0000,000000,KARNATAKA,Mandya,VILLAGE,Ballagere,Rural,243,970,484,486,89,50,39,526,260,266,0,0,0,561,299,262,409,185,224,400,280,120,290,225,65,102,99,3,123,80,43,9,7,2,56,39,17,110,55,55,9,3,6,91,42,49,9,9,0,1,1,0,101,49,52,8,3,5,87,40,47,5,5,0,1,1,0,9,6,3,1,0,1,4,2,2,4,4,0,0,0,0,570,204,366
29,573,0120,614836,0000,000000,KARNATAKA,Mandya,VILLAGE,Somanahalli,Rural,587,2512,1300,1212,269,146,123,638,313,325,0,0,0,1262,752,510,1250,548,702,1147,823,324,1014,732,282,261,256,5,619,363,256,11,10,1,123,103,20,133,91,42,1,0,1,106,68,38,1,1,0,25,22,3,121,79,42,1,0,1,106,68,38,1,1,0,13,10,3,12,12,0,0,0,0,0,0,0,0,0,0,12,12,0,1365,477,888
29,573,0120,614837,0000,000000,KARNATAKA,Mandya,VILLAGE,Kodagahalli,Rural,330,1429,744,685,157,80,77,402,219,183,0,0,0,856,508,348,573,236,337,549,454,95,377,323,54,178,172,6,128,95,33,7,5,2,64,51,13,172,131,41,7,2,5,98,72,26,3,0,3,64,57,7,136,98,38,6,1,5,85,61,24,3,0,3,42,36,6,36,33,3,1,1,0,13,11,2,0,0,0,22,21,1,880,290,590
29,573,0120,614838,0000,000000,KARNATAKA,Mandya,VILLAGE,Haladasanahalli,Rural,136,526,259,267,55,30,25,223,105,118,0,0,0,260,141,119,266,118,148,305,164,141,78,72,6,65,62,3,10,8,2,0,0,0,3,2,1,227,92,135,3,3,0,223,88,135,0,0,0,1,1,0,226,91,135,3,3,0,222,87,135,0,0,0,1,1,0,1,1,0,0,0,0,1,1,0,0,0,0,0,0,0,221,95,126
29,573,0120,614839,0000,000000,KARNATAKA,Mandya,VILLAGE,Kaggalipura,Rural,420,1800,916,884,182,96,86,575,298,277,1,1,0,1012,592,420,788,324,464,628,511,117,353,328,25,254,248,6,66,54,12,4,4,0,29,22,7,275,183,92,20,18,2,242,155,87,2,1,1,11,9,2,271,180,91,20,18,2,238,152,86,2,1,1,11,9,2,4,3,1,0,0,0,4,3,1,0,0,0,0,0,0,1172,405,767
