State/UTs_Code,District_Code,CD Block_Code,Town/Village_Code,Ward_Code,EB_Code,State/UTs_Name,District_Name,Level,Name,Total/Rural/Urban,No of Households,Total Population Person,Total Population Male,Total Population Female,Population in the age group 0-6 Person,Population in the age group 0-6 Male,Population in the age group 0-6 Female,Scheduled Castes population Person,Scheduled Castes population Male,Scheduled Castes population Female,Scheduled Tribes population Person,Scheduled Tribes population Male,Scheduled Tribes population Female,Literates Population Person,Literates Population Male,Literates Population Female,Illiterate Persons,Illiterate Male,Illiterate Female,Total Worker Population Person,Total Worker Population Male,Total Worker Population Female,Main Working Population Person,Main Working Population Male,Main Working Population Female,Main Cultivator Population Person,Main Cultivator Population Male,Main Cultivator Population Female,Main Agricultural Labourers Population Person,Main Agricultural Labourers Population Male,Main Agricultural Labourers Population Female,Main Household Industries Population Person,Main Household Industries Population Male,Main Household Industries Population Female,Main Other Workers Population Person,Main Other Workers Population Male,Main Other Workers Population Female,Marginal Worker Population Person,Marginal Worker Population Male,Marginal Worker Population Female,Marginal Cultivator Population Person,Marginal Cultivator Population Male,Marginal Cultivator Population Female,Marginal Agriculture Labourers Population Person,Marginal Agriculture Labourers Population Male,Marginal Agriculture Labourers Population Female,Marginal Household Industries Population Person,Marginal Household Industries Population Male,Marginal Household Industries Population Female,Marginal Other Workers Population Person,Marginal Other Workers Population Male,Marginal Other Workers Population Female,Marginal Worker Population 3_6 Person,Marginal Worker Population 3_6 Male,Marginal Worker Population 3_6 Female,Marginal Cultivator Population 3_6 Person,Marginal Cultivator Population 3_6 Male,Marginal Cultivator Population 3_6 Female,Marginal Agriculture Labourers Population 3_6 Person,Marginal Agriculture Labourers Population 3_6 Male,Marginal Agriculture Labourers Population 3_6 Female,Marginal Household Industries Population 3_6 Person,Marginal Household Industries Population 3_6 Male,Marginal Household Industries Population 3-6 Female,Marginal Other Workers Population Person 3_6 Person,Marginal Other Workers Population Person 3_6 Male,Marginal Other Workers Population Person 3_6 Female,Marginal Worker Population 0_3 Person,Marginal Worker Population 0_3 Male,Marginal Worker Population 0_3_Female,Marginal Cultivator Population 0_3 Person,Marginal Cultivator Population 0_3 Male,Marginal Cultivator Population 0_3_Female,Marginal Agriculture Labourers Population 0_3 Person,Marginal Agriculture Labourers Population 0_3 Male,Marginal Agriculture Labourers Population 0_3 Female,Marginal Household Industries Population 0_3 Person,Marginal Household Industries Population 0_3 Male,Marginal Household Industries Population 0_3 Female,Marginal Other Workers Population 0_3 Person,Marginal Other Workers Population 0_3 Male,Marginal Other Workers Population 0_3 Female,Non Working Population Person,Non Working Population Male,Non Working Population Female
29,579,0148,000000,0000,000000,KARNATAKA,Gulbarga,CD BLOCK,Aland ,Total,54128,299836,154167,145669,41000,21176,19824,79777,41251,38526,6508,3275,3233,160854,96790,64064,138982,57377,81605,144724,84115,60609,108469,70562,37907,34912,27790,7122,51232,26106,25126,1861,1202,659,20464,15464,5000,36255,13553,22702,1932,835,1097,26921,8887,18034,1089,457,632,6313,3374,2939,32497,11888,20609,1524,672,852,25426,8372,17054,852,356,496,4695,2488,2207,3758,1665,2093,408,163,245,1495,515,980,237,101,136,1618,886,732,155112,70052,85060
29,579,0148,000000,0000,000000,KARNATAKA,Gulbarga,CD BLOCK,Aland ,Rural,54128,299836,154167,145669,41000,21176,19824,79777,41251,38526,6508,3275,3233,160854,96790,64064,138982,57377,81605,144724,84115,60609,108469,70562,37907,34912,27790,7122,51232,26106,25126,1861,1202,659,20464,15464,5000,36255,13553,22702,1932,835,1097,26921,8887,18034,1089,457,632,6313,3374,2939,32497,11888,20609,1524,672,852,25426,8372,17054,852,356,496,4695,2488,2207,3758,1665,2093,408,163,245,1495,515,980,237,101,136,1618,886,732,155112,70052,85060
29,579,0148,000000,0000,000000,KARNATAKA,Gulbarga,CD BLOCK,Aland ,Urban,0,0,0,0,0,0,0,0,0,0,0,0,0,0,0,0,0,0,0,0,0,0,0,0,0,0,0,0,0,0,0,0,0,0,0,0,0,0,0,0,0,0,0,0,0,0,0,0,0,0,0,0,0,0,0,0,0,0,0,0,0,0,0,0,0,0,0,0,0,0,0,0,0,0,0,0,0,0,0,0,0,0,0,0,0
29,579,0148,619952,0000,000000,KARNATAKA,Gulbarga,VILLAGE,Jamga Khandala,Rural,188,1215,634,581,191,100,91,756,409,347,30,12,18,579,362,217,636,272,364,671,361,310,369,272,97,260,199,61,69,40,29,1,1,0,39,32,7,302,89,213,128,12,116,162,68,94,0,0,0,12,9,3,290,86,204,122,11,111,158,67,91,0,0,0,10,8,2,12,3,9,6,1,5,4,1,3,0,0,0,2,1,1,544,273,271
29,579,0148,619953,0000,000000,KARNATAKA,Gulbarga,VILLAGE,Tadola,Rural,496,2568,1298,1270,296,141,155,716,365,351,1,0,1,1448,848,600,1120,450,670,1114,731,383,872,634,238,365,318,47,396,216,180,9,7,2,102,93,9,242,97,145,36,14,22,195,76,119,2,0,2,9,7,2,192,76,116,23,8,15,163,64,99,0,0,0,6,4,2,50,21,29,13,6,7,32,12,20,2,0,2,3,3,0,1454,567,887
29,579,0148,619954,0000,000000,KARNATAKA,Gulbarga,VILLAGE,Alanga,Rural,500,2571,1309,1262,275,133,142,281,153,128,7,4,3,1531,881,650,1040,428,612,1296,761,535,1237,731,506,418,283,135,683,362,321,20,6,14,116,80,36,59,30,29,9,6,3,40,18,22,1,0,1,9,6,3,56,28,28,9,6,3,38,17,21,1,0,1,8,5,3,3,2,1,0,0,0,2,1,1,0,0,0,1,1,0,1275,548,727
29,579,0148,619955,0000,000000,KARNATAKA,Gulbarga,VILLAGE,Sirur (G),Rural,233,1378,732,646,187,85,102,240,123,117,63,32,31,836,527,309,542,205,337,800,424,376,550,411,139,156,143,13,369,248,121,0,0,0,25,20,5,250,13,237,1,1,0,240,4,236,1,0,1,8,8,0,244,10,234,1,1,0,238,4,234,0,0,0,5,5,0,6,3,3,0,0,0,2,0,2,1,0,1,3,3,0,578,308,270
29,579,0148,619956,0000,000000,KARNATAKA,Gulbarga,VILLAGE,Gadlegaon,Rural,123,686,374,312,73,38,35,250,145,105,0,0,0,470,282,188,216,92,124,260,191,69,218,184,34,29,29,0,157,132,25,0,0,0,32,23,9,42,7,35,1,0,1,34,3,31,0,0,0,7,4,3,42,7,35,1,0,1,34,3,31,0,0,0,7,4,3,0,0,0,0,0,0,0,0,0,0,0,0,0,0,0,426,183,243
29,579,0148,619957,0000,000000,KARNATAKA,Gulbarga,VILLAGE,Khajuri,Rural,1215,6744,3472,3272,941,508,433,912,457,455,9,5,4,3650,2160,1490,3094,1312,1782,3260,1906,1354,2484,1678,806,1110,892,218,979,494,485,120,90,30,275,202,73,776,228,548,31,12,19,623,157,466,24,15,9,98,44,54,714,201,513,27,12,15,593,142,451,17,12,5,77,35,42,62,27,35,4,0,4,30,15,15,7,3,4,21,9,12,3484,1566,1918
29,579,0148,619958,0000,000000,KARNATAKA,Gulbarga,VILLAGE,Jawalga (J),Rural,322,1707,884,823,248,137,111,542,271,271,57,30,27,927,556,371,780,328,452,947,519,428,629,378,251,219,176,43,310,116,194,7,5,2,93,81,12,318,141,177,23,17,6,243,98,145,14,7,7,38,19,19,298,132,166,21,17,4,237,96,141,13,6,7,27,13,14,20,9,11,2,0,2,6,2,4,1,1,0,11,6,5,760,365,395
29,579,0148,619959,0000,000000,KARNATAKA,Gulbarga,VILLAGE,Tugaon,Rural,174,837,434,403,84,45,39,222,123,99,27,11,16,528,301,227,309,133,176,400,229,171,315,181,134,134,79,55,147,72,75,0,0,0,34,30,4,85,48,37,3,2,1,69,36,33,2,1,1,11,9,2,73,37,36,3,2,1,63,31,32,1,0,1,6,4,2,12,11,1,0,0,0,6,5,1,1,1,0,5,5,0,437,205,232
29,579,0148,619960,0000,000000,KARNATAKA,Gulbarga,VILLAGE,Annur,Rural,247,1248,659,589,149,88,61,295,164,131,69,36,33,735,436,299,513,223,290,660,353,307,595,325,270,146,92,54,383,184,199,1,0,1,65,49,16,65,28,37,16,8,8,31,9,22,1,1,0,17,10,7,43,12,31,11,4,7,23,4,19,1,1,0,8,3,5,22,16,6,5,4,1,8,5,3,0,0,0,9,7,2,588,306,282
29,579,0148,619961,0000,000000,KARNATAKA,Gulbarga,VILLAGE,Hodlur,Rural,528,2697,1373,1324,305,164,141,361,191,170,4,2,2,1806,1027,779,891,346,545,1203,755,448,691,620,71,363,348,15,175,146,29,13,12,1,140,114,26,512,135,377,6,3,3,472,111,361,1,1,0,33,20,13,491,130,361,6,3,3,454,108,346,1,1,0,30,18,12,21,5,16,0,0,0,18,3,15,0,0,0,3,2,1,1494,618,876
29,579,0148,619962,0000,000000,KARNATAKA,Gulbarga,VILLAGE,Subhashnagar,Rural,164,1057,557,500,197,94,103,1055,556,499,1,0,1,408,276,132,649,281,368,486,287,199,350,253,97,141,100,41,117,81,36,2,1,1,90,71,19,136,34,102,41,7,34,91,24,67,0,0,0,4,3,1,65,22,43,19,6,13,42,13,29,0,0,0,4,3,1,71,12,59,22,1,21,49,11,38,0,0,0,0,0,0,571,270,301
29,579,0148,619963,0000,000000,KARNATAKA,Gulbarga,VILLAGE,Nandgur,Rural,97,500,262,238,56,28,28,152,87,65,0,0,0,294,185,109,206,77,129,278,148,130,252,136,116,42,40,2,189,85,104,0,0,0,21,11,10,26,12,14,0,0,0,20,7,13,0,0,0,6,5,1,26,12,14,0,0,0,20,7,13,0,0,0,6,5,1,0,0,0,0,0,0,0,0,0,0,0,0,0,0,0,222,114,108
29,579,0148,619964,0000,000000,KARNATAKA,Gulbarga,VILLAGE,Kotanhipperga,Rural,305,1699,912,787,182,91,91,178,96,82,0,0,0,1184,733,451,515,179,336,1025,539,486,1006,531,475,11,7,4,966,502,464,13,10,3,16,12,4,19,8,11,0,0,0,16,6,10,3,2,1,0,0,0,18,7,11,0,0,0,15,5,10,3,2,1,0,0,0,1,1,0,0,0,0,1,1,0,0,0,0,0,0,0,674,373,301
29,579,0148,619965,0000,000000,KARNATAKA,Gulbarga,VILLAGE,Jamga Ruderwadi,Rural,382,1766,869,897,207,100,107,502,256,246,0,0,0,1042,601,441,724,268,456,974,509,465,608,463,145,251,231,20,273,163,110,11,11,0,73,58,15,366,46,320,69,19,50,286,21,265,4,2,2,7,4,3,200,10,190,27,1,26,164,5,159,4,2,2,5,2,3,166,36,130,42,18,24,122,16,106,0,0,0,2,2,0,792,360,432
29,579,0148,619966,0000,000000,KARNATAKA,Gulbarga,VILLAGE,Rudrawadi,Rural,573,3004,1506,1498,360,182,178,699,344,355,57,29,28,1727,1006,721,1277,500,777,1633,885,748,1036,622,414,461,291,170,458,235,223,14,13,1,103,83,20,597,263,334,7,1,6,571,252,319,2,2,0,17,8,9,585,258,327,6,1,5,561,247,314,2,2,0,16,8,8,12,5,7,1,0,1,10,5,5,0,0,0,1,0,1,1371,621,750
29,579,0148,619967,0000,000000,KARNATAKA,Gulbarga,VILLAGE,Bableshwar,Rural,124,884,474,410,102,57,45,228,118,110,65,32,33,399,255,144,485,219,266,508,277,231,6,4,2,0,0,0,1,0,1,0,0,0,5,4,1,502,273,229,5,3,2,496,270,226,0,0,0,1,0,1,498,271,227,5,3,2,493,268,225,0,0,0,0,0,0,4,2,2,0,0,0,3,2,1,0,0,0,1,0,1,376,197,179
29,579,0148,619968,0000,000000,KARNATAKA,Gulbarga,VILLAGE,Bangerga,Rural,460,2334,1173,1161,293,159,134,662,323,339,55,28,27,1345,767,578,989,406,583,1214,648,566,1202,643,559,406,272,134,735,321,414,3,2,1,58,48,10,12,5,7,3,1,2,6,2,4,0,0,0,3,2,1,11,5,6,3,1,2,6,2,4,0,0,0,2,2,0,1,0,1,0,0,0,0,0,0,0,0,0,1,0,1,1120,525,595
29,579,0148,619969,0000,000000,KARNATAKA,Gulbarga,VILLAGE,Khandala,Rural,221,1434,758,676,179,101,78,528,272,256,141,73,68,846,498,348,588,260,328,730,438,292,690,429,261,287,180,107,382,237,145,4,2,2,17,10,7,40,9,31,4,1,3,30,5,25,0,0,0,6,3,3,39,8,31,4,1,3,29,4,25,0,0,0,6,3,3,1,1,0,0,0,0,1,1,0,0,0,0,0,0,0,704,320,384
29,579,0148,619970,0000,000000,KARNATAKA,Gulbarga,VILLAGE,Nirgudi,Rural,577,3109,1578,1531,438,233,205,307,166,141,87,44,43,1700,1040,660,1409,538,871,1678,898,780,1462,887,575,410,354,56,858,369,489,31,30,1,163,134,29,216,11,205,10,2,8,196,3,193,1,1,0,9,5,4,212,9,203,10,2,8,194,3,191,1,1,0,7,3,4,4,2,2,0,0,0,2,0,2,0,0,0,2,2,0,1431,680,751
29,579,0148,619971,0000,000000,KARNATAKA,Gulbarga,VILLAGE,Matki,Rural,698,4206,2194,2012,690,348,342,732,391,341,291,151,140,2151,1275,876,2055,919,1136,1961,1153,808,1363,909,454,290,271,19,864,463,401,7,2,5,202,173,29,598,244,354,31,17,14,552,218,334,1,1,0,14,8,6,593,242,351,31,17,14,547,216,331,1,1,0,14,8,6,5,2,3,0,0,0,5,2,3,0,0,0,0,0,0,2245,1041,1204
29,579,0148,619972,0000,000000,KARNATAKA,Gulbarga,VILLAGE,Teerth,Rural,316,1636,838,798,200,109,91,315,153,162,12,8,4,881,514,367,755,324,431,814,465,349,762,449,313,109,93,16,547,269,278,4,2,2,102,85,17,52,16,36,5,2,3,36,7,29,1,0,1,10,7,3,44,13,31,4,1,3,31,6,25,1,0,1,8,6,2,8,3,5,1,1,0,5,1,4,0,0,0,2,1,1,822,373,449
29,579,0148,619973,0000,000000,KARNATAKA,Gulbarga,VILLAGE,Salegaon,Rural,398,2342,1241,1101,311,169,142,506,271,235,135,72,63,1361,834,527,981,407,574,1136,661,475,666,530,136,261,225,36,343,248,95,0,0,0,62,57,5,470,131,339,18,4,14,432,117,315,10,5,5,10,5,5,349,100,249,14,3,11,333,95,238,0,0,0,2,2,0,121,31,90,4,1,3,99,22,77,10,5,5,8,3,5,1206,580,626
29,579,0148,619974,0000,000000,KARNATAKA,Gulbarga,VILLAGE,Chitali,Rural,277,1511,800,711,209,116,93,237,118,119,336,171,165,923,562,361,588,238,350,600,415,185,572,401,171,210,186,24,282,145,137,2,1,1,78,69,9,28,14,14,2,2,0,20,9,11,0,0,0,6,3,3,28,14,14,2,2,0,20,9,11,0,0,0,6,3,3,0,0,0,0,0,0,0,0,0,0,0,0,0,0,0,911,385,526
29,579,0148,619975,0000,000000,KARNATAKA,Gulbarga,VILLAGE,Kinnisultan,Rural,656,3322,1755,1567,404,204,200,745,389,356,1,1,0,1917,1212,705,1405,543,862,1632,944,688,1342,901,441,603,435,168,519,279,240,8,5,3,212,182,30,290,43,247,17,5,12,247,15,232,5,4,1,21,19,2,272,27,245,17,5,12,242,12,230,3,2,1,10,8,2,18,16,2,0,0,0,5,3,2,2,2,0,11,11,0,1690,811,879
29,579,0148,619976,0000,000000,KARNATAKA,Gulbarga,VILLAGE,Kanmas,Rural,242,1254,627,627,185,87,98,348,172,176,3,1,2,738,448,290,516,179,337,635,361,274,617,355,262,182,111,71,368,192,176,7,5,2,60,47,13,18,6,12,12,4,8,4,0,4,0,0,0,2,2,0,15,6,9,10,4,6,3,0,3,0,0,0,2,2,0,3,0,3,2,0,2,1,0,1,0,0,0,0,0,0,619,266,353
29,579,0148,619977,0000,000000,KARNATAKA,Gulbarga,VILLAGE,Bharked,Rural,118,865,469,396,117,65,52,97,48,49,39,20,19,504,323,181,361,146,215,410,265,145,406,264,142,135,76,59,112,47,65,3,3,0,156,138,18,4,1,3,0,0,0,2,1,1,1,0,1,1,0,1,4,1,3,0,0,0,2,1,1,1,0,1,1,0,1,0,0,0,0,0,0,0,0,0,0,0,0,0,0,0,455,204,251
29,579,0148,619978,0000,000000,KARNATAKA,Gulbarga,VILLAGE,Sangunda,Rural,192,1097,580,517,151,70,81,279,153,126,4,3,1,610,383,227,487,197,290,483,317,166,302,276,26,153,144,9,52,43,9,3,3,0,94,86,8,181,41,140,11,5,6,155,31,124,0,0,0,15,5,10,181,41,140,11,5,6,155,31,124,0,0,0,15,5,10,0,0,0,0,0,0,0,0,0,0,0,0,0,0,0,614,263,351
29,579,0148,619979,0000,000000,KARNATAKA,Gulbarga,VILLAGE,Belamogi,Rural,880,5127,2656,2471,700,398,302,1613,835,778,189,89,100,3054,1812,1242,2073,844,1229,2458,1414,1044,1845,1153,692,717,600,117,851,389,462,73,13,60,204,151,53,613,261,352,0,0,0,536,219,317,29,9,20,48,33,15,514,231,283,0,0,0,459,201,258,25,9,16,30,21,9,99,30,69,0,0,0,77,18,59,4,0,4,18,12,6,2669,1242,1427
29,579,0148,619980,0000,000000,KARNATAKA,Gulbarga,VILLAGE,Karhari,Rural,276,1584,823,761,190,105,85,567,299,268,0,0,0,923,562,361,661,261,400,915,461,454,636,352,284,178,147,31,271,118,153,72,2,70,115,85,30,279,109,170,11,6,5,103,59,44,87,3,84,78,41,37,267,102,165,11,6,5,98,56,42,84,3,81,74,37,37,12,7,5,0,0,0,5,3,2,3,0,3,4,4,0,669,362,307
29,579,0148,619981,0000,000000,KARNATAKA,Gulbarga,VILLAGE,Salgera (V.K.),Rural,934,5182,2593,2589,749,367,382,1734,908,826,137,71,66,3191,1845,1346,1991,748,1243,2388,1340,1048,1439,967,472,252,217,35,680,388,292,55,43,12,452,319,133,949,373,576,35,8,27,290,108,182,65,29,36,559,228,331,562,224,338,30,7,23,245,95,150,32,13,19,255,109,146,387,149,238,5,1,4,45,13,32,33,16,17,304,119,185,2794,1253,1541
29,579,0148,619982,0000,000000,KARNATAKA,Gulbarga,VILLAGE,Lengthi,Rural,323,1956,999,957,268,125,143,457,236,221,354,170,184,1089,654,435,867,345,522,1029,568,461,893,528,365,256,239,17,511,205,306,14,4,10,112,80,32,136,40,96,12,5,7,62,16,46,6,2,4,56,17,39,131,40,91,12,5,7,57,16,41,6,2,4,56,17,39,5,0,5,0,0,0,5,0,5,0,0,0,0,0,0,927,431,496
29,579,0148,619983,0000,000000,KARNATAKA,Gulbarga,VILLAGE,Ladmugli,Rural,482,2636,1346,1290,375,200,175,575,299,276,2,2,0,1388,838,550,1248,508,740,1336,747,589,1039,613,426,114,103,11,801,401,400,8,6,2,116,103,13,297,134,163,7,7,0,272,118,154,3,1,2,15,8,7,296,134,162,7,7,0,272,118,154,3,1,2,14,8,6,1,0,1,0,0,0,0,0,0,0,0,0,1,0,1,1300,599,701
29,579,0148,619984,0000,000000,KARNATAKA,Gulbarga,VILLAGE,Kalkutga,Rural,140,691,356,335,92,47,45,184,97,87,56,28,28,415,262,153,276,94,182,333,198,135,174,146,28,63,58,5,17,8,9,0,0,0,94,80,14,159,52,107,2,1,1,142,40,102,0,0,0,15,11,4,157,51,106,2,1,1,141,40,101,0,0,0,14,10,4,2,1,1,0,0,0,1,0,1,0,0,0,1,1,0,358,158,200
29,579,0148,619985,0000,000000,KARNATAKA,Gulbarga,VILLAGE,Kudmud,Rural,280,1610,843,767,212,117,95,806,418,388,0,0,0,939,564,375,671,279,392,694,433,261,469,371,98,189,184,5,146,64,82,9,9,0,125,114,11,225,62,163,1,1,0,198,40,158,1,1,0,25,20,5,219,60,159,1,1,0,194,39,155,1,1,0,23,19,4,6,2,4,0,0,0,4,1,3,0,0,0,2,1,1,916,410,506
29,579,0148,619986,0000,000000,KARNATAKA,Gulbarga,VILLAGE,Ambalga,Rural,652,3610,1843,1767,504,262,242,1098,557,541,54,27,27,1970,1184,786,1640,659,981,1947,1046,901,1518,862,656,378,227,151,777,364,413,63,31,32,300,240,60,429,184,245,49,25,24,148,49,99,30,13,17,202,97,105,352,148,204,23,11,12,124,39,85,11,5,6,194,93,101,77,36,41,26,14,12,24,10,14,19,8,11,8,4,4,1663,797,866
29,579,0148,619987,0000,000000,KARNATAKA,Gulbarga,VILLAGE,Dhammur,Rural,0,0,0,0,0,0,0,0,0,0,0,0,0,0,0,0,0,0,0,0,0,0,0,0,0,0,0,0,0,0,0,0,0,0,0,0,0,0,0,0,0,0,0,0,0,0,0,0,0,0,0,0,0,0,0,0,0,0,0,0,0,0,0,0,0,0,0,0,0,0,0,0,0,0,0,0,0,0,0,0,0,0,0,0,0
29,579,0148,619988,0000,000000,KARNATAKA,Gulbarga,VILLAGE,Madki,Rural,372,2481,1281,1200,380,195,185,1590,824,766,30,14,16,1217,764,453,1264,517,747,951,606,345,652,519,133,245,239,6,167,82,85,9,7,2,231,191,40,299,87,212,14,2,12,232,65,167,0,0,0,53,20,33,262,66,196,14,2,12,210,54,156,0,0,0,38,10,28,37,21,16,0,0,0,22,11,11,0,0,0,15,10,5,1530,675,855
29,579,0148,619989,0000,000000,KARNATAKA,Gulbarga,VILLAGE,Hodal,Rural,318,1978,1001,977,264,138,126,503,256,247,0,0,0,1163,702,461,815,299,516,1000,548,452,552,419,133,185,172,13,234,147,87,8,2,6,125,98,27,448,129,319,5,1,4,404,117,287,7,1,6,32,10,22,440,128,312,5,1,4,400,116,284,5,1,4,30,10,20,8,1,7,0,0,0,4,1,3,2,0,2,2,0,2,978,453,525
29,579,0148,619990,0000,000000,KARNATAKA,Gulbarga,VILLAGE,Murdi,Rural,161,921,451,470,125,56,69,246,118,128,36,18,18,533,305,228,388,146,242,476,254,222,471,250,221,57,35,22,375,189,186,8,6,2,31,20,11,5,4,1,0,0,0,1,1,0,0,0,0,4,3,1,4,3,1,0,0,0,1,1,0,0,0,0,3,2,1,1,1,0,0,0,0,0,0,0,0,0,0,1,1,0,445,197,248
29,579,0148,619991,0000,000000,KARNATAKA,Gulbarga,VILLAGE,Mudadga,Rural,387,1938,980,958,218,111,107,496,263,233,9,3,6,1004,597,407,934,383,551,1024,528,496,843,504,339,205,142,63,549,294,255,16,10,6,73,58,15,181,24,157,82,10,72,95,11,84,0,0,0,4,3,1,162,21,141,72,7,65,86,11,75,0,0,0,4,3,1,19,3,16,10,3,7,9,0,9,0,0,0,0,0,0,914,452,462
29,579,0148,619992,0000,000000,KARNATAKA,Gulbarga,VILLAGE,Wagdhari,Rural,166,1085,578,507,138,78,60,332,176,156,0,0,0,597,367,230,488,211,277,567,304,263,447,293,154,209,191,18,193,63,130,6,1,5,39,38,1,120,11,109,2,2,0,113,8,105,2,0,2,3,1,2,118,11,107,2,2,0,113,8,105,1,0,1,2,1,1,2,0,2,0,0,0,0,0,0,1,0,1,1,0,1,518,274,244
29,579,0148,619993,0000,000000,KARNATAKA,Gulbarga,VILLAGE,Betjewargi,Rural,181,916,481,435,111,61,50,168,99,69,2,0,2,517,316,201,399,165,234,518,308,210,489,294,195,108,105,3,302,132,170,11,6,5,68,51,17,29,14,15,1,1,0,7,5,2,0,0,0,21,8,13,29,14,15,1,1,0,7,5,2,0,0,0,21,8,13,0,0,0,0,0,0,0,0,0,0,0,0,0,0,0,398,173,225
29,579,0148,619994,0000,000000,KARNATAKA,Gulbarga,VILLAGE,Kamalanagar,Rural,437,2204,1109,1095,246,124,122,329,171,158,1,0,1,1338,804,534,866,305,561,1164,624,540,1109,587,522,451,282,169,489,173,316,4,3,1,165,129,36,55,37,18,3,1,2,30,17,13,5,4,1,17,15,2,47,30,17,3,1,2,27,15,12,4,3,1,13,11,2,8,7,1,0,0,0,3,2,1,1,1,0,4,4,0,1040,485,555
29,579,0148,619995,0000,000000,KARNATAKA,Gulbarga,VILLAGE,Sawalgi (K),Rural,204,1159,612,547,155,79,76,596,313,283,6,4,2,576,363,213,583,249,334,698,364,334,336,198,138,146,144,2,145,20,125,2,1,1,43,33,10,362,166,196,221,101,120,95,28,67,10,5,5,36,32,4,141,84,57,62,49,13,59,18,41,6,5,1,14,12,2,221,82,139,159,52,107,36,10,26,4,0,4,22,20,2,461,248,213
29,579,0148,619996,0000,000000,KARNATAKA,Gulbarga,VILLAGE,Bilgunda,Rural,259,1422,733,689,197,105,92,525,277,248,11,6,5,714,445,269,708,288,420,634,414,220,624,408,216,275,200,75,292,161,131,1,1,0,56,46,10,10,6,4,2,0,2,1,0,1,0,0,0,7,6,1,9,5,4,2,0,2,1,0,1,0,0,0,6,5,1,1,1,0,0,0,0,0,0,0,0,0,0,1,1,0,788,319,469
29,579,0148,619997,0000,000000,KARNATAKA,Gulbarga,VILLAGE,Bhodhan,Rural,478,2685,1338,1347,371,182,189,363,168,195,1,0,1,1539,919,620,1146,419,727,1245,792,453,859,582,277,355,246,109,283,150,133,18,14,4,203,172,31,386,210,176,26,24,2,160,80,80,18,7,11,182,99,83,243,126,117,6,6,0,147,75,72,10,3,7,80,42,38,143,84,59,20,18,2,13,5,8,8,4,4,102,57,45,1440,546,894
29,579,0148,619998,0000,000000,KARNATAKA,Gulbarga,VILLAGE,Gunjbablad,Rural,310,1605,813,792,220,106,114,187,90,97,6,3,3,918,522,396,687,291,396,738,484,254,717,473,244,90,86,4,401,280,121,8,7,1,218,100,118,21,11,10,2,2,0,4,4,0,0,0,0,15,5,10,17,7,10,0,0,0,3,3,0,0,0,0,14,4,10,4,4,0,2,2,0,1,1,0,0,0,0,1,1,0,867,329,538
29,579,0148,619999,0000,000000,KARNATAKA,Gulbarga,VILLAGE,Narona,Rural,1468,7846,4006,3840,1140,583,557,2086,1051,1035,74,36,38,4239,2506,1733,3607,1500,2107,3578,2181,1397,2985,1891,1094,838,615,223,1488,774,714,54,32,22,605,470,135,593,290,303,28,15,13,302,101,201,36,16,20,227,158,69,535,273,262,26,15,11,288,99,189,29,13,16,192,146,46,58,17,41,2,0,2,14,2,12,7,3,4,35,12,23,4268,1825,2443
29,579,0148,620000,0000,000000,KARNATAKA,Gulbarga,VILLAGE,Sangolgi (C),Rural,475,2340,1218,1122,296,153,143,1048,548,500,0,0,0,1308,775,533,1032,443,589,927,635,292,799,573,226,235,202,33,437,267,170,0,0,0,127,104,23,128,62,66,2,0,2,116,53,63,0,0,0,10,9,1,103,54,49,1,0,1,95,47,48,0,0,0,7,7,0,25,8,17,1,0,1,21,6,15,0,0,0,3,2,1,1413,583,830
29,579,0148,620001,0000,000000,KARNATAKA,Gulbarga,VILLAGE,Jawalga,Rural,268,1495,730,765,224,125,99,365,184,181,0,0,0,721,409,312,774,321,453,867,419,448,542,360,182,209,162,47,215,113,102,14,10,4,104,75,29,325,59,266,28,5,23,259,46,213,11,2,9,27,6,21,317,59,258,28,5,23,254,46,208,10,2,8,25,6,19,8,0,8,0,0,0,5,0,5,1,0,1,2,0,2,628,311,317
29,579,0148,620002,0000,000000,KARNATAKA,Gulbarga,VILLAGE,Apchand,Rural,101,566,277,289,71,40,31,172,80,92,0,0,0,297,180,117,269,97,172,214,144,70,100,92,8,72,71,1,14,10,4,0,0,0,14,11,3,114,52,62,0,0,0,111,50,61,0,0,0,3,2,1,106,47,59,0,0,0,104,46,58,0,0,0,2,1,1,8,5,3,0,0,0,7,4,3,0,0,0,1,1,0,352,133,219
29,579,0148,620003,0000,000000,KARNATAKA,Gulbarga,VILLAGE,Sirchand,Rural,276,1668,861,807,201,96,105,333,174,159,0,0,0,892,552,340,776,309,467,837,474,363,461,412,49,205,201,4,100,80,20,1,1,0,155,130,25,376,62,314,22,8,14,329,37,292,2,1,1,23,16,7,326,56,270,19,7,12,282,32,250,2,1,1,23,16,7,50,6,44,3,1,2,47,5,42,0,0,0,0,0,0,831,387,444
29,579,0148,620004,0000,000000,KARNATAKA,Gulbarga,VILLAGE,Chinchansur,Rural,1106,6166,3136,3030,856,450,406,2337,1203,1134,0,0,0,3319,1969,1350,2847,1167,1680,2884,1622,1262,1190,825,365,274,240,34,499,256,243,55,46,9,362,283,79,1694,797,897,32,25,7,1098,463,635,40,9,31,524,300,224,1389,628,761,32,25,7,1087,460,627,38,9,29,232,134,98,305,169,136,0,0,0,11,3,8,2,0,2,292,166,126,3282,1514,1768
29,579,0148,620005,0000,000000,KARNATAKA,Gulbarga,VILLAGE,Rikkenalur,Rural,107,587,288,299,87,37,50,275,136,139,0,0,0,316,180,136,271,108,163,334,171,163,289,162,127,135,98,37,126,44,82,5,3,2,23,17,6,45,9,36,4,1,3,40,7,33,0,0,0,1,1,0,45,9,36,4,1,3,40,7,33,0,0,0,1,1,0,0,0,0,0,0,0,0,0,0,0,0,0,0,0,0,253,117,136
29,579,0148,620006,0000,000000,KARNATAKA,Gulbarga,VILLAGE,Keriambalga,Rural,384,2434,1252,1182,396,207,189,1010,534,476,15,7,8,1110,652,458,1324,600,724,1299,677,622,1112,589,523,530,390,140,109,53,56,19,12,7,454,134,320,187,88,99,26,18,8,30,13,17,3,2,1,128,55,73,183,87,96,26,18,8,28,13,15,3,2,1,126,54,72,4,1,3,0,0,0,2,0,2,0,0,0,2,1,1,1135,575,560
29,579,0148,620007,0000,000000,KARNATAKA,Gulbarga,VILLAGE,Kottarga,Rural,178,1174,599,575,127,68,59,72,34,38,5,2,3,711,429,282,463,170,293,583,343,240,496,296,200,288,181,107,95,27,68,15,10,5,98,78,20,87,47,40,7,3,4,38,13,25,12,8,4,30,23,7,60,33,27,5,3,2,30,10,20,8,5,3,17,15,2,27,14,13,2,0,2,8,3,5,4,3,1,13,8,5,591,256,335
29,579,0148,620008,0000,000000,KARNATAKA,Gulbarga,VILLAGE,Chincholi (K),Rural,116,571,289,282,65,36,29,103,57,46,0,0,0,342,201,141,229,88,141,244,144,100,233,138,95,71,71,0,139,49,90,0,0,0,23,18,5,11,6,5,0,0,0,10,5,5,0,0,0,1,1,0,11,6,5,0,0,0,10,5,5,0,0,0,1,1,0,0,0,0,0,0,0,0,0,0,0,0,0,0,0,0,327,145,182
29,579,0148,620009,0000,000000,KARNATAKA,Gulbarga,VILLAGE,Chincholi (B),Rural,172,1056,549,507,187,92,95,262,138,124,0,0,0,555,335,220,501,214,287,487,290,197,457,272,185,312,184,128,115,63,52,0,0,0,30,25,5,30,18,12,19,14,5,4,0,4,0,0,0,7,4,3,27,16,11,19,14,5,4,0,4,0,0,0,4,2,2,3,2,1,0,0,0,0,0,0,0,0,0,3,2,1,569,259,310
29,579,0148,620010,0000,000000,KARNATAKA,Gulbarga,VILLAGE,Padsawali,Rural,729,4204,2189,2015,615,328,287,847,443,404,15,8,7,2204,1335,869,2000,854,1146,2264,1208,1056,2121,1156,965,526,353,173,1441,688,753,14,10,4,140,105,35,143,52,91,4,1,3,107,32,75,4,1,3,28,18,10,137,52,85,4,1,3,105,32,73,2,1,1,26,18,8,6,0,6,0,0,0,2,0,2,2,0,2,2,0,2,1940,981,959
29,579,0148,620011,0000,000000,KARNATAKA,Gulbarga,VILLAGE,Hebli,Rural,522,3394,1764,1630,538,277,261,1391,728,663,1,0,1,1679,1003,676,1715,761,954,1511,898,613,1294,869,425,203,136,67,770,454,316,6,5,1,315,274,41,217,29,188,19,2,17,150,15,135,4,1,3,44,11,33,210,29,181,19,2,17,145,15,130,3,1,2,43,11,32,7,0,7,0,0,0,5,0,5,1,0,1,1,0,1,1883,866,1017
29,579,0148,620012,0000,000000,KARNATAKA,Gulbarga,VILLAGE,Telekuni,Rural,269,1428,741,687,184,100,84,171,91,80,0,0,0,828,493,335,600,248,352,663,421,242,554,365,189,122,98,24,301,158,143,3,1,2,128,108,20,109,56,53,18,12,6,86,41,45,0,0,0,5,3,2,109,56,53,18,12,6,86,41,45,0,0,0,5,3,2,0,0,0,0,0,0,0,0,0,0,0,0,0,0,0,765,320,445
29,579,0148,620013,0000,000000,KARNATAKA,Gulbarga,VILLAGE,Honhalli,Rural,244,1292,656,636,193,95,98,695,354,341,42,21,21,739,449,290,553,207,346,670,361,309,259,232,27,183,177,6,56,37,19,5,5,0,15,13,2,411,129,282,5,4,1,382,111,271,15,5,10,9,9,0,402,124,278,5,4,1,378,110,268,14,5,9,5,5,0,9,5,4,0,0,0,4,1,3,1,0,1,4,4,0,622,295,327
29,579,0148,620014,0000,000000,KARNATAKA,Gulbarga,VILLAGE,Tadkal,Rural,1040,5298,2758,2540,694,376,318,1146,608,538,291,145,146,2927,1745,1182,2371,1013,1358,2448,1488,960,2092,1380,712,289,245,44,1154,615,539,11,8,3,638,512,126,356,108,248,12,7,5,146,59,87,5,1,4,193,41,152,355,107,248,12,7,5,146,59,87,4,0,4,193,41,152,1,1,0,0,0,0,0,0,0,1,1,0,0,0,0,2850,1270,1580
29,579,0148,620015,0000,000000,KARNATAKA,Gulbarga,VILLAGE,Haltadkal,Rural,246,1373,722,651,179,105,74,17,10,7,0,0,0,796,472,324,577,250,327,634,423,211,605,413,192,160,155,5,384,211,173,0,0,0,61,47,14,29,10,19,3,2,1,19,2,17,0,0,0,7,6,1,27,9,18,3,2,1,18,2,16,0,0,0,6,5,1,2,1,1,0,0,0,1,0,1,0,0,0,1,1,0,739,299,440
29,579,0148,620016,0000,000000,KARNATAKA,Gulbarga,VILLAGE,Nasirwadi,Rural,191,1061,520,541,190,96,94,45,21,24,1000,493,507,548,312,236,513,208,305,501,268,233,305,201,104,43,37,6,231,141,90,7,6,1,24,17,7,196,67,129,6,1,5,182,63,119,4,1,3,4,2,2,186,62,124,5,1,4,178,61,117,3,0,3,0,0,0,10,5,5,1,0,1,4,2,2,1,1,0,4,2,2,560,252,308
29,579,0148,620017,0000,000000,KARNATAKA,Gulbarga,VILLAGE,Sukarwadi,Rural,131,669,346,323,93,48,45,179,88,91,31,21,10,418,244,174,251,102,149,341,173,168,147,146,1,135,135,0,4,3,1,2,2,0,6,6,0,194,27,167,5,5,0,170,11,159,1,0,1,18,11,7,193,26,167,5,5,0,170,11,159,1,0,1,17,10,7,1,1,0,0,0,0,0,0,0,0,0,0,1,1,0,328,173,155
29,579,0148,620018,0000,000000,KARNATAKA,Gulbarga,VILLAGE,Walwandwadi,Rural,113,702,349,353,74,38,36,201,101,100,62,28,34,431,251,180,271,98,173,174,152,22,157,142,15,85,85,0,19,15,4,1,0,1,52,42,10,17,10,7,2,0,2,7,3,4,1,1,0,7,6,1,17,10,7,2,0,2,7,3,4,1,1,0,7,6,1,0,0,0,0,0,0,0,0,0,0,0,0,0,0,0,528,197,331
29,579,0148,620019,0000,000000,KARNATAKA,Gulbarga,VILLAGE,Degaon,Rural,270,1539,787,752,234,109,125,385,208,177,1,0,1,813,501,312,726,286,440,886,486,400,680,386,294,118,110,8,498,228,270,7,5,2,57,43,14,206,100,106,21,21,0,131,41,90,16,11,5,38,27,11,155,83,72,20,20,0,97,36,61,12,8,4,26,19,7,51,17,34,1,1,0,34,5,29,4,3,1,12,8,4,653,301,352
29,579,0148,620020,0000,000000,KARNATAKA,Gulbarga,VILLAGE,Kunisangavi,Rural,305,1589,775,814,213,107,106,243,119,124,31,21,10,930,521,409,659,254,405,811,425,386,440,287,153,382,249,133,26,15,11,3,3,0,29,20,9,371,138,233,67,49,18,231,38,193,20,12,8,53,39,14,297,118,179,61,46,15,181,31,150,8,5,3,47,36,11,74,20,54,6,3,3,50,7,43,12,7,5,6,3,3,778,350,428
29,579,0148,620021,0000,000000,KARNATAKA,Gulbarga,VILLAGE,Munhalli,Rural,773,3995,2026,1969,524,274,250,784,388,396,19,9,10,2260,1328,932,1735,698,1037,1829,1105,724,1308,835,473,441,329,112,567,263,304,28,14,14,272,229,43,521,270,251,3,3,0,507,260,247,3,0,3,8,7,1,518,268,250,3,3,0,506,259,247,2,0,2,7,6,1,3,2,1,0,0,0,1,1,0,1,0,1,1,1,0,2166,921,1245
29,579,0148,620022,0000,000000,KARNATAKA,Gulbarga,VILLAGE,Hallisalgar,Rural,442,2429,1251,1178,382,194,188,624,325,299,0,0,0,1200,733,467,1229,518,711,1166,702,464,878,550,328,25,24,1,798,484,314,8,7,1,47,35,12,288,152,136,0,0,0,280,146,134,2,1,1,6,5,1,287,151,136,0,0,0,279,145,134,2,1,1,6,5,1,1,1,0,0,0,0,1,1,0,0,0,0,0,0,0,1263,549,714
29,579,0148,620023,0000,000000,KARNATAKA,Gulbarga,VILLAGE,Mamdapur,Rural,165,877,449,428,138,72,66,368,197,171,174,83,91,365,229,136,512,220,292,497,264,233,259,236,23,60,59,1,139,126,13,8,7,1,52,44,8,238,28,210,6,6,0,90,6,84,2,1,1,140,15,125,236,27,209,6,6,0,88,5,83,2,1,1,140,15,125,2,1,1,0,0,0,2,1,1,0,0,0,0,0,0,380,185,195
29,579,0148,620024,0000,000000,KARNATAKA,Gulbarga,VILLAGE,Aland (Rural),Rural,507,3296,1734,1562,593,324,269,3286,1728,1558,8,5,3,1229,828,401,2067,906,1161,1755,881,874,1646,845,801,533,302,231,814,327,487,6,3,3,293,213,80,109,36,73,4,3,1,93,29,64,0,0,0,12,4,8,107,36,71,4,3,1,92,29,63,0,0,0,11,4,7,2,0,2,0,0,0,1,0,1,0,0,0,1,0,1,1541,853,688
29,579,0148,620025,0000,000000,KARNATAKA,Gulbarga,VILLAGE,Jeerhalli,Rural,266,1474,789,685,189,107,82,789,431,358,7,3,4,757,470,287,717,319,398,775,449,326,707,419,288,168,150,18,203,151,52,19,5,14,317,113,204,68,30,38,6,4,2,11,6,5,3,0,3,48,20,28,67,30,37,6,4,2,11,6,5,3,0,3,47,20,27,1,0,1,0,0,0,0,0,0,0,0,0,1,0,1,699,340,359
29,579,0148,620026,0000,000000,KARNATAKA,Gulbarga,VILLAGE,Khanapur,Rural,279,1562,825,737,219,116,103,170,91,79,0,0,0,931,573,358,631,252,379,782,399,383,415,373,42,315,299,16,54,35,19,5,5,0,41,34,7,367,26,341,11,5,6,345,14,331,3,1,2,8,6,2,367,26,341,11,5,6,345,14,331,3,1,2,8,6,2,0,0,0,0,0,0,0,0,0,0,0,0,0,0,0,780,426,354
29,579,0148,620027,0000,000000,KARNATAKA,Gulbarga,VILLAGE,Jamga.J,Rural,304,1664,837,827,203,110,93,412,207,205,0,0,0,899,528,371,765,309,456,941,511,430,908,499,409,333,246,87,533,220,313,4,4,0,38,29,9,33,12,21,3,0,3,19,4,15,6,5,1,5,3,2,28,9,19,2,0,2,19,4,15,4,3,1,3,2,1,5,3,2,1,0,1,0,0,0,2,2,0,2,1,1,723,326,397
29,579,0148,620028,0000,000000,KARNATAKA,Gulbarga,VILLAGE,Shakhapur,Rural,186,1014,507,507,187,97,90,178,88,90,560,289,271,326,210,116,688,297,391,457,267,190,264,188,76,83,71,12,124,75,49,0,0,0,57,42,15,193,79,114,6,4,2,138,53,85,1,0,1,48,22,26,179,72,107,6,4,2,137,52,85,1,0,1,35,16,19,14,7,7,0,0,0,1,1,0,0,0,0,13,6,7,557,240,317
29,579,0148,620029,0000,000000,KARNATAKA,Gulbarga,VILLAGE,Jidga,Rural,416,2354,1206,1148,303,150,153,574,291,283,0,0,0,1299,764,535,1055,442,613,1138,651,487,1117,641,476,423,259,164,544,256,288,2,0,2,148,126,22,21,10,11,9,4,5,8,3,5,0,0,0,4,3,1,19,9,10,8,3,5,7,3,4,0,0,0,4,3,1,2,1,1,1,1,0,1,0,1,0,0,0,0,0,0,1216,555,661
29,579,0148,620030,0000,000000,KARNATAKA,Gulbarga,VILLAGE,Gulhalli,Rural,234,1224,637,587,193,96,97,620,324,296,5,3,2,580,360,220,644,277,367,730,366,364,726,363,363,441,222,219,11,0,11,5,5,0,269,136,133,4,3,1,1,0,1,0,0,0,1,1,0,2,2,0,4,3,1,1,0,1,0,0,0,1,1,0,2,2,0,0,0,0,0,0,0,0,0,0,0,0,0,0,0,0,494,271,223
29,579,0148,620031,0000,000000,KARNATAKA,Gulbarga,VILLAGE,Rajwal,Rural,122,806,424,382,134,68,66,79,45,34,218,114,104,385,239,146,421,185,236,284,234,50,226,220,6,12,12,0,138,136,2,1,1,0,75,71,4,58,14,44,0,0,0,50,10,40,0,0,0,8,4,4,52,10,42,0,0,0,48,9,39,0,0,0,4,1,3,6,4,2,0,0,0,2,1,1,0,0,0,4,3,1,522,190,332
29,579,0148,620032,0000,000000,KARNATAKA,Gulbarga,VILLAGE,Sangolgi,Rural,250,1517,789,728,191,92,99,466,245,221,191,90,101,841,519,322,676,270,406,649,421,228,541,385,156,158,153,5,200,80,120,0,0,0,183,152,31,108,36,72,0,0,0,105,34,71,1,0,1,2,2,0,108,36,72,0,0,0,105,34,71,1,0,1,2,2,0,0,0,0,0,0,0,0,0,0,0,0,0,0,0,0,868,368,500
29,579,0148,620033,0000,000000,KARNATAKA,Gulbarga,VILLAGE,Kodalhangerga,Rural,591,3227,1661,1566,457,246,211,1262,643,619,70,33,37,1667,1017,650,1560,644,916,1589,865,724,586,432,154,147,137,10,235,135,100,17,13,4,187,147,40,1003,433,570,18,9,9,820,328,492,48,21,27,117,75,42,849,356,493,13,8,5,733,289,444,33,14,19,70,45,25,154,77,77,5,1,4,87,39,48,15,7,8,47,30,17,1638,796,842
29,579,0148,620034,0000,000000,KARNATAKA,Gulbarga,VILLAGE,Yelinawadgi,Rural,287,1551,811,740,201,98,103,324,179,145,16,9,7,652,403,249,899,408,491,801,455,346,423,276,147,71,69,2,275,141,134,18,17,1,59,49,10,378,179,199,3,2,1,362,167,195,4,3,1,9,7,2,360,173,187,3,2,1,346,163,183,4,3,1,7,5,2,18,6,12,0,0,0,16,4,12,0,0,0,2,2,0,750,356,394
29,579,0148,620035,0000,000000,KARNATAKA,Gulbarga,VILLAGE,Bolani,Rural,315,1771,917,854,188,100,88,331,174,157,0,0,0,1073,643,430,698,274,424,748,496,252,707,479,228,280,200,80,287,171,116,7,6,1,133,102,31,41,17,24,3,2,1,34,14,20,0,0,0,4,1,3,35,16,19,3,2,1,28,13,15,0,0,0,4,1,3,6,1,5,0,0,0,6,1,5,0,0,0,0,0,0,1023,421,602
29,579,0148,620036,0000,000000,KARNATAKA,Gulbarga,VILLAGE,Hiroli,Rural,801,4517,2384,2133,556,290,266,747,383,364,22,11,11,2371,1451,920,2146,933,1213,2177,1295,882,1020,801,219,172,142,30,436,330,106,113,84,29,299,245,54,1157,494,663,23,15,8,853,310,543,103,45,58,178,124,54,1093,460,633,22,14,8,841,305,536,91,43,48,139,98,41,64,34,30,1,1,0,12,5,7,12,2,10,39,26,13,2340,1089,1251
29,579,0148,620037,0000,000000,KARNATAKA,Gulbarga,VILLAGE,Sarasamba,Rural,839,4403,2290,2113,574,296,278,801,403,398,30,16,14,2468,1499,969,1935,791,1144,1906,1175,731,1386,987,399,410,359,51,525,293,232,16,9,7,435,326,109,520,188,332,19,13,6,301,91,210,18,6,12,182,78,104,427,152,275,15,10,5,267,79,188,7,2,5,138,61,77,93,36,57,4,3,1,34,12,22,11,4,7,44,17,27,2497,1115,1382
29,579,0148,620038,0000,000000,KARNATAKA,Gulbarga,VILLAGE,Nagelagaon,Rural,216,1191,597,594,132,65,67,350,171,179,0,0,0,704,412,292,487,185,302,482,310,172,167,140,27,70,70,0,37,22,15,1,1,0,59,47,12,315,170,145,12,11,1,182,66,116,10,8,2,111,85,26,199,80,119,6,5,1,151,45,106,8,6,2,34,24,10,116,90,26,6,6,0,31,21,10,2,2,0,77,61,16,709,287,422
29,579,0148,620039,0000,000000,KARNATAKA,Gulbarga,VILLAGE,Chalgera,Rural,227,1213,607,606,166,78,88,296,144,152,0,0,0,620,379,241,593,228,365,654,347,307,635,340,295,261,196,65,266,75,191,6,3,3,102,66,36,19,7,12,3,2,1,3,2,1,4,2,2,9,1,8,14,7,7,3,2,1,3,2,1,3,2,1,5,1,4,5,0,5,0,0,0,0,0,0,1,0,1,4,0,4,559,260,299
29,579,0148,620040,0000,000000,KARNATAKA,Gulbarga,VILLAGE,Allapur (H),Rural,0,0,0,0,0,0,0,0,0,0,0,0,0,0,0,0,0,0,0,0,0,0,0,0,0,0,0,0,0,0,0,0,0,0,0,0,0,0,0,0,0,0,0,0,0,0,0,0,0,0,0,0,0,0,0,0,0,0,0,0,0,0,0,0,0,0,0,0,0,0,0,0,0,0,0,0,0,0,0,0,0,0,0,0,0
29,579,0148,620041,0000,000000,KARNATAKA,Gulbarga,VILLAGE,Bhimpur,Rural,127,792,408,384,132,69,63,152,78,74,0,0,0,382,233,149,410,175,235,438,221,217,162,132,30,75,70,5,65,47,18,2,2,0,20,13,7,276,89,187,1,1,0,236,62,174,1,1,0,38,25,13,262,84,178,1,1,0,231,61,170,1,1,0,29,21,8,14,5,9,0,0,0,5,1,4,0,0,0,9,4,5,354,187,167
29,579,0148,620042,0000,000000,KARNATAKA,Gulbarga,VILLAGE,Kamanhalli,Rural,163,866,429,437,128,63,65,76,34,42,0,0,0,387,234,153,479,195,284,438,235,203,375,226,149,253,145,108,73,45,28,0,0,0,49,36,13,63,9,54,12,1,11,47,5,42,0,0,0,4,3,1,63,9,54,12,1,11,47,5,42,0,0,0,4,3,1,0,0,0,0,0,0,0,0,0,0,0,0,0,0,0,428,194,234
29,579,0148,620043,0000,000000,KARNATAKA,Gulbarga,VILLAGE,Sakkerga,Rural,200,973,485,488,124,61,63,123,63,60,0,0,0,521,301,220,452,184,268,441,241,200,209,175,34,112,109,3,59,33,26,0,0,0,38,33,5,232,66,166,13,3,10,195,46,149,0,0,0,24,17,7,228,64,164,13,3,10,191,44,147,0,0,0,24,17,7,4,2,2,0,0,0,4,2,2,0,0,0,0,0,0,532,244,288
29,579,0148,620044,0000,000000,KARNATAKA,Gulbarga,VILLAGE,Sawleshwar,Rural,449,2531,1317,1214,359,190,169,373,194,179,1,0,1,1313,791,522,1218,526,692,1145,667,478,732,483,249,106,99,7,538,319,219,7,6,1,81,59,22,413,184,229,10,6,4,380,165,215,6,3,3,17,10,7,406,177,229,9,5,4,377,162,215,5,2,3,15,8,7,7,7,0,1,1,0,3,3,0,1,1,0,2,2,0,1386,650,736
29,579,0148,620045,0000,000000,KARNATAKA,Gulbarga,VILLAGE,Kinihabas,Rural,201,1065,557,508,122,63,59,350,179,171,5,1,4,624,401,223,441,156,285,612,313,299,470,245,225,317,163,154,106,46,60,0,0,0,47,36,11,142,68,74,2,2,0,128,59,69,0,0,0,12,7,5,139,65,74,2,2,0,126,57,69,0,0,0,11,6,5,3,3,0,0,0,0,2,2,0,0,0,0,1,1,0,453,244,209
29,579,0148,620046,0000,000000,KARNATAKA,Gulbarga,VILLAGE,Mogha (B),Rural,275,1521,787,734,247,131,116,506,254,252,32,14,18,797,489,308,724,298,426,447,373,74,198,180,18,118,114,4,23,19,4,38,34,4,19,13,6,249,193,56,14,7,7,114,98,16,46,35,11,75,53,22,216,166,50,13,6,7,112,97,15,27,21,6,64,42,22,33,27,6,1,1,0,2,1,1,19,14,5,11,11,0,1074,414,660
29,579,0148,620047,0000,000000,KARNATAKA,Gulbarga,VILLAGE,Khatarbad,Rural,29,161,80,81,26,13,13,38,21,17,0,0,0,78,44,34,83,36,47,83,44,39,50,34,16,19,19,0,24,9,15,0,0,0,7,6,1,33,10,23,0,0,0,32,9,23,0,0,0,1,1,0,26,6,20,0,0,0,25,5,20,0,0,0,1,1,0,7,4,3,0,0,0,7,4,3,0,0,0,0,0,0,78,36,42
29,579,0148,620048,0000,000000,KARNATAKA,Gulbarga,VILLAGE,Ikkalki,Rural,183,1011,519,492,112,66,46,154,78,76,0,0,0,543,328,215,468,191,277,490,268,222,273,223,50,165,148,17,65,36,29,3,3,0,40,36,4,217,45,172,14,5,9,178,27,151,3,0,3,22,13,9,215,43,172,13,4,9,178,27,151,3,0,3,21,12,9,2,2,0,1,1,0,0,0,0,0,0,0,1,1,0,521,251,270
29,579,0148,620049,0000,000000,KARNATAKA,Gulbarga,VILLAGE,Allapur.J,Rural,143,766,410,356,93,59,34,82,44,38,6,5,1,427,267,160,339,143,196,315,197,118,213,160,53,76,74,2,74,36,38,0,0,0,63,50,13,102,37,65,1,1,0,4,1,3,0,0,0,97,35,62,101,37,64,1,1,0,3,1,2,0,0,0,97,35,62,1,0,1,0,0,0,1,0,1,0,0,0,0,0,0,451,213,238
29,579,0148,620050,0000,000000,KARNATAKA,Gulbarga,VILLAGE,Mogha (K),Rural,156,1056,554,502,166,89,77,332,168,164,0,0,0,642,384,258,414,170,244,529,320,209,523,317,206,134,131,3,275,86,189,0,0,0,114,100,14,6,3,3,2,2,0,2,0,2,0,0,0,2,1,1,6,3,3,2,2,0,2,0,2,0,0,0,2,1,1,0,0,0,0,0,0,0,0,0,0,0,0,0,0,0,527,234,293
29,579,0148,620051,0000,000000,KARNATAKA,Gulbarga,VILLAGE,Ambewad,Rural,277,1554,834,720,224,125,99,150,80,70,0,0,0,886,538,348,668,296,372,665,439,226,392,305,87,267,208,59,69,49,20,0,0,0,56,48,8,273,134,139,5,2,3,255,126,129,0,0,0,13,6,7,261,131,130,5,2,3,246,123,123,0,0,0,10,6,4,12,3,9,0,0,0,9,3,6,0,0,0,3,0,3,889,395,494
29,579,0148,620052,0000,000000,KARNATAKA,Gulbarga,VILLAGE,Ningdhalli,Rural,282,1329,666,663,145,80,65,179,90,89,1,0,1,659,388,271,670,278,392,754,392,362,428,379,49,297,287,10,88,61,27,15,12,3,28,19,9,326,13,313,3,1,2,320,11,309,1,0,1,2,1,1,316,13,303,3,1,2,310,11,299,1,0,1,2,1,1,10,0,10,0,0,0,10,0,10,0,0,0,0,0,0,575,274,301
29,579,0148,620053,0000,000000,KARNATAKA,Gulbarga,VILLAGE,Kerur,Rural,216,1021,500,521,150,74,76,308,161,147,65,30,35,490,280,210,531,220,311,583,301,282,562,296,266,163,102,61,314,141,173,16,4,12,69,49,20,21,5,16,2,1,1,11,3,8,3,0,3,5,1,4,19,5,14,2,1,1,10,3,7,2,0,2,5,1,4,2,0,2,0,0,0,1,0,1,1,0,1,0,0,0,438,199,239
29,579,0148,620054,0000,000000,KARNATAKA,Gulbarga,VILLAGE,Dargasirur,Rural,357,2164,1107,1057,308,162,146,548,295,253,102,41,61,1012,620,392,1152,487,665,977,581,396,827,526,301,232,203,29,352,126,226,15,9,6,228,188,40,150,55,95,5,4,1,113,32,81,8,5,3,24,14,10,144,51,93,5,4,1,112,31,81,8,5,3,19,11,8,6,4,2,0,0,0,1,1,0,0,0,0,5,3,2,1187,526,661
29,579,0148,620055,0000,000000,KARNATAKA,Gulbarga,VILLAGE,Madan Hipperga,Rural,1734,9243,4692,4551,1398,704,694,1850,942,908,119,67,52,4823,2865,1958,4420,1827,2593,4343,2494,1849,3802,2253,1549,583,483,100,2179,1023,1156,233,134,99,807,613,194,541,241,300,12,8,4,294,110,184,123,62,61,112,61,51,519,233,286,11,8,3,289,108,181,117,60,57,102,57,45,22,8,14,1,0,1,5,2,3,6,2,4,10,4,6,4900,2198,2702
29,579,0148,620056,0000,000000,KARNATAKA,Gulbarga,VILLAGE,Nimbal,Rural,683,3741,1930,1811,451,240,211,988,499,489,57,34,23,2002,1210,792,1739,720,1019,1982,1077,905,1487,1008,479,420,390,30,808,422,386,31,22,9,228,174,54,495,69,426,80,17,63,319,21,298,35,2,33,61,29,32,465,65,400,76,17,59,313,21,292,23,1,22,53,26,27,30,4,26,4,0,4,6,0,6,12,1,11,8,3,5,1759,853,906
29,579,0148,620057,0000,000000,KARNATAKA,Gulbarga,VILLAGE,Khedomerga,Rural,152,887,475,412,77,44,33,294,165,129,0,0,0,513,325,188,374,150,224,516,263,253,229,205,24,20,20,0,143,127,16,5,5,0,61,53,8,287,58,229,1,1,0,281,56,225,1,0,1,4,1,3,284,56,228,1,1,0,278,54,224,1,0,1,4,1,3,3,2,1,0,0,0,3,2,1,0,0,0,0,0,0,371,212,159
29,579,0148,620058,0000,000000,KARNATAKA,Gulbarga,VILLAGE,Madgunki,Rural,280,1437,711,726,152,70,82,181,92,89,0,0,0,877,490,387,560,221,339,713,378,335,328,232,96,147,123,24,62,12,50,7,5,2,112,92,20,385,146,239,11,7,4,74,11,63,16,5,11,284,123,161,385,146,239,11,7,4,74,11,63,16,5,11,284,123,161,0,0,0,0,0,0,0,0,0,0,0,0,0,0,0,724,333,391
29,579,0148,620059,0000,000000,KARNATAKA,Gulbarga,VILLAGE,Zalki,Rural,248,1374,713,661,198,102,96,438,227,211,2,1,1,657,418,239,717,295,422,665,404,261,415,311,104,231,174,57,70,37,33,3,3,0,111,97,14,250,93,157,4,0,4,235,83,152,0,0,0,11,10,1,243,90,153,4,0,4,228,80,148,0,0,0,11,10,1,7,3,4,0,0,0,7,3,4,0,0,0,0,0,0,709,309,400
29,579,0148,620060,0000,000000,KARNATAKA,Gulbarga,VILLAGE,Zalki (K),Rural,428,2457,1297,1160,370,190,180,849,425,424,127,68,59,1166,739,427,1291,558,733,1159,658,501,448,416,32,245,236,9,70,65,5,0,0,0,133,115,18,711,242,469,2,2,0,699,233,466,0,0,0,10,7,3,701,237,464,1,1,0,690,229,461,0,0,0,10,7,3,10,5,5,1,1,0,9,4,5,0,0,0,0,0,0,1298,639,659
29,579,0148,620061,0000,000000,KARNATAKA,Gulbarga,VILLAGE,Kawalga,Rural,625,3059,1563,1496,420,207,213,463,237,226,0,0,0,1607,950,657,1452,613,839,1362,842,520,1046,794,252,400,392,8,427,199,228,14,14,0,205,189,16,316,48,268,13,3,10,292,36,256,0,0,0,11,9,2,316,48,268,13,3,10,292,36,256,0,0,0,11,9,2,0,0,0,0,0,0,0,0,0,0,0,0,0,0,0,1697,721,976
29,579,0148,620062,0000,000000,KARNATAKA,Gulbarga,VILLAGE,Bhusnoor,Rural,998,5190,2659,2531,663,340,323,1021,547,474,12,5,7,3038,1812,1226,2152,847,1305,2107,1471,636,1579,1200,379,494,467,27,534,264,270,25,23,2,526,446,80,528,271,257,15,5,10,432,211,221,2,1,1,79,54,25,510,262,248,9,3,6,428,211,217,1,1,0,72,47,25,18,9,9,6,2,4,4,0,4,1,0,1,7,7,0,3083,1188,1895
29,579,0148,620063,0000,000000,KARNATAKA,Gulbarga,VILLAGE,Vijaynagar,Rural,84,556,292,264,118,64,54,553,290,263,1,0,1,251,163,88,305,129,176,259,136,123,257,135,122,55,52,3,177,63,114,0,0,0,25,20,5,2,1,1,0,0,0,1,1,0,0,0,0,1,0,1,2,1,1,0,0,0,1,1,0,0,0,0,1,0,1,0,0,0,0,0,0,0,0,0,0,0,0,0,0,0,297,156,141
29,579,0148,620064,0000,000000,KARNATAKA,Gulbarga,VILLAGE,Korhalli,Rural,451,2477,1290,1187,309,171,138,397,217,180,0,0,0,1377,840,537,1100,450,650,1010,669,341,902,644,258,261,250,11,392,176,216,25,24,1,224,194,30,108,25,83,5,2,3,82,12,70,0,0,0,21,11,10,100,24,76,4,1,3,75,12,63,0,0,0,21,11,10,8,1,7,1,1,0,7,0,7,0,0,0,0,0,0,1467,621,846
29,579,0148,620065,0000,000000,KARNATAKA,Gulbarga,VILLAGE,Dhuttagaon,Rural,895,5088,2640,2448,689,345,344,1306,673,633,64,31,33,2472,1531,941,2616,1109,1507,2565,1486,1079,2148,1282,866,735,502,233,822,442,380,27,21,6,564,317,247,417,204,213,7,4,3,336,146,190,12,9,3,62,45,17,405,199,206,7,4,3,330,144,186,10,8,2,58,43,15,12,5,7,0,0,0,6,2,4,2,1,1,4,2,2,2523,1154,1369
29,579,0148,620066,0000,000000,KARNATAKA,Gulbarga,VILLAGE,Ladchincholi,Rural,541,2976,1590,1386,420,221,199,1084,596,488,0,0,0,1405,901,504,1571,689,882,1419,887,532,1052,797,255,304,279,25,540,335,205,5,3,2,203,180,23,367,90,277,4,4,0,294,57,237,2,0,2,67,29,38,361,87,274,3,3,0,293,57,236,2,0,2,63,27,36,6,3,3,1,1,0,1,0,1,0,0,0,4,2,2,1557,703,854
29,579,0148,620067,0000,000000,KARNATAKA,Gulbarga,VILLAGE,Nellur,Rural,245,1337,685,652,165,84,81,262,129,133,0,0,0,731,443,288,606,242,364,640,423,217,455,281,174,161,126,35,288,150,138,0,0,0,6,5,1,185,142,43,6,5,1,178,136,42,0,0,0,1,1,0,18,15,3,2,2,0,16,13,3,0,0,0,0,0,0,167,127,40,4,3,1,162,123,39,0,0,0,1,1,0,697,262,435
29,579,0148,620068,0000,000000,KARNATAKA,Gulbarga,VILLAGE,Dhannur,Rural,391,2409,1227,1182,316,150,166,1067,549,518,1,1,0,1290,735,555,1119,492,627,1027,651,376,948,589,359,223,219,4,417,225,192,2,0,2,306,145,161,79,62,17,4,3,1,30,23,7,3,2,1,42,34,8,70,55,15,4,3,1,27,21,6,2,1,1,37,30,7,9,7,2,0,0,0,3,2,1,1,1,0,5,4,1,1382,576,806
29,579,0148,620069,0000,000000,KARNATAKA,Gulbarga,VILLAGE,Tellur,Rural,158,960,472,488,131,65,66,195,90,105,0,0,0,606,341,265,354,131,223,489,270,219,484,267,217,265,135,130,73,28,45,6,0,6,140,104,36,5,3,2,0,0,0,1,0,1,0,0,0,4,3,1,5,3,2,0,0,0,1,0,1,0,0,0,4,3,1,0,0,0,0,0,0,0,0,0,0,0,0,0,0,0,471,202,269
29,579,0148,620070,0000,000000,KARNATAKA,Gulbarga,VILLAGE,Gola (B),Rural,878,5275,2736,2539,830,434,396,1762,920,842,27,18,9,2420,1486,934,2855,1250,1605,2341,1499,842,1741,1205,536,562,512,50,863,420,443,9,5,4,307,268,39,600,294,306,6,3,3,548,253,295,1,0,1,45,38,7,598,293,305,6,3,3,546,252,294,1,0,1,45,38,7,2,1,1,0,0,0,2,1,1,0,0,0,0,0,0,2934,1237,1697
29,579,0148,620071,0000,000000,KARNATAKA,Gulbarga,VILLAGE,Kadganchi,Rural,1342,8100,4186,3914,1115,566,549,1796,933,863,19,8,11,4323,2574,1749,3777,1612,2165,3851,2332,1519,2568,1863,705,905,801,104,1043,528,515,15,8,7,605,526,79,1283,469,814,97,37,60,1046,335,711,10,3,7,130,94,36,1232,455,777,91,36,55,1008,328,680,10,3,7,123,88,35,51,14,37,6,1,5,38,7,31,0,0,0,7,6,1,4249,1854,2395
29,579,0148,620072,0000,000000,KARNATAKA,Gulbarga,VILLAGE,Sunthnoor,Rural,524,2814,1420,1394,333,173,160,687,355,332,3,0,3,1514,915,599,1300,505,795,1168,733,435,796,535,261,194,167,27,290,113,177,11,10,1,301,245,56,372,198,174,3,2,1,24,6,18,6,3,3,339,187,152,79,43,36,1,1,0,24,6,18,4,2,2,50,34,16,293,155,138,2,1,1,0,0,0,2,1,1,289,153,136,1646,687,959
29,579,0148,620073,0000,000000,KARNATAKA,Gulbarga,VILLAGE,Alur (B),Rural,204,1107,568,539,133,67,66,232,121,111,0,0,0,577,364,213,530,204,326,609,330,279,414,270,144,163,118,45,170,83,87,5,5,0,76,64,12,195,60,135,5,2,3,90,16,74,25,6,19,75,36,39,158,43,115,5,2,3,82,14,68,20,5,15,51,22,29,37,17,20,0,0,0,8,2,6,5,1,4,24,14,10,498,238,260
29,579,0148,620074,0000,000000,KARNATAKA,Gulbarga,VILLAGE,Bomanhalli,Rural,244,1409,603,806,175,78,97,192,95,97,238,120,118,595,317,278,814,286,528,630,341,289,456,272,184,46,40,6,359,194,165,0,0,0,51,38,13,174,69,105,10,5,5,131,47,84,0,0,0,33,17,16,163,62,101,10,5,5,124,44,80,0,0,0,29,13,16,11,7,4,0,0,0,7,3,4,0,0,0,4,4,0,779,262,517
29,579,0148,620075,0000,000000,KARNATAKA,Gulbarga,VILLAGE,Nimberga,Rural,1460,7844,4077,3767,1043,540,503,3156,1616,1540,32,11,21,3940,2465,1475,3904,1612,2292,3436,2182,1254,2800,1791,1009,913,651,262,469,238,231,31,25,6,1387,877,510,636,391,245,47,30,17,446,247,199,14,13,1,129,101,28,596,370,226,30,19,11,429,241,188,13,13,0,124,97,27,40,21,19,17,11,6,17,6,11,1,0,1,5,4,1,4408,1895,2513
29,579,0148,620076,0000,000000,KARNATAKA,Gulbarga,VILLAGE,Battarga,Rural,290,1730,899,831,254,123,131,434,229,205,0,0,0,895,555,340,835,344,491,754,459,295,722,440,282,182,179,3,442,183,259,13,9,4,85,69,16,32,19,13,2,2,0,8,1,7,1,1,0,21,15,6,27,17,10,2,2,0,8,1,7,1,1,0,16,13,3,5,2,3,0,0,0,0,0,0,0,0,0,5,2,3,976,440,536
29,579,0148,620077,0000,000000,KARNATAKA,Gulbarga,VILLAGE,Dhangapur,Rural,436,2340,1190,1150,373,174,199,517,265,252,1,1,0,1240,748,492,1100,442,658,1113,658,455,967,593,374,175,165,10,652,337,315,7,5,2,133,86,47,146,65,81,3,2,1,134,57,77,0,0,0,9,6,3,142,62,80,3,2,1,133,57,76,0,0,0,6,3,3,4,3,1,0,0,0,1,0,1,0,0,0,3,3,0,1227,532,695
29,579,0148,620078,0000,000000,KARNATAKA,Gulbarga,VILLAGE,Devanti,Rural,203,1075,554,521,142,75,67,225,115,110,0,0,0,495,306,189,580,248,332,630,341,289,417,289,128,79,74,5,271,156,115,7,6,1,60,53,7,213,52,161,6,4,2,185,38,147,3,1,2,19,9,10,136,27,109,6,4,2,119,16,103,3,1,2,8,6,2,77,25,52,0,0,0,66,22,44,0,0,0,11,3,8,445,213,232
29,579,0148,620079,0000,000000,KARNATAKA,Gulbarga,VILLAGE,Jawali.D,Rural,324,1673,838,835,232,107,125,372,191,181,0,0,0,894,533,361,779,305,474,863,467,396,704,431,273,209,183,26,382,177,205,25,8,17,88,63,25,159,36,123,5,3,2,113,23,90,6,2,4,35,8,27,158,36,122,5,3,2,113,23,90,6,2,4,34,8,26,1,0,1,0,0,0,0,0,0,0,0,0,1,0,1,810,371,439
29,579,0148,620080,0000,000000,KARNATAKA,Gulbarga,VILLAGE,Hithal Sirur,Rural,490,3136,1604,1532,440,208,232,668,338,330,39,22,17,1529,941,588,1607,663,944,1600,864,736,1120,791,329,177,152,25,768,507,261,20,14,6,155,118,37,480,73,407,10,3,7,395,55,340,0,0,0,75,15,60,476,73,403,9,3,6,393,55,338,0,0,0,74,15,59,4,0,4,1,0,1,2,0,2,0,0,0,1,0,1,1536,740,796
29,579,0148,620081,0000,000000,KARNATAKA,Gulbarga,VILLAGE,Madiyal,Rural,1283,6762,3520,3242,860,454,406,1837,947,890,260,141,119,3427,2105,1322,3335,1415,1920,3624,1948,1676,3174,1882,1292,1058,827,231,1777,783,994,7,5,2,332,267,65,450,66,384,20,8,12,407,45,362,7,4,3,16,9,7,441,63,378,18,8,10,406,44,362,3,3,0,14,8,6,9,3,6,2,0,2,1,1,0,4,1,3,2,1,1,3138,1572,1566
29,579,0148,620082,0000,000000,KARNATAKA,Gulbarga,VILLAGE,Hadalgi,Rural,689,3504,1778,1726,491,238,253,1099,555,544,0,0,0,1741,1037,704,1763,741,1022,1747,981,766,1660,948,712,676,531,145,870,319,551,7,5,2,107,93,14,87,33,54,2,1,1,81,31,50,0,0,0,4,1,3,86,33,53,2,1,1,80,31,49,0,0,0,4,1,3,1,0,1,0,0,0,1,0,1,0,0,0,0,0,0,1757,797,960
29,579,0148,620083,0000,000000,KARNATAKA,Gulbarga,VILLAGE,Yelsangi,Rural,919,4995,2570,2425,721,386,335,1085,550,535,7,3,4,2531,1504,1027,2464,1066,1398,2370,1399,971,1243,835,408,501,425,76,439,171,268,43,29,14,260,210,50,1127,564,563,35,10,25,895,437,458,19,9,10,178,108,70,1111,560,551,35,10,25,881,433,448,18,9,9,177,108,69,16,4,12,0,0,0,14,4,10,1,0,1,1,0,1,2625,1171,1454
29,579,0148,620084,0000,000000,KARNATAKA,Gulbarga,VILLAGE,Benisirur,Rural,410,2335,1217,1118,327,166,161,425,219,206,0,0,0,1128,707,421,1207,510,697,1127,641,486,786,508,278,418,295,123,223,93,130,26,22,4,119,98,21,341,133,208,3,2,1,273,92,181,15,8,7,50,31,19,331,128,203,3,2,1,268,90,178,13,6,7,47,30,17,10,5,5,0,0,0,5,2,3,2,2,0,3,1,2,1208,576,632
29,579,0148,620085,0000,000000,KARNATAKA,Gulbarga,VILLAGE,Kudki,Rural,211,1304,658,646,182,93,89,255,117,138,0,0,0,874,497,377,430,161,269,575,366,209,571,364,207,255,198,57,278,139,139,1,1,0,37,26,11,4,2,2,1,1,0,1,0,1,0,0,0,2,1,1,4,2,2,1,1,0,1,0,1,0,0,0,2,1,1,0,0,0,0,0,0,0,0,0,0,0,0,0,0,0,729,292,437
29,579,0148,620086,0000,000000,KARNATAKA,Gulbarga,VILLAGE,Sharananagar,Rural,113,545,264,281,84,47,37,127,63,64,11,6,5,247,145,102,298,119,179,308,149,159,68,48,20,29,19,10,0,0,0,1,1,0,38,28,10,240,101,139,3,0,3,235,100,135,0,0,0,2,1,1,234,97,137,2,0,2,230,96,134,0,0,0,2,1,1,6,4,2,1,0,1,5,4,1,0,0,0,0,0,0,237,115,122
29,579,0148,620087,0000,000000,KARNATAKA,Gulbarga,VILLAGE,Vaijapur,Rural,140,889,445,444,120,58,62,231,120,111,0,0,0,533,314,219,356,131,225,365,255,110,317,220,97,49,47,2,184,106,78,0,0,0,84,67,17,48,35,13,2,2,0,35,24,11,0,0,0,11,9,2,47,34,13,2,2,0,35,24,11,0,0,0,10,8,2,1,1,0,0,0,0,0,0,0,0,0,0,1,1,0,524,190,334
29,579,0149,000000,0000,000000,KARNATAKA,Gulbarga,CD BLOCK,Afzalpur ,Total,34740,193251,99165,94086,29037,14993,14044,38516,19958,18558,1991,1004,987,97953,59471,38482,95298,39694,55604,85667,52129,33538,63914,43023,20891,22464,18160,4304,28614,14609,14005,1162,860,302,11674,9394,2280,21753,9106,12647,1127,512,615,15383,5785,9598,480,286,194,4763,2523,2240,19642,8176,11466,1069,487,582,14516,5550,8966,437,263,174,3620,1876,1744,2111,930,1181,58,25,33,867,235,632,43,23,20,1143,647,496,107584,47036,60548
29,579,0149,000000,0000,000000,KARNATAKA,Gulbarga,CD BLOCK,Afzalpur ,Rural,34740,193251,99165,94086,29037,14993,14044,38516,19958,18558,1991,1004,987,97953,59471,38482,95298,39694,55604,85667,52129,33538,63914,43023,20891,22464,18160,4304,28614,14609,14005,1162,860,302,11674,9394,2280,21753,9106,12647,1127,512,615,15383,5785,9598,480,286,194,4763,2523,2240,19642,8176,11466,1069,487,582,14516,5550,8966,437,263,174,3620,1876,1744,2111,930,1181,58,25,33,867,235,632,43,23,20,1143,647,496,107584,47036,60548
29,579,0149,000000,0000,000000,KARNATAKA,Gulbarga,CD BLOCK,Afzalpur ,Urban,0,0,0,0,0,0,0,0,0,0,0,0,0,0,0,0,0,0,0,0,0,0,0,0,0,0,0,0,0,0,0,0,0,0,0,0,0,0,0,0,0,0,0,0,0,0,0,0,0,0,0,0,0,0,0,0,0,0,0,0,0,0,0,0,0,0,0,0,0,0,0,0,0,0,0,0,0,0,0,0,0,0,0,0,0
29,579,0149,620088,0000,000000,KARNATAKA,Gulbarga,VILLAGE,Mannur,Rural,2428,12866,6683,6183,1959,1052,907,1097,556,541,77,43,34,6669,3991,2678,6197,2692,3505,5004,3478,1526,3919,3112,807,1471,1291,180,1602,1091,511,107,95,12,739,635,104,1085,366,719,14,8,6,965,281,684,40,23,17,66,54,12,777,269,508,10,7,3,674,196,478,39,23,16,54,43,11,308,97,211,4,1,3,291,85,206,1,0,1,12,11,1,7862,3205,4657
29,579,0149,620089,0000,000000,KARNATAKA,Gulbarga,VILLAGE,Vithalnagar,Rural,180,969,529,440,132,71,61,53,31,22,0,0,0,355,221,134,614,308,306,572,346,226,558,337,221,218,162,56,323,168,155,1,0,1,16,7,9,14,9,5,4,3,1,10,6,4,0,0,0,0,0,0,3,1,2,0,0,0,3,1,2,0,0,0,0,0,0,11,8,3,4,3,1,7,5,2,0,0,0,0,0,0,397,183,214
29,579,0149,620090,0000,000000,KARNATAKA,Gulbarga,VILLAGE,Mashal,Rural,2012,11015,5637,5378,1594,807,787,2786,1445,1341,29,12,17,5755,3477,2278,5260,2160,3100,4654,2914,1740,3787,2585,1202,958,833,125,2016,1101,915,74,61,13,739,590,149,867,329,538,54,23,31,599,228,371,16,8,8,198,70,128,787,306,481,50,19,31,530,214,316,15,7,8,192,66,126,80,23,57,4,4,0,69,14,55,1,1,0,6,4,2,6361,2723,3638
29,579,0149,620091,0000,000000,KARNATAKA,Gulbarga,VILLAGE,Jevargi(B),Rural,312,1502,771,731,170,87,83,306,158,148,6,3,3,860,546,314,642,225,417,695,423,272,453,356,97,160,158,2,219,137,82,8,8,0,66,53,13,242,67,175,1,1,0,226,55,171,1,0,1,14,11,3,240,65,175,1,1,0,225,54,171,1,0,1,13,10,3,2,2,0,0,0,0,1,1,0,0,0,0,1,1,0,807,348,459
29,579,0149,620092,0000,000000,KARNATAKA,Gulbarga,VILLAGE,Jevargi (K),Rural,100,493,249,244,66,29,37,59,27,32,0,0,0,277,167,110,216,82,134,180,136,44,157,123,34,57,49,8,74,57,17,0,0,0,26,17,9,23,13,10,1,1,0,20,10,10,0,0,0,2,2,0,22,12,10,1,1,0,19,9,10,0,0,0,2,2,0,1,1,0,0,0,0,1,1,0,0,0,0,0,0,0,313,113,200
29,579,0149,620093,0000,000000,KARNATAKA,Gulbarga,VILLAGE,Nanderga,Rural,286,1968,1015,953,292,154,138,326,165,161,0,0,0,1004,610,394,964,405,559,893,544,349,360,306,54,200,176,24,84,70,14,5,4,1,71,56,15,533,238,295,4,3,1,517,223,294,1,1,0,11,11,0,405,201,204,4,3,1,391,188,203,1,1,0,9,9,0,128,37,91,0,0,0,126,35,91,0,0,0,2,2,0,1075,471,604
29,579,0149,620094,0000,000000,KARNATAKA,Gulbarga,VILLAGE,Telloni,Rural,227,1445,745,700,226,115,111,353,172,181,0,0,0,577,348,229,868,397,471,707,385,322,398,375,23,238,237,1,152,133,19,0,0,0,8,5,3,309,10,299,7,5,2,301,4,297,0,0,0,1,1,0,307,10,297,7,5,2,299,4,295,0,0,0,1,1,0,2,0,2,0,0,0,2,0,2,0,0,0,0,0,0,738,360,378
29,579,0149,620095,0000,000000,KARNATAKA,Gulbarga,VILLAGE,Diksanga (K),Rural,254,1516,768,748,227,120,107,198,97,101,0,0,0,752,462,290,764,306,458,660,371,289,657,370,287,132,132,0,493,214,279,0,0,0,32,24,8,3,1,2,1,1,0,0,0,0,0,0,0,2,0,2,3,1,2,1,1,0,0,0,0,0,0,0,2,0,2,0,0,0,0,0,0,0,0,0,0,0,0,0,0,0,856,397,459
29,579,0149,620096,0000,000000,KARNATAKA,Gulbarga,VILLAGE,Karajagi,Rural,1321,7708,3976,3732,1152,594,558,930,479,451,11,6,5,3866,2330,1536,3842,1646,2196,3385,2076,1309,2544,1871,673,717,683,34,1246,712,534,15,12,3,566,464,102,841,205,636,98,9,89,669,144,525,15,10,5,59,42,17,802,191,611,97,8,89,642,138,504,15,10,5,48,35,13,39,14,25,1,1,0,27,6,21,0,0,0,11,7,4,4323,1900,2423
29,579,0149,620097,0000,000000,KARNATAKA,Gulbarga,VILLAGE,Ramnagar,Rural,126,685,359,326,99,53,46,0,0,0,7,4,3,328,195,133,357,164,193,234,171,63,145,133,12,53,51,2,64,59,5,1,1,0,27,22,5,89,38,51,12,11,1,76,26,50,0,0,0,1,1,0,84,35,49,10,9,1,73,25,48,0,0,0,1,1,0,5,3,2,2,2,0,3,1,2,0,0,0,0,0,0,451,188,263
29,579,0149,620098,0000,000000,KARNATAKA,Gulbarga,VILLAGE,Kodagnur,Rural,223,1350,678,672,218,102,116,147,68,79,2,2,0,666,380,286,684,298,386,766,401,365,761,399,362,527,272,255,169,79,90,14,14,0,51,34,17,5,2,3,1,1,0,0,0,0,0,0,0,4,1,3,5,2,3,1,1,0,0,0,0,0,0,0,4,1,3,0,0,0,0,0,0,0,0,0,0,0,0,0,0,0,584,277,307
29,579,0149,620099,0000,000000,KARNATAKA,Gulbarga,VILLAGE,Shivoor,Rural,333,1866,916,950,282,126,156,132,59,73,0,0,0,941,545,396,925,371,554,928,512,416,912,503,409,449,277,172,368,157,211,3,3,0,92,66,26,16,9,7,1,0,1,6,3,3,0,0,0,9,6,3,16,9,7,1,0,1,6,3,3,0,0,0,9,6,3,0,0,0,0,0,0,0,0,0,0,0,0,0,0,0,938,404,534
29,579,0149,620100,0000,000000,KARNATAKA,Gulbarga,VILLAGE,Udchan,Rural,1216,6956,3549,3407,1087,551,536,640,340,300,5,3,2,3331,2024,1307,3625,1525,2100,3033,1890,1143,2074,1439,635,951,705,246,795,452,343,39,32,7,289,250,39,959,451,508,32,16,16,902,418,484,7,3,4,18,14,4,944,446,498,30,15,15,891,416,475,7,3,4,16,12,4,15,5,10,2,1,1,11,2,9,0,0,0,2,2,0,3923,1659,2264
29,579,0149,620101,0000,000000,KARNATAKA,Gulbarga,VILLAGE,Diggi,Rural,33,178,87,91,33,15,18,4,2,2,0,0,0,75,45,30,103,42,61,80,45,35,57,36,21,54,33,21,2,2,0,0,0,0,1,1,0,23,9,14,7,0,7,11,5,6,0,0,0,5,4,1,23,9,14,7,0,7,11,5,6,0,0,0,5,4,1,0,0,0,0,0,0,0,0,0,0,0,0,0,0,0,98,42,56
29,579,0149,620102,0000,000000,KARNATAKA,Gulbarga,VILLAGE,Bhankalga,Rural,229,1273,667,606,142,77,65,201,114,87,0,0,0,679,416,263,594,251,343,682,354,328,455,314,141,81,81,0,285,159,126,0,0,0,89,74,15,227,40,187,0,0,0,217,32,185,0,0,0,10,8,2,221,36,185,0,0,0,214,31,183,0,0,0,7,5,2,6,4,2,0,0,0,3,1,2,0,0,0,3,3,0,591,313,278
29,579,0149,620103,0000,000000,KARNATAKA,Gulbarga,VILLAGE,Shirwad,Rural,254,1558,813,745,238,128,110,420,214,206,59,30,29,791,483,308,767,330,437,701,399,302,693,396,297,115,105,10,445,179,266,0,0,0,133,112,21,8,3,5,0,0,0,6,2,4,0,0,0,2,1,1,8,3,5,0,0,0,6,2,4,0,0,0,2,1,1,0,0,0,0,0,0,0,0,0,0,0,0,0,0,0,857,414,443
29,579,0149,620104,0000,000000,KARNATAKA,Gulbarga,VILLAGE,Algi (K),Rural,145,795,412,383,154,79,75,254,135,119,0,0,0,435,267,168,360,145,215,388,211,177,49,46,3,35,34,1,3,3,0,6,5,1,5,4,1,339,165,174,15,9,6,276,120,156,10,6,4,38,30,8,339,165,174,15,9,6,276,120,156,10,6,4,38,30,8,0,0,0,0,0,0,0,0,0,0,0,0,0,0,0,407,201,206
29,579,0149,620105,0000,000000,KARNATAKA,Gulbarga,VILLAGE,Algi (B),Rural,664,3389,1742,1647,496,258,238,549,300,249,0,0,0,1653,984,669,1736,758,978,1542,922,620,1254,794,460,421,319,102,718,375,343,15,13,2,100,87,13,288,128,160,81,8,73,184,107,77,0,0,0,23,13,10,285,127,158,81,8,73,181,106,75,0,0,0,23,13,10,3,1,2,0,0,0,3,1,2,0,0,0,0,0,0,1847,820,1027
29,579,0149,620106,0000,000000,KARNATAKA,Gulbarga,VILLAGE,Bhosga,Rural,413,2353,1211,1142,384,191,193,322,166,156,0,0,0,1083,677,406,1270,534,736,1196,658,538,924,556,368,635,371,264,159,84,75,8,7,1,122,94,28,272,102,170,13,8,5,31,17,14,11,9,2,217,68,149,268,100,168,13,8,5,31,17,14,11,9,2,213,66,147,4,2,2,0,0,0,0,0,0,0,0,0,4,2,2,1157,553,604
29,579,0149,620107,0000,000000,KARNATAKA,Gulbarga,VILLAGE,Hiriyal,Rural,117,619,320,299,110,65,45,51,23,28,0,0,0,354,202,152,265,118,147,287,170,117,283,167,116,56,54,2,213,105,108,7,5,2,7,3,4,4,3,1,0,0,0,4,3,1,0,0,0,0,0,0,4,3,1,0,0,0,4,3,1,0,0,0,0,0,0,0,0,0,0,0,0,0,0,0,0,0,0,0,0,0,332,150,182
29,579,0149,620108,0000,000000,KARNATAKA,Gulbarga,VILLAGE,Dudangi,Rural,138,856,452,404,132,70,62,128,69,59,0,0,0,483,306,177,373,146,227,402,268,134,344,218,126,154,141,13,150,46,104,7,5,2,33,26,7,58,50,8,7,4,3,39,35,4,2,2,0,10,9,1,51,44,7,6,4,2,37,33,4,1,1,0,7,6,1,7,6,1,1,0,1,2,2,0,1,1,0,3,3,0,454,184,270
29,579,0149,620109,0000,000000,KARNATAKA,Gulbarga,VILLAGE,Mangaroli,Rural,149,930,467,463,136,65,71,34,23,11,0,0,0,406,250,156,524,217,307,504,268,236,326,210,116,182,127,55,133,76,57,1,0,1,10,7,3,178,58,120,12,3,9,151,45,106,6,5,1,9,5,4,177,57,120,12,3,9,150,44,106,6,5,1,9,5,4,1,1,0,0,0,0,1,1,0,0,0,0,0,0,0,426,199,227
29,579,0149,620110,0000,000000,KARNATAKA,Gulbarga,VILLAGE,Soan,Rural,238,1208,626,582,186,104,82,141,73,68,1,0,1,681,415,266,527,211,316,395,299,96,343,282,61,137,117,20,147,118,29,19,14,5,40,33,7,52,17,35,2,1,1,42,12,30,4,3,1,4,1,3,49,15,34,2,1,1,42,12,30,2,1,1,3,1,2,3,2,1,0,0,0,0,0,0,2,2,0,1,0,1,813,327,486
29,579,0149,620111,0000,000000,KARNATAKA,Gulbarga,VILLAGE,Belundgi,Rural,94,601,324,277,94,49,45,97,52,45,0,0,0,381,244,137,220,80,140,304,158,146,168,153,15,107,103,4,21,17,4,0,0,0,40,33,7,136,5,131,29,3,26,104,2,102,0,0,0,3,0,3,133,4,129,28,3,25,103,1,102,0,0,0,2,0,2,3,1,2,1,0,1,1,1,0,0,0,0,1,0,1,297,166,131
29,579,0149,620112,0000,000000,KARNATAKA,Gulbarga,VILLAGE,Gour (K),Rural,274,1741,910,831,242,130,112,316,165,151,8,4,4,578,372,206,1163,538,625,985,510,475,971,505,466,276,268,8,585,195,390,1,1,0,109,41,68,14,5,9,1,1,0,3,2,1,0,0,0,10,2,8,13,4,9,0,0,0,3,2,1,0,0,0,10,2,8,1,1,0,1,1,0,0,0,0,0,0,0,0,0,0,756,400,356
29,579,0149,620113,0000,000000,KARNATAKA,Gulbarga,VILLAGE,Gour (B),Rural,318,1709,881,828,211,103,108,429,227,202,0,0,0,1141,673,468,568,208,360,825,498,327,386,314,72,136,131,5,222,164,58,2,2,0,26,17,9,439,184,255,11,7,4,359,123,236,22,21,1,47,33,14,418,172,246,11,7,4,347,117,230,19,19,0,41,29,12,21,12,9,0,0,0,12,6,6,3,2,1,6,4,2,884,383,501
29,579,0149,620114,0000,000000,KARNATAKA,Gulbarga,VILLAGE,Belurgi,Rural,745,4674,2466,2208,695,370,325,1960,1047,913,64,32,32,2470,1540,930,2204,926,1278,2061,1292,769,1908,1246,662,531,401,130,992,518,474,6,5,1,379,322,57,153,46,107,0,0,0,64,22,42,0,0,0,89,24,65,141,41,100,0,0,0,64,22,42,0,0,0,77,19,58,12,5,7,0,0,0,0,0,0,0,0,0,12,5,7,2613,1174,1439
29,579,0149,620115,0000,000000,KARNATAKA,Gulbarga,VILLAGE,Badadal,Rural,690,4206,2139,2067,693,346,347,948,478,470,0,0,0,1953,1179,774,2253,960,1293,1448,1128,320,1392,1081,311,260,249,11,1009,728,281,11,10,1,112,94,18,56,47,9,4,3,1,31,23,8,16,16,0,5,5,0,56,47,9,4,3,1,31,23,8,16,16,0,5,5,0,0,0,0,0,0,0,0,0,0,0,0,0,0,0,0,2758,1011,1747
29,579,0149,620116,0000,000000,KARNATAKA,Gulbarga,VILLAGE,Arjungi,Rural,403,2500,1323,1177,435,243,192,1587,838,749,2,2,0,1314,835,479,1186,488,698,871,580,291,520,439,81,242,237,5,147,93,54,1,1,0,130,108,22,351,141,210,1,1,0,340,134,206,3,0,3,7,6,1,310,125,185,0,0,0,302,120,182,2,0,2,6,5,1,41,16,25,1,1,0,38,14,24,1,0,1,1,1,0,1629,743,886
29,579,0149,620117,0000,000000,KARNATAKA,Gulbarga,VILLAGE,Kulali,Rural,206,1021,522,499,126,58,68,324,176,148,0,0,0,541,336,205,480,186,294,482,310,172,478,308,170,138,125,13,273,129,144,0,0,0,67,54,13,4,2,2,2,1,1,2,1,1,0,0,0,0,0,0,4,2,2,2,1,1,2,1,1,0,0,0,0,0,0,0,0,0,0,0,0,0,0,0,0,0,0,0,0,0,539,212,327
29,579,0149,620118,0000,000000,KARNATAKA,Gulbarga,VILLAGE,Revoor (K),Rural,111,614,314,300,89,46,43,299,151,148,0,0,0,238,146,92,376,168,208,358,186,172,358,186,172,129,69,60,212,107,105,3,1,2,14,9,5,0,0,0,0,0,0,0,0,0,0,0,0,0,0,0,0,0,0,0,0,0,0,0,0,0,0,0,0,0,0,0,0,0,0,0,0,0,0,0,0,0,0,0,0,0,256,128,128
29,579,0149,620119,0000,000000,KARNATAKA,Gulbarga,VILLAGE,Bamni,Rural,0,0,0,0,0,0,0,0,0,0,0,0,0,0,0,0,0,0,0,0,0,0,0,0,0,0,0,0,0,0,0,0,0,0,0,0,0,0,0,0,0,0,0,0,0,0,0,0,0,0,0,0,0,0,0,0,0,0,0,0,0,0,0,0,0,0,0,0,0,0,0,0,0,0,0,0,0,0,0,0,0,0,0,0,0
29,579,0149,620120,0000,000000,KARNATAKA,Gulbarga,VILLAGE,Revoor (B),Rural,609,3032,1490,1542,433,205,228,718,350,368,6,3,3,1446,850,596,1586,640,946,1633,903,730,1471,877,594,505,352,153,745,348,397,11,10,1,210,167,43,162,26,136,13,4,9,114,10,104,2,2,0,33,10,23,51,20,31,8,4,4,27,6,21,2,2,0,14,8,6,111,6,105,5,0,5,87,4,83,0,0,0,19,2,17,1399,587,812
29,579,0149,620121,0000,000000,KARNATAKA,Gulbarga,VILLAGE,Chincholi,Rural,639,3520,1803,1717,513,266,247,764,395,369,8,2,6,1846,1115,731,1674,688,986,1776,979,797,1642,935,707,833,509,324,630,281,349,17,13,4,162,132,30,134,44,90,39,16,23,69,12,57,6,3,3,20,13,7,129,41,88,38,16,22,69,12,57,6,3,3,16,10,6,5,3,2,1,0,1,0,0,0,0,0,0,4,3,1,1744,824,920
29,579,0149,620122,0000,000000,KARNATAKA,Gulbarga,VILLAGE,Haliyal,Rural,165,1075,519,556,152,77,75,264,125,139,0,0,0,588,327,261,487,192,295,522,259,263,497,254,243,156,143,13,290,72,218,9,6,3,42,33,9,25,5,20,2,0,2,10,0,10,1,0,1,12,5,7,25,5,20,2,0,2,10,0,10,1,0,1,12,5,7,0,0,0,0,0,0,0,0,0,0,0,0,0,0,0,553,260,293
29,579,0149,620123,0000,000000,KARNATAKA,Gulbarga,VILLAGE,Afzalpur (Rural),Rural,0,0,0,0,0,0,0,0,0,0,0,0,0,0,0,0,0,0,0,0,0,0,0,0,0,0,0,0,0,0,0,0,0,0,0,0,0,0,0,0,0,0,0,0,0,0,0,0,0,0,0,0,0,0,0,0,0,0,0,0,0,0,0,0,0,0,0,0,0,0,0,0,0,0,0,0,0,0,0,0,0,0,0,0,0
29,579,0149,620124,0000,000000,KARNATAKA,Gulbarga,VILLAGE,Matoli,Rural,294,1556,800,756,235,107,128,45,25,20,0,0,0,897,563,334,659,237,422,775,427,348,415,358,57,229,226,3,125,76,49,3,3,0,58,53,5,360,69,291,2,1,1,357,68,289,0,0,0,1,0,1,360,69,291,2,1,1,357,68,289,0,0,0,1,0,1,0,0,0,0,0,0,0,0,0,0,0,0,0,0,0,781,373,408
29,579,0149,620125,0000,000000,KARNATAKA,Gulbarga,VILLAGE,Mallabad,Rural,543,3100,1619,1481,489,261,228,483,246,237,47,18,29,1455,916,539,1645,703,942,1410,819,591,1108,717,391,382,336,46,454,160,294,6,6,0,266,215,51,302,102,200,3,2,1,264,77,187,2,1,1,33,22,11,296,99,197,3,2,1,259,75,184,2,1,1,32,21,11,6,3,3,0,0,0,5,2,3,0,0,0,1,1,0,1690,800,890
29,579,0149,620126,0000,000000,KARNATAKA,Gulbarga,VILLAGE,Bilwad (K),Rural,184,1118,557,561,205,112,93,200,95,105,0,0,0,536,333,203,582,224,358,518,272,246,492,268,224,82,80,2,364,152,212,4,3,1,42,33,9,26,4,22,1,0,1,24,3,21,0,0,0,1,1,0,26,4,22,1,0,1,24,3,21,0,0,0,1,1,0,0,0,0,0,0,0,0,0,0,0,0,0,0,0,0,600,285,315
29,579,0149,620127,0000,000000,KARNATAKA,Gulbarga,VILLAGE,Tellur,Rural,380,2287,1204,1083,357,178,179,449,239,210,2,2,0,1026,680,346,1261,524,737,849,614,235,518,490,28,376,368,8,18,14,4,12,9,3,112,99,13,331,124,207,28,18,10,244,59,185,2,2,0,57,45,12,327,124,203,28,18,10,242,59,183,2,2,0,55,45,10,4,0,4,0,0,0,2,0,2,0,0,0,2,0,2,1438,590,848
29,579,0149,620128,0000,000000,KARNATAKA,Gulbarga,VILLAGE,Anur,Rural,379,2126,1075,1051,288,142,146,395,203,192,7,4,3,1081,680,401,1045,395,650,990,561,429,671,432,239,184,149,35,377,198,179,10,7,3,100,78,22,319,129,190,8,6,2,217,73,144,23,9,14,71,41,30,307,121,186,8,6,2,214,70,144,21,9,12,64,36,28,12,8,4,0,0,0,3,3,0,2,0,2,7,5,2,1136,514,622
29,579,0149,620129,0000,000000,KARNATAKA,Gulbarga,VILLAGE,Banhatti,Rural,76,489,262,227,79,44,35,86,48,38,0,0,0,208,128,80,281,134,147,152,120,32,141,117,24,87,81,6,35,26,9,7,1,6,12,9,3,11,3,8,1,1,0,1,1,0,5,0,5,4,1,3,5,3,2,1,1,0,1,1,0,2,0,2,1,1,0,6,0,6,0,0,0,0,0,0,3,0,3,3,0,3,337,142,195
29,579,0149,620130,0000,000000,KARNATAKA,Gulbarga,VILLAGE,Shivpur,Rural,170,909,473,436,173,88,85,74,31,43,0,0,0,481,316,165,428,157,271,457,237,220,453,235,218,141,73,68,297,154,143,2,0,2,13,8,5,4,2,2,1,0,1,3,2,1,0,0,0,0,0,0,4,2,2,1,0,1,3,2,1,0,0,0,0,0,0,0,0,0,0,0,0,0,0,0,0,0,0,0,0,0,452,236,216
29,579,0149,620131,0000,000000,KARNATAKA,Gulbarga,VILLAGE,Kesapur,Rural,51,221,112,109,27,14,13,25,13,12,0,0,0,114,71,43,107,41,66,122,65,57,72,43,29,49,30,19,15,7,8,0,0,0,8,6,2,50,22,28,2,1,1,41,18,23,4,2,2,3,1,2,49,22,27,2,1,1,41,18,23,4,2,2,2,1,1,1,0,1,0,0,0,0,0,0,0,0,0,1,0,1,99,47,52
29,579,0149,620132,0000,000000,KARNATAKA,Gulbarga,VILLAGE,Hinchgera,Rural,303,1651,858,793,212,116,96,211,109,102,0,0,0,817,494,323,834,364,470,732,448,284,556,358,198,357,276,81,139,33,106,30,25,5,30,24,6,176,90,86,3,1,2,104,31,73,7,6,1,62,52,10,143,66,77,3,1,2,102,31,71,6,5,1,32,29,3,33,24,9,0,0,0,2,0,2,1,1,0,30,23,7,919,410,509
29,579,0149,620133,0000,000000,KARNATAKA,Gulbarga,VILLAGE,Kalur,Rural,425,2404,1225,1179,376,208,168,420,215,205,1,0,1,1024,618,406,1380,607,773,1126,567,559,977,545,432,309,286,23,559,195,364,26,9,17,83,55,28,149,22,127,12,8,4,115,4,111,8,1,7,14,9,5,144,19,125,11,8,3,115,4,111,7,1,6,11,6,5,5,3,2,1,0,1,0,0,0,1,0,1,3,3,0,1278,658,620
29,579,0149,620134,0000,000000,KARNATAKA,Gulbarga,VILLAGE,Bilwad (B),Rural,40,283,142,141,40,16,24,124,52,72,0,0,0,151,93,58,132,49,83,82,63,19,67,62,5,46,44,2,14,14,0,0,0,0,7,4,3,15,1,14,0,0,0,15,1,14,0,0,0,0,0,0,15,1,14,0,0,0,15,1,14,0,0,0,0,0,0,0,0,0,0,0,0,0,0,0,0,0,0,0,0,0,201,79,122
29,579,0149,620135,0000,000000,KARNATAKA,Gulbarga,VILLAGE,Karkanahalli,Rural,186,1162,569,593,189,94,95,202,112,90,7,4,3,557,352,205,605,217,388,627,316,311,168,137,31,70,68,2,72,47,25,4,3,1,22,19,3,459,179,280,4,2,2,445,172,273,5,1,4,5,4,1,457,178,279,4,2,2,445,172,273,3,0,3,5,4,1,2,1,1,0,0,0,0,0,0,2,1,1,0,0,0,535,253,282
29,579,0149,620136,0000,000000,KARNATAKA,Gulbarga,VILLAGE,Batgera,Rural,134,721,370,351,126,68,58,215,116,99,6,2,4,405,253,152,316,117,199,338,180,158,298,173,125,121,78,43,128,58,70,2,1,1,47,36,11,40,7,33,20,2,18,17,4,13,1,0,1,2,1,1,34,6,28,20,2,18,13,4,9,0,0,0,1,0,1,6,1,5,0,0,0,4,0,4,1,0,1,1,1,0,383,190,193
29,579,0149,620137,0000,000000,KARNATAKA,Gulbarga,VILLAGE,Guolnur,Rural,205,1205,608,597,218,109,109,139,77,62,9,4,5,609,398,211,596,210,386,474,290,184,144,137,7,106,105,1,21,21,0,1,1,0,16,10,6,330,153,177,3,1,2,319,147,172,1,1,0,7,4,3,329,152,177,3,1,2,319,147,172,1,1,0,6,3,3,1,1,0,0,0,0,0,0,0,0,0,0,1,1,0,731,318,413
29,579,0149,620138,0000,000000,KARNATAKA,Gulbarga,VILLAGE,Ingalgi (K),Rural,39,188,103,85,34,19,15,45,28,17,0,0,0,89,61,28,99,42,57,101,56,45,93,53,40,18,18,0,56,17,39,1,0,1,18,18,0,8,3,5,1,1,0,4,0,4,0,0,0,3,2,1,8,3,5,1,1,0,4,0,4,0,0,0,3,2,1,0,0,0,0,0,0,0,0,0,0,0,0,0,0,0,87,47,40
29,579,0149,620139,0000,000000,KARNATAKA,Gulbarga,VILLAGE,Hawalga,Rural,575,2457,1305,1152,397,217,180,402,206,196,60,35,25,1148,703,445,1309,602,707,1305,791,514,571,395,176,234,187,47,183,62,121,6,5,1,148,141,7,734,396,338,6,6,0,722,385,337,0,0,0,6,5,1,733,396,337,6,6,0,721,385,336,0,0,0,6,5,1,1,0,1,0,0,0,1,0,1,0,0,0,0,0,0,1152,514,638
29,579,0149,620140,0000,000000,KARNATAKA,Gulbarga,VILLAGE,Ghatterga,Rural,544,2945,1486,1459,497,231,266,567,281,286,17,8,9,1524,911,613,1421,575,846,1245,773,472,852,615,237,503,349,154,138,86,52,20,20,0,191,160,31,393,158,235,12,7,5,62,26,36,1,0,1,318,125,193,279,97,182,12,7,5,62,26,36,1,0,1,204,64,140,114,61,53,0,0,0,0,0,0,0,0,0,114,61,53,1700,713,987
29,579,0149,620141,0000,000000,KARNATAKA,Gulbarga,VILLAGE,Kolnur,Rural,103,600,299,301,110,55,55,108,59,49,0,0,0,257,156,101,343,143,200,335,166,169,323,159,164,77,76,1,224,67,157,3,2,1,19,14,5,12,7,5,0,0,0,10,5,5,0,0,0,2,2,0,12,7,5,0,0,0,10,5,5,0,0,0,2,2,0,0,0,0,0,0,0,0,0,0,0,0,0,0,0,0,265,133,132
29,579,0149,620142,0000,000000,KARNATAKA,Gulbarga,VILLAGE,Guddewadi,Rural,142,757,400,357,153,83,70,115,57,58,0,0,0,327,203,124,430,197,233,403,204,199,399,204,195,209,123,86,178,73,105,0,0,0,12,8,4,4,0,4,3,0,3,1,0,1,0,0,0,0,0,0,4,0,4,3,0,3,1,0,1,0,0,0,0,0,0,0,0,0,0,0,0,0,0,0,0,0,0,0,0,0,354,196,158
29,579,0149,620143,0000,000000,KARNATAKA,Gulbarga,VILLAGE,Sidnur,Rural,256,1379,726,653,222,125,97,432,227,205,0,0,0,624,390,234,755,336,419,694,402,292,648,381,267,160,119,41,430,215,215,9,3,6,49,44,5,46,21,25,4,3,1,33,12,21,0,0,0,9,6,3,46,21,25,4,3,1,33,12,21,0,0,0,9,6,3,0,0,0,0,0,0,0,0,0,0,0,0,0,0,0,685,324,361
29,579,0149,620144,0000,000000,KARNATAKA,Gulbarga,VILLAGE,Ankalga,Rural,375,2105,1101,1004,344,182,162,443,229,214,1,1,0,1055,641,414,1050,460,590,744,490,254,689,449,240,203,172,31,416,219,197,13,10,3,57,48,9,55,41,14,18,15,3,24,16,8,6,4,2,7,6,1,49,40,9,17,15,2,21,15,6,4,4,0,7,6,1,6,1,5,1,0,1,3,1,2,2,0,2,0,0,0,1361,611,750
29,579,0149,620145,0000,000000,KARNATAKA,Gulbarga,VILLAGE,Goudgaon,Rural,317,1615,841,774,212,112,100,161,88,73,0,0,0,976,602,374,639,239,400,905,485,420,157,138,19,60,59,1,49,38,11,0,0,0,48,41,7,748,347,401,5,5,0,680,308,372,0,0,0,63,34,29,740,344,396,5,5,0,678,308,370,0,0,0,57,31,26,8,3,5,0,0,0,2,0,2,0,0,0,6,3,3,710,356,354
29,579,0149,620146,0000,000000,KARNATAKA,Gulbarga,VILLAGE,Kognur,Rural,442,2563,1288,1275,369,174,195,336,152,184,52,22,30,1348,821,527,1215,467,748,1101,678,423,747,546,201,190,158,32,346,215,131,4,4,0,207,169,38,354,132,222,3,2,1,273,79,194,4,2,2,74,49,25,340,128,212,3,2,1,268,79,189,4,2,2,65,45,20,14,4,10,0,0,0,5,0,5,0,0,0,9,4,5,1462,610,852
29,579,0149,620147,0000,000000,KARNATAKA,Gulbarga,VILLAGE,Gudur,Rural,729,4200,2143,2057,648,338,310,1181,596,585,2,1,1,2411,1454,957,1789,689,1100,1525,1024,501,932,781,151,175,174,1,81,48,33,111,82,29,565,477,88,593,243,350,1,1,0,155,62,93,21,8,13,416,172,244,586,238,348,1,1,0,151,59,92,21,8,13,413,170,243,7,5,2,0,0,0,4,3,1,0,0,0,3,2,1,2675,1119,1556
29,579,0149,620148,0000,000000,KARNATAKA,Gulbarga,VILLAGE,Neeloor,Rural,714,4375,2222,2153,650,325,325,1313,677,636,1,1,0,2050,1244,806,2325,978,1347,1646,1108,538,942,781,161,257,245,12,291,189,102,24,23,1,370,324,46,704,327,377,64,17,47,460,181,279,14,7,7,166,122,44,605,285,320,53,16,37,411,164,247,12,6,6,129,99,30,99,42,57,11,1,10,49,17,32,2,1,1,37,23,14,2729,1114,1615
29,579,0149,620149,0000,000000,KARNATAKA,Gulbarga,VILLAGE,Bhairamadgi,Rural,539,2809,1419,1390,359,188,171,419,225,194,6,1,5,1495,893,602,1314,526,788,1183,781,402,496,391,105,255,219,36,85,47,38,24,23,1,132,102,30,687,390,297,143,86,57,180,95,85,55,42,13,309,167,142,677,383,294,142,85,57,180,95,85,55,42,13,300,161,139,10,7,3,1,1,0,0,0,0,0,0,0,9,6,3,1626,638,988
29,579,0149,620150,0000,000000,KARNATAKA,Gulbarga,VILLAGE,Diksanga (B),Rural,217,1168,593,575,172,90,82,149,77,72,0,0,0,685,406,279,483,187,296,498,320,178,103,90,13,60,57,3,7,7,0,1,1,0,35,25,10,395,230,165,0,0,0,386,221,165,0,0,0,9,9,0,394,229,165,0,0,0,385,220,165,0,0,0,9,9,0,1,1,0,0,0,0,1,1,0,0,0,0,0,0,0,670,273,397
29,579,0149,620151,0000,000000,KARNATAKA,Gulbarga,VILLAGE,Karbhosga,Rural,245,1202,594,608,205,99,106,173,87,86,0,0,0,576,347,229,626,247,379,655,331,324,180,170,10,150,145,5,3,2,1,12,12,0,15,11,4,475,161,314,10,9,1,415,118,297,6,6,0,44,28,16,431,130,301,10,9,1,415,118,297,1,1,0,5,2,3,44,31,13,0,0,0,0,0,0,5,5,0,39,26,13,547,263,284
29,579,0149,620152,0000,000000,KARNATAKA,Gulbarga,VILLAGE,Bhognalli,Rural,266,1545,808,737,275,134,141,162,82,80,0,0,0,769,478,291,776,330,446,670,452,218,595,405,190,276,183,93,225,137,88,1,1,0,93,84,9,75,47,28,2,1,1,37,21,16,29,23,6,7,2,5,75,47,28,2,1,1,37,21,16,29,23,6,7,2,5,0,0,0,0,0,0,0,0,0,0,0,0,0,0,0,875,356,519
29,579,0149,620153,0000,000000,KARNATAKA,Gulbarga,VILLAGE,Atnoor,Rural,974,4905,2553,2352,691,353,338,524,265,259,12,8,4,2512,1544,968,2393,1009,1384,1968,1350,618,1189,934,255,600,511,89,341,213,128,11,8,3,237,202,35,779,416,363,21,15,6,599,277,322,6,6,0,153,118,35,759,402,357,21,15,6,593,275,318,3,3,0,142,109,33,20,14,6,0,0,0,6,2,4,3,3,0,11,9,2,2937,1203,1734
29,579,0149,620154,0000,000000,KARNATAKA,Gulbarga,VILLAGE,Madra (K),Rural,103,711,374,337,91,49,42,257,130,127,0,0,0,429,263,166,282,111,171,390,206,184,390,206,184,95,52,43,243,122,121,18,10,8,34,22,12,0,0,0,0,0,0,0,0,0,0,0,0,0,0,0,0,0,0,0,0,0,0,0,0,0,0,0,0,0,0,0,0,0,0,0,0,0,0,0,0,0,0,0,0,0,321,168,153
29,579,0149,620155,0000,000000,KARNATAKA,Gulbarga,VILLAGE,Dannur,Rural,159,919,465,454,141,70,71,127,73,54,0,0,0,486,293,193,433,172,261,432,232,200,98,90,8,50,49,1,4,3,1,0,0,0,44,38,6,334,142,192,1,0,1,333,142,191,0,0,0,0,0,0,318,137,181,0,0,0,318,137,181,0,0,0,0,0,0,16,5,11,1,0,1,15,5,10,0,0,0,0,0,0,487,233,254
29,579,0149,620156,0000,000000,KARNATAKA,Gulbarga,VILLAGE,Madra (B),Rural,356,2076,1080,996,289,166,123,665,346,319,7,3,4,1119,672,447,957,408,549,583,554,29,428,417,11,218,217,1,191,185,6,1,0,1,18,15,3,155,137,18,2,1,1,153,136,17,0,0,0,0,0,0,155,137,18,2,1,1,153,136,17,0,0,0,0,0,0,0,0,0,0,0,0,0,0,0,0,0,0,0,0,0,1493,526,967
29,579,0149,620157,0000,000000,KARNATAKA,Gulbarga,VILLAGE,Wadhalli,Rural,190,1075,564,511,158,80,78,368,197,171,64,29,35,586,375,211,489,189,300,568,322,246,544,316,228,80,80,0,399,180,219,1,1,0,64,55,9,24,6,18,1,0,1,18,2,16,1,1,0,4,3,1,16,6,10,0,0,0,11,2,9,1,1,0,4,3,1,8,0,8,1,0,1,7,0,7,0,0,0,0,0,0,507,242,265
29,579,0149,620158,0000,000000,KARNATAKA,Gulbarga,VILLAGE,Shivajinagar,Rural,350,1714,871,843,230,123,107,955,480,475,2,1,1,776,461,315,938,410,528,821,448,373,680,398,282,21,19,2,555,299,256,3,1,2,101,79,22,141,50,91,2,1,1,102,24,78,0,0,0,37,25,12,141,50,91,2,1,1,102,24,78,0,0,0,37,25,12,0,0,0,0,0,0,0,0,0,0,0,0,0,0,0,893,423,470
29,579,0149,620159,0000,000000,KARNATAKA,Gulbarga,VILLAGE,Badnalli,Rural,78,461,235,226,59,28,31,33,15,18,0,0,0,259,156,103,202,79,123,167,115,52,71,64,7,41,40,1,1,1,0,2,2,0,27,21,6,96,51,45,3,3,0,31,13,18,10,4,6,52,31,21,79,48,31,2,2,0,23,12,11,10,4,6,44,30,14,17,3,14,1,1,0,8,1,7,0,0,0,8,1,7,294,120,174
29,579,0149,620160,0000,000000,KARNATAKA,Gulbarga,VILLAGE,Ingalgi (B),Rural,251,1434,750,684,204,119,85,454,233,221,222,115,107,651,419,232,783,331,452,665,433,232,394,358,36,182,172,10,181,164,17,0,0,0,31,22,9,271,75,196,0,0,0,270,74,196,0,0,0,1,1,0,271,75,196,0,0,0,270,74,196,0,0,0,1,1,0,0,0,0,0,0,0,0,0,0,0,0,0,0,0,0,769,317,452
29,579,0149,620161,0000,000000,KARNATAKA,Gulbarga,VILLAGE,Awarad,Rural,205,1102,553,549,152,84,68,62,29,33,57,28,29,555,323,232,547,230,317,571,290,281,555,287,268,148,145,3,355,97,258,0,0,0,52,45,7,16,3,13,0,0,0,14,1,13,0,0,0,2,2,0,15,2,13,0,0,0,14,1,13,0,0,0,1,1,0,1,1,0,0,0,0,0,0,0,0,0,0,1,1,0,531,263,268
29,579,0149,620162,0000,000000,KARNATAKA,Gulbarga,VILLAGE,D.Ghangapur,Rural,1586,7860,3933,3927,1124,553,571,1048,539,509,329,162,167,4559,2668,1891,3301,1265,2036,2890,1899,991,2380,1626,754,381,260,121,406,173,233,63,42,21,1530,1151,379,510,273,237,26,20,6,86,49,37,17,12,5,381,192,189,492,265,227,25,20,5,81,45,36,15,11,4,371,189,182,18,8,10,1,0,1,5,4,1,2,1,1,10,3,7,4970,2034,2936
29,579,0149,620163,0000,000000,KARNATAKA,Gulbarga,VILLAGE,Chowdapur,Rural,763,4142,2167,1975,678,369,309,2265,1213,1052,426,216,210,2281,1362,919,1861,805,1056,1411,1039,372,1007,821,186,191,163,28,169,98,71,32,28,4,615,532,83,404,218,186,17,9,8,93,33,60,12,2,10,282,174,108,320,157,163,16,8,8,87,31,56,12,2,10,205,116,89,84,61,23,1,1,0,6,2,4,0,0,0,77,58,19,2731,1128,1603
29,579,0149,620164,0000,000000,KARNATAKA,Gulbarga,VILLAGE,Gobbur (B),Rural,917,5199,2655,2544,689,362,327,795,421,374,171,86,85,2733,1605,1128,2466,1050,1416,2523,1418,1105,2157,1286,871,527,439,88,1265,549,716,26,21,5,339,277,62,366,132,234,54,17,37,128,46,82,19,11,8,165,58,107,342,129,213,53,17,36,122,46,76,15,9,6,152,57,95,24,3,21,1,0,1,6,0,6,4,2,2,13,1,12,2676,1237,1439
29,579,0149,620165,0000,000000,KARNATAKA,Gulbarga,VILLAGE,Gobbur (K),Rural,217,1121,585,536,127,66,61,220,124,96,0,0,0,599,370,229,522,215,307,613,348,265,605,346,259,109,103,6,366,154,212,1,1,0,129,88,41,8,2,6,0,0,0,3,0,3,0,0,0,5,2,3,8,2,6,0,0,0,3,0,3,0,0,0,5,2,3,0,0,0,0,0,0,0,0,0,0,0,0,0,0,0,508,237,271
29,579,0149,620166,0000,000000,KARNATAKA,Gulbarga,VILLAGE,Hawanur,Rural,405,2355,1194,1161,310,137,173,765,395,370,168,89,79,1263,807,456,1092,387,705,1103,632,471,964,560,404,183,155,28,535,226,309,4,3,1,242,176,66,139,72,67,1,0,1,77,31,46,3,3,0,58,38,20,127,67,60,1,0,1,75,30,45,3,3,0,48,34,14,12,5,7,0,0,0,2,1,1,0,0,0,10,4,6,1252,562,690
29,579,0149,620167,0000,000000,KARNATAKA,Gulbarga,VILLAGE,Bidnur,Rural,478,2487,1245,1242,403,196,207,278,141,137,2,0,2,962,583,379,1525,662,863,1407,724,683,1403,722,681,424,384,40,869,258,611,0,0,0,110,80,30,4,2,2,0,0,0,2,0,2,0,0,0,2,2,0,4,2,2,0,0,0,2,0,2,0,0,0,2,2,0,0,0,0,0,0,0,0,0,0,0,0,0,0,0,0,1080,521,559
29,579,0149,620168,0000,000000,KARNATAKA,Gulbarga,VILLAGE,Awarhalli,Rural,204,1220,622,598,207,104,103,88,51,37,0,0,0,460,267,193,760,355,405,658,346,312,655,343,312,496,255,241,124,60,64,8,7,1,27,21,6,3,3,0,1,1,0,1,1,0,0,0,0,1,1,0,3,3,0,1,1,0,1,1,0,0,0,0,1,1,0,0,0,0,0,0,0,0,0,0,0,0,0,0,0,0,562,276,286
29,579,0149,620169,0000,000000,KARNATAKA,Gulbarga,VILLAGE,Banderwad,Rural,678,3973,2003,1970,601,299,302,601,313,288,5,3,2,2009,1191,818,1964,812,1152,1852,1067,785,1082,688,394,307,239,68,528,265,263,25,19,6,222,165,57,770,379,391,111,68,43,512,233,279,16,4,12,131,74,57,742,364,378,111,68,43,511,233,278,13,4,9,107,59,48,28,15,13,0,0,0,1,0,1,3,0,3,24,15,9,2121,936,1185
29,579,0149,620170,0000,000000,KARNATAKA,Gulbarga,VILLAGE,Chinmmgera,Rural,517,2926,1490,1436,391,212,179,654,335,319,1,0,1,1555,916,639,1371,574,797,1370,805,565,1189,755,434,324,304,20,618,238,380,18,15,3,229,198,31,181,50,131,9,3,6,142,29,113,11,5,6,19,13,6,168,45,123,7,2,5,135,28,107,10,4,6,16,11,5,13,5,8,2,1,1,7,1,6,1,1,0,3,2,1,1556,685,871
29,579,0149,620171,0000,000000,KARNATAKA,Gulbarga,VILLAGE,Teghalli,Rural,111,731,377,354,134,73,61,87,51,36,0,0,0,369,228,141,362,149,213,228,190,38,94,87,7,66,65,1,11,11,0,0,0,0,17,11,6,134,103,31,0,0,0,115,85,30,1,1,0,18,17,1,115,95,20,0,0,0,101,81,20,0,0,0,14,14,0,19,8,11,0,0,0,14,4,10,1,1,0,4,3,1,503,187,316
29,579,0149,620172,0000,000000,KARNATAKA,Gulbarga,VILLAGE,Hasargundgi,Rural,355,2007,1030,977,300,168,132,327,171,156,0,0,0,1019,603,416,988,427,561,1036,553,483,948,521,427,438,275,163,429,182,247,8,6,2,73,58,15,88,32,56,9,1,8,66,24,42,1,0,1,12,7,5,84,31,53,8,0,8,64,24,40,1,0,1,11,7,4,4,1,3,1,1,0,2,0,2,0,0,0,1,0,1,971,477,494
29,579,0149,620173,0000,000000,KARNATAKA,Gulbarga,VILLAGE,Huvinhalli,Rural,264,1557,809,748,219,133,86,678,356,322,0,0,0,875,524,351,682,285,397,852,429,423,53,39,14,31,24,7,0,0,0,1,1,0,21,14,7,799,390,409,2,1,1,1,1,0,2,0,2,794,388,406,172,49,123,1,0,1,1,1,0,2,0,2,168,48,120,627,341,286,1,1,0,0,0,0,0,0,0,626,340,286,705,380,325
29,579,0149,620174,0000,000000,KARNATAKA,Gulbarga,VILLAGE,Siragi,Rural,46,296,149,147,51,28,23,103,50,53,0,0,0,121,72,49,175,77,98,144,95,49,144,95,49,64,64,0,68,23,45,10,8,2,2,0,2,0,0,0,0,0,0,0,0,0,0,0,0,0,0,0,0,0,0,0,0,0,0,0,0,0,0,0,0,0,0,0,0,0,0,0,0,0,0,0,0,0,0,0,0,0,152,54,98
29,579,0149,620175,0000,000000,KARNATAKA,Gulbarga,VILLAGE,Taklu,Rural,191,914,469,445,151,90,61,223,123,100,6,5,1,432,268,164,482,201,281,404,268,136,377,252,125,104,100,4,41,21,20,186,95,91,46,36,10,27,16,11,0,0,0,2,1,1,19,9,10,6,6,0,26,15,11,0,0,0,2,1,1,18,8,10,6,6,0,1,1,0,0,0,0,0,0,0,1,1,0,0,0,0,510,201,309
29,579,0149,620176,0000,000000,KARNATAKA,Gulbarga,VILLAGE,Umerga,Rural,106,573,293,280,90,45,45,132,71,61,0,0,0,266,162,104,307,131,176,174,149,25,161,147,14,101,100,1,33,25,8,0,0,0,27,22,5,13,2,11,3,1,2,9,0,9,0,0,0,1,1,0,13,2,11,3,1,2,9,0,9,0,0,0,1,1,0,0,0,0,0,0,0,0,0,0,0,0,0,0,0,0,399,144,255
29,579,0149,620177,0000,000000,KARNATAKA,Gulbarga,VILLAGE,Sagnur,Rural,228,1385,707,678,242,129,113,210,108,102,9,7,2,560,359,201,825,348,477,598,330,268,552,314,238,156,109,47,309,139,170,13,8,5,74,58,16,46,16,30,4,2,2,42,14,28,0,0,0,0,0,0,45,15,30,4,2,2,41,13,28,0,0,0,0,0,0,1,1,0,0,0,0,1,1,0,0,0,0,0,0,0,787,377,410
29,579,0149,620178,0000,000000,KARNATAKA,Gulbarga,VILLAGE,Kirsavalgi,Rural,90,534,263,271,81,38,43,161,80,81,0,0,0,229,143,86,305,120,185,299,142,157,272,132,140,39,35,4,226,96,130,0,0,0,7,1,6,27,10,17,3,3,0,23,7,16,0,0,0,1,0,1,27,10,17,3,3,0,23,7,16,0,0,0,1,0,1,0,0,0,0,0,0,0,0,0,0,0,0,0,0,0,235,121,114
29,579,0149,620179,0000,000000,KARNATAKA,Gulbarga,VILLAGE,Chinmalla,Rural,187,1037,545,492,166,87,79,344,180,164,7,3,4,512,318,194,525,227,298,591,320,271,183,159,24,143,136,7,26,16,10,4,2,2,10,5,5,408,161,247,18,12,6,370,139,231,5,1,4,15,9,6,380,149,231,11,8,3,350,132,218,5,1,4,14,8,6,28,12,16,7,4,3,20,7,13,0,0,0,1,1,0,446,225,221
29,579,0149,620180,0000,000000,KARNATAKA,Gulbarga,VILLAGE,Kekarsawalgi,Rural,206,1206,619,587,199,97,102,181,96,85,0,0,0,564,356,208,642,263,379,534,341,193,288,204,84,265,186,79,5,5,0,0,0,0,18,13,5,246,137,109,10,7,3,235,129,106,0,0,0,1,1,0,245,137,108,10,7,3,234,129,105,0,0,0,1,1,0,1,0,1,0,0,0,1,0,1,0,0,0,0,0,0,672,278,394
29,579,0150,000000,0000,000000,KARNATAKA,Gulbarga,CD BLOCK,Gulbarga ,Total,53336,296243,151391,144852,42414,21863,20551,93506,48036,45470,7655,3921,3734,157576,94318,63258,138667,57073,81594,131711,79704,52007,97453,64914,32539,29937,22751,7186,35483,17561,17922,1460,1006,454,30573,23596,6977,34258,14790,19468,2126,834,1292,20482,7068,13414,1360,648,712,10290,6240,4050,29599,12679,16920,1954,767,1187,18678,6465,12213,856,391,465,8111,5056,3055,4659,2111,2548,172,67,105,1804,603,1201,504,257,247,2179,1184,995,164532,71687,92845
29,579,0150,000000,0000,000000,KARNATAKA,Gulbarga,CD BLOCK,Gulbarga ,Rural,51475,286683,146499,140184,41259,21272,19987,90590,46539,44051,7352,3766,3586,151169,90678,60491,135514,55821,79693,128426,77405,51021,94748,63011,31737,29865,22705,7160,35407,17516,17891,1419,978,441,28057,21812,6245,33678,14394,19284,2115,828,1287,20390,7012,13378,1348,642,706,9825,5912,3913,29091,12338,16753,1943,761,1182,18595,6414,12181,848,388,460,7705,4775,2930,4587,2056,2531,172,67,105,1795,598,1197,500,254,246,2120,1137,983,158257,69094,89163
29,579,0150,000000,0000,000000,KARNATAKA,Gulbarga,CD BLOCK,Gulbarga ,Urban,1861,9560,4892,4668,1155,591,564,2916,1497,1419,303,155,148,6407,3640,2767,3153,1252,1901,3285,2299,986,2705,1903,802,72,46,26,76,45,31,41,28,13,2516,1784,732,580,396,184,11,6,5,92,56,36,12,6,6,465,328,137,508,341,167,11,6,5,83,51,32,8,3,5,406,281,125,72,55,17,0,0,0,9,5,4,4,3,1,59,47,12,6275,2593,3682
29,579,0150,620181,0000,000000,KARNATAKA,Gulbarga,VILLAGE,Warnihal,Rural,329,1928,1036,892,305,164,141,1399,757,642,1,1,0,866,576,290,1062,460,602,883,519,364,477,374,103,205,183,22,153,89,64,4,4,0,115,98,17,406,145,261,8,7,1,348,106,242,1,0,1,49,32,17,398,138,260,7,6,1,347,106,241,1,0,1,43,26,17,8,7,1,1,1,0,1,0,1,0,0,0,6,6,0,1045,517,528
29,579,0150,620182,0000,000000,KARNATAKA,Gulbarga,VILLAGE,Kalmandergi,Rural,478,2867,1506,1361,476,253,223,1572,803,769,393,211,182,1330,859,471,1537,647,890,1240,782,458,1027,676,351,192,161,31,493,260,233,7,6,1,335,249,86,213,106,107,6,6,0,139,46,93,0,0,0,68,54,14,200,102,98,6,6,0,127,43,84,0,0,0,67,53,14,13,4,9,0,0,0,12,3,9,0,0,0,1,1,0,1627,724,903
29,579,0150,620183,0000,000000,KARNATAKA,Gulbarga,VILLAGE,Dongeragaon,Rural,740,4119,2093,2026,592,290,302,1373,693,680,138,71,67,2194,1323,871,1925,770,1155,2065,1191,874,1699,1078,621,428,380,48,867,404,463,16,16,0,388,278,110,366,113,253,32,19,13,263,52,211,0,0,0,71,42,29,324,100,224,29,17,12,235,43,192,0,0,0,60,40,20,42,13,29,3,2,1,28,9,19,0,0,0,11,2,9,2054,902,1152
29,579,0150,620184,0000,000000,KARNATAKA,Gulbarga,VILLAGE,Kinnisadak,Rural,377,2024,1043,981,257,150,107,627,326,301,361,182,179,1238,700,538,786,343,443,924,569,355,895,555,340,169,160,9,503,211,292,4,2,2,219,182,37,29,14,15,4,2,2,9,0,9,2,2,0,14,10,4,26,11,15,4,2,2,9,0,9,1,1,0,12,8,4,3,3,0,0,0,0,0,0,0,1,1,0,2,2,0,1100,474,626
29,579,0150,620185,0000,000000,KARNATAKA,Gulbarga,VILLAGE,Gobburwadi,Rural,207,1003,490,513,141,63,78,224,108,116,4,1,3,497,286,211,506,204,302,426,246,180,132,106,26,56,51,5,42,27,15,3,3,0,31,25,6,294,140,154,16,12,4,200,74,126,10,3,7,68,51,17,271,131,140,15,11,4,186,70,116,7,2,5,63,48,15,23,9,14,1,1,0,14,4,10,3,1,2,5,3,2,577,244,333
29,579,0150,620186,0000,000000,KARNATAKA,Gulbarga,VILLAGE,Nilkod,Rural,171,1121,586,535,183,99,84,424,214,210,31,19,12,573,352,221,548,234,314,523,302,221,431,270,161,185,116,69,173,94,79,0,0,0,73,60,13,92,32,60,22,6,16,59,16,43,1,1,0,10,9,1,86,30,56,22,6,16,54,15,39,1,1,0,9,8,1,6,2,4,0,0,0,5,1,4,0,0,0,1,1,0,598,284,314
29,579,0150,620187,0000,000000,KARNATAKA,Gulbarga,VILLAGE,Patwada,Rural,271,1510,754,756,200,107,93,747,386,361,0,0,0,783,450,333,727,304,423,600,361,239,485,343,142,200,186,14,198,85,113,6,5,1,81,67,14,115,18,97,4,3,1,94,9,85,0,0,0,17,6,11,114,18,96,4,3,1,93,9,84,0,0,0,17,6,11,1,0,1,0,0,0,1,0,1,0,0,0,0,0,0,910,393,517
29,579,0150,620188,0000,000000,KARNATAKA,Gulbarga,VILLAGE,Malsapur,Rural,125,911,476,435,157,84,73,612,321,291,0,0,0,343,234,109,568,242,326,476,239,237,440,231,209,140,136,4,157,16,141,0,0,0,143,79,64,36,8,28,1,0,1,4,0,4,0,0,0,31,8,23,27,8,19,1,0,1,4,0,4,0,0,0,22,8,14,9,0,9,0,0,0,0,0,0,0,0,0,9,0,9,435,237,198
29,579,0150,620189,0000,000000,KARNATAKA,Gulbarga,VILLAGE,Honnahalli,Rural,111,599,305,294,91,51,40,185,80,105,20,11,9,302,179,123,297,126,171,300,160,140,128,101,27,98,81,17,11,7,4,2,1,1,17,12,5,172,59,113,9,7,2,121,37,84,5,0,5,37,15,22,166,57,109,9,7,2,117,36,81,4,0,4,36,14,22,6,2,4,0,0,0,4,1,3,1,0,1,1,1,0,299,145,154
29,579,0150,620190,0000,000000,KARNATAKA,Gulbarga,VILLAGE,Dhorjambga,Rural,186,966,503,463,106,61,45,147,91,56,0,0,0,521,312,209,445,191,254,462,285,177,321,228,93,143,123,20,71,22,49,5,5,0,102,78,24,141,57,84,10,8,2,111,38,73,0,0,0,20,11,9,136,54,82,10,8,2,108,37,71,0,0,0,18,9,9,5,3,2,0,0,0,3,1,2,0,0,0,2,2,0,504,218,286
29,579,0150,620191,0000,000000,KARNATAKA,Gulbarga,VILLAGE,Marmanchi,Rural,229,1745,859,886,327,155,172,1495,736,759,0,0,0,653,435,218,1092,424,668,786,413,373,733,384,349,455,315,140,225,31,194,24,14,10,29,24,5,53,29,24,5,4,1,39,20,19,0,0,0,9,5,4,50,29,21,5,4,1,36,20,16,0,0,0,9,5,4,3,0,3,0,0,0,3,0,3,0,0,0,0,0,0,959,446,513
29,579,0150,620192,0000,000000,KARNATAKA,Gulbarga,VILLAGE,Marguthi,Rural,387,2172,1140,1032,297,143,154,854,463,391,0,0,0,1137,742,395,1035,398,637,1008,578,430,983,564,419,286,270,16,595,207,388,1,1,0,101,86,15,25,14,11,4,2,2,13,4,9,2,2,0,6,6,0,25,14,11,4,2,2,13,4,9,2,2,0,6,6,0,0,0,0,0,0,0,0,0,0,0,0,0,0,0,0,1164,562,602
29,579,0150,620193,0000,000000,KARNATAKA,Gulbarga,VILLAGE,Bhimnal,Rural,130,632,329,303,104,56,48,396,211,185,0,0,0,271,176,95,361,153,208,366,184,182,332,170,162,133,61,72,177,92,85,4,4,0,18,13,5,34,14,20,21,8,13,7,2,5,3,2,1,3,2,1,27,11,16,19,8,11,5,1,4,2,1,1,1,1,0,7,3,4,2,0,2,2,1,1,1,1,0,2,1,1,266,145,121
29,579,0150,620194,0000,000000,KARNATAKA,Gulbarga,VILLAGE,Bachnal,Rural,264,1642,861,781,298,166,132,1206,635,571,1,1,0,744,473,271,898,388,510,806,455,351,683,384,299,169,162,7,337,114,223,4,4,0,173,104,69,123,71,52,4,1,3,36,12,24,0,0,0,83,58,25,122,71,51,4,1,3,36,12,24,0,0,0,82,58,24,1,0,1,0,0,0,0,0,0,0,0,0,1,0,1,836,406,430
29,579,0150,620195,0000,000000,KARNATAKA,Gulbarga,VILLAGE,Okali,Rural,399,2083,1031,1052,303,156,147,664,344,320,39,13,26,1157,668,489,926,363,563,950,571,379,715,470,245,157,150,7,367,170,197,14,8,6,177,142,35,235,101,134,2,2,0,85,37,48,6,3,3,142,59,83,218,92,126,1,1,0,80,35,45,6,3,3,131,53,78,17,9,8,1,1,0,5,2,3,0,0,0,11,6,5,1133,460,673
29,579,0150,620196,0000,000000,KARNATAKA,Gulbarga,VILLAGE,Rajanhal,Rural,206,1203,610,593,155,75,80,667,338,329,0,0,0,674,413,261,529,197,332,504,297,207,421,264,157,112,87,25,167,56,111,2,1,1,140,120,20,83,33,50,20,8,12,43,15,28,0,0,0,20,10,10,79,31,48,20,8,12,41,13,28,0,0,0,18,10,8,4,2,2,0,0,0,2,2,0,0,0,0,2,0,2,699,313,386
29,579,0150,620197,0000,000000,KARNATAKA,Gulbarga,VILLAGE,Navanihal,Rural,154,924,493,431,162,95,67,413,229,184,0,0,0,454,287,167,470,206,264,385,239,146,382,238,144,152,117,35,140,47,93,0,0,0,90,74,16,3,1,2,0,0,0,2,0,2,0,0,0,1,1,0,3,1,2,0,0,0,2,0,2,0,0,0,1,1,0,0,0,0,0,0,0,0,0,0,0,0,0,0,0,0,539,254,285
29,579,0150,620198,0000,000000,KARNATAKA,Gulbarga,VILLAGE,Kamalapur,Rural,2081,11071,5667,5404,1497,813,684,3145,1617,1528,38,21,17,6847,3919,2928,4224,1748,2476,4311,2805,1506,3889,2646,1243,499,371,128,1238,599,639,75,31,44,2077,1645,432,422,159,263,68,19,49,126,21,105,30,5,25,198,114,84,385,143,242,59,16,43,121,19,102,28,4,24,177,104,73,37,16,21,9,3,6,5,2,3,2,1,1,21,10,11,6760,2862,3898
29,579,0150,620199,0000,000000,KARNATAKA,Gulbarga,VILLAGE,Dinshikurnur,Rural,320,1789,934,855,305,155,150,1162,619,543,0,0,0,812,509,303,977,425,552,824,436,388,621,422,199,148,144,4,402,217,185,1,1,0,70,60,10,203,14,189,4,1,3,192,12,180,4,1,3,3,0,3,199,14,185,4,1,3,188,12,176,4,1,3,3,0,3,4,0,4,0,0,0,4,0,4,0,0,0,0,0,0,965,498,467
29,579,0150,620200,0000,000000,KARNATAKA,Gulbarga,VILLAGE,Antapnhal,Rural,94,523,263,260,64,27,37,166,78,88,0,0,0,342,194,148,181,69,112,180,136,44,145,124,21,42,42,0,51,37,14,2,1,1,50,44,6,35,12,23,0,0,0,32,9,23,0,0,0,3,3,0,34,12,22,0,0,0,31,9,22,0,0,0,3,3,0,1,0,1,0,0,0,1,0,1,0,0,0,0,0,0,343,127,216
29,579,0150,620201,0000,000000,KARNATAKA,Gulbarga,VILLAGE,Belura,Rural,208,1204,609,595,178,89,89,319,160,159,0,0,0,659,402,257,545,207,338,567,318,249,554,309,245,221,162,59,277,101,176,0,0,0,56,46,10,13,9,4,1,0,1,4,2,2,0,0,0,8,7,1,12,8,4,1,0,1,4,2,2,0,0,0,7,6,1,1,1,0,0,0,0,0,0,0,0,0,0,1,1,0,637,291,346
29,579,0150,620202,0000,000000,KARNATAKA,Gulbarga,VILLAGE,Bhunyara(K),Rural,188,1045,513,532,124,56,68,284,148,136,0,0,0,575,335,240,470,178,292,411,292,119,314,270,44,132,124,8,116,93,23,2,0,2,64,53,11,97,22,75,3,1,2,88,16,72,0,0,0,6,5,1,95,21,74,3,1,2,87,16,71,0,0,0,5,4,1,2,1,1,0,0,0,1,0,1,0,0,0,1,1,0,634,221,413
29,579,0150,620203,0000,000000,KARNATAKA,Gulbarga,VILLAGE,Kawanhalli,Rural,202,1340,696,644,289,142,147,1118,586,532,0,0,0,620,386,234,720,310,410,587,360,227,502,318,184,57,52,5,410,237,173,5,5,0,30,24,6,85,42,43,2,2,0,72,31,41,0,0,0,11,9,2,85,42,43,2,2,0,72,31,41,0,0,0,11,9,2,0,0,0,0,0,0,0,0,0,0,0,0,0,0,0,753,336,417
29,579,0150,620204,0000,000000,KARNATAKA,Gulbarga,VILLAGE,Kalmud,Rural,410,2319,1205,1114,320,157,163,1623,858,765,16,7,9,1170,772,398,1149,433,716,1050,594,456,973,544,429,627,339,288,66,29,37,4,3,1,276,173,103,77,50,27,14,7,7,5,0,5,3,0,3,55,43,12,76,50,26,14,7,7,5,0,5,3,0,3,54,43,11,1,0,1,0,0,0,0,0,0,0,0,0,1,0,1,1269,611,658
29,579,0150,620205,0000,000000,KARNATAKA,Gulbarga,VILLAGE,Sonth,Rural,905,5377,2783,2594,702,359,343,2209,1145,1064,91,50,41,2970,1817,1153,2407,966,1441,2117,1455,662,1961,1387,574,563,388,175,876,567,309,36,28,8,486,404,82,156,68,88,18,7,11,75,20,55,3,1,2,60,40,20,126,51,75,17,7,10,50,6,44,2,1,1,57,37,20,30,17,13,1,0,1,25,14,11,1,0,1,3,3,0,3260,1328,1932
29,579,0150,620206,0000,000000,KARNATAKA,Gulbarga,VILLAGE,Kinnisarposh,Rural,291,1838,933,905,306,155,151,1375,699,676,0,0,0,893,547,346,945,386,559,727,499,228,695,473,222,213,187,26,194,57,137,3,2,1,285,227,58,32,26,6,1,1,0,1,0,1,0,0,0,30,25,5,31,25,6,1,1,0,1,0,1,0,0,0,29,24,5,1,1,0,0,0,0,0,0,0,0,0,0,1,1,0,1111,434,677
29,579,0150,620207,0000,000000,KARNATAKA,Gulbarga,VILLAGE,Mahagaon,Rural,1634,8731,4384,4347,1112,576,536,2635,1321,1314,846,409,437,4997,2930,2067,3734,1454,2280,3513,2206,1307,2487,1652,835,475,425,50,983,394,589,44,29,15,985,804,181,1026,554,472,63,36,27,340,122,218,32,18,14,591,378,213,931,497,434,62,35,27,331,118,213,25,17,8,513,327,186,95,57,38,1,1,0,9,4,5,7,1,6,78,51,27,5218,2178,3040
29,579,0150,620208,0000,000000,KARNATAKA,Gulbarga,VILLAGE,Belkotta,Rural,99,566,288,278,84,41,43,81,47,34,0,0,0,307,187,120,259,101,158,258,154,104,251,151,100,127,80,47,88,44,44,0,0,0,36,27,9,7,3,4,0,0,0,4,1,3,0,0,0,3,2,1,7,3,4,0,0,0,4,1,3,0,0,0,3,2,1,0,0,0,0,0,0,0,0,0,0,0,0,0,0,0,308,134,174
29,579,0150,620209,0000,000000,KARNATAKA,Gulbarga,VILLAGE,Dastapur,Rural,324,1688,838,850,204,116,88,440,217,223,47,26,21,1040,596,444,648,242,406,822,451,371,797,444,353,149,117,32,598,293,305,2,1,1,48,33,15,25,7,18,0,0,0,20,6,14,1,0,1,4,1,3,24,6,18,0,0,0,19,5,14,1,0,1,4,1,3,1,1,0,0,0,0,1,1,0,0,0,0,0,0,0,866,387,479
29,579,0150,620210,0000,000000,KARNATAKA,Gulbarga,VILLAGE,Navadgi (K),Rural,0,0,0,0,0,0,0,0,0,0,0,0,0,0,0,0,0,0,0,0,0,0,0,0,0,0,0,0,0,0,0,0,0,0,0,0,0,0,0,0,0,0,0,0,0,0,0,0,0,0,0,0,0,0,0,0,0,0,0,0,0,0,0,0,0,0,0,0,0,0,0,0,0,0,0,0,0,0,0,0,0,0,0,0,0
29,579,0150,620211,0000,000000,KARNATAKA,Gulbarga,VILLAGE,Navadgi (B),Rural,188,940,484,456,125,64,61,410,212,198,0,0,0,616,361,255,324,123,201,272,243,29,119,111,8,58,56,2,0,0,0,1,1,0,60,54,6,153,132,21,2,0,2,111,95,16,3,3,0,37,34,3,147,129,18,2,0,2,106,93,13,3,3,0,36,33,3,6,3,3,0,0,0,5,2,3,0,0,0,1,1,0,668,241,427
29,579,0150,620212,0000,000000,KARNATAKA,Gulbarga,VILLAGE,Holkunda,Rural,418,2495,1307,1188,288,157,131,964,498,466,3,1,2,1489,886,603,1006,421,585,1069,663,406,257,227,30,99,97,2,60,42,18,1,1,0,97,87,10,812,436,376,116,100,16,646,296,350,9,5,4,41,35,6,803,432,371,115,100,15,639,292,347,8,5,3,41,35,6,9,4,5,1,0,1,7,4,3,1,0,1,0,0,0,1426,644,782
29,579,0150,620213,0000,000000,KARNATAKA,Gulbarga,VILLAGE,Jeevangi,Rural,559,3629,1830,1799,465,225,240,973,497,476,8,4,4,1982,1192,790,1647,638,1009,1665,1021,644,1198,887,311,435,377,58,448,246,202,8,6,2,307,258,49,467,134,333,8,4,4,425,104,321,2,2,0,32,24,8,464,131,333,8,4,4,425,104,321,2,2,0,29,21,8,3,3,0,0,0,0,0,0,0,0,0,0,3,3,0,1964,809,1155
29,579,0150,620214,0000,000000,KARNATAKA,Gulbarga,VILLAGE,Gogi,Rural,338,1891,961,930,274,152,122,790,423,367,13,7,6,896,535,361,995,426,569,790,499,291,676,461,215,426,275,151,153,108,45,0,0,0,97,78,19,114,38,76,8,2,6,69,17,52,0,0,0,37,19,18,103,36,67,7,2,5,68,16,52,0,0,0,28,18,10,11,2,9,1,0,1,1,1,0,0,0,0,9,1,8,1101,462,639
29,579,0150,620215,0000,000000,KARNATAKA,Gulbarga,VILLAGE,Tadkal,Rural,278,1535,768,767,181,90,91,425,214,211,0,0,0,943,555,388,592,213,379,792,441,351,750,425,325,196,175,21,423,148,275,5,5,0,126,97,29,42,16,26,1,1,0,25,6,19,0,0,0,16,9,7,40,16,24,1,1,0,24,6,18,0,0,0,15,9,6,2,0,2,0,0,0,1,0,1,0,0,0,1,0,1,743,327,416
29,579,0150,620216,0000,000000,KARNATAKA,Gulbarga,VILLAGE,Kathalli,Rural,139,802,402,400,114,58,56,298,156,142,0,0,0,453,261,192,349,141,208,267,190,77,265,188,77,54,53,1,152,82,70,0,0,0,59,53,6,2,2,0,0,0,0,0,0,0,0,0,0,2,2,0,1,1,0,0,0,0,0,0,0,0,0,0,1,1,0,1,1,0,0,0,0,0,0,0,0,0,0,1,1,0,535,212,323
29,579,0150,620217,0000,000000,KARNATAKA,Gulbarga,VILLAGE,Kurikota,Rural,455,2455,1307,1148,317,171,146,636,340,296,0,0,0,1539,964,575,916,343,573,1056,641,415,841,618,223,146,123,23,337,184,153,5,2,3,353,309,44,215,23,192,1,1,0,184,6,178,2,0,2,28,16,12,198,16,182,1,1,0,170,2,168,2,0,2,25,13,12,17,7,10,0,0,0,14,4,10,0,0,0,3,3,0,1399,666,733
29,579,0150,620218,0000,000000,KARNATAKA,Gulbarga,VILLAGE,Siradhone,Rural,83,454,235,219,74,38,36,149,77,72,2,2,0,259,160,99,195,75,120,230,133,97,228,133,95,125,72,53,73,38,35,0,0,0,30,23,7,2,0,2,0,0,0,1,0,1,0,0,0,1,0,1,1,0,1,0,0,0,1,0,1,0,0,0,0,0,0,1,0,1,0,0,0,0,0,0,0,0,0,1,0,1,224,102,122
29,579,0150,620219,0000,000000,KARNATAKA,Gulbarga,VILLAGE,Bhusangi,Rural,191,1020,489,531,135,79,56,218,112,106,0,0,0,580,321,259,440,168,272,328,236,92,316,230,86,148,126,22,104,54,50,3,3,0,61,47,14,12,6,6,1,0,1,2,0,2,2,2,0,7,4,3,11,6,5,1,0,1,1,0,1,2,2,0,7,4,3,1,0,1,0,0,0,1,0,1,0,0,0,0,0,0,692,253,439
29,579,0150,620220,0000,000000,KARNATAKA,Gulbarga,VILLAGE,Kannura,Rural,276,1576,823,753,180,100,80,303,166,137,0,0,0,839,512,327,737,311,426,723,478,245,643,436,207,227,179,48,295,152,143,9,7,2,112,98,14,80,42,38,9,6,3,49,17,32,5,4,1,17,15,2,78,40,38,9,6,3,49,17,32,3,2,1,17,15,2,2,2,0,0,0,0,0,0,0,2,2,0,0,0,0,853,345,508
29,579,0150,620221,0000,000000,KARNATAKA,Gulbarga,VILLAGE,Bablad (T.K.),Rural,341,1925,975,950,286,134,152,855,439,416,26,14,12,858,516,342,1067,459,608,1019,546,473,919,498,421,35,31,4,776,376,400,17,15,2,91,76,15,100,48,52,1,0,1,87,41,46,3,2,1,9,5,4,97,46,51,1,0,1,87,41,46,1,0,1,8,5,3,3,2,1,0,0,0,0,0,0,2,2,0,1,0,1,906,429,477
29,579,0150,620222,0000,000000,KARNATAKA,Gulbarga,VILLAGE,Yalvanthi (B),Rural,186,962,486,476,107,54,53,274,140,134,0,0,0,542,325,217,420,161,259,498,282,216,476,270,206,191,97,94,163,67,96,0,0,0,122,106,16,22,12,10,9,5,4,4,0,4,1,1,0,8,6,2,20,11,9,9,5,4,4,0,4,0,0,0,7,6,1,2,1,1,0,0,0,0,0,0,1,1,0,1,0,1,464,204,260
29,579,0150,620223,0000,000000,KARNATAKA,Gulbarga,VILLAGE,Kagganmardi,Rural,124,709,377,332,118,60,58,343,188,155,0,0,0,456,284,172,253,93,160,373,202,171,89,74,15,57,48,9,15,10,5,8,8,0,9,8,1,284,128,156,13,6,7,207,81,126,24,12,12,40,29,11,283,127,156,12,5,7,207,81,126,24,12,12,40,29,11,1,1,0,1,1,0,0,0,0,0,0,0,0,0,0,336,175,161
29,579,0150,620224,0000,000000,KARNATAKA,Gulbarga,VILLAGE,Ankalga,Rural,219,1154,569,585,123,58,65,243,118,125,1,1,0,759,432,327,395,137,258,530,307,223,406,262,144,79,61,18,129,62,67,7,5,2,191,134,57,124,45,79,4,0,4,91,26,65,1,1,0,28,18,10,124,45,79,4,0,4,91,26,65,1,1,0,28,18,10,0,0,0,0,0,0,0,0,0,0,0,0,0,0,0,624,262,362
29,579,0150,620225,0000,000000,KARNATAKA,Gulbarga,VILLAGE,Sirgapur,Rural,129,664,341,323,78,39,39,230,130,100,9,5,4,422,251,171,242,90,152,309,184,125,301,180,121,82,70,12,158,60,98,0,0,0,61,50,11,8,4,4,1,0,1,2,1,1,0,0,0,5,3,2,8,4,4,1,0,1,2,1,1,0,0,0,5,3,2,0,0,0,0,0,0,0,0,0,0,0,0,0,0,0,355,157,198
29,579,0150,620226,0000,000000,KARNATAKA,Gulbarga,VILLAGE,Tondkal,Rural,58,338,155,183,35,15,20,66,29,37,0,0,0,217,115,102,121,40,81,213,98,115,100,94,6,90,88,2,9,5,4,0,0,0,1,1,0,113,4,109,3,2,1,109,2,107,1,0,1,0,0,0,113,4,109,3,2,1,109,2,107,1,0,1,0,0,0,0,0,0,0,0,0,0,0,0,0,0,0,0,0,0,125,57,68
29,579,0150,620227,0000,000000,KARNATAKA,Gulbarga,VILLAGE,Yankanchi,Rural,133,775,403,372,93,46,47,253,136,117,0,0,0,445,274,171,330,129,201,426,224,202,415,218,197,197,103,94,183,90,93,2,1,1,33,24,9,11,6,5,6,3,3,2,1,1,0,0,0,3,2,1,11,6,5,6,3,3,2,1,1,0,0,0,3,2,1,0,0,0,0,0,0,0,0,0,0,0,0,0,0,0,349,179,170
29,579,0150,620228,0000,000000,KARNATAKA,Gulbarga,VILLAGE,Harkanchi,Rural,197,1277,661,616,195,110,85,341,171,170,0,0,0,620,375,245,657,286,371,656,344,312,462,334,128,218,205,13,6,5,1,6,4,2,232,120,112,194,10,184,6,3,3,181,4,177,1,1,0,6,2,4,190,8,182,6,3,3,181,4,177,0,0,0,3,1,2,4,2,2,0,0,0,0,0,0,1,1,0,3,1,2,621,317,304
29,579,0150,620229,0000,000000,KARNATAKA,Gulbarga,VILLAGE,Kadbur,Rural,79,400,202,198,34,16,18,148,70,78,0,0,0,245,149,96,155,53,102,185,116,69,180,113,67,55,41,14,95,48,47,0,0,0,30,24,6,5,3,2,2,1,1,0,0,0,0,0,0,3,2,1,5,3,2,2,1,1,0,0,0,0,0,0,3,2,1,0,0,0,0,0,0,0,0,0,0,0,0,0,0,0,215,86,129
29,579,0150,620230,0000,000000,KARNATAKA,Gulbarga,VILLAGE,Nagoora,Rural,634,3240,1634,1606,480,248,232,1004,522,482,30,15,15,1585,932,653,1655,702,953,1882,998,884,1385,794,591,443,285,158,583,246,337,24,13,11,335,250,85,497,204,293,52,16,36,163,53,110,10,4,6,272,131,141,295,136,159,27,8,19,128,48,80,6,2,4,134,78,56,202,68,134,25,8,17,35,5,30,4,2,2,138,53,85,1358,636,722
29,579,0150,620231,0000,000000,KARNATAKA,Gulbarga,VILLAGE,Ashta,Rural,367,2061,1083,978,257,146,111,387,212,175,4,4,0,1031,635,396,1030,448,582,965,573,392,184,176,8,83,81,2,26,25,1,16,16,0,59,54,5,781,397,384,5,2,3,745,374,371,6,4,2,25,17,8,774,394,380,4,2,2,742,374,368,6,4,2,22,14,8,7,3,4,1,0,1,3,0,3,0,0,0,3,3,0,1096,510,586
29,579,0150,620232,0000,000000,KARNATAKA,Gulbarga,VILLAGE,Kalhangerga,Rural,665,3524,1810,1714,485,238,247,805,406,399,25,15,10,1770,1110,660,1754,700,1054,1688,1013,675,1005,771,234,486,415,71,139,102,37,53,43,10,327,211,116,683,242,441,206,10,196,411,185,226,28,16,12,38,31,7,639,224,415,193,9,184,393,176,217,19,12,7,34,27,7,44,18,26,13,1,12,18,9,9,9,4,5,4,4,0,1836,797,1039
29,579,0150,620233,0000,000000,KARNATAKA,Gulbarga,VILLAGE,Jamga (B),Rural,362,2081,1049,1032,281,142,139,422,208,214,8,6,2,1127,672,455,954,377,577,1118,603,515,218,186,32,67,57,10,35,27,8,13,12,1,103,90,13,900,417,483,166,88,78,555,232,323,54,24,30,125,73,52,896,417,479,166,88,78,555,232,323,54,24,30,121,73,48,4,0,4,0,0,0,0,0,0,0,0,0,4,0,4,963,446,517
29,579,0150,620234,0000,000000,KARNATAKA,Gulbarga,VILLAGE,Kumsi,Rural,534,3066,1554,1512,442,222,220,816,417,399,0,0,0,1592,968,624,1474,586,888,1562,887,675,1025,600,425,633,433,200,215,61,154,17,5,12,160,101,59,537,287,250,54,20,34,377,192,185,9,5,4,97,70,27,512,275,237,52,20,32,361,187,174,9,5,4,90,63,27,25,12,13,2,0,2,16,5,11,0,0,0,7,7,0,1504,667,837
29,579,0150,620235,0000,000000,KARNATAKA,Gulbarga,VILLAGE,Bannura,Rural,273,1464,751,713,207,92,115,334,169,165,381,209,172,760,494,266,704,257,447,603,374,229,557,349,208,155,114,41,205,60,145,3,3,0,194,172,22,46,25,21,2,0,2,10,2,8,0,0,0,34,23,11,45,25,20,1,0,1,10,2,8,0,0,0,34,23,11,1,0,1,1,0,1,0,0,0,0,0,0,0,0,0,861,377,484
29,579,0150,620236,0000,000000,KARNATAKA,Gulbarga,VILLAGE,Awrad (B),Rural,630,3617,1852,1765,477,257,220,910,450,460,50,27,23,2216,1285,931,1401,567,834,1728,1007,721,1168,808,360,329,217,112,316,161,155,41,22,19,482,408,74,560,199,361,17,9,8,376,80,296,16,9,7,151,101,50,536,186,350,14,6,8,370,78,292,13,6,7,139,96,43,24,13,11,3,3,0,6,2,4,3,3,0,12,5,7,1889,845,1044
29,579,0150,620237,0000,000000,KARNATAKA,Gulbarga,VILLAGE,Algud,Rural,326,1628,833,795,225,127,98,348,168,180,437,220,217,922,581,341,706,252,454,743,416,327,664,371,293,379,209,170,194,87,107,18,10,8,73,65,8,79,45,34,10,6,4,49,26,23,3,0,3,17,13,4,70,41,29,9,6,3,48,26,22,1,0,1,12,9,3,9,4,5,1,0,1,1,0,1,2,0,2,5,4,1,885,417,468
29,579,0150,620238,0000,000000,KARNATAKA,Gulbarga,VILLAGE,Tawargera,Rural,378,2203,1121,1082,323,160,163,484,246,238,1,0,1,1246,725,521,957,396,561,850,561,289,267,231,36,61,57,4,22,20,2,17,12,5,167,142,25,583,330,253,18,14,4,358,168,190,40,23,17,167,125,42,494,295,199,18,14,4,279,138,141,39,23,16,158,120,38,89,35,54,0,0,0,79,30,49,1,0,1,9,5,4,1353,560,793
29,579,0150,620239,0000,000000,KARNATAKA,Gulbarga,VILLAGE,Ganjalnkhed,Rural,312,1774,906,868,256,136,120,668,348,320,0,0,0,959,598,361,815,308,507,878,478,400,332,303,29,161,156,5,25,19,6,4,3,1,142,125,17,546,175,371,0,0,0,454,94,360,1,1,0,91,80,11,546,175,371,0,0,0,454,94,360,1,1,0,91,80,11,0,0,0,0,0,0,0,0,0,0,0,0,0,0,0,896,428,468
29,579,0150,620240,0000,000000,KARNATAKA,Gulbarga,VILLAGE,Belura (J),Rural,245,1462,757,705,253,131,122,724,378,346,275,140,135,702,440,262,760,317,443,757,418,339,448,360,88,62,46,16,28,25,3,3,1,2,355,288,67,309,58,251,4,0,4,258,27,231,0,0,0,47,31,16,308,57,251,4,0,4,258,27,231,0,0,0,46,30,16,1,1,0,0,0,0,0,0,0,0,0,0,1,1,0,705,339,366
29,579,0150,620241,0000,000000,KARNATAKA,Gulbarga,VILLAGE,Malgathi,Rural,747,3982,2006,1976,637,315,322,195,91,104,14,7,7,2386,1291,1095,1596,715,881,1358,985,373,1060,788,272,198,112,86,57,36,21,20,6,14,785,634,151,298,197,101,11,4,7,214,134,80,3,1,2,70,58,12,293,194,99,11,4,7,214,134,80,3,1,2,65,55,10,5,3,2,0,0,0,0,0,0,0,0,0,5,3,2,2624,1021,1603
29,579,0150,620242,0000,000000,KARNATAKA,Gulbarga,VILLAGE,Bhopal Tegnur,Rural,500,2442,1249,1193,346,173,173,965,495,470,0,0,0,1259,765,494,1183,484,699,1081,706,375,1063,698,365,256,213,43,601,314,287,16,10,6,190,161,29,18,8,10,0,0,0,6,0,6,1,1,0,11,7,4,17,8,9,0,0,0,6,0,6,1,1,0,10,7,3,1,0,1,0,0,0,0,0,0,0,0,0,1,0,1,1361,543,818
29,579,0150,620243,0000,000000,KARNATAKA,Gulbarga,VILLAGE,Keroor,Rural,197,1204,640,564,223,126,97,992,532,460,0,0,0,496,331,165,708,309,399,579,316,263,579,316,263,185,108,77,240,64,176,0,0,0,154,144,10,0,0,0,0,0,0,0,0,0,0,0,0,0,0,0,0,0,0,0,0,0,0,0,0,0,0,0,0,0,0,0,0,0,0,0,0,0,0,0,0,0,0,0,0,0,625,324,301
29,579,0150,620244,0000,000000,KARNATAKA,Gulbarga,VILLAGE,Halsultanpur,Rural,129,662,335,327,91,44,47,327,169,158,0,0,0,386,238,148,276,97,179,303,177,126,303,177,126,59,58,1,175,58,117,5,4,1,64,57,7,0,0,0,0,0,0,0,0,0,0,0,0,0,0,0,0,0,0,0,0,0,0,0,0,0,0,0,0,0,0,0,0,0,0,0,0,0,0,0,0,0,0,0,0,0,359,158,201
29,579,0150,620245,0000,000000,KARNATAKA,Gulbarga,VILLAGE,Harsoor,Rural,803,4278,2171,2107,612,336,276,1288,658,630,56,31,25,2225,1317,908,2053,854,1199,1842,1168,674,1343,927,416,303,226,77,669,398,271,72,56,16,299,247,52,499,241,258,13,7,6,178,87,91,14,6,8,294,141,153,426,216,210,13,7,6,173,85,88,12,4,8,228,120,108,73,25,48,0,0,0,5,2,3,2,2,0,66,21,45,2436,1003,1433
29,579,0150,620246,0000,000000,KARNATAKA,Gulbarga,VILLAGE,Venkatbennur,Rural,281,1463,748,715,230,126,104,486,242,244,0,0,0,687,406,281,776,342,434,566,410,156,561,408,153,171,148,23,237,124,113,0,0,0,153,136,17,5,2,3,0,0,0,3,0,3,0,0,0,2,2,0,5,2,3,0,0,0,3,0,3,0,0,0,2,2,0,0,0,0,0,0,0,0,0,0,0,0,0,0,0,0,897,338,559
29,579,0150,620247,0000,000000,KARNATAKA,Gulbarga,VILLAGE,Injihal,Rural,0,0,0,0,0,0,0,0,0,0,0,0,0,0,0,0,0,0,0,0,0,0,0,0,0,0,0,0,0,0,0,0,0,0,0,0,0,0,0,0,0,0,0,0,0,0,0,0,0,0,0,0,0,0,0,0,0,0,0,0,0,0,0,0,0,0,0,0,0,0,0,0,0,0,0,0,0,0,0,0,0,0,0,0,0
29,579,0150,620248,0000,000000,KARNATAKA,Gulbarga,VILLAGE,Khajikotnur,Rural,167,843,470,373,90,50,40,209,119,90,0,0,0,489,325,164,354,145,209,457,271,186,408,253,155,110,60,50,193,107,86,8,7,1,97,79,18,49,18,31,1,1,0,33,5,28,1,1,0,14,11,3,32,13,19,1,1,0,22,5,17,1,1,0,8,6,2,17,5,12,0,0,0,11,0,11,0,0,0,6,5,1,386,199,187
29,579,0150,620249,0000,000000,KARNATAKA,Gulbarga,VILLAGE,Itga Ahmadabad,Rural,224,1506,739,767,260,122,138,276,134,142,374,173,201,658,374,284,848,365,483,746,373,373,641,356,285,83,52,31,444,215,229,0,0,0,114,89,25,105,17,88,18,0,18,53,8,45,0,0,0,34,9,25,97,15,82,17,0,17,48,7,41,0,0,0,32,8,24,8,2,6,1,0,1,5,1,4,0,0,0,2,1,1,760,366,394
29,579,0150,620250,0000,000000,KARNATAKA,Gulbarga,VILLAGE,Kalbenur,Rural,223,1317,652,665,169,101,68,385,200,185,0,0,0,636,361,275,681,291,390,832,413,419,826,411,415,552,282,270,12,8,4,14,13,1,248,108,140,6,2,4,3,1,2,1,0,1,0,0,0,2,1,1,6,2,4,3,1,2,1,0,1,0,0,0,2,1,1,0,0,0,0,0,0,0,0,0,0,0,0,0,0,0,485,239,246
29,579,0150,620251,0000,000000,KARNATAKA,Gulbarga,VILLAGE,Srinivas Saradgi,Rural,1299,7523,3881,3642,1200,643,557,4374,2280,2094,11,7,4,3399,2118,1281,4124,1763,2361,3443,2044,1399,2467,1700,767,1233,855,378,574,286,288,14,6,8,646,553,93,976,344,632,13,10,3,810,222,588,4,1,3,149,111,38,948,330,618,13,10,3,797,217,580,3,1,2,135,102,33,28,14,14,0,0,0,13,5,8,1,0,1,14,9,5,4080,1837,2243
29,579,0150,620252,0000,000000,KARNATAKA,Gulbarga,VILLAGE,Kalagnoor,Rural,286,1703,898,805,243,132,111,1173,622,551,0,0,0,878,541,337,825,357,468,728,444,284,295,276,19,123,118,5,22,18,4,2,2,0,148,138,10,433,168,265,31,7,24,324,97,227,0,0,0,78,64,14,405,160,245,26,7,19,308,95,213,0,0,0,71,58,13,28,8,20,5,0,5,16,2,14,0,0,0,7,6,1,975,454,521
29,579,0150,620253,0000,000000,KARNATAKA,Gulbarga,VILLAGE,Zhapur,Rural,129,838,433,405,137,66,71,342,183,159,131,65,66,457,274,183,381,159,222,376,256,120,373,255,118,68,65,3,177,86,91,0,0,0,128,104,24,3,1,2,0,0,0,3,1,2,0,0,0,0,0,0,3,1,2,0,0,0,3,1,2,0,0,0,0,0,0,0,0,0,0,0,0,0,0,0,0,0,0,0,0,0,462,177,285
29,579,0150,620254,0000,000000,KARNATAKA,Gulbarga,VILLAGE,Pala,Rural,411,2281,1156,1125,336,170,166,649,348,301,58,29,29,1195,696,499,1086,460,626,1061,610,451,526,370,156,257,206,51,178,91,87,4,4,0,87,69,18,535,240,295,9,3,6,377,128,249,36,18,18,113,91,22,221,156,65,3,1,2,113,70,43,15,7,8,90,78,12,314,84,230,6,2,4,264,58,206,21,11,10,23,13,10,1220,546,674
29,579,0150,620255,0000,000000,KARNATAKA,Gulbarga,VILLAGE,Sannur,Rural,367,2133,1120,1013,327,178,149,1152,596,556,5,3,2,1098,693,405,1035,427,608,910,530,380,738,454,284,188,128,60,310,169,141,55,36,19,185,121,64,172,76,96,8,4,4,135,58,77,11,2,9,18,12,6,154,74,80,7,3,4,130,58,72,4,2,2,13,11,2,18,2,16,1,1,0,5,0,5,7,0,7,5,1,4,1223,590,633
29,579,0150,620256,0000,000000,KARNATAKA,Gulbarga,VILLAGE,Bolewad,Rural,265,1552,800,752,238,121,117,334,165,169,58,33,25,740,425,315,812,375,437,841,484,357,571,390,181,371,218,153,47,44,3,2,0,2,151,128,23,270,94,176,8,5,3,254,84,170,2,1,1,6,4,2,270,94,176,8,5,3,254,84,170,2,1,1,6,4,2,0,0,0,0,0,0,0,0,0,0,0,0,0,0,0,711,316,395
29,579,0150,620257,0000,000000,KARNATAKA,Gulbarga,VILLAGE,Madarsanhalli,Rural,17,87,46,41,9,4,5,17,8,9,0,0,0,68,37,31,19,9,10,32,25,7,29,23,6,1,1,0,0,0,0,0,0,0,28,22,6,3,2,1,0,0,0,0,0,0,0,0,0,3,2,1,3,2,1,0,0,0,0,0,0,0,0,0,3,2,1,0,0,0,0,0,0,0,0,0,0,0,0,0,0,0,55,21,34
29,579,0150,620258,0000,000000,KARNATAKA,Gulbarga,VILLAGE,Jaferabad,Rural,1144,5354,2658,2696,859,442,417,1966,985,981,26,13,13,2893,1591,1302,2461,1067,1394,1657,1210,447,1016,810,206,82,69,13,102,52,50,31,26,5,801,663,138,641,400,241,24,13,11,32,6,26,63,42,21,522,339,183,572,356,216,19,10,9,27,5,22,55,36,19,471,305,166,69,44,25,5,3,2,5,1,4,8,6,2,51,34,17,3697,1448,2249
29,579,0150,620259,0000,000000,KARNATAKA,Gulbarga,VILLAGE,Pallapur,Rural,85,410,210,200,66,38,28,0,0,0,8,5,3,277,152,125,133,58,75,114,101,13,101,90,11,3,3,0,2,2,0,0,0,0,96,85,11,13,11,2,0,0,0,1,0,1,0,0,0,12,11,1,8,6,2,0,0,0,1,0,1,0,0,0,7,6,1,5,5,0,0,0,0,0,0,0,0,0,0,5,5,0,296,109,187
29,579,0150,620260,0000,000000,KARNATAKA,Gulbarga,VILLAGE,Shaikroza,Rural,0,0,0,0,0,0,0,0,0,0,0,0,0,0,0,0,0,0,0,0,0,0,0,0,0,0,0,0,0,0,0,0,0,0,0,0,0,0,0,0,0,0,0,0,0,0,0,0,0,0,0,0,0,0,0,0,0,0,0,0,0,0,0,0,0,0,0,0,0,0,0,0,0,0,0,0,0,0,0,0,0,0,0,0,0
29,579,0150,620261,0000,000000,KARNATAKA,Gulbarga,VILLAGE,Nizampur,Rural,0,0,0,0,0,0,0,0,0,0,0,0,0,0,0,0,0,0,0,0,0,0,0,0,0,0,0,0,0,0,0,0,0,0,0,0,0,0,0,0,0,0,0,0,0,0,0,0,0,0,0,0,0,0,0,0,0,0,0,0,0,0,0,0,0,0,0,0,0,0,0,0,0,0,0,0,0,0,0,0,0,0,0,0,0
29,579,0150,620262,0000,000000,KARNATAKA,Gulbarga,VILLAGE,Kapnoor,Rural,204,949,482,467,169,83,86,7,1,6,7,4,3,528,306,222,421,176,245,407,255,152,406,255,151,49,29,20,87,48,39,1,0,1,269,178,91,1,0,1,0,0,0,0,0,0,0,0,0,1,0,1,1,0,1,0,0,0,0,0,0,0,0,0,1,0,1,0,0,0,0,0,0,0,0,0,0,0,0,0,0,0,542,227,315
29,579,0150,620263,0000,000000,KARNATAKA,Gulbarga,VILLAGE,Uplaon,Rural,280,1453,748,705,196,96,100,480,251,229,0,0,0,795,476,319,658,272,386,646,440,206,547,395,152,78,58,20,18,10,8,3,1,2,448,326,122,99,45,54,1,1,0,46,10,36,2,0,2,50,34,16,58,28,30,1,1,0,30,9,21,2,0,2,25,18,7,41,17,24,0,0,0,16,1,15,0,0,0,25,16,9,807,308,499
29,579,0150,620264,0000,000000,KARNATAKA,Gulbarga,VILLAGE,Hagargi,Rural,559,2982,1519,1463,414,196,218,1113,558,555,7,1,6,1647,1007,640,1335,512,823,1321,849,472,681,520,161,254,229,25,244,132,112,5,5,0,178,154,24,640,329,311,1,1,0,478,197,281,4,1,3,157,130,27,632,322,310,1,1,0,478,197,281,4,1,3,149,123,26,8,7,1,0,0,0,0,0,0,0,0,0,8,7,1,1661,670,991
29,579,0150,620265,0000,000000,KARNATAKA,Gulbarga,VILLAGE,Azadpur,Rural,315,1885,920,965,293,143,150,788,370,418,79,37,42,1044,573,471,841,347,494,941,537,404,477,316,161,124,84,40,205,102,103,11,9,2,137,121,16,464,221,243,16,5,11,335,144,191,18,4,14,95,68,27,290,141,149,14,5,9,223,97,126,6,1,5,47,38,9,174,80,94,2,0,2,112,47,65,12,3,9,48,30,18,944,383,561
29,579,0150,620266,0000,000000,KARNATAKA,Gulbarga,VILLAGE,Kusnoor (Part),Rural,116,635,329,306,127,69,58,628,322,306,6,6,0,306,198,108,329,131,198,283,162,121,97,71,26,52,36,16,14,12,2,2,1,1,29,22,7,186,91,95,4,2,2,175,83,92,0,0,0,7,6,1,183,89,94,3,1,2,173,82,91,0,0,0,7,6,1,3,2,1,1,1,0,2,1,1,0,0,0,0,0,0,352,167,185
29,579,0150,620267,0000,000000,KARNATAKA,Gulbarga,VILLAGE,Naganhalli *,Rural,327,1615,809,806,233,124,109,681,349,332,88,42,46,1088,597,491,527,212,315,469,375,94,207,167,40,38,33,5,12,9,3,2,1,1,155,124,31,262,208,54,7,6,1,49,37,12,11,10,1,195,155,40,197,167,30,7,6,1,31,27,4,11,10,1,148,124,24,65,41,24,0,0,0,18,10,8,0,0,0,47,31,16,1146,434,712
29,579,0150,620268,0000,000000,KARNATAKA,Gulbarga,VILLAGE,Udnoor,Rural,459,2424,1250,1174,378,189,189,828,419,409,4,1,3,1354,822,532,1070,428,642,1051,681,370,942,641,301,141,112,29,215,100,115,9,7,2,577,422,155,109,40,69,0,0,0,0,0,0,1,0,1,108,40,68,109,40,69,0,0,0,0,0,0,1,0,1,108,40,68,0,0,0,0,0,0,0,0,0,0,0,0,0,0,0,1373,569,804
29,579,0150,620269,0000,000000,KARNATAKA,Gulbarga,VILLAGE,Panegaon,Rural,393,2113,1099,1014,312,138,174,1190,619,571,4,3,1,907,581,326,1206,518,688,1040,624,416,493,400,93,123,108,15,220,162,58,0,0,0,150,130,20,547,224,323,5,2,3,461,176,285,2,0,2,79,46,33,493,200,293,5,2,3,429,164,265,0,0,0,59,34,25,54,24,30,0,0,0,32,12,20,2,0,2,20,12,8,1073,475,598
29,579,0150,620270,0000,000000,KARNATAKA,Gulbarga,VILLAGE,Sitnoor,Rural,291,1705,854,851,293,156,137,278,137,141,0,0,0,851,488,363,854,366,488,713,456,257,450,304,146,375,251,124,21,17,4,13,4,9,41,32,9,263,152,111,8,5,3,12,4,8,5,2,3,238,141,97,24,14,10,6,3,3,0,0,0,3,1,2,15,10,5,239,138,101,2,2,0,12,4,8,2,1,1,223,131,92,992,398,594
29,579,0150,620271,0000,000000,KARNATAKA,Gulbarga,VILLAGE,Nandikur,Rural,573,3858,2296,1562,529,265,264,997,544,453,43,23,20,2198,1499,699,1660,797,863,1635,974,661,988,716,272,172,159,13,409,225,184,10,6,4,397,326,71,647,258,389,45,25,20,248,69,179,94,13,81,260,151,109,598,237,361,42,23,19,246,69,177,70,8,62,240,137,103,49,21,28,3,2,1,2,0,2,24,5,19,20,14,6,2223,1322,901
29,579,0150,620272,0000,000000,KARNATAKA,Gulbarga,VILLAGE,Kesratgi,Rural,228,1244,623,621,207,110,97,492,261,231,0,0,0,758,439,319,486,184,302,454,332,122,432,322,110,118,103,15,168,104,64,10,9,1,136,106,30,22,10,12,3,1,2,5,2,3,0,0,0,14,7,7,16,8,8,3,1,2,4,2,2,0,0,0,9,5,4,6,2,4,0,0,0,1,0,1,0,0,0,5,2,3,790,291,499
29,579,0150,620273,0000,000000,KARNATAKA,Gulbarga,VILLAGE,Nandoor (K),Rural,557,2707,1357,1350,369,189,180,1125,583,542,2,0,2,1166,675,491,1541,682,859,1582,809,773,772,465,307,599,324,275,57,48,9,6,4,2,110,89,21,810,344,466,38,19,19,104,18,86,37,18,19,631,289,342,193,46,147,27,15,12,93,11,82,9,4,5,64,16,48,617,298,319,11,4,7,11,7,4,28,14,14,567,273,294,1125,548,577
29,579,0150,620274,0000,000000,KARNATAKA,Gulbarga,VILLAGE,Dharmapur,Rural,214,1138,569,569,148,70,78,454,224,230,1,0,1,622,394,228,516,175,341,616,351,265,415,267,148,158,108,50,190,110,80,4,4,0,63,45,18,201,84,117,29,6,23,158,70,88,0,0,0,14,8,6,195,82,113,26,5,21,155,69,86,0,0,0,14,8,6,6,2,4,3,1,2,3,1,2,0,0,0,0,0,0,522,218,304
29,579,0150,620275,0000,000000,KARNATAKA,Gulbarga,VILLAGE,Nandoor (B),Rural,350,2010,1029,981,269,143,126,1264,659,605,291,148,143,1071,645,426,939,384,555,829,511,318,613,413,200,55,45,10,335,196,139,0,0,0,223,172,51,216,98,118,8,6,2,140,52,88,13,4,9,55,36,19,79,40,39,6,4,2,28,12,16,11,3,8,34,21,13,137,58,79,2,2,0,112,40,72,2,1,1,21,15,6,1181,518,663
29,579,0150,620276,0000,000000,KARNATAKA,Gulbarga,VILLAGE,Hatkunda,Rural,228,1414,716,698,187,84,103,517,256,261,1,1,0,753,464,289,661,252,409,748,401,347,661,360,301,265,135,130,308,151,157,0,0,0,88,74,14,87,41,46,10,4,6,27,16,11,0,0,0,50,21,29,57,31,26,10,4,6,22,12,10,0,0,0,25,15,10,30,10,20,0,0,0,5,4,1,0,0,0,25,6,19,666,315,351
29,579,0150,620277,0000,000000,KARNATAKA,Gulbarga,VILLAGE,Pattan,Rural,868,4332,2152,2180,549,280,269,979,494,485,41,16,25,2352,1355,997,1980,797,1183,2439,1304,1135,1825,1072,753,618,423,195,634,362,272,42,33,9,531,254,277,614,232,382,11,8,3,168,21,147,5,2,3,430,201,229,454,159,295,11,8,3,166,19,147,4,2,2,273,130,143,160,73,87,0,0,0,2,2,0,1,0,1,157,71,86,1893,848,1045
29,579,0150,620278,0000,000000,KARNATAKA,Gulbarga,VILLAGE,Bhimanhalli,Rural,640,3397,1729,1668,520,257,263,421,210,211,89,48,41,1669,1001,668,1728,728,1000,1392,909,483,930,694,236,522,402,120,180,100,80,7,4,3,221,188,33,462,215,247,4,3,1,358,154,204,5,2,3,95,56,39,461,214,247,4,3,1,358,154,204,4,1,3,95,56,39,1,1,0,0,0,0,0,0,0,1,1,0,0,0,0,2005,820,1185
29,579,0150,620279,0000,000000,KARNATAKA,Gulbarga,VILLAGE,Syed Chincholi,Rural,458,2680,1347,1333,377,199,178,1152,573,579,0,0,0,1378,791,587,1302,556,746,1238,741,497,746,599,147,335,257,78,99,74,25,2,2,0,310,266,44,492,142,350,7,2,5,440,108,332,0,0,0,45,32,13,473,137,336,7,2,5,422,103,319,0,0,0,44,32,12,19,5,14,0,0,0,18,5,13,0,0,0,1,0,1,1442,606,836
29,579,0150,620280,0000,000000,KARNATAKA,Gulbarga,VILLAGE,Taj Sultanpur,Rural,1303,6743,3502,3241,903,493,410,2048,1040,1008,230,124,106,4363,2523,1840,2380,979,1401,2501,1744,757,1479,1160,319,108,80,28,292,164,128,33,28,5,1046,888,158,1022,584,438,48,29,19,489,236,253,52,32,20,433,287,146,878,514,364,45,26,19,400,210,190,50,32,18,383,246,137,144,70,74,3,3,0,89,26,63,2,0,2,50,41,9,4242,1758,2484
29,579,0150,620281,0000,000000,KARNATAKA,Gulbarga,VILLAGE,Keribhosga,Rural,376,2057,1031,1026,325,159,166,997,504,493,0,0,0,1015,625,390,1042,406,636,914,542,372,844,508,336,91,67,24,20,11,9,11,6,5,722,424,298,70,34,36,5,3,2,4,0,4,2,0,2,59,31,28,65,33,32,5,3,2,4,0,4,1,0,1,55,30,25,5,1,4,0,0,0,0,0,0,1,0,1,4,1,3,1143,489,654
29,579,0150,620282,0000,000000,KARNATAKA,Gulbarga,VILLAGE,Sindagi,Rural,413,2438,1237,1201,335,183,152,602,293,309,10,7,3,1266,740,526,1172,497,675,1327,719,608,246,196,50,171,134,37,22,18,4,11,8,3,42,36,6,1081,523,558,9,7,2,448,188,260,346,178,168,278,150,128,697,303,394,6,4,2,417,164,253,62,25,37,212,110,102,384,220,164,3,3,0,31,24,7,284,153,131,66,40,26,1111,518,593
29,579,0150,620283,0000,000000,KARNATAKA,Gulbarga,VILLAGE,Bablad Sindagi,Rural,257,1428,717,711,190,98,92,430,223,207,0,0,0,760,439,321,668,278,390,664,409,255,631,391,240,107,67,40,274,141,133,8,6,2,242,177,65,33,18,15,1,0,1,15,4,11,1,0,1,16,14,2,22,13,9,1,0,1,9,3,6,1,0,1,11,10,1,11,5,6,0,0,0,6,1,5,0,0,0,5,4,1,764,308,456
29,579,0150,620284,0000,000000,KARNATAKA,Gulbarga,VILLAGE,Savalgi (B),Rural,738,3974,2046,1928,564,296,268,950,487,463,182,94,88,2122,1268,854,1852,778,1074,2004,1113,891,1291,784,507,222,195,27,664,276,388,19,11,8,386,302,84,713,329,384,11,3,8,530,202,328,11,3,8,161,121,40,709,328,381,11,3,8,529,202,327,11,3,8,158,120,38,4,1,3,0,0,0,1,0,1,0,0,0,3,1,2,1970,933,1037
29,579,0150,620285,0000,000000,KARNATAKA,Gulbarga,VILLAGE,Yelvanthi (K),Rural,226,1308,663,645,165,92,73,236,120,116,17,8,9,712,416,296,596,247,349,671,396,275,662,388,274,253,171,82,312,135,177,7,6,1,90,76,14,9,8,1,1,1,0,4,3,1,0,0,0,4,4,0,8,7,1,1,1,0,4,3,1,0,0,0,3,3,0,1,1,0,0,0,0,0,0,0,0,0,0,1,1,0,637,267,370
29,579,0150,620286,0000,000000,KARNATAKA,Gulbarga,VILLAGE,Hunsihadgil,Rural,310,1930,1000,930,279,150,129,730,376,354,0,0,0,1108,647,461,822,353,469,788,512,276,771,505,266,245,173,72,380,200,180,0,0,0,146,132,14,17,7,10,2,2,0,12,2,10,0,0,0,3,3,0,17,7,10,2,2,0,12,2,10,0,0,0,3,3,0,0,0,0,0,0,0,0,0,0,0,0,0,0,0,0,1142,488,654
29,579,0150,620287,0000,000000,KARNATAKA,Gulbarga,VILLAGE,Melkunda (B),Rural,458,2603,1329,1274,444,222,222,507,250,257,5,4,1,1440,857,583,1163,472,691,1266,781,485,985,641,344,331,310,21,116,96,20,8,4,4,530,231,299,281,140,141,47,12,35,61,24,37,5,0,5,168,104,64,239,121,118,44,12,32,61,24,37,5,0,5,129,85,44,42,19,23,3,0,3,0,0,0,0,0,0,39,19,20,1337,548,789
29,579,0150,620288,0000,000000,KARNATAKA,Gulbarga,VILLAGE,Kadnal,Rural,91,494,271,223,74,46,28,10,4,6,0,0,0,255,170,85,239,101,138,226,144,82,208,140,68,84,67,17,98,52,46,1,1,0,25,20,5,18,4,14,1,0,1,14,2,12,0,0,0,3,2,1,18,4,14,1,0,1,14,2,12,0,0,0,3,2,1,0,0,0,0,0,0,0,0,0,0,0,0,0,0,0,268,127,141
29,579,0150,620289,0000,000000,KARNATAKA,Gulbarga,VILLAGE,Machnal,Rural,127,778,406,372,105,56,49,775,405,370,3,1,2,379,232,147,399,174,225,328,197,131,316,191,125,59,58,1,230,117,113,1,1,0,26,15,11,12,6,6,0,0,0,8,3,5,1,1,0,3,2,1,11,6,5,0,0,0,8,3,5,1,1,0,2,2,0,1,0,1,0,0,0,0,0,0,0,0,0,1,0,1,450,209,241
29,579,0150,620290,0000,000000,KARNATAKA,Gulbarga,VILLAGE,Malni,Rural,130,689,357,332,98,48,50,126,60,66,0,0,0,333,207,126,356,150,206,286,214,72,178,152,26,122,118,4,17,12,5,5,2,3,34,20,14,108,62,46,1,1,0,55,28,27,2,2,0,50,31,19,104,60,44,1,1,0,55,28,27,2,2,0,46,29,17,4,2,2,0,0,0,0,0,0,0,0,0,4,2,2,403,143,260
29,579,0150,620291,0000,000000,KARNATAKA,Gulbarga,VILLAGE,Kollur,Rural,160,882,450,432,131,57,74,114,57,57,3,2,1,448,285,163,434,165,269,402,242,160,319,208,111,96,66,30,129,65,64,6,4,2,88,73,15,83,34,49,1,1,0,68,22,46,2,0,2,12,11,1,57,24,33,1,1,0,48,16,32,1,0,1,7,7,0,26,10,16,0,0,0,20,6,14,1,0,1,5,4,1,480,208,272
29,579,0150,620292,0000,000000,KARNATAKA,Gulbarga,VILLAGE,Melkunda (K),Rural,309,1821,932,889,310,168,142,329,173,156,4,1,3,905,556,349,916,376,540,779,485,294,739,467,272,144,125,19,406,179,227,37,32,5,152,131,21,40,18,22,3,1,2,21,5,16,6,4,2,10,8,2,37,17,20,3,1,2,19,5,14,6,4,2,9,7,2,3,1,2,0,0,0,2,0,2,0,0,0,1,1,0,1042,447,595
29,579,0150,620293,0000,000000,KARNATAKA,Gulbarga,VILLAGE,Hadgilharuti,Rural,467,2611,1323,1288,375,189,186,760,390,370,78,36,42,1414,832,582,1197,491,706,1234,716,518,790,509,281,175,128,47,230,117,113,24,18,6,361,246,115,444,207,237,10,7,3,191,64,127,41,27,14,202,109,93,396,190,206,9,6,3,179,61,118,31,22,9,177,101,76,48,17,31,1,1,0,12,3,9,10,5,5,25,8,17,1377,607,770
29,579,0150,620294,0000,000000,KARNATAKA,Gulbarga,VILLAGE,Kadni,Rural,649,3533,1789,1744,487,253,234,420,223,197,0,0,0,1922,1134,788,1611,655,956,1740,972,768,1295,803,492,377,317,60,553,256,297,16,11,5,349,219,130,445,169,276,7,3,4,154,96,58,15,5,10,269,65,204,382,130,252,6,2,4,153,96,57,13,3,10,210,29,181,63,39,24,1,1,0,1,0,1,2,2,0,59,36,23,1793,817,976
29,579,0150,620295,0000,000000,KARNATAKA,Gulbarga,VILLAGE,Sirasgi,Rural,613,3055,1548,1507,439,225,214,131,72,59,540,268,272,1489,887,602,1566,661,905,1298,815,483,1283,808,475,328,269,59,416,84,332,3,3,0,536,452,84,15,7,8,1,1,0,4,0,4,1,0,1,9,6,3,15,7,8,1,1,0,4,0,4,1,0,1,9,6,3,0,0,0,0,0,0,0,0,0,0,0,0,0,0,0,1757,733,1024
29,579,0150,620296,0000,000000,KARNATAKA,Gulbarga,VILLAGE,Garoor (K),Rural,0,0,0,0,0,0,0,0,0,0,0,0,0,0,0,0,0,0,0,0,0,0,0,0,0,0,0,0,0,0,0,0,0,0,0,0,0,0,0,0,0,0,0,0,0,0,0,0,0,0,0,0,0,0,0,0,0,0,0,0,0,0,0,0,0,0,0,0,0,0,0,0,0,0,0,0,0,0,0,0,0,0,0,0,0
29,579,0150,620297,0000,000000,KARNATAKA,Gulbarga,VILLAGE,Garoor (B),Rural,221,1012,522,490,137,78,59,172,88,84,0,0,0,593,357,236,419,165,254,576,300,276,500,268,232,145,102,43,301,127,174,13,8,5,41,31,10,76,32,44,3,2,1,33,5,28,22,15,7,18,10,8,65,24,41,3,2,1,31,4,27,14,9,5,17,9,8,11,8,3,0,0,0,2,1,1,8,6,2,1,1,0,436,222,214
29,579,0150,620298,0000,000000,KARNATAKA,Gulbarga,VILLAGE,Minajgi,Rural,380,2394,1241,1153,385,196,189,772,389,383,49,29,20,1195,749,446,1199,492,707,1254,683,571,766,518,248,275,219,56,395,219,176,21,17,4,75,63,12,488,165,323,116,10,106,324,126,198,16,9,7,32,20,12,394,137,257,111,10,101,244,102,142,12,8,4,27,17,10,94,28,66,5,0,5,80,24,56,4,1,3,5,3,2,1140,558,582
29,579,0150,620299,0000,000000,KARNATAKA,Gulbarga,VILLAGE,Tadtegnoor,Rural,343,2460,1421,1039,265,126,139,354,160,194,81,51,30,1460,998,462,1000,423,577,684,432,252,196,163,33,122,108,14,26,16,10,1,1,0,47,38,9,488,269,219,15,11,4,20,9,11,3,2,1,450,247,203,451,248,203,15,11,4,20,9,11,2,1,1,414,227,187,37,21,16,0,0,0,0,0,0,1,1,0,36,20,16,1776,989,787
29,579,0150,620300,0000,000000,KARNATAKA,Gulbarga,VILLAGE,Sirnoor,Rural,374,2128,1080,1048,327,168,159,566,283,283,72,40,32,1101,660,441,1027,420,607,1017,624,393,826,477,349,128,80,48,558,276,282,2,1,1,138,120,18,191,147,44,1,1,0,54,42,12,0,0,0,136,104,32,190,147,43,1,1,0,54,42,12,0,0,0,135,104,31,1,0,1,0,0,0,0,0,0,0,0,0,1,0,1,1111,456,655
29,579,0150,620301,0000,000000,KARNATAKA,Gulbarga,VILLAGE,Khandal,Rural,694,3929,1991,1938,515,259,256,2088,1089,999,4,2,2,2193,1336,857,1736,655,1081,1357,1012,345,1021,872,149,665,575,90,51,40,11,7,5,2,298,252,46,336,140,196,11,6,5,265,87,178,1,1,0,59,46,13,258,110,148,11,6,5,193,62,131,0,0,0,54,42,12,78,30,48,0,0,0,72,25,47,1,1,0,5,4,1,2572,979,1593
29,579,0150,620302,0000,000000,KARNATAKA,Gulbarga,VILLAGE,Itga Khandal,Rural,421,2193,1088,1105,325,163,162,792,397,395,36,20,16,1046,624,422,1147,464,683,995,601,394,932,584,348,134,112,22,588,282,306,3,0,3,207,190,17,63,17,46,4,2,2,52,10,42,0,0,0,7,5,2,61,17,44,4,2,2,50,10,40,0,0,0,7,5,2,2,0,2,0,0,0,2,0,2,0,0,0,0,0,0,1198,487,711
29,579,0150,620303,0000,000000,KARNATAKA,Gulbarga,VILLAGE,Farhatabad,Rural,1081,5695,2921,2774,714,377,337,827,415,412,303,156,147,3034,1795,1239,2661,1126,1535,2471,1594,877,2168,1443,725,391,332,59,950,445,505,38,28,10,789,638,151,303,151,152,10,5,5,185,85,100,5,2,3,103,59,44,294,147,147,9,4,5,179,83,96,3,1,2,103,59,44,9,4,5,1,1,0,6,2,4,2,1,1,0,0,0,3224,1327,1897
29,579,0150,620304,0000,000000,KARNATAKA,Gulbarga,VILLAGE,Hagargundagi,Rural,391,2191,1150,1041,288,155,133,431,231,200,281,153,128,1191,764,427,1000,386,614,1129,618,511,1126,616,510,283,212,71,711,302,409,4,3,1,128,99,29,3,2,1,0,0,0,2,1,1,0,0,0,1,1,0,3,2,1,0,0,0,2,1,1,0,0,0,1,1,0,0,0,0,0,0,0,0,0,0,0,0,0,0,0,0,1062,532,530
29,579,0150,620305,0000,000000,KARNATAKA,Gulbarga,VILLAGE,Kawalga (B),Rural,645,3893,1964,1929,623,300,323,525,270,255,529,266,263,1640,1033,607,2253,931,1322,1962,1046,916,1861,996,865,371,242,129,1331,625,706,3,2,1,156,127,29,101,50,51,6,3,3,54,22,32,22,12,10,19,13,6,89,41,48,5,2,3,53,21,32,16,7,9,15,11,4,12,9,3,1,1,0,1,1,0,6,5,1,4,2,2,1931,918,1013
29,579,0150,620306,0000,000000,KARNATAKA,Gulbarga,VILLAGE,Jogur,Rural,469,3066,1575,1491,472,250,222,304,141,163,21,10,11,1114,655,459,1952,920,1032,1447,867,580,1382,848,534,927,581,346,320,174,146,7,5,2,128,88,40,65,19,46,33,4,29,8,0,8,0,0,0,24,15,9,54,15,39,23,0,23,7,0,7,0,0,0,24,15,9,11,4,7,10,4,6,1,0,1,0,0,0,0,0,0,1619,708,911
29,579,0150,620307,0000,000000,KARNATAKA,Gulbarga,VILLAGE,Maniyal,Rural,181,1227,643,584,223,117,106,124,60,64,0,0,0,453,281,172,774,362,412,689,363,326,431,291,140,177,163,14,226,108,118,5,3,2,23,17,6,258,72,186,3,3,0,239,58,181,7,3,4,9,8,1,251,68,183,3,3,0,237,57,180,3,1,2,8,7,1,7,4,3,0,0,0,2,1,1,4,2,2,1,1,0,538,280,258
29,579,0150,620308,0000,000000,KARNATAKA,Gulbarga,VILLAGE,Herur (B),Rural,684,3981,1978,2003,652,309,343,687,362,325,0,0,0,1563,955,608,2418,1023,1395,1857,1042,815,971,808,163,507,482,25,178,128,50,119,69,50,167,129,38,886,234,652,205,38,167,493,93,400,84,34,50,104,69,35,808,182,626,196,30,166,468,79,389,68,23,45,76,50,26,78,52,26,9,8,1,25,14,11,16,11,5,28,19,9,2124,936,1188
29,579,0150,620309,0000,000000,KARNATAKA,Gulbarga,VILLAGE,Belgumpa (K),Rural,105,676,337,339,99,46,53,217,105,112,0,0,0,347,215,132,329,122,207,342,193,149,182,171,11,77,75,2,53,49,4,0,0,0,52,47,5,160,22,138,48,6,42,101,10,91,0,0,0,11,6,5,159,21,138,48,6,42,101,10,91,0,0,0,10,5,5,1,1,0,0,0,0,0,0,0,0,0,0,1,1,0,334,144,190
29,579,0150,620310,0000,000000,KARNATAKA,Gulbarga,VILLAGE,Basavapattana,Rural,291,1761,890,871,259,125,134,151,68,83,0,0,0,891,540,351,870,350,520,639,418,221,305,281,24,218,211,7,11,11,0,10,8,2,66,51,15,334,137,197,14,6,8,159,78,81,35,19,16,126,34,92,317,124,193,14,6,8,152,71,81,31,17,14,120,30,90,17,13,4,0,0,0,7,7,0,4,2,2,6,4,2,1122,472,650
29,579,0150,620311,0000,000000,KARNATAKA,Gulbarga,VILLAGE,Kawalga (K),Rural,206,1097,537,560,168,81,87,128,63,65,0,0,0,596,341,255,501,196,305,556,282,274,199,178,21,29,29,0,105,98,7,3,2,1,62,49,13,357,104,253,6,5,1,318,90,228,1,1,0,32,8,24,349,103,246,6,5,1,312,89,223,1,1,0,30,8,22,8,1,7,0,0,0,6,1,5,0,0,0,2,0,2,541,255,286
29,579,0150,620312,0000,000000,KARNATAKA,Gulbarga,VILLAGE,Aurad (K),Rural,131,573,273,300,68,30,38,91,46,45,0,0,0,251,155,96,322,118,204,224,153,71,172,135,37,57,55,2,55,30,25,0,0,0,60,50,10,52,18,34,4,2,2,47,15,32,1,1,0,0,0,0,52,18,34,4,2,2,47,15,32,1,1,0,0,0,0,0,0,0,0,0,0,0,0,0,0,0,0,0,0,0,349,120,229
29,579,0150,620313,0000,000000,KARNATAKA,Gulbarga,VILLAGE,Siradgi (Bhatad),Rural,397,2118,1078,1040,252,141,111,70,34,36,7,3,4,1225,737,488,893,341,552,939,556,383,911,542,369,272,170,102,424,191,233,1,1,0,214,180,34,28,14,14,5,1,4,8,4,4,0,0,0,15,9,6,24,12,12,4,1,3,8,4,4,0,0,0,12,7,5,4,2,2,1,0,1,0,0,0,0,0,0,3,2,1,1179,522,657
29,579,0150,620314,0000,000000,KARNATAKA,Gulbarga,VILLAGE,Tilgul,Rural,277,1702,825,877,285,144,141,209,103,106,2,1,1,891,520,371,811,305,506,822,483,339,811,477,334,273,162,111,388,192,196,0,0,0,150,123,27,11,6,5,1,1,0,8,4,4,0,0,0,2,1,1,9,5,4,1,1,0,8,4,4,0,0,0,0,0,0,2,1,1,0,0,0,0,0,0,0,0,0,2,1,1,880,342,538
29,579,0150,620315,0000,000000,KARNATAKA,Gulbarga,VILLAGE,Balwad,Rural,75,391,180,211,67,30,37,24,13,11,0,0,0,215,117,98,176,63,113,165,94,71,159,91,68,25,22,3,108,48,60,0,0,0,26,21,5,6,3,3,0,0,0,6,3,3,0,0,0,0,0,0,5,3,2,0,0,0,5,3,2,0,0,0,0,0,0,1,0,1,0,0,0,1,0,1,0,0,0,0,0,0,226,86,140
29,579,0150,620316,0000,000000,KARNATAKA,Gulbarga,VILLAGE,Naddisinur,Rural,367,1996,972,1024,305,149,156,451,228,223,1,0,1,839,490,349,1157,482,675,795,517,278,702,474,228,233,196,37,241,78,163,4,4,0,224,196,28,93,43,50,14,6,8,48,15,33,0,0,0,31,22,9,89,41,48,13,6,7,47,14,33,0,0,0,29,21,8,4,2,2,1,0,1,1,1,0,0,0,0,2,1,1,1201,455,746
29,579,0150,620317,0000,000000,KARNATAKA,Gulbarga,VILLAGE,Ferozabad,Rural,853,4748,2398,2350,746,389,357,555,286,269,168,88,80,2325,1372,953,2423,1026,1397,2006,1188,818,930,783,147,286,271,15,285,218,67,22,15,7,337,279,58,1076,405,671,13,6,7,997,355,642,7,3,4,59,41,18,649,237,412,12,6,6,609,214,395,6,3,3,22,14,8,427,168,259,1,0,1,388,141,247,1,0,1,37,27,10,2742,1210,1532
29,579,0150,620318,0000,000000,KARNATAKA,Gulbarga,VILLAGE,Somnathahalli,Rural,126,755,360,395,129,64,65,234,110,124,0,0,0,261,142,119,494,218,276,405,215,190,174,168,6,64,64,0,90,88,2,0,0,0,20,16,4,231,47,184,34,9,25,194,36,158,0,0,0,3,2,1,164,36,128,13,5,8,148,29,119,0,0,0,3,2,1,67,11,56,21,4,17,46,7,39,0,0,0,0,0,0,350,145,205
29,579,0150,620319,0000,000000,KARNATAKA,Gulbarga,VILLAGE,Nadvinhalli,Rural,145,708,338,370,106,49,57,78,37,41,16,9,7,342,207,135,366,131,235,240,172,68,191,166,25,91,90,1,42,27,15,8,7,1,50,42,8,49,6,43,1,0,1,46,4,42,0,0,0,2,2,0,47,5,42,1,0,1,44,3,41,0,0,0,2,2,0,2,1,1,0,0,0,2,1,1,0,0,0,0,0,0,468,166,302
29,579,0150,620320,0000,000000,KARNATAKA,Gulbarga,VILLAGE,Kiranagi,Rural,1020,5465,2743,2722,735,394,341,668,357,311,7,4,3,2719,1604,1115,2746,1139,1607,2451,1444,1007,1846,1247,599,573,472,101,1013,577,436,37,25,12,223,173,50,605,197,408,17,11,6,540,152,388,3,2,1,45,32,13,592,191,401,16,10,6,532,150,382,3,2,1,41,29,12,13,6,7,1,1,0,8,2,6,0,0,0,4,3,1,3014,1299,1715
29,579,0150,803207,0056,000000,KARNATAKA,Gulbarga,OG,Kusnoor (OG) (Part)  WARD NO.-0056 (Rural MDDS CODE:620266),Urban,1202,6262,3191,3071,712,367,345,2033,1048,985,243,120,123,4202,2348,1854,2060,843,1217,2144,1537,607,1785,1290,495,53,34,19,53,26,27,12,7,5,1667,1223,444,359,247,112,10,5,5,13,6,7,4,3,1,332,233,99,297,196,101,10,5,5,8,2,6,1,1,0,278,188,90,62,51,11,0,0,0,5,4,1,3,2,1,54,45,9,4118,1654,2464
29,579,0150,803207,0057,000000,KARNATAKA,Gulbarga,OG,Rajapur (OG) WARD NO.-0057 (Rural MDDS CODE:620321),Urban,91,434,220,214,51,29,22,165,93,72,16,7,9,343,179,164,91,41,50,123,91,32,114,85,29,0,0,0,3,1,2,0,0,0,111,84,27,9,6,3,0,0,0,0,0,0,0,0,0,9,6,3,9,6,3,0,0,0,0,0,0,0,0,0,9,6,3,0,0,0,0,0,0,0,0,0,0,0,0,0,0,0,311,129,182
29,579,0150,803207,0058,000000,KARNATAKA,Gulbarga,OG,Kotnoor Darwesh (OG) WARD NO.-0058 (Rural MDDS CODE:620322),Urban,568,2864,1481,1383,392,195,197,718,356,362,44,28,16,1862,1113,749,1002,368,634,1018,671,347,806,528,278,19,12,7,20,18,2,29,21,8,738,477,261,212,143,69,1,1,0,79,50,29,8,3,5,124,89,35,202,139,63,1,1,0,75,49,26,7,2,5,119,87,32,10,4,6,0,0,0,4,1,3,1,1,0,5,2,3,1846,810,1036
29,579,0151,000000,0000,000000,KARNATAKA,Gulbarga,CD BLOCK,Chincholi ,Total,44466,233390,116896,116494,33518,17139,16379,86302,43623,42679,8979,4526,4453,117163,69798,47365,116227,47098,69129,113495,64155,49340,88506,54326,34180,25233,19527,5706,44669,21227,23442,1089,718,371,17515,12854,4661,24989,9829,15160,1402,639,763,17246,5999,11247,795,340,455,5546,2851,2695,22327,8906,13421,1248,579,669,15880,5519,10361,676,297,379,4523,2511,2012,2662,923,1739,154,60,94,1366,480,886,119,43,76,1023,340,683,119895,52741,67154
29,579,0151,000000,0000,000000,KARNATAKA,Gulbarga,CD BLOCK,Chincholi ,Rural,44466,233390,116896,116494,33518,17139,16379,86302,43623,42679,8979,4526,4453,117163,69798,47365,116227,47098,69129,113495,64155,49340,88506,54326,34180,25233,19527,5706,44669,21227,23442,1089,718,371,17515,12854,4661,24989,9829,15160,1402,639,763,17246,5999,11247,795,340,455,5546,2851,2695,22327,8906,13421,1248,579,669,15880,5519,10361,676,297,379,4523,2511,2012,2662,923,1739,154,60,94,1366,480,886,119,43,76,1023,340,683,119895,52741,67154
29,579,0151,000000,0000,000000,KARNATAKA,Gulbarga,CD BLOCK,Chincholi ,Urban,0,0,0,0,0,0,0,0,0,0,0,0,0,0,0,0,0,0,0,0,0,0,0,0,0,0,0,0,0,0,0,0,0,0,0,0,0,0,0,0,0,0,0,0,0,0,0,0,0,0,0,0,0,0,0,0,0,0,0,0,0,0,0,0,0,0,0,0,0,0,0,0,0,0,0,0,0,0,0,0,0,0,0,0,0
29,579,0151,620323,0000,000000,KARNATAKA,Gulbarga,VILLAGE,Chengta,Rural,1075,5873,3017,2856,921,447,474,2895,1475,1420,573,297,276,2925,1739,1186,2948,1278,1670,2983,1652,1331,2129,1421,708,539,475,64,629,262,367,12,6,6,949,678,271,854,231,623,26,18,8,679,180,499,1,0,1,148,33,115,848,229,619,26,18,8,676,179,497,1,0,1,145,32,113,6,2,4,0,0,0,3,1,2,0,0,0,3,1,2,2890,1365,1525
29,579,0151,620324,0000,000000,KARNATAKA,Gulbarga,VILLAGE,Bhunyar[B],Rural,173,838,421,417,117,53,64,68,35,33,0,0,0,523,317,206,315,104,211,391,240,151,272,161,111,100,100,0,109,12,97,1,1,0,62,48,14,119,79,40,0,0,0,8,1,7,1,0,1,110,78,32,118,78,40,0,0,0,8,1,7,1,0,1,109,77,32,1,1,0,0,0,0,0,0,0,0,0,0,1,1,0,447,181,266
29,579,0151,620325,0000,000000,KARNATAKA,Gulbarga,VILLAGE,Bhunyar[K],Rural,415,2138,1080,1058,414,198,216,1768,901,867,2,2,0,851,541,310,1287,539,748,996,553,443,683,490,193,239,239,0,369,194,175,3,3,0,72,54,18,313,63,250,2,2,0,284,43,241,2,1,1,25,17,8,302,56,246,1,1,0,281,40,241,0,0,0,20,15,5,11,7,4,1,1,0,3,3,0,2,1,1,5,2,3,1142,527,615
29,579,0151,620326,0000,000000,KARNATAKA,Gulbarga,VILLAGE,Khanapur,Rural,424,2031,1005,1026,299,144,155,1219,621,598,2,1,1,946,569,377,1085,436,649,890,506,384,693,401,292,125,118,7,511,260,251,8,1,7,49,22,27,197,105,92,12,11,1,120,57,63,2,0,2,63,37,26,179,105,74,12,11,1,120,57,63,2,0,2,45,37,8,18,0,18,0,0,0,0,0,0,0,0,0,18,0,18,1141,499,642
29,579,0151,620327,0000,000000,KARNATAKA,Gulbarga,VILLAGE,Ainapur,Rural,654,3502,1746,1756,431,223,208,391,224,167,68,33,35,2023,1163,860,1479,583,896,1631,907,724,1380,847,533,338,256,82,754,386,368,7,4,3,281,201,80,251,60,191,9,6,3,78,32,46,3,0,3,161,22,139,105,49,56,7,6,1,72,30,42,1,0,1,25,13,12,146,11,135,2,0,2,6,2,4,2,0,2,136,9,127,1871,839,1032
29,579,0151,620328,0000,000000,KARNATAKA,Gulbarga,VILLAGE,Benkeppalli,Rural,631,3522,1830,1692,593,311,282,2238,1175,1063,86,44,42,1623,1044,579,1899,786,1113,1878,957,921,1584,870,714,647,350,297,744,391,353,55,40,15,138,89,49,294,87,207,19,7,12,152,45,107,16,3,13,107,32,75,227,69,158,16,7,9,138,43,95,13,3,10,60,16,44,67,18,49,3,0,3,14,2,12,3,0,3,47,16,31,1644,873,771
29,579,0151,620329,0000,000000,KARNATAKA,Gulbarga,VILLAGE,Salgar Basanthpur,Rural,641,3605,1820,1785,585,301,284,3095,1574,1521,76,41,35,1301,842,459,2304,978,1326,1739,972,767,1111,730,381,775,501,274,154,86,68,19,17,2,163,126,37,628,242,386,102,63,39,419,132,287,13,6,7,94,41,53,576,227,349,101,62,39,411,130,281,11,6,5,53,29,24,52,15,37,1,1,0,8,2,6,2,0,2,41,12,29,1866,848,1018
29,579,0151,620330,0000,000000,KARNATAKA,Gulbarga,VILLAGE,Yetabarpur,Rural,304,1780,929,851,353,217,136,1770,922,848,2,2,0,470,322,148,1310,607,703,937,495,442,652,391,261,349,290,59,193,75,118,1,0,1,109,26,83,285,104,181,4,2,2,228,74,154,0,0,0,53,28,25,282,102,180,4,2,2,228,74,154,0,0,0,50,26,24,3,2,1,0,0,0,0,0,0,0,0,0,3,2,1,843,434,409
29,579,0151,620331,0000,000000,KARNATAKA,Gulbarga,VILLAGE,Salebeernhalli,Rural,578,3203,1588,1615,479,239,240,1271,647,624,113,53,60,1398,845,553,1805,743,1062,1593,918,675,1424,872,552,321,268,53,767,420,347,8,5,3,328,179,149,169,46,123,28,7,21,103,19,84,1,1,0,37,19,18,157,44,113,26,6,20,100,19,81,1,1,0,30,18,12,12,2,10,2,1,1,3,0,3,0,0,0,7,1,6,1610,670,940
29,579,0151,620332,0000,000000,KARNATAKA,Gulbarga,VILLAGE,Tumkunta,Rural,446,2399,1223,1176,376,194,182,1382,715,667,339,167,172,992,623,369,1407,600,807,1421,728,693,1051,559,492,151,108,43,832,394,438,0,0,0,68,57,11,370,169,201,3,0,3,311,132,179,15,8,7,41,29,12,67,42,25,3,0,3,25,11,14,14,7,7,25,24,1,303,127,176,0,0,0,286,121,165,1,1,0,16,5,11,978,495,483
29,579,0151,620333,0000,000000,KARNATAKA,Gulbarga,VILLAGE,Hasargundgi,Rural,498,2364,1177,1187,276,141,135,575,291,284,24,13,11,1287,758,529,1077,419,658,934,643,291,785,566,219,102,96,6,467,296,171,30,24,6,186,150,36,149,77,72,11,6,5,50,22,28,69,32,37,19,17,2,123,64,59,10,6,4,36,14,22,63,31,32,14,13,1,26,13,13,1,0,1,14,8,6,6,1,5,5,4,1,1430,534,896
29,579,0151,620334,0000,000000,KARNATAKA,Gulbarga,VILLAGE,Gurampalli,Rural,109,509,231,278,81,38,43,184,80,104,0,0,0,206,117,89,303,114,189,186,129,57,133,104,29,33,30,3,75,54,21,2,2,0,23,18,5,53,25,28,7,4,3,31,13,18,1,0,1,14,8,6,35,16,19,5,3,2,24,11,13,0,0,0,6,2,4,18,9,9,2,1,1,7,2,5,1,0,1,8,6,2,323,102,221
29,579,0151,620335,0000,000000,KARNATAKA,Gulbarga,VILLAGE,Nagarhal,Rural,100,543,285,258,68,34,34,79,45,34,7,4,3,367,222,145,176,63,113,307,155,152,227,138,89,37,31,6,161,88,73,13,8,5,16,11,5,80,17,63,1,1,0,74,14,60,4,1,3,1,1,0,79,17,62,1,1,0,73,14,59,4,1,3,1,1,0,1,0,1,0,0,0,1,0,1,0,0,0,0,0,0,236,130,106
29,579,0151,620336,0000,000000,KARNATAKA,Gulbarga,VILLAGE,Yalmamdi,Rural,399,2225,1123,1102,341,171,170,961,485,476,42,19,23,979,595,384,1246,528,718,1298,639,659,856,425,431,254,157,97,348,200,148,19,10,9,235,58,177,442,214,228,4,1,3,429,210,219,0,0,0,9,3,6,442,214,228,4,1,3,429,210,219,0,0,0,9,3,6,0,0,0,0,0,0,0,0,0,0,0,0,0,0,0,927,484,443
29,579,0151,620337,0000,000000,KARNATAKA,Gulbarga,VILLAGE,Channur,Rural,166,1010,515,495,129,56,73,362,183,179,1,1,0,534,327,207,476,188,288,469,289,180,148,147,1,132,132,0,4,4,0,0,0,0,12,11,1,321,142,179,11,10,1,137,130,7,0,0,0,173,2,171,142,134,8,11,10,1,130,124,6,0,0,0,1,0,1,179,8,171,0,0,0,7,6,1,0,0,0,172,2,170,541,226,315
29,579,0151,620338,0000,000000,KARNATAKA,Gulbarga,VILLAGE,Gadilingdhalli,Rural,574,3462,1768,1694,573,307,266,2221,1158,1063,16,6,10,1584,996,588,1878,772,1106,1661,871,790,1250,796,454,501,462,39,608,244,364,4,3,1,137,87,50,411,75,336,4,3,1,350,66,284,16,0,16,41,6,35,381,72,309,4,3,1,349,65,284,16,0,16,12,4,8,30,3,27,0,0,0,1,1,0,0,0,0,29,2,27,1801,897,904
29,579,0151,620339,0000,000000,KARNATAKA,Gulbarga,VILLAGE,Kotga,Rural,297,1611,808,803,204,107,97,147,77,70,8,5,3,774,447,327,837,361,476,1040,528,512,798,494,304,761,470,291,18,10,8,5,4,1,14,10,4,242,34,208,12,4,8,208,21,187,6,2,4,16,7,9,183,30,153,6,4,2,155,17,138,6,2,4,16,7,9,59,4,55,6,0,6,53,4,49,0,0,0,0,0,0,571,280,291
29,579,0151,620340,0000,000000,KARNATAKA,Gulbarga,VILLAGE,Dhuttarga,Rural,148,896,455,441,118,59,59,417,216,201,2,2,0,435,272,163,461,183,278,367,261,106,291,223,68,127,102,25,101,78,23,5,5,0,58,38,20,76,38,38,3,2,1,40,10,30,0,0,0,33,26,7,75,38,37,3,2,1,39,10,29,0,0,0,33,26,7,1,0,1,0,0,0,1,0,1,0,0,0,0,0,0,529,194,335
29,579,0151,620341,0000,000000,KARNATAKA,Gulbarga,VILLAGE,Gongi,Rural,38,212,106,106,21,9,12,93,46,47,0,0,0,157,90,67,55,16,39,121,62,59,27,26,1,19,19,0,3,2,1,0,0,0,5,5,0,94,36,58,0,0,0,74,17,57,0,0,0,20,19,1,93,35,58,0,0,0,74,17,57,0,0,0,19,18,1,1,1,0,0,0,0,0,0,0,0,0,0,1,1,0,91,44,47
29,579,0151,620342,0000,000000,KARNATAKA,Gulbarga,VILLAGE,Pangarga,Rural,181,1065,533,532,154,79,75,211,112,99,0,0,0,544,328,216,521,205,316,547,281,266,393,263,130,212,191,21,164,59,105,0,0,0,17,13,4,154,18,136,12,2,10,128,5,123,2,2,0,12,9,3,26,15,11,3,2,1,10,2,8,2,2,0,11,9,2,128,3,125,9,0,9,118,3,115,0,0,0,1,0,1,518,252,266
29,579,0151,620343,0000,000000,KARNATAKA,Gulbarga,VILLAGE,Chandankera,Rural,887,5049,2603,2446,785,416,369,2653,1384,1269,218,102,116,2383,1448,935,2666,1155,1511,2463,1371,1092,1002,704,298,250,242,8,560,299,261,10,10,0,182,153,29,1461,667,794,42,30,12,1361,609,752,5,2,3,53,26,27,1430,660,770,41,30,11,1357,609,748,5,2,3,27,19,8,31,7,24,1,0,1,4,0,4,0,0,0,26,7,19,2586,1232,1354
29,579,0151,620344,0000,000000,KARNATAKA,Gulbarga,VILLAGE,Ranapur,Rural,271,1426,717,709,245,121,124,895,443,452,0,0,0,506,315,191,920,402,518,778,410,368,611,364,247,147,123,24,363,162,201,0,0,0,101,79,22,167,46,121,11,8,3,141,28,113,1,0,1,14,10,4,125,35,90,11,8,3,102,19,83,0,0,0,12,8,4,42,11,31,0,0,0,39,9,30,1,0,1,2,2,0,648,307,341
29,579,0151,620345,0000,000000,KARNATAKA,Gulbarga,VILLAGE,Sasargaon,Rural,256,1362,675,687,244,132,112,605,302,303,2,1,1,571,325,246,791,350,441,652,347,305,647,344,303,145,144,1,326,90,236,0,0,0,176,110,66,5,3,2,1,1,0,1,0,1,0,0,0,3,2,1,5,3,2,1,1,0,1,0,1,0,0,0,3,2,1,0,0,0,0,0,0,0,0,0,0,0,0,0,0,0,710,328,382
29,579,0151,620346,0000,000000,KARNATAKA,Gulbarga,VILLAGE,Narnal,Rural,302,1494,732,762,178,89,89,265,121,144,10,5,5,775,457,318,719,275,444,824,402,422,602,348,254,228,220,8,286,55,231,1,1,0,87,72,15,222,54,168,0,0,0,86,23,63,0,0,0,136,31,105,221,54,167,0,0,0,85,23,62,0,0,0,136,31,105,1,0,1,0,0,0,1,0,1,0,0,0,0,0,0,670,330,340
29,579,0151,620347,0000,000000,KARNATAKA,Gulbarga,VILLAGE,Chimmanchod,Rural,1085,5988,3049,2939,865,471,394,2450,1290,1160,34,14,20,3324,2003,1321,2664,1046,1618,2778,1575,1203,2530,1504,1026,444,380,64,1566,690,876,29,18,11,491,416,75,248,71,177,6,1,5,210,53,157,2,0,2,30,17,13,247,70,177,6,1,5,210,53,157,2,0,2,29,16,13,1,1,0,0,0,0,0,0,0,0,0,0,1,1,0,3210,1474,1736
29,579,0151,620348,0000,000000,KARNATAKA,Gulbarga,VILLAGE,Tajlapur,Rural,205,890,480,410,118,67,51,190,95,95,2,1,1,496,321,175,394,159,235,531,288,243,377,217,160,127,111,16,57,35,22,6,4,2,187,67,120,154,71,83,2,1,1,13,2,11,0,0,0,139,68,71,153,70,83,1,0,1,13,2,11,0,0,0,139,68,71,1,1,0,1,1,0,0,0,0,0,0,0,0,0,0,359,192,167
29,579,0151,620349,0000,000000,KARNATAKA,Gulbarga,VILLAGE,Marpalli,Rural,398,2003,1027,976,282,151,131,305,152,153,11,5,6,937,583,354,1066,444,622,950,543,407,931,534,397,85,79,6,759,378,381,23,21,2,64,56,8,19,9,10,0,0,0,17,7,10,0,0,0,2,2,0,16,7,9,0,0,0,14,5,9,0,0,0,2,2,0,3,2,1,0,0,0,3,2,1,0,0,0,0,0,0,1053,484,569
29,579,0151,620350,0000,000000,KARNATAKA,Gulbarga,VILLAGE,Shikarm0Takpalli,Rural,156,783,397,386,88,43,45,193,99,94,19,9,10,498,295,203,285,102,183,275,208,67,265,202,63,77,72,5,156,100,56,2,2,0,30,28,2,10,6,4,2,0,2,5,3,2,1,1,0,2,2,0,10,6,4,2,0,2,5,3,2,1,1,0,2,2,0,0,0,0,0,0,0,0,0,0,0,0,0,0,0,0,508,189,319
29,579,0151,620351,0000,000000,KARNATAKA,Gulbarga,VILLAGE,Yempalli,Rural,231,1269,638,631,165,75,90,213,107,106,343,171,172,715,429,286,554,209,345,475,340,135,452,331,121,266,249,17,145,54,91,0,0,0,41,28,13,23,9,14,4,3,1,9,3,6,0,0,0,10,3,7,22,9,13,4,3,1,8,3,5,0,0,0,10,3,7,1,0,1,0,0,0,1,0,1,0,0,0,0,0,0,794,298,496
29,579,0151,620352,0000,000000,KARNATAKA,Gulbarga,VILLAGE,Garampalli,Rural,438,2189,1082,1107,361,194,167,539,270,269,66,34,32,1063,601,462,1126,481,645,1219,603,616,1211,600,611,7,6,1,1186,580,606,2,1,1,16,13,3,8,3,5,0,0,0,5,1,4,0,0,0,3,2,1,8,3,5,0,0,0,5,1,4,0,0,0,3,2,1,0,0,0,0,0,0,0,0,0,0,0,0,0,0,0,970,479,491
29,579,0151,620353,0000,000000,KARNATAKA,Gulbarga,VILLAGE,Tirmalapur,Rural,59,296,150,146,41,25,16,75,42,33,147,71,76,173,99,74,123,51,72,162,73,89,2,1,1,0,0,0,0,0,0,0,0,0,2,1,1,160,72,88,10,8,2,17,15,2,5,2,3,128,47,81,155,72,83,10,8,2,16,15,1,4,2,2,125,47,78,5,0,5,0,0,0,1,0,1,1,0,1,3,0,3,134,77,57
29,579,0151,620354,0000,000000,KARNATAKA,Gulbarga,VILLAGE,Kusrampalli,Rural,230,1182,612,570,165,88,77,852,426,426,0,0,0,620,394,226,562,218,344,721,376,345,58,48,10,18,17,1,18,14,4,3,3,0,19,14,5,663,328,335,42,22,20,570,268,302,4,3,1,47,35,12,647,318,329,42,22,20,564,264,300,3,3,0,38,29,9,16,10,6,0,0,0,6,4,2,1,0,1,9,6,3,461,236,225
29,579,0151,620355,0000,000000,KARNATAKA,Gulbarga,VILLAGE,Manikpur,Rural,0,0,0,0,0,0,0,0,0,0,0,0,0,0,0,0,0,0,0,0,0,0,0,0,0,0,0,0,0,0,0,0,0,0,0,0,0,0,0,0,0,0,0,0,0,0,0,0,0,0,0,0,0,0,0,0,0,0,0,0,0,0,0,0,0,0,0,0,0,0,0,0,0,0,0,0,0,0,0,0,0,0,0,0,0
29,579,0151,620356,0000,000000,KARNATAKA,Gulbarga,VILLAGE,Gottamgotta[K] *,Rural,0,0,0,0,0,0,0,0,0,0,0,0,0,0,0,0,0,0,0,0,0,0,0,0,0,0,0,0,0,0,0,0,0,0,0,0,0,0,0,0,0,0,0,0,0,0,0,0,0,0,0,0,0,0,0,0,0,0,0,0,0,0,0,0,0,0,0,0,0,0,0,0,0,0,0,0,0,0,0,0,0,0,0,0,0
29,579,0151,620357,0000,000000,KARNATAKA,Gulbarga,VILLAGE,Gottamgotta,Rural,1,12,4,8,4,1,3,0,0,0,0,0,0,3,1,2,9,3,6,2,2,0,2,2,0,0,0,0,0,0,0,0,0,0,2,2,0,0,0,0,0,0,0,0,0,0,0,0,0,0,0,0,0,0,0,0,0,0,0,0,0,0,0,0,0,0,0,0,0,0,0,0,0,0,0,0,0,0,0,0,0,0,10,2,8
29,579,0151,620358,0000,000000,KARNATAKA,Gulbarga,VILLAGE,Sangapur,Rural,191,1057,528,529,210,114,96,1048,524,524,0,0,0,304,203,101,753,325,428,575,269,306,411,243,168,316,194,122,40,19,21,5,2,3,50,28,22,164,26,138,1,0,1,52,10,42,20,3,17,91,13,78,36,7,29,1,0,1,18,5,13,2,0,2,15,2,13,128,19,109,0,0,0,34,5,29,18,3,15,76,11,65,482,259,223
29,579,0151,620359,0000,000000,KARNATAKA,Gulbarga,VILLAGE,Katangidda,Rural,0,0,0,0,0,0,0,0,0,0,0,0,0,0,0,0,0,0,0,0,0,0,0,0,0,0,0,0,0,0,0,0,0,0,0,0,0,0,0,0,0,0,0,0,0,0,0,0,0,0,0,0,0,0,0,0,0,0,0,0,0,0,0,0,0,0,0,0,0,0,0,0,0,0,0,0,0,0,0,0,0,0,0,0,0
29,579,0151,620360,0000,000000,KARNATAKA,Gulbarga,VILLAGE,Srinagar,Rural,244,1316,658,658,252,138,114,1309,656,653,0,0,0,478,315,163,838,343,495,657,322,335,427,226,201,203,96,107,109,42,67,22,17,5,93,71,22,230,96,134,9,3,6,170,68,102,0,0,0,51,25,26,227,95,132,9,3,6,169,68,101,0,0,0,49,24,25,3,1,2,0,0,0,1,0,1,0,0,0,2,1,1,659,336,323
29,579,0151,620361,0000,000000,KARNATAKA,Gulbarga,VILLAGE,Venkatapur,Rural,470,2474,1251,1223,362,180,182,1569,798,771,24,14,10,859,565,294,1615,686,929,1372,702,670,1251,661,590,673,476,197,509,128,381,0,0,0,69,57,12,121,41,80,32,7,25,84,32,52,0,0,0,5,2,3,65,14,51,25,4,21,36,8,28,0,0,0,4,2,2,56,27,29,7,3,4,48,24,24,0,0,0,1,0,1,1102,549,553
29,579,0151,620362,0000,000000,KARNATAKA,Gulbarga,VILLAGE,Dharmasagar,Rural,334,1890,982,908,315,178,137,1884,977,907,2,2,0,612,412,200,1278,570,708,1114,586,528,761,437,324,268,250,18,431,153,278,11,7,4,51,27,24,353,149,204,34,27,7,277,102,175,7,4,3,35,16,19,231,81,150,32,26,6,160,37,123,7,4,3,32,14,18,122,68,54,2,1,1,117,65,52,0,0,0,3,2,1,776,396,380
29,579,0151,620363,0000,000000,KARNATAKA,Gulbarga,VILLAGE,Chandrampalli,Rural,224,1070,547,523,163,84,79,252,132,120,28,14,14,555,332,223,515,215,300,514,290,224,491,271,220,140,89,51,308,150,158,2,1,1,41,31,10,23,19,4,2,1,1,2,2,0,2,2,0,17,14,3,23,19,4,2,1,1,2,2,0,2,2,0,17,14,3,0,0,0,0,0,0,0,0,0,0,0,0,0,0,0,556,257,299
29,579,0151,620364,0000,000000,KARNATAKA,Gulbarga,VILLAGE,Kollur,Rural,413,1999,989,1010,211,103,108,435,213,222,13,4,9,1100,656,444,899,333,566,1091,596,495,451,319,132,130,100,30,289,199,90,4,2,2,28,18,10,640,277,363,101,42,59,511,216,295,16,10,6,12,9,3,603,267,336,92,39,53,486,212,274,16,10,6,9,6,3,37,10,27,9,3,6,25,4,21,0,0,0,3,3,0,908,393,515
29,579,0151,620365,0000,000000,KARNATAKA,Gulbarga,VILLAGE,Nagaidlai,Rural,493,2768,1416,1352,415,192,223,550,279,271,104,53,51,1533,921,612,1235,495,740,1103,765,338,552,474,78,246,234,12,140,101,39,12,9,3,154,130,24,551,291,260,17,11,6,110,66,44,13,6,7,411,208,203,496,261,235,13,10,3,88,59,29,11,6,5,384,186,198,55,30,25,4,1,3,22,7,15,2,0,2,27,22,5,1665,651,1014
29,579,0151,620366,0000,000000,KARNATAKA,Gulbarga,VILLAGE,Patpalli,Rural,178,860,440,420,83,42,41,213,111,102,36,17,19,475,292,183,385,148,237,397,250,147,392,245,147,70,70,0,279,141,138,0,0,0,43,34,9,5,5,0,0,0,0,2,2,0,0,0,0,3,3,0,5,5,0,0,0,0,2,2,0,0,0,0,3,3,0,0,0,0,0,0,0,0,0,0,0,0,0,0,0,0,463,190,273
29,579,0151,620367,0000,000000,KARNATAKA,Gulbarga,VILLAGE,Degalmadi,Rural,708,3339,1657,1682,370,177,193,702,352,350,374,183,191,1964,1147,817,1375,510,865,1795,977,818,1452,862,590,283,195,88,1005,528,477,10,6,4,154,133,21,343,115,228,22,2,20,250,68,182,10,4,6,61,41,20,241,79,162,21,2,19,154,36,118,9,3,6,57,38,19,102,36,66,1,0,1,96,32,64,1,1,0,4,3,1,1544,680,864
29,579,0151,620368,0000,000000,KARNATAKA,Gulbarga,VILLAGE,Fathepur,Rural,139,615,283,332,77,33,44,45,21,24,3,0,3,313,160,153,302,123,179,159,98,61,103,67,36,42,35,7,22,11,11,7,6,1,32,15,17,56,31,25,14,8,6,1,1,0,4,2,2,37,20,17,43,25,18,11,7,4,1,1,0,2,2,0,29,15,14,13,6,7,3,1,2,0,0,0,2,0,2,8,5,3,456,185,271
29,579,0151,620369,0000,000000,KARNATAKA,Gulbarga,VILLAGE,Ainoli,Rural,1077,5363,2693,2670,664,339,325,1179,592,587,287,156,131,3111,1822,1289,2252,871,1381,2417,1518,899,2272,1442,830,382,310,72,1444,751,693,4,1,3,442,380,62,145,76,69,0,0,0,67,18,49,5,2,3,73,56,17,132,71,61,0,0,0,61,18,43,5,2,3,66,51,15,13,5,8,0,0,0,6,0,6,0,0,0,7,5,2,2946,1175,1771
29,579,0151,620370,0000,000000,KARNATAKA,Gulbarga,VILLAGE,Bhikkanhalli,Rural,0,0,0,0,0,0,0,0,0,0,0,0,0,0,0,0,0,0,0,0,0,0,0,0,0,0,0,0,0,0,0,0,0,0,0,0,0,0,0,0,0,0,0,0,0,0,0,0,0,0,0,0,0,0,0,0,0,0,0,0,0,0,0,0,0,0,0,0,0,0,0,0,0,0,0,0,0,0,0,0,0,0,0,0,0
29,579,0151,620371,0000,000000,KARNATAKA,Gulbarga,VILLAGE,Burugdoddi,Rural,0,0,0,0,0,0,0,0,0,0,0,0,0,0,0,0,0,0,0,0,0,0,0,0,0,0,0,0,0,0,0,0,0,0,0,0,0,0,0,0,0,0,0,0,0,0,0,0,0,0,0,0,0,0,0,0,0,0,0,0,0,0,0,0,0,0,0,0,0,0,0,0,0,0,0,0,0,0,0,0,0,0,0,0,0
29,579,0151,620372,0000,000000,KARNATAKA,Gulbarga,VILLAGE,Antwaram,Rural,132,621,308,313,69,36,33,346,169,177,59,32,27,260,165,95,361,143,218,399,205,194,393,203,190,86,74,12,294,122,172,1,1,0,12,6,6,6,2,4,1,1,0,5,1,4,0,0,0,0,0,0,4,1,3,1,1,0,3,0,3,0,0,0,0,0,0,2,1,1,0,0,0,2,1,1,0,0,0,0,0,0,222,103,119
29,579,0151,620373,0000,000000,KARNATAKA,Gulbarga,VILLAGE,Linganagar,Rural,61,284,149,135,38,17,21,284,149,135,0,0,0,111,72,39,173,77,96,196,97,99,183,89,94,18,18,0,161,70,91,0,0,0,4,1,3,13,8,5,0,0,0,7,4,3,0,0,0,6,4,2,10,6,4,0,0,0,7,4,3,0,0,0,3,2,1,3,2,1,0,0,0,0,0,0,0,0,0,3,2,1,88,52,36
29,579,0151,620374,0000,000000,KARNATAKA,Gulbarga,VILLAGE,Bhonaspur,Rural,177,864,438,426,128,75,53,315,157,158,93,45,48,363,199,164,501,239,262,431,220,211,422,213,209,209,104,105,173,78,95,0,0,0,40,31,9,9,7,2,1,1,0,1,0,1,1,0,1,6,6,0,8,6,2,1,1,0,1,0,1,1,0,1,5,5,0,1,1,0,0,0,0,0,0,0,0,0,0,1,1,0,433,218,215
29,579,0151,620375,0000,000000,KARNATAKA,Gulbarga,VILLAGE,Shivrampur,Rural,202,959,472,487,97,48,49,424,209,215,0,0,0,516,289,227,443,183,260,550,281,269,521,262,259,143,81,62,364,173,191,0,0,0,14,8,6,29,19,10,1,1,0,26,17,9,0,0,0,2,1,1,29,19,10,1,1,0,26,17,9,0,0,0,2,1,1,0,0,0,0,0,0,0,0,0,0,0,0,0,0,0,409,191,218
29,579,0151,620376,0000,000000,KARNATAKA,Gulbarga,VILLAGE,Magdampur,Rural,300,1563,802,761,213,113,100,741,381,360,6,4,2,727,422,305,836,380,456,751,453,298,732,444,288,252,196,56,396,182,214,0,0,0,84,66,18,19,9,10,7,2,5,5,3,2,0,0,0,7,4,3,17,9,8,5,2,3,5,3,2,0,0,0,7,4,3,2,0,2,2,0,2,0,0,0,0,0,0,0,0,0,812,349,463
29,579,0151,620377,0000,000000,KARNATAKA,Gulbarga,VILLAGE,Shivredpalli,Rural,127,544,274,270,57,30,27,419,212,207,0,0,0,265,152,113,279,122,157,335,183,152,158,146,12,94,90,4,32,28,4,0,0,0,32,28,4,177,37,140,45,17,28,132,20,112,0,0,0,0,0,0,139,17,122,32,9,23,107,8,99,0,0,0,0,0,0,38,20,18,13,8,5,25,12,13,0,0,0,0,0,0,209,91,118
29,579,0151,620378,0000,000000,KARNATAKA,Gulbarga,VILLAGE,Konchawaram,Rural,786,3776,1952,1824,425,210,215,1563,807,756,18,9,9,2075,1312,763,1701,640,1061,2019,1113,906,1945,1074,871,204,134,70,1220,576,644,74,35,39,447,329,118,74,39,35,1,0,1,22,14,8,22,8,14,29,17,12,59,33,26,1,0,1,19,12,7,17,7,10,22,14,8,15,6,9,0,0,0,3,2,1,5,1,4,7,3,4,1757,839,918
29,579,0151,620379,0000,000000,KARNATAKA,Gulbarga,VILLAGE,Pochawaram,Rural,237,1115,545,570,126,62,64,390,182,208,8,4,4,573,325,248,542,220,322,678,348,330,589,309,280,124,73,51,431,213,218,2,1,1,32,22,10,89,39,50,16,7,9,68,29,39,5,3,2,0,0,0,77,33,44,16,7,9,58,24,34,3,2,1,0,0,0,12,6,6,0,0,0,10,5,5,2,1,1,0,0,0,437,197,240
29,579,0151,620380,0000,000000,KARNATAKA,Gulbarga,VILLAGE,Jilwarsha,Rural,269,1268,618,650,167,78,89,617,275,342,1,0,1,527,346,181,741,272,469,800,417,383,772,408,364,462,231,231,268,154,114,0,0,0,42,23,19,28,9,19,11,2,9,12,3,9,0,0,0,5,4,1,22,7,15,9,2,7,10,3,7,0,0,0,3,2,1,6,2,4,2,0,2,2,0,2,0,0,0,2,2,0,468,201,267
29,579,0151,620381,0000,000000,KARNATAKA,Gulbarga,VILLAGE,Chindnoor,Rural,178,989,479,510,205,103,102,987,478,509,0,0,0,320,200,120,669,279,390,523,251,272,394,205,189,65,62,3,279,113,166,5,2,3,45,28,17,129,46,83,2,2,0,98,29,69,3,1,2,26,14,12,126,45,81,2,2,0,95,28,67,3,1,2,26,14,12,3,1,2,0,0,0,3,1,2,0,0,0,0,0,0,466,228,238
29,579,0151,620382,0000,000000,KARNATAKA,Gulbarga,VILLAGE,Lachmasagar,Rural,202,901,467,434,99,58,41,181,99,82,5,3,2,389,253,136,512,214,298,592,297,295,558,273,285,224,219,5,300,23,277,9,7,2,25,24,1,34,24,10,13,12,1,9,2,7,6,5,1,6,5,1,20,13,7,8,8,0,5,0,5,4,3,1,3,2,1,14,11,3,5,4,1,4,2,2,2,2,0,3,3,0,309,170,139
29,579,0151,620383,0000,000000,KARNATAKA,Gulbarga,VILLAGE,Mambapur,Rural,0,0,0,0,0,0,0,0,0,0,0,0,0,0,0,0,0,0,0,0,0,0,0,0,0,0,0,0,0,0,0,0,0,0,0,0,0,0,0,0,0,0,0,0,0,0,0,0,0,0,0,0,0,0,0,0,0,0,0,0,0,0,0,0,0,0,0,0,0,0,0,0,0,0,0,0,0,0,0,0,0,0,0,0,0
29,579,0151,620384,0000,000000,KARNATAKA,Gulbarga,VILLAGE,Hanumannagar,Rural,148,891,454,437,153,79,74,890,453,437,0,0,0,323,219,104,568,235,333,495,238,257,331,166,165,16,11,5,308,152,156,0,0,0,7,3,4,164,72,92,0,0,0,38,16,22,16,5,11,110,51,59,139,63,76,0,0,0,30,14,16,14,5,9,95,44,51,25,9,16,0,0,0,8,2,6,2,0,2,15,7,8,396,216,180
29,579,0151,620385,0000,000000,KARNATAKA,Gulbarga,VILLAGE,Shadipur,Rural,880,4566,2366,2200,676,371,305,3390,1765,1625,32,15,17,2007,1295,712,2559,1071,1488,2381,1241,1140,1976,1143,833,572,403,169,1151,548,603,9,6,3,244,186,58,405,98,307,47,20,27,251,31,220,8,1,7,99,46,53,336,76,260,25,12,13,223,25,198,7,1,6,81,38,43,69,22,47,22,8,14,28,6,22,1,0,1,18,8,10,2185,1125,1060
29,579,0151,620386,0000,000000,KARNATAKA,Gulbarga,VILLAGE,Yakatpur,Rural,0,0,0,0,0,0,0,0,0,0,0,0,0,0,0,0,0,0,0,0,0,0,0,0,0,0,0,0,0,0,0,0,0,0,0,0,0,0,0,0,0,0,0,0,0,0,0,0,0,0,0,0,0,0,0,0,0,0,0,0,0,0,0,0,0,0,0,0,0,0,0,0,0,0,0,0,0,0,0,0,0,0,0,0,0
29,579,0151,620387,0000,000000,KARNATAKA,Gulbarga,VILLAGE,Nirchalma,Rural,0,0,0,0,0,0,0,0,0,0,0,0,0,0,0,0,0,0,0,0,0,0,0,0,0,0,0,0,0,0,0,0,0,0,0,0,0,0,0,0,0,0,0,0,0,0,0,0,0,0,0,0,0,0,0,0,0,0,0,0,0,0,0,0,0,0,0,0,0,0,0,0,0,0,0,0,0,0,0,0,0,0,0,0,0
29,579,0151,620388,0000,000000,KARNATAKA,Gulbarga,VILLAGE,Bhoglingdhalli,Rural,122,691,350,341,92,45,47,658,335,323,0,0,0,296,197,99,395,153,242,288,180,108,271,167,104,62,49,13,163,81,82,2,1,1,44,36,8,17,13,4,4,3,1,12,9,3,0,0,0,1,1,0,17,13,4,4,3,1,12,9,3,0,0,0,1,1,0,0,0,0,0,0,0,0,0,0,0,0,0,0,0,0,403,170,233
29,579,0151,620389,0000,000000,KARNATAKA,Gulbarga,VILLAGE,Kalbhavi,Rural,200,1084,556,528,213,112,101,1083,556,527,0,0,0,373,263,110,711,293,418,607,304,303,593,293,300,318,152,166,254,129,125,7,5,2,14,7,7,14,11,3,1,1,0,6,4,2,0,0,0,7,6,1,14,11,3,1,1,0,6,4,2,0,0,0,7,6,1,0,0,0,0,0,0,0,0,0,0,0,0,0,0,0,477,252,225
29,579,0151,620390,0000,000000,KARNATAKA,Gulbarga,VILLAGE,Chincholi [R],Rural,0,0,0,0,0,0,0,0,0,0,0,0,0,0,0,0,0,0,0,0,0,0,0,0,0,0,0,0,0,0,0,0,0,0,0,0,0,0,0,0,0,0,0,0,0,0,0,0,0,0,0,0,0,0,0,0,0,0,0,0,0,0,0,0,0,0,0,0,0,0,0,0,0,0,0,0,0,0,0,0,0,0,0,0,0
29,579,0151,620391,0000,000000,KARNATAKA,Gulbarga,VILLAGE,Neemahosalli,Rural,250,1525,759,766,207,107,100,158,81,77,244,128,116,885,510,375,640,249,391,604,373,231,520,364,156,105,102,3,195,75,120,8,7,1,212,180,32,84,9,75,5,1,4,69,4,65,4,1,3,6,3,3,80,9,71,5,1,4,65,4,61,4,1,3,6,3,3,4,0,4,0,0,0,4,0,4,0,0,0,0,0,0,921,386,535
29,579,0151,620392,0000,000000,KARNATAKA,Gulbarga,VILLAGE,Goudanhalli,Rural,203,974,453,521,120,55,65,200,98,102,0,0,0,468,263,205,506,190,316,489,269,220,330,244,86,122,110,12,122,61,61,2,1,1,84,72,12,159,25,134,7,2,5,123,8,115,2,1,1,27,14,13,145,16,129,6,1,5,120,7,113,2,1,1,17,7,10,14,9,5,1,1,0,3,1,2,0,0,0,10,7,3,485,184,301
29,579,0151,620393,0000,000000,KARNATAKA,Gulbarga,VILLAGE,Daultapur,Rural,0,0,0,0,0,0,0,0,0,0,0,0,0,0,0,0,0,0,0,0,0,0,0,0,0,0,0,0,0,0,0,0,0,0,0,0,0,0,0,0,0,0,0,0,0,0,0,0,0,0,0,0,0,0,0,0,0,0,0,0,0,0,0,0,0,0,0,0,0,0,0,0,0,0,0,0,0,0,0,0,0,0,0,0,0
29,579,0151,620394,0000,000000,KARNATAKA,Gulbarga,VILLAGE,Indarpadhosali,Rural,90,504,258,246,75,42,33,117,58,59,0,0,0,303,179,124,201,79,122,232,151,81,126,107,19,65,62,3,36,22,14,0,0,0,25,23,2,106,44,62,0,0,0,83,28,55,0,0,0,23,16,7,106,44,62,0,0,0,83,28,55,0,0,0,23,16,7,0,0,0,0,0,0,0,0,0,0,0,0,0,0,0,272,107,165
29,579,0151,620395,0000,000000,KARNATAKA,Gulbarga,VILLAGE,Anwar,Rural,410,2037,1028,1009,259,131,128,594,298,296,278,143,135,1098,678,420,939,350,589,1385,706,679,736,452,284,232,149,83,306,139,167,12,4,8,186,160,26,649,254,395,30,15,15,377,107,270,171,82,89,71,50,21,642,250,392,30,15,15,376,107,269,166,79,87,70,49,21,7,4,3,0,0,0,1,0,1,5,3,2,1,1,0,652,322,330
29,579,0151,620396,0000,000000,KARNATAKA,Gulbarga,VILLAGE,Polakpalli,Rural,601,3112,1517,1595,447,214,233,1298,625,673,179,75,104,1574,910,664,1538,607,931,1393,864,529,960,630,330,103,89,14,242,140,102,4,3,1,611,398,213,433,234,199,13,7,6,218,104,114,3,0,3,199,123,76,400,226,174,12,7,5,211,102,109,2,0,2,175,117,58,33,8,25,1,0,1,7,2,5,1,0,1,24,6,18,1719,653,1066
29,579,0151,620397,0000,000000,KARNATAKA,Gulbarga,VILLAGE,Chikkalingadhalli,Rural,304,1487,715,772,203,106,97,706,347,359,9,2,7,631,380,251,856,335,521,893,433,460,643,375,268,279,163,116,284,149,135,6,5,1,74,58,16,250,58,192,50,0,50,152,38,114,2,1,1,46,19,27,189,31,158,49,0,49,121,23,98,1,0,1,18,8,10,61,27,34,1,0,1,31,15,16,1,1,0,28,11,17,594,282,312
29,579,0151,620398,0000,000000,KARNATAKA,Gulbarga,VILLAGE,Somlingadhalli,Rural,360,1687,807,880,236,114,122,273,126,147,0,0,0,858,493,365,829,314,515,1028,501,527,946,474,472,337,175,162,326,105,221,2,1,1,281,193,88,82,27,55,16,7,9,35,3,32,3,0,3,28,17,11,74,26,48,16,7,9,31,3,28,2,0,2,25,16,9,8,1,7,0,0,0,4,0,4,1,0,1,3,1,2,659,306,353
29,579,0151,620399,0000,000000,KARNATAKA,Gulbarga,VILLAGE,Ganganpalli,Rural,171,844,429,415,137,76,61,307,151,156,0,0,0,442,261,181,402,168,234,524,270,254,499,259,240,50,50,0,232,69,163,4,2,2,213,138,75,25,11,14,0,0,0,6,2,4,1,0,1,18,9,9,24,10,14,0,0,0,6,2,4,1,0,1,17,8,9,1,1,0,0,0,0,0,0,0,0,0,0,1,1,0,320,159,161
29,579,0151,620400,0000,000000,KARNATAKA,Gulbarga,VILLAGE,Kallur Road,Rural,734,3594,1796,1798,488,259,229,1137,560,577,19,10,9,1856,1090,766,1738,706,1032,1891,1034,857,1057,609,448,127,108,19,412,169,243,52,29,23,466,303,163,834,425,409,51,30,21,233,71,162,28,12,16,522,312,210,762,395,367,31,21,10,218,68,150,24,10,14,489,296,193,72,30,42,20,9,11,15,3,12,4,2,2,33,16,17,1703,762,941
29,579,0151,620401,0000,000000,KARNATAKA,Gulbarga,VILLAGE,Bhairampalli,Rural,154,794,402,392,127,60,67,518,255,263,0,0,0,415,247,168,379,155,224,358,218,140,337,214,123,94,73,21,49,2,47,4,4,0,190,135,55,21,4,17,2,1,1,15,2,13,0,0,0,4,1,3,16,1,15,1,0,1,13,1,12,0,0,0,2,0,2,5,3,2,1,1,0,2,1,1,0,0,0,2,1,1,436,184,252
29,579,0151,620402,0000,000000,KARNATAKA,Gulbarga,VILLAGE,Miryan,Rural,818,3981,1972,2009,584,291,293,1136,561,575,56,28,28,2162,1199,963,1819,773,1046,1748,1132,616,1650,1117,533,323,277,46,240,76,164,7,3,4,1080,761,319,98,15,83,6,3,3,55,1,54,1,0,1,36,11,25,91,15,76,6,3,3,50,1,49,0,0,0,35,11,24,7,0,7,0,0,0,5,0,5,1,0,1,1,0,1,2233,840,1393
29,579,0151,620403,0000,000000,KARNATAKA,Gulbarga,VILLAGE,Mukramba,Rural,342,1718,836,882,257,120,137,269,131,138,4,3,1,721,430,291,997,406,591,840,459,381,615,402,213,229,158,71,273,146,127,5,4,1,108,94,14,225,57,168,3,2,1,201,40,161,1,0,1,20,15,5,225,57,168,3,2,1,201,40,161,1,0,1,20,15,5,0,0,0,0,0,0,0,0,0,0,0,0,0,0,0,878,377,501
29,579,0151,620404,0000,000000,KARNATAKA,Gulbarga,VILLAGE,Hulsgud,Rural,177,964,467,497,143,70,73,241,109,132,0,0,0,405,238,167,559,229,330,400,244,156,144,123,21,75,72,3,7,7,0,4,4,0,58,40,18,256,121,135,0,0,0,183,81,102,3,1,2,70,39,31,251,118,133,0,0,0,183,81,102,3,1,2,65,36,29,5,3,2,0,0,0,0,0,0,0,0,0,5,3,2,564,223,341
29,579,0151,620405,0000,000000,KARNATAKA,Gulbarga,VILLAGE,Gandhinagar,Rural,150,989,503,486,161,87,74,988,503,485,0,0,0,384,236,148,605,267,338,365,229,136,345,213,132,134,128,6,144,35,109,0,0,0,67,50,17,20,16,4,1,1,0,3,0,3,0,0,0,16,15,1,20,16,4,1,1,0,3,0,3,0,0,0,16,15,1,0,0,0,0,0,0,0,0,0,0,0,0,0,0,0,624,274,350
29,579,0151,620406,0000,000000,KARNATAKA,Gulbarga,VILLAGE,Rummungud,Rural,303,1609,799,810,227,112,115,167,92,75,218,111,107,745,452,293,864,347,517,450,421,29,429,404,25,216,215,1,137,123,14,0,0,0,76,66,10,21,17,4,0,0,0,8,6,2,0,0,0,13,11,2,19,16,3,0,0,0,7,6,1,0,0,0,12,10,2,2,1,1,0,0,0,1,0,1,0,0,0,1,1,0,1159,378,781
29,579,0151,620407,0000,000000,KARNATAKA,Gulbarga,VILLAGE,Mogha,Rural,522,3057,1534,1523,441,231,210,1283,647,636,62,33,29,1665,968,697,1392,566,826,1328,794,534,776,620,156,317,300,17,294,182,112,30,27,3,135,111,24,552,174,378,66,18,48,391,95,296,11,5,6,84,56,28,493,159,334,61,16,45,353,88,265,7,3,4,72,52,20,59,15,44,5,2,3,38,7,31,4,2,2,12,4,8,1729,740,989
29,579,0151,620408,0000,000000,KARNATAKA,Gulbarga,VILLAGE,Pastpur,Rural,325,1841,928,913,242,115,127,586,298,288,329,159,170,944,578,366,897,350,547,898,512,386,882,504,378,296,207,89,387,134,253,5,2,3,194,161,33,16,8,8,0,0,0,6,1,5,2,1,1,8,6,2,15,8,7,0,0,0,6,1,5,1,1,0,8,6,2,1,0,1,0,0,0,0,0,0,1,0,1,0,0,0,943,416,527
29,579,0151,620409,0000,000000,KARNATAKA,Gulbarga,VILLAGE,Rustumpur,Rural,274,1586,780,806,262,134,128,681,327,354,82,42,40,719,428,291,867,352,515,789,418,371,250,207,43,147,136,11,42,21,21,11,10,1,50,40,10,539,211,328,45,9,36,404,149,255,18,7,11,72,46,26,534,208,326,45,9,36,400,147,253,18,7,11,71,45,26,5,3,2,0,0,0,4,2,2,0,0,0,1,1,0,797,362,435
29,579,0151,620410,0000,000000,KARNATAKA,Gulbarga,VILLAGE,Dhotikol,Rural,263,1461,679,782,198,98,100,499,249,250,66,27,39,700,390,310,761,289,472,815,367,448,508,270,238,363,203,160,85,38,47,12,9,3,48,20,28,307,97,210,50,26,24,79,27,52,11,4,7,167,40,127,282,84,198,48,25,23,76,27,49,10,4,6,148,28,120,25,13,12,2,1,1,3,0,3,1,0,1,19,12,7,646,312,334
29,579,0151,620411,0000,000000,KARNATAKA,Gulbarga,VILLAGE,Khudavandpur,Rural,99,556,285,271,88,46,42,155,81,74,0,0,0,304,181,123,252,104,148,268,139,129,159,118,41,79,78,1,45,13,32,4,1,3,31,26,5,109,21,88,1,1,0,105,19,86,0,0,0,3,1,2,109,21,88,1,1,0,105,19,86,0,0,0,3,1,2,0,0,0,0,0,0,0,0,0,0,0,0,0,0,0,288,146,142
29,579,0151,620412,0000,000000,KARNATAKA,Gulbarga,VILLAGE,Karakmukli,Rural,445,2185,1072,1113,279,121,158,525,254,271,6,1,5,1157,681,476,1028,391,637,1303,637,666,742,501,241,605,405,200,11,5,6,1,1,0,125,90,35,561,136,425,9,5,4,527,114,413,1,1,0,24,16,8,552,131,421,9,5,4,526,114,412,1,1,0,16,11,5,9,5,4,0,0,0,1,0,1,0,0,0,8,5,3,882,435,447
29,579,0151,620413,0000,000000,KARNATAKA,Gulbarga,VILLAGE,Hudadhalli,Rural,181,838,424,414,131,62,69,210,114,96,4,1,3,534,301,233,304,123,181,387,219,168,386,219,167,118,116,2,224,69,155,10,5,5,34,29,5,1,0,1,0,0,0,1,0,1,0,0,0,0,0,0,1,0,1,0,0,0,1,0,1,0,0,0,0,0,0,0,0,0,0,0,0,0,0,0,0,0,0,0,0,0,451,205,246
29,579,0151,620414,0000,000000,KARNATAKA,Gulbarga,VILLAGE,Chimmaidlai,Rural,600,3071,1555,1516,441,242,199,389,198,191,182,91,91,1734,1021,713,1337,534,803,1526,874,652,1505,863,642,135,112,23,1131,558,573,29,19,10,210,174,36,21,11,10,3,1,2,8,3,5,0,0,0,10,7,3,19,11,8,1,1,0,8,3,5,0,0,0,10,7,3,2,0,2,2,0,2,0,0,0,0,0,0,0,0,0,1545,681,864
29,579,0151,620415,0000,000000,KARNATAKA,Gulbarga,VILLAGE,Dastapur,Rural,240,1444,737,707,245,131,114,487,246,241,114,61,53,672,400,272,772,337,435,564,365,199,528,334,194,88,86,2,290,122,168,5,5,0,145,121,24,36,31,5,0,0,0,4,3,1,0,0,0,32,28,4,34,30,4,0,0,0,2,2,0,0,0,0,32,28,4,2,1,1,0,0,0,2,1,1,0,0,0,0,0,0,880,372,508
29,579,0151,620416,0000,000000,KARNATAKA,Gulbarga,VILLAGE,Yelakpalli,Rural,230,1241,640,601,210,112,98,478,251,227,14,9,5,671,418,253,570,222,348,524,329,195,517,324,193,114,110,4,342,165,177,0,0,0,61,49,12,7,5,2,1,1,0,3,1,2,0,0,0,3,3,0,7,5,2,1,1,0,3,1,2,0,0,0,3,3,0,0,0,0,0,0,0,0,0,0,0,0,0,0,0,0,717,311,406
29,579,0151,620417,0000,000000,KARNATAKA,Gulbarga,VILLAGE,Khairtapur,Rural,0,0,0,0,0,0,0,0,0,0,0,0,0,0,0,0,0,0,0,0,0,0,0,0,0,0,0,0,0,0,0,0,0,0,0,0,0,0,0,0,0,0,0,0,0,0,0,0,0,0,0,0,0,0,0,0,0,0,0,0,0,0,0,0,0,0,0,0,0,0,0,0,0,0,0,0,0,0,0,0,0,0,0,0,0
29,579,0151,620418,0000,000000,KARNATAKA,Gulbarga,VILLAGE,Moranhal,Rural,5,23,8,15,4,2,2,0,0,0,0,0,0,9,2,7,14,6,8,7,4,3,7,4,3,0,0,0,7,4,3,0,0,0,0,0,0,0,0,0,0,0,0,0,0,0,0,0,0,0,0,0,0,0,0,0,0,0,0,0,0,0,0,0,0,0,0,0,0,0,0,0,0,0,0,0,0,0,0,0,0,0,16,4,12
29,579,0151,620419,0000,000000,KARNATAKA,Gulbarga,VILLAGE,Huvinbhavi,Rural,192,1025,541,484,156,82,74,634,332,302,20,11,9,581,371,210,444,170,274,542,287,255,540,285,255,68,66,2,439,197,242,0,0,0,33,22,11,2,2,0,0,0,0,2,2,0,0,0,0,0,0,0,2,2,0,0,0,0,2,2,0,0,0,0,0,0,0,0,0,0,0,0,0,0,0,0,0,0,0,0,0,0,483,254,229
29,579,0151,620420,0000,000000,KARNATAKA,Gulbarga,VILLAGE,Ganjgera,Rural,134,711,375,336,153,94,59,340,183,157,0,0,0,280,166,114,431,209,222,351,185,166,334,181,153,64,61,3,247,102,145,0,0,0,23,18,5,17,4,13,2,0,2,13,3,10,0,0,0,2,1,1,16,4,12,2,0,2,12,3,9,0,0,0,2,1,1,1,0,1,0,0,0,1,0,1,0,0,0,0,0,0,360,190,170
29,579,0151,620421,0000,000000,KARNATAKA,Gulbarga,VILLAGE,Chinkunta,Rural,152,768,388,380,100,61,39,226,98,128,0,0,0,488,277,211,280,111,169,409,215,194,265,169,96,50,47,3,136,68,68,7,6,1,72,48,24,144,46,98,5,2,3,82,27,55,16,4,12,41,13,28,141,43,98,5,2,3,82,27,55,16,4,12,38,10,28,3,3,0,0,0,0,0,0,0,0,0,0,3,3,0,359,173,186
29,579,0151,620422,0000,000000,KARNATAKA,Gulbarga,VILLAGE,Tadpalli,Rural,77,435,213,222,55,29,26,277,140,137,0,0,0,261,153,108,174,60,114,195,102,93,195,102,93,32,32,0,136,49,87,0,0,0,27,21,6,0,0,0,0,0,0,0,0,0,0,0,0,0,0,0,0,0,0,0,0,0,0,0,0,0,0,0,0,0,0,0,0,0,0,0,0,0,0,0,0,0,0,0,0,0,240,111,129
29,579,0151,620423,0000,000000,KARNATAKA,Gulbarga,VILLAGE,Allapur,Rural,121,569,299,270,96,57,39,155,85,70,0,0,0,286,174,112,283,125,158,272,163,109,261,159,102,67,45,22,132,70,62,1,1,0,61,43,18,11,4,7,2,2,0,5,2,3,1,0,1,3,0,3,8,4,4,2,2,0,5,2,3,0,0,0,1,0,1,3,0,3,0,0,0,0,0,0,1,0,1,2,0,2,297,136,161
29,579,0151,620424,0000,000000,KARNATAKA,Gulbarga,VILLAGE,Seri,Rural,95,558,274,284,100,51,49,344,164,180,62,28,34,276,161,115,282,113,169,231,145,86,173,126,47,48,43,5,78,50,28,3,2,1,44,31,13,58,19,39,9,1,8,24,9,15,1,1,0,24,8,16,54,19,35,7,1,6,23,9,14,1,1,0,23,8,15,4,0,4,2,0,2,1,0,1,0,0,0,1,0,1,327,129,198
29,579,0151,620425,0000,000000,KARNATAKA,Gulbarga,VILLAGE,Jawaharnagar,Rural,142,876,452,424,145,73,72,524,280,244,5,3,2,386,265,121,490,187,303,436,235,201,432,233,199,75,44,31,201,96,105,7,4,3,149,89,60,4,2,2,2,0,2,1,1,0,0,0,0,1,1,0,4,2,2,2,0,2,1,1,0,0,0,0,1,1,0,0,0,0,0,0,0,0,0,0,0,0,0,0,0,0,440,217,223
29,579,0151,620426,0000,000000,KARNATAKA,Gulbarga,VILLAGE,Sunthan,Rural,229,1146,569,577,128,64,64,416,214,202,0,0,0,569,341,228,577,228,349,596,301,295,566,284,282,95,80,15,434,178,256,1,1,0,36,25,11,30,17,13,0,0,0,18,9,9,0,0,0,12,8,4,29,17,12,0,0,0,18,9,9,0,0,0,11,8,3,1,0,1,0,0,0,0,0,0,0,0,0,1,0,1,550,268,282
29,579,0151,620427,0000,000000,KARNATAKA,Gulbarga,VILLAGE,Ratkal,Rural,893,4759,2346,2413,666,342,324,1048,509,539,4,2,2,2605,1490,1115,2154,856,1298,2076,1279,797,1660,1019,641,213,189,24,944,494,450,54,38,16,449,298,151,416,260,156,35,22,13,195,116,79,34,25,9,152,97,55,295,180,115,26,16,10,112,60,52,20,18,2,137,86,51,121,80,41,9,6,3,83,56,27,14,7,7,15,11,4,2683,1067,1616
29,579,0151,620428,0000,000000,KARNATAKA,Gulbarga,VILLAGE,Kanchanhal,Rural,94,457,231,226,60,30,30,197,100,97,0,0,0,240,148,92,217,83,134,185,98,87,183,97,86,68,58,10,100,25,75,0,0,0,15,14,1,2,1,1,0,0,0,1,1,0,0,0,0,1,0,1,2,1,1,0,0,0,1,1,0,0,0,0,1,0,1,0,0,0,0,0,0,0,0,0,0,0,0,0,0,0,272,133,139
29,579,0151,620429,0000,000000,KARNATAKA,Gulbarga,VILLAGE,Kodli,Rural,1197,6357,3116,3241,908,458,450,1919,947,972,820,428,392,3598,2062,1536,2759,1054,1705,2871,1632,1239,1813,1230,583,306,242,64,864,471,393,36,27,9,607,490,117,1058,402,656,51,24,27,727,244,483,45,11,34,235,123,112,989,386,603,51,24,27,674,237,437,44,11,33,220,114,106,69,16,53,0,0,0,53,7,46,1,0,1,15,9,6,3486,1484,2002
29,579,0151,620430,0000,000000,KARNATAKA,Gulbarga,VILLAGE,Nawadgi,Rural,204,1032,499,533,127,58,69,137,71,66,25,11,14,658,396,262,374,103,271,408,259,149,406,257,149,90,78,12,250,120,130,1,1,0,65,58,7,2,2,0,0,0,0,2,2,0,0,0,0,0,0,0,2,2,0,0,0,0,2,2,0,0,0,0,0,0,0,0,0,0,0,0,0,0,0,0,0,0,0,0,0,0,624,240,384
29,579,0151,620431,0000,000000,KARNATAKA,Gulbarga,VILLAGE,Wazirgaon,Rural,149,827,416,411,127,62,65,306,149,157,0,0,0,407,259,148,420,157,263,445,235,210,442,233,209,49,33,16,339,155,184,16,9,7,38,36,2,3,2,1,0,0,0,2,1,1,1,1,0,0,0,0,3,2,1,0,0,0,2,1,1,1,1,0,0,0,0,0,0,0,0,0,0,0,0,0,0,0,0,0,0,0,382,181,201
29,579,0151,620432,0000,000000,KARNATAKA,Gulbarga,VILLAGE,Kudhalli,Rural,237,1199,527,672,146,68,78,301,145,156,0,0,0,553,301,252,646,226,420,611,295,316,566,285,281,99,75,24,410,168,242,3,2,1,54,40,14,45,10,35,11,3,8,23,4,19,2,0,2,9,3,6,42,9,33,11,3,8,23,4,19,0,0,0,8,2,6,3,1,2,0,0,0,0,0,0,2,0,2,1,1,0,588,232,356
29,579,0151,620433,0000,000000,KARNATAKA,Gulbarga,VILLAGE,Hosalli,Rural,203,1060,539,521,122,63,59,356,181,175,0,0,0,538,334,204,522,205,317,445,316,129,421,303,118,179,152,27,188,105,83,2,2,0,52,44,8,24,13,11,0,0,0,17,7,10,1,1,0,6,5,1,23,12,11,0,0,0,17,7,10,1,1,0,5,4,1,1,1,0,0,0,0,0,0,0,0,0,0,1,1,0,615,223,392
29,579,0151,620434,0000,000000,KARNATAKA,Gulbarga,VILLAGE,Tegaltippi,Rural,230,1242,636,606,157,81,76,337,169,168,121,66,55,714,411,303,528,225,303,559,332,227,543,327,216,110,109,1,352,140,212,1,1,0,80,77,3,16,5,11,1,1,0,10,0,10,0,0,0,5,4,1,16,5,11,1,1,0,10,0,10,0,0,0,5,4,1,0,0,0,0,0,0,0,0,0,0,0,0,0,0,0,683,304,379
29,579,0151,620435,0000,000000,KARNATAKA,Gulbarga,VILLAGE,Halcher,Rural,396,2299,1124,1175,357,171,186,477,230,247,19,9,10,1241,728,513,1058,396,662,784,582,202,712,563,149,309,292,17,276,165,111,0,0,0,127,106,21,72,19,53,3,1,2,68,17,51,0,0,0,1,1,0,68,19,49,3,1,2,64,17,47,0,0,0,1,1,0,4,0,4,0,0,0,4,0,4,0,0,0,0,0,0,1515,542,973
29,579,0151,620436,0000,000000,KARNATAKA,Gulbarga,VILLAGE,Korvi,Rural,384,2428,1207,1221,378,194,184,1378,704,674,270,135,135,1226,736,490,1202,471,731,1277,648,629,445,415,30,126,124,2,199,188,11,0,0,0,120,103,17,832,233,599,2,1,1,643,103,540,3,2,1,184,127,57,820,227,593,2,1,1,643,103,540,3,2,1,172,121,51,12,6,6,0,0,0,0,0,0,0,0,0,12,6,6,1151,559,592
29,579,0151,620437,0000,000000,KARNATAKA,Gulbarga,VILLAGE,Hodebeeranhalli,Rural,473,2614,1314,1300,387,190,197,650,337,313,0,0,0,1338,773,565,1276,541,735,1372,785,587,335,237,98,121,110,11,171,94,77,2,2,0,41,31,10,1037,548,489,2,2,0,1000,524,476,14,7,7,21,15,6,1028,541,487,2,2,0,999,523,476,6,1,5,21,15,6,9,7,2,0,0,0,1,1,0,8,6,2,0,0,0,1242,529,713
29,579,0151,620438,0000,000000,KARNATAKA,Gulbarga,VILLAGE,Sulepeth,Rural,1621,8016,3964,4052,1138,577,561,1309,627,682,101,43,58,4826,2688,2138,3190,1276,1914,3035,2024,1011,2729,1871,858,357,301,56,1015,522,493,142,85,57,1215,963,252,306,153,153,28,12,16,161,59,102,19,7,12,98,75,23,287,143,144,25,11,14,156,57,99,15,6,9,91,69,22,19,10,9,3,1,2,5,2,3,4,1,3,7,6,1,4981,1940,3041
29,579,0151,620439,0000,000000,KARNATAKA,Gulbarga,VILLAGE,Pardarmotakpalli,Rural,172,811,400,411,114,51,63,151,78,73,294,150,144,402,244,158,409,156,253,415,230,185,414,229,185,118,116,2,220,54,166,4,2,2,72,57,15,1,1,0,0,0,0,0,0,0,0,0,0,1,1,0,1,1,0,0,0,0,0,0,0,0,0,0,1,1,0,0,0,0,0,0,0,0,0,0,0,0,0,0,0,0,396,170,226
29,579,0151,620440,0000,000000,KARNATAKA,Gulbarga,VILLAGE,Bhaktampalli,Rural,205,1086,524,562,163,69,94,408,190,218,0,0,0,525,309,216,561,215,346,472,270,202,442,256,186,108,67,41,303,165,138,1,1,0,30,23,7,30,14,16,9,2,7,7,2,5,3,2,1,11,8,3,30,14,16,9,2,7,7,2,5,3,2,1,11,8,3,0,0,0,0,0,0,0,0,0,0,0,0,0,0,0,614,254,360
29,579,0151,620441,0000,000000,KARNATAKA,Gulbarga,VILLAGE,Sangam[K],Rural,0,0,0,0,0,0,0,0,0,0,0,0,0,0,0,0,0,0,0,0,0,0,0,0,0,0,0,0,0,0,0,0,0,0,0,0,0,0,0,0,0,0,0,0,0,0,0,0,0,0,0,0,0,0,0,0,0,0,0,0,0,0,0,0,0,0,0,0,0,0,0,0,0,0,0,0,0,0,0,0,0,0,0,0,0
29,579,0151,620442,0000,000000,KARNATAKA,Gulbarga,VILLAGE,Garagpalli,Rural,279,1390,702,688,168,87,81,138,72,66,0,0,0,825,491,334,565,211,354,736,363,373,596,318,278,203,111,92,337,162,175,5,5,0,51,40,11,140,45,95,6,0,6,118,36,82,1,0,1,15,9,6,138,45,93,6,0,6,117,36,81,1,0,1,14,9,5,2,0,2,0,0,0,1,0,1,0,0,0,1,0,1,654,339,315
29,579,0151,620443,0000,000000,KARNATAKA,Gulbarga,VILLAGE,Ramteerth,Rural,146,663,327,336,97,53,44,270,130,140,19,11,8,403,233,170,260,94,166,339,185,154,336,183,153,118,70,48,195,94,101,0,0,0,23,19,4,3,2,1,0,0,0,2,1,1,0,0,0,1,1,0,3,2,1,0,0,0,2,1,1,0,0,0,1,1,0,0,0,0,0,0,0,0,0,0,0,0,0,0,0,0,324,142,182
29,579,0151,620444,0000,000000,KARNATAKA,Gulbarga,VILLAGE,Bedagpalli,Rural,194,1027,535,492,152,85,67,353,185,168,0,0,0,536,343,193,491,192,299,553,291,262,507,277,230,170,92,78,253,123,130,7,4,3,77,58,19,46,14,32,13,5,8,26,4,22,0,0,0,7,5,2,46,14,32,13,5,8,26,4,22,0,0,0,7,5,2,0,0,0,0,0,0,0,0,0,0,0,0,0,0,0,474,244,230
29,579,0151,620445,0000,000000,KARNATAKA,Gulbarga,VILLAGE,Yakapur,Rural,133,737,368,369,94,48,46,205,107,98,126,68,58,409,251,158,328,117,211,184,173,11,125,120,5,116,116,0,0,0,0,0,0,0,9,4,5,59,53,6,0,0,0,51,47,4,0,0,0,8,6,2,59,53,6,0,0,0,51,47,4,0,0,0,8,6,2,0,0,0,0,0,0,0,0,0,0,0,0,0,0,0,553,195,358
29,579,0151,620446,0000,000000,KARNATAKA,Gulbarga,VILLAGE,Penchganpalli,Rural,180,954,477,477,165,93,72,257,128,129,532,267,265,446,260,186,508,217,291,483,259,224,469,255,214,89,82,7,290,97,193,0,0,0,90,76,14,14,4,10,3,2,1,9,0,9,0,0,0,2,2,0,13,3,10,2,1,1,9,0,9,0,0,0,2,2,0,1,1,0,1,1,0,0,0,0,0,0,0,0,0,0,471,218,253
29,579,0151,620447,0000,000000,KARNATAKA,Gulbarga,VILLAGE,Kupnoor,Rural,316,1694,851,843,240,116,124,235,116,119,230,119,111,1044,605,439,650,246,404,797,464,333,561,400,161,211,178,33,204,100,104,0,0,0,146,122,24,236,64,172,9,3,6,218,55,163,5,3,2,4,3,1,212,48,164,7,2,5,196,40,156,5,3,2,4,3,1,24,16,8,2,1,1,22,15,7,0,0,0,0,0,0,897,387,510
29,579,0151,620448,0000,000000,KARNATAKA,Gulbarga,VILLAGE,Gadikeshwar,Rural,606,3412,1690,1722,461,245,216,593,295,298,419,199,220,1828,1020,808,1584,670,914,1576,882,694,419,299,120,185,151,34,116,59,57,2,2,0,116,87,29,1157,583,574,13,4,9,968,466,502,38,15,23,138,98,40,1083,532,551,13,4,9,960,461,499,36,14,22,74,53,21,74,51,23,0,0,0,8,5,3,2,1,1,64,45,19,1836,808,1028
29,579,0151,620449,0000,000000,KARNATAKA,Gulbarga,VILLAGE,Benkanhalli,Rural,136,791,396,395,87,42,45,142,70,72,0,0,0,493,287,206,298,109,189,349,227,122,334,219,115,106,103,3,167,70,97,0,0,0,61,46,15,15,8,7,0,0,0,3,1,2,0,0,0,12,7,5,14,8,6,0,0,0,3,1,2,0,0,0,11,7,4,1,0,1,0,0,0,0,0,0,0,0,0,1,0,1,442,169,273
29,579,0151,620450,0000,000000,KARNATAKA,Gulbarga,VILLAGE,Bhantanahalli,Rural,219,1261,646,615,202,106,96,303,147,156,141,80,61,676,403,273,585,243,342,502,349,153,493,344,149,188,181,7,246,116,130,4,3,1,55,44,11,9,5,4,1,0,1,7,4,3,0,0,0,1,1,0,9,5,4,1,0,1,7,4,3,0,0,0,1,1,0,0,0,0,0,0,0,0,0,0,0,0,0,0,0,0,759,297,462
29,579,0151,620451,0000,000000,KARNATAKA,Gulbarga,VILLAGE,Keroli,Rural,359,1875,923,952,268,146,122,412,207,205,19,9,10,1066,601,465,809,322,487,602,456,146,534,398,136,307,245,62,162,98,64,6,5,1,59,50,9,68,58,10,3,3,0,17,12,5,14,11,3,34,32,2,31,27,4,2,2,0,8,5,3,2,2,0,19,18,1,37,31,6,1,1,0,9,7,2,12,9,3,15,14,1,1273,467,806
29,579,0151,620452,0000,000000,KARNATAKA,Gulbarga,VILLAGE,Kordampalli,Rural,317,1687,833,854,241,116,125,505,242,263,5,3,2,875,513,362,812,320,492,744,472,272,728,463,265,220,171,49,461,254,207,1,1,0,46,37,9,16,9,7,0,0,0,0,0,0,9,4,5,7,5,2,16,9,7,0,0,0,0,0,0,9,4,5,7,5,2,0,0,0,0,0,0,0,0,0,0,0,0,0,0,0,943,361,582
29,579,0151,620453,0000,000000,KARNATAKA,Gulbarga,VILLAGE,Iragpalli,Rural,246,1297,640,657,203,94,109,295,143,152,0,0,0,610,369,241,687,271,416,678,363,315,674,361,313,270,181,89,378,163,215,0,0,0,26,17,9,4,2,2,0,0,0,1,0,1,0,0,0,3,2,1,3,1,2,0,0,0,1,0,1,0,0,0,2,1,1,1,1,0,0,0,0,0,0,0,0,0,0,1,1,0,619,277,342
29,579,0151,620454,0000,000000,KARNATAKA,Gulbarga,VILLAGE,Ghanpur,Rural,303,1352,678,674,194,112,82,166,88,78,134,73,61,749,461,288,603,217,386,558,335,223,408,275,133,98,86,12,207,103,104,8,8,0,95,78,17,150,60,90,13,6,7,123,44,79,4,2,2,10,8,2,145,56,89,12,5,7,123,44,79,3,2,1,7,5,2,5,4,1,1,1,0,0,0,0,1,0,1,3,3,0,794,343,451
29,579,0151,620455,0000,000000,KARNATAKA,Gulbarga,VILLAGE,Burugpalli,Rural,173,869,437,432,119,57,62,307,156,151,15,7,8,447,259,188,422,178,244,497,277,220,497,277,220,151,87,64,310,160,150,0,0,0,36,30,6,0,0,0,0,0,0,0,0,0,0,0,0,0,0,0,0,0,0,0,0,0,0,0,0,0,0,0,0,0,0,0,0,0,0,0,0,0,0,0,0,0,0,0,0,0,372,160,212
29,579,0151,620456,0000,000000,KARNATAKA,Gulbarga,VILLAGE,Chatarsal,Rural,201,1007,513,494,137,65,72,97,47,50,84,40,44,458,300,158,549,213,336,536,311,225,507,303,204,44,34,10,366,191,175,0,0,0,97,78,19,29,8,21,0,0,0,23,3,20,0,0,0,6,5,1,29,8,21,0,0,0,23,3,20,0,0,0,6,5,1,0,0,0,0,0,0,0,0,0,0,0,0,0,0,0,471,202,269
29,579,0151,620457,0000,000000,KARNATAKA,Gulbarga,VILLAGE,Karachkhed,Rural,393,1871,911,960,286,149,137,653,311,342,8,3,5,825,467,358,1046,444,602,1066,524,542,1047,519,528,166,108,58,626,256,370,12,4,8,243,151,92,19,5,14,0,0,0,14,4,10,0,0,0,5,1,4,6,2,4,0,0,0,2,1,1,0,0,0,4,1,3,13,3,10,0,0,0,12,3,9,0,0,0,1,0,1,805,387,418
29,579,0151,620458,0000,000000,KARNATAKA,Gulbarga,VILLAGE,Nidugunda,Rural,1126,5682,2822,2860,683,364,319,973,491,482,150,77,73,2936,1696,1240,2746,1126,1620,2403,1519,884,2359,1498,861,322,288,34,1256,607,649,72,41,31,709,562,147,44,21,23,4,3,1,21,4,17,1,1,0,18,13,5,43,21,22,4,3,1,21,4,17,1,1,0,17,13,4,1,0,1,0,0,0,0,0,0,0,0,0,1,0,1,3279,1303,1976
29,579,0151,620459,0000,000000,KARNATAKA,Gulbarga,VILLAGE,Venkatapur,Rural,144,764,371,393,129,57,72,238,120,118,0,0,0,282,165,117,482,206,276,466,245,221,299,184,115,122,105,17,130,44,86,0,0,0,47,35,12,167,61,106,1,0,1,157,58,99,0,0,0,9,3,6,166,61,105,1,0,1,156,58,98,0,0,0,9,3,6,1,0,1,0,0,0,1,0,1,0,0,0,0,0,0,298,126,172
29,579,0151,620460,0000,000000,KARNATAKA,Gulbarga,VILLAGE,Chintpalli,Rural,258,1421,714,707,200,94,106,214,118,96,0,0,0,730,445,285,691,269,422,610,338,272,537,315,222,100,89,11,415,208,207,5,5,0,17,13,4,73,23,50,10,2,8,41,8,33,4,2,2,18,11,7,73,23,50,10,2,8,41,8,33,4,2,2,18,11,7,0,0,0,0,0,0,0,0,0,0,0,0,0,0,0,811,376,435
29,579,0151,620461,0000,000000,KARNATAKA,Gulbarga,VILLAGE,Raikod,Rural,250,1377,704,673,199,105,94,315,161,154,137,80,57,696,424,272,681,280,401,673,394,279,612,378,234,168,141,27,415,214,201,1,0,1,28,23,5,61,16,45,1,1,0,58,14,44,0,0,0,2,1,1,60,16,44,1,1,0,57,14,43,0,0,0,2,1,1,1,0,1,0,0,0,1,0,1,0,0,0,0,0,0,704,310,394
29,579,0151,620462,0000,000000,KARNATAKA,Gulbarga,VILLAGE,Bhootpur,Rural,213,1145,545,600,146,69,77,211,100,111,19,8,11,610,340,270,535,205,330,484,281,203,290,203,87,148,116,32,95,54,41,1,1,0,46,32,14,194,78,116,9,4,5,125,50,75,0,0,0,60,24,36,151,54,97,8,4,4,98,38,60,0,0,0,45,12,33,43,24,19,1,0,1,27,12,15,0,0,0,15,12,3,661,264,397
29,579,0151,620463,0000,000000,KARNATAKA,Gulbarga,VILLAGE,Kallur [K],Rural,0,0,0,0,0,0,0,0,0,0,0,0,0,0,0,0,0,0,0,0,0,0,0,0,0,0,0,0,0,0,0,0,0,0,0,0,0,0,0,0,0,0,0,0,0,0,0,0,0,0,0,0,0,0,0,0,0,0,0,0,0,0,0,0,0,0,0,0,0,0,0,0,0,0,0,0,0,0,0,0,0,0,0,0,0
29,579,0151,620464,0000,000000,KARNATAKA,Gulbarga,VILLAGE,Kallur[B],Rural,0,0,0,0,0,0,0,0,0,0,0,0,0,0,0,0,0,0,0,0,0,0,0,0,0,0,0,0,0,0,0,0,0,0,0,0,0,0,0,0,0,0,0,0,0,0,0,0,0,0,0,0,0,0,0,0,0,0,0,0,0,0,0,0,0,0,0,0,0,0,0,0,0,0,0,0,0,0,0,0,0,0,0,0,0
29,579,0151,620465,0000,000000,KARNATAKA,Gulbarga,VILLAGE,Rudnoor,Rural,298,1516,737,779,210,105,105,249,109,140,15,10,5,736,432,304,780,305,475,771,408,363,484,278,206,197,133,64,252,116,136,0,0,0,35,29,6,287,130,157,4,2,2,271,119,152,0,0,0,12,9,3,287,130,157,4,2,2,271,119,152,0,0,0,12,9,3,0,0,0,0,0,0,0,0,0,0,0,0,0,0,0,745,329,416
29,579,0151,620466,0000,000000,KARNATAKA,Gulbarga,VILLAGE,Hovinhalli,Rural,176,899,456,443,145,83,62,286,142,144,0,0,0,346,193,153,553,263,290,436,251,185,430,246,184,64,58,6,96,30,66,0,0,0,270,158,112,6,5,1,1,1,0,0,0,0,0,0,0,5,4,1,5,4,1,0,0,0,0,0,0,0,0,0,5,4,1,1,1,0,1,1,0,0,0,0,0,0,0,0,0,0,463,205,258
29,579,0151,620467,0000,000000,KARNATAKA,Gulbarga,VILLAGE,Siroli,Rural,386,2092,1022,1070,307,168,139,743,373,370,0,0,0,1013,581,432,1079,441,638,942,586,356,940,585,355,247,186,61,470,232,238,1,0,1,222,167,55,2,1,1,0,0,0,1,0,1,0,0,0,1,1,0,2,1,1,0,0,0,1,0,1,0,0,0,1,1,0,0,0,0,0,0,0,0,0,0,0,0,0,0,0,0,1150,436,714
29,579,0151,620468,0000,000000,KARNATAKA,Gulbarga,VILLAGE,Halkoda,Rural,172,899,446,453,94,41,53,289,144,145,0,0,0,405,246,159,494,200,294,530,286,244,488,278,210,133,111,22,303,128,175,3,2,1,49,37,12,42,8,34,3,0,3,35,7,28,0,0,0,4,1,3,41,8,33,2,0,2,35,7,28,0,0,0,4,1,3,1,0,1,1,0,1,0,0,0,0,0,0,0,0,0,369,160,209
29,579,0151,620469,0000,000000,KARNATAKA,Gulbarga,VILLAGE,Potangal,Rural,220,1104,529,575,154,74,80,166,75,91,13,4,9,419,245,174,685,284,401,649,321,328,588,297,291,234,124,110,300,133,167,9,5,4,45,35,10,61,24,37,1,0,1,44,14,30,8,5,3,8,5,3,60,23,37,1,0,1,43,13,30,8,5,3,8,5,3,1,1,0,0,0,0,1,1,0,0,0,0,0,0,0,455,208,247
29,579,0151,620470,0000,000000,KARNATAKA,Gulbarga,VILLAGE,Jettur,Rural,309,1609,786,823,188,84,104,339,158,181,0,0,0,834,485,349,775,301,474,877,490,387,792,476,316,193,148,45,519,273,246,0,0,0,80,55,25,85,14,71,14,7,7,67,6,61,1,0,1,3,1,2,84,13,71,14,7,7,66,5,61,1,0,1,3,1,2,1,1,0,0,0,0,1,1,0,0,0,0,0,0,0,732,296,436
29,579,0152,000000,0000,000000,KARNATAKA,Gulbarga,CD BLOCK,Sedam ,Total,34553,179231,88782,90449,25127,12672,12455,53424,26670,26754,4027,1955,2072,82208,48648,33560,97023,40134,56889,87310,49254,38056,66224,41628,24596,21452,16726,4726,28191,13009,15182,1098,746,352,15483,11147,4336,21086,7626,13460,1332,459,873,12942,3679,9263,786,276,510,6026,3212,2814,18867,6716,12151,1196,423,773,12210,3508,8702,680,231,449,4781,2554,2227,2219,910,1309,136,36,100,732,171,561,106,45,61,1245,658,587,91921,39528,52393
29,579,0152,000000,0000,000000,KARNATAKA,Gulbarga,CD BLOCK,Sedam ,Rural,33240,172759,85578,87181,24328,12286,12042,51130,25534,25596,3976,1933,2043,78791,46617,32174,93968,38961,55007,84463,47429,37034,64154,40146,24008,21281,16580,4701,27494,12613,14881,1076,728,348,14303,10225,4078,20309,7283,13026,1323,453,870,12606,3558,9048,776,272,504,5604,3000,2604,18128,6398,11730,1187,417,770,11876,3387,8489,670,227,443,4395,2367,2028,2181,885,1296,136,36,100,730,171,559,106,45,61,1209,633,576,88296,38149,50147
29,579,0152,000000,0000,000000,KARNATAKA,Gulbarga,CD BLOCK,Sedam ,Urban,1313,6472,3204,3268,799,386,413,2294,1136,1158,51,22,29,3417,2031,1386,3055,1173,1882,2847,1825,1022,2070,1482,588,171,146,25,697,396,301,22,18,4,1180,922,258,777,343,434,9,6,3,336,121,215,10,4,6,422,212,210,739,318,421,9,6,3,334,121,213,10,4,6,386,187,199,38,25,13,0,0,0,2,0,2,0,0,0,36,25,11,3625,1379,2246
29,579,0152,620471,0000,000000,KARNATAKA,Gulbarga,VILLAGE,Samkhed,Rural,59,300,163,137,64,29,35,288,157,131,0,0,0,172,118,54,128,45,83,138,73,65,8,6,2,3,3,0,3,2,1,0,0,0,2,1,1,130,67,63,0,0,0,119,62,57,1,0,1,10,5,5,127,66,61,0,0,0,117,61,56,1,0,1,9,5,4,3,1,2,0,0,0,2,1,1,0,0,0,1,0,1,162,90,72
29,579,0152,620472,0000,000000,KARNATAKA,Gulbarga,VILLAGE,Sangavi (M),Rural,162,851,437,414,119,66,53,161,81,80,0,0,0,457,267,190,394,170,224,369,235,134,369,235,134,196,130,66,148,85,63,0,0,0,25,20,5,0,0,0,0,0,0,0,0,0,0,0,0,0,0,0,0,0,0,0,0,0,0,0,0,0,0,0,0,0,0,0,0,0,0,0,0,0,0,0,0,0,0,0,0,0,482,202,280
29,579,0152,620473,0000,000000,KARNATAKA,Gulbarga,VILLAGE,Tottanhalli,Rural,233,1331,660,671,180,88,92,386,185,201,0,0,0,731,449,282,600,211,389,653,337,316,461,303,158,176,149,27,211,93,118,1,1,0,73,60,13,192,34,158,102,17,85,79,10,69,0,0,0,11,7,4,189,33,156,102,17,85,77,10,67,0,0,0,10,6,4,3,1,2,0,0,0,2,0,2,0,0,0,1,1,0,678,323,355
29,579,0152,620474,0000,000000,KARNATAKA,Gulbarga,VILLAGE,Meenhabal,Rural,215,1176,561,615,179,93,86,364,177,187,0,0,0,614,344,270,562,217,345,519,292,227,333,216,117,260,163,97,19,15,4,22,13,9,32,25,7,186,76,110,10,8,2,72,36,36,29,6,23,75,26,49,177,74,103,10,8,2,71,35,36,26,6,20,70,25,45,9,2,7,0,0,0,1,1,0,3,0,3,5,1,4,657,269,388
29,579,0152,620475,0000,000000,KARNATAKA,Gulbarga,VILLAGE,Kukunda,Rural,341,1731,855,876,249,110,139,781,389,392,4,2,2,804,469,335,927,386,541,782,486,296,213,179,34,99,91,8,18,10,8,14,8,6,82,70,12,569,307,262,2,0,2,538,285,253,2,2,0,27,20,7,539,288,251,1,0,1,530,282,248,0,0,0,8,6,2,30,19,11,1,0,1,8,3,5,2,2,0,19,14,5,949,369,580
29,579,0152,620476,0000,000000,KARNATAKA,Gulbarga,VILLAGE,Yadga,Rural,242,1220,615,605,157,83,74,247,113,134,0,0,0,667,404,263,553,211,342,488,328,160,214,198,16,118,116,2,25,22,3,6,5,1,65,55,10,274,130,144,3,3,0,232,99,133,1,1,0,38,27,11,261,124,137,3,3,0,225,96,129,1,1,0,32,24,8,13,6,7,0,0,0,7,3,4,0,0,0,6,3,3,732,287,445
29,579,0152,620477,0000,000000,KARNATAKA,Gulbarga,VILLAGE,Kachur,Rural,90,510,246,264,58,31,27,198,92,106,0,0,0,307,159,148,203,87,116,217,115,102,185,104,81,8,8,0,159,84,75,1,0,1,17,12,5,32,11,21,0,0,0,21,5,16,1,0,1,10,6,4,30,11,19,0,0,0,21,5,16,1,0,1,8,6,2,2,0,2,0,0,0,0,0,0,0,0,0,2,0,2,293,131,162
29,579,0152,620478,0000,000000,KARNATAKA,Gulbarga,VILLAGE,Mugnoor,Rural,195,887,430,457,132,68,64,323,156,167,0,0,0,507,288,219,380,142,238,481,238,243,376,203,173,36,35,1,260,114,146,10,4,6,70,50,20,105,35,70,0,0,0,75,28,47,2,0,2,28,7,21,104,34,70,0,0,0,75,28,47,2,0,2,27,6,21,1,1,0,0,0,0,0,0,0,0,0,0,1,1,0,406,192,214
29,579,0152,620479,0000,000000,KARNATAKA,Gulbarga,VILLAGE,Surwar,Rural,129,643,308,335,78,32,46,311,146,165,3,1,2,344,200,144,299,108,191,355,195,160,353,194,159,85,56,29,198,87,111,0,0,0,70,51,19,2,1,1,0,0,0,2,1,1,0,0,0,0,0,0,2,1,1,0,0,0,2,1,1,0,0,0,0,0,0,0,0,0,0,0,0,0,0,0,0,0,0,0,0,0,288,113,175
29,579,0152,620480,0000,000000,KARNATAKA,Gulbarga,VILLAGE,Telkur,Rural,291,1475,730,745,178,93,85,441,224,217,2,2,0,811,470,341,664,260,404,759,391,368,333,205,128,182,128,54,117,56,61,1,0,1,33,21,12,426,186,240,21,11,10,332,132,200,0,0,0,73,43,30,398,171,227,16,8,8,312,122,190,0,0,0,70,41,29,28,15,13,5,3,2,20,10,10,0,0,0,3,2,1,716,339,377
29,579,0152,620481,0000,000000,KARNATAKA,Gulbarga,VILLAGE,Habal (T),Rural,290,1418,689,729,179,87,92,452,218,234,58,26,32,672,392,280,746,297,449,782,409,373,754,392,362,105,96,9,543,219,324,35,20,15,71,57,14,28,17,11,1,1,0,11,3,8,2,1,1,14,12,2,27,17,10,1,1,0,11,3,8,2,1,1,13,12,1,1,0,1,0,0,0,0,0,0,0,0,0,1,0,1,636,280,356
29,579,0152,620482,0000,000000,KARNATAKA,Gulbarga,VILLAGE,Lohada,Rural,41,187,89,98,26,13,13,127,60,67,0,0,0,78,42,36,109,47,62,90,46,44,19,14,5,5,5,0,5,4,1,0,0,0,9,5,4,71,32,39,0,0,0,71,32,39,0,0,0,0,0,0,71,32,39,0,0,0,71,32,39,0,0,0,0,0,0,0,0,0,0,0,0,0,0,0,0,0,0,0,0,0,97,43,54
29,579,0152,620483,0000,000000,KARNATAKA,Gulbarga,VILLAGE,Hayyal,Rural,202,954,454,500,87,38,49,308,146,162,0,0,0,522,298,224,432,156,276,443,263,180,303,203,100,72,69,3,159,82,77,5,4,1,67,48,19,140,60,80,8,8,0,119,45,74,1,0,1,12,7,5,136,57,79,8,8,0,115,42,73,1,0,1,12,7,5,4,3,1,0,0,0,4,3,1,0,0,0,0,0,0,511,191,320
29,579,0152,620484,0000,000000,KARNATAKA,Gulbarga,VILLAGE,Sangavi(T),Rural,102,530,253,277,78,39,39,131,62,69,0,0,0,303,170,133,227,83,144,316,158,158,292,148,144,49,38,11,98,32,66,16,8,8,129,70,59,24,10,14,1,0,1,8,2,6,1,0,1,14,8,6,24,10,14,1,0,1,8,2,6,1,0,1,14,8,6,0,0,0,0,0,0,0,0,0,0,0,0,0,0,0,214,95,119
29,579,0152,620485,0000,000000,KARNATAKA,Gulbarga,VILLAGE,Yadhalli,Rural,142,681,346,335,111,59,52,203,110,93,0,0,0,301,176,125,380,170,210,390,199,191,236,155,81,77,76,1,116,40,76,2,2,0,41,37,4,154,44,110,3,0,3,140,36,104,0,0,0,11,8,3,147,39,108,3,0,3,136,33,103,0,0,0,8,6,2,7,5,2,0,0,0,4,3,1,0,0,0,3,2,1,291,147,144
29,579,0152,620486,0000,000000,KARNATAKA,Gulbarga,VILLAGE,Satpatanhalli,Rural,112,582,285,297,73,41,32,339,169,170,0,0,0,342,192,150,240,93,147,320,163,157,137,80,57,61,48,13,4,1,3,2,1,1,70,30,40,183,83,100,4,2,2,15,7,8,1,0,1,163,74,89,181,81,100,3,1,2,15,7,8,1,0,1,162,73,89,2,2,0,1,1,0,0,0,0,0,0,0,1,1,0,262,122,140
29,579,0152,620487,0000,000000,KARNATAKA,Gulbarga,VILLAGE,Bibhalli,Rural,132,748,362,386,106,47,59,123,62,61,0,0,0,413,267,146,335,95,240,417,203,214,417,203,214,12,10,2,3,1,2,4,3,1,398,189,209,0,0,0,0,0,0,0,0,0,0,0,0,0,0,0,0,0,0,0,0,0,0,0,0,0,0,0,0,0,0,0,0,0,0,0,0,0,0,0,0,0,0,0,0,0,331,159,172
29,579,0152,620488,0000,000000,KARNATAKA,Gulbarga,VILLAGE,Taranhalli,Rural,116,691,353,338,112,64,48,107,62,45,331,163,168,329,198,131,362,155,207,307,193,114,244,167,77,156,95,61,19,14,5,0,0,0,69,58,11,63,26,37,1,1,0,51,20,31,0,0,0,11,5,6,61,25,36,1,1,0,51,20,31,0,0,0,9,4,5,2,1,1,0,0,0,0,0,0,0,0,0,2,1,1,384,160,224
29,579,0152,620489,0000,000000,KARNATAKA,Gulbarga,VILLAGE,Arebommanhalli,Rural,178,848,412,436,143,87,56,82,38,44,218,113,105,349,199,150,499,213,286,459,225,234,439,215,224,3,2,1,266,114,152,1,0,1,169,99,70,20,10,10,1,1,0,12,2,10,0,0,0,7,7,0,17,8,9,1,1,0,11,2,9,0,0,0,5,5,0,3,2,1,0,0,0,1,0,1,0,0,0,2,2,0,389,187,202
29,579,0152,620490,0000,000000,KARNATAKA,Gulbarga,VILLAGE,Beeranhalli,Rural,251,1315,656,659,189,101,88,286,143,143,91,43,48,690,413,277,625,243,382,593,341,252,512,300,212,79,68,11,355,178,177,6,3,3,72,51,21,81,41,40,1,1,0,16,5,11,1,1,0,63,34,29,79,41,38,1,1,0,16,5,11,1,1,0,61,34,27,2,0,2,0,0,0,0,0,0,0,0,0,2,0,2,722,315,407
29,579,0152,620491,0000,000000,KARNATAKA,Gulbarga,VILLAGE,Hunsanhalli,Rural,0,0,0,0,0,0,0,0,0,0,0,0,0,0,0,0,0,0,0,0,0,0,0,0,0,0,0,0,0,0,0,0,0,0,0,0,0,0,0,0,0,0,0,0,0,0,0,0,0,0,0,0,0,0,0,0,0,0,0,0,0,0,0,0,0,0,0,0,0,0,0,0,0,0,0,0,0,0,0,0,0,0,0,0,0
29,579,0152,620492,0000,000000,KARNATAKA,Gulbarga,VILLAGE,Bijjanhalli,Rural,146,751,369,382,100,58,42,232,114,118,0,0,0,441,256,185,310,113,197,425,223,202,180,143,37,65,60,5,10,8,2,0,0,0,105,75,30,245,80,165,3,1,2,84,19,65,0,0,0,158,60,98,234,73,161,3,1,2,84,19,65,0,0,0,147,53,94,11,7,4,0,0,0,0,0,0,0,0,0,11,7,4,326,146,180
29,579,0152,620493,0000,000000,KARNATAKA,Gulbarga,VILLAGE,Malkhed (J),Rural,2143,10648,5397,5251,1365,701,664,2217,1125,1092,67,36,31,6731,3702,3029,3917,1695,2222,4019,2837,1182,2797,2104,693,428,342,86,663,312,351,155,114,41,1551,1336,215,1222,733,489,31,16,15,323,121,202,87,61,26,781,535,246,793,480,313,31,16,15,295,110,185,60,45,15,407,309,98,429,253,176,0,0,0,28,11,17,27,16,11,374,226,148,6629,2560,4069
29,579,0152,620494,0000,000000,KARNATAKA,Gulbarga,VILLAGE,Rajivnagar,Rural,117,523,242,281,78,30,48,0,0,0,294,136,158,290,168,122,233,74,159,167,145,22,166,144,22,137,125,12,2,1,1,2,2,0,25,16,9,1,1,0,0,0,0,0,0,0,0,0,0,1,1,0,1,1,0,0,0,0,0,0,0,0,0,0,1,1,0,0,0,0,0,0,0,0,0,0,0,0,0,0,0,0,356,97,259
29,579,0152,620495,0000,000000,KARNATAKA,Gulbarga,VILLAGE,Bhimnagar,Rural,512,2419,1169,1250,411,201,210,174,83,91,532,255,277,1103,643,460,1316,526,790,874,533,341,846,513,333,132,80,52,397,181,216,12,7,5,305,245,60,28,20,8,4,3,1,10,7,3,0,0,0,14,10,4,23,16,7,3,2,1,9,6,3,0,0,0,11,8,3,5,4,1,1,1,0,1,1,0,0,0,0,3,2,1,1545,636,909
29,579,0152,620496,0000,000000,KARNATAKA,Gulbarga,VILLAGE,Nrupathanga,Rural,619,2952,1504,1448,491,257,234,1609,793,816,46,21,25,1762,1029,733,1190,475,715,933,696,237,864,657,207,342,214,128,23,15,8,10,4,6,489,424,65,69,39,30,7,3,4,3,2,1,1,1,0,58,33,25,66,36,30,6,2,4,2,1,1,1,1,0,57,32,25,3,3,0,1,1,0,1,1,0,0,0,0,1,1,0,2019,808,1211
29,579,0152,620497,0000,000000,KARNATAKA,Gulbarga,VILLAGE,Hanganhalli,Rural,324,1797,893,904,290,159,131,317,155,162,526,271,255,876,516,360,921,377,544,801,457,344,329,246,83,158,107,51,10,8,2,6,2,4,155,129,26,472,211,261,5,3,2,288,84,204,17,9,8,162,115,47,461,206,255,5,3,2,283,81,202,15,8,7,158,114,44,11,5,6,0,0,0,5,3,2,2,1,1,4,1,3,996,436,560
29,579,0152,620498,0000,000000,KARNATAKA,Gulbarga,VILLAGE,Hoshalli,Rural,135,704,346,358,103,61,42,127,64,63,14,5,9,548,271,277,156,75,81,361,177,184,68,37,31,19,11,8,0,0,0,0,0,0,49,26,23,293,140,153,1,1,0,0,0,0,3,1,2,289,138,151,10,4,6,0,0,0,0,0,0,0,0,0,10,4,6,283,136,147,1,1,0,0,0,0,3,1,2,279,134,145,343,169,174
29,579,0152,620499,0000,000000,KARNATAKA,Gulbarga,VILLAGE,Neelhalli,Rural,205,1064,533,531,146,73,73,258,127,131,26,11,15,501,300,201,563,233,330,518,291,227,361,251,110,163,130,33,46,20,26,15,10,5,137,91,46,157,40,117,9,5,4,96,11,85,6,0,6,46,24,22,146,33,113,9,5,4,95,11,84,6,0,6,36,17,19,11,7,4,0,0,0,1,0,1,0,0,0,10,7,3,546,242,304
29,579,0152,620500,0000,000000,KARNATAKA,Gulbarga,VILLAGE,Konkanhalli,Rural,192,1004,517,487,127,74,53,272,145,127,0,0,0,528,322,206,476,195,281,480,282,198,428,256,172,67,49,18,254,115,139,1,1,0,106,91,15,52,26,26,1,1,0,38,13,25,0,0,0,13,12,1,48,24,24,1,1,0,37,13,24,0,0,0,10,10,0,4,2,2,0,0,0,1,0,1,0,0,0,3,2,1,524,235,289
29,579,0152,620501,0000,000000,KARNATAKA,Gulbarga,VILLAGE,Sedam (Rural),Rural,0,0,0,0,0,0,0,0,0,0,0,0,0,0,0,0,0,0,0,0,0,0,0,0,0,0,0,0,0,0,0,0,0,0,0,0,0,0,0,0,0,0,0,0,0,0,0,0,0,0,0,0,0,0,0,0,0,0,0,0,0,0,0,0,0,0,0,0,0,0,0,0,0,0,0,0,0,0,0,0,0,0,0,0,0
29,579,0152,620502,0000,000000,KARNATAKA,Gulbarga,VILLAGE,Batgera(B),Rural,611,3068,1490,1578,400,195,205,575,296,279,11,7,4,1496,846,650,1572,644,928,1618,906,712,933,580,353,409,263,146,220,88,132,7,4,3,297,225,72,685,326,359,24,6,18,268,110,158,9,6,3,384,204,180,644,307,337,18,5,13,266,110,156,8,5,3,352,187,165,41,19,22,6,1,5,2,0,2,1,1,0,32,17,15,1450,584,866
29,579,0152,620503,0000,000000,KARNATAKA,Gulbarga,VILLAGE,Injepalli,Rural,46,172,82,90,21,10,11,22,14,8,0,0,0,87,49,38,85,33,52,71,43,28,58,42,16,23,17,6,10,3,7,0,0,0,25,22,3,13,1,12,0,0,0,13,1,12,0,0,0,0,0,0,13,1,12,0,0,0,13,1,12,0,0,0,0,0,0,0,0,0,0,0,0,0,0,0,0,0,0,0,0,0,101,39,62
29,579,0152,620504,0000,000000,KARNATAKA,Gulbarga,VILLAGE,Madkal,Rural,476,2239,1128,1111,275,139,136,678,331,347,4,2,2,1014,609,405,1225,519,706,1022,652,370,955,641,314,187,153,34,462,246,216,5,4,1,301,238,63,67,11,56,13,1,12,34,5,29,0,0,0,20,5,15,55,8,47,5,1,4,32,3,29,0,0,0,18,4,14,12,3,9,8,0,8,2,2,0,0,0,0,2,1,1,1217,476,741
29,579,0152,620505,0000,000000,KARNATAKA,Gulbarga,VILLAGE,Sompalli,Rural,119,537,272,265,78,42,36,91,51,40,0,0,0,293,190,103,244,82,162,266,152,114,265,151,114,84,73,11,134,43,91,0,0,0,47,35,12,1,1,0,0,0,0,0,0,0,0,0,0,1,1,0,1,1,0,0,0,0,0,0,0,0,0,0,1,1,0,0,0,0,0,0,0,0,0,0,0,0,0,0,0,0,271,120,151
29,579,0152,620506,0000,000000,KARNATAKA,Gulbarga,VILLAGE,Kontanpalli,Rural,285,1410,695,715,185,100,85,458,234,224,3,2,1,628,349,279,782,346,436,732,422,310,720,418,302,251,158,93,318,158,160,0,0,0,151,102,49,12,4,8,0,0,0,5,0,5,2,1,1,5,3,2,12,4,8,0,0,0,5,0,5,2,1,1,5,3,2,0,0,0,0,0,0,0,0,0,0,0,0,0,0,0,678,273,405
29,579,0152,620507,0000,000000,KARNATAKA,Gulbarga,VILLAGE,Batgera(K),Rural,518,2728,1343,1385,456,232,224,1451,705,746,0,0,0,1069,652,417,1659,691,968,1153,679,474,1102,646,456,107,74,33,392,181,211,195,113,82,408,278,130,51,33,18,0,0,0,24,10,14,3,2,1,24,21,3,43,31,12,0,0,0,19,9,10,2,2,0,22,20,2,8,2,6,0,0,0,5,1,4,1,0,1,2,1,1,1575,664,911
29,579,0152,620508,0000,000000,KARNATAKA,Gulbarga,VILLAGE,Kachwar,Rural,116,579,283,296,74,34,40,140,75,65,3,0,3,324,194,130,255,89,166,223,158,65,220,156,64,79,77,2,84,39,45,2,1,1,55,39,16,3,2,1,2,2,0,1,0,1,0,0,0,0,0,0,3,2,1,2,2,0,1,0,1,0,0,0,0,0,0,0,0,0,0,0,0,0,0,0,0,0,0,0,0,0,356,125,231
29,579,0152,620509,0000,000000,KARNATAKA,Gulbarga,VILLAGE,Turkbommanhalli,Rural,54,284,133,151,41,14,27,0,0,0,0,0,0,164,95,69,120,38,82,66,52,14,66,52,14,63,50,13,2,1,1,0,0,0,1,1,0,0,0,0,0,0,0,0,0,0,0,0,0,0,0,0,0,0,0,0,0,0,0,0,0,0,0,0,0,0,0,0,0,0,0,0,0,0,0,0,0,0,0,0,0,0,218,81,137
29,579,0152,620510,0000,000000,KARNATAKA,Gulbarga,VILLAGE,Madhwar,Rural,113,586,290,296,80,42,38,307,155,152,21,10,11,300,178,122,286,112,174,328,158,170,315,154,161,15,11,4,293,138,155,0,0,0,7,5,2,13,4,9,0,0,0,13,4,9,0,0,0,0,0,0,13,4,9,0,0,0,13,4,9,0,0,0,0,0,0,0,0,0,0,0,0,0,0,0,0,0,0,0,0,0,258,132,126
29,579,0152,620511,0000,000000,KARNATAKA,Gulbarga,VILLAGE,Adki,Rural,733,3714,1819,1895,519,258,261,779,407,372,184,77,107,1625,943,682,2089,876,1213,1724,1031,693,1347,808,539,177,159,18,543,228,315,9,6,3,618,415,203,377,223,154,12,10,2,104,45,59,13,11,2,248,157,91,326,195,131,12,10,2,92,39,53,12,11,1,210,135,75,51,28,23,0,0,0,12,6,6,1,0,1,38,22,16,1990,788,1202
29,579,0152,620512,0000,000000,KARNATAKA,Gulbarga,VILLAGE,Jawahar Nagar,Rural,263,1394,691,703,263,137,126,771,382,389,30,12,18,463,274,189,931,417,514,759,402,357,695,387,308,215,112,103,35,27,8,10,4,6,435,244,191,64,15,49,8,2,6,9,4,5,0,0,0,47,9,38,29,11,18,8,2,6,9,4,5,0,0,0,12,5,7,35,4,31,0,0,0,0,0,0,0,0,0,35,4,31,635,289,346
29,579,0152,620513,0000,000000,KARNATAKA,Gulbarga,VILLAGE,Nagasanpalli,Rural,138,716,351,365,103,51,52,219,108,111,0,0,0,337,211,126,379,140,239,390,173,217,283,167,116,94,93,1,174,62,112,1,1,0,14,11,3,107,6,101,0,0,0,97,2,95,1,1,0,9,3,6,100,5,95,0,0,0,95,2,93,0,0,0,5,3,2,7,1,6,0,0,0,2,0,2,1,1,0,4,0,4,326,178,148
29,579,0152,620514,0000,000000,KARNATAKA,Gulbarga,VILLAGE,Rajola(K),Rural,196,1031,537,494,130,80,50,423,229,194,0,0,0,476,275,201,555,262,293,588,303,285,583,301,282,542,279,263,30,17,13,0,0,0,11,5,6,5,2,3,0,0,0,1,1,0,0,0,0,4,1,3,0,0,0,0,0,0,0,0,0,0,0,0,0,0,0,5,2,3,0,0,0,1,1,0,0,0,0,4,1,3,443,234,209
29,579,0152,620515,0000,000000,KARNATAKA,Gulbarga,VILLAGE,Ernapalli,Rural,236,1405,675,730,186,82,104,456,237,219,0,0,0,464,267,197,941,408,533,774,390,384,359,184,175,20,11,9,124,63,61,2,1,1,213,109,104,415,206,209,20,13,7,321,157,164,3,1,2,71,35,36,399,199,200,17,10,7,313,155,158,2,1,1,67,33,34,16,7,9,3,3,0,8,2,6,1,0,1,4,2,2,631,285,346
29,579,0152,620516,0000,000000,KARNATAKA,Gulbarga,VILLAGE,Bomdepalli,Rural,214,1029,501,528,158,67,91,341,168,173,1,1,0,491,299,192,538,202,336,448,258,190,405,235,170,126,109,17,181,64,117,7,5,2,91,57,34,43,23,20,0,0,0,5,2,3,2,1,1,36,20,16,41,21,20,0,0,0,5,2,3,2,1,1,34,18,16,2,2,0,0,0,0,0,0,0,0,0,0,2,2,0,581,243,338
29,579,0152,620517,0000,000000,KARNATAKA,Gulbarga,VILLAGE,Indira Nagar,Rural,226,1570,798,772,323,175,148,1570,798,772,0,0,0,292,196,96,1278,602,676,808,394,414,386,383,3,381,379,2,3,2,1,0,0,0,2,2,0,422,11,411,6,2,4,415,8,407,1,1,0,0,0,0,420,9,411,5,1,4,415,8,407,0,0,0,0,0,0,2,2,0,1,1,0,0,0,0,1,1,0,0,0,0,762,404,358
29,579,0152,620518,0000,000000,KARNATAKA,Gulbarga,VILLAGE,Imdapur,Rural,227,1281,639,642,170,87,83,427,204,223,0,0,0,653,400,253,628,239,389,664,349,315,557,337,220,132,121,11,185,74,111,10,5,5,230,137,93,107,12,95,3,2,1,78,4,74,2,0,2,24,6,18,105,11,94,3,2,1,78,4,74,2,0,2,22,5,17,2,1,1,0,0,0,0,0,0,0,0,0,2,1,1,617,290,327
29,579,0152,620519,0000,000000,KARNATAKA,Gulbarga,VILLAGE,Ranjole,Rural,449,2206,1042,1164,320,153,167,657,322,335,7,4,3,1051,594,457,1155,448,707,1129,620,509,1112,610,502,319,216,103,488,239,249,1,1,0,304,154,150,17,10,7,5,3,2,7,5,2,3,2,1,2,0,2,15,10,5,4,3,1,6,5,1,3,2,1,2,0,2,2,0,2,1,0,1,1,0,1,0,0,0,0,0,0,1077,422,655
29,579,0152,620520,0000,000000,KARNATAKA,Gulbarga,VILLAGE,Halhanmanhalli,Rural,0,0,0,0,0,0,0,0,0,0,0,0,0,0,0,0,0,0,0,0,0,0,0,0,0,0,0,0,0,0,0,0,0,0,0,0,0,0,0,0,0,0,0,0,0,0,0,0,0,0,0,0,0,0,0,0,0,0,0,0,0,0,0,0,0,0,0,0,0,0,0,0,0,0,0,0,0,0,0,0,0,0,0,0,0
29,579,0152,620521,0000,000000,KARNATAKA,Gulbarga,VILLAGE,Biderched,Rural,154,837,440,397,136,83,53,264,143,121,26,12,14,316,201,115,521,239,282,506,252,254,211,203,8,187,181,6,14,14,0,3,3,0,7,5,2,295,49,246,19,8,11,265,34,231,1,0,1,10,7,3,288,46,242,19,8,11,259,32,227,1,0,1,9,6,3,7,3,4,0,0,0,6,2,4,0,0,0,1,1,0,331,188,143
29,579,0152,620522,0000,000000,KARNATAKA,Gulbarga,VILLAGE,Chitkanpalli,Rural,280,1507,698,809,180,79,101,431,205,226,0,0,0,555,293,262,952,405,547,836,421,415,832,418,414,315,168,147,497,240,257,1,0,1,19,10,9,4,3,1,2,1,1,1,1,0,0,0,0,1,1,0,4,3,1,2,1,1,1,1,0,0,0,0,1,1,0,0,0,0,0,0,0,0,0,0,0,0,0,0,0,0,671,277,394
29,579,0152,620523,0000,000000,KARNATAKA,Gulbarga,VILLAGE,Rangwar,Rural,0,0,0,0,0,0,0,0,0,0,0,0,0,0,0,0,0,0,0,0,0,0,0,0,0,0,0,0,0,0,0,0,0,0,0,0,0,0,0,0,0,0,0,0,0,0,0,0,0,0,0,0,0,0,0,0,0,0,0,0,0,0,0,0,0,0,0,0,0,0,0,0,0,0,0,0,0,0,0,0,0,0,0,0,0
29,579,0152,620524,0000,000000,KARNATAKA,Gulbarga,VILLAGE,Amarwadi,Rural,49,270,135,135,41,16,25,45,24,21,0,0,0,99,57,42,171,78,93,147,80,67,146,79,67,57,36,21,68,32,36,4,2,2,17,9,8,1,1,0,0,0,0,0,0,0,0,0,0,1,1,0,1,1,0,0,0,0,0,0,0,0,0,0,1,1,0,0,0,0,0,0,0,0,0,0,0,0,0,0,0,0,123,55,68
29,579,0152,620525,0000,000000,KARNATAKA,Gulbarga,VILLAGE,Jilladpalli,Rural,81,424,207,217,54,25,29,134,67,67,0,0,0,179,117,62,245,90,155,212,106,106,196,102,94,41,25,16,136,66,70,0,0,0,19,11,8,16,4,12,1,0,1,13,3,10,0,0,0,2,1,1,12,4,8,1,0,1,9,3,6,0,0,0,2,1,1,4,0,4,0,0,0,4,0,4,0,0,0,0,0,0,212,101,111
29,579,0152,620526,0000,000000,KARNATAKA,Gulbarga,VILLAGE,Gopanapalli(K),Rural,88,439,222,217,61,31,30,24,16,8,0,0,0,187,121,66,252,101,151,243,131,112,241,130,111,20,12,8,214,114,100,0,0,0,7,4,3,2,1,1,0,0,0,2,1,1,0,0,0,0,0,0,2,1,1,0,0,0,2,1,1,0,0,0,0,0,0,0,0,0,0,0,0,0,0,0,0,0,0,0,0,0,196,91,105
29,579,0152,620527,0000,000000,KARNATAKA,Gulbarga,VILLAGE,Gundepalli(K),Rural,97,464,228,236,55,26,29,142,70,72,0,0,0,235,129,106,229,99,130,256,140,116,249,138,111,80,55,25,151,69,82,0,0,0,18,14,4,7,2,5,0,0,0,6,2,4,0,0,0,1,0,1,6,2,4,0,0,0,5,2,3,0,0,0,1,0,1,1,0,1,0,0,0,1,0,1,0,0,0,0,0,0,208,88,120
29,579,0152,620528,0000,000000,KARNATAKA,Gulbarga,VILLAGE,Bannur,Rural,201,1056,516,540,155,71,84,432,208,224,0,0,0,467,305,162,589,211,378,614,321,293,613,320,293,110,88,22,484,221,263,0,0,0,19,11,8,1,1,0,0,0,0,1,1,0,0,0,0,0,0,0,1,1,0,0,0,0,1,1,0,0,0,0,0,0,0,0,0,0,0,0,0,0,0,0,0,0,0,0,0,0,442,195,247
29,579,0152,620529,0000,000000,KARNATAKA,Gulbarga,VILLAGE,Lingampalli,Rural,194,1075,528,547,138,67,71,144,72,72,2,2,0,609,360,249,466,168,298,490,287,203,421,277,144,121,107,14,229,113,116,6,6,0,65,51,14,69,10,59,5,3,2,59,5,54,2,1,1,3,1,2,69,10,59,5,3,2,59,5,54,2,1,1,3,1,2,0,0,0,0,0,0,0,0,0,0,0,0,0,0,0,585,241,344
29,579,0152,620530,0000,000000,KARNATAKA,Gulbarga,VILLAGE,Mallabad,Rural,137,705,345,360,115,53,62,314,161,153,31,15,16,271,164,107,434,181,253,375,194,181,355,184,171,63,33,30,284,147,137,0,0,0,8,4,4,20,10,10,8,4,4,11,5,6,0,0,0,1,1,0,18,9,9,6,3,3,11,5,6,0,0,0,1,1,0,2,1,1,2,1,1,0,0,0,0,0,0,0,0,0,330,151,179
29,579,0152,620531,0000,000000,KARNATAKA,Gulbarga,VILLAGE,Anantapur,Rural,149,765,359,406,106,47,59,115,56,59,0,0,0,259,155,104,506,204,302,510,236,274,267,148,119,171,91,80,82,48,34,0,0,0,14,9,5,243,88,155,83,21,62,103,26,77,2,2,0,55,39,16,238,85,153,81,21,60,102,25,77,1,1,0,54,38,16,5,3,2,2,0,2,1,1,0,1,1,0,1,1,0,255,123,132
29,579,0152,620532,0000,000000,KARNATAKA,Gulbarga,VILLAGE,Benkanhalli,Rural,546,3072,1529,1543,447,218,229,531,250,281,1,0,1,1202,726,476,1870,803,1067,1595,907,688,1174,773,401,657,434,223,399,267,132,21,12,9,97,60,37,421,134,287,13,7,6,390,119,271,3,1,2,15,7,8,413,130,283,11,5,6,389,119,270,0,0,0,13,6,7,8,4,4,2,2,0,1,0,1,3,1,2,2,1,1,1477,622,855
29,579,0152,620533,0000,000000,KARNATAKA,Gulbarga,VILLAGE,Udgi,Rural,661,3628,1737,1891,551,296,255,1225,576,649,28,11,17,1871,1056,815,1757,681,1076,1602,890,712,1336,774,562,281,186,95,768,364,404,20,14,6,267,210,57,266,116,150,18,9,9,129,25,104,8,5,3,111,77,34,212,73,139,15,7,8,124,23,101,6,5,1,67,38,29,54,43,11,3,2,1,5,2,3,2,0,2,44,39,5,2026,847,1179
29,579,0152,620534,0000,000000,KARNATAKA,Gulbarga,VILLAGE,Allhalli,Rural,242,1283,616,667,189,87,102,370,176,194,0,0,0,693,405,288,590,211,379,650,332,318,271,245,26,87,86,1,88,73,15,0,0,0,96,86,10,379,87,292,37,17,20,306,46,260,0,0,0,36,24,12,356,82,274,37,17,20,285,42,243,0,0,0,34,23,11,23,5,18,0,0,0,21,4,17,0,0,0,2,1,1,633,284,349
29,579,0152,620535,0000,000000,KARNATAKA,Gulbarga,VILLAGE,Kalkhamb,Rural,268,1457,711,746,238,117,121,560,267,293,0,0,0,668,387,281,789,324,465,765,401,364,386,247,139,117,102,15,188,92,96,5,2,3,76,51,25,379,154,225,7,6,1,349,130,219,1,0,1,22,18,4,373,151,222,7,6,1,344,128,216,1,0,1,21,17,4,6,3,3,0,0,0,5,2,3,0,0,0,1,1,0,692,310,382
29,579,0152,620536,0000,000000,KARNATAKA,Gulbarga,VILLAGE,Hanmanhalli,Rural,137,789,388,401,105,51,54,364,179,185,0,0,0,347,205,142,442,183,259,494,243,251,485,237,248,69,60,9,262,116,146,4,3,1,150,58,92,9,6,3,0,0,0,0,0,0,0,0,0,9,6,3,9,6,3,0,0,0,0,0,0,0,0,0,9,6,3,0,0,0,0,0,0,0,0,0,0,0,0,0,0,0,295,145,150
29,579,0152,620537,0000,000000,KARNATAKA,Gulbarga,VILLAGE,Sindhanmadu,Rural,229,1285,628,657,254,135,119,563,280,283,34,15,19,611,356,255,674,272,402,577,304,273,555,292,263,379,202,177,131,60,71,1,1,0,44,29,15,22,12,10,3,1,2,4,1,3,1,0,1,14,10,4,20,11,9,3,1,2,3,1,2,1,0,1,13,9,4,2,1,1,0,0,0,1,0,1,0,0,0,1,1,0,708,324,384
29,579,0152,620538,0000,000000,KARNATAKA,Gulbarga,VILLAGE,Kodla,Rural,1234,6421,3198,3223,818,418,400,1494,748,746,15,9,6,3092,1809,1283,3329,1389,1940,2685,1706,979,2579,1651,928,336,309,27,1597,811,786,57,37,20,589,494,95,106,55,51,4,2,2,34,11,23,8,2,6,60,40,20,98,49,49,4,2,2,33,11,22,7,1,6,54,35,19,8,6,2,0,0,0,1,0,1,1,1,0,6,5,1,3736,1492,2244
29,579,0152,620539,0000,000000,KARNATAKA,Gulbarga,VILLAGE,Bhutpur,Rural,179,879,428,451,109,48,61,307,157,150,1,0,1,463,260,203,416,168,248,450,252,198,268,196,72,136,131,5,92,40,52,3,3,0,37,22,15,182,56,126,4,2,2,167,51,116,0,0,0,11,3,8,179,55,124,4,2,2,167,51,116,0,0,0,8,2,6,3,1,2,0,0,0,0,0,0,0,0,0,3,1,2,429,176,253
29,579,0152,620540,0000,000000,KARNATAKA,Gulbarga,VILLAGE,Rudrawaram,Rural,28,149,69,80,23,6,17,104,45,59,0,0,0,64,33,31,85,36,49,83,48,35,74,42,32,28,27,1,42,12,30,0,0,0,4,3,1,9,6,3,6,5,1,3,1,2,0,0,0,0,0,0,3,1,2,0,0,0,3,1,2,0,0,0,0,0,0,6,5,1,6,5,1,0,0,0,0,0,0,0,0,0,66,21,45
29,579,0152,620541,0000,000000,KARNATAKA,Gulbarga,VILLAGE,Munkanpalli,Rural,167,845,414,431,115,60,55,180,86,94,5,2,3,400,230,170,445,184,261,416,228,188,249,216,33,60,59,1,145,126,19,6,6,0,38,25,13,167,12,155,28,2,26,139,10,129,0,0,0,0,0,0,165,11,154,28,2,26,137,9,128,0,0,0,0,0,0,2,1,1,0,0,0,2,1,1,0,0,0,0,0,0,429,186,243
29,579,0152,620542,0000,000000,KARNATAKA,Gulbarga,VILLAGE,Jakanpalli,Rural,234,1331,660,671,170,89,81,631,326,305,328,161,167,546,320,226,785,340,445,751,397,354,654,369,285,490,301,189,43,18,25,10,6,4,111,44,67,97,28,69,53,12,41,20,8,12,1,1,0,23,7,16,54,24,30,17,10,7,16,6,10,1,1,0,20,7,13,43,4,39,36,2,34,4,2,2,0,0,0,3,0,3,580,263,317
29,579,0152,620543,0000,000000,KARNATAKA,Gulbarga,VILLAGE,Gundahalli(B),Rural,147,814,409,405,114,61,53,221,119,102,101,51,50,368,209,159,446,200,246,438,240,198,248,202,46,199,172,27,20,8,12,10,5,5,19,17,2,190,38,152,4,1,3,82,16,66,7,3,4,97,18,79,60,19,41,2,1,1,27,10,17,5,1,4,26,7,19,130,19,111,2,0,2,55,6,49,2,2,0,71,11,60,376,169,207
29,579,0152,620544,0000,000000,KARNATAKA,Gulbarga,VILLAGE,Mushthalli,Rural,122,674,329,345,94,44,50,132,61,71,21,12,9,383,219,164,291,110,181,330,173,157,270,155,115,160,115,45,98,33,65,1,1,0,11,6,5,60,18,42,4,1,3,41,7,34,1,0,1,14,10,4,58,16,42,4,1,3,41,7,34,1,0,1,12,8,4,2,2,0,0,0,0,0,0,0,0,0,0,2,2,0,344,156,188
29,579,0152,620545,0000,000000,KARNATAKA,Gulbarga,VILLAGE,Mailwar,Rural,29,129,61,68,28,16,12,83,40,43,0,0,0,58,30,28,71,31,40,73,35,38,71,34,37,15,7,8,55,27,28,0,0,0,1,0,1,2,1,1,0,0,0,0,0,0,0,0,0,2,1,1,2,1,1,0,0,0,0,0,0,0,0,0,2,1,1,0,0,0,0,0,0,0,0,0,0,0,0,0,0,0,56,26,30
29,579,0152,620546,0000,000000,KARNATAKA,Gulbarga,VILLAGE,Namwar,Rural,98,457,221,236,64,29,35,154,75,79,56,26,30,230,129,101,227,92,135,282,140,142,268,131,137,90,45,45,163,79,84,0,0,0,15,7,8,14,9,5,1,1,0,10,5,5,0,0,0,3,3,0,13,9,4,1,1,0,9,5,4,0,0,0,3,3,0,1,0,1,0,0,0,1,0,1,0,0,0,0,0,0,175,81,94
29,579,0152,620547,0000,000000,KARNATAKA,Gulbarga,VILLAGE,Turnur,Rural,85,477,241,236,58,31,27,174,90,84,0,0,0,228,148,80,249,93,156,340,167,173,332,162,170,190,95,95,134,61,73,5,4,1,3,2,1,8,5,3,0,0,0,0,0,0,5,3,2,3,2,1,5,3,2,0,0,0,0,0,0,5,3,2,0,0,0,3,2,1,0,0,0,0,0,0,0,0,0,3,2,1,137,74,63
29,579,0152,620548,0000,000000,KARNATAKA,Gulbarga,VILLAGE,Raghapur,Rural,202,923,439,484,109,53,56,257,126,131,0,0,0,272,169,103,651,270,381,507,262,245,507,262,245,66,62,4,386,159,227,0,0,0,55,41,14,0,0,0,0,0,0,0,0,0,0,0,0,0,0,0,0,0,0,0,0,0,0,0,0,0,0,0,0,0,0,0,0,0,0,0,0,0,0,0,0,0,0,0,0,0,416,177,239
29,579,0152,620549,0000,000000,KARNATAKA,Gulbarga,VILLAGE,Madna,Rural,592,2865,1406,1459,361,184,177,733,358,375,45,24,21,1158,701,457,1707,705,1002,1387,772,615,1205,687,518,430,376,54,654,220,434,31,20,11,90,71,19,182,85,97,17,14,3,92,21,71,23,14,9,50,36,14,166,77,89,13,11,2,88,20,68,20,13,7,45,33,12,16,8,8,4,3,1,4,1,3,3,1,2,5,3,2,1478,634,844
29,579,0152,620550,0000,000000,KARNATAKA,Gulbarga,VILLAGE,Konapur,Rural,454,2411,1163,1248,349,166,183,854,418,436,92,40,52,693,423,270,1718,740,978,1159,705,454,1110,703,407,794,531,263,230,107,123,0,0,0,86,65,21,49,2,47,19,1,18,29,1,28,0,0,0,1,0,1,27,2,25,6,1,5,20,1,19,0,0,0,1,0,1,22,0,22,13,0,13,9,0,9,0,0,0,0,0,0,1252,458,794
29,579,0152,620551,0000,000000,KARNATAKA,Gulbarga,VILLAGE,Devnoor,Rural,325,1665,861,804,236,127,109,399,210,189,1,1,0,674,414,260,991,447,544,901,466,435,877,457,420,521,309,212,270,123,147,6,5,1,80,20,60,24,9,15,10,6,4,3,0,3,2,0,2,9,3,6,22,9,13,10,6,4,2,0,2,2,0,2,8,3,5,2,0,2,0,0,0,1,0,1,0,0,0,1,0,1,764,395,369
29,579,0152,620552,0000,000000,KARNATAKA,Gulbarga,VILLAGE,Gudanhalli,Rural,204,1160,580,580,180,91,89,206,99,107,0,0,0,525,335,190,635,245,390,619,313,306,618,312,306,265,168,97,304,116,188,4,2,2,45,26,19,1,1,0,1,1,0,0,0,0,0,0,0,0,0,0,1,1,0,1,1,0,0,0,0,0,0,0,0,0,0,0,0,0,0,0,0,0,0,0,0,0,0,0,0,0,541,267,274
29,579,0152,620553,0000,000000,KARNATAKA,Gulbarga,VILLAGE,Hulgoal,Rural,299,1453,709,744,234,121,113,211,102,109,0,0,0,610,367,243,843,342,501,748,374,374,673,342,331,263,141,122,269,72,197,0,0,0,141,129,12,75,32,43,22,10,12,34,6,28,0,0,0,19,16,3,73,32,41,21,10,11,33,6,27,0,0,0,19,16,3,2,0,2,1,0,1,1,0,1,0,0,0,0,0,0,705,335,370
29,579,0152,620554,0000,000000,KARNATAKA,Gulbarga,VILLAGE,Handerki,Rural,719,4002,1995,2007,646,323,323,969,494,475,365,181,184,1494,884,610,2508,1111,1397,1803,1126,677,1048,798,250,318,291,27,483,315,168,5,3,2,242,189,53,755,328,427,97,20,77,523,238,285,1,1,0,134,69,65,684,308,376,86,19,67,477,225,252,0,0,0,121,64,57,71,20,51,11,1,10,46,13,33,1,1,0,13,5,8,2199,869,1330
29,579,0152,620555,0000,000000,KARNATAKA,Gulbarga,VILLAGE,Nachawar,Rural,434,2315,1176,1139,461,236,225,365,193,172,0,0,0,759,474,285,1556,702,854,1213,636,577,974,601,373,336,279,57,587,283,304,16,12,4,35,27,8,239,35,204,3,0,3,31,26,5,203,9,194,2,0,2,239,35,204,3,0,3,31,26,5,203,9,194,2,0,2,0,0,0,0,0,0,0,0,0,0,0,0,0,0,0,1102,540,562
29,579,0152,620556,0000,000000,KARNATAKA,Gulbarga,VILLAGE,Bilkal,Rural,113,677,338,339,93,38,55,156,79,77,0,0,0,273,175,98,404,163,241,431,218,213,329,204,125,180,172,8,121,9,112,3,3,0,25,20,5,102,14,88,1,0,1,7,2,5,0,0,0,94,12,82,102,14,88,1,0,1,7,2,5,0,0,0,94,12,82,0,0,0,0,0,0,0,0,0,0,0,0,0,0,0,246,120,126
29,579,0152,620557,0000,000000,KARNATAKA,Gulbarga,VILLAGE,Dugnoor,Rural,501,2755,1358,1397,437,216,221,773,393,380,26,15,11,1091,675,416,1664,683,981,1421,746,675,1403,736,667,452,438,14,817,200,617,22,17,5,112,81,31,18,10,8,0,0,0,4,2,2,2,0,2,12,8,4,14,7,7,0,0,0,4,2,2,1,0,1,9,5,4,4,3,1,0,0,0,0,0,0,1,0,1,3,3,0,1334,612,722
29,579,0152,620558,0000,000000,KARNATAKA,Gulbarga,VILLAGE,Kolkunda,Rural,943,5176,2587,2589,801,385,416,2404,1231,1173,32,15,17,1816,1127,689,3360,1460,1900,2521,1418,1103,1756,1147,609,455,404,51,868,419,449,33,26,7,400,298,102,765,271,494,42,24,18,560,155,405,10,3,7,153,89,64,688,253,435,41,24,17,501,142,359,7,2,5,139,85,54,77,18,59,1,0,1,59,13,46,3,1,2,14,4,10,2655,1169,1486
29,579,0152,620559,0000,000000,KARNATAKA,Gulbarga,VILLAGE,Malkapalli,Rural,452,2323,1122,1201,302,152,150,605,300,305,1,1,0,694,429,265,1629,693,936,1379,692,687,1323,661,662,304,154,150,908,429,479,5,4,1,106,74,32,56,31,25,2,1,1,13,3,10,3,1,2,38,26,12,47,29,18,2,1,1,9,3,6,2,1,1,34,24,10,9,2,7,0,0,0,4,0,4,1,0,1,4,2,2,944,430,514
29,579,0152,620560,0000,000000,KARNATAKA,Gulbarga,VILLAGE,Kadcharla,Rural,405,1989,931,1058,298,141,157,744,353,391,1,0,1,816,467,349,1173,464,709,1074,519,555,1033,501,532,215,178,37,704,264,440,6,5,1,108,54,54,41,18,23,2,1,1,23,8,15,0,0,0,16,9,7,40,18,22,2,1,1,23,8,15,0,0,0,15,9,6,1,0,1,0,0,0,0,0,0,0,0,0,1,0,1,915,412,503
29,579,0152,620561,0000,000000,KARNATAKA,Gulbarga,VILLAGE,Mudhole,Rural,1861,9349,4668,4681,1249,628,621,2573,1301,1272,59,27,32,4701,2771,1930,4648,1897,2751,4329,2529,1800,3057,2087,970,756,697,59,830,380,450,37,27,10,1434,983,451,1272,442,830,29,20,9,553,168,385,53,14,39,637,240,397,1203,431,772,28,19,9,533,166,367,31,13,18,611,233,378,69,11,58,1,1,0,20,2,18,22,1,21,26,7,19,5020,2139,2881
29,579,0152,620562,0000,000000,KARNATAKA,Gulbarga,VILLAGE,Kadlapur,Rural,177,959,497,462,123,75,48,393,216,177,0,0,0,399,241,158,560,256,304,547,285,262,469,278,191,217,204,13,233,61,172,3,1,2,16,12,4,78,7,71,0,0,0,60,3,57,0,0,0,18,4,14,74,5,69,0,0,0,58,2,56,0,0,0,16,3,13,4,2,2,0,0,0,2,1,1,0,0,0,2,1,1,412,212,200
29,579,0152,620563,0000,000000,KARNATAKA,Gulbarga,VILLAGE,Khanderayanpalli,Rural,229,1113,553,560,161,85,76,434,222,212,1,0,1,400,245,155,713,308,405,675,329,346,537,307,230,114,103,11,351,158,193,28,21,7,44,25,19,138,22,116,7,3,4,123,14,109,5,3,2,3,2,1,138,22,116,7,3,4,123,14,109,5,3,2,3,2,1,0,0,0,0,0,0,0,0,0,0,0,0,0,0,0,438,224,214
29,579,0152,620564,0000,000000,KARNATAKA,Gulbarga,VILLAGE,Ribbanpalli,Rural,394,1846,904,942,218,125,93,247,112,135,0,0,0,710,419,291,1136,485,651,993,519,474,772,419,353,154,148,6,564,235,329,4,3,1,50,33,17,221,100,121,16,7,9,18,6,12,2,1,1,185,86,99,220,100,120,16,7,9,17,6,11,2,1,1,185,86,99,1,0,1,0,0,0,1,0,1,0,0,0,0,0,0,853,385,468
29,579,0152,620565,0000,000000,KARNATAKA,Gulbarga,VILLAGE,Silarkot,Rural,509,2757,1355,1402,370,200,170,680,329,351,3,2,1,1060,643,417,1697,712,985,964,717,247,706,602,104,458,400,58,101,97,4,1,1,0,146,104,42,258,115,143,8,0,8,30,10,20,1,1,0,219,104,115,237,105,132,8,0,8,28,8,20,1,1,0,200,96,104,21,10,11,0,0,0,2,2,0,0,0,0,19,8,11,1793,638,1155
29,579,0152,620566,0000,000000,KARNATAKA,Gulbarga,VILLAGE,Nadepalli,Rural,428,2472,1233,1239,384,195,189,579,293,286,0,0,0,1027,621,406,1445,612,833,1272,688,584,832,597,235,341,331,10,316,125,191,0,0,0,175,141,34,440,91,349,3,1,2,397,65,332,2,0,2,38,25,13,430,87,343,2,1,1,389,62,327,2,0,2,37,24,13,10,4,6,1,0,1,8,3,5,0,0,0,1,1,0,1200,545,655
29,579,0152,620567,0000,000000,KARNATAKA,Gulbarga,VILLAGE,Kadtal,Rural,199,1019,504,515,139,62,77,555,273,282,0,0,0,446,271,175,573,233,340,611,325,286,259,177,82,108,88,20,83,36,47,34,31,3,34,22,12,352,148,204,7,7,0,18,6,12,200,74,126,127,61,66,266,94,172,7,7,0,14,4,10,182,64,118,63,19,44,86,54,32,0,0,0,4,2,2,18,10,8,64,42,22,408,179,229
29,579,0152,620568,0000,000000,KARNATAKA,Gulbarga,VILLAGE,Kompalli,Rural,0,0,0,0,0,0,0,0,0,0,0,0,0,0,0,0,0,0,0,0,0,0,0,0,0,0,0,0,0,0,0,0,0,0,0,0,0,0,0,0,0,0,0,0,0,0,0,0,0,0,0,0,0,0,0,0,0,0,0,0,0,0,0,0,0,0,0,0,0,0,0,0,0,0,0,0,0,0,0,0,0,0,0,0,0
29,579,0152,620569,0000,000000,KARNATAKA,Gulbarga,VILLAGE,Gajalapur,Rural,21,108,61,47,13,10,3,108,61,47,0,0,0,41,28,13,67,33,34,32,29,3,25,25,0,15,15,0,7,7,0,0,0,0,3,3,0,7,4,3,0,0,0,0,0,0,0,0,0,7,4,3,7,4,3,0,0,0,0,0,0,0,0,0,7,4,3,0,0,0,0,0,0,0,0,0,0,0,0,0,0,0,76,32,44
29,579,0152,620570,0000,000000,KARNATAKA,Gulbarga,VILLAGE,Medak,Rural,461,2405,1199,1206,342,170,172,791,396,395,0,0,0,872,551,321,1533,648,885,1175,677,498,670,486,184,195,167,28,346,217,129,3,3,0,126,99,27,505,191,314,9,4,5,418,130,288,4,1,3,74,56,18,466,167,299,7,3,4,395,116,279,3,1,2,61,47,14,39,24,15,2,1,1,23,14,9,1,0,1,13,9,4,1230,522,708
29,579,0152,620571,0000,000000,KARNATAKA,Gulbarga,VILLAGE,Shahabajpur,Rural,0,0,0,0,0,0,0,0,0,0,0,0,0,0,0,0,0,0,0,0,0,0,0,0,0,0,0,0,0,0,0,0,0,0,0,0,0,0,0,0,0,0,0,0,0,0,0,0,0,0,0,0,0,0,0,0,0,0,0,0,0,0,0,0,0,0,0,0,0,0,0,0,0,0,0,0,0,0,0,0,0,0,0,0,0
29,579,0152,620572,0000,000000,KARNATAKA,Gulbarga,VILLAGE,Shankerajpur,Rural,113,695,340,355,104,47,57,236,109,127,0,0,0,266,161,105,429,179,250,353,190,163,341,184,157,124,118,6,193,50,143,1,1,0,23,15,8,12,6,6,0,0,0,8,4,4,0,0,0,4,2,2,12,6,6,0,0,0,8,4,4,0,0,0,4,2,2,0,0,0,0,0,0,0,0,0,0,0,0,0,0,0,342,150,192
29,579,0152,620573,0000,000000,KARNATAKA,Gulbarga,VILLAGE,Pakhal,Rural,182,1022,526,496,120,62,58,190,94,96,0,0,0,390,262,128,632,264,368,636,333,303,311,284,27,289,266,23,1,1,0,1,1,0,20,16,4,325,49,276,306,43,263,8,1,7,0,0,0,11,5,6,325,49,276,306,43,263,8,1,7,0,0,0,11,5,6,0,0,0,0,0,0,0,0,0,0,0,0,0,0,0,386,193,193
29,579,0152,620574,0000,000000,KARNATAKA,Gulbarga,VILLAGE,Chandapur,Rural,486,2391,1217,1174,316,149,167,849,422,427,20,14,6,917,586,331,1474,631,843,1393,719,674,1362,709,653,115,101,14,1089,504,585,21,16,5,137,88,49,31,10,21,0,0,0,17,1,16,2,2,0,12,7,5,30,9,21,0,0,0,17,1,16,1,1,0,12,7,5,1,1,0,0,0,0,0,0,0,1,1,0,0,0,0,998,498,500
29,579,0152,620575,0000,000000,KARNATAKA,Gulbarga,VILLAGE,Venkatapur,Rural,207,1089,576,513,137,87,50,635,346,289,1,1,0,411,269,142,678,307,371,597,299,298,565,291,274,168,159,9,338,88,250,6,4,2,53,40,13,32,8,24,2,2,0,28,5,23,0,0,0,2,1,1,30,7,23,1,1,0,28,5,23,0,0,0,1,1,0,2,1,1,1,1,0,0,0,0,0,0,0,1,0,1,492,277,215
29,579,0152,620576,0000,000000,KARNATAKA,Gulbarga,VILLAGE,Gaddanna,Rural,207,1062,534,528,168,80,88,273,139,134,150,66,84,403,252,151,659,282,377,569,293,276,388,255,133,193,173,20,119,33,86,13,10,3,63,39,24,181,38,143,3,2,1,154,27,127,4,2,2,20,7,13,180,38,142,3,2,1,154,27,127,4,2,2,19,7,12,1,0,1,0,0,0,0,0,0,0,0,0,1,0,1,493,241,252
29,579,0152,620577,0000,000000,KARNATAKA,Gulbarga,VILLAGE,Motakpalli,Rural,429,2117,1047,1070,234,113,121,529,247,282,43,25,18,962,561,401,1155,486,669,1057,626,431,724,519,205,478,330,148,63,43,20,9,6,3,174,140,34,333,107,226,5,2,3,277,64,213,3,2,1,48,39,9,305,90,215,2,1,1,265,60,205,2,2,0,36,27,9,28,17,11,3,1,2,12,4,8,1,0,1,12,12,0,1060,421,639
29,579,0152,620578,0000,000000,KARNATAKA,Gulbarga,VILLAGE,Kishtapur,Rural,162,943,492,451,92,49,43,293,146,147,0,0,0,463,297,166,480,195,285,507,282,225,287,249,38,103,93,10,113,99,14,2,2,0,69,55,14,220,33,187,1,0,1,197,23,174,0,0,0,22,10,12,95,20,75,0,0,0,84,13,71,0,0,0,11,7,4,125,13,112,1,0,1,113,10,103,0,0,0,11,3,8,436,210,226
29,579,0152,620579,0000,000000,KARNATAKA,Gulbarga,VILLAGE,Tolmamadi,Rural,139,765,369,396,90,38,52,164,75,89,0,0,0,357,221,136,408,148,260,410,204,206,199,180,19,63,59,4,125,117,8,0,0,0,11,4,7,211,24,187,7,0,7,188,21,167,0,0,0,16,3,13,204,24,180,5,0,5,184,21,163,0,0,0,15,3,12,7,0,7,2,0,2,4,0,4,0,0,0,1,0,1,355,165,190
29,579,0152,620580,0000,000000,KARNATAKA,Gulbarga,VILLAGE,Gangarawalpalli,Rural,171,899,441,458,94,48,46,363,181,182,0,0,0,520,287,233,379,154,225,519,273,246,518,273,245,295,216,79,207,43,164,8,8,0,8,6,2,1,0,1,1,0,1,0,0,0,0,0,0,0,0,0,1,0,1,1,0,1,0,0,0,0,0,0,0,0,0,0,0,0,0,0,0,0,0,0,0,0,0,0,0,0,380,168,212
29,579,0152,620581,0000,000000,KARNATAKA,Gulbarga,VILLAGE,Neratalpahad,Rural,0,0,0,0,0,0,0,0,0,0,0,0,0,0,0,0,0,0,0,0,0,0,0,0,0,0,0,0,0,0,0,0,0,0,0,0,0,0,0,0,0,0,0,0,0,0,0,0,0,0,0,0,0,0,0,0,0,0,0,0,0,0,0,0,0,0,0,0,0,0,0,0,0,0,0,0,0,0,0,0,0,0,0,0,0
29,579,0152,620582,0000,000000,KARNATAKA,Gulbarga,VILLAGE,Kanagadda,Rural,517,2538,1267,1271,322,169,153,369,184,185,0,0,0,981,599,382,1557,668,889,1391,701,690,1009,661,348,103,95,8,811,499,312,24,22,2,71,45,26,382,40,342,22,16,6,346,16,330,0,0,0,14,8,6,381,39,342,22,16,6,346,16,330,0,0,0,13,7,6,1,1,0,0,0,0,0,0,0,0,0,0,1,1,0,1147,566,581
29,579,0152,620583,0000,000000,KARNATAKA,Gulbarga,VILLAGE,Guntatipadampalli,Rural,0,0,0,0,0,0,0,0,0,0,0,0,0,0,0,0,0,0,0,0,0,0,0,0,0,0,0,0,0,0,0,0,0,0,0,0,0,0,0,0,0,0,0,0,0,0,0,0,0,0,0,0,0,0,0,0,0,0,0,0,0,0,0,0,0,0,0,0,0,0,0,0,0,0,0,0,0,0,0,0,0,0,0,0,0
29,579,0152,620584,0000,000000,KARNATAKA,Gulbarga,VILLAGE,Shaklatpalli,Rural,313,1654,818,836,202,104,98,484,233,251,0,0,0,762,457,305,892,361,531,815,458,357,257,227,30,182,170,12,35,25,10,4,3,1,36,29,7,558,231,327,13,9,4,509,203,306,3,1,2,33,18,15,507,208,299,13,9,4,458,180,278,3,1,2,33,18,15,51,23,28,0,0,0,51,23,28,0,0,0,0,0,0,839,360,479
29,579,0152,620585,0000,000000,KARNATAKA,Gulbarga,VILLAGE,Itkal,Rural,876,4760,2365,2395,629,316,313,1261,633,628,4,2,2,2186,1356,830,2574,1009,1565,2507,1283,1224,1613,1073,540,664,640,24,582,174,408,13,9,4,354,250,104,894,210,684,31,19,12,791,140,651,11,9,2,61,42,19,864,204,660,30,19,11,766,137,629,10,8,2,58,40,18,30,6,24,1,0,1,25,3,22,1,1,0,3,2,1,2253,1082,1171
29,579,0152,620586,0000,000000,KARNATAKA,Gulbarga,VILLAGE,Buragpalli,Rural,496,2674,1341,1333,335,171,164,819,422,397,5,1,4,1235,736,499,1439,605,834,1349,741,608,562,468,94,366,319,47,83,54,29,0,0,0,113,95,18,787,273,514,9,5,4,738,241,497,7,7,0,33,20,13,757,264,493,9,5,4,715,236,479,6,6,0,27,17,10,30,9,21,0,0,0,23,5,18,1,1,0,6,3,3,1325,600,725
29,579,0152,620587,0000,000000,KARNATAKA,Gulbarga,VILLAGE,Yenagundi,Rural,248,1287,646,641,170,85,85,262,135,127,2,2,0,586,376,210,701,270,431,660,378,282,486,336,150,205,199,6,110,14,96,0,0,0,171,123,48,174,42,132,16,5,11,124,15,109,0,0,0,34,22,12,63,33,30,4,1,3,33,12,21,0,0,0,26,20,6,111,9,102,12,4,8,91,3,88,0,0,0,8,2,6,627,268,359
29,579,0152,620588,0000,000000,KARNATAKA,Gulbarga,TOWN,Kurgunta (CT),Urban,1313,6472,3204,3268,799,386,413,2294,1136,1158,51,22,29,3417,2031,1386,3055,1173,1882,2847,1825,1022,2070,1482,588,171,146,25,697,396,301,22,18,4,1180,922,258,777,343,434,9,6,3,336,121,215,10,4,6,422,212,210,739,318,421,9,6,3,334,121,213,10,4,6,386,187,199,38,25,13,0,0,0,2,0,2,0,0,0,36,25,11,3625,1379,2246
29,579,0153,000000,0000,000000,KARNATAKA,Gulbarga,CD BLOCK,Chitapur ,Total,49614,282292,141210,141082,43195,22218,20977,85912,43201,42711,5333,2683,2650,128544,76141,52403,153748,65069,88679,126870,75341,51529,95833,62013,33820,29584,22740,6844,35742,17683,18059,1859,1244,615,28648,20346,8302,31037,13328,17709,1678,761,917,17152,6159,10993,1317,595,722,10890,5813,5077,27116,11517,15599,1416,671,745,15967,5748,10219,974,449,525,8759,4649,4110,3921,1811,2110,262,90,172,1185,411,774,343,146,197,2131,1164,967,155422,65869,89553
29,579,0153,000000,0000,000000,KARNATAKA,Gulbarga,CD BLOCK,Chitapur ,Rural,47840,273639,136920,136719,42080,21674,20406,83913,42198,41715,5261,2648,2613,123002,73005,49997,150637,63915,86722,123722,73163,50559,93254,60149,33105,29533,22697,6836,35373,17437,17936,1829,1227,602,26519,18788,7731,30468,13014,17454,1674,759,915,17040,6129,10911,1311,592,719,10443,5534,4909,26574,11224,15350,1412,669,743,15860,5719,10141,968,446,522,8334,4390,3944,3894,1790,2104,262,90,172,1180,410,770,343,146,197,2109,1144,965,149917,63757,86160
29,579,0153,000000,0000,000000,KARNATAKA,Gulbarga,CD BLOCK,Chitapur ,Urban,1774,8653,4290,4363,1115,544,571,1999,1003,996,72,35,37,5542,3136,2406,3111,1154,1957,3148,2178,970,2579,1864,715,51,43,8,369,246,123,30,17,13,2129,1558,571,569,314,255,4,2,2,112,30,82,6,3,3,447,279,168,542,293,249,4,2,2,107,29,78,6,3,3,425,259,166,27,21,6,0,0,0,5,1,4,0,0,0,22,20,2,5505,2112,3393
29,579,0153,620589,0000,000000,KARNATAKA,Gulbarga,VILLAGE,Kannadgi,Rural,0,0,0,0,0,0,0,0,0,0,0,0,0,0,0,0,0,0,0,0,0,0,0,0,0,0,0,0,0,0,0,0,0,0,0,0,0,0,0,0,0,0,0,0,0,0,0,0,0,0,0,0,0,0,0,0,0,0,0,0,0,0,0,0,0,0,0,0,0,0,0,0,0,0,0,0,0,0,0,0,0,0,0,0,0
29,579,0153,620590,0000,000000,KARNATAKA,Gulbarga,VILLAGE,Herur (K),Rural,185,970,492,478,127,62,65,295,153,142,0,0,0,467,296,171,503,196,307,441,248,193,193,128,65,159,103,56,7,5,2,0,0,0,27,20,7,248,120,128,6,1,5,234,116,118,3,0,3,5,3,2,244,118,126,6,1,5,231,114,117,3,0,3,4,3,1,4,2,2,0,0,0,3,2,1,0,0,0,1,0,1,529,244,285
29,579,0153,620591,0000,000000,KARNATAKA,Gulbarga,VILLAGE,Watwati,Rural,150,857,428,429,122,65,57,388,202,186,0,0,0,448,263,185,409,165,244,339,212,127,243,161,82,156,116,40,83,43,40,0,0,0,4,2,2,96,51,45,12,6,6,84,45,39,0,0,0,0,0,0,96,51,45,12,6,6,84,45,39,0,0,0,0,0,0,0,0,0,0,0,0,0,0,0,0,0,0,0,0,0,518,216,302
29,579,0153,620592,0000,000000,KARNATAKA,Gulbarga,VILLAGE,Arankal,Rural,788,4845,2413,2432,804,401,403,2552,1287,1265,4,3,1,2005,1203,802,2840,1210,1630,2063,1245,818,1363,933,430,508,474,34,659,311,348,12,10,2,184,138,46,700,312,388,262,39,223,305,208,97,3,1,2,130,64,66,543,277,266,137,22,115,303,207,96,2,1,1,101,47,54,157,35,122,125,17,108,2,1,1,1,0,1,29,17,12,2782,1168,1614
29,579,0153,620593,0000,000000,KARNATAKA,Gulbarga,VILLAGE,Revai,Rural,225,1273,630,643,197,101,96,162,75,87,68,39,29,781,437,344,492,193,299,401,336,65,386,332,54,155,151,4,23,14,9,5,3,2,203,164,39,15,4,11,5,0,5,1,1,0,0,0,0,9,3,6,14,4,10,4,0,4,1,1,0,0,0,0,9,3,6,1,0,1,1,0,1,0,0,0,0,0,0,0,0,0,872,294,578
29,579,0153,620594,0000,000000,KARNATAKA,Gulbarga,VILLAGE,Mavinsur,Rural,18,121,69,52,22,13,9,108,63,45,0,0,0,62,39,23,59,30,29,65,34,31,63,34,29,32,18,14,10,6,4,0,0,0,21,10,11,2,0,2,1,0,1,0,0,0,0,0,0,1,0,1,2,0,2,1,0,1,0,0,0,0,0,0,1,0,1,0,0,0,0,0,0,0,0,0,0,0,0,0,0,0,56,35,21
29,579,0153,620595,0000,000000,KARNATAKA,Gulbarga,VILLAGE,Bhedsur,Rural,419,2377,1177,1200,359,182,177,1304,653,651,1,0,1,933,553,380,1444,624,820,1291,679,612,962,555,407,360,202,158,404,199,205,10,5,5,188,149,39,329,124,205,18,10,8,268,88,180,4,2,2,39,24,15,324,123,201,17,10,7,265,88,177,4,2,2,38,23,15,5,1,4,1,0,1,3,0,3,0,0,0,1,1,0,1086,498,588
29,579,0153,620596,0000,000000,KARNATAKA,Gulbarga,VILLAGE,Sanjay Nagar,Rural,164,1225,612,613,252,119,133,1225,612,613,0,0,0,430,280,150,795,332,463,627,337,290,623,336,287,73,38,35,512,269,243,0,0,0,38,29,9,4,1,3,0,0,0,2,0,2,0,0,0,2,1,1,4,1,3,0,0,0,2,0,2,0,0,0,2,1,1,0,0,0,0,0,0,0,0,0,0,0,0,0,0,0,598,275,323
29,579,0153,620597,0000,000000,KARNATAKA,Gulbarga,VILLAGE,Kandagol,Rural,296,1686,843,843,210,119,91,365,172,193,285,143,142,958,551,407,728,292,436,857,442,415,391,298,93,214,185,29,43,17,26,2,1,1,132,95,37,466,144,322,12,8,4,388,105,283,7,1,6,59,30,29,457,141,316,11,8,3,383,105,278,7,1,6,56,27,29,9,3,6,1,0,1,5,0,5,0,0,0,3,3,0,829,401,428
29,579,0153,620598,0000,000000,KARNATAKA,Gulbarga,VILLAGE,Shelgi,Rural,175,1222,615,607,170,77,93,354,177,177,1,1,0,615,372,243,607,243,364,507,358,149,198,158,40,135,109,26,9,7,2,10,9,1,44,33,11,309,200,109,10,5,5,268,170,98,3,3,0,28,22,6,305,200,105,10,5,5,264,170,94,3,3,0,28,22,6,4,0,4,0,0,0,4,0,4,0,0,0,0,0,0,715,257,458
29,579,0153,620599,0000,000000,KARNATAKA,Gulbarga,VILLAGE,Kalhipperga,Rural,208,1193,613,580,142,79,63,199,99,100,1,1,0,726,428,298,467,185,282,611,332,279,493,307,186,158,126,32,205,77,128,6,4,2,124,100,24,118,25,93,5,2,3,94,10,84,6,3,3,13,10,3,55,23,32,5,2,3,34,9,25,4,2,2,12,10,2,63,2,61,0,0,0,60,1,59,2,1,1,1,0,1,582,281,301
29,579,0153,620600,0000,000000,KARNATAKA,Gulbarga,VILLAGE,Hulgera,Rural,309,1937,993,944,245,125,120,282,126,156,6,2,4,1120,679,441,817,314,503,1058,527,531,295,251,44,129,114,15,46,36,10,11,11,0,109,90,19,763,276,487,13,7,6,139,68,71,16,12,4,595,189,406,676,255,421,12,7,5,139,68,71,16,12,4,509,168,341,87,21,66,1,0,1,0,0,0,0,0,0,86,21,65,879,466,413
29,579,0153,620601,0000,000000,KARNATAKA,Gulbarga,VILLAGE,Banbi,Rural,126,700,355,345,102,62,40,52,24,28,0,0,0,340,200,140,360,155,205,421,213,208,99,46,53,29,17,12,38,18,20,4,2,2,28,9,19,322,167,155,26,12,14,33,16,17,16,9,7,247,130,117,262,137,125,23,11,12,22,11,11,7,4,3,210,111,99,60,30,30,3,1,2,11,5,6,9,5,4,37,19,18,279,142,137
29,579,0153,620602,0000,000000,KARNATAKA,Gulbarga,VILLAGE,Chincholi (H),Rural,549,3560,1747,1813,569,309,260,1239,623,616,278,147,131,1451,834,617,2109,913,1196,1633,977,656,923,654,269,392,313,79,302,213,89,77,38,39,152,90,62,710,323,387,19,10,9,406,188,218,37,14,23,248,111,137,705,319,386,19,10,9,406,188,218,36,13,23,244,108,136,5,4,1,0,0,0,0,0,0,1,1,0,4,3,1,1927,770,1157
29,579,0153,620603,0000,000000,KARNATAKA,Gulbarga,VILLAGE,Sugur (K),Rural,395,2230,1103,1127,312,168,144,1157,588,569,0,0,0,1025,587,438,1205,516,689,1053,601,452,929,541,388,451,250,201,287,138,149,11,10,1,180,143,37,124,60,64,6,1,5,87,40,47,6,3,3,25,16,9,108,49,59,6,1,5,83,37,46,1,0,1,18,11,7,16,11,5,0,0,0,4,3,1,5,3,2,7,5,2,1177,502,675
29,579,0153,620604,0000,000000,KARNATAKA,Gulbarga,VILLAGE,Gotur,Rural,403,2152,1063,1089,265,144,121,449,218,231,19,10,9,1165,659,506,987,404,583,800,555,245,689,509,180,242,201,41,296,181,115,11,10,1,140,117,23,111,46,65,6,3,3,98,38,60,0,0,0,7,5,2,110,46,64,6,3,3,97,38,59,0,0,0,7,5,2,1,0,1,0,0,0,1,0,1,0,0,0,0,0,0,1352,508,844
29,579,0153,620605,0000,000000,KARNATAKA,Gulbarga,VILLAGE,Kalgi,Rural,1564,9144,4596,4548,1358,702,656,3580,1848,1732,63,30,33,4716,2714,2002,4428,1882,2546,3914,2394,1520,3087,1944,1143,754,634,120,520,296,224,103,42,61,1710,972,738,827,450,377,31,23,8,234,107,127,47,24,23,515,296,219,766,419,347,31,23,8,225,105,120,38,21,17,472,270,202,61,31,30,0,0,0,9,2,7,9,3,6,43,26,17,5230,2202,3028
29,579,0153,620606,0000,000000,KARNATAKA,Gulbarga,VILLAGE,Bharatnoor,Rural,159,842,427,415,92,52,40,201,102,99,1,1,0,563,325,238,279,102,177,423,229,194,273,176,97,64,51,13,122,56,66,1,1,0,86,68,18,150,53,97,1,1,0,1,1,0,0,0,0,148,51,97,143,51,92,1,1,0,1,1,0,0,0,0,141,49,92,7,2,5,0,0,0,0,0,0,0,0,0,7,2,5,419,198,221
29,579,0153,620607,0000,000000,KARNATAKA,Gulbarga,VILLAGE,Rajapur,Rural,400,2020,994,1026,297,145,152,229,111,118,4,2,2,830,485,345,1190,509,681,1095,569,526,712,465,247,214,198,16,330,137,193,50,43,7,118,87,31,383,104,279,20,9,11,70,21,49,160,40,120,133,34,99,302,86,216,16,7,9,52,16,36,145,31,114,89,32,57,81,18,63,4,2,2,18,5,13,15,9,6,44,2,42,925,425,500
29,579,0153,620608,0000,000000,KARNATAKA,Gulbarga,VILLAGE,Donnur,Rural,149,880,439,441,147,75,72,292,160,132,4,2,2,420,255,165,460,184,276,295,212,83,108,89,19,93,76,17,4,3,1,2,2,0,9,8,1,187,123,64,6,0,6,43,22,21,34,26,8,104,75,29,108,70,38,5,0,5,22,11,11,32,24,8,49,35,14,79,53,26,1,0,1,21,11,10,2,2,0,55,40,15,585,227,358
29,579,0153,620609,0000,000000,KARNATAKA,Gulbarga,VILLAGE,Arjamga,Rural,287,1691,850,841,257,139,118,285,147,138,10,5,5,845,491,354,846,359,487,933,496,437,688,416,272,186,133,53,349,162,187,7,7,0,146,114,32,245,80,165,3,1,2,156,46,110,6,3,3,80,30,50,175,57,118,2,0,2,123,38,85,4,1,3,46,18,28,70,23,47,1,1,0,33,8,25,2,2,0,34,12,22,758,354,404
29,579,0153,620610,0000,000000,KARNATAKA,Gulbarga,VILLAGE,Tengli,Rural,925,4797,2351,2446,728,396,332,1197,584,613,163,84,79,2577,1468,1109,2220,883,1337,2242,1309,933,2071,1174,897,430,282,148,1281,623,658,35,21,14,325,248,77,171,135,36,7,2,5,87,75,12,5,5,0,72,53,19,161,126,35,7,2,5,85,73,12,5,5,0,64,46,18,10,9,1,0,0,0,2,2,0,0,0,0,8,7,1,2555,1042,1513
29,579,0153,620611,0000,000000,KARNATAKA,Gulbarga,VILLAGE,Salhalli,Rural,270,1612,815,797,262,155,107,363,191,172,0,0,0,745,438,307,867,377,490,742,438,304,742,438,304,653,391,262,27,11,16,5,5,0,57,31,26,0,0,0,0,0,0,0,0,0,0,0,0,0,0,0,0,0,0,0,0,0,0,0,0,0,0,0,0,0,0,0,0,0,0,0,0,0,0,0,0,0,0,0,0,0,870,377,493
29,579,0153,620612,0000,000000,KARNATAKA,Gulbarga,VILLAGE,Kodadur,Rural,636,3537,1810,1727,515,281,234,1519,792,727,15,7,8,1786,1063,723,1751,747,1004,1750,970,780,1405,854,551,354,264,90,684,333,351,56,32,24,311,225,86,345,116,229,22,13,9,146,16,130,46,22,24,131,65,66,281,91,190,19,11,8,133,16,117,23,9,14,106,55,51,64,25,39,3,2,1,13,0,13,23,13,10,25,10,15,1787,840,947
29,579,0153,620613,0000,000000,KARNATAKA,Gulbarga,VILLAGE,Malag (K),Rural,231,1246,605,641,144,71,73,244,114,130,0,0,0,724,406,318,522,199,323,723,369,354,253,209,44,218,183,35,17,15,2,2,2,0,16,9,7,470,160,310,5,2,3,462,156,306,0,0,0,3,2,1,469,160,309,5,2,3,461,156,305,0,0,0,3,2,1,1,0,1,0,0,0,1,0,1,0,0,0,0,0,0,523,236,287
29,579,0153,620614,0000,000000,KARNATAKA,Gulbarga,VILLAGE,Mangalgi,Rural,608,3424,1699,1725,489,233,256,506,243,263,3,2,1,1663,961,702,1761,738,1023,1613,883,730,1217,719,498,648,422,226,340,120,220,36,25,11,193,152,41,396,164,232,16,11,5,324,115,209,13,5,8,43,33,10,389,160,229,16,11,5,321,114,207,13,5,8,39,30,9,7,4,3,0,0,0,3,1,2,0,0,0,4,3,1,1811,816,995
29,579,0153,620615,0000,000000,KARNATAKA,Gulbarga,VILLAGE,Nippani,Rural,263,1412,738,674,207,107,100,197,101,96,0,0,0,758,464,294,654,274,380,398,377,21,385,365,20,173,162,11,121,116,5,5,5,0,86,82,4,13,12,1,1,1,0,0,0,0,0,0,0,12,11,1,6,5,1,0,0,0,0,0,0,0,0,0,6,5,1,7,7,0,1,1,0,0,0,0,0,0,0,6,6,0,1014,361,653
29,579,0153,620616,0000,000000,KARNATAKA,Gulbarga,VILLAGE,Savathkhed,Rural,167,1007,497,510,144,69,75,460,219,241,0,0,0,664,379,285,343,118,225,290,256,34,247,216,31,97,87,10,91,73,18,1,1,0,58,55,3,43,40,3,2,1,1,25,24,1,0,0,0,16,15,1,43,40,3,2,1,1,25,24,1,0,0,0,16,15,1,0,0,0,0,0,0,0,0,0,0,0,0,0,0,0,717,241,476
29,579,0153,620617,0000,000000,KARNATAKA,Gulbarga,VILLAGE,Jeevanmardgi,Rural,85,498,232,266,73,34,39,219,98,121,0,0,0,279,149,130,219,83,136,271,150,121,265,145,120,33,32,1,171,70,101,7,2,5,54,41,13,6,5,1,0,0,0,5,4,1,0,0,0,1,1,0,5,4,1,0,0,0,4,3,1,0,0,0,1,1,0,1,1,0,0,0,0,1,1,0,0,0,0,0,0,0,227,82,145
29,579,0153,620618,0000,000000,KARNATAKA,Gulbarga,VILLAGE,Tonchi,Rural,114,539,264,275,66,33,33,101,52,49,0,0,0,275,161,114,264,103,161,252,125,127,250,124,126,55,54,1,195,70,125,0,0,0,0,0,0,2,1,1,0,0,0,0,0,0,0,0,0,2,1,1,2,1,1,0,0,0,0,0,0,0,0,0,2,1,1,0,0,0,0,0,0,0,0,0,0,0,0,0,0,0,287,139,148
29,579,0153,620619,0000,000000,KARNATAKA,Gulbarga,VILLAGE,Kamaknoor,Rural,198,1124,555,569,168,82,86,241,125,116,21,11,10,543,316,227,581,239,342,518,321,197,444,283,161,100,83,17,128,37,91,5,4,1,211,159,52,74,38,36,0,0,0,13,4,9,0,0,0,61,34,27,73,38,35,0,0,0,13,4,9,0,0,0,60,34,26,1,0,1,0,0,0,0,0,0,0,0,0,1,0,1,606,234,372
29,579,0153,620620,0000,000000,KARNATAKA,Gulbarga,VILLAGE,Hebbal,Rural,688,3487,1733,1754,448,236,212,771,392,379,1,0,1,2029,1147,882,1458,586,872,1900,1019,881,1249,759,490,360,262,98,441,216,225,76,42,34,372,239,133,651,260,391,80,41,39,128,37,91,98,28,70,345,154,191,500,198,302,54,27,27,104,27,77,66,17,49,276,127,149,151,62,89,26,14,12,24,10,14,32,11,21,69,27,42,1587,714,873
29,579,0153,620621,0000,000000,KARNATAKA,Gulbarga,VILLAGE,Bennur (K),Rural,205,1047,495,552,169,80,89,332,149,183,0,0,0,579,324,255,468,171,297,474,253,221,302,171,131,54,53,1,126,31,95,3,2,1,119,85,34,172,82,90,2,2,0,12,9,3,1,1,0,157,70,87,137,56,81,2,2,0,10,8,2,1,1,0,124,45,79,35,26,9,0,0,0,2,1,1,0,0,0,33,25,8,573,242,331
29,579,0153,620622,0000,000000,KARNATAKA,Gulbarga,VILLAGE,Kansoor,Rural,176,882,416,466,93,47,46,201,103,98,0,0,0,545,298,247,337,118,219,339,213,126,224,167,57,48,44,4,123,83,40,2,2,0,51,38,13,115,46,69,2,2,0,105,38,67,1,1,0,7,5,2,90,33,57,0,0,0,85,30,55,1,1,0,4,2,2,25,13,12,2,2,0,20,8,12,0,0,0,3,3,0,543,203,340
29,579,0153,620623,0000,000000,KARNATAKA,Gulbarga,VILLAGE,Malaghan,Rural,281,1880,923,957,309,151,158,654,321,333,187,101,86,847,490,357,1033,433,600,767,485,282,653,421,232,202,170,32,241,122,119,12,8,4,198,121,77,114,64,50,2,2,0,71,35,36,4,1,3,37,26,11,97,54,43,0,0,0,70,34,36,3,1,2,24,19,5,17,10,7,2,2,0,1,1,0,1,0,1,13,7,6,1113,438,675
29,579,0153,620624,0000,000000,KARNATAKA,Gulbarga,VILLAGE,Korwar,Rural,488,2965,1466,1499,435,227,208,1037,504,533,76,39,37,1455,807,648,1510,659,851,1453,795,658,1185,725,460,426,259,167,279,157,122,14,13,1,466,296,170,268,70,198,11,6,5,176,29,147,9,5,4,72,30,42,257,63,194,9,5,4,174,27,147,6,3,3,68,28,40,11,7,4,2,1,1,2,2,0,3,2,1,4,2,2,1512,671,841
29,579,0153,620625,0000,000000,KARNATAKA,Gulbarga,VILLAGE,Hadnoor,Rural,188,1166,580,586,174,80,94,559,278,281,15,10,5,514,315,199,652,265,387,645,339,306,176,118,58,60,49,11,45,9,36,1,1,0,70,59,11,469,221,248,23,16,7,56,9,47,4,1,3,386,195,191,239,117,122,14,10,4,56,9,47,3,1,2,166,97,69,230,104,126,9,6,3,0,0,0,1,0,1,220,98,122,521,241,280
29,579,0153,620626,0000,000000,KARNATAKA,Gulbarga,VILLAGE,Hampapur,Rural,0,0,0,0,0,0,0,0,0,0,0,0,0,0,0,0,0,0,0,0,0,0,0,0,0,0,0,0,0,0,0,0,0,0,0,0,0,0,0,0,0,0,0,0,0,0,0,0,0,0,0,0,0,0,0,0,0,0,0,0,0,0,0,0,0,0,0,0,0,0,0,0,0,0,0,0,0,0,0,0,0,0,0,0,0
29,579,0153,620627,0000,000000,KARNATAKA,Gulbarga,VILLAGE,Wacha,Rural,292,1707,869,838,262,132,130,784,399,385,353,176,177,848,497,351,859,372,487,780,464,316,297,228,69,185,152,33,26,16,10,15,10,5,71,50,21,483,236,247,31,11,20,346,162,184,9,6,3,97,57,40,479,233,246,30,10,20,345,162,183,8,5,3,96,56,40,4,3,1,1,1,0,1,0,1,1,1,0,1,1,0,927,405,522
29,579,0153,620628,0000,000000,KARNATAKA,Gulbarga,VILLAGE,Muchakhed,Rural,119,824,418,406,125,64,61,167,73,94,0,0,0,507,303,204,317,115,202,318,215,103,230,184,46,74,68,6,48,29,19,6,5,1,102,82,20,88,31,57,1,0,1,54,7,47,1,0,1,32,24,8,88,31,57,1,0,1,54,7,47,1,0,1,32,24,8,0,0,0,0,0,0,0,0,0,0,0,0,0,0,0,506,203,303
29,579,0153,620629,0000,000000,KARNATAKA,Gulbarga,VILLAGE,Kalgurthi,Rural,350,2218,1130,1088,317,171,146,644,326,318,12,6,6,1025,600,425,1193,530,663,936,583,353,839,527,312,318,217,101,279,149,130,48,42,6,194,119,75,97,56,41,7,6,1,69,39,30,2,1,1,19,10,9,97,56,41,7,6,1,69,39,30,2,1,1,19,10,9,0,0,0,0,0,0,0,0,0,0,0,0,0,0,0,1282,547,735
29,579,0153,620630,0000,000000,KARNATAKA,Gulbarga,VILLAGE,Indankal,Rural,228,1182,607,575,165,79,86,283,142,141,0,0,0,493,302,191,689,305,384,582,339,243,535,310,225,80,51,29,355,182,173,4,2,2,96,75,21,47,29,18,0,0,0,22,9,13,2,1,1,23,19,4,42,27,15,0,0,0,20,9,11,2,1,1,20,17,3,5,2,3,0,0,0,2,0,2,0,0,0,3,2,1,600,268,332
29,579,0153,620631,0000,000000,KARNATAKA,Gulbarga,VILLAGE,Mattimudu,Rural,275,1327,652,675,207,120,87,379,181,198,0,0,0,724,417,307,603,235,368,615,371,244,555,353,202,156,129,27,295,142,153,8,3,5,96,79,17,60,18,42,2,0,2,44,10,34,0,0,0,14,8,6,59,17,42,2,0,2,43,9,34,0,0,0,14,8,6,1,1,0,0,0,0,1,1,0,0,0,0,0,0,0,712,281,431
29,579,0153,620632,0000,000000,KARNATAKA,Gulbarga,VILLAGE,Mutpa,Rural,262,1581,790,791,304,146,158,382,194,188,52,25,27,791,439,352,790,351,439,648,400,248,117,88,29,65,57,8,35,21,14,4,3,1,13,7,6,531,312,219,37,20,17,385,208,177,3,2,1,106,82,24,530,311,219,37,20,17,385,208,177,3,2,1,105,81,24,1,1,0,0,0,0,0,0,0,0,0,0,1,1,0,933,390,543
29,579,0153,620633,0000,000000,KARNATAKA,Gulbarga,VILLAGE,Madbol,Rural,258,1393,692,701,226,115,111,763,386,377,12,6,6,656,380,276,737,312,425,671,326,345,111,76,35,47,32,15,6,3,3,1,0,1,57,41,16,560,250,310,4,0,4,476,202,274,3,2,1,77,46,31,557,249,308,4,0,4,473,201,272,3,2,1,77,46,31,3,1,2,0,0,0,3,1,2,0,0,0,0,0,0,722,366,356
29,579,0153,620634,0000,000000,KARNATAKA,Gulbarga,VILLAGE,Sangavi,Rural,141,653,338,315,112,66,46,98,55,43,0,0,0,298,174,124,355,164,191,274,164,110,117,90,27,50,50,0,30,5,25,2,2,0,35,33,2,157,74,83,6,3,3,123,44,79,3,3,0,25,24,1,153,70,83,6,3,3,123,44,79,3,3,0,21,20,1,4,4,0,0,0,0,0,0,0,0,0,0,4,4,0,379,174,205
29,579,0153,620635,0000,000000,KARNATAKA,Gulbarga,VILLAGE,Bennur (B),Rural,222,1247,606,641,211,108,103,295,148,147,0,0,0,618,350,268,629,256,373,626,343,283,387,252,135,197,138,59,70,23,47,9,7,2,111,84,27,239,91,148,11,3,8,218,81,137,1,1,0,9,6,3,232,91,141,9,3,6,213,81,132,1,1,0,9,6,3,7,0,7,2,0,2,5,0,5,0,0,0,0,0,0,621,263,358
29,579,0153,620636,0000,000000,KARNATAKA,Gulbarga,VILLAGE,Mugulnagaon,Rural,377,2083,1043,1040,315,157,158,982,497,485,13,5,8,984,587,397,1099,456,643,1000,562,438,938,522,416,375,228,147,418,179,239,6,3,3,139,112,27,62,40,22,0,0,0,51,34,17,0,0,0,11,6,5,61,40,21,0,0,0,51,34,17,0,0,0,10,6,4,1,0,1,0,0,0,0,0,0,0,0,0,1,0,1,1083,481,602
29,579,0153,620637,0000,000000,KARNATAKA,Gulbarga,VILLAGE,Maha Nagar,Rural,150,773,392,381,125,59,66,772,391,381,0,0,0,433,265,168,340,127,213,345,202,143,340,197,143,115,65,50,176,96,80,2,2,0,47,34,13,5,5,0,0,0,0,1,1,0,0,0,0,4,4,0,4,4,0,0,0,0,0,0,0,0,0,0,4,4,0,1,1,0,0,0,0,1,1,0,0,0,0,0,0,0,428,190,238
29,579,0153,620638,0000,000000,KARNATAKA,Gulbarga,VILLAGE,Pethsirur,Rural,439,2467,1234,1233,348,176,172,340,163,177,1,0,1,1325,796,529,1142,438,704,731,605,126,715,598,117,222,217,5,393,301,92,5,4,1,95,76,19,16,7,9,2,1,1,12,5,7,0,0,0,2,1,1,16,7,9,2,1,1,12,5,7,0,0,0,2,1,1,0,0,0,0,0,0,0,0,0,0,0,0,0,0,0,1736,629,1107
29,579,0153,620639,0000,000000,KARNATAKA,Gulbarga,VILLAGE,Belgumpa,Rural,219,1215,607,608,169,83,86,296,141,155,0,0,0,629,384,245,586,223,363,586,360,226,370,257,113,123,96,27,121,60,61,1,1,0,125,100,25,216,103,113,1,0,1,211,99,112,0,0,0,4,4,0,216,103,113,1,0,1,211,99,112,0,0,0,4,4,0,0,0,0,0,0,0,0,0,0,0,0,0,0,0,0,629,247,382
29,579,0153,620640,0000,000000,KARNATAKA,Gulbarga,VILLAGE,Gundagurthi,Rural,553,2900,1486,1414,370,198,172,574,288,286,8,5,3,1545,917,628,1355,569,786,1345,803,542,663,434,229,136,98,38,128,69,59,13,6,7,386,261,125,682,369,313,10,3,7,165,59,106,2,0,2,505,307,198,611,334,277,9,3,6,162,57,105,2,0,2,438,274,164,71,35,36,1,0,1,3,2,1,0,0,0,67,33,34,1555,683,872
29,579,0153,620641,0000,000000,KARNATAKA,Gulbarga,VILLAGE,Evani,Rural,349,1891,942,949,261,125,136,362,176,186,6,6,0,892,550,342,999,392,607,895,519,376,715,410,305,90,65,25,507,255,252,13,9,4,105,81,24,180,109,71,7,5,2,41,34,7,13,8,5,119,62,57,111,85,26,7,5,2,41,34,7,8,8,0,55,38,17,69,24,45,0,0,0,0,0,0,5,0,5,64,24,40,996,423,573
29,579,0153,620642,0000,000000,KARNATAKA,Gulbarga,VILLAGE,Dandothi,Rural,1072,6663,3379,3284,890,459,431,634,324,310,45,27,18,3412,1950,1462,3251,1429,1822,2686,1806,880,2000,1484,516,394,350,44,956,576,380,57,44,13,593,514,79,686,322,364,22,14,8,585,254,331,9,7,2,70,47,23,564,245,319,21,13,8,476,187,289,7,6,1,60,39,21,122,77,45,1,1,0,109,67,42,2,1,1,10,8,2,3977,1573,2404
29,579,0153,620643,0000,000000,KARNATAKA,Gulbarga,VILLAGE,Tonsinhalli (T),Rural,280,1471,743,728,221,116,105,490,250,240,0,0,0,699,421,278,772,322,450,597,438,159,522,405,117,223,197,26,200,119,81,13,12,1,86,77,9,75,33,42,3,3,0,62,26,36,0,0,0,10,4,6,72,33,39,3,3,0,59,26,33,0,0,0,10,4,6,3,0,3,0,0,0,3,0,3,0,0,0,0,0,0,874,305,569
29,579,0153,620644,0000,000000,KARNATAKA,Gulbarga,VILLAGE,Malkood,Rural,259,1394,684,710,186,83,103,268,122,146,0,0,0,784,465,319,610,219,391,674,367,307,620,336,284,183,125,58,354,151,203,32,21,11,51,39,12,54,31,23,4,3,1,13,4,9,25,14,11,12,10,2,47,26,21,4,3,1,12,3,9,23,13,10,8,7,1,7,5,2,0,0,0,1,1,0,2,1,1,4,3,1,720,317,403
29,579,0153,620645,0000,000000,KARNATAKA,Gulbarga,VILLAGE,Martur,Rural,947,5027,2559,2468,717,386,331,1467,738,729,85,47,38,2719,1591,1128,2308,968,1340,2311,1381,930,1563,1016,547,804,516,288,378,211,167,20,16,4,361,273,88,748,365,383,33,21,12,403,214,189,18,4,14,294,126,168,693,341,352,31,21,10,398,212,186,16,4,12,248,104,144,55,24,31,2,0,2,5,2,3,2,0,2,46,22,24,2716,1178,1538
29,579,0153,620646,0000,000000,KARNATAKA,Gulbarga,VILLAGE,Devantegnur,Rural,353,1974,957,1017,297,147,150,925,460,465,81,39,42,1003,560,443,971,397,574,929,515,414,586,388,198,218,137,81,146,100,46,24,16,8,198,135,63,343,127,216,20,12,8,234,78,156,16,2,14,73,35,38,308,118,190,20,12,8,217,74,143,11,2,9,60,30,30,35,9,26,0,0,0,17,4,13,5,0,5,13,5,8,1045,442,603
29,579,0153,620647,0000,000000,KARNATAKA,Gulbarga,VILLAGE,Aldihal,Rural,114,640,333,307,77,47,30,168,85,83,0,0,0,445,254,191,195,79,116,251,144,107,237,133,104,7,2,5,214,122,92,0,0,0,16,9,7,14,11,3,3,2,1,5,4,1,0,0,0,6,5,1,14,11,3,3,2,1,5,4,1,0,0,0,6,5,1,0,0,0,0,0,0,0,0,0,0,0,0,0,0,0,389,189,200
29,579,0153,620648,0000,000000,KARNATAKA,Gulbarga,VILLAGE,Seva Nagar,Rural,366,2136,1107,1029,308,158,150,1954,1020,934,0,0,0,1158,735,423,978,372,606,848,529,319,756,485,271,247,155,92,404,238,166,6,5,1,99,87,12,92,44,48,9,8,1,75,32,43,0,0,0,8,4,4,89,43,46,9,8,1,74,32,42,0,0,0,6,3,3,3,1,2,0,0,0,1,0,1,0,0,0,2,1,1,1288,578,710
29,579,0153,620649,0000,000000,KARNATAKA,Gulbarga,VILLAGE,Mutga,Rural,273,1549,754,795,217,99,118,240,115,125,9,2,7,633,365,268,916,389,527,525,421,104,480,389,91,252,224,28,17,11,6,3,2,1,208,152,56,45,32,13,5,2,3,1,0,1,10,9,1,29,21,8,42,29,13,4,1,3,1,0,1,10,9,1,27,19,8,3,3,0,1,1,0,0,0,0,0,0,0,2,2,0,1024,333,691
29,579,0153,620650,0000,000000,KARNATAKA,Gulbarga,VILLAGE,Katamdevarhalli,Rural,226,1225,618,607,196,107,89,336,164,172,3,1,2,453,280,173,772,338,434,357,185,172,234,134,100,52,42,10,120,57,63,11,9,2,51,26,25,123,51,72,13,5,8,63,19,44,11,6,5,36,21,15,119,48,71,12,4,8,62,18,44,10,6,4,35,20,15,4,3,1,1,1,0,1,1,0,1,0,1,1,1,0,868,433,435
29,579,0153,620651,0000,000000,KARNATAKA,Gulbarga,VILLAGE,Shankerwadi,Rural,265,1576,797,779,253,138,115,432,227,205,0,0,0,817,498,319,759,299,460,725,425,300,712,421,291,53,46,7,395,162,233,1,1,0,263,212,51,13,4,9,1,1,0,10,2,8,0,0,0,2,1,1,13,4,9,1,1,0,10,2,8,0,0,0,2,1,1,0,0,0,0,0,0,0,0,0,0,0,0,0,0,0,851,372,479
29,579,0153,620652,0000,000000,KARNATAKA,Gulbarga,VILLAGE,Taranhalli,Rural,368,2162,1055,1107,331,143,188,656,316,340,0,0,0,876,499,377,1286,556,730,891,569,322,764,487,277,54,30,24,88,26,62,24,15,9,598,416,182,127,82,45,38,26,12,38,22,16,1,1,0,50,33,17,123,80,43,37,26,11,37,22,15,0,0,0,49,32,17,4,2,2,1,0,1,1,0,1,1,1,0,1,1,0,1271,486,785
29,579,0153,620653,0000,000000,KARNATAKA,Gulbarga,VILLAGE,Tonsinhalli,Rural,558,2810,1391,1419,420,206,214,723,359,364,4,2,2,1455,877,578,1355,514,841,1111,737,374,734,560,174,226,200,26,312,195,117,15,11,4,181,154,27,377,177,200,31,21,10,270,104,166,14,9,5,62,43,19,365,172,193,31,21,10,269,104,165,12,8,4,53,39,14,12,5,7,0,0,0,1,0,1,2,1,1,9,4,5,1699,654,1045
29,579,0153,620654,0000,000000,KARNATAKA,Gulbarga,VILLAGE,Shahabad (Rural),Rural,0,0,0,0,0,0,0,0,0,0,0,0,0,0,0,0,0,0,0,0,0,0,0,0,0,0,0,0,0,0,0,0,0,0,0,0,0,0,0,0,0,0,0,0,0,0,0,0,0,0,0,0,0,0,0,0,0,0,0,0,0,0,0,0,0,0,0,0,0,0,0,0,0,0,0,0,0,0,0,0,0,0,0,0,0
29,579,0153,620655,0000,000000,KARNATAKA,Gulbarga,VILLAGE,Malgatti,Rural,588,3097,1538,1559,461,236,225,998,499,499,5,3,2,1377,803,574,1720,735,985,1442,884,558,1274,828,446,191,144,47,434,238,196,38,29,9,611,417,194,168,56,112,1,0,1,39,11,28,24,11,13,104,34,70,130,47,83,1,0,1,36,10,26,14,7,7,79,30,49,38,9,29,0,0,0,3,1,2,10,4,6,25,4,21,1655,654,1001
29,579,0153,620656,0000,000000,KARNATAKA,Gulbarga,VILLAGE,Gola (K),Rural,647,3497,1788,1709,474,253,221,1144,606,538,24,13,11,1926,1185,741,1571,603,968,1156,883,273,471,347,124,69,52,17,88,36,52,5,3,2,309,256,53,685,536,149,18,8,10,173,118,55,8,7,1,486,403,83,339,263,76,12,3,9,134,93,41,8,7,1,185,160,25,346,273,73,6,5,1,39,25,14,0,0,0,301,243,58,2341,905,1436
29,579,0153,620657,0000,000000,KARNATAKA,Gulbarga,VILLAGE,Ingalgi,Rural,960,5492,2765,2727,833,433,400,1762,894,868,1,1,0,2299,1353,946,3193,1412,1781,1816,1310,506,1256,966,290,150,134,16,164,105,59,19,14,5,923,713,210,560,344,216,17,9,8,71,22,49,5,3,2,467,310,157,436,258,178,14,7,7,57,13,44,5,3,2,360,235,125,124,86,38,3,2,1,14,9,5,0,0,0,107,75,32,3676,1455,2221
29,579,0153,620658,0000,000000,KARNATAKA,Gulbarga,VILLAGE,Hongunta,Rural,1030,5926,2987,2939,892,450,442,1113,554,559,39,18,21,2201,1329,872,3725,1658,2067,2775,1626,1149,2357,1384,973,603,395,208,867,380,487,28,14,14,859,595,264,418,242,176,23,9,14,171,100,71,80,49,31,144,84,60,342,194,148,19,5,14,169,99,70,16,9,7,138,81,57,76,48,28,4,4,0,2,1,1,64,40,24,6,3,3,3151,1361,1790
29,579,0153,620659,0000,000000,KARNATAKA,Gulbarga,VILLAGE,Kadhalli,Rural,136,794,391,403,101,48,53,9,5,4,0,0,0,421,239,182,373,152,221,252,211,41,184,166,18,69,67,2,59,53,6,0,0,0,56,46,10,68,45,23,5,5,0,44,28,16,0,0,0,19,12,7,68,45,23,5,5,0,44,28,16,0,0,0,19,12,7,0,0,0,0,0,0,0,0,0,0,0,0,0,0,0,542,180,362
29,579,0153,620660,0000,000000,KARNATAKA,Gulbarga,VILLAGE,Kundanoor,Rural,381,2145,1072,1073,366,188,178,247,127,120,16,12,4,1067,606,461,1078,466,612,784,551,233,630,510,120,91,79,12,297,225,72,2,2,0,240,204,36,154,41,113,10,4,6,117,16,101,1,1,0,26,20,6,135,37,98,9,4,5,103,15,88,0,0,0,23,18,5,19,4,15,1,0,1,14,1,13,1,1,0,3,2,1,1361,521,840
29,579,0153,620661,0000,000000,KARNATAKA,Gulbarga,VILLAGE,Chamnoor,Rural,169,1054,530,524,219,117,102,128,68,60,333,167,166,284,190,94,770,340,430,520,280,240,448,278,170,121,119,2,269,110,159,1,1,0,57,48,9,72,2,70,24,1,23,47,1,46,0,0,0,1,0,1,70,2,68,24,1,23,45,1,44,0,0,0,1,0,1,2,0,2,0,0,0,2,0,2,0,0,0,0,0,0,534,250,284
29,579,0153,620662,0000,000000,KARNATAKA,Gulbarga,VILLAGE,Kadaboor,Rural,222,1128,564,564,182,91,91,152,83,69,0,0,0,388,239,149,740,325,415,618,338,280,410,264,146,110,93,17,235,117,118,1,1,0,64,53,11,208,74,134,6,0,6,191,64,127,2,2,0,9,8,1,202,72,130,4,0,4,189,63,126,2,2,0,7,7,0,6,2,4,2,0,2,2,1,1,0,0,0,2,1,1,510,226,284
29,579,0153,620663,0000,000000,KARNATAKA,Gulbarga,VILLAGE,Balwadgi,Rural,600,3266,1611,1655,582,314,268,1376,663,713,77,38,39,1314,752,562,1952,859,1093,1308,822,486,1196,782,414,132,96,36,324,173,151,27,21,6,713,492,221,112,40,72,15,10,5,44,4,40,0,0,0,53,26,27,85,37,48,15,10,5,31,4,27,0,0,0,39,23,16,27,3,24,0,0,0,13,0,13,0,0,0,14,3,11,1958,789,1169
29,579,0153,620664,0000,000000,KARNATAKA,Gulbarga,VILLAGE,Jeevangi,Rural,144,876,437,439,127,62,65,286,140,146,0,0,0,381,238,143,495,199,296,434,244,190,361,209,152,200,115,85,121,66,55,1,1,0,39,27,12,73,35,38,22,9,13,44,23,21,1,0,1,6,3,3,51,32,19,14,8,6,31,21,10,0,0,0,6,3,3,22,3,19,8,1,7,13,2,11,1,0,1,0,0,0,442,193,249
29,579,0153,620665,0000,000000,KARNATAKA,Gulbarga,VILLAGE,Kaddargi,Rural,174,972,479,493,149,81,68,240,125,115,9,4,5,414,251,163,558,228,330,500,273,227,181,158,23,73,72,1,57,43,14,4,2,2,47,41,6,319,115,204,2,2,0,288,93,195,6,3,3,23,17,6,294,112,182,2,2,0,265,91,174,6,3,3,21,16,5,25,3,22,0,0,0,23,2,21,0,0,0,2,1,1,472,206,266
29,579,0153,620666,0000,000000,KARNATAKA,Gulbarga,VILLAGE,Bhagodi,Rural,520,2859,1418,1441,405,196,209,611,316,295,0,0,0,1372,779,593,1487,639,848,1249,774,475,1025,673,352,378,261,117,539,323,216,7,6,1,101,83,18,224,101,123,5,1,4,205,90,115,4,2,2,10,8,2,220,101,119,1,1,0,205,90,115,4,2,2,10,8,2,4,0,4,4,0,4,0,0,0,0,0,0,0,0,0,1610,644,966
29,579,0153,620667,0000,000000,KARNATAKA,Gulbarga,VILLAGE,Mudbol,Rural,304,1715,871,844,266,133,133,307,155,152,8,3,5,792,492,300,923,379,544,708,484,224,683,483,200,285,241,44,303,162,141,2,2,0,93,78,15,25,1,24,2,0,2,22,0,22,0,0,0,1,1,0,25,1,24,2,0,2,22,0,22,0,0,0,1,1,0,0,0,0,0,0,0,0,0,0,0,0,0,0,0,0,1007,387,620
29,579,0153,620668,0000,000000,KARNATAKA,Gulbarga,VILLAGE,Margol,Rural,289,1430,706,724,203,110,93,331,164,167,136,64,72,633,390,243,797,316,481,663,378,285,312,263,49,166,148,18,36,21,15,2,1,1,108,93,15,351,115,236,14,7,7,324,100,224,1,0,1,12,8,4,349,114,235,14,7,7,323,100,223,1,0,1,11,7,4,2,1,1,0,0,0,1,0,1,0,0,0,1,1,0,767,328,439
29,579,0153,620669,0000,000000,KARNATAKA,Gulbarga,VILLAGE,Mogla,Rural,320,1969,998,971,325,170,155,879,437,442,134,57,77,1004,613,391,965,385,580,814,520,294,354,284,70,174,170,4,111,50,61,16,14,2,53,50,3,460,236,224,3,2,1,298,122,176,3,2,1,156,110,46,238,132,106,2,2,0,143,57,86,0,0,0,93,73,20,222,104,118,1,0,1,155,65,90,3,2,1,63,37,26,1155,478,677
29,579,0153,620670,0000,000000,KARNATAKA,Gulbarga,VILLAGE,Itga,Rural,195,1303,676,627,234,125,109,369,198,171,53,29,24,567,375,192,736,301,435,608,377,231,410,258,152,335,205,130,16,8,8,17,13,4,42,32,10,198,119,79,16,8,8,77,37,40,40,32,8,65,42,23,180,107,73,16,8,8,76,36,40,38,30,8,50,33,17,18,12,6,0,0,0,1,1,0,2,2,0,15,9,6,695,299,396
29,579,0153,620671,0000,000000,KARNATAKA,Gulbarga,VILLAGE,Yergal,Rural,349,2135,1053,1082,343,179,164,745,368,377,26,14,12,857,500,357,1278,553,725,1022,570,452,795,498,297,259,218,41,195,82,113,39,32,7,302,166,136,227,72,155,10,5,5,137,24,113,12,7,5,68,36,32,210,65,145,10,5,5,136,24,112,12,7,5,52,29,23,17,7,10,0,0,0,1,0,1,0,0,0,16,7,9,1113,483,630
29,579,0153,620672,0000,000000,KARNATAKA,Gulbarga,VILLAGE,Gandhinagar,Rural,96,484,225,259,86,31,55,1,0,1,0,0,0,222,136,86,262,89,173,160,114,46,157,111,46,3,3,0,0,0,0,0,0,0,154,108,46,3,3,0,2,2,0,0,0,0,0,0,0,1,1,0,3,3,0,2,2,0,0,0,0,0,0,0,1,1,0,0,0,0,0,0,0,0,0,0,0,0,0,0,0,0,324,111,213
29,579,0153,620673,0000,000000,KARNATAKA,Gulbarga,VILLAGE,Ravoor,Rural,2248,12117,6098,6019,1842,978,864,3794,1913,1881,33,19,14,5888,3456,2432,6229,2642,3587,4769,3130,1639,3731,2621,1110,315,229,86,354,158,196,59,42,17,3003,2192,811,1038,509,529,29,14,15,390,135,255,28,13,15,591,347,244,953,462,491,26,12,14,371,132,239,24,12,12,532,306,226,85,47,38,3,2,1,19,3,16,4,1,3,59,41,18,7348,2968,4380
29,579,0153,620674,0000,000000,KARNATAKA,Gulbarga,VILLAGE,Alura,Rural,107,591,297,294,63,28,35,24,10,14,0,0,0,320,196,124,271,101,170,245,195,50,229,182,47,163,121,42,61,58,3,1,1,0,4,2,2,16,13,3,12,10,2,2,1,1,1,1,0,1,1,0,15,12,3,11,9,2,2,1,1,1,1,0,1,1,0,1,1,0,1,1,0,0,0,0,0,0,0,0,0,0,346,102,244
29,579,0153,620675,0000,000000,KARNATAKA,Gulbarga,VILLAGE,Bammanhalli,Rural,182,989,491,498,147,72,75,120,57,63,142,70,72,438,266,172,551,225,326,580,285,295,461,233,228,20,17,3,385,191,194,11,1,10,45,24,21,119,52,67,6,6,0,24,22,2,1,1,0,88,23,65,24,8,16,1,1,0,1,1,0,1,1,0,21,5,16,95,44,51,5,5,0,23,21,2,0,0,0,67,18,49,409,206,203
29,579,0153,620676,0000,000000,KARNATAKA,Gulbarga,VILLAGE,Kardal,Rural,537,3109,1562,1547,415,235,180,641,329,312,178,95,83,1264,747,517,1845,815,1030,1567,774,793,1545,764,781,162,157,5,669,367,302,0,0,0,714,240,474,22,10,12,5,4,1,11,5,6,0,0,0,6,1,5,14,4,10,2,1,1,7,2,5,0,0,0,5,1,4,8,6,2,3,3,0,4,3,1,0,0,0,1,0,1,1542,788,754
29,579,0153,620677,0000,000000,KARNATAKA,Gulbarga,VILLAGE,Satnoor,Rural,389,2045,988,1057,332,159,173,508,245,263,45,19,26,864,494,370,1181,494,687,1164,587,577,631,383,248,180,147,33,352,174,178,2,2,0,97,60,37,533,204,329,53,20,33,413,144,269,9,3,6,58,37,21,472,183,289,48,17,31,366,132,234,8,3,5,50,31,19,61,21,40,5,3,2,47,12,35,1,0,1,8,6,2,881,401,480
29,579,0153,620678,0000,000000,KARNATAKA,Gulbarga,VILLAGE,Hossur,Rural,313,1694,848,846,269,138,131,158,78,80,33,18,15,708,435,273,986,413,573,647,402,245,568,364,204,158,142,16,320,157,163,23,20,3,67,45,22,79,38,41,8,3,5,47,14,33,8,6,2,16,15,1,63,26,37,7,3,4,39,8,31,6,5,1,11,10,1,16,12,4,1,0,1,8,6,2,2,1,1,5,5,0,1047,446,601
29,579,0153,620679,0000,000000,KARNATAKA,Gulbarga,VILLAGE,Diggaon,Rural,885,4988,2462,2526,795,413,382,912,450,462,332,161,171,2378,1381,997,2610,1081,1529,2301,1355,946,1480,1041,439,460,426,34,655,325,330,16,15,1,349,275,74,821,314,507,6,4,2,417,148,269,37,10,27,361,152,209,777,295,482,6,4,2,381,131,250,34,10,24,356,150,206,44,19,25,0,0,0,36,17,19,3,0,3,5,2,3,2687,1107,1580
29,579,0153,620680,0000,000000,KARNATAKA,Gulbarga,VILLAGE,Bhankalga,Rural,298,1580,796,784,219,116,103,241,128,113,37,15,22,867,539,328,713,257,456,757,421,336,741,413,328,431,273,158,253,92,161,2,1,1,55,47,8,16,8,8,2,1,1,13,6,7,0,0,0,1,1,0,16,8,8,2,1,1,13,6,7,0,0,0,1,1,0,0,0,0,0,0,0,0,0,0,0,0,0,0,0,0,823,375,448
29,579,0153,620681,0000,000000,KARNATAKA,Gulbarga,VILLAGE,Dongaon,Rural,451,2815,1389,1426,471,234,237,433,224,209,0,0,0,1111,667,444,1704,722,982,1471,790,681,893,650,243,425,410,15,318,125,193,2,1,1,148,114,34,578,140,438,14,7,7,505,101,404,22,15,7,37,17,20,466,102,364,14,7,7,408,72,336,16,12,4,28,11,17,112,38,74,0,0,0,97,29,68,6,3,3,9,6,3,1344,599,745
29,579,0153,620682,0000,000000,KARNATAKA,Gulbarga,VILLAGE,Halkatta,Rural,888,4491,2261,2230,725,380,345,811,391,420,6,4,2,1789,1072,717,2702,1189,1513,2117,1237,880,1972,1166,806,273,241,32,718,228,490,81,65,16,900,632,268,145,71,74,10,6,4,36,12,24,6,5,1,93,48,45,135,68,67,8,6,2,31,11,20,6,5,1,90,46,44,10,3,7,2,0,2,5,1,4,0,0,0,3,2,1,2374,1024,1350
29,579,0153,620683,0000,000000,KARNATAKA,Gulbarga,VILLAGE,Kamarwadi,Rural,316,1758,898,860,221,115,106,732,370,362,6,2,4,933,582,351,825,316,509,663,477,186,634,456,178,110,102,8,248,143,105,7,6,1,269,205,64,29,21,8,1,1,0,11,4,7,1,1,0,16,15,1,24,18,6,1,1,0,9,4,5,1,1,0,13,12,1,5,3,2,0,0,0,2,0,2,0,0,0,3,3,0,1095,421,674
29,579,0153,620684,0000,000000,KARNATAKA,Gulbarga,VILLAGE,Sulhalli,Rural,222,1246,640,606,317,153,164,497,257,240,82,47,35,506,330,176,740,310,430,463,295,168,277,194,83,13,12,1,226,151,75,16,11,5,22,20,2,186,101,85,1,0,1,112,54,58,34,21,13,39,26,13,162,89,73,1,0,1,108,53,55,22,15,7,31,21,10,24,12,12,0,0,0,4,1,3,12,6,6,8,5,3,783,345,438
29,579,0153,620685,0000,000000,KARNATAKA,Gulbarga,VILLAGE,Hannikere,Rural,445,2639,1357,1282,420,238,182,1282,661,621,184,94,90,710,461,249,1929,896,1033,1488,750,738,1324,729,595,476,365,111,547,296,251,2,1,1,299,67,232,164,21,143,18,5,13,126,6,120,2,1,1,18,9,9,160,21,139,17,5,12,125,6,119,1,1,0,17,9,8,4,0,4,1,0,1,1,0,1,1,0,1,1,0,1,1151,607,544
29,579,0153,620686,0000,000000,KARNATAKA,Gulbarga,VILLAGE,Alhalli,Rural,756,4235,2127,2108,654,349,305,1082,540,542,21,9,12,1972,1175,797,2263,952,1311,2038,1104,934,1841,1060,781,344,281,63,728,324,404,68,34,34,701,421,280,197,44,153,10,1,9,90,9,81,12,4,8,85,30,55,193,42,151,10,1,9,90,9,81,10,3,7,83,29,54,4,2,2,0,0,0,0,0,0,2,1,1,2,1,1,2197,1023,1174
29,579,0153,620687,0000,000000,KARNATAKA,Gulbarga,VILLAGE,Allur (K),Rural,388,2191,1089,1102,312,143,169,374,193,181,3,2,1,871,520,351,1320,569,751,1171,639,532,444,390,54,131,128,3,220,179,41,10,9,1,83,74,9,727,249,478,17,15,2,673,204,469,4,3,1,33,27,6,723,246,477,17,15,2,671,203,468,4,3,1,31,25,6,4,3,1,0,0,0,2,1,1,0,0,0,2,2,0,1020,450,570
29,579,0153,620688,0000,000000,KARNATAKA,Gulbarga,VILLAGE,Ramteerth,Rural,301,1714,851,863,285,144,141,786,393,393,21,10,11,770,460,310,944,391,553,758,419,339,748,412,336,335,195,140,248,110,138,3,1,2,162,106,56,10,7,3,0,0,0,3,2,1,0,0,0,7,5,2,10,7,3,0,0,0,3,2,1,0,0,0,7,5,2,0,0,0,0,0,0,0,0,0,0,0,0,0,0,0,956,432,524
29,579,0153,620689,0000,000000,KARNATAKA,Gulbarga,VILLAGE,Rajola,Rural,366,2361,1198,1163,382,222,160,579,290,289,0,0,0,674,400,274,1687,798,889,1269,638,631,843,528,315,656,422,234,47,26,21,9,8,1,131,72,59,426,110,316,12,1,11,398,98,300,2,1,1,14,10,4,422,107,315,11,0,11,397,98,299,2,1,1,12,8,4,4,3,1,1,1,0,1,0,1,0,0,0,2,2,0,1092,560,532
29,579,0153,620690,0000,000000,KARNATAKA,Gulbarga,VILLAGE,Bhimanhalli,Rural,682,4689,2330,2359,786,390,396,802,388,414,414,214,200,1628,998,630,3061,1332,1729,2142,1183,959,2090,1156,934,479,447,32,1429,601,828,41,15,26,141,93,48,52,27,25,35,17,18,10,6,4,1,0,1,6,4,2,51,27,24,35,17,18,9,6,3,1,0,1,6,4,2,1,0,1,0,0,0,1,0,1,0,0,0,0,0,0,2547,1147,1400
29,579,0153,620691,0000,000000,KARNATAKA,Gulbarga,VILLAGE,Allur (B),Rural,667,4031,2036,1995,694,364,330,524,266,258,1,0,1,1193,749,444,2838,1287,1551,1910,1103,807,1799,1061,738,810,613,197,603,172,431,36,14,22,350,262,88,111,42,69,17,7,10,55,9,46,10,5,5,29,21,8,100,38,62,16,6,10,47,7,40,10,5,5,27,20,7,11,4,7,1,1,0,8,2,6,0,0,0,2,1,1,2121,933,1188
29,579,0153,620692,0000,000000,KARNATAKA,Gulbarga,VILLAGE,Dandgund,Rural,324,2118,1024,1094,453,232,221,115,54,61,1,1,0,485,315,170,1633,709,924,1072,525,547,674,490,184,468,409,59,174,54,120,4,3,1,28,24,4,398,35,363,8,4,4,383,30,353,0,0,0,7,1,6,392,35,357,8,4,4,377,30,347,0,0,0,7,1,6,6,0,6,0,0,0,6,0,6,0,0,0,0,0,0,1046,499,547
29,579,0153,620693,0000,000000,KARNATAKA,Gulbarga,VILLAGE,Ladlapur,Rural,726,4139,2038,2101,738,355,383,1056,531,525,333,167,166,1229,762,467,2910,1276,1634,2013,1120,893,1991,1105,886,292,278,14,1384,616,768,47,24,23,268,187,81,22,15,7,3,3,0,14,9,5,0,0,0,5,3,2,21,14,7,3,3,0,13,8,5,0,0,0,5,3,2,1,1,0,0,0,0,1,1,0,0,0,0,0,0,0,2126,918,1208
29,579,0153,620694,0000,000000,KARNATAKA,Gulbarga,VILLAGE,Devapur,Rural,135,938,473,465,168,87,81,938,473,465,0,0,0,323,211,112,615,262,353,458,229,229,272,136,136,235,117,118,15,7,8,4,3,1,18,9,9,186,93,93,2,2,0,43,16,27,66,32,34,75,43,32,183,90,93,2,2,0,43,16,27,65,31,34,73,41,32,3,3,0,0,0,0,0,0,0,1,1,0,2,2,0,480,244,236
29,579,0153,620695,0000,000000,KARNATAKA,Gulbarga,VILLAGE,Konchur,Rural,388,2152,1072,1080,337,167,170,963,509,454,0,0,0,974,559,415,1178,513,665,1003,569,434,993,565,428,275,161,114,317,139,178,4,3,1,397,262,135,10,4,6,1,1,0,0,0,0,0,0,0,9,3,6,10,4,6,1,1,0,0,0,0,0,0,0,9,3,6,0,0,0,0,0,0,0,0,0,0,0,0,0,0,0,1149,503,646
29,579,0153,620696,0000,000000,KARNATAKA,Gulbarga,VILLAGE,Kolkunda,Rural,173,987,491,496,160,84,76,297,154,143,0,0,0,426,256,170,561,235,326,480,268,212,459,255,204,232,147,85,202,90,112,2,0,2,23,18,5,21,13,8,9,7,2,8,5,3,0,0,0,4,1,3,19,12,7,8,6,2,7,5,2,0,0,0,4,1,3,2,1,1,1,1,0,1,0,1,0,0,0,0,0,0,507,223,284
29,579,0153,620697,0000,000000,KARNATAKA,Gulbarga,VILLAGE,Malag (N),Rural,65,367,190,177,34,21,13,132,65,67,11,6,5,180,113,67,187,77,110,128,111,17,93,88,5,75,73,2,6,5,1,5,5,0,7,5,2,35,23,12,1,1,0,19,12,7,0,0,0,15,10,5,0,0,0,0,0,0,0,0,0,0,0,0,0,0,0,35,23,12,1,1,0,19,12,7,0,0,0,15,10,5,239,79,160
29,579,0153,620698,0000,000000,KARNATAKA,Gulbarga,VILLAGE,Nalwar,Rural,1860,10846,5424,5422,1678,844,834,3501,1731,1770,90,37,53,4823,2827,1996,6023,2597,3426,4504,2825,1679,3891,2517,1374,735,550,185,1894,962,932,89,71,18,1173,934,239,613,308,305,23,16,7,303,108,195,10,5,5,277,179,98,491,242,249,20,14,6,261,91,170,4,3,1,206,134,72,122,66,56,3,2,1,42,17,25,6,2,4,71,45,26,6342,2599,3743
29,579,0153,620699,0000,000000,KARNATAKA,Gulbarga,VILLAGE,Bapu Nagar,Rural,209,1255,636,619,190,99,91,591,307,284,257,120,137,381,239,142,874,397,477,735,394,341,707,376,331,116,81,35,457,226,231,43,25,18,91,44,47,28,18,10,4,1,3,18,13,5,2,0,2,4,4,0,28,18,10,4,1,3,18,13,5,2,0,2,4,4,0,0,0,0,0,0,0,0,0,0,0,0,0,0,0,0,520,242,278
29,579,0153,620700,0000,000000,KARNATAKA,Gulbarga,VILLAGE,Sanknoor,Rural,190,1366,673,693,239,111,128,102,51,51,3,1,2,421,270,151,945,403,542,719,380,339,663,366,297,300,248,52,309,82,227,6,3,3,48,33,15,56,14,42,10,3,7,46,11,35,0,0,0,0,0,0,56,14,42,10,3,7,46,11,35,0,0,0,0,0,0,0,0,0,0,0,0,0,0,0,0,0,0,0,0,0,647,293,354
29,579,0153,620701,0000,000000,KARNATAKA,Gulbarga,VILLAGE,Shiva Nagar,Rural,146,696,351,345,94,51,43,691,349,342,0,0,0,181,114,67,515,237,278,245,222,23,217,207,10,207,198,9,5,5,0,1,1,0,4,3,1,28,15,13,2,2,0,12,11,1,1,0,1,13,2,11,28,15,13,2,2,0,12,11,1,1,0,1,13,2,11,0,0,0,0,0,0,0,0,0,0,0,0,0,0,0,451,129,322
29,579,0153,620702,0000,000000,KARNATAKA,Gulbarga,VILLAGE,Balgere,Rural,560,4035,2026,2009,769,395,374,3214,1636,1578,0,0,0,1050,738,312,2985,1288,1697,2062,1123,939,1186,814,372,644,551,93,441,189,252,8,8,0,93,66,27,876,309,567,63,36,27,517,147,370,90,26,64,206,100,106,672,193,479,57,32,25,491,135,356,15,3,12,109,23,86,204,116,88,6,4,2,26,12,14,75,23,52,97,77,20,1973,903,1070
29,579,0153,620703,0000,000000,KARNATAKA,Gulbarga,VILLAGE,Yagapur,Rural,570,4184,2177,2007,730,388,342,2754,1431,1323,1,0,1,1302,883,419,2882,1294,1588,2161,1158,1003,1419,996,423,715,627,88,524,244,280,5,3,2,175,122,53,742,162,580,25,17,8,386,48,338,15,5,10,316,92,224,712,149,563,24,16,8,374,46,328,11,3,8,303,84,219,30,13,17,1,1,0,12,2,10,4,2,2,13,8,5,2023,1019,1004
29,579,0153,620704,0000,000000,KARNATAKA,Gulbarga,VILLAGE,Sugur (N),Rural,386,2305,1174,1131,358,178,180,1096,546,550,68,34,34,927,568,359,1378,606,772,864,552,312,622,457,165,250,174,76,103,54,49,10,8,2,259,221,38,242,95,147,12,8,4,183,56,127,11,7,4,36,24,12,176,83,93,10,8,2,126,48,78,10,7,3,30,20,10,66,12,54,2,0,2,57,8,49,1,0,1,6,4,2,1441,622,819
29,579,0153,620705,0000,000000,KARNATAKA,Gulbarga,VILLAGE,Turnur,Rural,115,547,254,293,80,35,45,295,132,163,10,6,4,228,135,93,319,119,200,277,153,124,192,129,63,66,56,10,91,44,47,0,0,0,35,29,6,85,24,61,12,4,8,58,11,47,0,0,0,15,9,6,76,20,56,11,4,7,52,9,43,0,0,0,13,7,6,9,4,5,1,0,1,6,2,4,0,0,0,2,2,0,270,101,169
29,579,0153,620706,0000,000000,KARNATAKA,Gulbarga,VILLAGE,Maradgi,Rural,137,735,363,372,117,62,55,282,141,141,0,0,0,324,184,140,411,179,232,451,230,221,333,202,131,53,42,11,232,118,114,1,1,0,47,41,6,118,28,90,69,19,50,47,9,38,0,0,0,2,0,2,116,28,88,68,19,49,46,9,37,0,0,0,2,0,2,2,0,2,1,0,1,1,0,1,0,0,0,0,0,0,284,133,151
29,579,0153,620707,0000,000000,KARNATAKA,Gulbarga,VILLAGE,Kollur,Rural,933,5000,2466,2534,767,390,377,2184,1072,1112,144,71,73,2106,1264,842,2894,1202,1692,2223,1330,893,1534,1091,443,656,542,114,414,184,230,50,33,17,414,332,82,689,239,450,20,4,16,388,102,286,32,15,17,249,118,131,513,191,322,20,4,16,343,96,247,31,15,16,119,76,43,176,48,128,0,0,0,45,6,39,1,0,1,130,42,88,2777,1136,1641
29,579,0153,620708,0000,000000,KARNATAKA,Gulbarga,VILLAGE,Sonthi,Rural,332,1934,969,965,346,188,158,317,159,158,2,1,1,706,418,288,1228,551,677,882,507,375,400,318,82,267,221,46,31,14,17,6,5,1,96,78,18,482,189,293,3,3,0,183,61,122,3,0,3,293,125,168,426,176,250,3,3,0,183,61,122,3,0,3,237,112,125,56,13,43,0,0,0,0,0,0,0,0,0,56,13,43,1052,462,590
29,579,0153,620709,0000,000000,KARNATAKA,Gulbarga,VILLAGE,Kanganahalli,Rural,163,912,461,451,140,65,75,244,126,118,1,1,0,416,259,157,496,202,294,487,242,245,223,204,19,188,181,7,12,10,2,5,1,4,18,12,6,264,38,226,5,4,1,67,13,54,25,4,21,167,17,150,262,38,224,5,4,1,67,13,54,24,4,20,166,17,149,2,0,2,0,0,0,0,0,0,1,0,1,1,0,1,425,219,206
29,579,0153,620710,0000,000000,KARNATAKA,Gulbarga,VILLAGE,Hulandgera,Rural,176,1105,559,546,161,97,64,634,319,315,0,0,0,305,178,127,800,381,419,539,306,233,417,244,173,144,141,3,226,65,161,2,1,1,45,37,8,122,62,60,0,0,0,25,3,22,2,2,0,95,57,38,114,58,56,0,0,0,24,3,21,2,2,0,88,53,35,8,4,4,0,0,0,1,0,1,0,0,0,7,4,3,566,253,313
29,579,0153,620711,0000,000000,KARNATAKA,Gulbarga,VILLAGE,Banhatti,Rural,119,806,420,386,118,68,50,196,98,98,0,0,0,310,188,122,496,232,264,403,229,174,278,199,79,37,37,0,184,112,72,1,1,0,56,49,7,125,30,95,6,6,0,73,11,62,15,0,15,31,13,18,81,25,56,6,6,0,50,9,41,0,0,0,25,10,15,44,5,39,0,0,0,23,2,21,15,0,15,6,3,3,403,191,212
29,579,0153,620712,0000,000000,KARNATAKA,Gulbarga,VILLAGE,Tarkaspet,Rural,418,2212,1080,1132,375,186,189,358,183,175,0,0,0,817,478,339,1395,602,793,1102,652,450,941,608,333,362,267,95,339,169,170,11,9,2,229,163,66,161,44,117,2,1,1,119,22,97,2,1,1,38,20,18,157,41,116,2,1,1,119,22,97,2,1,1,34,17,17,4,3,1,0,0,0,0,0,0,0,0,0,4,3,1,1110,428,682
29,579,0153,620713,0000,000000,KARNATAKA,Gulbarga,VILLAGE,Rampurhalli,Rural,343,1939,951,988,328,174,154,222,100,122,31,14,17,580,355,225,1359,596,763,1104,544,560,1071,532,539,505,263,242,487,207,280,2,2,0,77,60,17,33,12,21,7,6,1,22,4,18,0,0,0,4,2,2,31,12,19,6,6,0,21,4,17,0,0,0,4,2,2,2,0,2,1,0,1,1,0,1,0,0,0,0,0,0,835,407,428
29,579,0153,803211,0002,000000,KARNATAKA,Gulbarga,OG,Bhankur (OG) WARD NO.-0002 (Rural MDDS CODE:620714),Urban,1774,8653,4290,4363,1115,544,571,1999,1003,996,72,35,37,5542,3136,2406,3111,1154,1957,3148,2178,970,2579,1864,715,51,43,8,369,246,123,30,17,13,2129,1558,571,569,314,255,4,2,2,112,30,82,6,3,3,447,279,168,542,293,249,4,2,2,107,29,78,6,3,3,425,259,166,27,21,6,0,0,0,5,1,4,0,0,0,22,20,2,5505,2112,3393
29,579,0154,000000,0000,000000,KARNATAKA,Gulbarga,CD BLOCK,Jevargi ,Total,46991,271217,137919,133298,43750,22634,21116,59469,30412,29057,16007,8080,7927,128396,78991,49405,142821,58928,83893,126700,72504,54196,104046,64519,39527,37878,29581,8297,48900,21823,27077,1589,1060,529,15679,12055,3624,22654,7985,14669,2283,1010,1273,15510,4763,10747,665,238,427,4196,1974,2222,20269,7100,13169,2170,964,1206,14452,4357,10095,526,206,320,3121,1573,1548,2385,885,1500,113,46,67,1058,406,652,139,32,107,1075,401,674,144517,65415,79102
29,579,0154,000000,0000,000000,KARNATAKA,Gulbarga,CD BLOCK,Jevargi ,Rural,46991,271217,137919,133298,43750,22634,21116,59469,30412,29057,16007,8080,7927,128396,78991,49405,142821,58928,83893,126700,72504,54196,104046,64519,39527,37878,29581,8297,48900,21823,27077,1589,1060,529,15679,12055,3624,22654,7985,14669,2283,1010,1273,15510,4763,10747,665,238,427,4196,1974,2222,20269,7100,13169,2170,964,1206,14452,4357,10095,526,206,320,3121,1573,1548,2385,885,1500,113,46,67,1058,406,652,139,32,107,1075,401,674,144517,65415,79102
29,579,0154,000000,0000,000000,KARNATAKA,Gulbarga,CD BLOCK,Jevargi ,Urban,0,0,0,0,0,0,0,0,0,0,0,0,0,0,0,0,0,0,0,0,0,0,0,0,0,0,0,0,0,0,0,0,0,0,0,0,0,0,0,0,0,0,0,0,0,0,0,0,0,0,0,0,0,0,0,0,0,0,0,0,0,0,0,0,0,0,0,0,0,0,0,0,0,0,0,0,0,0,0,0,0,0,0,0,0
29,579,0154,620715,0000,000000,KARNATAKA,Gulbarga,VILLAGE,Hullur,Rural,338,1942,999,943,302,148,154,273,142,131,253,131,122,927,588,339,1015,411,604,638,513,125,622,500,122,300,279,21,180,114,66,56,35,21,86,72,14,16,13,3,3,3,0,1,1,0,1,1,0,11,8,3,14,11,3,2,2,0,1,1,0,0,0,0,11,8,3,2,2,0,1,1,0,0,0,0,1,1,0,0,0,0,1304,486,818
29,579,0154,620716,0000,000000,KARNATAKA,Gulbarga,VILLAGE,Harnal (K),Rural,94,535,291,244,87,45,42,103,56,47,0,0,0,209,146,63,326,145,181,204,122,82,130,104,26,82,79,3,44,21,23,2,2,0,2,2,0,74,18,56,9,4,5,58,13,45,2,0,2,5,1,4,67,15,52,5,2,3,55,12,43,2,0,2,5,1,4,7,3,4,4,2,2,3,1,2,0,0,0,0,0,0,331,169,162
29,579,0154,620717,0000,000000,KARNATAKA,Gulbarga,VILLAGE,Mogan Itga,Rural,117,772,400,372,148,83,65,0,0,0,8,4,4,304,195,109,468,205,263,408,204,204,400,202,198,35,18,17,350,176,174,0,0,0,15,8,7,8,2,6,0,0,0,3,1,2,0,0,0,5,1,4,8,2,6,0,0,0,3,1,2,0,0,0,5,1,4,0,0,0,0,0,0,0,0,0,0,0,0,0,0,0,364,196,168
29,579,0154,620718,0000,000000,KARNATAKA,Gulbarga,VILLAGE,Ankalga,Rural,624,3189,1638,1551,518,270,248,1284,650,634,16,9,7,1369,857,512,1820,781,1039,1453,762,691,921,602,319,380,373,7,425,139,286,11,6,5,105,84,21,532,160,372,13,8,5,225,84,141,1,0,1,293,68,225,403,120,283,13,8,5,163,69,94,1,0,1,226,43,183,129,40,89,0,0,0,62,15,47,0,0,0,67,25,42,1736,876,860
29,579,0154,620719,0000,000000,KARNATAKA,Gulbarga,VILLAGE,Sidnal,Rural,105,692,348,344,123,63,60,188,94,94,0,0,0,320,197,123,372,151,221,179,165,14,174,160,14,125,116,9,8,5,3,2,2,0,39,37,2,5,5,0,4,4,0,0,0,0,0,0,0,1,1,0,5,5,0,4,4,0,0,0,0,0,0,0,1,1,0,0,0,0,0,0,0,0,0,0,0,0,0,0,0,0,513,183,330
29,579,0154,620720,0000,000000,KARNATAKA,Gulbarga,VILLAGE,Gulihal,Rural,0,0,0,0,0,0,0,0,0,0,0,0,0,0,0,0,0,0,0,0,0,0,0,0,0,0,0,0,0,0,0,0,0,0,0,0,0,0,0,0,0,0,0,0,0,0,0,0,0,0,0,0,0,0,0,0,0,0,0,0,0,0,0,0,0,0,0,0,0,0,0,0,0,0,0,0,0,0,0,0,0,0,0,0,0
29,579,0154,620721,0000,000000,KARNATAKA,Gulbarga,VILLAGE,Itga,Rural,385,2155,1087,1068,366,196,170,285,132,153,30,17,13,930,571,359,1225,516,709,1105,611,494,991,574,417,490,324,166,384,158,226,11,9,2,106,83,23,114,37,77,5,1,4,88,19,69,0,0,0,21,17,4,110,36,74,5,1,4,86,19,67,0,0,0,19,16,3,4,1,3,0,0,0,2,0,2,0,0,0,2,1,1,1050,476,574
29,579,0154,620722,0000,000000,KARNATAKA,Gulbarga,VILLAGE,Bhosga (K),Rural,134,713,380,333,119,63,56,88,47,41,0,0,0,377,251,126,336,129,207,347,211,136,176,165,11,116,115,1,7,7,0,20,16,4,33,27,6,171,46,125,3,0,3,2,0,2,2,1,1,164,45,119,165,45,120,3,0,3,2,0,2,1,1,0,159,44,115,6,1,5,0,0,0,0,0,0,1,0,1,5,1,4,366,169,197
29,579,0154,620723,0000,000000,KARNATAKA,Gulbarga,VILLAGE,Bhosga (B),Rural,162,860,453,407,109,58,51,142,78,64,0,0,0,411,264,147,449,189,260,478,258,220,233,225,8,207,205,2,9,9,0,0,0,0,17,11,6,245,33,212,32,4,28,213,29,184,0,0,0,0,0,0,223,29,194,31,4,27,192,25,167,0,0,0,0,0,0,22,4,18,1,0,1,21,4,17,0,0,0,0,0,0,382,195,187
29,579,0154,620724,0000,000000,KARNATAKA,Gulbarga,VILLAGE,Jalihal,Rural,0,0,0,0,0,0,0,0,0,0,0,0,0,0,0,0,0,0,0,0,0,0,0,0,0,0,0,0,0,0,0,0,0,0,0,0,0,0,0,0,0,0,0,0,0,0,0,0,0,0,0,0,0,0,0,0,0,0,0,0,0,0,0,0,0,0,0,0,0,0,0,0,0,0,0,0,0,0,0,0,0,0,0,0,0
29,579,0154,620725,0000,000000,KARNATAKA,Gulbarga,VILLAGE,Hanchinal S.Nelogi,Rural,173,1136,593,543,175,83,92,126,64,62,2,2,0,417,282,135,719,311,408,706,367,339,656,357,299,278,238,40,226,23,203,145,93,52,7,3,4,50,10,40,7,6,1,28,2,26,3,0,3,12,2,10,44,9,35,6,5,1,25,2,23,3,0,3,10,2,8,6,1,5,1,1,0,3,0,3,0,0,0,2,0,2,430,226,204
29,579,0154,620726,0000,000000,KARNATAKA,Gulbarga,VILLAGE,Bedarhalli,Rural,0,0,0,0,0,0,0,0,0,0,0,0,0,0,0,0,0,0,0,0,0,0,0,0,0,0,0,0,0,0,0,0,0,0,0,0,0,0,0,0,0,0,0,0,0,0,0,0,0,0,0,0,0,0,0,0,0,0,0,0,0,0,0,0,0,0,0,0,0,0,0,0,0,0,0,0,0,0,0,0,0,0,0,0,0
29,579,0154,620727,0000,000000,KARNATAKA,Gulbarga,VILLAGE,Kudalgi,Rural,116,683,364,319,79,44,35,111,61,50,19,12,7,341,226,115,342,138,204,364,197,167,361,195,166,59,59,0,293,131,162,1,0,1,8,5,3,3,2,1,0,0,0,0,0,0,2,2,0,1,0,1,2,2,0,0,0,0,0,0,0,2,2,0,0,0,0,1,0,1,0,0,0,0,0,0,0,0,0,1,0,1,319,167,152
29,579,0154,620728,0000,000000,KARNATAKA,Gulbarga,VILLAGE,Yenkanchi,Rural,166,631,313,318,100,47,53,65,30,35,0,0,0,332,196,136,299,117,182,245,168,77,244,168,76,166,160,6,77,7,70,0,0,0,1,1,0,1,0,1,0,0,0,0,0,0,0,0,0,1,0,1,1,0,1,0,0,0,0,0,0,0,0,0,1,0,1,0,0,0,0,0,0,0,0,0,0,0,0,0,0,0,386,145,241
29,579,0154,620729,0000,000000,KARNATAKA,Gulbarga,VILLAGE,Mahur,Rural,187,1186,600,586,232,116,116,493,248,245,6,2,4,511,304,207,675,296,379,746,395,351,180,106,74,58,57,1,103,35,68,0,0,0,19,14,5,566,289,277,459,214,245,37,31,6,0,0,0,70,44,26,566,289,277,459,214,245,37,31,6,0,0,0,70,44,26,0,0,0,0,0,0,0,0,0,0,0,0,0,0,0,440,205,235
29,579,0154,620730,0000,000000,KARNATAKA,Gulbarga,VILLAGE,Kallur (B),Rural,220,1351,670,681,242,125,117,196,93,103,0,0,0,599,374,225,752,296,456,739,370,369,659,341,318,155,138,17,293,110,183,92,32,60,119,61,58,80,29,51,8,6,2,48,17,31,2,0,2,22,6,16,79,28,51,8,6,2,47,16,31,2,0,2,22,6,16,1,1,0,0,0,0,1,1,0,0,0,0,0,0,0,612,300,312
29,579,0154,620731,0000,000000,KARNATAKA,Gulbarga,VILLAGE,Kallur (K),Rural,528,3134,1588,1546,527,265,262,671,350,321,0,0,0,1420,869,551,1714,719,995,1457,878,579,980,693,287,356,335,21,514,271,243,7,5,2,103,82,21,477,185,292,13,4,9,389,174,215,67,0,67,8,7,1,384,163,221,12,4,8,362,152,210,2,0,2,8,7,1,93,22,71,1,0,1,27,22,5,65,0,65,0,0,0,1677,710,967
29,579,0154,620732,0000,000000,KARNATAKA,Gulbarga,VILLAGE,Nelogi,Rural,1098,6378,3249,3129,985,519,466,1177,619,558,147,74,73,3220,1905,1315,3158,1344,1814,2863,1643,1220,2619,1553,1066,851,576,275,1249,564,685,11,9,2,508,404,104,244,90,154,8,6,2,163,40,123,1,1,0,72,43,29,236,86,150,7,5,2,160,40,120,1,1,0,68,40,28,8,4,4,1,1,0,3,0,3,0,0,0,4,3,1,3515,1606,1909
29,579,0154,620733,0000,000000,KARNATAKA,Gulbarga,VILLAGE,Mandewal,Rural,1049,5720,2877,2843,903,469,434,1472,734,738,0,0,0,2861,1741,1120,2859,1136,1723,2570,1497,1073,2371,1382,989,1099,664,435,792,318,474,3,3,0,477,397,80,199,115,84,5,4,1,175,96,79,1,1,0,18,14,4,198,114,84,5,4,1,175,96,79,1,1,0,17,13,4,1,1,0,0,0,0,0,0,0,0,0,0,1,1,0,3150,1380,1770
29,579,0154,620734,0000,000000,KARNATAKA,Gulbarga,VILLAGE,Indiragandhinagar,Rural,216,1329,688,641,214,113,101,1234,646,588,0,0,0,519,364,155,810,324,486,559,341,218,169,141,28,132,109,23,24,20,4,0,0,0,13,12,1,390,200,190,4,2,2,384,198,186,1,0,1,1,0,1,338,185,153,4,2,2,333,183,150,0,0,0,1,0,1,52,15,37,0,0,0,51,15,36,1,0,1,0,0,0,770,347,423
29,579,0154,620735,0000,000000,KARNATAKA,Gulbarga,VILLAGE,Gudur S.Nelogi,Rural,109,562,282,280,109,55,54,86,38,48,0,0,0,200,125,75,362,157,205,287,144,143,257,125,132,67,67,0,172,46,126,1,1,0,17,11,6,30,19,11,6,6,0,15,5,10,0,0,0,9,8,1,29,18,11,5,5,0,15,5,10,0,0,0,9,8,1,1,1,0,1,1,0,0,0,0,0,0,0,0,0,0,275,138,137
29,579,0154,620736,0000,000000,KARNATAKA,Gulbarga,VILLAGE,Billad,Rural,108,634,326,308,112,65,47,84,44,40,0,0,0,284,180,104,350,146,204,344,162,182,261,139,122,70,69,1,153,46,107,5,4,1,33,20,13,83,23,60,2,2,0,50,12,38,3,0,3,28,9,19,80,23,57,2,2,0,50,12,38,3,0,3,25,9,16,3,0,3,0,0,0,0,0,0,0,0,0,3,0,3,290,164,126
29,579,0154,620737,0000,000000,KARNATAKA,Gulbarga,VILLAGE,Mayoor,Rural,225,1388,717,671,227,109,118,543,280,263,2,2,0,670,446,224,718,271,447,639,337,302,428,319,109,228,183,45,159,106,53,10,6,4,31,24,7,211,18,193,26,7,19,178,10,168,5,1,4,2,0,2,208,16,192,24,6,18,178,10,168,4,0,4,2,0,2,3,2,1,2,1,1,0,0,0,1,1,0,0,0,0,749,380,369
29,579,0154,620738,0000,000000,KARNATAKA,Gulbarga,VILLAGE,Balwandgi,Rural,537,3058,1574,1484,482,252,230,333,178,155,5,3,2,1148,749,399,1910,825,1085,1065,769,296,733,632,101,545,483,62,108,77,31,11,10,1,69,62,7,332,137,195,22,17,5,297,110,187,2,1,1,11,9,2,330,136,194,21,16,5,296,110,186,2,1,1,11,9,2,2,1,1,1,1,0,1,0,1,0,0,0,0,0,0,1993,805,1188
29,579,0154,620739,0000,000000,KARNATAKA,Gulbarga,VILLAGE,Belur,Rural,301,1770,919,851,352,188,164,447,228,219,0,0,0,688,464,224,1082,455,627,898,485,413,894,481,413,220,132,88,619,306,313,1,1,0,54,42,12,4,4,0,0,0,0,3,3,0,0,0,0,1,1,0,4,4,0,0,0,0,3,3,0,0,0,0,1,1,0,0,0,0,0,0,0,0,0,0,0,0,0,0,0,0,872,434,438
29,579,0154,620740,0000,000000,KARNATAKA,Gulbarga,VILLAGE,Narayanpur,Rural,306,1714,871,843,286,156,130,83,41,42,14,7,7,665,413,252,1049,458,591,856,492,364,500,362,138,446,318,128,14,11,3,4,2,2,36,31,5,356,130,226,15,15,0,323,107,216,10,3,7,8,5,3,355,129,226,14,14,0,323,107,216,10,3,7,8,5,3,1,1,0,1,1,0,0,0,0,0,0,0,0,0,0,858,379,479
29,579,0154,620741,0000,000000,KARNATAKA,Gulbarga,VILLAGE,Yatnoor,Rural,458,2652,1351,1301,450,216,234,215,108,107,0,0,0,1086,719,367,1566,632,934,1449,741,708,580,503,77,367,336,31,174,131,43,0,0,0,39,36,3,869,238,631,76,8,68,784,226,558,1,0,1,8,4,4,847,229,618,74,8,66,764,217,547,1,0,1,8,4,4,22,9,13,2,0,2,20,9,11,0,0,0,0,0,0,1203,610,593
29,579,0154,620742,0000,000000,KARNATAKA,Gulbarga,VILLAGE,Jeratgi,Rural,631,3143,1576,1567,491,268,223,410,205,205,55,26,29,1705,1011,694,1438,565,873,1380,787,593,1295,743,552,425,300,125,578,215,363,96,77,19,196,151,45,85,44,41,6,2,4,38,14,24,17,13,4,24,15,9,81,42,39,6,2,4,35,13,22,17,13,4,23,14,9,4,2,2,0,0,0,3,1,2,0,0,0,1,1,0,1763,789,974
29,579,0154,620743,0000,000000,KARNATAKA,Gulbarga,VILLAGE,Mulhalli,Rural,4,24,14,10,3,3,0,7,5,2,0,0,0,9,5,4,15,9,6,15,8,7,7,7,0,7,7,0,0,0,0,0,0,0,0,0,0,8,1,7,2,1,1,6,0,6,0,0,0,0,0,0,8,1,7,2,1,1,6,0,6,0,0,0,0,0,0,0,0,0,0,0,0,0,0,0,0,0,0,0,0,0,9,6,3
29,579,0154,620744,0000,000000,KARNATAKA,Gulbarga,VILLAGE,Desangi,Rural,351,2079,1068,1011,358,173,185,133,70,63,0,0,0,999,636,363,1080,432,648,1032,566,466,1029,564,465,920,509,411,66,27,39,2,0,2,41,28,13,3,2,1,3,2,1,0,0,0,0,0,0,0,0,0,3,2,1,3,2,1,0,0,0,0,0,0,0,0,0,0,0,0,0,0,0,0,0,0,0,0,0,0,0,0,1047,502,545
29,579,0154,620745,0000,000000,KARNATAKA,Gulbarga,VILLAGE,Badnihal,Rural,183,1226,636,590,207,117,90,986,510,476,0,0,0,587,394,193,639,242,397,666,337,329,558,293,265,316,160,156,115,56,59,3,1,2,124,76,48,108,44,64,14,7,7,53,20,33,1,0,1,40,17,23,87,35,52,10,6,4,36,12,24,1,0,1,40,17,23,21,9,12,4,1,3,17,8,9,0,0,0,0,0,0,560,299,261
29,579,0154,620746,0000,000000,KARNATAKA,Gulbarga,VILLAGE,Ranjangi,Rural,289,1905,983,922,345,174,171,544,294,250,3,1,2,885,587,298,1020,396,624,987,506,481,975,501,474,157,96,61,731,336,395,2,2,0,85,67,18,12,5,7,1,0,1,2,1,1,1,0,1,8,4,4,12,5,7,1,0,1,2,1,1,1,0,1,8,4,4,0,0,0,0,0,0,0,0,0,0,0,0,0,0,0,918,477,441
29,579,0154,620747,0000,000000,KARNATAKA,Gulbarga,VILLAGE,Needalgi,Rural,249,1266,652,614,207,112,95,412,214,198,6,2,4,574,375,199,692,277,415,392,259,133,212,199,13,100,96,4,6,6,0,2,2,0,104,95,9,180,60,120,13,8,5,21,9,12,1,1,0,145,42,103,144,57,87,13,8,5,21,9,12,0,0,0,110,40,70,36,3,33,0,0,0,0,0,0,1,1,0,35,2,33,874,393,481
29,579,0154,620748,0000,000000,KARNATAKA,Gulbarga,VILLAGE,Kuranhalli,Rural,382,2040,1038,1002,357,195,162,329,168,161,0,0,0,903,547,356,1137,491,646,783,459,324,365,344,21,317,303,14,16,15,1,9,8,1,23,18,5,418,115,303,16,13,3,396,97,299,0,0,0,6,5,1,413,114,299,15,12,3,392,97,295,0,0,0,6,5,1,5,1,4,1,1,0,4,0,4,0,0,0,0,0,0,1257,579,678
29,579,0154,620749,0000,000000,KARNATAKA,Gulbarga,VILLAGE,Hipperga S.Nelogi,Rural,849,4814,2383,2431,751,354,397,1243,622,621,11,6,5,2368,1426,942,2446,957,1489,2541,1341,1200,2243,1259,984,293,283,10,1788,849,939,2,1,1,160,126,34,298,82,216,4,0,4,263,60,203,2,0,2,29,22,7,280,74,206,4,0,4,254,58,196,1,0,1,21,16,5,18,8,10,0,0,0,9,2,7,1,0,1,8,6,2,2273,1042,1231
29,579,0154,620750,0000,000000,KARNATAKA,Gulbarga,VILLAGE,Kutnoor,Rural,291,1801,892,909,343,171,172,252,124,128,251,137,114,785,495,290,1016,397,619,911,485,426,581,400,181,110,102,8,318,167,151,43,33,10,110,98,12,330,85,245,22,19,3,109,26,83,138,16,122,61,24,37,293,75,218,21,18,3,97,24,73,131,12,119,44,21,23,37,10,27,1,1,0,12,2,10,7,4,3,17,3,14,890,407,483
29,579,0154,620751,0000,000000,KARNATAKA,Gulbarga,VILLAGE,Harwal,Rural,716,3890,1932,1958,528,282,246,704,344,360,754,374,380,1935,1125,810,1955,807,1148,1895,1022,873,1806,978,828,389,254,135,986,461,525,3,2,1,428,261,167,89,44,45,1,1,0,42,29,13,1,1,0,45,13,32,83,43,40,1,1,0,37,28,9,1,1,0,44,13,31,6,1,5,0,0,0,5,1,4,0,0,0,1,0,1,1995,910,1085
29,579,0154,620752,0000,000000,KARNATAKA,Gulbarga,VILLAGE,Rasangi,Rural,144,805,409,396,112,48,64,121,63,58,0,0,0,391,259,132,414,150,264,288,190,98,176,161,15,109,105,4,21,11,10,5,5,0,41,40,1,112,29,83,5,3,2,96,20,76,0,0,0,11,6,5,107,29,78,5,3,2,91,20,71,0,0,0,11,6,5,5,0,5,0,0,0,5,0,5,0,0,0,0,0,0,517,219,298
29,579,0154,620753,0000,000000,KARNATAKA,Gulbarga,VILLAGE,Handnoor,Rural,287,1433,712,721,259,137,122,147,73,74,17,7,10,646,395,251,787,317,470,733,388,345,700,378,322,200,161,39,447,176,271,5,4,1,48,37,11,33,10,23,3,1,2,29,8,21,0,0,0,1,1,0,31,9,22,2,0,2,28,8,20,0,0,0,1,1,0,2,1,1,1,1,0,1,0,1,0,0,0,0,0,0,700,324,376
29,579,0154,620754,0000,000000,KARNATAKA,Gulbarga,VILLAGE,Banmi,Rural,170,874,429,445,136,65,71,169,86,83,36,18,18,459,275,184,415,154,261,418,239,179,349,228,121,151,108,43,33,16,17,8,7,1,157,97,60,69,11,58,9,2,7,10,2,8,0,0,0,50,7,43,59,8,51,6,1,5,10,2,8,0,0,0,43,5,38,10,3,7,3,1,2,0,0,0,0,0,0,7,2,5,456,190,266
29,579,0154,620755,0000,000000,KARNATAKA,Gulbarga,VILLAGE,Kobal,Rural,109,693,353,340,102,47,55,82,40,42,0,0,0,389,246,143,304,107,197,247,192,55,228,186,42,133,112,21,20,12,8,0,0,0,75,62,13,19,6,13,7,4,3,5,0,5,0,0,0,7,2,5,18,6,12,7,4,3,5,0,5,0,0,0,6,2,4,1,0,1,0,0,0,0,0,0,0,0,0,1,0,1,446,161,285
29,579,0154,620756,0000,000000,KARNATAKA,Gulbarga,VILLAGE,Kudi,Rural,158,912,459,453,119,58,61,206,97,109,11,5,6,529,316,213,383,143,240,343,238,105,338,236,102,86,85,1,203,110,93,0,0,0,49,41,8,5,2,3,1,0,1,1,0,1,0,0,0,3,2,1,5,2,3,1,0,1,1,0,1,0,0,0,3,2,1,0,0,0,0,0,0,0,0,0,0,0,0,0,0,0,569,221,348
29,579,0154,620757,0000,000000,KARNATAKA,Gulbarga,VILLAGE,Hipperga-Kona,Rural,192,1153,574,579,149,75,74,163,78,85,26,15,11,656,387,269,497,187,310,564,328,236,546,318,228,175,123,52,348,181,167,6,4,2,17,10,7,18,10,8,5,5,0,3,1,2,0,0,0,10,4,6,9,6,3,5,5,0,3,1,2,0,0,0,1,0,1,9,4,5,0,0,0,0,0,0,0,0,0,9,4,5,589,246,343
29,579,0154,620758,0000,000000,KARNATAKA,Gulbarga,VILLAGE,Manderwad,Rural,188,975,470,505,148,67,81,222,108,114,0,0,0,489,275,214,486,195,291,401,239,162,302,196,106,68,67,1,176,84,92,1,0,1,57,45,12,99,43,56,12,12,0,34,11,23,0,0,0,53,20,33,68,40,28,12,12,0,32,11,21,0,0,0,24,17,7,31,3,28,0,0,0,2,0,2,0,0,0,29,3,26,574,231,343
29,579,0154,620759,0000,000000,KARNATAKA,Gulbarga,VILLAGE,Kolkur,Rural,655,4020,2060,1960,656,350,306,909,469,440,1,1,0,2056,1244,812,1964,816,1148,1767,1071,696,1419,938,481,696,457,239,384,199,185,13,6,7,326,276,50,348,133,215,143,37,106,174,76,98,3,2,1,28,18,10,333,129,204,139,37,102,166,73,93,3,2,1,25,17,8,15,4,11,4,0,4,8,3,5,0,0,0,3,1,2,2253,989,1264
29,579,0154,620760,0000,000000,KARNATAKA,Gulbarga,VILLAGE,Raddewadgi,Rural,97,534,279,255,85,50,35,72,35,37,0,0,0,267,156,111,267,123,144,230,147,83,157,93,64,122,70,52,16,7,9,12,9,3,7,7,0,73,54,19,17,12,5,17,8,9,7,6,1,32,28,4,71,53,18,17,12,5,17,8,9,7,6,1,30,27,3,2,1,1,0,0,0,0,0,0,0,0,0,2,1,1,304,132,172
29,579,0154,620761,0000,000000,KARNATAKA,Gulbarga,VILLAGE,Gounahalli,Rural,365,2101,1060,1041,278,138,140,305,155,150,11,1,10,981,590,391,1120,470,650,1111,649,462,461,367,94,285,234,51,22,13,9,0,0,0,154,120,34,650,282,368,284,109,175,323,160,163,2,1,1,41,12,29,637,279,358,280,107,173,319,159,160,2,1,1,36,12,24,13,3,10,4,2,2,4,1,3,0,0,0,5,0,5,990,411,579
29,579,0154,620762,0000,000000,KARNATAKA,Gulbarga,VILLAGE,Janiwar,Rural,246,1386,697,689,241,114,127,341,176,165,20,10,10,692,420,272,694,277,417,673,353,320,351,210,141,108,60,48,165,85,80,0,0,0,78,65,13,322,143,179,1,0,1,318,142,176,1,0,1,2,1,1,219,101,118,1,0,1,216,101,115,1,0,1,1,0,1,103,42,61,0,0,0,102,41,61,0,0,0,1,1,0,713,344,369
29,579,0154,620763,0000,000000,KARNATAKA,Gulbarga,VILLAGE,Jevargi (B) (Rural),Rural,0,0,0,0,0,0,0,0,0,0,0,0,0,0,0,0,0,0,0,0,0,0,0,0,0,0,0,0,0,0,0,0,0,0,0,0,0,0,0,0,0,0,0,0,0,0,0,0,0,0,0,0,0,0,0,0,0,0,0,0,0,0,0,0,0,0,0,0,0,0,0,0,0,0,0,0,0,0,0,0,0,0,0,0,0
29,579,0154,620764,0000,000000,KARNATAKA,Gulbarga,VILLAGE,Jevargi  (Rural),Rural,0,0,0,0,0,0,0,0,0,0,0,0,0,0,0,0,0,0,0,0,0,0,0,0,0,0,0,0,0,0,0,0,0,0,0,0,0,0,0,0,0,0,0,0,0,0,0,0,0,0,0,0,0,0,0,0,0,0,0,0,0,0,0,0,0,0,0,0,0,0,0,0,0,0,0,0,0,0,0,0,0,0,0,0,0
29,579,0154,620765,0000,000000,KARNATAKA,Gulbarga,VILLAGE,Shakapur,Rural,224,1431,800,631,248,143,105,296,146,150,10,10,0,748,500,248,683,300,383,669,344,325,609,318,291,58,50,8,465,208,257,2,0,2,84,60,24,60,26,34,4,2,2,26,5,21,5,1,4,25,18,7,48,17,31,4,2,2,24,4,20,2,0,2,18,11,7,12,9,3,0,0,0,2,1,1,3,1,2,7,7,0,762,456,306
29,579,0154,620766,0000,000000,KARNATAKA,Gulbarga,VILLAGE,Ravnoor,Rural,386,2542,1288,1254,428,225,203,1325,675,650,1,1,0,1117,696,421,1425,592,833,1248,678,570,1055,640,415,372,286,86,482,196,286,2,2,0,199,156,43,193,38,155,4,4,0,165,30,135,0,0,0,24,4,20,147,27,120,3,3,0,137,21,116,0,0,0,7,3,4,46,11,35,1,1,0,28,9,19,0,0,0,17,1,16,1294,610,684
29,579,0154,620767,0000,000000,KARNATAKA,Gulbarga,VILLAGE,Mavnoor,Rural,302,1620,837,783,257,144,113,151,76,75,22,11,11,750,463,287,870,374,496,764,453,311,712,431,281,399,288,111,259,99,160,0,0,0,54,44,10,52,22,30,1,0,1,31,5,26,1,0,1,19,17,2,50,20,30,1,0,1,31,5,26,1,0,1,17,15,2,2,2,0,0,0,0,0,0,0,0,0,0,2,2,0,856,384,472
29,579,0154,620768,0000,000000,KARNATAKA,Gulbarga,VILLAGE,Kalhangerga,Rural,384,2308,1121,1187,374,178,196,391,189,202,0,0,0,1108,666,442,1200,455,745,1155,581,574,1144,579,565,136,126,10,841,321,520,1,1,0,166,131,35,11,2,9,1,0,1,7,0,7,0,0,0,3,2,1,11,2,9,1,0,1,7,0,7,0,0,0,3,2,1,0,0,0,0,0,0,0,0,0,0,0,0,0,0,0,1153,540,613
29,579,0154,620769,0000,000000,KARNATAKA,Gulbarga,VILLAGE,Soan,Rural,544,2912,1525,1387,452,247,205,583,301,282,96,44,52,1275,794,481,1637,731,906,1373,736,637,1041,698,343,397,294,103,452,255,197,31,22,9,161,127,34,332,38,294,13,8,5,300,21,279,4,1,3,15,8,7,329,35,294,13,8,5,300,21,279,3,0,3,13,6,7,3,3,0,0,0,0,0,0,0,1,1,0,2,2,0,1539,789,750
29,579,0154,620770,0000,000000,KARNATAKA,Gulbarga,VILLAGE,Heggnal,Rural,72,463,242,221,65,35,30,70,41,29,2,1,1,264,163,101,199,79,120,179,103,76,172,98,74,137,79,58,6,2,4,2,1,1,27,16,11,7,5,2,4,3,1,0,0,0,0,0,0,3,2,1,6,5,1,3,3,0,0,0,0,0,0,0,3,2,1,1,0,1,1,0,1,0,0,0,0,0,0,0,0,0,284,139,145
29,579,0154,620771,0000,000000,KARNATAKA,Gulbarga,VILLAGE,Neeralkod,Rural,142,828,431,397,135,72,63,98,51,47,40,19,21,486,302,184,342,129,213,442,236,206,435,235,200,159,105,54,251,112,139,11,11,0,14,7,7,7,1,6,2,0,2,5,1,4,0,0,0,0,0,0,7,1,6,2,0,2,5,1,4,0,0,0,0,0,0,0,0,0,0,0,0,0,0,0,0,0,0,0,0,0,386,195,191
29,579,0154,620772,0000,000000,KARNATAKA,Gulbarga,VILLAGE,Hanchinal S.Sulekhan,Rural,124,740,364,376,104,49,55,24,12,12,0,0,0,415,237,178,325,127,198,389,202,187,385,201,184,61,57,4,263,93,170,0,0,0,61,51,10,4,1,3,0,0,0,2,0,2,0,0,0,2,1,1,3,1,2,0,0,0,2,0,2,0,0,0,1,1,0,1,0,1,0,0,0,0,0,0,0,0,0,1,0,1,351,162,189
29,579,0154,620773,0000,000000,KARNATAKA,Gulbarga,VILLAGE,Harnur,Rural,368,2204,1146,1058,354,192,162,588,302,286,331,168,163,1027,633,394,1177,513,664,1056,623,433,1041,612,429,197,185,12,676,281,395,0,0,0,168,146,22,15,11,4,1,1,0,3,0,3,0,0,0,11,10,1,15,11,4,1,1,0,3,0,3,0,0,0,11,10,1,0,0,0,0,0,0,0,0,0,0,0,0,0,0,0,1148,523,625
29,579,0154,620774,0000,000000,KARNATAKA,Gulbarga,VILLAGE,Kellur,Rural,402,2190,1125,1065,292,160,132,418,200,218,230,119,111,1332,795,537,858,330,528,802,528,274,763,510,253,212,181,31,366,182,184,29,21,8,156,126,30,39,18,21,4,2,2,23,6,17,0,0,0,12,10,2,36,17,19,4,2,2,21,6,15,0,0,0,11,9,2,3,1,2,0,0,0,2,0,2,0,0,0,1,1,0,1388,597,791
29,579,0154,620775,0000,000000,KARNATAKA,Gulbarga,VILLAGE,Aurad,Rural,461,2393,1184,1209,376,194,182,295,148,147,952,479,473,1095,647,448,1298,537,761,1180,628,552,1038,563,475,290,171,119,545,220,325,13,10,3,190,162,28,142,65,77,1,1,0,113,44,69,2,1,1,26,19,7,121,58,63,1,1,0,99,41,58,2,1,1,19,15,4,21,7,14,0,0,0,14,3,11,0,0,0,7,4,3,1213,556,657
29,579,0154,620776,0000,000000,KARNATAKA,Gulbarga,VILLAGE,Mansivangi,Rural,242,1570,835,735,203,95,108,353,196,157,0,0,0,847,548,299,723,287,436,873,448,425,736,389,347,282,207,75,303,112,191,13,4,9,138,66,72,137,59,78,13,7,6,46,12,34,4,3,1,74,37,37,136,58,78,12,6,6,46,12,34,4,3,1,74,37,37,1,1,0,1,1,0,0,0,0,0,0,0,0,0,0,697,387,310
29,579,0154,620777,0000,000000,KARNATAKA,Gulbarga,VILLAGE,Shakapur,Rural,87,510,254,256,79,36,43,77,39,38,0,0,0,261,154,107,249,100,149,219,143,76,164,126,38,65,62,3,81,52,29,1,1,0,17,11,6,55,17,38,4,0,4,34,8,26,0,0,0,17,9,8,51,15,36,4,0,4,31,7,24,0,0,0,16,8,8,4,2,2,0,0,0,3,1,2,0,0,0,1,1,0,291,111,180
29,579,0154,620778,0000,000000,KARNATAKA,Gulbarga,VILLAGE,Kadkol,Rural,306,1541,772,769,303,148,155,120,56,64,109,48,61,809,495,314,732,277,455,790,401,389,386,289,97,56,54,2,285,200,85,2,2,0,43,33,10,404,112,292,11,6,5,376,97,279,2,2,0,15,7,8,379,103,276,11,6,5,351,88,263,2,2,0,15,7,8,25,9,16,0,0,0,25,9,16,0,0,0,0,0,0,751,371,380
29,579,0154,620779,0000,000000,KARNATAKA,Gulbarga,VILLAGE,Jamberhal,Rural,172,904,462,442,166,92,74,40,21,19,11,5,6,418,275,143,486,187,299,422,217,205,48,47,1,40,39,1,7,7,0,0,0,0,1,1,0,374,170,204,30,28,2,43,42,1,5,2,3,296,98,198,105,95,10,27,27,0,34,33,1,2,1,1,42,34,8,269,75,194,3,1,2,9,9,0,3,1,2,254,64,190,482,245,237
29,579,0154,620780,0000,000000,KARNATAKA,Gulbarga,VILLAGE,Halgattarga,Rural,68,417,227,190,68,34,34,99,56,43,0,0,0,174,115,59,243,112,131,230,129,101,207,118,89,19,13,6,168,93,75,1,1,0,19,11,8,23,11,12,1,1,0,12,5,7,0,0,0,10,5,5,19,9,10,1,1,0,10,4,6,0,0,0,8,4,4,4,2,2,0,0,0,2,1,1,0,0,0,2,1,1,187,98,89
29,579,0154,620781,0000,000000,KARNATAKA,Gulbarga,VILLAGE,Murganoor,Rural,418,2626,1335,1291,442,233,209,464,215,249,0,0,0,1102,730,372,1524,605,919,1425,729,696,1312,675,637,594,406,188,646,215,431,22,18,4,50,36,14,113,54,59,15,6,9,75,36,39,3,1,2,20,11,9,103,48,55,15,6,9,65,30,35,3,1,2,20,11,9,10,6,4,0,0,0,10,6,4,0,0,0,0,0,0,1201,606,595
29,579,0154,620782,0000,000000,KARNATAKA,Gulbarga,VILLAGE,Aralgundgi,Rural,1140,6619,3424,3195,1127,606,521,1373,719,654,8,2,6,3083,1900,1183,3536,1524,2012,2920,1712,1208,2873,1697,1176,1656,1034,622,949,457,492,27,21,6,241,185,56,47,15,32,7,3,4,25,8,17,3,0,3,12,4,8,45,14,31,7,3,4,24,7,17,3,0,3,11,4,7,2,1,1,0,0,0,1,1,0,0,0,0,1,0,1,3699,1712,1987
29,579,0154,620783,0000,000000,KARNATAKA,Gulbarga,VILLAGE,Kummanasirasgi,Rural,293,1604,795,809,261,143,118,200,100,100,1,0,1,742,451,291,862,344,518,708,387,321,705,384,321,344,227,117,268,80,188,0,0,0,93,77,16,3,3,0,1,1,0,0,0,0,0,0,0,2,2,0,3,3,0,1,1,0,0,0,0,0,0,0,2,2,0,0,0,0,0,0,0,0,0,0,0,0,0,0,0,0,896,408,488
29,579,0154,620784,0000,000000,KARNATAKA,Gulbarga,VILLAGE,Wastari,Rural,362,1936,990,946,325,184,141,234,130,104,0,0,0,859,558,301,1077,432,645,935,497,438,814,479,335,561,319,242,144,65,79,3,3,0,106,92,14,121,18,103,3,2,1,99,9,90,0,0,0,19,7,12,64,9,55,3,2,1,57,5,52,0,0,0,4,2,2,57,9,48,0,0,0,42,4,38,0,0,0,15,5,10,1001,493,508
29,579,0154,620785,0000,000000,KARNATAKA,Gulbarga,VILLAGE,Kuknoor,Rural,458,2697,1385,1312,427,237,190,218,107,111,1,0,1,1053,684,369,1644,701,943,929,729,200,897,707,190,403,390,13,388,221,167,18,18,0,88,78,10,32,22,10,3,3,0,27,18,9,0,0,0,2,1,1,30,21,9,3,3,0,25,17,8,0,0,0,2,1,1,2,1,1,0,0,0,2,1,1,0,0,0,0,0,0,1768,656,1112
29,579,0154,620786,0000,000000,KARNATAKA,Gulbarga,VILLAGE,Konsirasgi,Rural,376,2276,1149,1127,416,219,197,314,154,160,11,8,3,971,592,379,1305,557,748,1080,605,475,923,583,340,371,303,68,438,185,253,10,10,0,104,85,19,157,22,135,81,13,68,71,6,65,0,0,0,5,3,2,98,10,88,43,3,40,52,5,47,0,0,0,3,2,1,59,12,47,38,10,28,19,1,18,0,0,0,2,1,1,1196,544,652
29,579,0154,620787,0000,000000,KARNATAKA,Gulbarga,VILLAGE,Telegbal,Rural,227,1167,592,575,179,92,87,195,104,91,5,2,3,580,385,195,587,207,380,579,327,252,579,327,252,430,256,174,124,50,74,0,0,0,25,21,4,0,0,0,0,0,0,0,0,0,0,0,0,0,0,0,0,0,0,0,0,0,0,0,0,0,0,0,0,0,0,0,0,0,0,0,0,0,0,0,0,0,0,0,0,0,588,265,323
29,579,0154,620788,0000,000000,KARNATAKA,Gulbarga,VILLAGE,Yedrami,Rural,1884,10598,5437,5161,1628,855,773,3392,1758,1634,104,54,50,5689,3423,2266,4909,2014,2895,4264,2718,1546,3780,2542,1238,713,614,99,1601,812,789,84,50,34,1382,1066,316,484,176,308,85,34,51,287,77,210,28,12,16,84,53,31,466,170,296,84,34,50,285,77,208,19,7,12,78,52,26,18,6,12,1,0,1,2,0,2,9,5,4,6,1,5,6334,2719,3615
29,579,0154,620789,0000,000000,KARNATAKA,Gulbarga,VILLAGE,Saidapur,Rural,168,962,501,461,140,85,55,154,81,73,0,0,0,440,284,156,522,217,305,416,242,174,413,242,171,95,55,40,236,116,120,1,0,1,81,71,10,3,0,3,0,0,0,3,0,3,0,0,0,0,0,0,3,0,3,0,0,0,3,0,3,0,0,0,0,0,0,0,0,0,0,0,0,0,0,0,0,0,0,0,0,0,546,259,287
29,579,0154,620790,0000,000000,KARNATAKA,Gulbarga,VILLAGE,Harnal (B),Rural,159,929,499,430,144,84,60,161,76,85,267,150,117,486,319,167,443,180,263,453,252,201,452,252,200,164,132,32,191,38,153,2,2,0,95,80,15,1,0,1,0,0,0,0,0,0,0,0,0,1,0,1,1,0,1,0,0,0,0,0,0,0,0,0,1,0,1,0,0,0,0,0,0,0,0,0,0,0,0,0,0,0,476,247,229
29,579,0154,620791,0000,000000,KARNATAKA,Gulbarga,VILLAGE,Hangerga (B),Rural,290,1724,873,851,243,127,116,335,172,163,36,18,18,923,558,365,801,315,486,731,438,293,526,394,132,293,282,11,185,72,113,10,9,1,38,31,7,205,44,161,14,5,9,159,25,134,0,0,0,32,14,18,202,44,158,13,5,8,158,25,133,0,0,0,31,14,17,3,0,3,1,0,1,1,0,1,0,0,0,1,0,1,993,435,558
29,579,0154,620792,0000,000000,KARNATAKA,Gulbarga,VILLAGE,Hangerga (K),Rural,332,1922,965,957,311,173,138,415,210,205,351,166,185,912,570,342,1010,395,615,995,529,466,963,525,438,230,192,38,468,171,297,8,5,3,257,157,100,32,4,28,3,0,3,18,2,16,2,0,2,9,2,7,32,4,28,3,0,3,18,2,16,2,0,2,9,2,7,0,0,0,0,0,0,0,0,0,0,0,0,0,0,0,927,436,491
29,579,0154,620793,0000,000000,KARNATAKA,Gulbarga,VILLAGE,Sumbad,Rural,659,4006,2049,1957,671,342,329,494,252,242,166,89,77,1829,1120,709,2177,929,1248,1912,1129,783,1706,1053,653,807,546,261,620,277,343,16,9,7,263,221,42,206,76,130,13,2,11,168,59,109,13,8,5,12,7,5,195,74,121,9,2,7,162,57,105,13,8,5,11,7,4,11,2,9,4,0,4,6,2,4,0,0,0,1,0,1,2094,920,1174
29,579,0154,620794,0000,000000,KARNATAKA,Gulbarga,VILLAGE,Dumadri,Rural,131,629,331,298,96,47,49,164,84,80,0,0,0,329,211,118,300,120,180,354,188,166,154,151,3,135,133,2,9,9,0,2,2,0,8,7,1,200,37,163,3,3,0,173,11,162,0,0,0,24,23,1,200,37,163,3,3,0,173,11,162,0,0,0,24,23,1,0,0,0,0,0,0,0,0,0,0,0,0,0,0,0,275,143,132
29,579,0154,620795,0000,000000,KARNATAKA,Gulbarga,VILLAGE,Kachapur,Rural,418,2328,1151,1177,379,196,183,572,287,285,251,128,123,1111,708,403,1217,443,774,1301,658,643,802,444,358,373,205,168,261,141,120,36,21,15,132,77,55,499,214,285,25,13,12,351,148,203,36,16,20,87,37,50,467,199,268,23,13,10,346,146,200,24,11,13,74,29,45,32,15,17,2,0,2,5,2,3,12,5,7,13,8,5,1027,493,534
29,579,0154,620796,0000,000000,KARNATAKA,Gulbarga,VILLAGE,Akhandhalli,Rural,136,807,404,403,137,64,73,99,46,53,142,69,73,385,240,145,422,164,258,345,214,131,326,210,116,79,74,5,187,84,103,6,5,1,54,47,7,19,4,15,0,0,0,10,2,8,1,0,1,8,2,6,10,2,8,0,0,0,7,1,6,0,0,0,3,1,2,9,2,7,0,0,0,3,1,2,1,0,1,5,1,4,462,190,272
29,579,0154,620797,0000,000000,KARNATAKA,Gulbarga,VILLAGE,Yatnal,Rural,178,994,516,478,164,93,71,359,185,174,0,0,0,512,321,191,482,195,287,552,279,273,546,277,269,112,77,35,185,90,95,6,4,2,243,106,137,6,2,4,1,1,0,2,1,1,0,0,0,3,0,3,5,2,3,1,1,0,2,1,1,0,0,0,2,0,2,1,0,1,0,0,0,0,0,0,0,0,0,1,0,1,442,237,205
29,579,0154,620798,0000,000000,KARNATAKA,Gulbarga,VILLAGE,Hanchinal S.Yedrami,Rural,96,557,278,279,90,52,38,56,25,31,15,5,10,287,171,116,270,107,163,290,153,137,235,119,116,45,44,1,61,28,33,11,5,6,118,42,76,55,34,21,5,5,0,20,11,9,3,3,0,27,15,12,52,33,19,5,5,0,20,11,9,3,3,0,24,14,10,3,1,2,0,0,0,0,0,0,0,0,0,3,1,2,267,125,142
29,579,0154,620799,0000,000000,KARNATAKA,Gulbarga,VILLAGE,Ainapur,Rural,101,596,302,294,109,64,45,152,79,73,96,46,50,248,147,101,348,155,193,342,160,182,342,160,182,85,85,0,246,68,178,0,0,0,11,7,4,0,0,0,0,0,0,0,0,0,0,0,0,0,0,0,0,0,0,0,0,0,0,0,0,0,0,0,0,0,0,0,0,0,0,0,0,0,0,0,0,0,0,0,0,0,254,142,112
29,579,0154,620800,0000,000000,KARNATAKA,Gulbarga,VILLAGE,Magengera,Rural,530,3132,1652,1480,477,251,226,434,240,194,41,24,17,1312,827,485,1820,825,995,1414,798,616,991,684,307,351,340,11,533,254,279,18,18,0,89,72,17,423,114,309,8,4,4,285,91,194,13,3,10,117,16,101,387,85,302,6,2,4,252,64,188,12,3,9,117,16,101,36,29,7,2,2,0,33,27,6,1,0,1,0,0,0,1718,854,864
29,579,0154,620801,0000,000000,KARNATAKA,Gulbarga,VILLAGE,Kanmeshwar,Rural,391,2215,1150,1065,366,217,149,272,146,126,875,459,416,1183,731,452,1032,419,613,1094,582,512,1014,553,461,347,251,96,492,160,332,16,12,4,159,130,29,80,29,51,29,14,15,41,8,33,0,0,0,10,7,3,70,23,47,26,13,13,38,7,31,0,0,0,6,3,3,10,6,4,3,1,2,3,1,2,0,0,0,4,4,0,1121,568,553
29,579,0154,620802,0000,000000,KARNATAKA,Gulbarga,VILLAGE,Kondguli,Rural,325,1958,990,968,310,164,146,481,233,248,1,0,1,1041,651,390,917,339,578,956,564,392,941,556,385,176,128,48,569,270,299,1,1,0,195,157,38,15,8,7,3,1,2,9,4,5,0,0,0,3,3,0,14,7,7,3,1,2,9,4,5,0,0,0,2,2,0,1,1,0,0,0,0,0,0,0,0,0,0,1,1,0,1002,426,576
29,579,0154,620803,0000,000000,KARNATAKA,Gulbarga,VILLAGE,Allapur,Rural,386,2396,1222,1174,405,199,206,985,493,492,0,0,0,955,606,349,1441,616,825,1155,656,499,1134,646,488,158,126,32,848,417,431,4,2,2,124,101,23,21,10,11,1,1,0,11,4,7,2,1,1,7,4,3,15,7,8,1,1,0,10,4,6,1,1,0,3,1,2,6,3,3,0,0,0,1,0,1,1,0,1,4,3,1,1241,566,675
29,579,0154,620804,0000,000000,KARNATAKA,Gulbarga,VILLAGE,Biryalhissa,Rural,97,518,274,244,72,37,35,47,22,25,1,0,1,294,184,110,224,90,134,265,148,117,264,147,117,121,93,28,117,34,83,0,0,0,26,20,6,1,1,0,1,1,0,0,0,0,0,0,0,0,0,0,1,1,0,1,1,0,0,0,0,0,0,0,0,0,0,0,0,0,0,0,0,0,0,0,0,0,0,0,0,0,253,126,127
29,579,0154,620805,0000,000000,KARNATAKA,Gulbarga,VILLAGE,Malli,Rural,1034,5694,2930,2764,883,462,421,1230,666,564,245,132,113,2818,1758,1060,2876,1172,1704,2916,1572,1344,2124,1281,843,366,349,17,1354,612,742,17,13,4,387,307,80,792,291,501,4,3,1,662,261,401,3,0,3,123,27,96,767,285,482,3,2,1,642,258,384,2,0,2,120,25,95,25,6,19,1,1,0,20,3,17,1,0,1,3,2,1,2778,1358,1420
29,579,0154,620806,0000,000000,KARNATAKA,Gulbarga,VILLAGE,Kuralgera,Rural,500,2760,1414,1346,405,191,214,412,218,194,81,45,36,1469,911,558,1291,503,788,1090,783,307,871,709,162,385,377,8,370,236,134,14,12,2,102,84,18,219,74,145,11,3,8,199,66,133,4,1,3,5,4,1,178,55,123,10,3,7,159,47,112,4,1,3,5,4,1,41,19,22,1,0,1,40,19,21,0,0,0,0,0,0,1670,631,1039
29,579,0154,620807,0000,000000,KARNATAKA,Gulbarga,VILLAGE,Nagarhalli S.Malli,Rural,367,2031,1084,947,365,205,160,820,451,369,206,108,98,1308,726,582,723,358,365,955,568,387,947,564,383,142,132,10,703,347,356,1,1,0,101,84,17,8,4,4,1,1,0,3,0,3,0,0,0,4,3,1,8,4,4,1,1,0,3,0,3,0,0,0,4,3,1,0,0,0,0,0,0,0,0,0,0,0,0,0,0,0,1076,516,560
29,579,0154,620808,0000,000000,KARNATAKA,Gulbarga,VILLAGE,Wadgera,Rural,680,3936,1985,1951,606,302,304,421,210,211,407,200,207,2016,1232,784,1920,753,1167,1522,1025,497,1407,970,437,340,304,36,787,430,357,24,16,8,256,220,36,115,55,60,32,13,19,54,17,37,1,0,1,28,25,3,106,46,60,29,10,19,52,15,37,1,0,1,24,21,3,9,9,0,3,3,0,2,2,0,0,0,0,4,4,0,2414,960,1454
29,579,0154,620809,0000,000000,KARNATAKA,Gulbarga,VILLAGE,Bennur,Rural,117,704,365,339,187,97,90,163,80,83,0,0,0,278,189,89,426,176,250,195,171,24,155,145,10,144,139,5,1,1,0,2,0,2,8,5,3,40,26,14,5,4,1,34,21,13,0,0,0,1,1,0,40,26,14,5,4,1,34,21,13,0,0,0,1,1,0,0,0,0,0,0,0,0,0,0,0,0,0,0,0,0,509,194,315
29,579,0154,620810,0000,000000,KARNATAKA,Gulbarga,VILLAGE,Gobberwadgi,Rural,127,764,369,395,117,54,63,180,90,90,0,0,0,387,224,163,377,145,232,402,188,214,353,181,172,135,128,7,141,17,124,1,1,0,76,35,41,49,7,42,1,1,0,37,3,34,0,0,0,11,3,8,49,7,42,1,1,0,37,3,34,0,0,0,11,3,8,0,0,0,0,0,0,0,0,0,0,0,0,0,0,0,362,181,181
29,579,0154,620811,0000,000000,KARNATAKA,Gulbarga,VILLAGE,Kasrbhosga,Rural,428,2533,1283,1250,370,192,178,538,271,267,118,58,60,1261,751,510,1272,532,740,1206,671,535,1190,665,525,447,298,149,565,233,332,11,3,8,167,131,36,16,6,10,3,2,1,9,2,7,0,0,0,4,2,2,12,5,7,3,2,1,6,1,5,0,0,0,3,2,1,4,1,3,0,0,0,3,1,2,0,0,0,1,0,1,1327,612,715
29,579,0154,620812,0000,000000,KARNATAKA,Gulbarga,VILLAGE,Mutkod,Rural,323,1906,964,942,291,154,137,502,258,244,92,52,40,843,543,300,1063,421,642,816,515,301,690,420,270,256,202,54,326,129,197,3,3,0,105,86,19,126,95,31,15,7,8,56,39,17,0,0,0,55,49,6,121,90,31,15,7,8,56,39,17,0,0,0,50,44,6,5,5,0,0,0,0,0,0,0,0,0,0,5,5,0,1090,449,641
29,579,0154,620813,0000,000000,KARNATAKA,Gulbarga,VILLAGE,Jawalga,Rural,182,1115,587,528,198,102,96,270,135,135,0,0,0,577,371,206,538,216,322,532,303,229,312,289,23,153,149,4,109,99,10,0,0,0,50,41,9,220,14,206,11,4,7,209,10,199,0,0,0,0,0,0,212,12,200,8,4,4,204,8,196,0,0,0,0,0,0,8,2,6,3,0,3,5,2,3,0,0,0,0,0,0,583,284,299
29,579,0154,620814,0000,000000,KARNATAKA,Gulbarga,VILLAGE,Ijeri,Rural,1063,6761,3419,3342,1105,560,545,1104,537,567,752,392,360,3167,1904,1263,3594,1515,2079,2805,1781,1024,2340,1562,778,737,621,116,1210,607,603,57,50,7,336,284,52,465,219,246,41,30,11,318,112,206,20,17,3,86,60,26,460,216,244,41,30,11,313,109,204,20,17,3,86,60,26,5,3,2,0,0,0,5,3,2,0,0,0,0,0,0,3956,1638,2318
29,579,0154,620815,0000,000000,KARNATAKA,Gulbarga,VILLAGE,Halgadla,Rural,337,1910,959,951,293,155,138,332,168,164,682,326,356,826,493,333,1084,466,618,884,556,328,547,412,135,277,259,18,221,109,112,0,0,0,49,44,5,337,144,193,38,37,1,289,103,186,1,1,0,9,3,6,333,143,190,38,37,1,286,102,184,1,1,0,8,3,5,4,1,3,0,0,0,3,1,2,0,0,0,1,0,1,1026,403,623
29,579,0154,620816,0000,000000,KARNATAKA,Gulbarga,VILLAGE,Somnathhalli,Rural,68,436,216,220,82,43,39,0,0,0,40,21,19,212,124,88,224,92,132,125,110,15,89,87,2,51,51,0,12,11,1,0,0,0,26,25,1,36,23,13,0,0,0,31,20,11,0,0,0,5,3,2,31,21,10,0,0,0,27,19,8,0,0,0,4,2,2,5,2,3,0,0,0,4,1,3,0,0,0,1,1,0,311,106,205
29,579,0154,620817,0000,000000,KARNATAKA,Gulbarga,VILLAGE,Gogihal,Rural,245,1317,670,647,212,110,102,510,270,240,0,0,0,628,373,255,689,297,392,684,386,298,600,347,253,187,138,49,346,157,189,4,1,3,63,51,12,84,39,45,7,5,2,39,12,27,0,0,0,38,22,16,84,39,45,7,5,2,39,12,27,0,0,0,38,22,16,0,0,0,0,0,0,0,0,0,0,0,0,0,0,0,633,284,349
29,579,0154,620818,0000,000000,KARNATAKA,Gulbarga,VILLAGE,Kakhandki,Rural,190,1184,590,594,176,78,98,848,415,433,20,10,10,638,402,236,546,188,358,361,304,57,343,292,51,176,172,4,83,46,37,1,1,0,83,73,10,18,12,6,0,0,0,7,5,2,3,2,1,8,5,3,11,6,5,0,0,0,6,4,2,1,1,0,4,1,3,7,6,1,0,0,0,1,1,0,2,1,1,4,4,0,823,286,537
29,579,0154,620819,0000,000000,KARNATAKA,Gulbarga,VILLAGE,Alur,Rural,415,2595,1344,1251,416,218,198,737,385,352,813,405,408,1330,845,485,1265,499,766,1236,649,587,723,479,244,384,311,73,200,61,139,11,8,3,128,99,29,513,170,343,195,11,184,173,34,139,9,6,3,136,119,17,500,162,338,194,10,184,168,32,136,9,6,3,129,114,15,13,8,5,1,1,0,5,2,3,0,0,0,7,5,2,1359,695,664
29,579,0154,620820,0000,000000,KARNATAKA,Gulbarga,VILLAGE,Warvi,Rural,196,983,497,486,155,71,84,226,125,101,0,0,0,489,312,177,494,185,309,448,265,183,268,255,13,146,144,2,103,95,8,2,2,0,17,14,3,180,10,170,0,0,0,179,10,169,0,0,0,1,0,1,176,10,166,0,0,0,176,10,166,0,0,0,0,0,0,4,0,4,0,0,0,3,0,3,0,0,0,1,0,1,535,232,303
29,579,0154,620821,0000,000000,KARNATAKA,Gulbarga,VILLAGE,Karkihalli,Rural,152,943,484,459,144,67,77,134,69,65,0,0,0,457,298,159,486,186,300,481,247,234,379,227,152,140,111,29,128,22,106,0,0,0,111,94,17,102,20,82,12,4,8,74,6,68,1,1,0,15,9,6,102,20,82,12,4,8,74,6,68,1,1,0,15,9,6,0,0,0,0,0,0,0,0,0,0,0,0,0,0,0,462,237,225
29,579,0154,620822,0000,000000,KARNATAKA,Gulbarga,VILLAGE,Yalgod,Rural,426,2504,1315,1189,356,194,162,499,261,238,15,6,9,1146,735,411,1358,580,778,1332,749,583,1313,741,572,581,460,121,636,206,430,18,16,2,78,59,19,19,8,11,4,3,1,7,0,7,1,0,1,7,5,2,18,7,11,4,3,1,7,0,7,1,0,1,6,4,2,1,1,0,0,0,0,0,0,0,0,0,0,1,1,0,1172,566,606
29,579,0154,620823,0000,000000,KARNATAKA,Gulbarga,VILLAGE,Anadgi,Rural,114,701,355,346,145,77,68,9,4,5,0,0,0,280,184,96,421,171,250,330,176,154,329,176,153,124,114,10,204,62,142,0,0,0,1,0,1,1,0,1,0,0,0,1,0,1,0,0,0,0,0,0,0,0,0,0,0,0,0,0,0,0,0,0,0,0,0,1,0,1,0,0,0,1,0,1,0,0,0,0,0,0,371,179,192
29,579,0154,620824,0000,000000,KARNATAKA,Gulbarga,VILLAGE,Nandihalli,Rural,177,1052,532,520,180,79,101,314,160,154,0,0,0,539,344,195,513,188,325,438,301,137,438,301,137,222,210,12,189,74,115,1,1,0,26,16,10,0,0,0,0,0,0,0,0,0,0,0,0,0,0,0,0,0,0,0,0,0,0,0,0,0,0,0,0,0,0,0,0,0,0,0,0,0,0,0,0,0,0,0,0,0,614,231,383
29,579,0154,620825,0000,000000,KARNATAKA,Gulbarga,VILLAGE,Sathkhed,Rural,307,1808,872,936,342,162,180,538,260,278,45,20,25,749,448,301,1059,424,635,744,436,308,654,412,242,256,249,7,333,108,225,16,14,2,49,41,8,90,24,66,3,2,1,85,22,63,0,0,0,2,0,2,89,24,65,3,2,1,84,22,62,0,0,0,2,0,2,1,0,1,0,0,0,1,0,1,0,0,0,0,0,0,1064,436,628
29,579,0154,620826,0000,000000,KARNATAKA,Gulbarga,VILLAGE,Niradgi,Rural,135,837,444,393,133,77,56,194,94,100,0,0,0,356,227,129,481,217,264,439,221,218,436,221,215,118,115,3,298,93,205,0,0,0,20,13,7,3,0,3,0,0,0,3,0,3,0,0,0,0,0,0,3,0,3,0,0,0,3,0,3,0,0,0,0,0,0,0,0,0,0,0,0,0,0,0,0,0,0,0,0,0,398,223,175
29,579,0154,620827,0000,000000,KARNATAKA,Gulbarga,VILLAGE,Maradgi S.Madarki,Rural,156,943,491,452,164,83,81,317,158,159,15,10,5,374,241,133,569,250,319,482,283,199,476,280,196,209,205,4,263,73,190,0,0,0,4,2,2,6,3,3,2,2,0,4,1,3,0,0,0,0,0,0,6,3,3,2,2,0,4,1,3,0,0,0,0,0,0,0,0,0,0,0,0,0,0,0,0,0,0,0,0,0,461,208,253
29,579,0154,620828,0000,000000,KARNATAKA,Gulbarga,VILLAGE,Bilwar,Rural,499,2929,1463,1466,429,208,221,428,231,197,4,3,1,1521,902,619,1408,561,847,1435,831,604,652,508,144,284,226,58,100,57,43,66,50,16,202,175,27,783,323,460,15,10,5,125,62,63,79,32,47,564,219,345,362,150,212,15,10,5,120,61,59,68,30,38,159,49,110,421,173,248,0,0,0,5,1,4,11,2,9,405,170,235,1494,632,862
29,579,0154,620829,0000,000000,KARNATAKA,Gulbarga,VILLAGE,Tippnal,Rural,0,0,0,0,0,0,0,0,0,0,0,0,0,0,0,0,0,0,0,0,0,0,0,0,0,0,0,0,0,0,0,0,0,0,0,0,0,0,0,0,0,0,0,0,0,0,0,0,0,0,0,0,0,0,0,0,0,0,0,0,0,0,0,0,0,0,0,0,0,0,0,0,0,0,0,0,0,0,0,0,0,0,0,0,0
29,579,0154,620830,0000,000000,KARNATAKA,Gulbarga,VILLAGE,Mangaloor,Rural,128,758,390,368,114,52,62,200,97,103,0,0,0,423,277,146,335,113,222,405,216,189,401,216,185,16,12,4,378,200,178,0,0,0,7,4,3,4,0,4,0,0,0,3,0,3,0,0,0,1,0,1,4,0,4,0,0,0,3,0,3,0,0,0,1,0,1,0,0,0,0,0,0,0,0,0,0,0,0,0,0,0,353,174,179
29,579,0154,620831,0000,000000,KARNATAKA,Gulbarga,VILLAGE,Kachur,Rural,128,930,481,449,157,78,79,156,84,72,2,0,2,496,308,188,434,173,261,261,252,9,259,250,9,121,116,5,44,41,3,0,0,0,94,93,1,2,2,0,0,0,0,0,0,0,0,0,0,2,2,0,2,2,0,0,0,0,0,0,0,0,0,0,2,2,0,0,0,0,0,0,0,0,0,0,0,0,0,0,0,0,669,229,440
29,579,0154,620832,0000,000000,KARNATAKA,Gulbarga,VILLAGE,Shivapur,Rural,320,1846,961,885,286,145,141,886,465,421,78,39,39,994,627,367,852,334,518,1003,521,482,951,498,453,422,304,118,436,116,320,1,1,0,92,77,15,52,23,29,3,1,2,16,3,13,5,4,1,28,15,13,49,21,28,3,1,2,16,3,13,5,4,1,25,13,12,3,2,1,0,0,0,0,0,0,0,0,0,3,2,1,843,440,403
29,579,0154,620833,0000,000000,KARNATAKA,Gulbarga,VILLAGE,Nagarhalli,Rural,0,0,0,0,0,0,0,0,0,0,0,0,0,0,0,0,0,0,0,0,0,0,0,0,0,0,0,0,0,0,0,0,0,0,0,0,0,0,0,0,0,0,0,0,0,0,0,0,0,0,0,0,0,0,0,0,0,0,0,0,0,0,0,0,0,0,0,0,0,0,0,0,0,0,0,0,0,0,0,0,0,0,0,0,0
29,579,0154,620834,0000,000000,KARNATAKA,Gulbarga,VILLAGE,Jamkhandi,Rural,182,1185,606,579,245,126,119,601,316,285,148,69,79,434,283,151,751,323,428,564,311,253,311,286,25,156,155,1,83,69,14,2,2,0,70,60,10,253,25,228,2,1,1,240,15,225,3,2,1,8,7,1,251,23,228,2,1,1,240,15,225,3,2,1,6,5,1,2,2,0,0,0,0,0,0,0,0,0,0,2,2,0,621,295,326
29,579,0154,620835,0000,000000,KARNATAKA,Gulbarga,VILLAGE,Konnur,Rural,56,387,206,181,55,25,30,371,198,173,0,0,0,186,128,58,201,78,123,210,110,100,103,86,17,52,52,0,41,24,17,0,0,0,10,10,0,107,24,83,1,0,1,104,22,82,0,0,0,2,2,0,105,22,83,1,0,1,103,21,82,0,0,0,1,1,0,2,2,0,0,0,0,1,1,0,0,0,0,1,1,0,177,96,81
29,579,0154,620836,0000,000000,KARNATAKA,Gulbarga,VILLAGE,Sadnapur,Rural,0,0,0,0,0,0,0,0,0,0,0,0,0,0,0,0,0,0,0,0,0,0,0,0,0,0,0,0,0,0,0,0,0,0,0,0,0,0,0,0,0,0,0,0,0,0,0,0,0,0,0,0,0,0,0,0,0,0,0,0,0,0,0,0,0,0,0,0,0,0,0,0,0,0,0,0,0,0,0,0,0,0,0,0,0
29,579,0154,620837,0000,000000,KARNATAKA,Gulbarga,VILLAGE,Balbatti,Rural,416,2621,1351,1270,413,218,195,856,445,411,376,201,175,1221,744,477,1400,607,793,1127,710,417,1070,697,373,193,180,13,686,356,330,6,5,1,185,156,29,57,13,44,1,1,0,55,12,43,0,0,0,1,0,1,56,13,43,1,1,0,54,12,42,0,0,0,1,0,1,1,0,1,0,0,0,1,0,1,0,0,0,0,0,0,1494,641,853
29,579,0154,620838,0000,000000,KARNATAKA,Gulbarga,VILLAGE,Mallbad,Rural,292,1818,914,904,282,144,138,296,152,144,207,101,106,788,478,310,1030,436,594,1005,493,512,444,425,19,397,384,13,8,7,1,3,3,0,36,31,5,561,68,493,5,2,3,531,45,486,1,0,1,24,21,3,559,66,493,5,2,3,531,45,486,1,0,1,22,19,3,2,2,0,0,0,0,0,0,0,0,0,0,2,2,0,813,421,392
29,579,0154,620839,0000,000000,KARNATAKA,Gulbarga,VILLAGE,Amberkhed,Rural,172,1012,519,493,173,85,88,445,233,212,38,20,18,449,285,164,563,234,329,544,277,267,267,245,22,217,203,14,19,14,5,3,3,0,28,25,3,277,32,245,10,5,5,254,16,238,3,3,0,10,8,2,272,28,244,9,4,5,252,15,237,3,3,0,8,6,2,5,4,1,1,1,0,2,1,1,0,0,0,2,2,0,468,242,226
29,579,0154,620840,0000,000000,KARNATAKA,Gulbarga,VILLAGE,Badardhavi,Rural,0,0,0,0,0,0,0,0,0,0,0,0,0,0,0,0,0,0,0,0,0,0,0,0,0,0,0,0,0,0,0,0,0,0,0,0,0,0,0,0,0,0,0,0,0,0,0,0,0,0,0,0,0,0,0,0,0,0,0,0,0,0,0,0,0,0,0,0,0,0,0,0,0,0,0,0,0,0,0,0,0,0,0,0,0
29,579,0154,620841,0000,000000,KARNATAKA,Gulbarga,VILLAGE,Channur,Rural,265,1539,763,776,272,140,132,326,167,159,76,34,42,689,421,268,850,342,508,732,381,351,700,359,341,147,92,55,395,134,261,0,0,0,158,133,25,32,22,10,3,3,0,17,8,9,0,0,0,12,11,1,24,14,10,3,3,0,13,4,9,0,0,0,8,7,1,8,8,0,0,0,0,4,4,0,0,0,0,4,4,0,807,382,425
29,579,0154,620842,0000,000000,KARNATAKA,Gulbarga,VILLAGE,Gudur S.Andola,Rural,578,3492,1752,1740,544,273,271,1286,647,639,516,242,274,1567,970,597,1925,782,1143,1791,958,833,1611,903,708,236,231,5,979,416,563,25,11,14,371,245,126,180,55,125,6,4,2,94,8,86,4,1,3,76,42,34,165,51,114,6,4,2,88,7,81,4,1,3,67,39,28,15,4,11,0,0,0,6,1,5,0,0,0,9,3,6,1701,794,907
29,579,0154,620843,0000,000000,KARNATAKA,Gulbarga,VILLAGE,Butnal,Rural,106,642,341,301,105,58,47,144,70,74,107,57,50,347,210,137,295,131,164,346,177,169,331,172,159,219,104,115,64,27,37,0,0,0,48,41,7,15,5,10,0,0,0,11,1,10,0,0,0,4,4,0,11,3,8,0,0,0,8,0,8,0,0,0,3,3,0,4,2,2,0,0,0,3,1,2,0,0,0,1,1,0,296,164,132
29,579,0154,620844,0000,000000,KARNATAKA,Gulbarga,VILLAGE,Kattisangavi,Rural,435,2333,1150,1183,378,190,188,538,266,272,102,57,45,1257,739,518,1076,411,665,933,619,314,812,550,262,225,178,47,286,139,147,3,3,0,298,230,68,121,69,52,2,2,0,78,40,38,0,0,0,41,27,14,116,64,52,2,2,0,77,39,38,0,0,0,37,23,14,5,5,0,0,0,0,1,1,0,0,0,0,4,4,0,1400,531,869
29,579,0154,620845,0000,000000,KARNATAKA,Gulbarga,VILLAGE,Madri,Rural,353,2100,1049,1051,318,152,166,226,116,110,126,65,61,896,525,371,1204,524,680,1072,585,487,1038,566,472,262,184,78,589,272,317,67,43,24,120,67,53,34,19,15,6,6,0,21,7,14,1,1,0,6,5,1,33,19,14,6,6,0,20,7,13,1,1,0,6,5,1,1,0,1,0,0,0,1,0,1,0,0,0,0,0,0,1028,464,564
29,579,0154,620846,0000,000000,KARNATAKA,Gulbarga,VILLAGE,Yangunti,Rural,184,1082,520,562,183,83,100,139,69,70,14,5,9,536,308,228,546,212,334,351,265,86,198,181,17,104,102,2,41,31,10,1,1,0,52,47,5,153,84,69,4,4,0,105,43,62,1,0,1,43,37,6,149,81,68,4,4,0,103,42,61,1,0,1,41,35,6,4,3,1,0,0,0,2,1,1,0,0,0,2,2,0,731,255,476
29,579,0154,620847,0000,000000,KARNATAKA,Gulbarga,VILLAGE,Naribole,Rural,709,4246,2118,2128,686,352,334,740,371,369,1697,840,857,1714,1024,690,2532,1094,1438,2101,1090,1011,1914,997,917,354,323,31,1352,544,808,13,8,5,195,122,73,187,93,94,21,17,4,99,36,63,17,9,8,50,31,19,184,91,93,21,17,4,99,36,63,16,8,8,48,30,18,3,2,1,0,0,0,0,0,0,1,1,0,2,1,1,2145,1028,1117
29,579,0154,620848,0000,000000,KARNATAKA,Gulbarga,VILLAGE,Rajwal,Rural,195,1085,518,567,194,90,104,188,86,102,130,67,63,462,265,197,623,253,370,570,280,290,566,278,288,200,196,4,360,78,282,0,0,0,6,4,2,4,2,2,2,1,1,2,1,1,0,0,0,0,0,0,3,2,1,2,1,1,1,1,0,0,0,0,0,0,0,1,0,1,0,0,0,1,0,1,0,0,0,0,0,0,515,238,277
29,579,0154,620849,0000,000000,KARNATAKA,Gulbarga,VILLAGE,Malla (B),Rural,195,1024,503,521,201,107,94,229,122,107,13,5,8,423,248,175,601,255,346,664,326,338,428,259,169,386,239,147,5,1,4,12,6,6,25,13,12,236,67,169,18,11,7,149,17,132,8,3,5,61,36,25,231,65,166,17,10,7,148,17,131,6,2,4,60,36,24,5,2,3,1,1,0,1,0,1,2,1,1,1,0,1,360,177,183
29,579,0154,620850,0000,000000,KARNATAKA,Gulbarga,VILLAGE,Malla (K),Rural,162,980,492,488,161,79,82,279,147,132,99,47,52,375,236,139,605,256,349,552,282,270,487,254,233,99,90,9,306,140,166,7,4,3,75,20,55,65,28,37,2,1,1,54,21,33,0,0,0,9,6,3,64,28,36,1,1,0,54,21,33,0,0,0,9,6,3,1,0,1,1,0,1,0,0,0,0,0,0,0,0,0,428,210,218
29,579,0154,620851,0000,000000,KARNATAKA,Gulbarga,VILLAGE,Biryal (K),Rural,231,1226,609,617,196,94,102,201,100,101,124,59,65,574,349,225,652,260,392,577,312,265,572,308,264,382,215,167,185,90,95,1,0,1,4,3,1,5,4,1,4,3,1,0,0,0,0,0,0,1,1,0,5,4,1,4,3,1,0,0,0,0,0,0,1,1,0,0,0,0,0,0,0,0,0,0,0,0,0,0,0,0,649,297,352
29,579,0154,620852,0000,000000,KARNATAKA,Gulbarga,VILLAGE,Andola,Rural,1105,5918,2962,2956,887,472,415,1297,655,642,218,112,106,2879,1690,1189,3039,1272,1767,2732,1571,1161,2646,1525,1121,621,475,146,1715,793,922,4,3,1,306,254,52,86,46,40,13,7,6,53,24,29,6,3,3,14,12,2,78,39,39,12,6,6,48,20,28,5,2,3,13,11,2,8,7,1,1,1,0,5,4,1,1,1,0,1,1,0,3186,1391,1795
29,579,0154,620853,0000,000000,KARNATAKA,Gulbarga,VILLAGE,Jainapur,Rural,254,1256,675,581,178,102,76,372,206,166,27,18,9,577,381,196,679,294,385,735,384,351,82,79,3,70,69,1,1,0,1,8,7,1,3,3,0,653,305,348,4,3,1,604,274,330,13,6,7,32,22,10,652,304,348,3,2,1,604,274,330,13,6,7,32,22,10,1,1,0,1,1,0,0,0,0,0,0,0,0,0,0,521,291,230
29,579,0154,620854,0000,000000,KARNATAKA,Gulbarga,VILLAGE,Chigarhalli,Rural,174,1047,538,509,196,104,92,144,73,71,115,57,58,535,331,204,512,207,305,410,278,132,337,232,105,119,80,39,82,40,42,12,8,4,124,104,20,73,46,27,3,1,2,23,13,10,17,10,7,30,22,8,66,44,22,2,1,1,22,13,9,16,10,6,26,20,6,7,2,5,1,0,1,1,0,1,1,0,1,4,2,2,637,260,377
29,579,0154,620855,0000,000000,KARNATAKA,Gulbarga,VILLAGE,Sigarthalli,Rural,279,1700,847,853,258,119,139,124,64,60,12,7,5,814,487,327,886,360,526,759,455,304,584,401,183,205,179,26,190,70,120,5,2,3,184,150,34,175,54,121,19,15,4,92,25,67,2,0,2,62,14,48,169,52,117,19,15,4,90,25,65,2,0,2,58,12,46,6,2,4,0,0,0,2,0,2,0,0,0,4,2,2,941,392,549
29,579,0154,620856,0000,000000,KARNATAKA,Gulbarga,VILLAGE,Ganwar,Rural,892,5362,2723,2639,814,424,390,613,315,298,88,48,40,2559,1523,1036,2803,1200,1603,2554,1416,1138,2370,1324,1046,359,302,57,1715,792,923,24,14,10,272,216,56,184,92,92,5,3,2,154,74,80,6,6,0,19,9,10,182,91,91,5,3,2,152,73,79,6,6,0,19,9,10,2,1,1,0,0,0,2,1,1,0,0,0,0,0,0,2808,1307,1501
29,579,0154,620857,0000,000000,KARNATAKA,Gulbarga,VILLAGE,Biryal (B),Rural,351,2114,1083,1031,330,187,143,482,247,235,465,239,226,929,554,375,1185,529,656,1025,569,456,653,392,261,225,164,61,223,114,109,105,37,68,100,77,23,372,177,195,12,7,5,329,153,176,19,8,11,12,9,3,71,31,40,8,5,3,41,15,26,13,5,8,9,6,3,301,146,155,4,2,2,288,138,150,6,3,3,3,3,0,1089,514,575
29,579,0154,620858,0000,000000,KARNATAKA,Gulbarga,VILLAGE,Honnal,Rural,146,891,420,471,167,75,92,119,56,63,0,0,0,348,213,135,543,207,336,471,223,248,441,219,222,157,137,20,195,37,158,0,0,0,89,45,44,30,4,26,1,1,0,5,0,5,0,0,0,24,3,21,7,2,5,1,1,0,3,0,3,0,0,0,3,1,2,23,2,21,0,0,0,2,0,2,0,0,0,21,2,19,420,197,223
29,579,0154,620859,0000,000000,KARNATAKA,Gulbarga,VILLAGE,Hotinmadu,Rural,103,525,264,261,87,41,46,142,76,66,11,7,4,222,137,85,303,127,176,310,160,150,306,159,147,246,127,119,57,32,25,0,0,0,3,0,3,4,1,3,1,1,0,3,0,3,0,0,0,0,0,0,4,1,3,1,1,0,3,0,3,0,0,0,0,0,0,0,0,0,0,0,0,0,0,0,0,0,0,0,0,0,215,104,111
29,579,0154,620860,0000,000000,KARNATAKA,Gulbarga,VILLAGE,Hanchinal Bhari,Rural,0,0,0,0,0,0,0,0,0,0,0,0,0,0,0,0,0,0,0,0,0,0,0,0,0,0,0,0,0,0,0,0,0,0,0,0,0,0,0,0,0,0,0,0,0,0,0,0,0,0,0,0,0,0,0,0,0,0,0,0,0,0,0,0,0,0,0,0,0,0,0,0,0,0,0,0,0,0,0,0,0,0,0,0,0
29,579,0154,620861,0000,000000,KARNATAKA,Gulbarga,VILLAGE,Rampur,Rural,150,736,366,370,155,73,82,116,60,56,32,15,17,285,166,119,451,200,251,409,223,186,287,202,85,109,108,1,128,61,67,0,0,0,50,33,17,122,21,101,3,2,1,115,16,99,0,0,0,4,3,1,79,17,62,2,1,1,74,13,61,0,0,0,3,3,0,43,4,39,1,1,0,41,3,38,0,0,0,1,0,1,327,143,184
29,579,0154,620862,0000,000000,KARNATAKA,Gulbarga,VILLAGE,Maradgi S.Andola,Rural,245,1621,829,792,300,159,141,363,192,171,0,0,0,666,417,249,955,412,543,662,394,268,658,390,268,294,237,57,306,105,201,3,3,0,55,45,10,4,4,0,0,0,0,2,2,0,0,0,0,2,2,0,4,4,0,0,0,0,2,2,0,0,0,0,2,2,0,0,0,0,0,0,0,0,0,0,0,0,0,0,0,0,959,435,524
29,579,0154,620863,0000,000000,KARNATAKA,Gulbarga,VILLAGE,Yalwar,Rural,584,3340,1657,1683,575,287,288,592,302,290,410,203,207,1472,883,589,1868,774,1094,1509,902,607,792,571,221,389,334,55,218,82,136,3,2,1,182,153,29,717,331,386,18,13,5,628,277,351,9,4,5,62,37,25,690,314,376,18,13,5,616,269,347,9,4,5,47,28,19,27,17,10,0,0,0,12,8,4,0,0,0,15,9,6,1831,755,1076
29,579,0154,620864,0000,000000,KARNATAKA,Gulbarga,VILLAGE,Kodchi,Rural,210,1296,660,636,234,124,110,174,94,80,468,236,232,405,259,146,891,401,490,713,380,333,411,293,118,195,191,4,161,56,105,1,1,0,54,45,9,302,87,215,5,4,1,277,65,212,1,1,0,19,17,2,297,85,212,4,3,1,274,65,209,1,1,0,18,16,2,5,2,3,1,1,0,3,0,3,0,0,0,1,1,0,583,280,303
29,579,0154,620865,0000,000000,KARNATAKA,Gulbarga,VILLAGE,Lakhanapur,Rural,188,985,494,491,134,79,55,287,151,136,214,107,107,451,243,208,534,251,283,563,287,276,380,248,132,67,64,3,269,148,121,11,9,2,33,27,6,183,39,144,9,7,2,149,20,129,13,6,7,12,6,6,180,38,142,9,7,2,149,20,129,10,5,5,12,6,6,3,1,2,0,0,0,0,0,0,3,1,2,0,0,0,422,207,215
29,579,0154,620866,0000,000000,KARNATAKA,Gulbarga,VILLAGE,Ibrahimpur,Rural,0,0,0,0,0,0,0,0,0,0,0,0,0,0,0,0,0,0,0,0,0,0,0,0,0,0,0,0,0,0,0,0,0,0,0,0,0,0,0,0,0,0,0,0,0,0,0,0,0,0,0,0,0,0,0,0,0,0,0,0,0,0,0,0,0,0,0,0,0,0,0,0,0,0,0,0,0,0,0,0,0,0,0,0,0
29,579,0154,620867,0000,000000,KARNATAKA,Gulbarga,VILLAGE,Viratnal,Rural,0,0,0,0,0,0,0,0,0,0,0,0,0,0,0,0,0,0,0,0,0,0,0,0,0,0,0,0,0,0,0,0,0,0,0,0,0,0,0,0,0,0,0,0,0,0,0,0,0,0,0,0,0,0,0,0,0,0,0,0,0,0,0,0,0,0,0,0,0,0,0,0,0,0,0,0,0,0,0,0,0,0,0,0,0
29,579,0154,620868,0000,000000,KARNATAKA,Gulbarga,VILLAGE,Padgadhalli,Rural,217,1108,571,537,161,91,70,256,120,136,352,189,163,529,313,216,579,258,321,476,271,205,398,236,162,312,193,119,77,38,39,3,1,2,6,4,2,78,35,43,3,1,2,69,29,40,4,3,1,2,2,0,75,33,42,3,1,2,68,29,39,2,1,1,2,2,0,3,2,1,0,0,0,1,0,1,2,2,0,0,0,0,632,300,332
29,579,0154,620869,0000,000000,KARNATAKA,Gulbarga,VILLAGE,Konhalli,Rural,0,0,0,0,0,0,0,0,0,0,0,0,0,0,0,0,0,0,0,0,0,0,0,0,0,0,0,0,0,0,0,0,0,0,0,0,0,0,0,0,0,0,0,0,0,0,0,0,0,0,0,0,0,0,0,0,0,0,0,0,0,0,0,0,0,0,0,0,0,0,0,0,0,0,0,0,0,0,0,0,0,0,0,0,0
29,579,0154,620870,0000,000000,KARNATAKA,Gulbarga,VILLAGE,Kadyapur,Rural,163,968,484,484,149,66,83,449,237,212,221,107,114,375,222,153,593,262,331,366,258,108,325,247,78,270,213,57,48,29,19,1,1,0,6,4,2,41,11,30,11,5,6,24,5,19,2,1,1,4,0,4,38,10,28,10,4,6,24,5,19,2,1,1,2,0,2,3,1,2,1,1,0,0,0,0,0,0,0,2,0,2,602,226,376
29,579,0154,620871,0000,000000,KARNATAKA,Gulbarga,VILLAGE,Mudbal (B),Rural,212,1226,619,607,229,127,102,638,323,315,0,0,0,571,344,227,655,275,380,524,316,208,478,303,175,106,104,2,268,110,158,2,2,0,102,87,15,46,13,33,2,2,0,37,7,30,2,1,1,5,3,2,44,11,33,2,2,0,36,6,30,2,1,1,4,2,2,2,2,0,0,0,0,1,1,0,0,0,0,1,1,0,702,303,399
29,579,0154,620872,0000,000000,KARNATAKA,Gulbarga,VILLAGE,Mudbal (K),Rural,91,581,288,293,87,43,44,210,102,108,66,28,38,311,190,121,270,98,172,286,164,122,207,151,56,58,54,4,72,32,40,0,0,0,77,65,12,79,13,66,0,0,0,77,11,66,0,0,0,2,2,0,79,13,66,0,0,0,77,11,66,0,0,0,2,2,0,0,0,0,0,0,0,0,0,0,0,0,0,0,0,0,295,124,171
29,579,0154,620873,0000,000000,KARNATAKA,Gulbarga,VILLAGE,Varchanhalli,Rural,131,864,433,431,147,75,72,304,148,156,40,20,20,403,232,171,461,201,260,348,217,131,327,204,123,106,92,14,204,96,108,0,0,0,17,16,1,21,13,8,0,0,0,14,9,5,1,1,0,6,3,3,20,12,8,0,0,0,14,9,5,1,1,0,5,2,3,1,1,0,0,0,0,0,0,0,0,0,0,1,1,0,516,216,300
