State/UTs_Code,District_Code,CD Block_Code,Town/Village_Code,Ward_Code,EB_Code,State/UTs_Name,District_Name,Level,Name,Total/Rural/Urban,No of Households,Total Population Person,Total Population Male,Total Population Female,Population in the age group 0-6 Person,Population in the age group 0-6 Male,Population in the age group 0-6 Female,Scheduled Castes population Person,Scheduled Castes population Male,Scheduled Castes population Female,Scheduled Tribes population Person,Scheduled Tribes population Male,Scheduled Tribes population Female,Literates Population Person,Literates Population Male,Literates Population Female,Illiterate Persons,Illiterate Male,Illiterate Female,Total Worker Population Person,Total Worker Population Male,Total Worker Population Female,Main Working Population Person,Main Working Population Male,Main Working Population Female,Main Cultivator Population Person,Main Cultivator Population Male,Main Cultivator Population Female,Main Agricultural Labourers Population Person,Main Agricultural Labourers Population Male,Main Agricultural Labourers Population Female,Main Household Industries Population Person,Main Household Industries Population Male,Main Household Industries Population Female,Main Other Workers Population Person,Main Other Workers Population Male,Main Other Workers Population Female,Marginal Worker Population Person,Marginal Worker Population Male,Marginal Worker Population Female,Marginal Cultivator Population Person,Marginal Cultivator Population Male,Marginal Cultivator Population Female,Marginal Agriculture Labourers Population Person,Marginal Agriculture Labourers Population Male,Marginal Agriculture Labourers Population Female,Marginal Household Industries Population Person,Marginal Household Industries Population Male,Marginal Household Industries Population Female,Marginal Other Workers Population Person,Marginal Other Workers Population Male,Marginal Other Workers Population Female,Marginal Worker Population 3_6 Person,Marginal Worker Population 3_6 Male,Marginal Worker Population 3_6 Female,Marginal Cultivator Population 3_6 Person,Marginal Cultivator Population 3_6 Male,Marginal Cultivator Population 3_6 Female,Marginal Agriculture Labourers Population 3_6 Person,Marginal Agriculture Labourers Population 3_6 Male,Marginal Agriculture Labourers Population 3_6 Female,Marginal Household Industries Population 3_6 Person,Marginal Household Industries Population 3_6 Male,Marginal Household Industries Population 3-6 Female,Marginal Other Workers Population Person 3_6 Person,Marginal Other Workers Population Person 3_6 Male,Marginal Other Workers Population Person 3_6 Female,Marginal Worker Population 0_3 Person,Marginal Worker Population 0_3 Male,Marginal Worker Population 0_3_Female,Marginal Cultivator Population 0_3 Person,Marginal Cultivator Population 0_3 Male,Marginal Cultivator Population 0_3_Female,Marginal Agriculture Labourers Population 0_3 Person,Marginal Agriculture Labourers Population 0_3 Male,Marginal Agriculture Labourers Population 0_3 Female,Marginal Household Industries Population 0_3 Person,Marginal Household Industries Population 0_3 Male,Marginal Household Industries Population 0_3 Female,Marginal Other Workers Population 0_3 Person,Marginal Other Workers Population 0_3 Male,Marginal Other Workers Population 0_3 Female,Non Working Population Person,Non Working Population Male,Non Working Population Female
29,575,0129,000000,0000,000000,KARNATAKA,Dakshina Kannada,CD BLOCK,Mangalore,Total,83789,405156,199044,206112,40024,20724,19300,22702,11300,11402,8077,4023,4054,324015,166775,157240,81141,32269,48872,193865,118627,75238,176376,109339,67037,8815,6654,2161,6338,4476,1862,37134,3072,34062,124089,95137,28952,17489,9288,8201,815,460,355,1529,802,727,3738,344,3394,11407,7682,3725,14946,7970,6976,708,415,293,1286,702,584,3281,285,2996,9671,6568,3103,2543,1318,1225,107,45,62,243,100,143,457,59,398,1736,1114,622,211291,80417,130874
29,575,0129,000000,0000,000000,KARNATAKA,Dakshina Kannada,CD BLOCK,Mangalore,Rural,44003,210033,102613,107420,19794,10239,9555,15975,7956,8019,6279,3129,3150,165928,85379,80549,44105,17234,26871,105524,62203,43321,94206,56430,37776,7022,5309,1713,5033,3589,1444,21749,1933,19816,60402,45599,14803,11318,5773,5545,648,373,275,1205,656,549,2642,237,2405,6823,4507,2316,9953,5061,4892,577,335,242,1031,576,455,2405,194,2211,5940,3956,1984,1365,712,653,71,38,33,174,80,94,237,43,194,883,551,332,104509,40410,64099
29,575,0129,000000,0000,000000,KARNATAKA,Dakshina Kannada,CD BLOCK,Mangalore,Urban,39786,195123,96431,98692,20230,10485,9745,6727,3344,3383,1798,894,904,158087,81396,76691,37036,15035,22001,88341,56424,31917,82170,52909,29261,1793,1345,448,1305,887,418,15385,1139,14246,63687,49538,14149,6171,3515,2656,167,87,80,324,146,178,1096,107,989,4584,3175,1409,4993,2909,2084,131,80,51,255,126,129,876,91,785,3731,2612,1119,1178,606,572,36,7,29,69,20,49,220,16,204,853,563,290,106782,40007,66775
29,575,0129,617425,0000,000000,KARNATAKA,Dakshina Kannada,VILLAGE,Athikari Bettu,Rural,541,2219,1031,1188,152,80,72,134,77,57,20,13,7,1875,908,967,344,123,221,1101,617,484,856,497,359,94,65,29,21,19,2,12,7,5,729,406,323,245,120,125,43,25,18,86,52,34,20,6,14,96,37,59,235,117,118,42,24,18,80,51,29,18,5,13,95,37,58,10,3,7,1,1,0,6,1,5,2,1,1,1,0,1,1118,414,704
29,575,0129,617426,0000,000000,KARNATAKA,Dakshina Kannada,VILLAGE,Karnire,Rural,204,920,420,500,73,35,38,15,8,7,21,12,9,772,369,403,148,51,97,418,242,176,401,230,171,50,33,17,65,22,43,91,15,76,195,160,35,17,12,5,2,1,1,5,3,2,4,3,1,6,5,1,15,11,4,2,1,1,5,3,2,3,2,1,5,5,0,2,1,1,0,0,0,0,0,0,1,1,0,1,0,1,502,178,324
29,575,0129,617427,0000,000000,KARNATAKA,Dakshina Kannada,VILLAGE,Balkunje,Rural,352,1551,656,895,126,52,74,119,34,85,39,19,20,1318,580,738,233,76,157,594,367,227,479,291,188,81,57,24,50,29,21,71,4,67,277,201,76,115,76,39,2,1,1,8,8,0,13,0,13,92,67,25,114,76,38,2,1,1,8,8,0,13,0,13,91,67,24,1,0,1,0,0,0,0,0,0,0,0,0,1,0,1,957,289,668
29,575,0129,617428,0000,000000,KARNATAKA,Dakshina Kannada,VILLAGE,Ulipady,Rural,238,1032,452,580,90,38,52,92,44,48,34,17,17,819,381,438,213,71,142,560,272,288,495,247,248,120,64,56,65,37,28,127,11,116,183,135,48,65,25,40,44,10,34,13,8,5,0,0,0,8,7,1,63,24,39,44,10,34,11,7,4,0,0,0,8,7,1,2,1,1,0,0,0,2,1,1,0,0,0,0,0,0,472,180,292
29,575,0129,617429,0000,000000,KARNATAKA,Dakshina Kannada,VILLAGE,Kollur,Rural,184,778,369,409,68,28,40,63,30,33,59,29,30,649,326,323,129,43,86,415,233,182,349,194,155,77,63,14,17,11,6,104,3,101,151,117,34,66,39,27,1,1,0,1,1,0,4,0,4,60,37,23,61,36,25,1,1,0,1,1,0,4,0,4,55,34,21,5,3,2,0,0,0,0,0,0,0,0,0,5,3,2,363,136,227
29,575,0129,617430,0000,000000,KARNATAKA,Dakshina Kannada,VILLAGE,Kavathar,Rural,357,1529,724,805,144,68,76,258,124,134,136,59,77,1187,603,584,342,121,221,872,455,417,751,391,360,74,53,21,99,59,40,173,10,163,405,269,136,121,64,57,6,4,2,42,23,19,24,8,16,49,29,20,62,34,28,3,2,1,11,5,6,10,5,5,38,22,16,59,30,29,3,2,1,31,18,13,14,3,11,11,7,4,657,269,388
29,575,0129,617431,0000,000000,KARNATAKA,Dakshina Kannada,VILLAGE,Shimanthur,Rural,368,1607,773,834,143,77,66,187,100,87,13,6,7,1309,657,652,298,116,182,1051,563,488,377,219,158,86,44,42,11,7,4,60,9,51,220,159,61,674,344,330,20,14,6,43,31,12,62,3,59,549,296,253,509,274,235,16,12,4,42,30,12,60,3,57,391,229,162,165,70,95,4,2,2,1,1,0,2,0,2,158,67,91,556,210,346
29,575,0129,617432,0000,000000,KARNATAKA,Dakshina Kannada,VILLAGE,Kilpady,Rural,765,3389,1600,1789,310,162,148,327,156,171,97,43,54,2797,1375,1422,592,225,367,1444,917,527,1293,829,464,47,35,12,12,8,4,225,36,189,1009,750,259,151,88,63,28,22,6,9,3,6,1,1,0,113,62,51,141,83,58,26,20,6,4,2,2,1,1,0,110,60,50,10,5,5,2,2,0,5,1,4,0,0,0,3,2,1,1945,683,1262
29,575,0129,617433,0000,000000,KARNATAKA,Dakshina Kannada,VILLAGE,Bellairu,Rural,482,2141,1068,1073,191,105,86,115,57,58,100,57,43,1742,892,850,399,176,223,1009,641,368,956,603,353,10,8,2,2,1,1,141,7,134,803,587,216,53,38,15,21,16,5,2,2,0,4,1,3,26,19,7,49,36,13,19,14,5,2,2,0,4,1,3,24,19,5,4,2,2,2,2,0,0,0,0,0,0,0,2,0,2,1132,427,705
29,575,0129,617434,0000,000000,KARNATAKA,Dakshina Kannada,VILLAGE,Padupanamboor,Rural,295,1326,655,671,111,48,63,45,26,19,0,0,0,1137,586,551,189,69,120,617,383,234,493,328,165,27,22,5,9,6,3,126,37,89,331,263,68,124,55,69,24,7,17,5,3,2,23,5,18,72,40,32,82,44,38,13,6,7,4,2,2,8,3,5,57,33,24,42,11,31,11,1,10,1,1,0,15,2,13,15,7,8,709,272,437
29,575,0129,617435,0000,000000,KARNATAKA,Dakshina Kannada,VILLAGE,Sasihithlu,Rural,478,2228,1066,1162,196,96,100,12,8,4,0,0,0,1890,936,954,338,130,208,972,623,349,851,540,311,15,10,5,10,7,3,78,5,73,748,518,230,121,83,38,5,4,1,3,1,2,4,0,4,109,78,31,120,83,37,5,4,1,3,1,2,4,0,4,108,78,30,1,0,1,0,0,0,0,0,0,0,0,0,1,0,1,1256,443,813
29,575,0129,617436,0000,000000,KARNATAKA,Dakshina Kannada,VILLAGE,Pavanje,Rural,371,1737,881,856,132,67,65,16,11,5,8,3,5,1520,795,725,217,86,131,770,524,246,670,450,220,35,29,6,10,6,4,134,12,122,491,403,88,100,74,26,9,7,2,9,8,1,14,0,14,68,59,9,100,74,26,9,7,2,9,8,1,14,0,14,68,59,9,0,0,0,0,0,0,0,0,0,0,0,0,0,0,0,967,357,610
29,575,0129,617437,0000,000000,KARNATAKA,Dakshina Kannada,VILLAGE,Haleangady,Rural,930,4563,2247,2316,507,277,230,178,93,85,27,15,12,3685,1882,1803,878,365,513,1869,1275,594,1643,1122,521,36,27,9,11,6,5,156,32,124,1440,1057,383,226,153,73,3,2,1,4,2,2,22,5,17,197,144,53,215,147,68,2,2,0,4,2,2,21,5,16,188,138,50,11,6,5,1,0,1,0,0,0,1,0,1,9,6,3,2694,972,1722
29,575,0129,617438,0000,000000,KARNATAKA,Dakshina Kannada,VILLAGE,Thokur-(10),Rural,634,2898,1393,1505,263,141,122,461,227,234,3,2,1,2387,1197,1190,511,196,315,1395,852,543,1262,771,491,33,18,15,12,6,6,349,34,315,868,713,155,133,81,52,11,8,3,7,3,4,25,5,20,90,65,25,119,74,45,11,8,3,7,3,4,23,4,19,78,59,19,14,7,7,0,0,0,0,0,0,2,1,1,12,6,6,1503,541,962
29,575,0129,617439,0000,000000,KARNATAKA,Dakshina Kannada,VILLAGE,Elathur,Rural,217,889,442,447,77,39,38,91,51,40,15,11,4,726,373,353,163,69,94,461,279,182,361,219,142,85,53,32,54,39,15,92,17,75,130,110,20,100,60,40,5,2,3,25,9,16,8,4,4,62,45,17,89,57,32,4,2,2,24,9,15,7,4,3,54,42,12,11,3,8,1,0,1,1,0,1,1,0,1,8,3,5,428,163,265
29,575,0129,617440,0000,000000,KARNATAKA,Dakshina Kannada,VILLAGE,Elinje,Rural,494,1951,899,1052,138,62,76,79,39,40,18,7,11,1573,775,798,378,124,254,958,515,443,702,421,281,123,70,53,33,21,12,141,18,123,405,312,93,256,94,162,80,46,34,47,14,33,76,1,75,53,33,20,231,84,147,73,43,30,37,9,28,74,1,73,47,31,16,25,10,15,7,3,4,10,5,5,2,0,2,6,2,4,993,384,609
29,575,0129,617441,0000,000000,KARNATAKA,Dakshina Kannada,VILLAGE,Aikala,Rural,550,2332,1098,1234,196,97,99,247,128,119,56,32,24,1876,918,958,456,180,276,1021,649,372,972,615,357,116,82,34,8,5,3,140,23,117,708,505,203,49,34,15,3,1,2,2,2,0,6,1,5,38,30,8,36,24,12,3,1,2,1,1,0,6,1,5,26,21,5,13,10,3,0,0,0,1,1,0,0,0,0,12,9,3,1311,449,862
29,575,0129,617442,0000,000000,KARNATAKA,Dakshina Kannada,VILLAGE,Menna Bettu,Rural,1031,4374,2072,2302,383,193,190,524,253,271,121,51,70,3643,1796,1847,731,276,455,2061,1174,887,2012,1145,867,156,77,79,77,34,43,454,78,376,1325,956,369,49,29,20,10,4,6,1,1,0,2,0,2,36,24,12,45,25,20,10,4,6,1,1,0,2,0,2,32,20,12,4,4,0,0,0,0,0,0,0,0,0,0,4,4,0,2313,898,1415
29,575,0129,617443,0000,000000,KARNATAKA,Dakshina Kannada,VILLAGE,Kemral,Rural,640,2813,1346,1467,282,144,138,145,77,68,30,15,15,2241,1131,1110,572,215,357,1266,775,491,1119,678,441,50,32,18,26,23,3,206,30,176,837,593,244,147,97,50,13,11,2,18,7,11,21,4,17,95,75,20,138,91,47,13,11,2,16,7,9,20,4,16,89,69,20,9,6,3,0,0,0,2,0,2,1,0,1,6,6,0,1547,571,976
29,575,0129,617444,0000,000000,KARNATAKA,Dakshina Kannada,VILLAGE,Koikude,Rural,434,2029,981,1048,211,117,94,263,135,128,4,2,2,1570,801,769,459,180,279,920,570,350,896,562,334,75,53,22,11,4,7,211,9,202,599,496,103,24,8,16,0,0,0,7,0,7,3,1,2,14,7,7,16,6,10,0,0,0,3,0,3,3,1,2,10,5,5,8,2,6,0,0,0,4,0,4,0,0,0,4,2,2,1109,411,698
29,575,0129,617445,0000,000000,KARNATAKA,Dakshina Kannada,VILLAGE,Panja,Rural,99,418,208,210,30,15,15,50,30,20,20,10,10,314,162,152,104,46,58,227,135,92,185,98,87,48,30,18,23,12,11,36,2,34,78,54,24,42,37,5,0,0,0,2,0,2,0,0,0,40,37,3,42,37,5,0,0,0,2,0,2,0,0,0,40,37,3,0,0,0,0,0,0,0,0,0,0,0,0,0,0,0,191,73,118
29,575,0129,617446,0000,000000,KARNATAKA,Dakshina Kannada,VILLAGE,Attur,Rural,314,1478,710,768,135,65,70,145,81,64,9,4,5,1192,599,593,286,111,175,752,412,340,739,408,331,30,21,9,18,9,9,195,21,174,496,357,139,13,4,9,0,0,0,0,0,0,2,0,2,11,4,7,13,4,9,0,0,0,0,0,0,2,0,2,11,4,7,0,0,0,0,0,0,0,0,0,0,0,0,0,0,0,726,298,428
29,575,0129,617447,0000,000000,KARNATAKA,Dakshina Kannada,VILLAGE,Kilenjur,Rural,143,658,305,353,48,24,24,8,3,5,0,0,0,548,270,278,110,35,75,333,180,153,320,175,145,37,32,5,0,0,0,135,28,107,148,115,33,13,5,8,1,1,0,0,0,0,0,0,0,12,4,8,7,2,5,0,0,0,0,0,0,0,0,0,7,2,5,6,3,3,1,1,0,0,0,0,0,0,0,5,2,3,325,125,200
29,575,0129,617448,0000,000000,KARNATAKA,Dakshina Kannada,VILLAGE,Nadugodu,Rural,326,1454,694,760,107,49,58,49,22,27,8,6,2,1156,594,562,298,100,198,730,448,282,721,445,276,86,65,21,26,20,6,207,25,182,402,335,67,9,3,6,0,0,0,2,0,2,0,0,0,7,3,4,6,2,4,0,0,0,2,0,2,0,0,0,4,2,2,3,1,2,0,0,0,0,0,0,0,0,0,3,1,2,724,246,478
29,575,0129,617449,0000,000000,KARNATAKA,Dakshina Kannada,VILLAGE,Kondemula,Rural,576,2378,1135,1243,185,95,90,322,165,157,116,58,58,1927,970,957,451,165,286,1197,678,519,1171,665,506,51,26,25,17,5,12,246,17,229,857,617,240,26,13,13,1,1,0,0,0,0,4,0,4,21,12,9,23,12,11,1,1,0,0,0,0,3,0,3,19,11,8,3,1,2,0,0,0,0,0,0,1,0,1,2,1,1,1181,457,724
29,575,0129,617450,0000,000000,KARNATAKA,Dakshina Kannada,VILLAGE,Kadandale,Rural,850,3760,1789,1971,299,156,143,354,171,183,301,160,141,2992,1489,1503,768,300,468,2080,1129,951,1495,845,650,265,207,58,111,68,43,276,30,246,843,540,303,585,284,301,20,8,12,70,28,42,116,17,99,379,231,148,553,267,286,17,6,11,67,27,40,112,14,98,357,220,137,32,17,15,3,2,1,3,1,2,4,3,1,22,11,11,1680,660,1020
29,575,0129,617451,0000,000000,KARNATAKA,Dakshina Kannada,VILLAGE,Paladka,Rural,606,2543,1196,1347,213,113,100,350,176,174,241,117,124,1985,983,1002,558,213,345,1442,804,638,1250,725,525,193,159,34,26,20,6,57,31,26,974,515,459,192,79,113,26,5,21,14,6,8,5,1,4,147,67,80,175,77,98,25,5,20,14,6,8,5,1,4,131,65,66,17,2,15,1,0,1,0,0,0,0,0,0,16,2,14,1101,392,709
29,575,0129,617452,0000,000000,KARNATAKA,Dakshina Kannada,VILLAGE,Kallamundkooru,Rural,954,4065,1925,2140,315,164,151,402,195,207,153,74,79,3424,1673,1751,641,252,389,1682,1117,565,1376,921,455,167,140,27,92,58,34,202,54,148,915,669,246,306,196,110,11,6,5,76,71,5,34,3,31,185,116,69,237,161,76,10,6,4,63,58,5,23,3,20,141,94,47,69,35,34,1,0,1,13,13,0,11,0,11,44,22,22,2383,808,1575
29,575,0129,617453,0000,000000,KARNATAKA,Dakshina Kannada,VILLAGE,Niddodi,Rural,495,2120,1010,1110,142,72,70,159,77,82,23,13,10,1736,874,862,384,136,248,1159,654,505,1013,598,415,75,62,13,74,32,42,217,18,199,647,486,161,146,56,90,4,1,3,23,9,14,36,1,35,83,45,38,119,41,78,4,1,3,13,6,7,35,1,34,67,33,34,27,15,12,0,0,0,10,3,7,1,0,1,16,12,4,961,356,605
29,575,0129,617454,0000,000000,KARNATAKA,Dakshina Kannada,VILLAGE,Badagumijaru,Rural,661,3430,1763,1667,261,143,118,120,62,58,57,27,30,2849,1526,1323,581,237,344,1710,1009,701,1476,888,588,88,71,17,23,10,13,171,21,150,1194,786,408,234,121,113,1,1,0,8,7,1,5,3,2,220,110,110,227,114,113,1,1,0,8,7,1,5,3,2,213,103,110,7,7,0,0,0,0,0,0,0,0,0,0,7,7,0,1720,754,966
29,575,0129,617455,0000,000000,KARNATAKA,Dakshina Kannada,VILLAGE,Tenkamijar,Rural,951,5050,2490,2560,495,258,237,175,89,86,143,73,70,3941,2051,1890,1109,439,670,2476,1500,976,2266,1409,857,222,174,48,280,209,71,364,14,350,1400,1012,388,210,91,119,10,7,3,21,8,13,88,11,77,91,65,26,191,83,108,7,5,2,16,6,10,80,10,70,88,62,26,19,8,11,3,2,1,5,2,3,8,1,7,3,3,0,2574,990,1584
29,575,0129,617456,0000,000000,KARNATAKA,Dakshina Kannada,VILLAGE,Thodaru,Rural,559,3031,1556,1475,345,176,169,408,222,186,9,6,3,2348,1286,1062,683,270,413,1522,943,579,1021,773,248,157,113,44,96,68,28,44,13,31,724,579,145,501,170,331,12,11,1,45,27,18,104,6,98,340,126,214,483,164,319,12,11,1,44,27,17,102,6,96,325,120,205,18,6,12,0,0,0,1,0,1,2,0,2,15,6,9,1509,613,896
29,575,0129,617457,0000,000000,KARNATAKA,Dakshina Kannada,VILLAGE,Ervuailu,Rural,601,2931,1441,1490,249,128,121,169,85,84,290,140,150,2233,1186,1047,698,255,443,1673,927,746,1664,921,743,131,115,16,207,167,40,427,40,387,899,599,300,9,6,3,0,0,0,0,0,0,1,0,1,8,6,2,8,6,2,0,0,0,0,0,0,0,0,0,8,6,2,1,0,1,0,0,0,0,0,0,1,0,1,0,0,0,1258,514,744
29,575,0129,617458,0000,000000,KARNATAKA,Dakshina Kannada,VILLAGE,Puchhamoguru,Rural,467,2108,1025,1083,191,103,88,138,73,65,32,16,16,1664,846,818,444,179,265,1017,604,413,755,501,254,38,26,12,29,24,5,161,38,123,527,413,114,262,103,159,0,0,0,1,1,0,144,4,140,117,98,19,194,76,118,0,0,0,1,1,0,106,4,102,87,71,16,68,27,41,0,0,0,0,0,0,38,0,38,30,27,3,1091,421,670
29,575,0129,617459,0000,000000,KARNATAKA,Dakshina Kannada,VILLAGE,Hosabettu,Rural,498,2260,1095,1165,182,96,86,157,86,71,107,49,58,1876,942,934,384,153,231,1037,663,374,909,627,282,95,66,29,45,40,5,123,25,98,646,496,150,128,36,92,4,2,2,0,0,0,81,7,74,43,27,16,124,32,92,4,2,2,0,0,0,81,7,74,39,23,16,4,4,0,0,0,0,0,0,0,0,0,0,4,4,0,1223,432,791
29,575,0129,617460,0000,000000,KARNATAKA,Dakshina Kannada,VILLAGE,Puthige,Rural,1713,8279,4205,4074,733,392,341,697,352,345,805,410,395,6794,3609,3185,1485,596,889,3999,2439,1560,3607,2313,1294,195,154,41,231,156,75,526,24,502,2655,1979,676,392,126,266,17,9,8,55,25,30,173,4,169,147,88,59,372,115,257,16,9,7,47,21,26,172,3,169,137,82,55,20,11,9,1,0,1,8,4,4,1,1,0,10,6,4,4280,1766,2514
29,575,0129,617461,0000,000000,KARNATAKA,Dakshina Kannada,VILLAGE,Beluvai,Rural,2095,10220,5042,5178,898,464,434,1495,752,743,888,441,447,8305,4238,4067,1915,804,1111,5042,3102,1940,4583,2804,1779,258,197,61,189,111,78,362,47,315,3774,2449,1325,459,298,161,20,18,2,39,21,18,82,21,61,318,238,80,262,168,94,16,14,2,32,15,17,36,5,31,178,134,44,197,130,67,4,4,0,7,6,1,46,16,30,140,104,36,5178,1940,3238
29,575,0129,617462,0000,000000,KARNATAKA,Dakshina Kannada,VILLAGE,Padumarnadu,Rural,945,4553,2204,2349,403,196,207,626,303,323,30,14,16,3754,1880,1874,799,324,475,2289,1374,915,2264,1363,901,221,136,85,183,99,84,48,17,31,1812,1111,701,25,11,14,3,0,3,1,0,1,4,1,3,17,10,7,23,10,13,2,0,2,1,0,1,4,1,3,16,9,7,2,1,1,1,0,1,0,0,0,0,0,0,1,1,0,2264,830,1434
29,575,0129,617463,0000,000000,KARNATAKA,Dakshina Kannada,VILLAGE,Moodumarnadu,Rural,544,2611,1224,1387,256,118,138,365,182,183,27,11,16,1958,990,968,653,234,419,1589,841,748,1569,833,736,141,107,34,145,107,38,616,72,544,667,547,120,20,8,12,4,0,4,3,0,3,4,0,4,9,8,1,18,7,11,4,0,4,2,0,2,4,0,4,8,7,1,2,1,1,0,0,0,1,0,1,0,0,0,1,1,0,1022,383,639
29,575,0129,617464,0000,000000,KARNATAKA,Dakshina Kannada,VILLAGE,Kellaputhige,Rural,275,1364,679,685,130,73,57,133,65,68,57,29,28,1055,555,500,309,124,185,769,439,330,681,387,294,49,41,8,26,16,10,221,14,207,385,316,69,88,52,36,7,4,3,6,3,3,26,4,22,49,41,8,87,51,36,7,4,3,6,3,3,25,3,22,49,41,8,1,1,0,0,0,0,0,0,0,1,1,0,0,0,0,595,240,355
29,575,0129,617465,0000,000000,KARNATAKA,Dakshina Kannada,VILLAGE,Daregudde,Rural,361,1804,910,894,183,94,89,199,96,103,29,11,18,1375,740,635,429,170,259,903,580,323,720,473,247,86,84,2,32,30,2,164,3,161,438,356,82,183,107,76,7,7,0,14,12,2,4,0,4,158,88,70,181,105,76,7,7,0,14,12,2,4,0,4,156,86,70,2,2,0,0,0,0,0,0,0,0,0,0,2,2,0,901,330,571
29,575,0129,617466,0000,000000,KARNATAKA,Dakshina Kannada,VILLAGE,Panapila,Rural,297,1625,804,821,159,80,79,250,119,131,26,15,11,1220,638,582,405,166,239,918,521,397,732,443,289,64,52,12,8,7,1,174,4,170,486,380,106,186,78,108,13,12,1,21,6,15,81,3,78,71,57,14,160,70,90,12,11,1,11,5,6,73,2,71,64,52,12,26,8,18,1,1,0,10,1,9,8,1,7,7,5,2,707,283,424
29,575,0129,617467,0000,000000,KARNATAKA,Dakshina Kannada,VILLAGE,Nellikaru,Rural,657,3030,1529,1501,314,161,153,440,232,208,17,11,6,2270,1218,1052,760,311,449,1617,979,638,1446,902,544,125,113,12,285,224,61,220,24,196,816,541,275,171,77,94,6,1,5,35,17,18,15,2,13,115,57,58,151,70,81,5,1,4,29,16,13,15,2,13,102,51,51,20,7,13,1,0,1,6,1,5,0,0,0,13,6,7,1413,550,863
29,575,0129,617468,0000,000000,KARNATAKA,Dakshina Kannada,VILLAGE,Valpadi,Rural,722,3520,1690,1830,308,147,161,398,201,197,52,30,22,2657,1325,1332,863,365,498,1959,1093,866,1871,1034,837,138,116,22,240,212,28,357,16,341,1136,690,446,88,59,29,15,14,1,11,7,4,3,0,3,59,38,21,77,48,29,6,5,1,11,7,4,3,0,3,57,36,21,11,11,0,9,9,0,0,0,0,0,0,0,2,2,0,1561,597,964
29,575,0129,617469,0000,000000,KARNATAKA,Dakshina Kannada,VILLAGE,Padukonaje,Rural,287,1313,620,693,105,54,51,159,69,90,40,18,22,1014,505,509,299,115,184,717,419,298,714,417,297,95,68,27,57,41,16,189,7,182,373,301,72,3,2,1,0,0,0,1,1,0,0,0,0,2,1,1,3,2,1,0,0,0,1,1,0,0,0,0,2,1,1,0,0,0,0,0,0,0,0,0,0,0,0,0,0,0,596,201,395
29,575,0129,617470,0000,000000,KARNATAKA,Dakshina Kannada,VILLAGE,Moodukonaje,Rural,403,1929,940,989,176,87,89,349,168,181,89,43,46,1493,789,704,436,151,285,1061,616,445,1058,615,443,104,93,11,158,124,34,306,9,297,490,389,101,3,1,2,0,0,0,0,0,0,2,0,2,1,1,0,3,1,2,0,0,0,0,0,0,2,0,2,1,1,0,0,0,0,0,0,0,0,0,0,0,0,0,0,0,0,868,324,544
29,575,0129,617471,0000,000000,KARNATAKA,Dakshina Kannada,VILLAGE,Shirthadi,Rural,551,2655,1316,1339,275,150,125,369,172,197,39,25,14,2077,1056,1021,578,260,318,1263,787,476,808,473,335,139,117,22,20,18,2,198,11,187,451,327,124,455,314,141,11,10,1,57,50,7,93,7,86,294,247,47,391,259,132,11,10,1,44,38,6,89,6,83,247,205,42,64,55,9,0,0,0,13,12,1,4,1,3,47,42,5,1392,529,863
29,575,0129,617472,0000,000000,KARNATAKA,Dakshina Kannada,VILLAGE,Mantrady,Rural,378,1744,875,869,159,91,68,195,96,99,16,9,7,1328,708,620,416,167,249,907,568,339,839,509,330,178,170,8,175,156,19,244,15,229,242,168,74,68,59,9,2,2,0,3,3,0,5,2,3,58,52,6,65,58,7,2,2,0,3,3,0,5,2,3,55,51,4,3,1,2,0,0,0,0,0,0,0,0,0,3,1,2,837,307,530
29,575,0129,617473,0000,000000,KARNATAKA,Dakshina Kannada,VILLAGE,Madya,Rural,387,1624,802,822,141,78,63,219,101,118,120,58,62,1320,672,648,304,130,174,812,492,320,619,382,237,42,39,3,3,2,1,177,12,165,397,329,68,193,110,83,1,1,0,4,1,3,41,6,35,147,102,45,181,102,79,1,1,0,4,1,3,41,6,35,135,94,41,12,8,4,0,0,0,0,0,0,0,0,0,12,8,4,812,310,502
29,575,0129,617474,0000,000000,KARNATAKA,Dakshina Kannada,VILLAGE,Surinje,Rural,613,3098,1564,1534,324,189,135,41,19,22,46,23,23,2524,1295,1229,574,269,305,1310,913,397,1105,765,340,56,46,10,6,4,2,230,15,215,813,700,113,205,148,57,2,2,0,7,2,5,9,0,9,187,144,43,170,124,46,1,1,0,3,2,1,7,0,7,159,121,38,35,24,11,1,1,0,4,0,4,2,0,2,28,23,5,1788,651,1137
29,575,0129,617475,0000,000000,KARNATAKA,Dakshina Kannada,VILLAGE,Delanthabettu,Rural,314,1464,702,762,110,50,60,100,49,51,10,4,6,1177,603,574,287,99,188,853,468,385,825,447,378,100,56,44,49,26,23,269,26,243,407,339,68,28,21,7,0,0,0,3,1,2,2,1,1,23,19,4,16,10,6,0,0,0,3,1,2,1,0,1,12,9,3,12,11,1,0,0,0,0,0,0,1,1,0,11,10,1,611,234,377
29,575,0129,617476,0000,000000,KARNATAKA,Dakshina Kannada,VILLAGE,Badagayekkaru,Rural,600,2467,1208,1259,182,92,90,156,79,77,57,24,33,1977,1024,953,490,184,306,1297,756,541,1032,653,379,74,57,17,21,14,7,317,93,224,620,489,131,265,103,162,16,2,14,13,6,7,119,6,113,117,89,28,251,100,151,11,2,9,9,5,4,117,5,112,114,88,26,14,3,11,5,0,5,4,1,3,2,1,1,3,1,2,1170,452,718
29,575,0129,617477,0000,000000,KARNATAKA,Dakshina Kannada,VILLAGE,Tenkayekkar,Rural,738,3445,1660,1785,319,182,137,126,66,60,54,25,29,2695,1341,1354,750,319,431,1507,911,596,1047,639,408,70,58,12,28,18,10,250,19,231,699,544,155,460,272,188,6,5,1,78,53,25,131,10,121,245,204,41,455,268,187,5,4,1,76,52,24,131,10,121,243,202,41,5,4,1,1,1,0,2,1,1,0,0,0,2,2,0,1938,749,1189
29,575,0129,617478,0000,000000,KARNATAKA,Dakshina Kannada,VILLAGE,Permude,Rural,492,2242,1117,1125,200,93,107,0,0,0,28,8,20,1812,946,866,430,171,259,952,652,300,921,632,289,122,88,34,22,17,5,124,11,113,653,516,137,31,20,11,2,1,1,8,4,4,5,1,4,16,14,2,25,15,10,1,0,1,7,4,3,5,1,4,12,10,2,6,5,1,1,1,0,1,0,1,0,0,0,4,4,0,1290,465,825
29,575,0129,617479,0000,000000,KARNATAKA,Dakshina Kannada,VILLAGE,Kalavar,Rural,233,1115,560,555,87,49,38,17,8,9,1,1,0,915,480,435,200,80,120,482,333,149,479,331,148,1,0,1,1,1,0,57,7,50,420,323,97,3,2,1,0,0,0,0,0,0,1,0,1,2,2,0,3,2,1,0,0,0,0,0,0,1,0,1,2,2,0,0,0,0,0,0,0,0,0,0,0,0,0,0,0,0,633,227,406
29,575,0129,617480,0000,000000,KARNATAKA,Dakshina Kannada,VILLAGE,Malavoor,Rural,778,3468,1721,1747,346,169,177,679,340,339,164,81,83,2639,1377,1262,829,344,485,1761,1095,666,1441,938,503,57,42,15,60,42,18,227,21,206,1097,833,264,320,157,163,8,4,4,18,3,15,96,12,84,198,138,60,292,138,154,8,4,4,15,2,13,93,11,82,176,121,55,28,19,9,0,0,0,3,1,2,3,1,2,22,17,5,1707,626,1081
29,575,0129,617481,0000,000000,KARNATAKA,Dakshina Kannada,VILLAGE,Paduperar,Rural,849,3905,1881,2024,369,188,181,126,62,64,59,30,29,3076,1550,1526,829,331,498,1735,1057,678,1449,995,454,100,89,11,58,39,19,173,13,160,1118,854,264,286,62,224,5,3,2,10,3,7,160,4,156,111,52,59,270,52,218,5,3,2,9,3,6,159,4,155,97,42,55,16,10,6,0,0,0,1,0,1,1,0,1,14,10,4,2170,824,1346
29,575,0129,617482,0000,000000,KARNATAKA,Dakshina Kannada,VILLAGE,Kompadavu,Rural,542,2582,1256,1326,249,122,127,3,2,1,109,56,53,1983,1040,943,599,216,383,1461,810,651,1250,689,561,31,30,1,9,8,1,206,6,200,1004,645,359,211,121,90,3,3,0,0,0,0,20,1,19,188,117,71,164,96,68,3,3,0,0,0,0,18,0,18,143,93,50,47,25,22,0,0,0,0,0,0,2,1,1,45,24,21,1121,446,675
29,575,0129,617483,0000,000000,KARNATAKA,Dakshina Kannada,VILLAGE,Muchur,Rural,493,2294,1099,1195,183,97,86,171,80,91,171,92,79,1800,908,892,494,191,303,1285,698,587,1282,696,586,61,39,22,7,4,3,332,24,308,882,629,253,3,2,1,0,0,0,0,0,0,1,0,1,2,2,0,2,2,0,0,0,0,0,0,0,0,0,0,2,2,0,1,0,1,0,0,0,0,0,0,1,0,1,0,0,0,1009,401,608
29,575,0129,617484,0000,000000,KARNATAKA,Dakshina Kannada,VILLAGE,Adyapady,Rural,448,2089,1043,1046,202,108,94,218,107,111,56,25,31,1614,872,742,475,171,304,1110,642,468,1081,630,451,89,72,17,22,12,10,349,10,339,621,536,85,29,12,17,6,2,4,6,1,5,1,0,1,16,9,7,26,10,16,6,2,4,6,1,5,0,0,0,14,7,7,3,2,1,0,0,0,0,0,0,1,0,1,2,2,0,979,401,578
29,575,0129,617485,0000,000000,KARNATAKA,Dakshina Kannada,VILLAGE,Kandavara,Rural,725,3347,1639,1708,295,144,151,195,99,96,50,29,21,2683,1385,1298,664,254,410,1591,967,624,1519,914,605,64,43,21,9,6,3,428,21,407,1018,844,174,72,53,19,7,6,1,20,12,8,10,8,2,35,27,8,69,50,19,7,6,1,19,11,8,10,8,2,33,25,8,3,3,0,0,0,0,1,1,0,0,0,0,2,2,0,1756,672,1084
29,575,0129,617486,0000,000000,KARNATAKA,Dakshina Kannada,VILLAGE,Tenkayedapadavu,Rural,1272,6228,3112,3116,565,294,271,166,90,76,471,242,229,4784,2574,2210,1444,538,906,3397,1940,1457,3326,1906,1420,172,148,24,127,87,40,1067,43,1024,1960,1628,332,71,34,37,1,1,0,13,1,12,10,1,9,47,31,16,44,25,19,1,1,0,6,1,5,9,1,8,28,22,6,27,9,18,0,0,0,7,0,7,1,0,1,19,9,10,2831,1172,1659
29,575,0129,617487,0000,000000,KARNATAKA,Dakshina Kannada,VILLAGE,Badagayedapadavu,Rural,883,4220,2108,2112,363,188,175,232,105,127,57,20,37,3296,1751,1545,924,357,567,2533,1385,1148,2480,1353,1127,146,118,28,299,206,93,818,84,734,1217,945,272,53,32,21,1,1,0,18,14,4,12,0,12,22,17,5,52,31,21,1,1,0,18,14,4,12,0,12,21,16,5,1,1,0,0,0,0,0,0,0,0,0,0,1,1,0,1687,723,964
29,575,0129,617488,0000,000000,KARNATAKA,Dakshina Kannada,VILLAGE,Killenjaru,Rural,611,3225,1576,1649,342,185,157,181,81,100,100,47,53,2492,1298,1194,733,278,455,1705,952,753,1629,898,731,115,91,24,32,26,6,646,69,577,836,712,124,76,54,22,1,1,0,19,13,6,11,1,10,45,39,6,74,54,20,1,1,0,19,13,6,10,1,9,44,39,5,2,0,2,0,0,0,0,0,0,1,0,1,1,0,1,1520,624,896
29,575,0129,617489,0000,000000,KARNATAKA,Dakshina Kannada,VILLAGE,Kolavooru,Rural,488,2491,1197,1294,243,125,118,186,84,102,36,16,20,1813,951,862,678,246,432,1470,792,678,1337,761,576,90,77,13,106,80,26,520,46,474,621,558,63,133,31,102,0,0,0,3,2,1,92,4,88,38,25,13,124,30,94,0,0,0,3,2,1,84,4,80,37,24,13,9,1,8,0,0,0,0,0,0,8,0,8,1,1,0,1021,405,616
29,575,0129,617490,0000,000000,KARNATAKA,Dakshina Kannada,VILLAGE,Muthuru,Rural,352,1875,950,925,178,94,84,143,79,64,74,42,32,1425,767,658,450,183,267,1008,579,429,999,570,429,88,79,9,205,189,16,355,23,332,351,279,72,9,9,0,2,2,0,2,2,0,0,0,0,5,5,0,9,9,0,2,2,0,2,2,0,0,0,0,5,5,0,0,0,0,0,0,0,0,0,0,0,0,0,0,0,0,867,371,496
29,575,0129,617491,0000,000000,KARNATAKA,Dakshina Kannada,VILLAGE,Mogaru,Rural,551,2797,1341,1456,316,158,158,54,20,34,117,54,63,2013,1053,960,784,288,496,1567,836,731,1505,818,687,82,61,21,85,59,26,586,51,535,752,647,105,62,18,44,8,3,5,12,2,10,19,1,18,23,12,11,57,17,40,8,3,5,12,2,10,16,1,15,21,11,10,5,1,4,0,0,0,0,0,0,3,0,3,2,1,1,1230,505,725
29,575,0129,617492,0000,000000,KARNATAKA,Dakshina Kannada,VILLAGE,Tankaulipady,Rural,452,2188,1065,1123,218,108,110,127,63,64,0,0,0,1682,877,805,506,188,318,1152,632,520,1107,611,496,84,68,16,48,34,14,392,12,380,583,497,86,45,21,24,7,5,2,15,3,12,8,0,8,15,13,2,45,21,24,7,5,2,15,3,12,8,0,8,15,13,2,0,0,0,0,0,0,0,0,0,0,0,0,0,0,0,1036,433,603
29,575,0129,617493,0000,000000,KARNATAKA,Dakshina Kannada,VILLAGE,Ulaibettu,Rural,775,4162,2070,2092,442,228,214,94,52,42,6,2,4,3164,1657,1507,998,413,585,2278,1258,1020,2178,1198,980,101,69,32,77,48,29,770,23,747,1230,1058,172,100,60,40,0,0,0,21,6,15,3,2,1,76,52,24,76,45,31,0,0,0,19,5,14,2,1,1,55,39,16,24,15,9,0,0,0,2,1,1,1,1,0,21,13,8,1884,812,1072
29,575,0129,617494,0000,000000,KARNATAKA,Dakshina Kannada,VILLAGE,Mallur,Rural,647,3601,1731,1870,428,207,221,13,9,4,1,1,0,2708,1414,1294,893,317,576,1987,1027,960,1630,848,782,33,23,10,25,16,9,739,39,700,833,770,63,357,179,178,18,10,8,26,9,17,141,9,132,172,151,21,346,174,172,18,10,8,24,8,16,136,9,127,168,147,21,11,5,6,0,0,0,2,1,1,5,0,5,4,4,0,1614,704,910
29,575,0129,617495,0000,000000,KARNATAKA,Dakshina Kannada,VILLAGE,Amblamogru,Rural,905,4941,2425,2516,604,323,281,116,59,57,21,11,10,3633,1902,1731,1308,523,785,2525,1434,1091,2397,1362,1035,129,69,60,71,55,16,795,61,734,1402,1177,225,128,72,56,11,7,4,12,9,3,35,5,30,70,51,19,122,67,55,9,5,4,11,8,3,34,5,29,68,49,19,6,5,1,2,2,0,1,1,0,1,0,1,2,2,0,2416,991,1425
29,575,0129,617496,0000,000000,KARNATAKA,Dakshina Kannada,VILLAGE,Pavoor ,Rural,1147,5987,2954,3033,678,365,313,242,122,120,9,5,4,4538,2414,2124,1449,540,909,2924,1717,1207,2887,1696,1191,47,37,10,38,34,4,970,66,904,1832,1559,273,37,21,16,4,1,3,2,0,2,7,1,6,24,19,5,34,18,16,4,1,3,2,0,2,6,0,6,22,17,5,3,3,0,0,0,0,0,0,0,1,1,0,2,2,0,3063,1237,1826
29,575,0129,617497,0000,000000,KARNATAKA,Dakshina Kannada,VILLAGE,Boliyar,Rural,1036,5753,2854,2899,648,350,298,206,98,108,25,13,12,4272,2261,2011,1481,593,888,2976,1637,1339,2655,1508,1147,87,68,19,108,89,19,993,71,922,1467,1280,187,321,129,192,6,4,2,44,24,20,179,17,162,92,84,8,265,108,157,4,4,0,40,23,17,145,12,133,76,69,7,56,21,35,2,0,2,4,1,3,34,5,29,16,15,1,2777,1217,1560
29,575,0129,617498,0000,000000,KARNATAKA,Dakshina Kannada,VILLAGE,Kinnya,Rural,779,4788,2425,2363,673,363,310,112,60,52,12,7,5,3692,1984,1708,1096,441,655,2002,1333,669,1835,1273,562,115,92,23,98,80,18,382,30,352,1240,1071,169,167,60,107,8,3,5,6,2,4,81,2,79,72,53,19,146,51,95,7,2,5,5,2,3,79,2,77,55,45,10,21,9,12,1,1,0,1,0,1,2,0,2,17,8,9,2786,1092,1694
29,575,0129,803181,0061,000000,KARNATAKA,Dakshina Kannada,OG,Chelliru (OG) WARD NO.-0061 (Rural MDDS CODE:617521),Urban,729,3278,1556,1722,249,124,125,401,194,207,3,1,2,2771,1362,1409,507,194,313,1655,975,680,1478,884,594,82,56,26,67,29,38,356,20,336,973,779,194,177,91,86,1,1,0,13,7,6,6,0,6,157,83,74,169,85,84,1,1,0,11,5,6,6,0,6,151,79,72,8,6,2,0,0,0,2,2,0,0,0,0,6,4,2,1623,581,1042
29,575,0129,803181,0062,000000,KARNATAKA,Dakshina Kannada,OG,Kuthethur (OG) WARD NO.-0062 (Rural MDDS CODE:617522),Urban,1030,3791,2089,1702,375,202,173,156,84,72,34,16,18,3065,1758,1307,726,331,395,2043,1457,586,1842,1326,516,88,61,27,24,17,7,283,64,219,1447,1184,263,201,131,70,1,1,0,23,8,15,28,10,18,149,112,37,157,97,60,0,0,0,22,8,14,23,8,15,112,81,31,44,34,10,1,1,0,1,0,1,5,2,3,37,31,6,1748,632,1116
29,575,0129,803181,0063,000000,KARNATAKA,Dakshina Kannada,OG,Bala (OG) WARD NO.-0063 (Rural MDDS CODE:617523),Urban,663,2637,1324,1313,334,169,165,53,29,24,52,30,22,2137,1100,1037,500,224,276,1030,768,262,1022,765,257,0,0,0,2,1,1,64,8,56,956,756,200,8,3,5,2,1,1,0,0,0,0,0,0,6,2,4,8,3,5,2,1,1,0,0,0,0,0,0,6,2,4,0,0,0,0,0,0,0,0,0,0,0,0,0,0,0,1607,556,1051
29,575,0129,803181,0064,000000,KARNATAKA,Dakshina Kannada,OG,Padushedde (OG) WARD NO.-0064 (Rural MDDS CODE:617524),Urban,170,813,422,391,83,41,42,32,17,15,26,17,9,664,362,302,149,60,89,386,252,134,352,236,116,10,8,2,4,3,1,6,1,5,332,224,108,34,16,18,0,0,0,2,1,1,1,0,1,31,15,16,32,16,16,0,0,0,2,1,1,1,0,1,29,15,14,2,0,2,0,0,0,0,0,0,0,0,0,2,0,2,427,170,257
29,575,0129,617499,0000,000000,KARNATAKA,Dakshina Kannada,TOWN,Talipady (CT),Urban,1746,7237,3345,3892,581,325,256,603,298,305,185,88,97,6116,2881,3235,1121,464,657,2989,1895,1094,2672,1759,913,134,89,45,161,108,53,140,30,110,2237,1532,705,317,136,181,12,7,5,34,17,17,53,3,50,218,109,109,301,128,173,11,7,4,31,14,17,48,3,45,211,104,107,16,8,8,1,0,1,3,3,0,5,0,5,7,5,2,4248,1450,2798
29,575,0129,617500,0000,000000,KARNATAKA,Dakshina Kannada,TOWN,Bajpe (CT),Urban,1976,9701,5179,4522,988,517,471,303,166,137,107,58,49,7940,4372,3568,1761,807,954,4275,3220,1055,3964,2986,978,38,32,6,37,27,10,327,32,295,3562,2895,667,311,234,77,8,7,1,14,8,6,15,1,14,274,218,56,267,207,60,8,7,1,13,8,5,14,1,13,232,191,41,44,27,17,0,0,0,1,0,1,1,0,1,42,27,15,5426,1959,3467
29,575,0129,617501,0000,000000,KARNATAKA,Dakshina Kannada,TOWN,Thokur-62 (CT),Urban,1396,7433,4074,3359,877,427,450,214,101,113,34,16,18,6017,3409,2608,1416,665,751,3340,2585,755,3015,2324,691,12,7,5,12,7,5,126,13,113,2865,2297,568,325,261,64,8,5,3,4,3,1,15,3,12,298,250,48,295,235,60,7,4,3,4,3,1,14,3,11,270,225,45,30,26,4,1,1,0,0,0,0,1,0,1,28,25,3,4093,1489,2604
29,575,0129,617502,0000,000000,KARNATAKA,Dakshina Kannada,TOWN,Kenjar (CT),Urban,1135,5338,2718,2620,492,255,237,456,217,239,17,12,5,4150,2261,1889,1188,457,731,2676,1725,951,2417,1529,888,95,68,27,50,21,29,462,29,433,1810,1411,399,259,196,63,13,8,5,9,4,5,23,6,17,214,178,36,232,182,50,11,8,3,8,4,4,18,4,14,195,166,29,27,14,13,2,0,2,1,0,1,5,2,3,19,12,7,2662,993,1669
29,575,0129,617503,0000,000000,KARNATAKA,Dakshina Kannada,TOWN,Kolambe (CT),Urban,1239,5592,2761,2831,498,256,242,374,187,187,50,26,24,4480,2322,2158,1112,439,673,2653,1662,991,2319,1448,871,67,54,13,42,30,12,502,42,460,1708,1322,386,334,214,120,23,16,7,41,25,16,39,15,24,231,158,73,274,173,101,23,16,7,36,23,13,36,13,23,179,121,58,60,41,19,0,0,0,5,2,3,3,2,1,52,37,15,2939,1099,1840
29,575,0129,617504,0000,000000,KARNATAKA,Dakshina Kannada,TOWN,Muduperar (CT),Urban,1226,5686,2647,3039,584,281,303,89,46,43,17,10,7,4553,2214,2339,1133,433,700,2573,1502,1071,2221,1303,918,111,73,38,101,66,35,438,24,414,1571,1140,431,352,199,153,6,2,4,20,8,12,79,2,77,247,187,60,346,194,152,6,2,4,19,7,12,79,2,77,242,183,59,6,5,1,0,0,0,1,1,0,0,0,0,5,4,1,3113,1145,1968
29,575,0129,617505,0000,000000,KARNATAKA,Dakshina Kannada,TOWN,Badagaulipady (CT),Urban,1474,7062,3355,3707,856,452,404,135,73,62,98,49,49,5522,2721,2801,1540,634,906,2868,1820,1048,2752,1762,990,75,65,10,61,52,9,651,22,629,1965,1623,342,116,58,58,0,0,0,13,3,10,32,3,29,71,52,19,86,45,41,0,0,0,11,3,8,23,1,22,52,41,11,30,13,17,0,0,0,2,0,2,9,2,7,19,11,8,4194,1535,2659
29,575,0129,617506,0000,000000,KARNATAKA,Dakshina Kannada,TOWN,Mudushedde (CT),Urban,1832,8155,3922,4233,717,373,344,402,205,197,179,87,92,6468,3276,3192,1687,646,1041,4450,2496,1954,4090,2301,1789,38,37,1,54,34,20,812,31,781,3186,2199,987,360,195,165,0,0,0,9,5,4,45,23,22,306,167,139,334,181,153,0,0,0,6,4,2,44,23,21,284,154,130,26,14,12,0,0,0,3,1,2,1,0,1,22,13,9,3705,1426,2279
29,575,0129,617507,0000,000000,KARNATAKA,Dakshina Kannada,TOWN,Mulur (CT),Urban,1125,5445,2452,2993,526,267,259,224,99,125,43,19,24,4446,2046,2400,999,406,593,2557,1486,1071,2517,1460,1057,65,49,16,21,16,5,711,33,678,1720,1362,358,40,26,14,0,0,0,0,0,0,6,1,5,34,25,9,31,20,11,0,0,0,0,0,0,3,0,3,28,20,8,9,6,3,0,0,0,0,0,0,3,1,2,6,5,1,2888,966,1922
29,575,0129,617508,0000,000000,KARNATAKA,Dakshina Kannada,TOWN,Addur (CT),Urban,920,5426,2733,2693,643,316,327,85,54,31,26,11,15,4130,2245,1885,1296,488,808,2557,1619,938,2230,1447,783,92,72,20,54,36,18,532,37,495,1552,1302,250,327,172,155,23,7,16,37,9,28,33,1,32,234,155,79,262,154,108,4,3,1,13,5,8,26,1,25,219,145,74,65,18,47,19,4,15,24,4,20,7,0,7,15,10,5,2869,1114,1755
29,575,0129,617509,0000,000000,KARNATAKA,Dakshina Kannada,TOWN,Bondathila (CT),Urban,1225,5858,2846,3012,444,236,208,210,110,100,29,14,15,4699,2408,2291,1159,438,721,3022,1578,1444,2856,1506,1350,161,93,68,118,74,44,850,55,795,1727,1284,443,166,72,94,27,8,19,19,8,11,23,3,20,97,53,44,136,62,74,21,7,14,13,6,7,17,3,14,85,46,39,30,10,20,6,1,5,6,2,4,6,0,6,12,7,5,2836,1268,1568
29,575,0129,617510,0000,000000,KARNATAKA,Dakshina Kannada,TOWN,Neermarga (CT),Urban,1292,5503,2677,2826,443,213,230,167,86,81,43,24,19,4627,2340,2287,876,337,539,2935,1678,1257,2864,1662,1202,142,90,52,170,119,51,593,36,557,1959,1417,542,71,16,55,7,0,7,15,2,13,11,0,11,38,14,24,48,11,37,4,0,4,6,1,5,9,0,9,29,10,19,23,5,18,3,0,3,9,1,8,2,0,2,9,4,5,2568,999,1569
29,575,0129,617511,0000,000000,KARNATAKA,Dakshina Kannada,TOWN,Adyar (CT),Urban,1413,7034,3488,3546,697,369,328,302,143,159,69,34,35,5587,2884,2703,1447,604,843,3365,2040,1325,3211,1959,1252,50,39,11,46,32,14,861,91,770,2254,1797,457,154,81,73,0,0,0,5,4,1,50,4,46,99,73,26,106,61,45,0,0,0,3,3,0,31,4,27,72,54,18,48,20,28,0,0,0,2,1,1,19,0,19,27,19,8,3669,1448,2221
29,575,0129,617512,0000,000000,KARNATAKA,Dakshina Kannada,TOWN,Arkula (CT),Urban,965,5077,2554,2523,509,283,226,137,62,75,15,6,9,4123,2144,1979,954,410,544,2464,1531,933,2395,1504,891,80,72,8,15,9,6,594,61,533,1706,1362,344,69,27,42,4,0,4,3,1,2,8,0,8,54,26,28,22,10,12,1,0,1,1,0,1,6,0,6,14,10,4,47,17,30,3,0,3,2,1,1,2,0,2,40,16,24,2613,1023,1590
29,575,0129,617513,0000,000000,KARNATAKA,Dakshina Kannada,TOWN,Harekala (CT),Urban,1144,6814,3374,3440,876,475,401,101,42,59,47,21,26,5108,2729,2379,1706,645,1061,3213,1864,1349,2893,1713,1180,18,15,3,33,27,6,797,48,749,2045,1623,422,320,151,169,13,13,0,4,2,2,149,4,145,154,132,22,314,147,167,13,13,0,4,2,2,147,4,143,150,128,22,6,4,2,0,0,0,0,0,0,2,0,2,4,4,0,3601,1510,2091
29,575,0129,617514,0000,000000,KARNATAKA,Dakshina Kannada,TOWN,Konaje (CT),Urban,2289,11368,5613,5755,1159,615,544,696,358,338,249,125,124,9440,4802,4638,1928,811,1117,4838,3234,1604,4567,3078,1489,100,91,9,83,67,16,339,14,325,4045,2906,1139,271,156,115,2,0,2,9,9,0,24,5,19,236,142,94,236,141,95,2,0,2,7,7,0,22,4,18,205,130,75,35,15,20,0,0,0,2,2,0,2,1,1,31,12,19,6530,2379,4151
29,575,0129,617515,0000,000000,KARNATAKA,Dakshina Kannada,TOWN,Belma (CT),Urban,1058,6452,3109,3343,798,411,387,141,71,70,25,11,14,5023,2551,2472,1429,558,871,2552,1703,849,2317,1606,711,43,35,8,24,19,5,543,48,495,1707,1504,203,235,97,138,1,1,0,8,6,2,114,2,112,112,88,24,166,82,84,1,1,0,8,6,2,69,1,68,88,74,14,69,15,54,0,0,0,0,0,0,45,1,44,24,14,10,3900,1406,2494
29,575,0129,617516,0000,000000,KARNATAKA,Dakshina Kannada,TOWN,Munnur (CT),Urban,1786,8919,4397,4522,937,482,455,156,78,78,35,10,25,7342,3773,3569,1577,624,953,3956,2573,1383,3813,2475,1338,105,95,10,26,23,3,743,39,704,2939,2318,621,143,98,45,0,0,0,25,8,17,10,2,8,108,88,20,141,97,44,0,0,0,25,8,17,9,2,7,107,87,20,2,1,1,0,0,0,0,0,0,1,0,1,1,1,0,4963,1824,3139
29,575,0129,617517,0000,000000,KARNATAKA,Dakshina Kannada,TOWN,Someshwar (CT),Urban,5121,24066,11830,12236,2280,1165,1115,243,104,139,191,90,101,20333,10317,10016,3733,1513,2220,10786,6929,3857,10373,6681,3692,63,47,16,38,21,17,2019,175,1844,8253,6438,1815,413,248,165,1,1,0,5,2,3,91,6,85,316,239,77,329,189,140,1,1,0,4,2,2,86,5,81,238,181,57,84,59,25,0,0,0,1,0,1,5,1,4,78,58,20,13280,4901,8379
29,575,0129,617518,0000,000000,KARNATAKA,Dakshina Kannada,TOWN,Kotekara (CT),Urban,3379,16505,8022,8483,1710,890,820,462,228,234,73,39,34,13678,6872,6806,2827,1150,1677,7134,4599,2535,6799,4462,2337,84,69,15,29,21,8,1253,65,1188,5433,4307,1126,335,137,198,12,7,5,7,4,3,82,6,76,234,120,114,273,117,156,12,7,5,5,4,1,66,6,60,190,100,90,62,20,42,0,0,0,2,0,2,16,0,16,44,20,24,9371,3423,5948
29,575,0129,617519,0000,000000,KARNATAKA,Dakshina Kannada,TOWN,Talapady (CT),Urban,1696,9532,4779,4753,1140,594,546,438,219,219,36,20,16,7590,3994,3596,1942,785,1157,3740,2556,1184,3630,2486,1144,22,18,4,17,15,2,595,85,510,2996,2368,628,110,70,40,1,0,1,1,0,1,14,3,11,94,67,27,100,63,37,1,0,1,1,0,1,11,2,9,87,61,26,10,7,3,0,0,0,0,0,0,3,1,2,7,6,1,5792,2223,3569
29,575,0129,617520,0000,000000,KARNATAKA,Dakshina Kannada,TOWN,Manjanady (CT),Urban,1757,10401,5165,5236,1434,747,687,147,73,74,115,60,55,8078,4253,3825,2323,912,1411,4284,2677,1607,3561,2247,1314,18,10,8,16,13,3,788,36,752,2739,2188,551,723,430,293,2,2,0,4,2,2,145,4,141,572,422,150,328,209,119,2,2,0,2,2,0,68,1,67,256,204,52,395,221,174,0,0,0,2,0,2,77,3,74,316,218,98,6117,2488,3629
29,575,0130,000000,0000,000000,KARNATAKA,Dakshina Kannada,CD BLOCK,Bantval ,Total,68466,355225,176776,178449,37213,19122,18091,18297,9102,9195,20449,10260,10189,274296,145292,129004,80929,31484,49445,186755,107763,78992,171810,100834,70976,8501,6500,2001,7547,6168,1379,48869,4517,44352,106893,83649,23244,14945,6929,8016,471,253,218,965,683,282,4891,558,4333,8618,5435,3183,12460,5851,6609,411,228,183,902,647,255,4127,467,3660,7020,4509,2511,2485,1078,1407,60,25,35,63,36,27,764,91,673,1598,926,672,168470,69013,99457
29,575,0130,000000,0000,000000,KARNATAKA,Dakshina Kannada,CD BLOCK,Bantval ,Rural,54562,279482,138959,140523,28568,14711,13857,15852,7904,7948,18474,9289,9185,215262,113911,101351,64220,25048,39172,149257,85250,64007,136384,79280,57104,7555,5760,1795,6760,5572,1188,37879,3626,34253,84190,64322,19868,12873,5970,6903,424,232,192,905,651,254,4315,496,3819,7229,4591,2638,10858,5113,5745,370,209,161,854,622,232,3633,417,3216,6001,3865,2136,2015,857,1158,54,23,31,51,29,22,682,79,603,1228,726,502,130225,53709,76516
29,575,0130,000000,0000,000000,KARNATAKA,Dakshina Kannada,CD BLOCK,Bantval ,Urban,13904,75743,37817,37926,8645,4411,4234,2445,1198,1247,1975,971,1004,59034,31381,27653,16709,6436,10273,37498,22513,14985,35426,21554,13872,946,740,206,787,596,191,10990,891,10099,22703,19327,3376,2072,959,1113,47,21,26,60,32,28,576,62,514,1389,844,545,1602,738,864,41,19,22,48,25,23,494,50,444,1019,644,375,470,221,249,6,2,4,12,7,5,82,12,70,370,200,170,38245,15304,22941
29,575,0130,617525,0000,000000,KARNATAKA,Dakshina Kannada,VILLAGE,Karpe,Rural,320,1542,753,789,151,87,64,18,5,13,187,98,89,1215,613,602,327,140,187,950,516,434,947,514,433,84,65,19,210,179,31,361,13,348,292,257,35,3,2,1,0,0,0,1,0,1,0,0,0,2,2,0,3,2,1,0,0,0,1,0,1,0,0,0,2,2,0,0,0,0,0,0,0,0,0,0,0,0,0,0,0,0,592,237,355
29,575,0130,617526,0000,000000,KARNATAKA,Dakshina Kannada,VILLAGE,Sangabettu,Rural,915,4400,2153,2247,420,225,195,350,171,179,78,43,35,3348,1775,1573,1052,378,674,2326,1290,1036,1871,965,906,124,110,14,76,64,12,768,70,698,903,721,182,455,325,130,4,3,1,74,65,9,59,3,56,318,254,64,433,315,118,3,2,1,73,64,9,56,3,53,301,246,55,22,10,12,1,1,0,1,1,0,3,0,3,17,8,9,2074,863,1211
29,575,0130,617527,0000,000000,KARNATAKA,Dakshina Kannada,VILLAGE,Eliyanadugodu,Rural,297,1406,708,698,115,74,41,78,43,35,30,19,11,1091,576,515,315,132,183,750,404,346,731,392,339,109,91,18,126,82,44,247,36,211,249,183,66,19,12,7,0,0,0,5,3,2,6,2,4,8,7,1,18,11,7,0,0,0,5,3,2,6,2,4,7,6,1,1,1,0,0,0,0,0,0,0,0,0,0,1,1,0,656,304,352
29,575,0130,617528,0000,000000,KARNATAKA,Dakshina Kannada,VILLAGE,Kukkipady,Rural,647,3116,1540,1576,297,151,146,102,50,52,42,25,17,2410,1283,1127,706,257,449,1661,969,692,1660,969,691,122,102,20,69,44,25,485,20,465,984,803,181,1,0,1,0,0,0,0,0,0,1,0,1,0,0,0,1,0,1,0,0,0,0,0,0,1,0,1,0,0,0,0,0,0,0,0,0,0,0,0,0,0,0,0,0,0,1455,571,884
29,575,0130,617529,0000,000000,KARNATAKA,Dakshina Kannada,VILLAGE,Rayee,Rural,416,2012,988,1024,166,87,79,79,46,33,69,33,36,1569,811,758,443,177,266,1166,652,514,986,576,410,158,132,26,131,105,26,302,27,275,395,312,83,180,76,104,2,0,2,15,15,0,144,42,102,19,19,0,170,67,103,1,0,1,14,14,0,141,39,102,14,14,0,10,9,1,1,0,1,1,1,0,3,3,0,5,5,0,846,336,510
29,575,0130,617530,0000,000000,KARNATAKA,Dakshina Kannada,VILLAGE,Arala,Rural,726,3827,1850,1977,480,230,250,171,79,92,131,63,68,2867,1487,1380,960,363,597,1932,1126,806,1336,934,402,167,137,30,225,211,14,355,63,292,589,523,66,596,192,404,7,5,2,96,75,21,351,10,341,142,102,40,595,192,403,7,5,2,96,75,21,350,10,340,142,102,40,1,0,1,0,0,0,0,0,0,1,0,1,0,0,0,1895,724,1171
29,575,0130,617531,0000,000000,KARNATAKA,Dakshina Kannada,VILLAGE,Kuriyala,Rural,493,2248,1088,1160,181,82,99,6,3,3,19,9,10,1779,907,872,469,181,288,1334,734,600,1334,734,600,48,30,18,122,103,19,451,40,411,713,561,152,0,0,0,0,0,0,0,0,0,0,0,0,0,0,0,0,0,0,0,0,0,0,0,0,0,0,0,0,0,0,0,0,0,0,0,0,0,0,0,0,0,0,0,0,0,914,354,560
29,575,0130,617532,0000,000000,KARNATAKA,Dakshina Kannada,VILLAGE,Amtady,Rural,1277,5574,2679,2895,459,239,220,206,109,97,124,61,63,4363,2205,2158,1211,474,737,2874,1670,1204,2864,1661,1203,179,140,39,116,85,31,828,48,780,1741,1388,353,10,9,1,0,0,0,0,0,0,1,1,0,9,8,1,7,6,1,0,0,0,0,0,0,1,1,0,6,5,1,3,3,0,0,0,0,0,0,0,0,0,0,3,3,0,2700,1009,1691
29,575,0130,617533,0000,000000,KARNATAKA,Dakshina Kannada,VILLAGE,Panjikal,Rural,634,3092,1508,1584,295,151,144,72,30,42,144,68,76,2336,1224,1112,756,284,472,1850,960,890,1792,937,855,149,119,30,23,14,9,580,85,495,1040,719,321,58,23,35,10,3,7,2,0,2,3,1,2,43,19,24,52,22,30,8,3,5,2,0,2,2,1,1,40,18,22,6,1,5,2,0,2,0,0,0,1,0,1,3,1,2,1242,548,694
29,575,0130,617534,0000,000000,KARNATAKA,Dakshina Kannada,VILLAGE,Koila,Rural,444,2083,992,1091,208,92,116,101,46,55,9,5,4,1663,838,825,420,154,266,1143,620,523,1116,605,511,69,63,6,18,13,5,258,23,235,771,506,265,27,15,12,0,0,0,1,1,0,3,1,2,23,13,10,27,15,12,0,0,0,1,1,0,3,1,2,23,13,10,0,0,0,0,0,0,0,0,0,0,0,0,0,0,0,940,372,568
29,575,0130,617535,0000,000000,KARNATAKA,Dakshina Kannada,VILLAGE,Chennaithodi,Rural,429,2064,986,1078,202,88,114,106,40,66,105,51,54,1639,839,800,425,147,278,1102,629,473,1019,572,447,71,50,21,33,24,9,326,39,287,589,459,130,83,57,26,5,1,4,1,1,0,15,2,13,62,53,9,81,56,25,5,1,4,1,1,0,15,2,13,60,52,8,2,1,1,0,0,0,0,0,0,0,0,0,2,1,1,962,357,605
29,575,0130,617536,0000,000000,KARNATAKA,Dakshina Kannada,VILLAGE,Ajjibettu,Rural,522,2460,1220,1240,200,103,97,366,177,189,69,41,28,1892,996,896,568,224,344,1343,718,625,1318,708,610,129,105,24,74,61,13,441,22,419,674,520,154,25,10,15,9,6,3,0,0,0,3,0,3,13,4,9,22,9,13,9,6,3,0,0,0,2,0,2,11,3,8,3,1,2,0,0,0,0,0,0,1,0,1,2,1,1,1117,502,615
29,575,0130,617537,0000,000000,KARNATAKA,Dakshina Kannada,VILLAGE,Kudambettu,Rural,330,1742,874,868,146,80,66,196,86,110,9,3,6,1301,700,601,441,174,267,1086,604,482,912,514,398,78,49,29,23,10,13,287,111,176,524,344,180,174,90,84,23,12,11,3,1,2,75,37,38,73,40,33,165,86,79,22,12,10,3,1,2,74,37,37,66,36,30,9,4,5,1,0,1,0,0,0,1,0,1,7,4,3,656,270,386
29,575,0130,617538,0000,000000,KARNATAKA,Dakshina Kannada,VILLAGE,Pilimogru,Rural,372,1708,828,880,169,74,95,243,118,125,44,22,22,1268,670,598,440,158,282,980,565,415,956,543,413,35,27,8,23,21,2,264,15,249,634,480,154,24,22,2,2,2,0,4,3,1,0,0,0,18,17,1,17,16,1,2,2,0,3,3,0,0,0,0,12,11,1,7,6,1,0,0,0,1,0,1,0,0,0,6,6,0,728,263,465
29,575,0130,617539,0000,000000,KARNATAKA,Dakshina Kannada,VILLAGE,Budoli,Rural,139,740,357,383,70,36,34,67,37,30,48,23,25,541,276,265,199,81,118,526,263,263,522,261,261,107,81,26,56,43,13,171,15,156,188,122,66,4,2,2,1,0,1,1,1,0,1,0,1,1,1,0,4,2,2,1,0,1,1,1,0,1,0,1,1,1,0,0,0,0,0,0,0,0,0,0,0,0,0,0,0,0,214,94,120
29,575,0130,617540,0000,000000,KARNATAKA,Dakshina Kannada,VILLAGE,Mudanadugodu,Rural,499,2322,1156,1166,198,104,94,40,17,23,228,115,113,1866,981,885,456,175,281,1392,756,636,1291,714,577,83,63,20,55,46,9,454,21,433,699,584,115,101,42,59,0,0,0,0,0,0,34,2,32,67,40,27,93,39,54,0,0,0,0,0,0,33,2,31,60,37,23,8,3,5,0,0,0,0,0,0,1,0,1,7,3,4,930,400,530
29,575,0130,617541,0000,000000,KARNATAKA,Dakshina Kannada,VILLAGE,Kavalpadur,Rural,879,4449,2186,2263,486,254,232,455,223,232,146,73,73,3357,1755,1602,1092,431,661,2453,1352,1101,2178,1210,968,106,84,22,53,40,13,624,49,575,1395,1037,358,275,142,133,11,8,3,11,8,3,63,3,60,190,123,67,253,128,125,11,8,3,11,8,3,58,3,55,173,109,64,22,14,8,0,0,0,0,0,0,5,0,5,17,14,3,1996,834,1162
29,575,0130,617542,0000,000000,KARNATAKA,Dakshina Kannada,VILLAGE,Kadabettu,Rural,461,2580,1266,1314,284,147,137,95,49,46,90,48,42,1957,1036,921,623,230,393,1308,691,617,1284,675,609,78,52,26,23,18,5,365,45,320,818,560,258,24,16,8,2,1,1,4,4,0,1,1,0,17,10,7,22,15,7,1,1,0,4,4,0,1,1,0,16,9,7,2,1,1,1,0,1,0,0,0,0,0,0,1,1,0,1272,575,697
29,575,0130,617543,0000,000000,KARNATAKA,Dakshina Kannada,VILLAGE,Moodapadukodi ,Rural,444,2194,1051,1143,232,118,114,106,59,47,102,54,48,1643,842,801,551,209,342,1086,625,461,960,596,364,80,63,17,132,101,31,265,18,247,483,414,69,126,29,97,6,4,2,7,3,4,88,3,85,25,19,6,125,29,96,6,4,2,7,3,4,88,3,85,24,19,5,1,0,1,0,0,0,0,0,0,0,0,0,1,0,1,1108,426,682
29,575,0130,617544,0000,000000,KARNATAKA,Dakshina Kannada,VILLAGE,Irvathur,Rural,390,1981,961,1020,208,100,108,313,148,165,58,27,31,1503,783,720,478,178,300,1028,587,441,1014,576,438,70,54,16,57,54,3,347,30,317,540,438,102,14,11,3,1,0,1,0,0,0,3,1,2,10,10,0,13,10,3,1,0,1,0,0,0,3,1,2,9,9,0,1,1,0,0,0,0,0,0,0,0,0,0,1,1,0,953,374,579
29,575,0130,617545,0000,000000,KARNATAKA,Dakshina Kannada,VILLAGE,Pilathabettu,Rural,709,3259,1639,1620,295,157,138,271,123,148,122,65,57,2611,1362,1249,648,277,371,1832,1017,815,1808,1002,806,101,82,19,72,57,15,628,72,556,1007,791,216,24,15,9,1,1,0,3,1,2,3,0,3,17,13,4,22,14,8,1,1,0,3,1,2,2,0,2,16,12,4,2,1,1,0,0,0,0,0,0,1,0,1,1,1,0,1427,622,805
29,575,0130,617546,0000,000000,KARNATAKA,Dakshina Kannada,VILLAGE,Kavalmudur,Rural,923,4642,2368,2274,508,285,223,460,230,230,422,233,189,3401,1844,1557,1241,524,717,2577,1488,1089,2504,1450,1054,124,98,26,171,137,34,838,51,787,1371,1164,207,73,38,35,5,5,0,8,1,7,17,0,17,43,32,11,53,26,27,4,4,0,6,1,5,13,0,13,30,21,9,20,12,8,1,1,0,2,0,2,4,0,4,13,11,2,2065,880,1185
29,575,0130,617547,0000,000000,KARNATAKA,Dakshina Kannada,VILLAGE,Devasyapadur,Rural,249,1160,564,596,93,51,42,119,66,53,8,4,4,858,441,417,302,123,179,750,384,366,725,365,360,2,1,1,1,1,0,98,3,95,624,360,264,25,19,6,0,0,0,0,0,0,0,0,0,25,19,6,25,19,6,0,0,0,0,0,0,0,0,0,25,19,6,0,0,0,0,0,0,0,0,0,0,0,0,0,0,0,410,180,230
29,575,0130,617548,0000,000000,KARNATAKA,Dakshina Kannada,VILLAGE,Sarapady,Rural,727,3602,1802,1800,358,175,183,168,81,87,205,105,100,2638,1420,1218,964,382,582,2092,1186,906,1922,1169,753,98,81,17,28,19,9,652,54,598,1144,1015,129,170,17,153,3,1,2,6,2,4,101,1,100,60,13,47,159,14,145,2,1,1,5,1,4,95,1,94,57,11,46,11,3,8,1,0,1,1,1,0,6,0,6,3,2,1,1510,616,894
29,575,0130,617549,0000,000000,KARNATAKA,Dakshina Kannada,VILLAGE,Devasyamudur,Rural,169,747,371,376,65,33,32,129,68,61,153,72,81,542,285,257,205,86,119,462,246,216,438,232,206,3,3,0,2,0,2,0,0,0,433,229,204,24,14,10,0,0,0,0,0,0,0,0,0,24,14,10,23,13,10,0,0,0,0,0,0,0,0,0,23,13,10,1,1,0,0,0,0,0,0,0,0,0,0,1,1,0,285,125,160
29,575,0130,617550,0000,000000,KARNATAKA,Dakshina Kannada,VILLAGE,Badagakajekar,Rural,593,2919,1411,1508,341,167,174,229,112,117,116,52,64,2102,1104,998,817,307,510,1477,841,636,1449,834,615,106,68,38,57,43,14,485,28,457,801,695,106,28,7,21,4,0,4,7,5,2,8,0,8,9,2,7,27,7,20,4,0,4,6,5,1,8,0,8,9,2,7,1,0,1,0,0,0,1,0,1,0,0,0,0,0,0,1442,570,872
29,575,0130,617551,0000,000000,KARNATAKA,Dakshina Kannada,VILLAGE,Tenkakajekar,Rural,362,1826,906,920,216,120,96,130,65,65,112,53,59,1275,674,601,551,232,319,1101,537,564,1099,537,562,152,88,64,208,135,73,390,24,366,349,290,59,2,0,2,0,0,0,0,0,0,2,0,2,0,0,0,2,0,2,0,0,0,0,0,0,2,0,2,0,0,0,0,0,0,0,0,0,0,0,0,0,0,0,0,0,0,725,369,356
29,575,0130,617552,0000,000000,KARNATAKA,Dakshina Kannada,VILLAGE,Uli,Rural,849,4353,2138,2215,493,249,244,296,142,154,328,170,158,3107,1654,1453,1246,484,762,2529,1320,1209,2155,1186,969,121,93,28,109,86,23,823,49,774,1102,958,144,374,134,240,13,6,7,10,5,5,197,9,188,154,114,40,345,117,228,11,4,7,10,5,5,193,8,185,131,100,31,29,17,12,2,2,0,0,0,0,4,1,3,23,14,9,1824,818,1006
29,575,0130,617553,0000,000000,KARNATAKA,Dakshina Kannada,VILLAGE,Maninalkur,Rural,983,5106,2504,2602,557,265,292,377,189,188,712,355,357,3651,1962,1689,1455,542,913,2842,1529,1313,2671,1402,1269,113,81,32,80,67,13,1156,78,1078,1322,1176,146,171,127,44,5,4,1,22,20,2,28,3,25,116,100,16,158,116,42,5,4,1,18,16,2,27,3,24,108,93,15,13,11,2,0,0,0,4,4,0,1,0,1,8,7,1,2264,975,1289
29,575,0130,617554,0000,000000,KARNATAKA,Dakshina Kannada,VILLAGE,Badaga Bellur,Rural,800,3874,1855,2019,343,181,162,133,64,69,28,12,16,2832,1454,1378,1042,401,641,2353,1209,1144,2278,1178,1100,192,153,39,390,330,60,976,94,882,720,601,119,75,31,44,23,7,16,14,4,10,17,4,13,21,16,5,71,29,42,22,7,15,14,4,10,17,4,13,18,14,4,4,2,2,1,0,1,0,0,0,0,0,0,3,2,1,1521,646,875
29,575,0130,617555,0000,000000,KARNATAKA,Dakshina Kannada,VILLAGE,Tenkabellur,Rural,285,1230,597,633,114,62,52,5,2,3,5,3,2,982,501,481,248,96,152,701,377,324,684,371,313,14,11,3,114,95,19,255,30,225,301,235,66,17,6,11,2,1,1,2,1,1,5,0,5,8,4,4,10,5,5,1,1,0,1,1,0,2,0,2,6,3,3,7,1,6,1,0,1,1,0,1,3,0,3,2,1,1,529,220,309
29,575,0130,617556,0000,000000,KARNATAKA,Dakshina Kannada,VILLAGE,Ammunje,Rural,910,5193,2599,2594,482,249,233,86,41,45,13,8,5,4190,2240,1950,1003,359,644,2452,1460,992,2163,1271,892,74,59,15,184,169,15,362,29,333,1543,1014,529,289,189,100,3,2,1,7,5,2,6,2,4,273,180,93,99,72,27,2,2,0,1,1,0,5,2,3,91,67,24,190,117,73,1,0,1,6,4,2,1,0,1,182,113,69,2741,1139,1602
29,575,0130,617557,0000,000000,KARNATAKA,Dakshina Kannada,VILLAGE,Meremajalu,Rural,648,3106,1486,1620,236,113,123,214,110,104,6,3,3,2462,1262,1200,644,224,420,1929,1006,923,1856,964,892,133,80,53,62,36,26,588,29,559,1073,819,254,73,42,31,9,5,4,8,4,4,21,8,13,35,25,10,43,25,18,5,3,2,4,2,2,8,0,8,26,20,6,30,17,13,4,2,2,4,2,2,13,8,5,9,5,4,1177,480,697
29,575,0130,617558,0000,000000,KARNATAKA,Dakshina Kannada,VILLAGE,Kodman,Rural,373,1665,825,840,161,90,71,100,56,44,26,16,10,1291,672,619,374,153,221,1034,544,490,1025,540,485,48,37,11,52,42,10,134,4,130,791,457,334,9,4,5,1,1,0,0,0,0,0,0,0,8,3,5,7,3,4,1,1,0,0,0,0,0,0,0,6,2,4,2,1,1,0,0,0,0,0,0,0,0,0,2,1,1,631,281,350
29,575,0130,617559,0000,000000,KARNATAKA,Dakshina Kannada,VILLAGE,Kallige,Rural,910,4205,2034,2171,372,182,190,111,56,55,20,8,12,3262,1692,1570,943,342,601,2469,1318,1151,2335,1254,1081,76,51,25,82,56,26,736,45,691,1441,1102,339,134,64,70,10,6,4,9,5,4,17,3,14,98,50,48,124,58,66,10,6,4,9,5,4,17,3,14,88,44,44,10,6,4,0,0,0,0,0,0,0,0,0,10,6,4,1736,716,1020
29,575,0130,617560,0000,000000,KARNATAKA,Dakshina Kannada,VILLAGE,Sajipapadu,Rural,369,2036,1023,1013,208,115,93,150,80,70,2,1,1,1568,839,729,468,184,284,1125,641,484,1106,623,483,94,60,34,20,11,9,398,35,363,594,517,77,19,18,1,0,0,0,1,1,0,0,0,0,18,17,1,18,17,1,0,0,0,1,1,0,0,0,0,17,16,1,1,1,0,0,0,0,0,0,0,0,0,0,1,1,0,911,382,529
29,575,0130,617561,0000,000000,KARNATAKA,Dakshina Kannada,VILLAGE,Chelur,Rural,221,987,483,504,84,43,41,56,30,26,0,0,0,804,420,384,183,63,120,618,334,284,617,334,283,33,19,14,66,45,21,173,13,160,345,257,88,1,0,1,0,0,0,0,0,0,0,0,0,1,0,1,1,0,1,0,0,0,0,0,0,0,0,0,1,0,1,0,0,0,0,0,0,0,0,0,0,0,0,0,0,0,369,149,220
29,575,0130,617562,0000,000000,KARNATAKA,Dakshina Kannada,VILLAGE,Kurnad,Rural,571,2718,1369,1349,244,134,110,115,56,59,15,7,8,2186,1151,1035,532,218,314,1443,873,570,1294,789,505,35,23,12,20,18,2,304,37,267,935,711,224,149,84,65,4,1,3,4,4,0,16,1,15,125,78,47,144,80,64,4,1,3,4,4,0,15,1,14,121,74,47,5,4,1,0,0,0,0,0,0,1,0,1,4,4,0,1275,496,779
29,575,0130,617563,0000,000000,KARNATAKA,Dakshina Kannada,VILLAGE,Phajeer,Rural,1267,6550,3288,3262,724,366,358,146,74,72,39,18,21,5084,2714,2370,1466,574,892,3217,1939,1278,2836,1767,1069,179,142,37,216,170,46,781,135,646,1660,1320,340,381,172,209,23,7,16,32,22,10,148,10,138,178,133,45,352,163,189,16,5,11,32,22,10,137,9,128,167,127,40,29,9,20,7,2,5,0,0,0,11,1,10,11,6,5,3333,1349,1984
29,575,0130,617564,0000,000000,KARNATAKA,Dakshina Kannada,VILLAGE,Naringana,Rural,1143,6562,3351,3211,803,435,368,83,40,43,119,65,54,5174,2761,2413,1388,590,798,3130,1843,1287,2675,1686,989,82,59,23,22,15,7,622,45,577,1949,1567,382,455,157,298,5,2,3,5,4,1,214,6,208,231,145,86,435,144,291,5,2,3,4,3,1,208,5,203,218,134,84,20,13,7,0,0,0,1,1,0,6,1,5,13,11,2,3432,1508,1924
29,575,0130,617565,0000,000000,KARNATAKA,Dakshina Kannada,VILLAGE,Balepuni,Rural,1065,5619,2868,2751,587,316,271,348,178,170,120,58,62,4527,2434,2093,1092,434,658,2728,1581,1147,2642,1540,1102,62,42,20,24,18,6,884,29,855,1672,1451,221,86,41,45,0,0,0,2,2,0,36,1,35,48,38,10,80,41,39,0,0,0,2,2,0,32,1,31,46,38,8,6,0,6,0,0,0,0,0,0,4,0,4,2,0,2,2891,1287,1604
29,575,0130,617566,0000,000000,KARNATAKA,Dakshina Kannada,VILLAGE,Ira,Rural,1298,7376,3648,3728,874,439,435,319,154,165,113,52,61,5665,3007,2658,1711,641,1070,3866,2170,1696,3681,2120,1561,122,104,18,73,64,9,1305,83,1222,2181,1869,312,185,50,135,1,0,1,4,2,2,93,4,89,87,44,43,158,42,116,1,0,1,4,2,2,77,2,75,76,38,38,27,8,19,0,0,0,0,0,0,16,2,14,11,6,5,3510,1478,2032
29,575,0130,617567,0000,000000,KARNATAKA,Dakshina Kannada,VILLAGE,Sajipamuda,Rural,1482,7609,3776,3833,844,436,408,98,45,53,213,104,109,5767,3049,2718,1842,727,1115,4350,2362,1988,4289,2333,1956,217,142,75,305,278,27,1802,216,1586,1965,1697,268,61,29,32,10,8,2,0,0,0,29,2,27,22,19,3,33,17,16,7,5,2,0,0,0,11,0,11,15,12,3,28,12,16,3,3,0,0,0,0,18,2,16,7,7,0,3259,1414,1845
29,575,0130,617568,0000,000000,KARNATAKA,Dakshina Kannada,VILLAGE,Amtoor,Rural,671,3115,1528,1587,308,175,133,357,171,186,80,48,32,2409,1250,1159,706,278,428,1798,963,835,1784,956,828,55,42,13,38,31,7,673,72,601,1018,811,207,14,7,7,1,0,1,3,3,0,2,0,2,8,4,4,13,6,7,1,0,1,3,3,0,2,0,2,7,3,4,1,1,0,0,0,0,0,0,0,0,0,0,1,1,0,1317,565,752
29,575,0130,617569,0000,000000,KARNATAKA,Dakshina Kannada,VILLAGE,Shambhoor,Rural,449,2379,1209,1170,221,114,107,73,35,38,57,25,32,1825,995,830,554,214,340,1449,829,620,1372,796,576,123,92,31,94,70,24,451,46,405,704,588,116,77,33,44,3,1,2,5,3,2,34,6,28,35,23,12,68,29,39,1,0,1,5,3,2,32,5,27,30,21,9,9,4,5,2,1,1,0,0,0,2,1,1,5,2,3,930,380,550
29,575,0130,617570,0000,000000,KARNATAKA,Dakshina Kannada,VILLAGE,Manchi,Rural,1485,8017,4019,3998,918,469,449,192,95,97,504,251,253,6289,3305,2984,1728,714,1014,4136,2407,1729,3966,2339,1627,311,245,66,217,190,27,1409,133,1276,2029,1771,258,170,68,102,14,6,8,15,9,6,64,4,60,77,49,28,149,60,89,14,6,8,13,7,6,55,4,51,67,43,24,21,8,13,0,0,0,2,2,0,9,0,9,10,6,4,3881,1612,2269
29,575,0130,617571,0000,000000,KARNATAKA,Dakshina Kannada,VILLAGE,Golthamajal,Rural,1184,6377,3256,3121,761,415,346,169,84,85,261,135,126,4959,2672,2287,1418,584,834,3024,1952,1072,2837,1874,963,140,103,37,70,52,18,763,82,681,1864,1637,227,187,78,109,0,0,0,3,2,1,95,7,88,89,69,20,163,64,99,0,0,0,3,2,1,87,7,80,73,55,18,24,14,10,0,0,0,0,0,0,8,0,8,16,14,2,3353,1304,2049
29,575,0130,617572,0000,000000,KARNATAKA,Dakshina Kannada,VILLAGE,Balthila,Rural,1201,6272,3145,3127,543,299,244,449,220,229,642,306,336,4852,2573,2279,1420,572,848,3586,2032,1554,3184,1862,1322,135,117,18,281,247,34,1182,116,1066,1586,1382,204,402,170,232,4,2,2,16,8,8,274,71,203,108,89,19,383,164,219,4,2,2,13,6,7,263,69,194,103,87,16,19,6,13,0,0,0,3,2,1,11,2,9,5,2,3,2686,1113,1573
29,575,0130,617573,0000,000000,KARNATAKA,Dakshina Kannada,VILLAGE,Barimar,Rural,554,2919,1453,1466,272,147,125,180,88,92,278,123,155,2214,1173,1041,705,280,425,1704,963,741,1490,774,716,22,20,2,53,44,9,626,40,586,789,670,119,214,189,25,8,8,0,130,109,21,3,1,2,73,71,2,213,188,25,8,8,0,130,109,21,3,1,2,72,70,2,1,1,0,0,0,0,0,0,0,0,0,0,1,1,0,1215,490,725
29,575,0130,617574,0000,000000,KARNATAKA,Dakshina Kannada,VILLAGE,Kadeshwalya,Rural,956,5026,2502,2524,496,274,222,554,268,286,608,294,314,3815,1998,1817,1211,504,707,2705,1556,1149,2576,1489,1087,135,119,16,65,49,16,889,106,783,1487,1215,272,129,67,62,10,4,6,1,1,0,40,10,30,78,52,26,122,64,58,10,4,6,1,1,0,39,10,29,72,49,23,7,3,4,0,0,0,0,0,0,1,0,1,6,3,3,2321,946,1375
29,575,0130,617575,0000,000000,KARNATAKA,Dakshina Kannada,VILLAGE,Kolnadu,Rural,2273,12201,6035,6166,1361,680,681,932,470,462,554,289,265,9333,4954,4379,2868,1081,1787,6818,3777,3041,6406,3582,2824,163,86,77,71,64,7,86,20,66,6086,3412,2674,412,195,217,6,2,4,7,3,4,106,6,100,293,184,109,371,166,205,5,1,4,7,3,4,105,5,100,254,157,97,41,29,12,1,1,0,0,0,0,1,1,0,39,27,12,5383,2258,3125
29,575,0130,617576,0000,000000,KARNATAKA,Dakshina Kannada,VILLAGE,Bolanthuru,Rural,732,4225,2152,2073,499,258,241,243,118,125,118,60,58,3150,1727,1423,1075,425,650,2263,1204,1059,2029,1018,1011,96,47,49,9,5,4,159,22,137,1765,944,821,234,186,48,1,1,0,68,66,2,15,3,12,150,116,34,234,186,48,1,1,0,68,66,2,15,3,12,150,116,34,0,0,0,0,0,0,0,0,0,0,0,0,0,0,0,1962,948,1014
29,575,0130,617577,0000,000000,KARNATAKA,Dakshina Kannada,VILLAGE,Veerakamba,Rural,1127,5521,2769,2752,563,285,278,186,99,87,507,264,243,4264,2272,1992,1257,497,760,3188,1784,1404,3101,1747,1354,77,51,26,8,4,4,1186,273,913,1830,1419,411,87,37,50,4,1,3,0,0,0,33,6,27,50,30,20,77,32,45,4,1,3,0,0,0,33,6,27,40,25,15,10,5,5,0,0,0,0,0,0,0,0,0,10,5,5,2333,985,1348
29,575,0130,617578,0000,000000,KARNATAKA,Dakshina Kannada,VILLAGE,Ananthadi,Rural,509,2444,1189,1255,212,103,109,340,164,176,96,45,51,1898,994,904,546,195,351,1539,816,723,1439,774,665,67,45,22,10,5,5,41,4,37,1321,720,601,100,42,58,3,2,1,1,0,1,11,2,9,85,38,47,87,36,51,2,1,1,1,0,1,7,0,7,77,35,42,13,6,7,1,1,0,0,0,0,4,2,2,8,3,5,905,373,532
29,575,0130,617579,0000,000000,KARNATAKA,Dakshina Kannada,VILLAGE,Mani,Rural,732,3665,1827,1838,372,197,175,224,115,109,193,96,97,2810,1492,1318,855,335,520,1926,1147,779,1887,1119,768,35,28,7,4,3,1,244,21,223,1604,1067,537,39,28,11,1,1,0,0,0,0,0,0,0,38,27,11,34,25,9,1,1,0,0,0,0,0,0,0,33,24,9,5,3,2,0,0,0,0,0,0,0,0,0,5,3,2,1739,680,1059
29,575,0130,617580,0000,000000,KARNATAKA,Dakshina Kannada,VILLAGE,Peraje,Rural,578,2942,1460,1482,344,176,168,118,59,59,326,175,151,2195,1173,1022,747,287,460,1472,849,623,1418,823,595,55,35,20,41,30,11,457,28,429,865,730,135,54,26,28,1,1,0,5,1,4,5,1,4,43,23,20,32,19,13,0,0,0,1,0,1,3,1,2,28,18,10,22,7,15,1,1,0,4,1,3,2,0,2,15,5,10,1470,611,859
29,575,0130,617581,0000,000000,KARNATAKA,Dakshina Kannada,VILLAGE,Biliyur,Rural,684,3612,1779,1833,380,204,176,283,136,147,333,171,162,2832,1453,1379,780,326,454,2117,1114,1003,1687,970,717,188,117,71,43,30,13,164,45,119,1292,778,514,430,144,286,9,0,9,73,29,44,49,8,41,299,107,192,393,127,266,8,0,8,70,28,42,42,6,36,273,93,180,37,17,20,1,0,1,3,1,2,7,2,5,26,14,12,1495,665,830
29,575,0130,617582,0000,000000,KARNATAKA,Dakshina Kannada,VILLAGE,Perne,Rural,436,2225,1093,1132,238,121,117,240,126,114,247,117,130,1659,862,797,566,231,335,1310,700,610,1129,637,492,60,46,14,19,15,4,165,16,149,885,560,325,181,63,118,13,6,7,4,4,0,37,2,35,127,51,76,176,60,116,13,6,7,3,3,0,36,2,34,124,49,75,5,3,2,0,0,0,1,1,0,1,0,1,3,2,1,915,393,522
29,575,0130,617583,0000,000000,KARNATAKA,Dakshina Kannada,VILLAGE,Kedila,Rural,1003,5577,2754,2823,656,330,326,307,154,153,184,91,93,4112,2205,1907,1465,549,916,2929,1606,1323,1684,1141,543,83,70,13,82,69,13,427,86,341,1092,916,176,1245,465,780,12,4,8,30,24,6,563,53,510,640,384,256,862,306,556,7,3,4,28,22,6,402,34,368,425,247,178,383,159,224,5,1,4,2,2,0,161,19,142,215,137,78,2648,1148,1500
29,575,0130,617584,0000,000000,KARNATAKA,Dakshina Kannada,VILLAGE,Netlamudnur,Rural,777,4010,1998,2012,490,240,250,269,139,130,246,126,120,2917,1577,1340,1093,421,672,1973,1152,821,1353,833,520,27,25,2,13,13,0,419,41,378,894,754,140,620,319,301,29,28,1,18,15,3,130,7,123,443,269,174,582,303,279,26,26,0,18,15,3,117,5,112,421,257,164,38,16,22,3,2,1,0,0,0,13,2,11,22,12,10,2037,846,1191
29,575,0130,617585,0000,000000,KARNATAKA,Dakshina Kannada,VILLAGE,Vittalpadanur,Rural,1235,6589,3232,3357,742,380,362,325,156,169,402,210,192,5083,2659,2424,1506,573,933,3330,1954,1376,3256,1906,1350,168,156,12,177,167,10,1089,40,1049,1822,1543,279,74,48,26,5,5,0,25,25,0,21,1,20,23,17,6,72,47,25,5,5,0,25,25,0,20,1,19,22,16,6,2,1,1,0,0,0,0,0,0,1,0,1,1,1,0,3259,1278,1981
29,575,0130,617586,0000,000000,KARNATAKA,Dakshina Kannada,VILLAGE,Salethur,Rural,486,2698,1382,1316,316,175,141,245,133,112,214,103,111,2023,1121,902,675,261,414,1358,797,561,1271,744,527,15,15,0,6,5,1,1,0,1,1249,724,525,87,53,34,0,0,0,0,0,0,0,0,0,87,53,34,86,53,33,0,0,0,0,0,0,0,0,0,86,53,33,1,0,1,0,0,0,0,0,0,0,0,0,1,0,1,1340,585,755
29,575,0130,617587,0000,000000,KARNATAKA,Dakshina Kannada,VILLAGE,Karopady,Rural,1204,6188,3052,3136,641,313,328,404,200,204,678,336,342,4910,2581,2329,1278,471,807,3290,1896,1394,2586,1641,945,206,159,47,73,61,12,519,23,496,1788,1398,390,704,255,449,12,4,8,19,13,6,274,19,255,399,219,180,419,185,234,8,3,5,17,12,5,98,8,90,296,162,134,285,70,215,4,1,3,2,1,1,176,11,165,103,57,46,2898,1156,1742
29,575,0130,617588,0000,000000,KARNATAKA,Dakshina Kannada,VILLAGE,Kanyana,Rural,1465,7650,3771,3879,787,427,360,566,297,269,755,380,375,5977,3079,2898,1673,692,981,3586,2138,1448,3200,1969,1231,226,200,26,338,280,58,774,71,703,1862,1418,444,386,169,217,6,3,3,17,7,10,121,11,110,242,148,94,288,141,147,4,3,1,9,3,6,107,10,97,168,125,43,98,28,70,2,0,2,8,4,4,14,1,13,74,23,51,4064,1633,2431
29,575,0130,617589,0000,000000,KARNATAKA,Dakshina Kannada,VILLAGE,Peruvai,Rural,613,3062,1505,1557,279,147,132,131,67,64,623,306,317,2479,1260,1219,583,245,338,1505,909,596,1278,748,530,77,43,34,16,12,4,362,100,262,823,593,230,227,161,66,12,6,6,3,3,0,105,71,34,107,81,26,176,133,43,10,5,5,3,3,0,90,70,20,73,55,18,51,28,23,2,1,1,0,0,0,15,1,14,34,26,8,1557,596,961
29,575,0130,617590,0000,000000,KARNATAKA,Dakshina Kannada,VILLAGE,Manila,Rural,590,3120,1552,1568,263,123,140,246,129,117,477,231,246,2493,1313,1180,627,239,388,1675,1004,671,1584,958,626,105,78,27,211,196,15,252,3,249,1016,681,335,91,46,45,3,1,2,8,6,2,10,0,10,70,39,31,86,44,42,2,1,1,8,6,2,9,0,9,67,37,30,5,2,3,1,0,1,0,0,0,1,0,1,3,2,1,1445,548,897
29,575,0130,617591,0000,000000,KARNATAKA,Dakshina Kannada,VILLAGE,Alike,Rural,1041,5840,3206,2634,458,212,246,227,116,111,874,441,433,4819,2820,1999,1021,386,635,2295,1524,771,2233,1491,742,294,255,39,395,340,55,438,29,409,1106,867,239,62,33,29,17,9,8,3,1,2,4,1,3,38,22,16,56,29,27,15,7,8,3,1,2,3,1,2,35,20,15,6,4,2,2,2,0,0,0,0,1,0,1,3,2,1,3545,1682,1863
29,575,0130,617592,0000,000000,KARNATAKA,Dakshina Kannada,VILLAGE,Idkidu,Rural,736,3776,1830,1946,407,218,189,140,73,67,222,105,117,2797,1449,1348,979,381,598,1890,1077,813,1611,947,664,14,7,7,21,11,10,520,42,478,1056,887,169,279,130,149,1,1,0,5,4,1,106,14,92,167,111,56,260,126,134,1,1,0,5,4,1,96,13,83,158,108,50,19,4,15,0,0,0,0,0,0,10,1,9,9,3,6,1886,753,1133
29,575,0130,617593,0000,000000,KARNATAKA,Dakshina Kannada,VILLAGE,Kula,Rural,650,3506,1804,1702,340,162,178,114,61,53,55,30,25,2733,1516,1217,773,288,485,1827,1116,711,1626,1035,591,53,41,12,13,13,0,501,26,475,1059,955,104,201,81,120,14,11,3,14,6,8,92,1,91,81,63,18,187,78,109,13,11,2,13,6,7,87,1,86,74,60,14,14,3,11,1,0,1,1,0,1,5,0,5,7,3,4,1679,688,991
29,575,0130,617594,0000,000000,KARNATAKA,Dakshina Kannada,VILLAGE,Vittalmudnoor,Rural,842,4498,2282,2216,450,240,210,125,64,61,559,285,274,3491,1877,1614,1007,405,602,2238,1479,759,1751,1276,475,144,128,16,84,75,9,309,37,272,1214,1036,178,487,203,284,6,3,3,25,18,7,196,19,177,260,163,97,235,124,111,6,3,3,23,17,6,73,4,69,133,100,33,252,79,173,0,0,0,2,1,1,123,15,108,127,63,64,2260,803,1457
29,575,0130,617595,0000,000000,KARNATAKA,Dakshina Kannada,VILLAGE,Kepu,Rural,1189,6166,3117,3049,600,294,306,393,212,181,1499,759,740,4974,2646,2328,1192,471,721,2728,1846,882,2241,1601,640,66,55,11,22,21,1,432,71,361,1721,1454,267,487,245,242,9,5,4,11,7,4,85,7,78,382,226,156,381,183,198,8,4,4,11,7,4,74,4,70,288,168,120,106,62,44,1,1,0,0,0,0,11,3,8,94,58,36,3438,1271,2167
29,575,0130,617596,0000,000000,KARNATAKA,Dakshina Kannada,VILLAGE,Punacha,Rural,1620,7978,4009,3969,682,348,334,507,257,250,2253,1142,1111,6363,3376,2987,1615,633,982,4231,2723,1508,4062,2627,1435,188,141,47,283,260,23,772,60,712,2819,2166,653,169,96,73,15,15,0,27,16,11,31,2,29,96,63,33,163,93,70,15,15,0,27,16,11,31,2,29,90,60,30,6,3,3,0,0,0,0,0,0,0,0,0,6,3,3,3747,1286,2461
29,575,0130,617597,0000,000000,KARNATAKA,Dakshina Kannada,TOWN,Kariyangala (CT),Urban,915,4698,2375,2323,422,216,206,182,91,91,10,6,4,3766,2020,1746,932,355,577,2573,1502,1071,2476,1449,1027,106,76,30,78,62,16,845,57,788,1447,1254,193,97,53,44,10,8,2,4,1,3,49,15,34,34,29,5,89,52,37,10,8,2,1,1,0,47,15,32,31,28,3,8,1,7,0,0,0,3,0,3,2,0,2,3,1,2,2125,873,1252
29,575,0130,617598,0000,000000,KARNATAKA,Dakshina Kannada,TOWN,Pudu (CT),Urban,2315,13533,6726,6807,1672,835,837,301,151,150,55,25,30,10321,5525,4796,3212,1201,2011,6399,3859,2540,5787,3513,2274,92,67,25,100,83,17,1737,118,1619,3858,3245,613,612,346,266,1,0,1,11,4,7,132,12,120,468,330,138,559,325,234,1,0,1,11,4,7,102,9,93,445,312,133,53,21,32,0,0,0,0,0,0,30,3,27,23,18,5,7134,2867,4267
29,575,0130,617599,0000,000000,KARNATAKA,Dakshina Kannada,TOWN,Thumbe (CT),Urban,1200,6230,3123,3107,663,362,301,93,41,52,16,7,9,4879,2594,2285,1351,529,822,3098,1872,1226,3032,1842,1190,29,23,6,41,25,16,972,57,915,1990,1737,253,66,30,36,0,0,0,1,0,1,20,2,18,45,28,17,53,27,26,0,0,0,1,0,1,15,2,13,37,25,12,13,3,10,0,0,0,0,0,0,5,0,5,8,3,5,3132,1251,1881
29,575,0130,617600,0000,000000,KARNATAKA,Dakshina Kannada,TOWN,Sajipanadu (CT),Urban,940,5847,2869,2978,866,422,444,60,31,29,25,9,16,4243,2279,1964,1604,590,1014,2749,1614,1135,2644,1561,1083,45,30,15,14,8,6,998,64,934,1587,1459,128,105,53,52,0,0,0,1,0,1,42,4,38,62,49,13,87,46,41,0,0,0,1,0,1,37,4,33,49,42,7,18,7,11,0,0,0,0,0,0,5,0,5,13,7,6,3098,1255,1843
29,575,0130,617601,0000,000000,KARNATAKA,Dakshina Kannada,TOWN,Munnuru (CT),Urban,1509,8864,4454,4410,1124,578,546,111,56,55,159,73,86,6728,3626,3102,2136,828,1308,4629,2602,2027,4516,2554,1962,79,58,21,38,19,19,1768,146,1622,2631,2331,300,113,48,65,4,3,1,2,2,0,41,1,40,66,42,24,80,34,46,3,2,1,1,1,0,28,1,27,48,30,18,33,14,19,1,1,0,1,1,0,13,0,13,18,12,6,4235,1852,2383
29,575,0130,617602,0000,000000,KARNATAKA,Dakshina Kannada,TOWN,Narikombu (CT),Urban,1493,7800,3864,3936,774,416,358,247,123,124,154,72,82,6045,3151,2894,1755,713,1042,4313,2473,1840,3928,2291,1637,79,71,8,202,145,57,1225,118,1107,2422,1957,465,385,182,203,1,0,1,12,8,4,41,9,32,331,165,166,111,54,57,0,0,0,6,4,2,28,3,25,77,47,30,274,128,146,1,0,1,6,4,2,13,6,7,254,118,136,3487,1391,2096
29,575,0130,617603,0000,000000,KARNATAKA,Dakshina Kannada,TOWN,Navoor (CT),Urban,1131,5365,2596,2769,598,296,302,370,169,201,101,51,50,4075,2115,1960,1290,481,809,2852,1593,1259,2816,1572,1244,129,94,35,98,84,14,1076,105,971,1513,1289,224,36,21,15,0,0,0,5,1,4,6,2,4,25,18,7,34,19,15,0,0,0,5,1,4,6,2,4,23,16,7,2,2,0,0,0,0,0,0,0,0,0,0,2,2,0,2513,1003,1510
29,575,0130,617604,0000,000000,KARNATAKA,Dakshina Kannada,TOWN,Kairangala (CT),Urban,960,5788,3002,2786,611,317,294,149,73,76,71,35,36,4669,2581,2088,1119,421,698,2597,1604,993,2370,1557,813,16,12,4,56,39,17,540,23,517,1758,1483,275,227,47,180,3,3,0,7,4,3,77,3,74,140,37,103,213,39,174,3,3,0,7,4,3,74,3,71,129,29,100,14,8,6,0,0,0,0,0,0,3,0,3,11,8,3,3191,1398,1793
29,575,0130,617605,0000,000000,KARNATAKA,Dakshina Kannada,TOWN,Vittal (CT),Urban,3441,17618,8808,8810,1915,969,946,932,463,469,1384,693,691,14308,7490,6818,3310,1318,1992,8288,5394,2894,7857,5215,2642,371,309,62,160,131,29,1829,203,1626,5497,4572,925,431,179,252,28,7,21,17,12,5,168,14,154,218,146,72,376,142,234,24,6,18,15,10,5,157,11,146,180,115,65,55,37,18,4,1,3,2,2,0,11,3,8,38,31,7,9330,3414,5916
29,575,0131,000000,0000,000000,KARNATAKA,Dakshina Kannada,CD BLOCK,Beltangadi ,Total,53564,258843,128142,130701,27438,13994,13444,24211,11880,12331,15393,7608,7785,194026,102472,91554,64817,25670,39147,134534,79092,55442,121362,73298,48064,9699,7849,1850,8416,6370,2046,31184,2150,29034,72063,56929,15134,13172,5794,7378,402,228,174,1291,679,612,3787,344,3443,7692,4543,3149,11177,4988,6189,324,188,136,1060,569,491,3207,257,2950,6586,3974,2612,1995,806,1189,78,40,38,231,110,121,580,87,493,1106,569,537,124309,49050,75259
29,575,0131,000000,0000,000000,KARNATAKA,Dakshina Kannada,CD BLOCK,Beltangadi ,Rural,52151,251802,124672,127130,26607,13561,13046,23923,11736,12187,15223,7520,7703,188537,99637,88900,63265,25035,38230,131374,77132,54242,118246,71354,46892,9585,7753,1832,8179,6171,2008,30194,2050,28144,70288,55380,14908,13128,5778,7350,401,228,173,1285,678,607,3764,338,3426,7678,4534,3144,11138,4975,6163,323,188,135,1054,568,486,3184,251,2933,6577,3968,2609,1990,803,1187,78,40,38,231,110,121,580,87,493,1101,566,535,120428,47540,72888
29,575,0131,000000,0000,000000,KARNATAKA,Dakshina Kannada,CD BLOCK,Beltangadi ,Urban,1413,7041,3470,3571,831,433,398,288,144,144,170,88,82,5489,2835,2654,1552,635,917,3160,1960,1200,3116,1944,1172,114,96,18,237,199,38,990,100,890,1775,1549,226,44,16,28,1,0,1,6,1,5,23,6,17,14,9,5,39,13,26,1,0,1,6,1,5,23,6,17,9,6,3,5,3,2,0,0,0,0,0,0,0,0,0,5,3,2,3881,1510,2371
29,575,0131,617606,0000,000000,KARNATAKA,Dakshina Kannada,VILLAGE,Marodi,Rural,537,2582,1240,1342,251,125,126,280,137,143,25,11,14,1849,956,893,733,284,449,1467,793,674,1251,693,558,158,141,17,352,178,174,342,21,321,399,353,46,216,100,116,6,2,4,78,36,42,49,7,42,83,55,28,191,90,101,5,2,3,77,35,42,33,4,29,76,49,27,25,10,15,1,0,1,1,1,0,16,3,13,7,6,1,1115,447,668
29,575,0131,617607,0000,000000,KARNATAKA,Dakshina Kannada,VILLAGE,Naravi,Rural,833,3950,1998,1952,310,168,142,486,224,262,150,76,74,3089,1653,1436,861,345,516,1919,1193,726,1900,1179,721,132,109,23,127,101,26,232,20,212,1409,949,460,19,14,5,1,1,0,0,0,0,0,0,0,18,13,5,15,10,5,1,1,0,0,0,0,0,0,0,14,9,5,4,4,0,0,0,0,0,0,0,0,0,0,4,4,0,2031,805,1226
29,575,0131,617608,0000,000000,KARNATAKA,Dakshina Kannada,VILLAGE,Kuthluru,Rural,378,1859,896,963,162,82,80,162,80,82,306,144,162,1389,713,676,470,183,287,1003,580,423,912,525,387,155,126,29,96,91,5,267,17,250,394,291,103,91,55,36,4,4,0,8,6,2,15,1,14,64,44,20,91,55,36,4,4,0,8,6,2,15,1,14,64,44,20,0,0,0,0,0,0,0,0,0,0,0,0,0,0,0,856,316,540
29,575,0131,617609,0000,000000,KARNATAKA,Dakshina Kannada,VILLAGE,Sulkeri,Rural,187,829,392,437,80,44,36,79,40,39,81,34,47,594,293,301,235,99,136,426,255,171,412,249,163,47,45,2,74,62,12,119,5,114,172,137,35,14,6,8,0,0,0,3,1,2,5,0,5,6,5,1,12,6,6,0,0,0,2,1,1,4,0,4,6,5,1,2,0,2,0,0,0,1,0,1,1,0,1,0,0,0,403,137,266
29,575,0131,617610,0000,000000,KARNATAKA,Dakshina Kannada,VILLAGE,Kokradi,Rural,282,1395,747,648,135,76,59,204,106,98,42,23,19,1020,557,463,375,190,185,711,477,234,559,406,153,91,86,5,17,15,2,122,15,107,329,290,39,152,71,81,2,0,2,29,21,8,13,0,13,108,50,58,147,67,80,2,0,2,28,20,8,12,0,12,105,47,58,5,4,1,0,0,0,1,1,0,1,0,1,3,3,0,684,270,414
29,575,0131,617611,0000,000000,KARNATAKA,Dakshina Kannada,VILLAGE,Savya,Rural,290,1403,707,696,139,66,73,176,97,79,34,19,15,1008,554,454,395,153,242,872,470,402,826,448,378,54,49,5,134,90,44,271,4,267,367,305,62,46,22,24,2,1,1,16,4,12,11,1,10,17,16,1,43,20,23,2,1,1,14,3,11,11,1,10,16,15,1,3,2,1,0,0,0,2,1,1,0,0,0,1,1,0,531,237,294
29,575,0131,617612,0000,000000,KARNATAKA,Dakshina Kannada,VILLAGE,Peradi,Rural,308,1506,731,775,139,70,69,148,72,76,0,0,0,1048,551,497,458,180,278,835,439,396,739,390,349,56,48,8,72,55,17,297,4,293,314,283,31,96,49,47,2,2,0,22,11,11,30,1,29,42,35,7,83,44,39,2,2,0,20,10,10,23,0,23,38,32,6,13,5,8,0,0,0,2,1,1,7,1,6,4,3,1,671,292,379
29,575,0131,617613,0000,000000,KARNATAKA,Dakshina Kannada,VILLAGE,Kashipatna,Rural,554,2673,1288,1385,309,160,149,355,179,176,101,51,50,1936,987,949,737,301,436,1433,787,646,1320,732,588,174,119,55,104,92,12,252,14,238,790,507,283,113,55,58,6,3,3,14,8,6,28,0,28,65,44,21,107,52,55,6,3,3,14,8,6,26,0,26,61,41,20,6,3,3,0,0,0,0,0,0,2,0,2,4,3,1,1240,501,739
29,575,0131,617614,0000,000000,KARNATAKA,Dakshina Kannada,VILLAGE,Badakodi,Rural,257,1337,658,679,134,73,61,228,118,110,339,165,174,991,527,464,346,131,215,775,460,315,765,451,314,33,30,3,157,139,18,230,6,224,345,276,69,10,9,1,0,0,0,0,0,0,0,0,0,10,9,1,10,9,1,0,0,0,0,0,0,0,0,0,10,9,1,0,0,0,0,0,0,0,0,0,0,0,0,0,0,0,562,198,364
29,575,0131,617615,0000,000000,KARNATAKA,Dakshina Kannada,VILLAGE,Hosangadi,Rural,702,3366,1637,1729,357,194,163,514,246,268,50,28,22,2447,1266,1181,919,371,548,1745,974,771,1607,902,705,81,67,14,31,22,9,570,46,524,925,767,158,138,72,66,2,1,1,5,4,1,30,5,25,101,62,39,134,71,63,2,1,1,5,4,1,28,5,23,99,61,38,4,1,3,0,0,0,0,0,0,2,0,2,2,1,1,1621,663,958
29,575,0131,617616,0000,000000,KARNATAKA,Dakshina Kannada,VILLAGE,Arambodi,Rural,673,3442,1691,1751,336,171,165,409,197,212,66,27,39,2614,1382,1232,828,309,519,1936,1086,850,1913,1079,834,177,165,12,170,123,47,680,42,638,886,749,137,23,7,16,0,0,0,11,4,7,4,0,4,8,3,5,19,6,13,0,0,0,8,4,4,4,0,4,7,2,5,4,1,3,0,0,0,3,0,3,0,0,0,1,1,0,1506,605,901
29,575,0131,617617,0000,000000,KARNATAKA,Dakshina Kannada,VILLAGE,Gunduri,Rural,230,1175,591,584,119,62,57,79,43,36,2,1,1,909,479,430,266,112,154,758,416,342,705,401,304,13,13,0,79,73,6,253,10,243,360,305,55,53,15,38,1,0,1,2,1,1,15,1,14,35,13,22,26,6,20,0,0,0,1,1,0,7,0,7,18,5,13,27,9,18,1,0,1,1,0,1,8,1,7,17,8,9,417,175,242
29,575,0131,617618,0000,000000,KARNATAKA,Dakshina Kannada,VILLAGE,Venooru,Rural,506,2317,1124,1193,243,122,121,521,254,267,27,12,15,1765,909,856,552,215,337,1283,713,570,1232,683,549,65,49,16,137,108,29,325,20,305,705,506,199,51,30,21,1,1,0,15,13,2,11,1,10,24,15,9,31,20,11,1,1,0,14,13,1,7,1,6,9,5,4,20,10,10,0,0,0,1,0,1,4,0,4,15,10,5,1034,411,623
29,575,0131,617619,0000,000000,KARNATAKA,Dakshina Kannada,VILLAGE,Karimanelu,Rural,518,2463,1219,1244,256,140,116,153,67,86,281,135,146,1900,988,912,563,231,332,1312,776,536,1219,740,479,84,71,13,34,29,5,351,14,337,750,626,124,93,36,57,2,2,0,6,4,2,31,2,29,54,28,26,65,31,34,2,2,0,6,4,2,10,1,9,47,24,23,28,5,23,0,0,0,0,0,0,21,1,20,7,4,3,1151,443,708
29,575,0131,617620,0000,000000,KARNATAKA,Dakshina Kannada,VILLAGE,Moodukodi,Rural,547,2557,1262,1295,291,154,137,220,107,113,186,84,102,1891,995,896,666,267,399,1471,782,689,1405,771,634,178,133,45,80,54,26,452,29,423,695,555,140,66,11,55,1,0,1,18,4,14,29,1,28,18,6,12,43,1,42,1,0,1,7,0,7,26,0,26,9,1,8,23,10,13,0,0,0,11,4,7,3,1,2,9,5,4,1086,480,606
29,575,0131,617621,0000,000000,KARNATAKA,Dakshina Kannada,VILLAGE,Andinje,Rural,491,2175,1036,1139,227,120,107,255,120,135,76,38,38,1577,796,781,598,240,358,1241,647,594,1224,639,585,125,97,28,56,40,16,412,19,393,631,483,148,17,8,9,0,0,0,2,0,2,0,0,0,15,8,7,4,1,3,0,0,0,2,0,2,0,0,0,2,1,1,13,7,6,0,0,0,0,0,0,0,0,0,13,7,6,934,389,545
29,575,0131,617622,0000,000000,KARNATAKA,Dakshina Kannada,VILLAGE,Kudyadi,Rural,156,701,344,357,63,36,27,48,23,25,0,0,0,531,276,255,170,68,102,371,215,156,368,213,155,62,49,13,53,37,16,98,0,98,155,127,28,3,2,1,0,0,0,1,1,0,1,0,1,1,1,0,3,2,1,0,0,0,1,1,0,1,0,1,1,1,0,0,0,0,0,0,0,0,0,0,0,0,0,0,0,0,330,129,201
29,575,0131,617623,0000,000000,KARNATAKA,Dakshina Kannada,VILLAGE,Navara,Rural,193,912,447,465,85,46,39,117,62,55,105,52,53,655,348,307,257,99,158,457,273,184,424,247,177,47,32,15,12,8,4,116,11,105,249,196,53,33,26,7,0,0,0,3,3,0,2,0,2,28,23,5,22,17,5,0,0,0,3,3,0,2,0,2,17,14,3,11,9,2,0,0,0,0,0,0,0,0,0,11,9,2,455,174,281
29,575,0131,617624,0000,000000,KARNATAKA,Dakshina Kannada,VILLAGE,Sulkerimogru,Rural,281,1196,573,623,86,41,45,82,40,42,136,68,68,910,467,443,286,106,180,720,399,321,665,395,270,17,16,1,8,5,3,208,12,196,432,362,70,55,4,51,1,1,0,0,0,0,42,1,41,12,2,10,55,4,51,1,1,0,0,0,0,42,1,41,12,2,10,0,0,0,0,0,0,0,0,0,0,0,0,0,0,0,476,174,302
29,575,0131,617625,0000,000000,KARNATAKA,Dakshina Kannada,VILLAGE,Shirlalu,Rural,495,2336,1123,1213,263,132,131,228,110,118,318,148,170,1707,887,820,629,236,393,1288,717,571,1186,668,518,332,239,93,68,52,16,358,15,343,428,362,66,102,49,53,9,6,3,21,19,2,34,2,32,38,22,16,89,43,46,8,5,3,17,15,2,27,2,25,37,21,16,13,6,7,1,1,0,4,4,0,7,0,7,1,1,0,1048,406,642
29,575,0131,617626,0000,000000,KARNATAKA,Dakshina Kannada,VILLAGE,Karambaru,Rural,403,1940,957,983,193,95,98,412,194,218,66,34,32,1436,754,682,504,203,301,1194,629,565,1083,616,467,132,108,24,143,80,63,303,16,287,505,412,93,111,13,98,2,2,0,0,0,0,57,0,57,52,11,41,90,6,84,1,1,0,0,0,0,50,0,50,39,5,34,21,7,14,1,1,0,0,0,0,7,0,7,13,6,7,746,328,418
29,575,0131,617627,0000,000000,KARNATAKA,Dakshina Kannada,VILLAGE,Badagakaranduru,Rural,511,2300,1075,1225,246,119,127,392,187,205,48,9,39,1758,854,904,542,221,321,1147,650,497,1135,644,491,27,15,12,9,6,3,305,13,292,794,610,184,12,6,6,0,0,0,4,0,4,1,0,1,7,6,1,6,2,4,0,0,0,2,0,2,1,0,1,3,2,1,6,4,2,0,0,0,2,0,2,0,0,0,4,4,0,1153,425,728
29,575,0131,617628,0000,000000,KARNATAKA,Dakshina Kannada,VILLAGE,Pilya,Rural,283,1276,644,632,114,62,52,253,131,122,1,1,0,973,523,450,303,121,182,675,399,276,628,373,255,14,12,2,17,14,3,180,13,167,417,334,83,47,26,21,7,7,0,2,1,1,11,0,11,27,18,9,40,23,17,7,7,0,2,1,1,9,0,9,22,15,7,7,3,4,0,0,0,0,0,0,2,0,2,5,3,2,601,245,356
29,575,0131,617629,0000,000000,KARNATAKA,Dakshina Kannada,VILLAGE,Nittade,Rural,478,2116,1035,1081,205,109,96,393,187,206,58,26,32,1566,821,745,550,214,336,1205,659,546,1194,658,536,189,144,45,266,211,55,387,13,374,352,290,62,11,1,10,2,1,1,1,0,1,2,0,2,6,0,6,10,1,9,2,1,1,1,0,1,2,0,2,5,0,5,1,0,1,0,0,0,0,0,0,0,0,0,1,0,1,911,376,535
29,575,0131,617630,0000,000000,KARNATAKA,Dakshina Kannada,VILLAGE,Bajire,Rural,410,1932,939,993,166,85,81,211,106,105,19,6,13,1535,782,753,397,157,240,1127,630,497,1112,620,492,134,115,19,73,56,17,398,9,389,507,440,67,15,10,5,1,1,0,1,1,0,4,0,4,9,8,1,12,8,4,1,1,0,1,1,0,3,0,3,7,6,1,3,2,1,0,0,0,0,0,0,1,0,1,2,2,0,805,309,496
29,575,0131,617631,0000,000000,KARNATAKA,Dakshina Kannada,VILLAGE,Kukkedi,Rural,430,2195,1104,1091,212,106,106,165,86,79,47,27,20,1666,897,769,529,207,322,1116,630,486,992,557,435,166,151,15,86,67,19,389,31,358,351,308,43,124,73,51,22,8,14,3,2,1,7,2,5,92,61,31,121,73,48,21,8,13,3,2,1,7,2,5,90,61,29,3,0,3,1,0,1,0,0,0,0,0,0,2,0,2,1079,474,605
29,575,0131,617632,0000,000000,KARNATAKA,Dakshina Kannada,VILLAGE,Nalkuru,Rural,305,1344,688,656,119,70,49,156,80,76,10,5,5,1007,540,467,337,148,189,832,470,362,478,320,158,19,13,6,8,7,1,105,14,91,346,286,60,354,150,204,2,0,2,3,1,2,82,4,78,267,145,122,316,127,189,0,0,0,2,1,1,79,4,75,235,122,113,38,23,15,2,0,2,1,0,1,3,0,3,32,23,9,512,218,294
29,575,0131,617633,0000,000000,KARNATAKA,Dakshina Kannada,VILLAGE,Balenja,Rural,307,1456,683,773,149,67,82,100,46,54,11,5,6,1059,539,520,397,144,253,850,452,398,452,336,116,10,6,4,4,3,1,75,9,66,363,318,45,398,116,282,0,0,0,1,0,1,167,0,167,230,116,114,378,111,267,0,0,0,1,0,1,160,0,160,217,111,106,20,5,15,0,0,0,0,0,0,7,0,7,13,5,8,606,231,375
29,575,0131,617634,0000,000000,KARNATAKA,Dakshina Kannada,VILLAGE,Thenkakaranduru,Rural,478,2345,1157,1188,284,153,131,178,90,88,158,84,74,1704,896,808,641,261,380,1225,689,536,1195,670,525,88,70,18,89,67,22,398,14,384,620,519,101,30,19,11,1,1,0,1,0,1,1,0,1,27,18,9,16,11,5,1,1,0,1,0,1,1,0,1,13,10,3,14,8,6,0,0,0,0,0,0,0,0,0,14,8,6,1120,468,652
29,575,0131,617635,0000,000000,KARNATAKA,Dakshina Kannada,VILLAGE,Savanalu,Rural,360,1823,904,919,185,89,96,208,98,110,292,144,148,1426,752,674,397,152,245,1066,579,487,1017,555,462,117,97,20,40,30,10,244,15,229,616,413,203,49,24,25,2,2,0,2,2,0,6,1,5,39,19,20,48,23,25,2,2,0,2,2,0,5,0,5,39,19,20,1,1,0,0,0,0,0,0,0,1,1,0,0,0,0,757,325,432
29,575,0131,617636,0000,000000,KARNATAKA,Dakshina Kannada,VILLAGE,Navooru,Rural,607,3163,1578,1585,338,181,157,126,59,67,197,111,86,2282,1208,1074,881,370,511,1613,992,621,1572,959,613,287,245,42,355,252,103,457,76,381,473,386,87,41,33,8,3,3,0,1,1,0,8,6,2,29,23,6,40,32,8,3,3,0,1,1,0,8,6,2,28,22,6,1,1,0,0,0,0,0,0,0,0,0,0,1,1,0,1550,586,964
29,575,0131,617637,0000,000000,KARNATAKA,Dakshina Kannada,VILLAGE,Mithabagilu,Rural,773,4002,2023,1979,487,267,220,117,60,57,56,30,26,2762,1523,1239,1240,500,740,2246,1276,970,2003,1162,841,204,148,56,558,494,64,585,7,578,656,513,143,243,114,129,38,17,21,118,65,53,20,0,20,67,32,35,134,68,66,6,2,4,98,57,41,11,0,11,19,9,10,109,46,63,32,15,17,20,8,12,9,0,9,48,23,25,1756,747,1009
29,575,0131,617638,0000,000000,KARNATAKA,Dakshina Kannada,VILLAGE,Malavanthige,Rural,601,3022,1533,1489,305,156,149,31,20,11,477,223,254,2062,1135,927,960,398,562,1721,1013,708,1406,882,524,206,197,9,406,326,80,327,1,326,467,358,109,315,131,184,4,4,0,207,102,105,80,6,74,24,19,5,280,118,162,4,4,0,174,89,85,78,6,72,24,19,5,35,13,22,0,0,0,33,13,20,2,0,2,0,0,0,1301,520,781
29,575,0131,617639,0000,000000,KARNATAKA,Dakshina Kannada,VILLAGE,Charmadi,Rural,977,5169,2591,2578,645,343,302,127,63,64,194,97,97,3735,1990,1745,1434,601,833,2320,1457,863,2037,1293,744,187,125,62,188,162,26,500,28,472,1162,978,184,283,164,119,4,2,2,11,8,3,88,19,69,180,135,45,222,143,79,4,2,2,9,6,3,48,12,36,161,123,38,61,21,40,0,0,0,2,2,0,40,7,33,19,12,7,2849,1134,1715
29,575,0131,617640,0000,000000,KARNATAKA,Dakshina Kannada,VILLAGE,Kadirudyavara,Rural,737,3421,1702,1719,321,157,164,232,112,120,476,234,242,2433,1303,1130,988,399,589,1963,1098,865,1317,842,475,201,147,54,263,235,28,291,19,272,562,441,121,646,256,390,26,19,7,137,86,51,237,27,210,246,124,122,240,112,128,14,12,2,64,36,28,72,6,66,90,58,32,406,144,262,12,7,5,73,50,23,165,21,144,156,66,90,1458,604,854
29,575,0131,617641,0000,000000,KARNATAKA,Dakshina Kannada,VILLAGE,Indabettu,Rural,866,4295,2133,2162,469,245,224,445,218,227,129,70,59,3152,1669,1483,1143,464,679,2318,1255,1063,2218,1195,1023,246,227,19,281,231,50,646,8,638,1045,729,316,100,60,40,1,1,0,25,16,9,20,0,20,54,43,11,48,25,23,1,1,0,13,11,2,16,0,16,18,13,5,52,35,17,0,0,0,12,5,7,4,0,4,36,30,6,1977,878,1099
29,575,0131,617642,0000,000000,KARNATAKA,Dakshina Kannada,VILLAGE,Kanyady,Rural,411,1926,942,984,187,93,94,81,41,40,164,73,91,1381,732,649,545,210,335,1015,608,407,652,448,204,127,117,10,1,1,0,132,11,121,392,319,73,363,160,203,2,0,2,2,2,0,154,0,154,205,158,47,347,148,199,2,0,2,2,2,0,154,0,154,189,146,43,16,12,4,0,0,0,0,0,0,0,0,0,16,12,4,911,334,577
29,575,0131,617643,0000,000000,KARNATAKA,Dakshina Kannada,VILLAGE,Nada,Rural,700,3466,1739,1727,323,164,159,213,103,110,207,109,98,2574,1385,1189,892,354,538,1979,1162,817,1849,1136,713,196,164,32,100,76,24,457,29,428,1096,867,229,130,26,104,9,6,3,42,2,40,18,0,18,61,18,43,122,23,99,9,6,3,41,2,39,17,0,17,55,15,40,8,3,5,0,0,0,1,0,1,1,0,1,6,3,3,1487,577,910
29,575,0131,617644,0000,000000,KARNATAKA,Dakshina Kannada,VILLAGE,Laila,Rural,1676,7804,3799,4005,822,410,412,921,440,481,427,213,214,6145,3162,2983,1659,637,1022,3824,2253,1571,3503,2093,1410,219,158,61,157,112,45,914,90,824,2213,1733,480,321,160,161,11,9,2,6,4,2,23,2,21,281,145,136,302,149,153,8,7,1,6,4,2,22,2,20,266,136,130,19,11,8,3,2,1,0,0,0,1,0,1,15,9,6,3980,1546,2434
29,575,0131,617645,0000,000000,KARNATAKA,Dakshina Kannada,VILLAGE,Munduru,Rural,200,948,448,500,79,37,42,44,24,20,50,20,30,747,383,364,201,65,136,579,293,286,578,293,285,79,62,17,125,96,29,215,6,209,159,129,30,1,0,1,0,0,0,0,0,0,0,0,0,1,0,1,1,0,1,0,0,0,0,0,0,0,0,0,1,0,1,0,0,0,0,0,0,0,0,0,0,0,0,0,0,0,369,155,214
29,575,0131,617646,0000,000000,KARNATAKA,Dakshina Kannada,VILLAGE,Melanthabettu,Rural,409,1930,954,976,195,89,106,450,219,231,166,83,83,1456,782,674,474,172,302,1052,620,432,997,605,392,31,21,10,78,43,35,269,39,230,619,502,117,55,15,40,7,4,3,5,1,4,24,0,24,19,10,9,53,15,38,7,4,3,5,1,4,22,0,22,19,10,9,2,0,2,0,0,0,0,0,0,2,0,2,0,0,0,878,334,544
29,575,0131,617647,0000,000000,KARNATAKA,Dakshina Kannada,VILLAGE,Padangady,Rural,832,4045,2004,2041,459,251,208,395,195,200,56,32,24,3049,1603,1446,996,401,595,2009,1166,843,1431,651,780,99,75,24,20,16,4,554,23,531,758,537,221,578,515,63,2,2,0,18,15,3,9,7,2,549,491,58,573,510,63,2,2,0,18,15,3,8,6,2,545,487,58,5,5,0,0,0,0,0,0,0,1,1,0,4,4,0,2036,838,1198
29,575,0131,617648,0000,000000,KARNATAKA,Dakshina Kannada,VILLAGE,Gardadi,Rural,581,2700,1312,1388,267,139,128,276,131,145,11,7,4,2055,1063,992,645,249,396,1473,805,668,1220,744,476,117,95,22,125,100,25,379,31,348,599,518,81,253,61,192,6,2,4,15,7,8,2,0,2,230,52,178,246,57,189,4,0,4,13,6,7,2,0,2,227,51,176,7,4,3,2,2,0,2,1,1,0,0,0,3,1,2,1227,507,720
29,575,0131,617649,0000,000000,KARNATAKA,Dakshina Kannada,VILLAGE,Maladi,Rural,972,4459,2210,2249,480,231,249,453,224,229,51,25,26,3489,1841,1648,970,369,601,2153,1331,822,2140,1322,818,72,57,15,12,7,5,586,29,557,1470,1229,241,13,9,4,1,1,0,2,2,0,3,0,3,7,6,1,12,8,4,1,1,0,2,2,0,3,0,3,6,5,1,1,1,0,0,0,0,0,0,0,0,0,0,1,1,0,2306,879,1427
29,575,0131,617650,0000,000000,KARNATAKA,Dakshina Kannada,VILLAGE,Sonandur,Rural,491,2439,1195,1244,275,137,138,317,153,164,29,17,12,1744,925,819,695,270,425,1285,737,548,1263,734,529,79,69,10,41,25,16,442,48,394,701,592,109,22,3,19,0,0,0,3,0,3,12,1,11,7,2,5,9,2,7,0,0,0,1,0,1,5,0,5,3,2,1,13,1,12,0,0,0,2,0,2,7,1,6,4,0,4,1154,458,696
29,575,0131,617651,0000,000000,KARNATAKA,Dakshina Kannada,VILLAGE,Odilnala,Rural,620,2860,1420,1440,291,141,150,245,117,128,249,131,118,2123,1149,974,737,271,466,1679,962,717,1669,958,711,98,84,14,15,9,6,318,11,307,1238,854,384,10,4,6,2,2,0,0,0,0,2,0,2,6,2,4,8,4,4,2,2,0,0,0,0,2,0,2,4,2,2,2,0,2,0,0,0,0,0,0,0,0,0,2,0,2,1181,458,723
29,575,0131,617652,0000,000000,KARNATAKA,Dakshina Kannada,VILLAGE,Koyyur,Rural,1059,5130,2581,2549,580,306,274,601,320,281,219,108,111,3797,2048,1749,1333,533,800,2673,1602,1071,2228,1431,797,269,242,27,67,60,7,543,24,519,1349,1105,244,445,171,274,10,7,3,36,12,24,100,6,94,299,146,153,260,126,134,8,6,2,25,10,15,8,2,6,219,108,111,185,45,140,2,1,1,11,2,9,92,4,88,80,38,42,2457,979,1478
29,575,0131,617653,0000,000000,KARNATAKA,Dakshina Kannada,VILLAGE,Ujire,Rural,3039,13429,6628,6801,1291,650,641,1072,525,547,1455,717,738,10874,5572,5302,2555,1056,1499,6710,4189,2521,6090,4003,2087,465,366,99,197,136,61,1082,142,940,4346,3359,987,620,186,434,23,7,16,40,18,22,261,27,234,296,134,162,570,168,402,22,6,16,36,17,19,244,25,219,268,120,148,50,18,32,1,1,0,4,1,3,17,2,15,28,14,14,6719,2439,4280
29,575,0131,617654,0000,000000,KARNATAKA,Dakshina Kannada,VILLAGE,Kalamanja,Rural,771,3709,1861,1848,406,196,210,314,143,171,310,166,144,2850,1527,1323,859,334,525,1710,1119,591,1664,1105,559,215,185,30,159,103,56,217,11,206,1073,806,267,46,14,32,0,0,0,3,0,3,16,0,16,27,14,13,35,12,23,0,0,0,3,0,3,11,0,11,21,12,9,11,2,9,0,0,0,0,0,0,5,0,5,6,2,4,1999,742,1257
29,575,0131,617655,0000,000000,KARNATAKA,Dakshina Kannada,VILLAGE,Mundaje,Rural,903,4259,2216,2043,429,203,226,464,291,173,662,330,332,3345,1868,1477,914,348,566,1932,1293,639,1876,1250,626,140,103,37,214,142,72,127,15,112,1395,990,405,56,43,13,2,1,1,24,21,3,5,0,5,25,21,4,54,42,12,2,1,1,23,20,3,5,0,5,24,21,3,2,1,1,0,0,0,1,1,0,0,0,0,1,0,1,2327,923,1404
29,575,0131,617656,0000,000000,KARNATAKA,Dakshina Kannada,VILLAGE,Thotathadi,Rural,750,3591,1760,1831,355,184,171,239,119,120,77,41,36,2715,1392,1323,876,368,508,1909,1087,822,1241,932,309,164,159,5,301,240,61,144,27,117,632,506,126,668,155,513,7,1,6,42,25,17,319,55,264,300,74,226,644,148,496,7,1,6,39,22,17,315,55,260,283,70,213,24,7,17,0,0,0,3,3,0,4,0,4,17,4,13,1682,673,1009
29,575,0131,617657,0000,000000,KARNATAKA,Dakshina Kannada,VILLAGE,Neriya,Rural,1394,6802,3412,3390,670,343,327,410,190,220,857,416,441,5203,2743,2460,1599,669,930,3099,2061,1038,2893,2003,890,111,83,28,422,248,174,332,16,316,2028,1656,372,206,58,148,5,2,3,66,24,42,20,3,17,115,29,86,160,47,113,5,2,3,46,21,25,15,2,13,94,22,72,46,11,35,0,0,0,20,3,17,5,1,4,21,7,14,3703,1351,2352
29,575,0131,617658,0000,000000,KARNATAKA,Dakshina Kannada,VILLAGE,Kukkala,Rural,599,2862,1434,1428,309,152,157,348,173,175,47,22,25,2118,1141,977,744,293,451,1402,819,583,1382,808,574,38,29,9,0,0,0,412,26,386,932,753,179,20,11,9,1,0,1,2,2,0,1,0,1,16,9,7,16,9,7,0,0,0,2,2,0,0,0,0,14,7,7,4,2,2,1,0,1,0,0,0,1,0,1,2,2,0,1460,615,845
29,575,0131,617659,0000,000000,KARNATAKA,Dakshina Kannada,VILLAGE,Parenky,Rural,767,3411,1607,1804,318,143,175,262,133,129,100,49,51,2699,1344,1355,712,263,449,1655,943,712,1587,907,680,111,94,17,9,9,0,550,27,523,917,777,140,68,36,32,3,1,2,0,0,0,10,3,7,55,32,23,56,28,28,1,0,1,0,0,0,9,2,7,46,26,20,12,8,4,2,1,1,0,0,0,1,1,0,9,6,3,1756,664,1092
29,575,0131,617660,0000,000000,KARNATAKA,Dakshina Kannada,VILLAGE,Machina,Rural,974,5234,2571,2663,532,265,267,307,154,153,417,192,225,4000,2091,1909,1234,480,754,2732,1546,1186,1966,1251,715,327,275,52,79,69,10,468,57,411,1092,850,242,766,295,471,35,29,6,56,44,12,342,7,335,333,215,118,738,289,449,35,29,6,55,43,12,329,6,323,319,211,108,28,6,22,0,0,0,1,1,0,13,1,12,14,4,10,2502,1025,1477
29,575,0131,617661,0000,000000,KARNATAKA,Dakshina Kannada,VILLAGE,Kaliya,Rural,777,3792,1908,1884,412,209,203,224,108,116,125,63,62,2896,1565,1331,896,343,553,1687,1078,609,1639,1039,600,95,86,9,49,37,12,500,33,467,995,883,112,48,39,9,2,1,1,0,0,0,3,0,3,43,38,5,43,37,6,2,1,1,0,0,0,2,0,2,39,36,3,5,2,3,0,0,0,0,0,0,1,0,1,4,2,2,2105,830,1275
29,575,0131,617662,0000,000000,KARNATAKA,Dakshina Kannada,VILLAGE,Nyayatarpu,Rural,347,1915,961,954,237,111,126,50,26,24,23,14,9,1387,761,626,528,200,328,876,549,327,830,504,326,14,11,3,3,3,0,285,12,273,528,478,50,46,45,1,1,1,0,0,0,0,1,0,1,44,44,0,44,43,1,0,0,0,0,0,0,1,0,1,43,43,0,2,2,0,1,1,0,0,0,0,0,0,0,1,1,0,1039,412,627
29,575,0131,617663,0000,000000,KARNATAKA,Dakshina Kannada,VILLAGE,Kaniyooru,Rural,795,3922,1901,2021,373,175,198,546,265,281,453,224,229,2938,1540,1398,984,361,623,2087,1179,908,1998,1145,853,97,68,29,57,48,9,578,26,552,1266,1003,263,89,34,55,2,1,1,4,2,2,10,1,9,73,30,43,58,15,43,1,0,1,2,1,1,8,0,8,47,14,33,31,19,12,1,1,0,2,1,1,2,1,1,26,16,10,1835,722,1113
29,575,0131,617664,0000,000000,KARNATAKA,Dakshina Kannada,VILLAGE,Thannirpantha,Rural,882,4800,2371,2429,631,329,302,85,39,46,429,210,219,3512,1869,1643,1288,502,786,2578,1351,1227,2499,1311,1188,48,36,12,15,14,1,1077,41,1036,1359,1220,139,79,40,39,0,0,0,1,1,0,22,0,22,56,39,17,76,37,39,0,0,0,1,1,0,22,0,22,53,36,17,3,3,0,0,0,0,0,0,0,0,0,0,3,3,0,2222,1020,1202
29,575,0131,617665,0000,000000,KARNATAKA,Dakshina Kannada,VILLAGE,Puthila,Rural,532,3102,1518,1584,393,216,177,123,48,75,32,12,20,2267,1179,1088,835,339,496,1437,840,597,869,564,305,33,30,3,18,16,2,256,14,242,562,504,58,568,276,292,1,0,1,6,2,4,267,4,263,294,270,24,567,276,291,1,0,1,6,2,4,266,4,262,294,270,24,1,0,1,0,0,0,0,0,0,1,0,1,0,0,0,1665,678,987
29,575,0131,617666,0000,000000,KARNATAKA,Dakshina Kannada,VILLAGE,Thekkaru,Rural,508,3235,1566,1669,497,256,241,36,18,18,55,28,27,2305,1199,1106,930,367,563,1421,799,622,1263,767,496,115,104,11,49,47,2,473,30,443,626,586,40,158,32,126,0,0,0,1,0,1,124,3,121,33,29,4,153,29,124,0,0,0,0,0,0,122,2,120,31,27,4,5,3,2,0,0,0,1,0,1,2,1,1,2,2,0,1814,767,1047
29,575,0131,617667,0000,000000,KARNATAKA,Dakshina Kannada,VILLAGE,Barya,Rural,660,3577,1735,1842,477,232,245,149,72,77,51,30,21,2549,1370,1179,1028,365,663,1860,997,863,1287,638,649,39,27,12,6,5,1,616,35,581,626,571,55,573,359,214,8,6,2,3,2,1,190,30,160,372,321,51,516,320,196,7,5,2,3,2,1,179,29,150,327,284,43,57,39,18,1,1,0,0,0,0,11,1,10,45,37,8,1717,738,979
29,575,0131,617668,0000,000000,KARNATAKA,Dakshina Kannada,VILLAGE,Karaya,Rural,746,3948,2013,1935,469,259,210,350,175,175,196,105,91,2945,1585,1360,1003,428,575,2101,1195,906,1976,1128,848,48,33,15,16,11,5,732,88,644,1180,996,184,125,67,58,0,0,0,1,1,0,43,6,37,81,60,21,97,58,39,0,0,0,1,1,0,30,4,26,66,53,13,28,9,19,0,0,0,0,0,0,13,2,11,15,7,8,1847,818,1029
29,575,0131,617669,0000,000000,KARNATAKA,Dakshina Kannada,VILLAGE,Ilanthila,Rural,1060,5552,2725,2827,670,338,332,242,120,122,398,207,191,4136,2189,1947,1416,536,880,2859,1622,1237,2774,1585,1189,21,7,14,30,28,2,1021,82,939,1702,1468,234,85,37,48,5,2,3,1,0,1,8,1,7,71,34,37,63,24,39,5,2,3,1,0,1,7,0,7,50,22,28,22,13,9,0,0,0,0,0,0,1,1,0,21,12,9,2693,1103,1590
29,575,0131,617670,0000,000000,KARNATAKA,Dakshina Kannada,VILLAGE,Urvalu,Rural,748,3926,1994,1932,432,218,214,161,87,74,295,156,139,2984,1623,1361,942,371,571,2195,1219,976,1906,1066,840,45,34,11,10,9,1,581,16,565,1270,1007,263,289,153,136,16,8,8,6,4,2,29,4,25,238,137,101,227,123,104,14,7,7,5,4,1,20,3,17,188,109,79,62,30,32,2,1,1,1,0,1,9,1,8,50,28,22,1731,775,956
29,575,0131,617671,0000,000000,KARNATAKA,Dakshina Kannada,VILLAGE,Mogru,Rural,427,2152,1081,1071,202,109,93,185,83,102,99,50,49,1640,872,768,512,209,303,1117,700,417,929,612,317,36,28,8,125,116,9,242,8,234,526,460,66,188,88,100,1,1,0,5,5,0,94,5,89,88,77,11,188,88,100,1,1,0,5,5,0,94,5,89,88,77,11,0,0,0,0,0,0,0,0,0,0,0,0,0,0,0,1035,381,654
29,575,0131,617672,0000,000000,KARNATAKA,Dakshina Kannada,VILLAGE,Bandaru,Rural,802,4011,2019,1992,401,206,195,370,184,186,16,9,7,2857,1579,1278,1154,440,714,2555,1346,1209,2364,1298,1066,200,124,76,12,6,6,743,34,709,1409,1134,275,191,48,143,3,1,2,1,1,0,22,2,20,165,44,121,113,31,82,1,0,1,1,1,0,19,2,17,92,28,64,78,17,61,2,1,1,0,0,0,3,0,3,73,16,57,1456,673,783
29,575,0131,617673,0000,000000,KARNATAKA,Dakshina Kannada,VILLAGE,Belalu,Rural,930,4608,2294,2314,497,255,242,532,257,275,431,211,220,3319,1779,1540,1289,515,774,2622,1500,1122,2427,1455,972,267,224,43,128,75,53,611,75,536,1421,1081,340,195,45,150,8,5,3,18,5,13,111,1,110,58,34,24,178,40,138,8,5,3,15,5,10,106,1,105,49,29,20,17,5,12,0,0,0,3,0,3,5,0,5,9,5,4,1986,794,1192
29,575,0131,617674,0000,000000,KARNATAKA,Dakshina Kannada,VILLAGE,Dharmasthala,Rural,2181,9818,4921,4897,994,523,471,1171,575,596,926,448,478,7704,4027,3677,2114,894,1220,4925,3151,1774,4457,2933,1524,245,186,59,211,145,66,627,126,501,3374,2476,898,468,218,250,30,6,24,33,18,15,144,68,76,261,126,135,366,165,201,26,5,21,30,15,15,82,37,45,228,108,120,102,53,49,4,1,3,3,3,0,62,31,31,33,18,15,4893,1770,3123
29,575,0131,617675,0000,000000,KARNATAKA,Dakshina Kannada,VILLAGE,Chibidre,Rural,462,2372,1212,1160,305,151,154,64,38,26,87,40,47,1757,975,782,615,237,378,1116,721,395,1035,667,368,114,85,29,31,23,8,218,8,210,672,551,121,81,54,27,2,1,1,4,4,0,21,3,18,54,46,8,79,52,27,2,1,1,4,4,0,21,3,18,52,44,8,2,2,0,0,0,0,0,0,0,0,0,0,2,2,0,1256,491,765
29,575,0131,617676,0000,000000,KARNATAKA,Dakshina Kannada,VILLAGE,Puduvettu,Rural,731,3343,1663,1680,367,172,195,415,205,210,113,57,56,2316,1254,1062,1027,409,618,1483,1050,433,1417,1030,387,255,224,31,356,276,80,142,4,138,664,526,138,66,20,46,2,1,1,18,4,14,26,1,25,20,14,6,60,17,43,0,0,0,17,3,14,25,1,24,18,13,5,6,3,3,2,1,1,1,1,0,1,0,1,2,1,1,1860,613,1247
29,575,0131,617677,0000,000000,KARNATAKA,Dakshina Kannada,VILLAGE,Shishila,Rural,471,2090,1039,1051,189,104,85,282,129,153,415,204,211,1579,847,732,511,192,319,977,661,316,964,657,307,40,39,1,1,1,0,3,1,2,920,616,304,13,4,9,1,0,1,0,0,0,0,0,0,12,4,8,8,1,7,1,0,1,0,0,0,0,0,0,7,1,6,5,3,2,0,0,0,0,0,0,0,0,0,5,3,2,1113,378,735
29,575,0131,617678,0000,000000,KARNATAKA,Dakshina Kannada,VILLAGE,Kalanja,Rural,1057,4988,2483,2505,537,275,262,484,230,254,177,81,96,3533,1902,1631,1455,581,874,2527,1624,903,1999,1352,647,208,187,21,131,76,55,47,3,44,1613,1086,527,528,272,256,24,18,6,35,11,24,21,5,16,448,238,210,422,233,189,22,17,5,31,9,22,20,5,15,349,202,147,106,39,67,2,1,1,4,2,2,1,0,1,99,36,63,2461,859,1602
29,575,0131,617679,0000,000000,KARNATAKA,Dakshina Kannada,VILLAGE,Nidle,Rural,667,3025,1523,1502,297,159,138,436,220,216,308,154,154,2270,1228,1042,755,295,460,1586,998,588,1443,975,468,56,43,13,7,6,1,121,5,116,1259,921,338,143,23,120,0,0,0,0,0,0,90,2,88,53,21,32,131,19,112,0,0,0,0,0,0,86,1,85,45,18,27,12,4,8,0,0,0,0,0,0,4,1,3,8,3,5,1439,525,914
29,575,0131,617680,0000,000000,KARNATAKA,Dakshina Kannada,VILLAGE,Patrame,Rural,500,2311,1152,1159,238,109,129,419,210,209,165,76,89,1653,903,750,658,249,409,1392,784,608,1280,735,545,110,76,34,17,10,7,337,14,323,816,635,181,112,49,63,1,1,0,4,3,1,34,0,34,73,45,28,110,47,63,1,1,0,3,2,1,34,0,34,72,44,28,2,2,0,0,0,0,1,1,0,0,0,0,1,1,0,919,368,551
29,575,0131,617681,0000,000000,KARNATAKA,Dakshina Kannada,VILLAGE,Kokkada,Rural,1109,5127,2486,2641,542,251,291,714,344,370,59,30,29,3807,2002,1805,1320,484,836,2594,1534,1060,2509,1491,1018,129,87,42,116,100,16,726,81,645,1538,1223,315,85,43,42,4,3,1,11,11,0,34,2,32,36,27,9,81,40,41,4,3,1,11,11,0,33,1,32,33,25,8,4,3,1,0,0,0,0,0,0,1,1,0,3,2,1,2533,952,1581
29,575,0131,617682,0000,000000,KARNATAKA,Dakshina Kannada,VILLAGE,Hathyadka,Rural,629,2789,1351,1438,254,124,130,472,215,257,186,100,86,2101,1087,1014,688,264,424,1524,882,642,1519,877,642,54,39,15,19,10,9,184,30,154,1262,798,464,5,5,0,1,1,0,0,0,0,0,0,0,4,4,0,3,3,0,0,0,0,0,0,0,0,0,0,3,3,0,2,2,0,1,1,0,0,0,0,0,0,0,1,1,0,1265,469,796
29,575,0131,617683,0000,000000,KARNATAKA,Dakshina Kannada,VILLAGE,Rekhya,Rural,500,2079,1036,1043,254,129,125,254,122,132,13,9,4,1564,840,724,515,196,319,1079,667,412,950,629,321,19,8,11,0,0,0,86,4,82,845,617,228,129,38,91,5,2,3,0,0,0,4,1,3,120,35,85,119,32,87,5,2,3,0,0,0,4,1,3,110,29,81,10,6,4,0,0,0,0,0,0,0,0,0,10,6,4,1000,369,631
29,575,0131,617684,0000,000000,KARNATAKA,Dakshina Kannada,VILLAGE,Shibaje,Rural,538,2343,1177,1166,248,131,117,457,212,245,53,29,24,1768,941,827,575,236,339,1265,759,506,1212,729,483,32,25,7,3,2,1,302,8,294,875,694,181,53,30,23,3,3,0,0,0,0,4,0,4,46,27,19,39,22,17,3,3,0,0,0,0,4,0,4,32,19,13,14,8,6,0,0,0,0,0,0,0,0,0,14,8,6,1078,418,660
29,575,0131,617685,0000,000000,KARNATAKA,Dakshina Kannada,TOWN,Kuvettu (CT),Urban,1413,7041,3470,3571,831,433,398,288,144,144,170,88,82,5489,2835,2654,1552,635,917,3160,1960,1200,3116,1944,1172,114,96,18,237,199,38,990,100,890,1775,1549,226,44,16,28,1,0,1,6,1,5,23,6,17,14,9,5,39,13,26,1,0,1,6,1,5,23,6,17,9,6,3,5,3,2,0,0,0,0,0,0,0,0,0,5,3,2,3881,1510,2371
29,575,0132,000000,0000,000000,KARNATAKA,Dakshina Kannada,CD BLOCK,Puttur,Total,48191,234790,116713,118077,24768,12712,12056,29274,14770,14504,15240,7598,7642,177609,93906,83703,57181,22807,34374,124655,73789,50866,108697,69262,39435,1995,1341,654,903,693,210,22733,1249,21484,83066,65979,17087,15958,4527,11431,231,77,154,337,208,129,5150,163,4987,10240,4079,6161,12305,3294,9011,169,50,119,253,157,96,4322,109,4213,7561,2978,4583,3653,1233,2420,62,27,35,84,51,33,828,54,774,2679,1101,1578,110135,42924,67211
29,575,0132,000000,0000,000000,KARNATAKA,Dakshina Kannada,CD BLOCK,Puttur,Rural,46647,226977,112812,114165,23732,12157,11575,28772,14524,14248,15146,7552,7594,171575,90749,80826,55402,22063,33339,120892,71484,49408,105176,67091,38085,1961,1327,634,882,678,204,21708,1180,20528,80625,63906,16719,15716,4393,11323,223,72,151,336,208,128,5102,151,4951,10055,3962,6093,12138,3197,8941,163,47,116,252,157,95,4289,101,4188,7434,2892,4542,3578,1196,2382,60,25,35,84,51,33,813,50,763,2621,1070,1551,106085,41328,64757
29,575,0132,000000,0000,000000,KARNATAKA,Dakshina Kannada,CD BLOCK,Puttur,Urban,1544,7813,3901,3912,1036,555,481,502,246,256,94,46,48,6034,3157,2877,1779,744,1035,3763,2305,1458,3521,2171,1350,34,14,20,21,15,6,1025,69,956,2441,2073,368,242,134,108,8,5,3,1,0,1,48,12,36,185,117,68,167,97,70,6,3,3,1,0,1,33,8,25,127,86,41,75,37,38,2,2,0,0,0,0,15,4,11,58,31,27,4050,1596,2454
29,575,0132,617686,0000,000000,KARNATAKA,Dakshina Kannada,VILLAGE,Kabaka  (Rural),Rural,882,4532,2332,2200,533,300,233,324,164,160,189,97,92,3545,1882,1663,987,450,537,1960,1336,624,1895,1323,572,45,31,14,10,10,0,435,39,396,1405,1243,162,65,13,52,6,1,5,1,0,1,25,1,24,33,11,22,50,11,39,6,1,5,1,0,1,17,1,16,26,9,17,15,2,13,0,0,0,0,0,0,8,0,8,7,2,5,2572,996,1576
29,575,0132,617687,0000,000000,KARNATAKA,Dakshina Kannada,VILLAGE,Kudipadi,Rural,563,3171,1585,1586,359,195,164,311,153,158,108,49,59,2373,1256,1117,798,329,469,1645,985,660,1572,970,602,70,62,8,8,6,2,110,5,105,1384,897,487,73,15,58,4,0,4,4,2,2,33,1,32,32,12,20,62,15,47,4,0,4,4,2,2,24,1,23,30,12,18,11,0,11,0,0,0,0,0,0,9,0,9,2,0,2,1526,600,926
29,575,0132,617688,0000,000000,KARNATAKA,Dakshina Kannada,VILLAGE,Padnoor  (Rural),Rural,454,2232,1131,1101,243,125,118,116,59,57,140,70,70,1723,921,802,509,210,299,1147,724,423,1134,717,417,18,13,5,7,6,1,4,4,0,1105,694,411,13,7,6,1,0,1,0,0,0,1,0,1,11,7,4,12,6,6,1,0,1,0,0,0,1,0,1,10,6,4,1,1,0,0,0,0,0,0,0,0,0,0,1,1,0,1085,407,678
29,575,0132,617689,0000,000000,KARNATAKA,Dakshina Kannada,VILLAGE,Bannur  (Rural),Rural,231,1155,582,573,145,67,78,119,61,58,13,6,7,885,473,412,270,109,161,630,394,236,544,362,182,8,5,3,1,0,1,115,3,112,420,354,66,86,32,54,1,1,0,0,0,0,4,0,4,81,31,50,81,29,52,1,1,0,0,0,0,4,0,4,76,28,48,5,3,2,0,0,0,0,0,0,0,0,0,5,3,2,525,188,337
29,575,0132,617690,0000,000000,KARNATAKA,Dakshina Kannada,VILLAGE,Kodimbady,Rural,497,2356,1159,1197,214,113,101,389,194,195,189,89,100,1776,933,843,580,226,354,1273,785,488,1168,716,452,24,15,9,3,2,1,189,30,159,952,669,283,105,69,36,0,0,0,1,0,1,8,3,5,96,66,30,91,62,29,0,0,0,0,0,0,7,2,5,84,60,24,14,7,7,0,0,0,1,0,1,1,1,0,12,6,6,1083,374,709
29,575,0132,617691,0000,000000,KARNATAKA,Dakshina Kannada,VILLAGE,Chickamudnoor  (Rural),Rural,356,1722,869,853,164,82,82,270,141,129,30,25,5,1288,703,585,434,166,268,928,566,362,916,557,359,12,10,2,3,3,0,4,4,0,897,540,357,12,9,3,0,0,0,0,0,0,2,2,0,10,7,3,8,5,3,0,0,0,0,0,0,2,2,0,6,3,3,4,4,0,0,0,0,0,0,0,0,0,0,4,4,0,794,303,491
29,575,0132,617692,0000,000000,KARNATAKA,Dakshina Kannada,VILLAGE,Bellipadi,Rural,406,2022,1009,1013,178,82,96,240,122,118,47,25,22,1593,840,753,429,169,260,1144,681,463,926,674,252,57,39,18,21,21,0,172,24,148,676,590,86,218,7,211,4,0,4,1,0,1,74,0,74,139,7,132,185,4,181,3,0,3,0,0,0,73,0,73,109,4,105,33,3,30,1,0,1,1,0,1,1,0,1,30,3,27,878,328,550
29,575,0132,617693,0000,000000,KARNATAKA,Dakshina Kannada,VILLAGE,Nekkiladi,Rural,850,4193,2081,2112,422,214,208,311,152,159,583,287,296,3332,1749,1583,861,332,529,2066,1245,821,1972,1201,771,24,14,10,18,14,4,574,39,535,1356,1134,222,94,44,50,0,0,0,0,0,0,16,2,14,78,42,36,76,37,39,0,0,0,0,0,0,11,0,11,65,37,28,18,7,11,0,0,0,0,0,0,5,2,3,13,5,8,2127,836,1291
29,575,0132,617694,0000,000000,KARNATAKA,Dakshina Kannada,VILLAGE,Hirebandadi,Rural,1048,5680,2838,2842,584,283,301,657,324,333,37,22,15,4181,2267,1914,1499,571,928,3149,1805,1344,2843,1740,1103,53,39,14,118,102,16,674,36,638,1998,1563,435,306,65,241,6,0,6,25,7,18,116,4,112,159,54,105,228,44,184,6,0,6,14,7,7,97,2,95,111,35,76,78,21,57,0,0,0,11,0,11,19,2,17,48,19,29,2531,1033,1498
29,575,0132,617695,0000,000000,KARNATAKA,Dakshina Kannada,VILLAGE,Bajathuru,Rural,1129,5913,2952,2961,626,321,305,420,211,209,146,80,66,4442,2376,2066,1471,576,895,3682,2040,1642,2932,1702,1230,110,96,14,222,143,79,912,51,861,1688,1412,276,750,338,412,6,1,5,86,48,38,117,6,111,541,283,258,592,263,329,3,0,3,57,28,29,105,5,100,427,230,197,158,75,83,3,1,2,29,20,9,12,1,11,114,53,61,2231,912,1319
29,575,0132,617696,0000,000000,KARNATAKA,Dakshina Kannada,VILLAGE,G0Lithattu,Rural,504,2488,1242,1246,263,144,119,143,69,74,80,32,48,1766,952,814,722,290,432,1591,857,734,1300,748,552,6,5,1,0,0,0,424,20,404,870,723,147,291,109,182,0,0,0,0,0,0,32,2,30,259,107,152,24,9,15,0,0,0,0,0,0,5,0,5,19,9,10,267,100,167,0,0,0,0,0,0,27,2,25,240,98,142,897,385,512
29,575,0132,617697,0000,000000,KARNATAKA,Dakshina Kannada,VILLAGE,Alanthaya,Rural,230,1056,514,542,92,44,48,127,70,57,347,162,185,758,405,353,298,109,189,642,363,279,613,350,263,21,19,2,82,75,7,208,4,204,302,252,50,29,13,16,0,0,0,3,3,0,4,0,4,22,10,12,9,4,5,0,0,0,1,1,0,2,0,2,6,3,3,20,9,11,0,0,0,2,2,0,2,0,2,16,7,9,414,151,263
29,575,0132,617698,0000,000000,KARNATAKA,Dakshina Kannada,VILLAGE,Konalu,Rural,634,3040,1481,1559,346,174,172,78,49,29,82,41,41,2357,1218,1139,683,263,420,1930,959,971,1183,813,370,45,40,5,14,10,4,148,3,145,976,760,216,747,146,601,3,1,2,3,0,3,57,0,57,684,145,539,603,114,489,2,1,1,3,0,3,50,0,50,548,113,435,144,32,112,1,0,1,0,0,0,7,0,7,136,32,104,1110,522,588
29,575,0132,617699,0000,000000,KARNATAKA,Dakshina Kannada,VILLAGE,Nelyadi,Rural,1152,5504,2736,2768,597,317,280,578,285,293,186,95,91,4160,2200,1960,1344,536,808,3251,1766,1485,2398,1615,783,38,30,8,4,4,0,406,43,363,1950,1538,412,853,151,702,6,0,6,3,1,2,217,10,207,627,140,487,692,101,591,5,0,5,2,1,1,180,8,172,505,92,413,161,50,111,1,0,1,1,0,1,37,2,35,122,48,74,2253,970,1283
29,575,0132,617700,0000,000000,KARNATAKA,Dakshina Kannada,VILLAGE,Kowkradi,Rural,1039,4916,2380,2536,573,286,287,417,203,214,134,70,64,3719,1890,1829,1197,490,707,2559,1459,1100,2257,1381,876,45,26,19,5,4,1,486,10,476,1721,1341,380,302,78,224,10,6,4,0,0,0,81,4,77,211,68,143,111,41,70,5,2,3,0,0,0,10,2,8,96,37,59,191,37,154,5,4,1,0,0,0,71,2,69,115,31,84,2357,921,1436
29,575,0132,617701,0000,000000,KARNATAKA,Dakshina Kannada,VILLAGE,Ichlampady,Rural,434,2063,1043,1020,251,133,118,180,92,88,0,0,0,1590,828,762,473,215,258,1047,677,370,932,623,309,46,38,8,18,8,10,85,5,80,783,572,211,115,54,61,1,0,1,0,0,0,5,1,4,109,53,56,114,53,61,1,0,1,0,0,0,5,1,4,108,52,56,1,1,0,0,0,0,0,0,0,0,0,0,1,1,0,1016,366,650
29,575,0132,617702,0000,000000,KARNATAKA,Dakshina Kannada,VILLAGE,Konaje,Rural,362,1778,858,920,194,92,102,108,49,59,18,8,10,1299,675,624,479,183,296,936,536,400,717,513,204,17,6,11,0,0,0,4,0,4,696,507,189,219,23,196,1,0,1,2,0,2,30,0,30,186,23,163,205,21,184,1,0,1,2,0,2,30,0,30,172,21,151,14,2,12,0,0,0,0,0,0,0,0,0,14,2,12,842,322,520
29,575,0132,617703,0000,000000,KARNATAKA,Dakshina Kannada,VILLAGE,Shirady,Rural,746,2933,1438,1495,261,125,136,456,231,225,6,4,2,2299,1175,1124,634,263,371,1211,899,312,1126,871,255,13,7,6,2,1,1,24,5,19,1087,858,229,85,28,57,0,0,0,0,0,0,20,0,20,65,28,37,68,20,48,0,0,0,0,0,0,19,0,19,49,20,29,17,8,9,0,0,0,0,0,0,1,0,1,16,8,8,1722,539,1183
29,575,0132,617704,0000,000000,KARNATAKA,Dakshina Kannada,VILLAGE,Shiribagilu,Rural,153,667,340,327,85,44,41,11,6,5,59,32,27,504,281,223,163,59,104,479,250,229,393,234,159,3,1,2,6,5,1,43,0,43,341,228,113,86,16,70,0,0,0,0,0,0,24,0,24,62,16,46,79,14,65,0,0,0,0,0,0,24,0,24,55,14,41,7,2,5,0,0,0,0,0,0,0,0,0,7,2,5,188,90,98
29,575,0132,617705,0000,000000,KARNATAKA,Dakshina Kannada,VILLAGE,Koila,Rural,1104,5961,2911,3050,717,356,361,495,237,258,295,154,141,4346,2301,2045,1615,610,1005,3458,1829,1629,2491,1623,868,48,36,12,53,46,7,694,43,651,1696,1498,198,967,206,761,10,4,6,10,6,4,367,15,352,580,181,399,671,99,572,6,0,6,7,5,2,295,9,286,363,85,278,296,107,189,4,4,0,3,1,2,72,6,66,217,96,121,2503,1082,1421
29,575,0132,617706,0000,000000,KARNATAKA,Dakshina Kannada,VILLAGE,Ramakunja,Rural,830,4329,2261,2068,483,265,218,435,233,202,44,25,19,3303,1832,1471,1026,429,597,2147,1235,912,2000,1185,815,32,20,12,4,1,3,585,40,545,1379,1124,255,147,50,97,4,2,2,1,0,1,37,4,33,105,44,61,93,28,65,3,2,1,1,0,1,27,2,25,62,24,38,54,22,32,1,0,1,0,0,0,10,2,8,43,20,23,2182,1026,1156
29,575,0132,617707,0000,000000,KARNATAKA,Dakshina Kannada,VILLAGE,Haleneranki,Rural,385,1999,989,1010,201,112,89,344,179,165,14,7,7,1463,762,701,536,227,309,1241,686,555,759,554,205,39,31,8,7,4,3,86,1,85,627,518,109,482,132,350,5,2,3,0,0,0,250,6,244,227,124,103,455,112,343,5,2,3,0,0,0,248,6,242,202,104,98,27,20,7,0,0,0,0,0,0,2,0,2,25,20,5,758,303,455
29,575,0132,617708,0000,000000,KARNATAKA,Dakshina Kannada,VILLAGE,Perabe,Rural,610,3125,1506,1619,323,159,164,350,174,176,49,19,30,2283,1184,1099,842,322,520,1447,942,505,1383,915,468,22,13,9,3,2,1,311,15,296,1047,885,162,64,27,37,1,0,1,1,1,0,20,0,20,42,26,16,57,22,35,1,0,1,1,1,0,19,0,19,36,21,15,7,5,2,0,0,0,0,0,0,1,0,1,6,5,1,1678,564,1114
29,575,0132,617709,0000,000000,KARNATAKA,Dakshina Kannada,VILLAGE,Kunthoor,Rural,541,2541,1264,1277,247,129,118,287,146,141,111,56,55,1924,1020,904,617,244,373,1241,809,432,1237,806,431,48,29,19,0,0,0,239,8,231,950,769,181,4,3,1,0,0,0,0,0,0,0,0,0,4,3,1,4,3,1,0,0,0,0,0,0,0,0,0,4,3,1,0,0,0,0,0,0,0,0,0,0,0,0,0,0,0,1300,455,845
29,575,0132,617710,0000,000000,KARNATAKA,Dakshina Kannada,VILLAGE,Ballya,Rural,528,2572,1299,1273,271,142,129,339,160,179,86,48,38,1933,1040,893,639,259,380,1405,832,573,1311,831,480,26,17,9,1,1,0,272,12,260,1012,801,211,94,1,93,0,0,0,2,0,2,34,0,34,58,1,57,85,1,84,0,0,0,2,0,2,32,0,32,51,1,50,9,0,9,0,0,0,0,0,0,2,0,2,7,0,7,1167,467,700
29,575,0132,617711,0000,000000,KARNATAKA,Dakshina Kannada,VILLAGE,Noojibalthila,Rural,759,3278,1607,1671,333,164,169,456,225,231,5,3,2,2546,1319,1227,732,288,444,1782,1043,739,1214,858,356,42,27,15,25,21,4,140,5,135,1007,805,202,568,185,383,11,3,8,4,0,4,119,1,118,434,181,253,453,150,303,8,2,6,3,0,3,87,1,86,355,147,208,115,35,80,3,1,2,1,0,1,32,0,32,79,34,45,1496,564,932
29,575,0132,617712,0000,000000,KARNATAKA,Dakshina Kannada,VILLAGE,Renjilady,Rural,396,1692,804,888,180,85,95,219,103,116,3,3,0,1247,640,607,445,164,281,902,507,395,620,437,183,11,7,4,2,1,1,97,0,97,510,429,81,282,70,212,3,1,2,2,0,2,46,1,45,231,68,163,262,66,196,2,1,1,2,0,2,44,0,44,214,65,149,20,4,16,1,0,1,0,0,0,2,1,1,17,3,14,790,297,493
29,575,0132,617713,0000,000000,KARNATAKA,Dakshina Kannada,VILLAGE,Kombaru,Rural,592,2684,1360,1324,280,144,136,493,251,242,28,12,16,1975,1060,915,709,300,409,1427,891,536,1217,817,400,13,8,5,2,1,1,161,9,152,1041,799,242,210,74,136,0,0,0,0,0,0,11,0,11,199,74,125,204,71,133,0,0,0,0,0,0,11,0,11,193,71,122,6,3,3,0,0,0,0,0,0,0,0,0,6,3,3,1257,469,788
29,575,0132,617714,0000,000000,KARNATAKA,Dakshina Kannada,VILLAGE,Bilinele,Rural,819,3580,1781,1799,359,168,191,169,88,81,135,68,67,2884,1520,1364,696,261,435,1632,1113,519,1429,1054,375,23,13,10,0,0,0,149,23,126,1257,1018,239,203,59,144,5,3,2,0,0,0,55,0,55,143,56,87,180,55,125,4,2,2,0,0,0,53,0,53,123,53,70,23,4,19,1,1,0,0,0,0,2,0,2,20,3,17,1948,668,1280
29,575,0132,617715,0000,000000,KARNATAKA,Dakshina Kannada,VILLAGE,Bantra,Rural,364,1673,806,867,141,71,70,100,48,52,56,29,27,1302,673,629,371,133,238,870,512,358,841,504,337,24,11,13,2,2,0,180,2,178,635,489,146,29,8,21,1,1,0,0,0,0,3,1,2,25,6,19,29,8,21,1,1,0,0,0,0,3,1,2,25,6,19,0,0,0,0,0,0,0,0,0,0,0,0,0,0,0,803,294,509
29,575,0132,617716,0000,000000,KARNATAKA,Dakshina Kannada,VILLAGE,Kutrupadi,Rural,959,4225,2095,2130,433,206,227,658,314,344,14,7,7,3269,1715,1554,956,380,576,2553,1412,1141,2163,1305,858,87,50,37,3,1,2,273,15,258,1800,1239,561,390,107,283,13,6,7,0,0,0,38,1,37,339,100,239,167,37,130,8,3,5,0,0,0,17,1,16,142,33,109,223,70,153,5,3,2,0,0,0,21,0,21,197,67,130,1672,683,989
29,575,0132,617717,0000,000000,KARNATAKA,Dakshina Kannada,VILLAGE,Charvaka,Rural,602,2977,1523,1454,328,168,160,638,329,309,4,1,3,2151,1183,968,826,340,486,1591,1000,591,1551,978,573,20,7,13,1,0,1,313,30,283,1217,941,276,40,22,18,0,0,0,1,1,0,3,1,2,36,20,16,31,15,16,0,0,0,1,1,0,3,1,2,27,13,14,9,7,2,0,0,0,0,0,0,0,0,0,9,7,2,1386,523,863
29,575,0132,617718,0000,000000,KARNATAKA,Dakshina Kannada,VILLAGE,Kudmaru,Rural,413,2093,1084,1009,221,128,93,217,104,113,48,30,18,1537,856,681,556,228,328,1135,710,425,1111,693,418,20,12,8,1,1,0,310,14,296,780,666,114,24,17,7,1,1,0,0,0,0,4,0,4,19,16,3,20,14,6,1,1,0,0,0,0,4,0,4,15,13,2,4,3,1,0,0,0,0,0,0,0,0,0,4,3,1,958,374,584
29,575,0132,617719,0000,000000,KARNATAKA,Dakshina Kannada,VILLAGE,Alankaru,Rural,833,4146,2126,2020,426,214,212,688,358,330,44,19,25,3057,1675,1382,1089,451,638,2163,1360,803,1948,1204,744,60,41,19,1,0,1,567,24,543,1320,1139,181,215,156,59,3,2,1,9,8,1,27,4,23,176,142,34,193,142,51,3,2,1,9,8,1,22,2,20,159,130,29,22,14,8,0,0,0,0,0,0,5,2,3,17,12,5,1983,766,1217
29,575,0132,617720,0000,000000,KARNATAKA,Dakshina Kannada,VILLAGE,Savanur,Rural,752,4031,1973,2058,509,272,237,339,175,164,109,49,60,3074,1593,1481,957,380,577,1841,1167,674,1824,1160,664,39,25,14,4,4,0,499,14,485,1282,1117,165,17,7,10,0,0,0,0,0,0,8,0,8,9,7,2,14,7,7,0,0,0,0,0,0,7,0,7,7,7,0,3,0,3,0,0,0,0,0,0,1,0,1,2,0,2,2190,806,1384
29,575,0132,617721,0000,000000,KARNATAKA,Dakshina Kannada,VILLAGE,Punachpady,Rural,332,1510,760,750,117,71,46,489,249,240,145,74,71,1164,608,556,346,152,194,892,517,375,790,501,289,48,33,15,15,10,5,171,7,164,556,451,105,102,16,86,0,0,0,1,1,0,72,0,72,29,15,14,96,14,82,0,0,0,1,1,0,70,0,70,25,13,12,6,2,4,0,0,0,0,0,0,2,0,2,4,2,2,618,243,375
29,575,0132,617722,0000,000000,KARNATAKA,Dakshina Kannada,VILLAGE,Palthadi,Rural,580,2838,1401,1437,292,138,154,753,381,372,220,108,112,2106,1131,975,732,270,462,1581,915,666,1388,864,524,32,18,14,2,1,1,322,6,316,1032,839,193,193,51,142,6,1,5,1,0,1,72,0,72,114,50,64,124,42,82,3,1,2,1,0,1,34,0,34,86,41,45,69,9,60,3,0,3,0,0,0,38,0,38,28,9,19,1257,486,771
29,575,0132,617723,0000,000000,KARNATAKA,Dakshina Kannada,VILLAGE,Belandoor,Rural,394,1930,936,994,226,122,104,206,102,104,28,16,12,1374,710,664,556,226,330,947,585,362,897,558,339,20,10,10,11,9,2,253,15,238,613,524,89,50,27,23,0,0,0,1,0,1,14,2,12,35,25,10,34,21,13,0,0,0,1,0,1,7,2,5,26,19,7,16,6,10,0,0,0,0,0,0,7,0,7,9,6,3,983,351,632
29,575,0132,617724,0000,000000,KARNATAKA,Dakshina Kannada,VILLAGE,Kaimana,Rural,345,1617,824,793,185,98,87,223,120,103,17,9,8,1180,649,531,437,175,262,888,546,342,848,517,331,21,13,8,2,1,1,220,9,211,605,494,111,40,29,11,3,2,1,0,0,0,1,0,1,36,27,9,34,24,10,3,2,1,0,0,0,1,0,1,30,22,8,6,5,1,0,0,0,0,0,0,0,0,0,6,5,1,729,278,451
29,575,0132,617725,0000,000000,KARNATAKA,Dakshina Kannada,VILLAGE,Kaniyoor,Rural,464,2126,1070,1056,194,94,100,237,117,120,33,16,17,1636,883,753,490,187,303,1149,688,461,1145,685,460,13,6,7,1,0,1,206,14,192,925,665,260,4,3,1,0,0,0,0,0,0,0,0,0,4,3,1,3,3,0,0,0,0,0,0,0,0,0,0,3,3,0,1,0,1,0,0,0,0,0,0,0,0,0,1,0,1,977,382,595
29,575,0132,617726,0000,000000,KARNATAKA,Dakshina Kannada,VILLAGE,Dolpady,Rural,301,1286,626,660,146,79,67,336,162,174,0,0,0,899,454,445,387,172,215,765,409,356,765,409,356,15,9,6,0,0,0,46,0,46,704,400,304,0,0,0,0,0,0,0,0,0,0,0,0,0,0,0,0,0,0,0,0,0,0,0,0,0,0,0,0,0,0,0,0,0,0,0,0,0,0,0,0,0,0,0,0,0,521,217,304
29,575,0132,617727,0000,000000,KARNATAKA,Dakshina Kannada,VILLAGE,Kadaba,Rural,771,3596,1760,1836,400,209,191,558,278,280,104,51,53,2668,1393,1275,928,367,561,1851,1055,796,1747,1021,726,60,39,21,18,12,6,421,12,409,1248,958,290,104,34,70,3,1,2,2,2,0,20,3,17,79,28,51,76,20,56,2,0,2,2,2,0,16,2,14,56,16,40,28,14,14,1,1,0,0,0,0,4,1,3,23,12,11,1745,705,1040
29,575,0132,617728,0000,000000,KARNATAKA,Dakshina Kannada,VILLAGE,Kodimbala,Rural,1317,5950,3009,2941,681,356,325,961,491,470,276,121,155,4422,2383,2039,1528,626,902,3042,1867,1175,2779,1802,977,87,50,37,33,21,12,626,42,584,2033,1689,344,263,65,198,17,4,13,5,0,5,87,2,85,154,59,95,154,40,114,11,1,10,4,0,4,57,1,56,82,38,44,109,25,84,6,3,3,1,0,1,30,1,29,72,21,51,2908,1142,1766
29,575,0132,617729,0000,000000,KARNATAKA,Dakshina Kannada,VILLAGE,102 Nekkilady,Rural,395,1804,854,950,183,83,100,291,139,152,33,13,20,1358,682,676,446,172,274,918,522,396,917,521,396,2,1,1,0,0,0,183,3,180,732,517,215,1,1,0,0,0,0,0,0,0,0,0,0,1,1,0,1,1,0,0,0,0,0,0,0,0,0,0,1,1,0,0,0,0,0,0,0,0,0,0,0,0,0,0,0,0,886,332,554
29,575,0132,617730,0000,000000,KARNATAKA,Dakshina Kannada,VILLAGE,Aithoor,Rural,950,4368,2206,2162,440,239,201,560,298,262,73,36,37,3421,1811,1610,947,395,552,2030,1257,773,1918,1229,689,3,3,0,2,1,1,258,16,242,1655,1209,446,112,28,84,2,2,0,0,0,0,51,3,48,59,23,36,91,24,67,2,2,0,0,0,0,46,3,43,43,19,24,21,4,17,0,0,0,0,0,0,5,0,5,16,4,12,2338,949,1389
29,575,0132,617731,0000,000000,KARNATAKA,Dakshina Kannada,VILLAGE,Balnadu  (Rural),Rural,852,4026,2009,2017,339,173,166,445,230,215,819,410,409,3086,1630,1456,940,379,561,2204,1295,909,1908,1141,767,19,17,2,41,40,1,436,15,421,1412,1069,343,296,154,142,0,0,0,122,96,26,89,5,84,85,53,32,244,111,133,0,0,0,91,70,21,86,3,83,67,38,29,52,43,9,0,0,0,31,26,5,3,2,1,18,15,3,1822,714,1108
29,575,0132,617732,0000,000000,KARNATAKA,Dakshina Kannada,VILLAGE,Aryapu  (Rural),Rural,1191,5980,3007,2973,548,263,285,603,309,294,722,373,349,4807,2561,2246,1173,446,727,2939,1930,1009,2563,1856,707,58,53,5,10,9,1,474,59,415,2021,1735,286,376,74,302,5,1,4,0,0,0,249,2,247,122,71,51,303,52,251,4,1,3,0,0,0,210,2,208,89,49,40,73,22,51,1,0,1,0,0,0,39,0,39,33,22,11,3041,1077,1964
29,575,0132,617733,0000,000000,KARNATAKA,Dakshina Kannada,VILLAGE,Kuriya,Rural,699,3279,1624,1655,336,188,148,536,267,269,191,102,89,2586,1328,1258,693,296,397,1534,985,549,1514,976,538,8,3,5,6,6,0,331,12,319,1169,955,214,20,9,11,1,0,1,1,1,0,5,0,5,13,8,5,18,8,10,1,0,1,1,1,0,5,0,5,11,7,4,2,1,1,0,0,0,0,0,0,0,0,0,2,1,1,1745,639,1106
29,575,0132,617734,0000,000000,KARNATAKA,Dakshina Kannada,VILLAGE,Kemminje (Rural),Rural,282,1205,599,606,120,71,49,146,79,67,89,46,43,964,493,471,241,106,135,573,362,211,547,359,188,0,0,0,1,0,1,140,7,133,406,352,54,26,3,23,0,0,0,0,0,0,22,0,22,4,3,1,26,3,23,0,0,0,0,0,0,22,0,22,4,3,1,0,0,0,0,0,0,0,0,0,0,0,0,0,0,0,632,237,395
29,575,0132,617735,0000,000000,KARNATAKA,Dakshina Kannada,VILLAGE,Narimogru,Rural,1322,6520,3233,3287,648,339,309,610,306,304,355,180,175,5039,2651,2388,1481,582,899,3177,1988,1189,2962,1876,1086,32,24,8,5,4,1,696,16,680,2229,1832,397,215,112,103,7,6,1,2,0,2,60,1,59,146,105,41,180,94,86,6,5,1,2,0,2,46,1,45,126,88,38,35,18,17,1,1,0,0,0,0,14,0,14,20,17,3,3343,1245,2098
29,575,0132,617736,0000,000000,KARNATAKA,Dakshina Kannada,VILLAGE,Shanthigodu,Rural,753,3828,1927,1901,359,174,185,774,394,380,237,127,110,2881,1574,1307,947,353,594,2260,1281,979,2191,1244,947,21,14,7,24,16,8,514,6,508,1632,1208,424,69,37,32,6,3,3,3,1,2,5,0,5,55,33,22,66,35,31,6,3,3,3,1,2,5,0,5,52,31,21,3,2,1,0,0,0,0,0,0,0,0,0,3,2,1,1568,646,922
29,575,0132,617737,0000,000000,KARNATAKA,Dakshina Kannada,VILLAGE,Sarve,Rural,708,3640,1842,1798,386,208,178,853,433,420,327,167,160,2664,1474,1190,976,368,608,1840,1096,744,1685,1033,652,32,28,4,2,2,0,466,27,439,1185,976,209,155,63,92,0,0,0,0,0,0,66,6,60,89,57,32,153,61,92,0,0,0,0,0,0,65,5,60,88,56,32,2,2,0,0,0,0,0,0,0,1,1,0,1,1,0,1800,746,1054
29,575,0132,617738,0000,000000,KARNATAKA,Dakshina Kannada,VILLAGE,Mundoor,Rural,634,3024,1513,1511,332,181,151,365,187,178,463,233,230,2204,1168,1036,820,345,475,1532,925,607,1493,906,587,14,6,8,3,2,1,365,14,351,1111,884,227,39,19,20,0,0,0,0,0,0,4,0,4,35,19,16,34,14,20,0,0,0,0,0,0,4,0,4,30,14,16,5,5,0,0,0,0,0,0,0,0,0,0,5,5,0,1492,588,904
29,575,0132,617739,0000,000000,KARNATAKA,Dakshina Kannada,VILLAGE,Kedambady,Rural,751,3604,1757,1847,386,178,208,537,283,254,217,102,115,2623,1394,1229,981,363,618,1747,1079,668,1739,1075,664,2,1,1,1,1,0,495,17,478,1241,1056,185,8,4,4,0,0,0,0,0,0,1,0,1,7,4,3,4,1,3,0,0,0,0,0,0,1,0,1,3,1,2,4,3,1,0,0,0,0,0,0,0,0,0,4,3,1,1857,678,1179
29,575,0132,617740,0000,000000,KARNATAKA,Dakshina Kannada,VILLAGE,Olamogru,Rural,1174,5845,2859,2986,612,304,308,744,381,363,770,356,414,4387,2308,2079,1458,551,907,3070,1799,1271,2829,1721,1108,13,9,4,9,9,0,676,51,625,2131,1652,479,241,78,163,2,0,2,28,26,2,131,9,122,80,43,37,218,69,149,2,0,2,26,24,2,120,7,113,70,38,32,23,9,14,0,0,0,2,2,0,11,2,9,10,5,5,2775,1060,1715
29,575,0132,617741,0000,000000,KARNATAKA,Dakshina Kannada,VILLAGE,Irde,Rural,465,2293,1145,1148,240,120,120,195,101,94,631,317,314,1759,944,815,534,201,333,1178,705,473,1002,683,319,5,5,0,0,0,0,236,10,226,761,668,93,176,22,154,1,0,1,0,0,0,117,2,115,58,20,38,168,20,148,1,0,1,0,0,0,116,2,114,51,18,33,8,2,6,0,0,0,0,0,0,1,0,1,7,2,5,1115,440,675
29,575,0132,617742,0000,000000,KARNATAKA,Dakshina Kannada,VILLAGE,Panaje,Rural,789,3946,1969,1977,420,213,207,392,209,183,960,474,486,2956,1584,1372,990,385,605,2323,1333,990,1853,1260,593,5,5,0,0,0,0,376,26,350,1472,1229,243,470,73,397,0,0,0,0,0,0,267,2,265,203,71,132,373,45,328,0,0,0,0,0,0,233,1,232,140,44,96,97,28,69,0,0,0,0,0,0,34,1,33,63,27,36,1623,636,987
29,575,0132,617743,0000,000000,KARNATAKA,Dakshina Kannada,VILLAGE,Bettampady,Rural,864,4543,2247,2296,472,249,223,522,244,278,592,286,306,3431,1792,1639,1112,455,657,2346,1398,948,2293,1381,912,7,5,2,2,2,0,704,73,631,1580,1301,279,53,17,36,0,0,0,0,0,0,37,4,33,16,13,3,47,13,34,0,0,0,0,0,0,36,4,32,11,9,2,6,4,2,0,0,0,0,0,0,1,0,1,5,4,1,2197,849,1348
29,575,0132,617744,0000,000000,KARNATAKA,Dakshina Kannada,VILLAGE,Ariyadka,Rural,940,4194,2096,2098,402,208,194,578,304,274,618,295,323,3112,1652,1460,1082,444,638,2517,1352,1165,1912,1305,607,17,8,9,4,3,1,303,21,282,1588,1273,315,605,47,558,11,0,11,0,0,0,354,12,342,240,35,205,494,31,463,5,0,5,0,0,0,281,5,276,208,26,182,111,16,95,6,0,6,0,0,0,73,7,66,32,9,23,1677,744,933
29,575,0132,617745,0000,000000,KARNATAKA,Dakshina Kannada,VILLAGE,Keyyur,Rural,1202,5883,2844,3039,606,285,321,822,409,413,303,148,155,4406,2299,2107,1477,545,932,2964,1741,1223,2411,1482,929,31,14,17,4,4,0,651,22,629,1725,1442,283,553,259,294,5,1,4,0,0,0,204,5,199,344,253,91,472,230,242,3,1,2,0,0,0,173,2,171,296,227,69,81,29,52,2,0,2,0,0,0,31,3,28,48,26,22,2919,1103,1816
29,575,0132,617746,0000,000000,KARNATAKA,Dakshina Kannada,VILLAGE,Madnooru,Rural,1006,5062,2490,2572,593,317,276,1048,528,520,476,235,241,3783,1963,1820,1279,527,752,2562,1450,1112,2317,1424,893,22,11,11,4,3,1,397,23,374,1894,1387,507,245,26,219,3,1,2,0,0,0,79,4,75,163,21,142,207,18,189,2,0,2,0,0,0,65,4,61,140,14,126,38,8,30,1,1,0,0,0,0,14,0,14,23,7,16,2500,1040,1460
29,575,0132,617747,0000,000000,KARNATAKA,Dakshina Kannada,VILLAGE,Badagannur,Rural,615,3109,1538,1571,307,150,157,263,123,140,557,280,277,2437,1292,1145,672,246,426,1934,1038,896,1617,971,646,31,14,17,1,0,1,382,11,371,1203,946,257,317,67,250,3,0,3,0,0,0,79,2,77,235,65,170,221,37,184,1,0,1,0,0,0,66,1,65,154,36,118,96,30,66,2,0,2,0,0,0,13,1,12,81,29,52,1175,500,675
29,575,0132,617748,0000,000000,KARNATAKA,Dakshina Kannada,VILLAGE,Nidpalli,Rural,684,3257,1603,1654,303,143,160,535,275,260,613,315,298,2415,1267,1148,842,336,506,1886,1104,782,1242,906,336,18,10,8,0,0,0,177,7,170,1047,889,158,644,198,446,1,0,1,1,0,1,334,5,329,308,193,115,543,159,384,1,0,1,1,0,1,311,5,306,230,154,76,101,39,62,0,0,0,0,0,0,23,0,23,78,39,39,1371,499,872
29,575,0132,617749,0000,000000,KARNATAKA,Dakshina Kannada,VILLAGE,Paduvannur,Rural,785,3845,1930,1915,388,185,203,486,238,248,509,250,259,2823,1524,1299,1022,406,616,2128,1218,910,1388,1082,306,26,16,10,0,0,0,142,9,133,1220,1057,163,740,136,604,8,1,7,3,1,2,398,5,393,331,129,202,608,103,505,5,1,4,3,1,2,355,2,353,245,99,146,132,33,99,3,0,3,0,0,0,43,3,40,86,30,56,1717,712,1005
29,575,0132,617750,0000,000000,KARNATAKA,Dakshina Kannada,VILLAGE,Nettanigemudnoor,Rural,1646,8447,4137,4310,966,518,448,914,471,443,690,359,331,6384,3279,3105,2063,858,1205,4410,2593,1817,3667,2383,1284,62,47,15,27,20,7,872,33,839,2706,2283,423,743,210,533,6,0,6,7,3,4,248,7,241,482,200,282,498,116,382,5,0,5,6,3,3,186,2,184,301,111,190,245,94,151,1,0,1,1,0,1,62,5,57,181,89,92,4037,1544,2493
29,575,0132,617751,0000,000000,KARNATAKA,Dakshina Kannada,VILLAGE,Kolthige,Rural,1279,6095,3038,3057,523,277,246,1308,657,651,639,329,310,4716,2471,2245,1379,567,812,3600,2076,1524,2929,1886,1043,28,12,16,3,3,0,276,17,259,2622,1854,768,671,190,481,27,14,13,0,0,0,148,0,148,496,176,320,440,105,335,20,9,11,0,0,0,134,0,134,286,96,190,231,85,146,7,5,2,0,0,0,14,0,14,210,80,130,2495,962,1533
29,575,0132,617752,0000,000000,KARNATAKA,Dakshina Kannada,TOWN,Uppinangady (CT),Urban,1544,7813,3901,3912,1036,555,481,502,246,256,94,46,48,6034,3157,2877,1779,744,1035,3763,2305,1458,3521,2171,1350,34,14,20,21,15,6,1025,69,956,2441,2073,368,242,134,108,8,5,3,1,0,1,48,12,36,185,117,68,167,97,70,6,3,3,1,0,1,33,8,25,127,86,41,75,37,38,2,2,0,0,0,0,15,4,11,58,31,27,4050,1596,2454
29,575,0133,000000,0000,000000,KARNATAKA,Dakshina Kannada,CD BLOCK,Sulya ,Total,27880,125269,62428,62841,12375,6264,6111,18215,8962,9253,10722,5292,5430,97014,51128,45886,28255,11300,16955,61504,39670,21834,58697,38439,20258,705,421,284,153,95,58,4098,363,3735,53741,37560,16181,2807,1231,1576,43,16,27,116,65,51,207,18,189,2441,1132,1309,2333,1042,1291,36,12,24,115,64,51,165,12,153,2017,954,1063,474,189,285,7,4,3,1,1,0,42,6,36,424,178,246,63765,22758,41007
29,575,0133,000000,0000,000000,KARNATAKA,Dakshina Kannada,CD BLOCK,Sulya ,Rural,27880,125269,62428,62841,12375,6264,6111,18215,8962,9253,10722,5292,5430,97014,51128,45886,28255,11300,16955,61504,39670,21834,58697,38439,20258,705,421,284,153,95,58,4098,363,3735,53741,37560,16181,2807,1231,1576,43,16,27,116,65,51,207,18,189,2441,1132,1309,2333,1042,1291,36,12,24,115,64,51,165,12,153,2017,954,1063,474,189,285,7,4,3,1,1,0,42,6,36,424,178,246,63765,22758,41007
29,575,0133,000000,0000,000000,KARNATAKA,Dakshina Kannada,CD BLOCK,Sulya ,Urban,0,0,0,0,0,0,0,0,0,0,0,0,0,0,0,0,0,0,0,0,0,0,0,0,0,0,0,0,0,0,0,0,0,0,0,0,0,0,0,0,0,0,0,0,0,0,0,0,0,0,0,0,0,0,0,0,0,0,0,0,0,0,0,0,0,0,0,0,0,0,0,0,0,0,0,0,0,0,0,0,0,0,0,0,0
29,575,0133,617753,0000,000000,KARNATAKA,Dakshina Kannada,VILLAGE,Peruvaje,Rural,612,3011,1564,1447,317,172,145,601,309,292,231,122,109,2219,1224,995,792,340,452,1385,936,449,1371,927,444,23,18,5,9,9,0,123,11,112,1216,889,327,14,9,5,0,0,0,0,0,0,2,1,1,12,8,4,12,7,5,0,0,0,0,0,0,2,1,1,10,6,4,2,2,0,0,0,0,0,0,0,0,0,0,2,2,0,1626,628,998
29,575,0133,617754,0000,000000,KARNATAKA,Dakshina Kannada,VILLAGE,Kodiyala,Rural,497,2314,1110,1204,224,107,117,489,225,264,56,26,30,1712,893,819,602,217,385,1147,713,434,1132,702,430,23,13,10,3,1,2,22,0,22,1084,688,396,15,11,4,1,1,0,0,0,0,0,0,0,14,10,4,12,8,4,0,0,0,0,0,0,0,0,0,12,8,4,3,3,0,1,1,0,0,0,0,0,0,0,2,2,0,1167,397,770
29,575,0133,617755,0000,000000,KARNATAKA,Dakshina Kannada,VILLAGE,Balila,Rural,415,1992,974,1018,198,103,95,346,164,182,144,77,67,1468,765,703,524,209,315,907,585,322,900,582,318,9,5,4,2,1,1,76,2,74,813,574,239,7,3,4,0,0,0,0,0,0,0,0,0,7,3,4,7,3,4,0,0,0,0,0,0,0,0,0,7,3,4,0,0,0,0,0,0,0,0,0,0,0,0,0,0,0,1085,389,696
29,575,0133,617756,0000,000000,KARNATAKA,Dakshina Kannada,VILLAGE,Bellare,Rural,1096,5259,2592,2667,578,275,303,891,433,458,113,60,53,4144,2164,1980,1115,428,687,2518,1595,923,2466,1573,893,33,14,19,3,1,2,89,17,72,2341,1541,800,52,22,30,1,1,0,0,0,0,12,1,11,39,20,19,39,14,25,0,0,0,0,0,0,11,1,10,28,13,15,13,8,5,1,1,0,0,0,0,1,0,1,11,7,4,2741,997,1744
29,575,0133,617757,0000,000000,KARNATAKA,Dakshina Kannada,VILLAGE,Kalanja,Rural,476,2154,1067,1087,197,103,94,232,121,111,194,94,100,1711,900,811,443,167,276,1055,685,370,987,656,331,21,10,11,0,0,0,94,7,87,872,639,233,68,29,39,0,0,0,0,0,0,5,1,4,63,28,35,65,27,38,0,0,0,0,0,0,5,1,4,60,26,34,3,2,1,0,0,0,0,0,0,0,0,0,3,2,1,1099,382,717
29,575,0133,617758,0000,000000,KARNATAKA,Dakshina Kannada,VILLAGE,Mupperia,Rural,360,1707,840,867,152,78,74,274,138,136,219,107,112,1408,718,690,299,122,177,876,572,304,862,563,299,31,15,16,1,1,0,119,0,119,711,547,164,14,9,5,0,0,0,0,0,0,1,0,1,13,9,4,14,9,5,0,0,0,0,0,0,1,0,1,13,9,4,0,0,0,0,0,0,0,0,0,0,0,0,0,0,0,831,268,563
29,575,0133,617759,0000,000000,KARNATAKA,Dakshina Kannada,VILLAGE,Aivarnadu,Rural,1080,4814,2408,2406,445,219,226,871,441,430,194,97,97,3861,2033,1828,953,375,578,2301,1504,797,2266,1490,776,39,19,20,2,0,2,16,1,15,2209,1470,739,35,14,21,1,0,1,0,0,0,0,0,0,34,14,20,30,13,17,1,0,1,0,0,0,0,0,0,29,13,16,5,1,4,0,0,0,0,0,0,0,0,0,5,1,4,2513,904,1609
29,575,0133,617760,0000,000000,KARNATAKA,Dakshina Kannada,VILLAGE,Jalsoor,Rural,1353,6623,3215,3408,698,338,360,833,408,425,644,298,346,5178,2656,2522,1445,559,886,2847,1935,912,2748,1874,874,49,29,20,6,3,3,196,37,159,2497,1805,692,99,61,38,1,1,0,1,1,0,0,0,0,97,59,38,95,58,37,1,1,0,1,1,0,0,0,0,93,56,37,4,3,1,0,0,0,0,0,0,0,0,0,4,3,1,3776,1280,2496
29,575,0133,617761,0000,000000,KARNATAKA,Dakshina Kannada,VILLAGE,Kanaka Majalu,Rural,489,2425,1230,1195,240,126,114,296,150,146,89,44,45,1911,1024,887,514,206,308,1253,757,496,1208,722,486,5,3,2,1,1,0,128,7,121,1074,711,363,45,35,10,2,0,2,0,0,0,1,0,1,42,35,7,39,29,10,2,0,2,0,0,0,1,0,1,36,29,7,6,6,0,0,0,0,0,0,0,0,0,0,6,6,0,1172,473,699
29,575,0133,617762,0000,000000,KARNATAKA,Dakshina Kannada,VILLAGE,Mandekolu,Rural,1186,5609,2774,2835,558,293,265,966,457,509,577,291,286,4270,2260,2010,1339,514,825,2839,1786,1053,2646,1716,930,50,25,25,1,0,1,291,7,284,2304,1684,620,193,70,123,4,1,3,0,0,0,10,0,10,179,69,110,149,61,88,4,1,3,0,0,0,7,0,7,138,60,78,44,9,35,0,0,0,0,0,0,3,0,3,41,9,32,2770,988,1782
29,575,0133,617763,0000,000000,KARNATAKA,Dakshina Kannada,VILLAGE,Ajjavara,Rural,1425,6965,3422,3543,695,344,351,1791,834,957,679,341,338,5106,2707,2399,1859,715,1144,3264,2155,1109,3058,2057,1001,43,23,20,1,1,0,152,14,138,2862,2019,843,206,98,108,8,4,4,0,0,0,5,0,5,193,94,99,196,92,104,8,4,4,0,0,0,4,0,4,184,88,96,10,6,4,0,0,0,0,0,0,1,0,1,9,6,3,3701,1267,2434
29,575,0133,617764,0000,000000,KARNATAKA,Dakshina Kannada,VILLAGE,Amarapadnoor,Rural,571,2635,1353,1282,240,126,114,175,92,83,555,277,278,2103,1137,966,532,216,316,1195,808,387,1188,806,382,13,7,6,1,0,1,24,8,16,1150,791,359,7,2,5,1,0,1,0,0,0,1,1,0,5,1,4,5,1,4,1,0,1,0,0,0,0,0,0,4,1,3,2,1,1,0,0,0,0,0,0,1,1,0,1,0,1,1440,545,895
29,575,0133,617765,0000,000000,KARNATAKA,Dakshina Kannada,VILLAGE,Amaramudnur,Rural,895,4052,2026,2026,337,156,181,812,408,404,415,195,220,3217,1722,1495,835,304,531,2100,1351,749,1985,1299,686,38,19,19,0,0,0,77,2,75,1870,1278,592,115,52,63,0,0,0,0,0,0,2,0,2,113,52,61,89,42,47,0,0,0,0,0,0,2,0,2,87,42,45,26,10,16,0,0,0,0,0,0,0,0,0,26,10,16,1952,675,1277
29,575,0133,617766,0000,000000,KARNATAKA,Dakshina Kannada,VILLAGE,Nellurkembraje,Rural,648,2848,1431,1417,244,137,107,357,181,176,482,228,254,2288,1187,1101,560,244,316,1384,878,506,1333,845,488,23,15,8,6,5,1,131,9,122,1173,816,357,51,33,18,3,2,1,0,0,0,4,0,4,44,31,13,44,30,14,1,0,1,0,0,0,3,0,3,40,30,10,7,3,4,2,2,0,0,0,0,1,0,1,4,1,3,1464,553,911
29,575,0133,617767,0000,000000,KARNATAKA,Dakshina Kannada,VILLAGE,Ubaradka Mittur,Rural,760,3362,1643,1719,298,144,154,684,324,360,283,133,150,2572,1354,1218,790,289,501,1758,1102,656,1710,1091,619,42,24,18,2,0,2,25,4,21,1641,1063,578,48,11,37,1,0,1,1,0,1,4,0,4,42,11,31,29,9,20,0,0,0,1,0,1,2,0,2,26,9,17,19,2,17,1,0,1,0,0,0,2,0,2,16,2,14,1604,541,1063
29,575,0133,617768,0000,000000,KARNATAKA,Dakshina Kannada,VILLAGE,Aletty,Rural,1806,8229,4131,4098,834,424,410,821,402,419,1466,733,733,6297,3353,2944,1932,778,1154,3868,2517,1351,3731,2469,1262,48,28,20,25,16,9,121,9,112,3537,2416,1121,137,48,89,3,2,1,0,0,0,28,0,28,106,46,60,100,43,57,3,2,1,0,0,0,7,0,7,90,41,49,37,5,32,0,0,0,0,0,0,21,0,21,16,5,11,4361,1614,2747
29,575,0133,617769,0000,000000,KARNATAKA,Dakshina Kannada,VILLAGE,Thodikana,Rural,518,2174,1066,1108,220,105,115,392,186,206,165,77,88,1675,865,810,499,201,298,1005,662,343,959,634,325,2,1,1,11,6,5,52,7,45,894,620,274,46,28,18,0,0,0,0,0,0,0,0,0,46,28,18,42,26,16,0,0,0,0,0,0,0,0,0,42,26,16,4,2,2,0,0,0,0,0,0,0,0,0,4,2,2,1169,404,765
29,575,0133,617770,0000,000000,KARNATAKA,Dakshina Kannada,VILLAGE,Aranthodu,Rural,852,3746,1859,1887,389,201,188,275,149,126,196,94,102,3072,1576,1496,674,283,391,1827,1146,681,1642,1060,582,23,16,7,26,12,14,68,17,51,1525,1015,510,185,86,99,3,0,3,2,2,0,2,1,1,178,83,95,159,71,88,2,0,2,1,1,0,2,1,1,154,69,85,26,15,11,1,0,1,1,1,0,0,0,0,24,14,10,1919,713,1206
29,575,0133,617771,0000,000000,KARNATAKA,Dakshina Kannada,VILLAGE,Markanja,Rural,837,3436,1735,1701,322,163,159,549,274,275,339,169,170,2671,1425,1246,765,310,455,1666,1190,476,1432,1060,372,10,6,4,1,0,1,76,13,63,1345,1041,304,234,130,104,2,0,2,0,0,0,18,1,17,214,129,85,208,117,91,2,0,2,0,0,0,16,1,15,190,116,74,26,13,13,0,0,0,0,0,0,2,0,2,24,13,11,1770,545,1225
29,575,0133,617772,0000,000000,KARNATAKA,Dakshina Kannada,VILLAGE,Madappady,Rural,406,1757,887,870,181,98,83,134,70,64,94,44,50,1413,730,683,344,157,187,887,559,328,859,557,302,2,2,0,0,0,0,7,4,3,850,551,299,28,2,26,0,0,0,0,0,0,0,0,0,28,2,26,28,2,26,0,0,0,0,0,0,0,0,0,28,2,26,0,0,0,0,0,0,0,0,0,0,0,0,0,0,0,870,328,542
29,575,0133,617773,0000,000000,KARNATAKA,Dakshina Kannada,VILLAGE,Sampaje,Rural,1267,5429,2668,2761,603,314,289,877,442,435,112,60,52,4161,2160,2001,1268,508,760,2416,1538,878,2222,1426,796,41,31,10,4,3,1,150,16,134,2027,1376,651,194,112,82,3,1,2,110,61,49,13,3,10,68,47,21,190,110,80,3,1,2,110,61,49,12,2,10,65,46,19,4,2,2,0,0,0,0,0,0,1,1,0,3,1,2,3013,1130,1883
29,575,0133,617774,0000,000000,KARNATAKA,Dakshina Kannada,VILLAGE,Murulya,Rural,555,2597,1256,1341,275,125,150,529,257,272,55,26,29,1917,991,926,680,265,415,1261,808,453,1237,800,437,12,10,2,4,3,1,187,15,172,1034,772,262,24,8,16,0,0,0,0,0,0,6,0,6,18,8,10,19,5,14,0,0,0,0,0,0,6,0,6,13,5,8,5,3,2,0,0,0,0,0,0,0,0,0,5,3,2,1336,448,888
29,575,0133,617775,0000,000000,KARNATAKA,Dakshina Kannada,VILLAGE,Yedamangala,Rural,845,3698,1865,1833,369,198,171,676,366,310,310,149,161,2797,1494,1303,901,371,530,1861,1240,621,1856,1236,620,6,3,3,0,0,0,283,3,280,1567,1230,337,5,4,1,0,0,0,0,0,0,2,1,1,3,3,0,5,4,1,0,0,0,0,0,0,2,1,1,3,3,0,0,0,0,0,0,0,0,0,0,0,0,0,0,0,0,1837,625,1212
29,575,0133,617776,0000,000000,KARNATAKA,Dakshina Kannada,VILLAGE,Yenmooru,Rural,364,1679,820,859,177,94,83,329,158,171,53,27,26,1210,625,585,469,195,274,864,509,355,809,503,306,2,2,0,1,1,0,93,4,89,713,496,217,55,6,49,0,0,0,1,0,1,36,0,36,18,6,12,47,4,43,0,0,0,1,0,1,33,0,33,13,4,9,8,2,6,0,0,0,0,0,0,3,0,3,5,2,3,815,311,504
29,575,0133,617777,0000,000000,KARNATAKA,Dakshina Kannada,VILLAGE,Aivathoklu,Rural,746,3453,1714,1739,350,179,171,304,152,152,147,74,73,2663,1405,1258,790,309,481,1735,1055,680,1631,1015,616,4,2,2,1,0,1,375,15,360,1251,998,253,104,40,64,1,0,1,0,0,0,2,0,2,101,40,61,99,39,60,1,0,1,0,0,0,1,0,1,97,39,58,5,1,4,0,0,0,0,0,0,1,0,1,4,1,3,1718,659,1059
29,575,0133,617778,0000,000000,KARNATAKA,Dakshina Kannada,VILLAGE,Pambethady,Rural,287,1267,627,640,135,68,67,139,69,70,179,91,88,968,513,455,299,114,185,610,407,203,562,377,185,19,15,4,0,0,0,55,9,46,488,353,135,48,30,18,0,0,0,0,0,0,8,1,7,40,29,11,47,29,18,0,0,0,0,0,0,8,1,7,39,28,11,1,1,0,0,0,0,0,0,0,0,0,0,1,1,0,657,220,437
29,575,0133,617779,0000,000000,KARNATAKA,Dakshina Kannada,VILLAGE,Kalmadka,Rural,454,2241,1131,1110,215,115,100,213,103,110,581,305,276,1651,903,748,590,228,362,1069,655,414,1044,637,407,5,3,2,0,0,0,204,10,194,835,624,211,25,18,7,2,1,1,0,0,0,1,0,1,22,17,5,18,14,4,2,1,1,0,0,0,1,0,1,15,13,2,7,4,3,0,0,0,0,0,0,0,0,0,7,4,3,1172,476,696
29,575,0133,617780,0000,000000,KARNATAKA,Dakshina Kannada,VILLAGE,Kuthkunja,Rural,390,1671,841,830,145,72,73,135,66,69,245,119,126,1345,717,628,326,124,202,785,554,231,769,544,225,1,0,1,0,0,0,86,2,84,682,542,140,16,10,6,0,0,0,0,0,0,1,0,1,15,10,5,15,9,6,0,0,0,0,0,0,1,0,1,14,9,5,1,1,0,0,0,0,0,0,0,0,0,0,1,1,0,886,287,599
29,575,0133,617781,0000,000000,KARNATAKA,Dakshina Kannada,VILLAGE,Kenya,Rural,285,1185,584,601,106,46,60,208,108,100,70,34,36,859,463,396,326,121,205,597,407,190,582,399,183,0,0,0,2,2,0,116,15,101,464,382,82,15,8,7,0,0,0,0,0,0,0,0,0,15,8,7,11,6,5,0,0,0,0,0,0,0,0,0,11,6,5,4,2,2,0,0,0,0,0,0,0,0,0,4,2,2,588,177,411
29,575,0133,617782,0000,000000,KARNATAKA,Dakshina Kannada,VILLAGE,Balpa,Rural,698,2973,1483,1490,273,144,129,417,214,203,42,23,19,2267,1182,1085,706,301,405,1661,992,669,1567,962,605,2,2,0,3,2,1,169,18,151,1393,940,453,94,30,64,0,0,0,0,0,0,0,0,0,94,30,64,91,28,63,0,0,0,0,0,0,0,0,0,91,28,63,3,2,1,0,0,0,0,0,0,0,0,0,3,2,1,1312,491,821
29,575,0133,617783,0000,000000,KARNATAKA,Dakshina Kannada,VILLAGE,Guthigaru,Rural,962,4211,2028,2183,455,222,233,657,306,351,341,170,171,3232,1637,1595,979,391,588,1818,1314,504,1774,1296,478,15,10,5,5,5,0,82,26,56,1672,1255,417,44,18,26,1,1,0,0,0,0,4,4,0,39,13,26,33,12,21,1,1,0,0,0,0,2,2,0,30,9,21,11,6,5,0,0,0,0,0,0,2,2,0,9,4,5,2393,714,1679
29,575,0133,617784,0000,000000,KARNATAKA,Dakshina Kannada,VILLAGE,Devachalla,Rural,891,3820,1904,1916,381,210,171,378,180,198,239,103,136,3018,1567,1451,802,337,465,1904,1201,703,1874,1190,684,23,16,7,19,11,8,88,13,75,1744,1150,594,30,11,19,0,0,0,0,0,0,0,0,0,30,11,19,22,9,13,0,0,0,0,0,0,0,0,0,22,9,13,8,2,6,0,0,0,0,0,0,0,0,0,8,2,6,1916,703,1213
29,575,0133,617785,0000,000000,KARNATAKA,Dakshina Kannada,VILLAGE,Nalkooru,Rural,616,2525,1253,1272,293,142,151,252,121,131,209,107,102,1964,1016,948,561,237,324,1472,839,633,1469,837,632,6,4,2,0,0,0,63,10,53,1400,823,577,3,2,1,0,0,0,0,0,0,0,0,0,3,2,1,2,1,1,0,0,0,0,0,0,0,0,0,2,1,1,1,1,0,0,0,0,0,0,0,0,0,0,1,1,0,1053,414,639
29,575,0133,617786,0000,000000,KARNATAKA,Dakshina Kannada,VILLAGE,Yenekallu,Rural,667,2684,1336,1348,276,150,126,185,100,85,96,48,48,2113,1088,1025,571,248,323,1593,903,690,1216,811,405,2,2,0,0,0,0,82,14,68,1132,795,337,377,92,285,0,0,0,0,0,0,36,2,34,341,90,251,278,57,221,0,0,0,0,0,0,35,1,34,243,56,187,99,35,64,0,0,0,0,0,0,1,1,0,98,34,64,1091,433,658
29,575,0133,617787,0000,000000,KARNATAKA,Dakshina Kannada,VILLAGE,Subramanya,Rural,1012,4443,2466,1977,386,181,205,384,189,195,587,288,299,3528,2060,1468,915,406,509,2292,1656,636,2238,1626,612,12,10,2,7,5,2,159,15,144,2060,1596,464,54,30,24,1,0,1,0,0,0,3,1,2,50,29,21,39,25,14,1,0,1,0,0,0,1,0,1,37,25,12,15,5,10,0,0,0,0,0,0,2,1,1,13,4,9,2151,810,1341
29,575,0133,617788,0000,000000,KARNATAKA,Dakshina Kannada,VILLAGE,Inakidu,Rural,234,949,466,483,67,33,34,158,73,85,35,15,20,792,410,382,157,56,101,641,317,324,605,302,303,0,0,0,0,0,0,0,0,0,605,302,303,36,15,21,0,0,0,0,0,0,0,0,0,36,15,21,7,4,3,0,0,0,0,0,0,0,0,0,7,4,3,29,11,18,0,0,0,0,0,0,0,0,0,29,11,18,308,149,159
29,575,0133,617789,0000,000000,KARNATAKA,Dakshina Kannada,VILLAGE,Balagodu,Rural,329,1313,657,656,138,64,74,227,115,112,94,48,46,1010,541,469,303,116,187,722,457,265,709,452,257,21,16,5,6,6,0,9,0,9,673,430,243,13,5,8,1,0,1,1,1,0,0,0,0,11,4,7,13,5,8,1,0,1,1,1,0,0,0,0,11,4,7,0,0,0,0,0,0,0,0,0,0,0,0,0,0,0,591,200,391
29,575,0133,617790,0000,000000,KARNATAKA,Dakshina Kannada,VILLAGE,Hariharapallathadka,Rural,233,1011,488,523,87,48,39,31,15,16,85,44,41,816,410,406,195,78,117,564,341,223,562,340,222,0,0,0,0,0,0,1,0,1,561,340,221,2,1,1,0,0,0,0,0,0,0,0,0,2,1,1,0,0,0,0,0,0,0,0,0,0,0,0,0,0,0,2,1,1,0,0,0,0,0,0,0,0,0,2,1,1,447,147,300
29,575,0133,617791,0000,000000,KARNATAKA,Dakshina Kannada,VILLAGE,Kollamogru,Rural,466,1841,922,919,170,89,81,205,97,108,72,40,32,1504,778,726,337,144,193,898,628,270,873,612,261,1,1,0,0,0,0,4,2,2,868,609,259,25,16,9,0,0,0,0,0,0,0,0,0,25,16,9,22,13,9,0,0,0,0,0,0,0,0,0,22,13,9,3,3,0,0,0,0,0,0,0,0,0,0,3,3,0,943,294,649
29,575,0133,617792,0000,000000,KARNATAKA,Dakshina Kannada,VILLAGE,Kalmakaru,Rural,297,1167,592,575,107,58,49,122,65,57,35,14,21,903,475,428,264,117,147,659,413,246,615,391,224,6,2,4,0,0,0,5,0,5,604,389,215,44,22,22,3,1,2,0,0,0,0,0,0,41,21,20,13,6,7,2,1,1,0,0,0,0,0,0,11,5,6,31,16,15,1,0,1,0,0,0,0,0,0,30,16,14,508,179,329
