State/UTs_Code,District_Code,CD Block_Code,Town/Village_Code,Ward_Code,EB_Code,State/UTs_Name,District_Name,Level,Name,Total/Rural/Urban,No of Households,Total Population Person,Total Population Male,Total Population Female,Population in the age group 0-6 Person,Population in the age group 0-6 Male,Population in the age group 0-6 Female,Scheduled Castes population Person,Scheduled Castes population Male,Scheduled Castes population Female,Scheduled Tribes population Person,Scheduled Tribes population Male,Scheduled Tribes population Female,Literates Population Person,Literates Population Male,Literates Population Female,Illiterate Persons,Illiterate Male,Illiterate Female,Total Worker Population Person,Total Worker Population Male,Total Worker Population Female,Main Working Population Person,Main Working Population Male,Main Working Population Female,Main Cultivator Population Person,Main Cultivator Population Male,Main Cultivator Population Female,Main Agricultural Labourers Population Person,Main Agricultural Labourers Population Male,Main Agricultural Labourers Population Female,Main Household Industries Population Person,Main Household Industries Population Male,Main Household Industries Population Female,Main Other Workers Population Person,Main Other Workers Population Male,Main Other Workers Population Female,Marginal Worker Population Person,Marginal Worker Population Male,Marginal Worker Population Female,Marginal Cultivator Population Person,Marginal Cultivator Population Male,Marginal Cultivator Population Female,Marginal Agriculture Labourers Population Person,Marginal Agriculture Labourers Population Male,Marginal Agriculture Labourers Population Female,Marginal Household Industries Population Person,Marginal Household Industries Population Male,Marginal Household Industries Population Female,Marginal Other Workers Population Person,Marginal Other Workers Population Male,Marginal Other Workers Population Female,Marginal Worker Population 3_6 Person,Marginal Worker Population 3_6 Male,Marginal Worker Population 3_6 Female,Marginal Cultivator Population 3_6 Person,Marginal Cultivator Population 3_6 Male,Marginal Cultivator Population 3_6 Female,Marginal Agriculture Labourers Population 3_6 Person,Marginal Agriculture Labourers Population 3_6 Male,Marginal Agriculture Labourers Population 3_6 Female,Marginal Household Industries Population 3_6 Person,Marginal Household Industries Population 3_6 Male,Marginal Household Industries Population 3-6 Female,Marginal Other Workers Population Person 3_6 Person,Marginal Other Workers Population Person 3_6 Male,Marginal Other Workers Population Person 3_6 Female,Marginal Worker Population 0_3 Person,Marginal Worker Population 0_3 Male,Marginal Worker Population 0_3_Female,Marginal Cultivator Population 0_3 Person,Marginal Cultivator Population 0_3 Male,Marginal Cultivator Population 0_3_Female,Marginal Agriculture Labourers Population 0_3 Person,Marginal Agriculture Labourers Population 0_3 Male,Marginal Agriculture Labourers Population 0_3 Female,Marginal Household Industries Population 0_3 Person,Marginal Household Industries Population 0_3 Male,Marginal Household Industries Population 0_3 Female,Marginal Other Workers Population 0_3 Person,Marginal Other Workers Population 0_3 Male,Marginal Other Workers Population 0_3 Female,Non Working Population Person,Non Working Population Male,Non Working Population Female
29,570,0093,000000,0000,000000,KARNATAKA,Chikmagalur,CD BLOCK,Sringeri ,Total,8148,32617,16044,16573,2606,1312,1294,3940,1912,2028,2917,1404,1513,25610,13233,12377,7007,2811,4196,13592,10083,3509,12238,9510,2728,4283,3919,364,3356,2160,1196,204,155,49,4395,3276,1119,1354,573,781,337,80,257,615,284,331,51,20,31,351,189,162,1183,542,641,280,75,205,553,275,278,43,15,28,307,177,130,171,31,140,57,5,52,62,9,53,8,5,3,44,12,32,19025,5961,13064
29,570,0093,000000,0000,000000,KARNATAKA,Chikmagalur,CD BLOCK,Sringeri ,Rural,8148,32617,16044,16573,2606,1312,1294,3940,1912,2028,2917,1404,1513,25610,13233,12377,7007,2811,4196,13592,10083,3509,12238,9510,2728,4283,3919,364,3356,2160,1196,204,155,49,4395,3276,1119,1354,573,781,337,80,257,615,284,331,51,20,31,351,189,162,1183,542,641,280,75,205,553,275,278,43,15,28,307,177,130,171,31,140,57,5,52,62,9,53,8,5,3,44,12,32,19025,5961,13064
29,570,0093,000000,0000,000000,KARNATAKA,Chikmagalur,CD BLOCK,Sringeri ,Urban,0,0,0,0,0,0,0,0,0,0,0,0,0,0,0,0,0,0,0,0,0,0,0,0,0,0,0,0,0,0,0,0,0,0,0,0,0,0,0,0,0,0,0,0,0,0,0,0,0,0,0,0,0,0,0,0,0,0,0,0,0,0,0,0,0,0,0,0,0,0,0,0,0,0,0,0,0,0,0,0,0,0,0,0,0
29,570,0093,608915,0000,000000,KARNATAKA,Chikmagalur,VILLAGE,Asanabalu,Rural,183,723,368,355,72,39,33,10,5,5,29,13,16,546,301,245,177,67,110,259,236,23,234,212,22,178,176,2,15,14,1,2,2,0,39,20,19,25,24,1,0,0,0,24,24,0,0,0,0,1,0,1,24,24,0,0,0,0,24,24,0,0,0,0,0,0,0,1,0,1,0,0,0,0,0,0,0,0,0,1,0,1,464,132,332
29,570,0093,608916,0000,000000,KARNATAKA,Chikmagalur,VILLAGE,Begar,Rural,178,852,403,449,64,35,29,95,45,50,51,16,35,715,347,368,137,56,81,228,185,43,221,181,40,64,59,5,33,29,4,19,18,1,105,75,30,7,4,3,1,1,0,1,0,1,0,0,0,5,3,2,7,4,3,1,1,0,1,0,1,0,0,0,5,3,2,0,0,0,0,0,0,0,0,0,0,0,0,0,0,0,624,218,406
29,570,0093,608917,0000,000000,KARNATAKA,Chikmagalur,VILLAGE,Kumbaragodu,Rural,58,221,104,117,24,15,9,2,2,0,0,0,0,177,84,93,44,20,24,67,61,6,67,61,6,53,53,0,1,1,0,1,0,1,12,7,5,0,0,0,0,0,0,0,0,0,0,0,0,0,0,0,0,0,0,0,0,0,0,0,0,0,0,0,0,0,0,0,0,0,0,0,0,0,0,0,0,0,0,0,0,0,154,43,111
29,570,0093,608918,0000,000000,KARNATAKA,Chikmagalur,VILLAGE,Neelandur,Rural,217,823,376,447,72,38,34,131,66,65,19,10,9,608,284,324,215,92,123,311,239,72,169,148,21,107,103,4,5,5,0,9,8,1,48,32,16,142,91,51,2,1,1,24,23,1,6,1,5,110,66,44,133,85,48,2,1,1,23,22,1,4,1,3,104,61,43,9,6,3,0,0,0,1,1,0,2,0,2,6,5,1,512,137,375
29,570,0093,608919,0000,000000,KARNATAKA,Chikmagalur,VILLAGE,Meega,Rural,177,662,324,338,61,29,32,40,23,17,1,1,0,501,262,239,161,62,99,306,211,95,284,197,87,124,104,20,114,60,54,2,2,0,44,31,13,22,14,8,9,6,3,9,4,5,4,4,0,0,0,0,20,12,8,9,6,3,9,4,5,2,2,0,0,0,0,2,2,0,0,0,0,0,0,0,2,2,0,0,0,0,356,113,243
29,570,0093,608920,0000,000000,KARNATAKA,Chikmagalur,VILLAGE,K.Masige,Rural,76,286,142,144,29,12,17,0,0,0,277,137,140,146,78,68,140,64,76,99,88,11,92,81,11,10,10,0,37,37,0,15,12,3,30,22,8,7,7,0,0,0,0,4,4,0,3,3,0,0,0,0,4,4,0,0,0,0,4,4,0,0,0,0,0,0,0,3,3,0,0,0,0,0,0,0,3,3,0,0,0,0,187,54,133
29,570,0093,608921,0000,000000,KARNATAKA,Chikmagalur,VILLAGE,Rushyashringapura (Markal),Rural,394,1501,721,780,115,58,57,119,61,58,174,79,95,1179,591,588,322,130,192,625,486,139,604,474,130,185,169,16,305,219,86,4,3,1,110,83,27,21,12,9,5,2,3,6,4,2,4,2,2,6,4,2,21,12,9,5,2,3,6,4,2,4,2,2,6,4,2,0,0,0,0,0,0,0,0,0,0,0,0,0,0,0,876,235,641
29,570,0093,608922,0000,000000,KARNATAKA,Chikmagalur,VILLAGE,Kogodu,Rural,97,351,165,186,24,13,11,59,27,32,0,0,0,279,143,136,72,22,50,179,122,57,177,120,57,50,45,5,48,29,19,0,0,0,79,46,33,2,2,0,0,0,0,0,0,0,0,0,0,2,2,0,2,2,0,0,0,0,0,0,0,0,0,0,2,2,0,0,0,0,0,0,0,0,0,0,0,0,0,0,0,0,172,43,129
29,570,0093,608923,0000,000000,KARNATAKA,Chikmagalur,VILLAGE,Gandagatta,Rural,207,880,429,451,63,29,34,120,60,60,26,12,14,693,347,346,187,82,105,362,290,72,328,278,50,156,143,13,86,66,20,0,0,0,86,69,17,34,12,22,1,1,0,4,1,3,0,0,0,29,10,19,33,12,21,1,1,0,4,1,3,0,0,0,28,10,18,1,0,1,0,0,0,0,0,0,0,0,0,1,0,1,518,139,379
29,570,0093,608924,0000,000000,KARNATAKA,Chikmagalur,VILLAGE,Yadadalu,Rural,194,750,372,378,66,33,33,164,83,81,1,1,0,570,299,271,180,73,107,374,258,116,374,258,116,149,142,7,205,106,99,0,0,0,20,10,10,0,0,0,0,0,0,0,0,0,0,0,0,0,0,0,0,0,0,0,0,0,0,0,0,0,0,0,0,0,0,0,0,0,0,0,0,0,0,0,0,0,0,0,0,0,376,114,262
29,570,0093,608925,0000,000000,KARNATAKA,Chikmagalur,VILLAGE,Yedadalli,Rural,250,1053,496,557,96,38,58,72,36,36,187,79,108,793,407,386,260,89,171,562,342,220,380,328,52,143,138,5,142,110,32,1,1,0,94,79,15,182,14,168,85,4,81,71,6,65,0,0,0,26,4,22,83,7,76,42,2,40,34,3,31,0,0,0,7,2,5,99,7,92,43,2,41,37,3,34,0,0,0,19,2,17,491,154,337
29,570,0093,608926,0000,000000,KARNATAKA,Chikmagalur,VILLAGE,Balekadi,Rural,48,187,93,94,26,12,14,1,1,0,69,36,33,139,75,64,48,18,30,91,66,25,86,66,20,46,41,5,35,22,13,0,0,0,5,3,2,5,0,5,0,0,0,5,0,5,0,0,0,0,0,0,5,0,5,0,0,0,5,0,5,0,0,0,0,0,0,0,0,0,0,0,0,0,0,0,0,0,0,0,0,0,96,27,69
29,570,0093,608927,0000,000000,KARNATAKA,Chikmagalur,VILLAGE,Karki Khan Estate *,Rural,0,0,0,0,0,0,0,0,0,0,0,0,0,0,0,0,0,0,0,0,0,0,0,0,0,0,0,0,0,0,0,0,0,0,0,0,0,0,0,0,0,0,0,0,0,0,0,0,0,0,0,0,0,0,0,0,0,0,0,0,0,0,0,0,0,0,0,0,0,0,0,0,0,0,0,0,0,0,0,0,0,0,0,0,0
29,570,0093,608928,0000,000000,KARNATAKA,Chikmagalur,VILLAGE,Sunkadamakki,Rural,53,236,123,113,18,9,9,22,12,10,17,6,11,196,108,88,40,15,25,90,78,12,90,78,12,66,63,3,22,13,9,0,0,0,2,2,0,0,0,0,0,0,0,0,0,0,0,0,0,0,0,0,0,0,0,0,0,0,0,0,0,0,0,0,0,0,0,0,0,0,0,0,0,0,0,0,0,0,0,0,0,0,146,45,101
29,570,0093,608929,0000,000000,KARNATAKA,Chikmagalur,VILLAGE,Nemmaru,Rural,236,1045,471,574,101,43,58,255,120,135,139,52,87,716,338,378,329,133,196,353,291,62,315,280,35,117,113,4,100,86,14,2,2,0,96,79,17,38,11,27,1,1,0,28,7,21,4,1,3,5,2,3,35,11,24,1,1,0,25,7,18,4,1,3,5,2,3,3,0,3,0,0,0,3,0,3,0,0,0,0,0,0,692,180,512
29,570,0093,608930,0000,000000,KARNATAKA,Chikmagalur,VILLAGE,Haruru (Harur),Rural,128,463,224,239,31,15,16,51,22,29,55,29,26,366,178,188,97,46,51,199,158,41,73,69,4,67,64,3,1,1,0,0,0,0,5,4,1,126,89,37,2,1,1,104,77,27,2,1,1,18,10,8,118,87,31,2,1,1,102,76,26,2,1,1,12,9,3,8,2,6,0,0,0,2,1,1,0,0,0,6,1,5,264,66,198
29,570,0093,608931,0000,000000,KARNATAKA,Chikmagalur,VILLAGE,Nemmar Estate,Rural,59,228,109,119,21,12,9,85,36,49,73,36,37,149,73,76,79,36,43,113,67,46,113,67,46,21,13,8,81,46,35,4,4,0,7,4,3,0,0,0,0,0,0,0,0,0,0,0,0,0,0,0,0,0,0,0,0,0,0,0,0,0,0,0,0,0,0,0,0,0,0,0,0,0,0,0,0,0,0,0,0,0,115,42,73
29,570,0093,608932,0000,000000,KARNATAKA,Chikmagalur,VILLAGE,Mathuvalli Estate,Rural,3,9,6,3,1,1,0,0,0,0,6,5,1,6,3,3,3,3,0,6,5,1,6,5,1,1,1,0,5,4,1,0,0,0,0,0,0,0,0,0,0,0,0,0,0,0,0,0,0,0,0,0,0,0,0,0,0,0,0,0,0,0,0,0,0,0,0,0,0,0,0,0,0,0,0,0,0,0,0,0,0,0,3,1,2
29,570,0093,608933,0000,000000,KARNATAKA,Chikmagalur,VILLAGE,Gulaganjimane,Rural,61,240,120,120,27,12,15,11,5,6,135,68,67,152,80,72,88,40,48,171,95,76,83,76,7,61,60,1,12,10,2,0,0,0,10,6,4,88,19,69,75,18,57,12,1,11,0,0,0,1,0,1,86,18,68,73,17,56,12,1,11,0,0,0,1,0,1,2,1,1,2,1,1,0,0,0,0,0,0,0,0,0,69,25,44
29,570,0093,608934,0000,000000,KARNATAKA,Chikmagalur,VILLAGE,Kere,Rural,90,296,144,152,27,16,11,29,14,15,29,16,13,202,106,96,94,38,56,158,94,64,129,90,39,47,46,1,49,29,20,12,2,10,21,13,8,29,4,25,1,1,0,27,2,25,0,0,0,1,1,0,24,3,21,1,1,0,22,1,21,0,0,0,1,1,0,5,1,4,0,0,0,5,1,4,0,0,0,0,0,0,138,50,88
29,570,0093,608935,0000,000000,KARNATAKA,Chikmagalur,VILLAGE,Muduba,Rural,37,127,63,64,6,5,1,24,12,12,32,17,15,89,48,41,38,15,23,58,45,13,44,40,4,36,34,2,8,6,2,0,0,0,0,0,0,14,5,9,12,3,9,2,2,0,0,0,0,0,0,0,14,5,9,12,3,9,2,2,0,0,0,0,0,0,0,0,0,0,0,0,0,0,0,0,0,0,0,0,0,0,69,18,51
29,570,0093,608936,0000,000000,KARNATAKA,Chikmagalur,VILLAGE,Sheerlu,Rural,59,209,103,106,19,8,11,0,0,0,200,96,104,129,71,58,80,32,48,157,84,73,77,70,7,68,63,5,1,1,0,0,0,0,8,6,2,80,14,66,76,12,64,1,0,1,0,0,0,3,2,1,69,14,55,66,12,54,1,0,1,0,0,0,2,2,0,11,0,11,10,0,10,0,0,0,0,0,0,1,0,1,52,19,33
29,570,0093,608937,0000,000000,KARNATAKA,Chikmagalur,VILLAGE,Hadi,Rural,21,61,30,31,8,2,6,14,5,9,9,4,5,39,23,16,22,7,15,27,25,2,27,25,2,26,25,1,1,0,1,0,0,0,0,0,0,0,0,0,0,0,0,0,0,0,0,0,0,0,0,0,0,0,0,0,0,0,0,0,0,0,0,0,0,0,0,0,0,0,0,0,0,0,0,0,0,0,0,0,0,0,34,5,29
29,570,0093,608938,0000,000000,KARNATAKA,Chikmagalur,VILLAGE,Malanadu,Rural,157,742,382,360,61,26,35,0,0,0,401,191,210,547,310,237,195,72,123,438,267,171,293,244,49,126,115,11,129,96,33,0,0,0,38,33,5,145,23,122,35,6,29,110,17,93,0,0,0,0,0,0,139,22,117,34,5,29,105,17,88,0,0,0,0,0,0,6,1,5,1,1,0,5,0,5,0,0,0,0,0,0,304,115,189
29,570,0093,608939,0000,000000,KARNATAKA,Chikmagalur,VILLAGE,Hadikiruru,Rural,27,88,41,47,12,5,7,0,0,0,31,15,16,51,27,24,37,14,23,40,35,5,36,33,3,29,28,1,6,5,1,0,0,0,1,0,1,4,2,2,0,0,0,4,2,2,0,0,0,0,0,0,3,2,1,0,0,0,3,2,1,0,0,0,0,0,0,1,0,1,0,0,0,1,0,1,0,0,0,0,0,0,48,6,42
29,570,0093,608940,0000,000000,KARNATAKA,Chikmagalur,VILLAGE,Balagere,Rural,62,247,135,112,19,8,11,0,0,0,172,96,76,155,94,61,92,41,51,120,111,9,116,109,7,95,94,1,15,14,1,0,0,0,6,1,5,4,2,2,3,1,2,1,1,0,0,0,0,0,0,0,4,2,2,3,1,2,1,1,0,0,0,0,0,0,0,0,0,0,0,0,0,0,0,0,0,0,0,0,0,0,127,24,103
29,570,0093,608941,0000,000000,KARNATAKA,Chikmagalur,VILLAGE,Nallur,Rural,59,233,103,130,13,7,6,1,1,0,0,0,0,186,86,100,47,17,30,78,62,16,41,34,7,10,8,2,0,0,0,0,0,0,31,26,5,37,28,9,0,0,0,27,24,3,0,0,0,10,4,6,35,27,8,0,0,0,27,24,3,0,0,0,8,3,5,2,1,1,0,0,0,0,0,0,0,0,0,2,1,1,155,41,114
29,570,0093,608942,0000,000000,KARNATAKA,Chikmagalur,VILLAGE,Darekoppa,Rural,187,659,297,362,42,21,21,46,20,26,0,0,0,507,242,265,152,55,97,316,212,104,297,205,92,85,76,9,97,49,48,5,1,4,110,79,31,19,7,12,1,1,0,3,0,3,5,0,5,10,6,4,19,7,12,1,1,0,3,0,3,5,0,5,10,6,4,0,0,0,0,0,0,0,0,0,0,0,0,0,0,0,343,85,258
29,570,0093,608943,0000,000000,KARNATAKA,Chikmagalur,VILLAGE,Melukoppa,Rural,180,726,365,361,38,16,22,33,14,19,36,17,19,603,324,279,123,41,82,390,245,145,387,243,144,218,160,58,133,63,70,1,0,1,35,20,15,3,2,1,2,2,0,0,0,0,0,0,0,1,0,1,2,1,1,1,1,0,0,0,0,0,0,0,1,0,1,1,1,0,1,1,0,0,0,0,0,0,0,0,0,0,336,120,216
29,570,0093,608944,0000,000000,KARNATAKA,Chikmagalur,VILLAGE,Kelakoppa,Rural,219,818,392,426,65,36,29,24,10,14,3,0,3,654,334,320,164,58,106,369,268,101,369,268,101,167,139,28,146,84,62,3,3,0,53,42,11,0,0,0,0,0,0,0,0,0,0,0,0,0,0,0,0,0,0,0,0,0,0,0,0,0,0,0,0,0,0,0,0,0,0,0,0,0,0,0,0,0,0,0,0,0,449,124,325
29,570,0093,608945,0000,000000,KARNATAKA,Chikmagalur,VILLAGE,Addagadde,Rural,171,725,367,358,73,40,33,88,44,44,52,30,22,569,297,272,156,70,86,324,254,70,322,252,70,136,127,9,137,86,51,5,5,0,44,34,10,2,2,0,0,0,0,0,0,0,0,0,0,2,2,0,2,2,0,0,0,0,0,0,0,0,0,0,2,2,0,0,0,0,0,0,0,0,0,0,0,0,0,0,0,0,401,113,288
29,570,0093,608946,0000,000000,KARNATAKA,Chikmagalur,VILLAGE,Kavadi,Rural,192,748,368,380,44,19,25,119,57,62,7,3,4,615,320,295,133,48,85,397,271,126,394,269,125,169,132,37,184,107,77,0,0,0,41,30,11,3,2,1,1,1,0,0,0,0,0,0,0,2,1,1,3,2,1,1,1,0,0,0,0,0,0,0,2,1,1,0,0,0,0,0,0,0,0,0,0,0,0,0,0,0,351,97,254
29,570,0093,608947,0000,000000,KARNATAKA,Chikmagalur,VILLAGE,Belandur,Rural,279,1105,563,542,81,46,35,163,75,88,71,39,32,917,487,430,188,76,112,461,347,114,388,308,80,80,74,6,51,32,19,47,37,10,210,165,45,73,39,34,1,0,1,6,2,4,21,7,14,45,30,15,70,38,32,1,0,1,6,2,4,20,7,13,43,29,14,3,1,2,0,0,0,0,0,0,1,0,1,2,1,1,644,216,428
29,570,0093,608948,0000,000000,KARNATAKA,Chikmagalur,VILLAGE,Honnavalli,Rural,167,633,308,325,51,23,28,19,10,9,2,2,0,510,265,245,123,43,80,282,208,74,271,200,71,105,101,4,96,47,49,0,0,0,70,52,18,11,8,3,2,1,1,1,0,1,0,0,0,8,7,1,11,8,3,2,1,1,1,0,1,0,0,0,8,7,1,0,0,0,0,0,0,0,0,0,0,0,0,0,0,0,351,100,251
29,570,0093,608949,0000,000000,KARNATAKA,Chikmagalur,VILLAGE,Uluvalli,Rural,222,829,398,431,84,38,46,85,40,45,13,8,5,659,330,329,170,68,102,335,262,73,327,257,70,45,43,2,31,26,5,20,16,4,231,172,59,8,5,3,2,1,1,0,0,0,0,0,0,6,4,2,6,4,2,2,1,1,0,0,0,0,0,0,4,3,1,2,1,1,0,0,0,0,0,0,0,0,0,2,1,1,494,136,358
29,570,0093,608950,0000,000000,KARNATAKA,Chikmagalur,VILLAGE,Sringeri (Rural),Rural,823,3847,1937,1910,263,131,132,480,206,274,153,76,77,3360,1729,1631,487,208,279,1157,893,264,1131,882,249,62,53,9,67,43,24,19,12,7,983,774,209,26,11,15,1,1,0,12,3,9,0,0,0,13,7,6,24,11,13,1,1,0,10,3,7,0,0,0,13,7,6,2,0,2,0,0,0,2,0,2,0,0,0,0,0,0,2690,1044,1646
29,570,0093,608951,0000,000000,KARNATAKA,Chikmagalur,VILLAGE,Masige,Rural,218,888,436,452,75,40,35,25,12,13,110,50,60,746,378,368,142,58,84,387,287,100,379,284,95,116,111,5,118,64,54,0,0,0,145,109,36,8,3,5,1,0,1,5,1,4,0,0,0,2,2,0,8,3,5,1,0,1,5,1,4,0,0,0,2,2,0,0,0,0,0,0,0,0,0,0,0,0,0,0,0,0,501,149,352
29,570,0093,608952,0000,000000,KARNATAKA,Chikmagalur,VILLAGE,Halandur,Rural,203,799,392,407,73,41,32,148,79,69,115,53,62,585,313,272,214,79,135,329,255,74,328,254,74,85,79,6,19,15,4,1,1,0,223,159,64,1,1,0,1,1,0,0,0,0,0,0,0,0,0,0,1,1,0,1,1,0,0,0,0,0,0,0,0,0,0,0,0,0,0,0,0,0,0,0,0,0,0,0,0,0,470,137,333
29,570,0093,608953,0000,000000,KARNATAKA,Chikmagalur,VILLAGE,Kikkare (Kikkre),Rural,150,614,302,312,53,25,28,53,28,25,26,8,18,465,246,219,149,56,93,215,182,33,117,113,4,75,75,0,23,23,0,11,11,0,8,4,4,98,69,29,6,6,0,91,62,29,0,0,0,1,1,0,98,69,29,6,6,0,91,62,29,0,0,0,1,1,0,0,0,0,0,0,0,0,0,0,0,0,0,0,0,0,399,120,279
29,570,0093,608954,0000,000000,KARNATAKA,Chikmagalur,VILLAGE,Menase,Rural,581,2236,1154,1082,196,103,93,297,155,142,75,42,33,1784,968,816,452,186,266,901,659,242,872,638,234,86,82,4,204,122,82,6,0,6,576,434,142,29,21,8,2,2,0,3,2,1,2,1,1,22,16,6,28,20,8,2,2,0,3,2,1,2,1,1,21,15,6,1,1,0,0,0,0,0,0,0,0,0,0,1,1,0,1335,495,840
29,570,0093,608955,0000,000000,KARNATAKA,Chikmagalur,VILLAGE,Vidyaranyapura,Rural,335,1308,638,670,93,49,44,296,152,144,0,0,0,1105,560,545,203,78,125,418,389,29,410,381,29,205,193,12,89,85,4,2,2,0,114,101,13,8,8,0,0,0,0,7,7,0,0,0,0,1,1,0,6,6,0,0,0,0,5,5,0,0,0,0,1,1,0,2,2,0,0,0,0,2,2,0,0,0,0,0,0,0,890,249,641
29,570,0093,608956,0000,000000,KARNATAKA,Chikmagalur,VILLAGE,Kochavalli,Rural,151,609,303,306,32,18,14,154,74,80,6,2,4,485,247,238,124,56,68,263,178,85,253,178,75,14,12,2,1,0,1,0,0,0,238,166,72,10,0,10,1,0,1,0,0,0,0,0,0,9,0,9,7,0,7,1,0,1,0,0,0,0,0,0,6,0,6,3,0,3,0,0,0,0,0,0,0,0,0,3,0,3,346,125,221
29,570,0093,608957,0000,000000,KARNATAKA,Chikmagalur,VILLAGE,Bettagere,Rural,183,666,320,346,38,19,19,142,68,74,0,0,0,526,264,262,140,56,84,266,210,56,252,202,50,137,125,12,67,42,25,0,0,0,48,35,13,14,8,6,4,3,1,7,4,3,0,0,0,3,1,2,12,7,5,4,3,1,5,3,2,0,0,0,3,1,2,2,1,1,0,0,0,2,1,1,0,0,0,0,0,0,400,110,290
29,570,0093,608958,0000,000000,KARNATAKA,Chikmagalur,VILLAGE,Vykuntapura,Rural,204,758,365,393,52,28,24,221,109,112,7,2,5,579,295,284,179,70,109,355,243,112,341,235,106,58,58,0,85,46,39,1,1,0,197,130,67,14,8,6,2,2,0,10,4,6,0,0,0,2,2,0,14,8,6,2,2,0,10,4,6,0,0,0,2,2,0,0,0,0,0,0,0,0,0,0,0,0,0,0,0,0,403,122,281
29,570,0093,608959,0000,000000,KARNATAKA,Chikmagalur,VILLAGE,Kunthur,Rural,218,854,443,411,69,36,33,50,26,24,1,1,0,689,381,308,165,62,103,360,275,85,358,275,83,198,177,21,81,42,39,8,8,0,71,48,23,2,0,2,0,0,0,1,0,1,0,0,0,1,0,1,2,0,2,0,0,0,1,0,1,0,0,0,1,0,1,0,0,0,0,0,0,0,0,0,0,0,0,0,0,0,494,168,326
29,570,0093,608960,0000,000000,KARNATAKA,Chikmagalur,VILLAGE,Heruru,Rural,90,339,166,173,23,12,11,48,24,24,3,1,2,272,140,132,67,26,41,151,111,40,141,111,30,54,53,1,48,27,21,4,4,0,35,27,8,10,0,10,1,0,1,4,0,4,0,0,0,5,0,5,8,0,8,1,0,1,2,0,2,0,0,0,5,0,5,2,0,2,0,0,0,2,0,2,0,0,0,0,0,0,188,55,133
29,570,0093,608961,0000,000000,KARNATAKA,Chikmagalur,VILLAGE,Gundre,Rural,32,125,63,62,11,7,4,17,10,7,40,20,20,98,48,50,27,15,12,59,47,12,58,46,12,22,18,4,33,26,7,0,0,0,3,2,1,1,1,0,1,1,0,0,0,0,0,0,0,0,0,0,1,1,0,1,1,0,0,0,0,0,0,0,0,0,0,0,0,0,0,0,0,0,0,0,0,0,0,0,0,0,66,16,50
29,570,0093,608962,0000,000000,KARNATAKA,Chikmagalur,VILLAGE,Kuthagodu,Rural,86,310,158,152,29,17,12,30,16,14,0,0,0,226,126,100,84,32,52,135,110,25,134,109,25,71,62,9,45,37,8,0,0,0,18,10,8,1,1,0,0,0,0,0,0,0,0,0,0,1,1,0,1,1,0,0,0,0,0,0,0,0,0,0,1,1,0,0,0,0,0,0,0,0,0,0,0,0,0,0,0,0,175,48,127
29,570,0093,608963,0000,000000,KARNATAKA,Chikmagalur,VILLAGE,Ginikal,Rural,126,508,262,246,45,27,18,97,47,50,64,35,29,327,176,151,181,86,95,251,176,75,250,176,74,60,59,1,145,85,60,0,0,0,45,32,13,1,0,1,0,0,0,1,0,1,0,0,0,0,0,0,1,0,1,0,0,0,1,0,1,0,0,0,0,0,0,0,0,0,0,0,0,0,0,0,0,0,0,0,0,0,257,86,171
29,570,0094,000000,0000,000000,KARNATAKA,Chikmagalur,CD BLOCK,Koppa ,Total,19965,79889,39287,40602,6863,3412,3451,17330,8527,8803,4287,2106,2181,60292,31715,28577,19597,7572,12025,38824,24892,13932,34661,22767,11894,6787,5452,1335,6707,3608,3099,574,398,176,20593,13309,7284,4163,2125,2038,342,133,209,1389,685,704,163,58,105,2269,1249,1020,3346,1731,1615,263,103,160,1273,638,635,106,40,66,1704,950,754,817,394,423,79,30,49,116,47,69,57,18,39,565,299,266,41065,14395,26670
29,570,0094,000000,0000,000000,KARNATAKA,Chikmagalur,CD BLOCK,Koppa ,Rural,19965,79889,39287,40602,6863,3412,3451,17330,8527,8803,4287,2106,2181,60292,31715,28577,19597,7572,12025,38824,24892,13932,34661,22767,11894,6787,5452,1335,6707,3608,3099,574,398,176,20593,13309,7284,4163,2125,2038,342,133,209,1389,685,704,163,58,105,2269,1249,1020,3346,1731,1615,263,103,160,1273,638,635,106,40,66,1704,950,754,817,394,423,79,30,49,116,47,69,57,18,39,565,299,266,41065,14395,26670
29,570,0094,000000,0000,000000,KARNATAKA,Chikmagalur,CD BLOCK,Koppa ,Urban,0,0,0,0,0,0,0,0,0,0,0,0,0,0,0,0,0,0,0,0,0,0,0,0,0,0,0,0,0,0,0,0,0,0,0,0,0,0,0,0,0,0,0,0,0,0,0,0,0,0,0,0,0,0,0,0,0,0,0,0,0,0,0,0,0,0,0,0,0,0,0,0,0,0,0,0,0,0,0,0,0,0,0,0,0
29,570,0094,608964,0000,000000,KARNATAKA,Chikmagalur,VILLAGE,Chavalamane,Rural,570,2206,1068,1138,174,90,84,250,124,126,12,6,6,1814,924,890,392,144,248,1202,700,502,1096,671,425,549,324,225,185,87,98,23,10,13,339,250,89,106,29,77,49,10,39,4,2,2,1,1,0,52,16,36,102,29,73,48,10,38,4,2,2,1,1,0,49,16,33,4,0,4,1,0,1,0,0,0,0,0,0,3,0,3,1004,368,636
29,570,0094,608965,0000,000000,KARNATAKA,Chikmagalur,VILLAGE,Devarahalli,Rural,16,66,36,30,4,3,1,0,0,0,0,0,0,60,32,28,6,4,2,43,22,21,43,22,21,34,17,17,0,0,0,5,1,4,4,4,0,0,0,0,0,0,0,0,0,0,0,0,0,0,0,0,0,0,0,0,0,0,0,0,0,0,0,0,0,0,0,0,0,0,0,0,0,0,0,0,0,0,0,0,0,0,23,14,9
29,570,0094,608966,0000,000000,KARNATAKA,Chikmagalur,VILLAGE,Shirakaradi,Rural,39,162,72,90,14,8,6,0,0,0,0,0,0,125,55,70,37,17,20,97,47,50,97,47,50,79,40,39,9,3,6,0,0,0,9,4,5,0,0,0,0,0,0,0,0,0,0,0,0,0,0,0,0,0,0,0,0,0,0,0,0,0,0,0,0,0,0,0,0,0,0,0,0,0,0,0,0,0,0,0,0,0,65,25,40
29,570,0094,608967,0000,000000,KARNATAKA,Chikmagalur,VILLAGE,Halmathur,Rural,290,993,482,511,62,35,27,116,65,51,0,0,0,818,416,402,175,66,109,375,312,63,348,297,51,190,185,5,100,71,29,1,1,0,57,40,17,27,15,12,5,1,4,18,11,7,0,0,0,4,3,1,6,5,1,1,0,1,2,2,0,0,0,0,3,3,0,21,10,11,4,1,3,16,9,7,0,0,0,1,0,1,618,170,448
29,570,0094,608968,0000,000000,KARNATAKA,Chikmagalur,VILLAGE,Honagaru,Rural,19,72,31,41,5,3,2,0,0,0,0,0,0,56,27,29,16,4,12,31,19,12,21,18,3,18,15,3,2,2,0,0,0,0,1,1,0,10,1,9,8,0,8,2,1,1,0,0,0,0,0,0,10,1,9,8,0,8,2,1,1,0,0,0,0,0,0,0,0,0,0,0,0,0,0,0,0,0,0,0,0,0,41,12,29
29,570,0094,608969,0000,000000,KARNATAKA,Chikmagalur,VILLAGE,Makkikoppa,Rural,79,300,149,151,19,11,8,20,13,7,0,0,0,248,131,117,52,18,34,109,95,14,106,93,13,71,68,3,20,17,3,1,1,0,14,7,7,3,2,1,1,0,1,0,0,0,0,0,0,2,2,0,3,2,1,1,0,1,0,0,0,0,0,0,2,2,0,0,0,0,0,0,0,0,0,0,0,0,0,0,0,0,191,54,137
29,570,0094,608970,0000,000000,KARNATAKA,Chikmagalur,VILLAGE,Hosur,Rural,224,873,433,440,66,40,26,49,28,21,17,7,10,700,370,330,173,63,110,312,268,44,265,245,20,218,211,7,23,20,3,2,2,0,22,12,10,47,23,24,2,2,0,45,21,24,0,0,0,0,0,0,45,22,23,2,2,0,43,20,23,0,0,0,0,0,0,2,1,1,0,0,0,2,1,1,0,0,0,0,0,0,561,165,396
29,570,0094,608971,0000,000000,KARNATAKA,Chikmagalur,VILLAGE,Bhandigadi,Rural,414,1554,758,796,137,67,70,212,101,111,4,1,3,1202,622,580,352,136,216,685,505,180,531,437,94,231,214,17,147,97,50,0,0,0,153,126,27,154,68,86,10,4,6,116,44,72,3,1,2,25,19,6,141,63,78,7,4,3,110,42,68,3,1,2,21,16,5,13,5,8,3,0,3,6,2,4,0,0,0,4,3,1,869,253,616
29,570,0094,608972,0000,000000,KARNATAKA,Chikmagalur,VILLAGE,Nilavagilu,Rural,322,1313,645,668,129,69,60,117,61,56,33,20,13,955,502,453,358,143,215,661,407,254,642,403,239,144,131,13,308,143,165,12,9,3,178,120,58,19,4,15,2,2,0,11,1,10,2,0,2,4,1,3,18,4,14,2,2,0,10,1,9,2,0,2,4,1,3,1,0,1,0,0,0,1,0,1,0,0,0,0,0,0,652,238,414
29,570,0094,608973,0000,000000,KARNATAKA,Chikmagalur,VILLAGE,Heggaru,Rural,189,658,324,334,45,26,19,33,13,20,0,0,0,527,275,252,131,49,82,331,216,115,328,215,113,176,159,17,112,28,84,6,5,1,34,23,11,3,1,2,0,0,0,0,0,0,0,0,0,3,1,2,3,1,2,0,0,0,0,0,0,0,0,0,3,1,2,0,0,0,0,0,0,0,0,0,0,0,0,0,0,0,327,108,219
29,570,0094,608974,0000,000000,KARNATAKA,Chikmagalur,VILLAGE,Heggadde,Rural,1,8,5,3,1,1,0,0,0,0,0,0,0,7,4,3,1,1,0,4,4,0,4,4,0,4,4,0,0,0,0,0,0,0,0,0,0,0,0,0,0,0,0,0,0,0,0,0,0,0,0,0,0,0,0,0,0,0,0,0,0,0,0,0,0,0,0,0,0,0,0,0,0,0,0,0,0,0,0,0,0,0,4,1,3
29,570,0094,608975,0000,000000,KARNATAKA,Chikmagalur,VILLAGE,Shankarapura,Rural,19,72,36,36,3,1,2,0,0,0,1,0,1,61,31,30,11,5,6,41,32,9,41,32,9,23,21,2,12,7,5,0,0,0,6,4,2,0,0,0,0,0,0,0,0,0,0,0,0,0,0,0,0,0,0,0,0,0,0,0,0,0,0,0,0,0,0,0,0,0,0,0,0,0,0,0,0,0,0,0,0,0,31,4,27
29,570,0094,608976,0000,000000,KARNATAKA,Chikmagalur,VILLAGE,Kodur,Rural,238,908,435,473,68,32,36,225,107,118,0,0,0,692,360,332,216,75,141,595,311,284,483,282,201,107,79,28,198,94,104,5,0,5,173,109,64,112,29,83,23,7,16,22,3,19,4,4,0,63,15,48,41,8,33,8,0,8,8,1,7,1,1,0,24,6,18,71,21,50,15,7,8,14,2,12,3,3,0,39,9,30,313,124,189
29,570,0094,608977,0000,000000,KARNATAKA,Chikmagalur,VILLAGE,Shanuvalli,Rural,46,168,83,85,14,7,7,7,4,3,0,0,0,119,62,57,49,21,28,66,62,4,56,52,4,1,1,0,7,7,0,2,2,0,46,42,4,10,10,0,0,0,0,0,0,0,2,2,0,8,8,0,10,10,0,0,0,0,0,0,0,2,2,0,8,8,0,0,0,0,0,0,0,0,0,0,0,0,0,0,0,0,102,21,81
29,570,0094,608978,0000,000000,KARNATAKA,Chikmagalur,VILLAGE,Bilagadde,Rural,273,1094,532,562,103,49,54,104,57,47,105,48,57,773,407,366,321,125,196,503,342,161,433,330,103,223,200,23,156,85,71,2,2,0,52,43,9,70,12,58,7,1,6,51,5,46,1,0,1,11,6,5,65,12,53,7,1,6,46,5,41,1,0,1,11,6,5,5,0,5,0,0,0,5,0,5,0,0,0,0,0,0,591,190,401
29,570,0094,608979,0000,000000,KARNATAKA,Chikmagalur,VILLAGE,Kuppali,Rural,44,175,86,89,8,3,5,0,0,0,0,0,0,152,81,71,23,5,18,96,51,45,58,48,10,46,39,7,4,4,0,1,1,0,7,4,3,38,3,35,1,0,1,35,2,33,0,0,0,2,1,1,38,3,35,1,0,1,35,2,33,0,0,0,2,1,1,0,0,0,0,0,0,0,0,0,0,0,0,0,0,0,79,35,44
29,570,0094,608980,0000,000000,KARNATAKA,Chikmagalur,VILLAGE,Melbilre,Rural,149,572,284,288,41,18,23,62,35,27,0,0,0,447,234,213,125,50,75,289,196,93,288,195,93,159,120,39,117,63,54,1,1,0,11,11,0,1,1,0,1,1,0,0,0,0,0,0,0,0,0,0,0,0,0,0,0,0,0,0,0,0,0,0,0,0,0,1,1,0,1,1,0,0,0,0,0,0,0,0,0,0,283,88,195
29,570,0094,608981,0000,000000,KARNATAKA,Chikmagalur,VILLAGE,Yadadanti,Rural,195,884,447,437,77,38,39,28,20,8,19,17,2,742,391,351,142,56,86,377,260,117,338,242,96,78,76,2,65,28,37,174,121,53,21,17,4,39,18,21,0,0,0,13,4,9,25,13,12,1,1,0,35,15,20,0,0,0,11,2,9,23,12,11,1,1,0,4,3,1,0,0,0,2,2,0,2,1,1,0,0,0,507,187,320
29,570,0094,608982,0000,000000,KARNATAKA,Chikmagalur,VILLAGE,Hariharapura,Rural,663,2456,1178,1278,223,102,121,484,235,249,16,8,8,1984,1001,983,472,177,295,1083,766,317,799,602,197,144,120,24,113,73,40,31,24,7,511,385,126,284,164,120,12,7,5,94,45,49,4,2,2,174,110,64,249,145,104,8,4,4,86,40,46,3,2,1,152,99,53,35,19,16,4,3,1,8,5,3,1,0,1,22,11,11,1373,412,961
29,570,0094,608983,0000,000000,KARNATAKA,Chikmagalur,VILLAGE,Kunimakki,Rural,112,432,208,224,23,10,13,152,73,79,0,0,0,348,180,168,84,28,56,211,149,62,209,149,60,62,62,0,40,16,24,8,7,1,99,64,35,2,0,2,0,0,0,0,0,0,0,0,0,2,0,2,1,0,1,0,0,0,0,0,0,0,0,0,1,0,1,1,0,1,0,0,0,0,0,0,0,0,0,1,0,1,221,59,162
29,570,0094,608984,0000,000000,KARNATAKA,Chikmagalur,VILLAGE,Asagodu,Rural,267,1007,475,532,93,43,50,233,113,120,76,36,40,742,375,367,265,100,165,402,303,99,281,222,59,128,122,6,95,59,36,9,5,4,49,36,13,121,81,40,5,4,1,85,58,27,2,1,1,29,18,11,120,81,39,5,4,1,85,58,27,1,1,0,29,18,11,1,0,1,0,0,0,0,0,0,1,0,1,0,0,0,605,172,433
29,570,0094,608985,0000,000000,KARNATAKA,Chikmagalur,VILLAGE,Thammadavalli,Rural,144,532,250,282,36,15,21,255,119,136,0,0,0,400,204,196,132,46,86,295,181,114,292,179,113,15,11,4,2,1,1,0,0,0,275,167,108,3,2,1,0,0,0,0,0,0,0,0,0,3,2,1,3,2,1,0,0,0,0,0,0,0,0,0,3,2,1,0,0,0,0,0,0,0,0,0,0,0,0,0,0,0,237,69,168
29,570,0094,608986,0000,000000,KARNATAKA,Chikmagalur,VILLAGE,Bhuyanakote,Rural,254,1018,510,508,85,38,47,394,194,200,6,2,4,803,429,374,215,81,134,618,355,263,602,349,253,18,12,6,9,5,4,0,0,0,575,332,243,16,6,10,0,0,0,0,0,0,0,0,0,16,6,10,4,2,2,0,0,0,0,0,0,0,0,0,4,2,2,12,4,8,0,0,0,0,0,0,0,0,0,12,4,8,400,155,245
29,570,0094,608987,0000,000000,KARNATAKA,Chikmagalur,VILLAGE,Belavinakodige,Rural,205,794,381,413,58,34,24,156,69,87,118,60,58,585,298,287,209,83,126,465,258,207,442,247,195,0,0,0,2,1,1,0,0,0,440,246,194,23,11,12,1,0,1,0,0,0,0,0,0,22,11,11,21,10,11,1,0,1,0,0,0,0,0,0,20,10,10,2,1,1,0,0,0,0,0,0,0,0,0,2,1,1,329,123,206
29,570,0094,608988,0000,000000,KARNATAKA,Chikmagalur,VILLAGE,Heddase,Rural,186,782,381,401,75,32,43,174,84,90,19,9,10,576,304,272,206,77,129,407,260,147,361,254,107,31,29,2,14,11,3,3,0,3,313,214,99,46,6,40,5,0,5,9,1,8,1,1,0,31,4,27,33,4,29,5,0,5,7,1,6,1,1,0,20,2,18,13,2,11,0,0,0,2,0,2,0,0,0,11,2,9,375,121,254
29,570,0094,608989,0000,000000,KARNATAKA,Chikmagalur,VILLAGE,Bomlapura,Rural,426,1764,858,906,166,83,83,422,208,214,4,2,2,1333,693,640,431,165,266,722,542,180,686,513,173,175,161,14,243,155,88,6,6,0,262,191,71,36,29,7,0,0,0,0,0,0,0,0,0,36,29,7,35,28,7,0,0,0,0,0,0,0,0,0,35,28,7,1,1,0,0,0,0,0,0,0,0,0,0,1,1,0,1042,316,726
29,570,0094,608990,0000,000000,KARNATAKA,Chikmagalur,VILLAGE,Bolapura,Rural,131,514,258,256,37,18,19,31,16,15,7,3,4,360,201,159,154,57,97,230,164,66,197,145,52,51,50,1,6,5,1,0,0,0,140,90,50,33,19,14,1,0,1,4,3,1,0,0,0,28,16,12,25,16,9,1,0,1,3,2,1,0,0,0,21,14,7,8,3,5,0,0,0,1,1,0,0,0,0,7,2,5,284,94,190
29,570,0094,608991,0000,000000,KARNATAKA,Chikmagalur,VILLAGE,Hirekodige,Rural,228,800,397,403,54,25,29,159,82,77,40,23,17,563,298,265,237,99,138,484,279,205,407,263,144,98,72,26,215,120,95,0,0,0,94,71,23,77,16,61,22,3,19,30,9,21,0,0,0,25,4,21,23,8,15,3,0,3,14,5,9,0,0,0,6,3,3,54,8,46,19,3,16,16,4,12,0,0,0,19,1,18,316,118,198
29,570,0094,608992,0000,000000,KARNATAKA,Chikmagalur,VILLAGE,Kelakuli,Rural,278,1140,545,595,81,36,45,221,109,112,1,0,1,912,466,446,228,79,149,475,358,117,292,208,84,101,77,24,116,64,52,0,0,0,75,67,8,183,150,33,5,4,1,138,110,28,0,0,0,40,36,4,171,147,24,5,4,1,127,108,19,0,0,0,39,35,4,12,3,9,0,0,0,11,2,9,0,0,0,1,1,0,665,187,478
29,570,0094,608993,0000,000000,KARNATAKA,Chikmagalur,VILLAGE,Gunavanthe,Rural,259,973,487,486,61,36,25,81,40,41,53,27,26,728,386,342,245,101,144,458,336,122,453,334,119,89,80,9,1,1,0,2,2,0,361,251,110,5,2,3,0,0,0,0,0,0,0,0,0,5,2,3,3,1,2,0,0,0,0,0,0,0,0,0,3,1,2,2,1,1,0,0,0,0,0,0,0,0,0,2,1,1,515,151,364
29,570,0094,608994,0000,000000,KARNATAKA,Chikmagalur,VILLAGE,Kumbarkoppa,Rural,204,840,383,457,83,36,47,63,29,34,31,18,13,604,308,296,236,75,161,411,257,154,408,255,153,80,68,12,241,123,118,1,1,0,86,63,23,3,2,1,0,0,0,0,0,0,0,0,0,3,2,1,3,2,1,0,0,0,0,0,0,0,0,0,3,2,1,0,0,0,0,0,0,0,0,0,0,0,0,0,0,0,429,126,303
29,570,0094,608995,0000,000000,KARNATAKA,Chikmagalur,VILLAGE,Kagga,Rural,43,178,89,89,13,4,9,4,2,2,1,1,0,147,80,67,31,9,22,104,62,42,104,62,42,15,13,2,0,0,0,0,0,0,89,49,40,0,0,0,0,0,0,0,0,0,0,0,0,0,0,0,0,0,0,0,0,0,0,0,0,0,0,0,0,0,0,0,0,0,0,0,0,0,0,0,0,0,0,0,0,0,74,27,47
29,570,0094,608996,0000,000000,KARNATAKA,Chikmagalur,VILLAGE,Addada,Rural,313,1375,714,661,125,70,55,262,119,143,36,18,18,1022,561,461,353,153,200,636,437,199,495,376,119,151,134,17,38,25,13,12,11,1,294,206,88,141,61,80,4,1,3,41,23,18,7,3,4,89,34,55,129,56,73,4,1,3,39,22,17,7,3,4,79,30,49,12,5,7,0,0,0,2,1,1,0,0,0,10,4,6,739,277,462
29,570,0094,608997,0000,000000,KARNATAKA,Chikmagalur,VILLAGE,Ammadi Estate,Rural,38,142,75,67,20,10,10,95,50,45,0,0,0,66,43,23,76,32,44,99,57,42,99,57,42,0,0,0,2,2,0,0,0,0,97,55,42,0,0,0,0,0,0,0,0,0,0,0,0,0,0,0,0,0,0,0,0,0,0,0,0,0,0,0,0,0,0,0,0,0,0,0,0,0,0,0,0,0,0,0,0,0,43,18,25
29,570,0094,608998,0000,000000,KARNATAKA,Chikmagalur,VILLAGE,Harandur,Rural,1085,4528,2222,2306,404,208,196,1011,495,516,86,44,42,3386,1772,1614,1142,450,692,1955,1250,705,1872,1229,643,80,54,26,93,49,44,24,16,8,1675,1110,565,83,21,62,1,0,1,3,0,3,6,0,6,73,21,52,71,20,51,1,0,1,3,0,3,5,0,5,62,20,42,12,1,11,0,0,0,0,0,0,1,0,1,11,1,10,2573,972,1601
29,570,0094,608999,0000,000000,KARNATAKA,Chikmagalur,VILLAGE,Kesave,Rural,212,844,399,445,70,41,29,103,51,52,0,0,0,622,316,306,222,83,139,443,277,166,432,273,159,67,54,13,5,5,0,3,3,0,357,211,146,11,4,7,1,1,0,1,0,1,0,0,0,9,3,6,11,4,7,1,1,0,1,0,1,0,0,0,9,3,6,0,0,0,0,0,0,0,0,0,0,0,0,0,0,0,401,122,279
29,570,0094,609000,0000,000000,KARNATAKA,Chikmagalur,VILLAGE,Thalamakki,Rural,442,1703,836,867,143,70,73,311,164,147,82,46,36,1322,685,637,381,151,230,832,536,296,789,511,278,67,56,11,311,170,141,15,6,9,396,279,117,43,25,18,4,4,0,30,14,16,0,0,0,9,7,2,43,25,18,4,4,0,30,14,16,0,0,0,9,7,2,0,0,0,0,0,0,0,0,0,0,0,0,0,0,0,871,300,571
29,570,0094,609001,0000,000000,KARNATAKA,Chikmagalur,VILLAGE,Talamakki Estate,Rural,67,274,140,134,27,20,7,98,41,57,14,8,6,170,91,79,104,49,55,182,100,82,181,100,81,4,3,1,3,1,2,0,0,0,174,96,78,1,0,1,0,0,0,0,0,0,0,0,0,1,0,1,1,0,1,0,0,0,0,0,0,0,0,0,1,0,1,0,0,0,0,0,0,0,0,0,0,0,0,0,0,0,92,40,52
29,570,0094,609002,0000,000000,KARNATAKA,Chikmagalur,VILLAGE,Koppa (Rural),Rural,1109,4364,2135,2229,366,195,171,445,217,228,46,22,24,3550,1793,1757,814,342,472,1912,1277,635,1546,1056,490,79,62,17,71,36,35,19,6,13,1377,952,425,366,221,145,27,16,11,56,37,19,20,13,7,263,155,108,266,150,116,14,9,5,42,26,16,9,3,6,201,112,89,100,71,29,13,7,6,14,11,3,11,10,1,62,43,19,2452,858,1594
29,570,0094,609003,0000,000000,KARNATAKA,Chikmagalur,VILLAGE,Narasipura,Rural,349,1409,676,733,147,71,76,316,142,174,72,36,36,1087,559,528,322,117,205,648,404,244,640,399,241,277,166,111,227,119,108,9,9,0,127,105,22,8,5,3,4,2,2,1,0,1,0,0,0,3,3,0,7,4,3,4,2,2,1,0,1,0,0,0,2,2,0,1,1,0,0,0,0,0,0,0,0,0,0,1,1,0,761,272,489
29,570,0094,609004,0000,000000,KARNATAKA,Chikmagalur,VILLAGE,Kunchur,Rural,146,649,334,315,61,34,27,133,72,61,0,0,0,505,277,228,144,57,87,228,187,41,191,153,38,97,75,22,38,37,1,0,0,0,56,41,15,37,34,3,0,0,0,28,25,3,0,0,0,9,9,0,28,25,3,0,0,0,26,23,3,0,0,0,2,2,0,9,9,0,0,0,0,2,2,0,0,0,0,7,7,0,421,147,274
29,570,0094,609005,0000,000000,KARNATAKA,Chikmagalur,VILLAGE,Marithotlu,Rural,182,684,337,347,56,27,29,168,80,88,23,10,13,511,262,249,173,75,98,259,203,56,132,110,22,109,91,18,7,6,1,9,7,2,7,6,1,127,93,34,6,6,0,108,81,27,3,0,3,10,6,4,125,92,33,5,5,0,108,81,27,2,0,2,10,6,4,2,1,1,1,1,0,0,0,0,1,0,1,0,0,0,425,134,291
29,570,0094,609006,0000,000000,KARNATAKA,Chikmagalur,VILLAGE,Somlapura,Rural,340,1352,655,697,121,59,62,188,92,96,153,73,80,991,518,473,361,137,224,648,421,227,506,355,151,67,55,12,53,36,17,2,1,1,384,263,121,142,66,76,8,1,7,39,12,27,1,0,1,94,53,41,142,66,76,8,1,7,39,12,27,1,0,1,94,53,41,0,0,0,0,0,0,0,0,0,0,0,0,0,0,0,704,234,470
29,570,0094,609007,0000,000000,KARNATAKA,Chikmagalur,VILLAGE,Bintravalli,Rural,721,3029,1462,1567,273,138,135,611,292,319,55,21,34,2437,1218,1219,592,244,348,1152,792,360,1107,763,344,136,111,25,41,33,8,5,5,0,925,614,311,45,29,16,3,2,1,3,2,1,0,0,0,39,25,14,43,27,16,3,2,1,3,2,1,0,0,0,37,23,14,2,2,0,0,0,0,0,0,0,0,0,0,2,2,0,1877,670,1207
29,570,0094,609008,0000,000000,KARNATAKA,Chikmagalur,VILLAGE,Nuggi,Rural,449,1693,829,864,153,78,75,255,119,136,65,31,34,1196,634,562,497,195,302,906,526,380,702,386,316,12,6,6,30,17,13,7,3,4,653,360,293,204,140,64,1,1,0,14,10,4,1,0,1,188,129,59,190,128,62,1,1,0,13,9,4,1,0,1,175,118,57,14,12,2,0,0,0,1,1,0,0,0,0,13,11,2,787,303,484
29,570,0094,609009,0000,000000,KARNATAKA,Chikmagalur,VILLAGE,Tanudi,Rural,158,604,279,325,69,28,41,188,87,101,4,1,3,377,196,181,227,83,144,329,192,137,66,59,7,38,35,3,4,4,0,0,0,0,24,20,4,263,133,130,24,11,13,204,94,110,0,0,0,35,28,7,258,130,128,24,11,13,202,94,108,0,0,0,32,25,7,5,3,2,0,0,0,2,0,2,0,0,0,3,3,0,275,87,188
29,570,0094,609010,0000,000000,KARNATAKA,Chikmagalur,VILLAGE,Herambapura,Rural,17,61,27,34,6,2,4,11,5,6,0,0,0,47,24,23,14,3,11,37,18,19,37,18,19,17,9,8,2,1,1,0,0,0,18,8,10,0,0,0,0,0,0,0,0,0,0,0,0,0,0,0,0,0,0,0,0,0,0,0,0,0,0,0,0,0,0,0,0,0,0,0,0,0,0,0,0,0,0,0,0,0,24,9,15
29,570,0094,609011,0000,000000,KARNATAKA,Chikmagalur,VILLAGE,Machikoppa,Rural,91,356,179,177,38,17,21,204,102,102,5,2,3,237,130,107,119,49,70,245,132,113,244,132,112,72,44,28,162,83,79,0,0,0,10,5,5,1,0,1,0,0,0,0,0,0,0,0,0,1,0,1,0,0,0,0,0,0,0,0,0,0,0,0,0,0,0,1,0,1,0,0,0,0,0,0,0,0,0,1,0,1,111,47,64
29,570,0094,609012,0000,000000,KARNATAKA,Chikmagalur,VILLAGE,Udana,Rural,9,34,14,20,3,3,0,0,0,0,0,0,0,25,10,15,9,4,5,18,9,9,18,9,9,16,8,8,2,1,1,0,0,0,0,0,0,0,0,0,0,0,0,0,0,0,0,0,0,0,0,0,0,0,0,0,0,0,0,0,0,0,0,0,0,0,0,0,0,0,0,0,0,0,0,0,0,0,0,0,0,0,16,5,11
29,570,0094,609013,0000,000000,KARNATAKA,Chikmagalur,VILLAGE,Belagola,Rural,171,707,347,360,57,28,29,257,124,133,0,0,0,526,286,240,181,61,120,310,236,74,280,210,70,23,19,4,0,0,0,0,0,0,257,191,66,30,26,4,1,1,0,1,1,0,0,0,0,28,24,4,30,26,4,1,1,0,1,1,0,0,0,0,28,24,4,0,0,0,0,0,0,0,0,0,0,0,0,0,0,0,397,111,286
29,570,0094,609014,0000,000000,KARNATAKA,Chikmagalur,VILLAGE,Thuluvinakoppa,Rural,116,477,238,239,51,24,27,156,79,77,5,2,3,362,203,159,115,35,80,245,144,101,227,138,89,72,47,25,78,31,47,1,0,1,76,60,16,18,6,12,4,3,1,8,1,7,0,0,0,6,2,4,17,6,11,4,3,1,7,1,6,0,0,0,6,2,4,1,0,1,0,0,0,1,0,1,0,0,0,0,0,0,232,94,138
29,570,0094,609015,0000,000000,KARNATAKA,Chikmagalur,VILLAGE,Belawadi,Rural,38,154,67,87,14,3,11,5,2,3,0,0,0,132,63,69,22,4,18,97,49,48,96,49,47,72,37,35,9,3,6,0,0,0,15,9,6,1,0,1,1,0,1,0,0,0,0,0,0,0,0,0,1,0,1,1,0,1,0,0,0,0,0,0,0,0,0,0,0,0,0,0,0,0,0,0,0,0,0,0,0,0,57,18,39
29,570,0094,609016,0000,000000,KARNATAKA,Chikmagalur,VILLAGE,Karimane,Rural,158,629,305,324,55,28,27,271,137,134,0,0,0,477,232,245,152,73,79,377,199,178,376,199,177,106,55,51,11,4,7,0,0,0,259,140,119,1,0,1,0,0,0,0,0,0,0,0,0,1,0,1,1,0,1,0,0,0,0,0,0,0,0,0,1,0,1,0,0,0,0,0,0,0,0,0,0,0,0,0,0,0,252,106,146
29,570,0094,609017,0000,000000,KARNATAKA,Chikmagalur,VILLAGE,Kalasapura,Rural,16,46,22,24,1,0,1,27,13,14,0,0,0,31,16,15,15,6,9,35,18,17,35,18,17,3,3,0,0,0,0,0,0,0,32,15,17,0,0,0,0,0,0,0,0,0,0,0,0,0,0,0,0,0,0,0,0,0,0,0,0,0,0,0,0,0,0,0,0,0,0,0,0,0,0,0,0,0,0,0,0,0,11,4,7
29,570,0094,609018,0000,000000,KARNATAKA,Chikmagalur,VILLAGE,Dayamballi,Rural,171,672,334,338,46,29,17,128,64,64,71,39,32,497,263,234,175,71,104,399,234,165,338,211,127,105,78,27,149,80,69,9,7,2,75,46,29,61,23,38,5,1,4,8,5,3,2,0,2,46,17,29,42,20,22,4,1,3,8,5,3,2,0,2,28,14,14,19,3,16,1,0,1,0,0,0,0,0,0,18,3,15,273,100,173
29,570,0094,609019,0000,000000,KARNATAKA,Chikmagalur,VILLAGE,Lokanathapura,Rural,236,945,468,477,76,32,44,335,173,162,54,23,31,701,380,321,244,88,156,451,302,149,439,296,143,43,34,9,160,97,63,3,0,3,233,165,68,12,6,6,2,1,1,4,2,2,0,0,0,6,3,3,8,4,4,0,0,0,3,1,2,0,0,0,5,3,2,4,2,2,2,1,1,1,1,0,0,0,0,1,0,1,494,166,328
29,570,0094,609020,0000,000000,KARNATAKA,Chikmagalur,VILLAGE,Hosuru,Rural,351,1416,694,722,129,55,74,434,201,233,69,33,36,942,523,419,474,171,303,822,451,371,448,244,204,65,57,8,34,19,15,3,1,2,346,167,179,374,207,167,10,5,5,4,3,1,36,3,33,324,196,128,79,43,36,4,2,2,3,2,1,5,2,3,67,37,30,295,164,131,6,3,3,1,1,0,31,1,30,257,159,98,594,243,351
29,570,0094,609021,0000,000000,KARNATAKA,Chikmagalur,VILLAGE,Heggaru,Rural,208,915,468,447,82,42,40,254,130,124,99,55,44,721,388,333,194,80,114,377,309,68,338,279,59,22,19,3,21,17,4,3,3,0,292,240,52,39,30,9,5,4,1,1,0,1,0,0,0,33,26,7,32,25,7,5,4,1,1,0,1,0,0,0,26,21,5,7,5,2,0,0,0,0,0,0,0,0,0,7,5,2,538,159,379
29,570,0094,609022,0000,000000,KARNATAKA,Chikmagalur,VILLAGE,Agalagandi,Rural,234,918,460,458,64,40,24,228,115,113,88,44,44,705,385,320,213,75,138,479,317,162,438,296,142,40,36,4,50,21,29,6,5,1,342,234,108,41,21,20,3,2,1,1,0,1,4,0,4,33,19,14,33,16,17,2,1,1,1,0,1,4,0,4,26,15,11,8,5,3,1,1,0,0,0,0,0,0,0,7,4,3,439,143,296
29,570,0094,609023,0000,000000,KARNATAKA,Chikmagalur,VILLAGE,Kulur,Rural,455,1874,925,949,176,83,93,376,186,190,140,63,77,1349,729,620,525,196,329,943,619,324,878,587,291,118,100,18,273,153,120,5,5,0,482,329,153,65,32,33,7,4,3,18,6,12,1,0,1,39,22,17,49,23,26,6,4,2,16,6,10,1,0,1,26,13,13,16,9,7,1,0,1,2,0,2,0,0,0,13,9,4,931,306,625
29,570,0094,609024,0000,000000,KARNATAKA,Chikmagalur,VILLAGE,Jayapura,Rural,917,3454,1687,1767,295,133,162,798,392,406,135,68,67,2576,1363,1213,878,324,554,1651,1094,557,1619,1081,538,143,108,35,89,50,39,56,49,7,1331,874,457,32,13,19,6,1,5,2,1,1,2,1,1,22,10,12,28,13,15,6,1,5,2,1,1,2,1,1,18,10,8,4,0,4,0,0,0,0,0,0,0,0,0,4,0,4,1803,593,1210
29,570,0094,609025,0000,000000,KARNATAKA,Chikmagalur,VILLAGE,Hiregadde,Rural,291,1098,550,548,89,50,39,474,249,225,25,10,15,751,421,330,347,129,218,604,350,254,598,347,251,25,14,11,7,6,1,1,0,1,565,327,238,6,3,3,1,0,1,0,0,0,0,0,0,5,3,2,6,3,3,1,0,1,0,0,0,0,0,0,5,3,2,0,0,0,0,0,0,0,0,0,0,0,0,0,0,0,494,200,294
29,570,0094,609026,0000,000000,KARNATAKA,Chikmagalur,VILLAGE,Adigebylu,Rural,509,1943,963,980,157,73,84,399,188,211,148,64,84,1508,814,694,435,149,286,988,606,382,949,583,366,206,155,51,23,13,10,9,9,0,711,406,305,39,23,16,4,2,2,4,2,2,0,0,0,31,19,12,39,23,16,4,2,2,4,2,2,0,0,0,31,19,12,0,0,0,0,0,0,0,0,0,0,0,0,0,0,0,955,357,598
29,570,0094,609027,0000,000000,KARNATAKA,Chikmagalur,VILLAGE,Yelemadalu,Rural,527,2117,1068,1049,214,109,105,767,388,379,37,20,17,1560,850,710,557,218,339,1088,653,435,1002,603,399,62,50,12,225,121,104,10,9,1,705,423,282,86,50,36,2,1,1,42,22,20,1,1,0,41,26,15,85,49,36,2,1,1,42,22,20,1,1,0,40,25,15,1,1,0,0,0,0,0,0,0,0,0,0,1,1,0,1029,415,614
29,570,0094,609028,0000,000000,KARNATAKA,Chikmagalur,VILLAGE,Murugadde,Rural,178,702,349,353,54,22,32,334,159,175,31,14,17,528,289,239,174,60,114,472,244,228,442,229,213,13,8,5,0,0,0,0,0,0,429,221,208,30,15,15,4,2,2,0,0,0,0,0,0,26,13,13,30,15,15,4,2,2,0,0,0,0,0,0,26,13,13,0,0,0,0,0,0,0,0,0,0,0,0,0,0,0,230,105,125
29,570,0094,609029,0000,000000,KARNATAKA,Chikmagalur,VILLAGE,Vate Bachalakan,Rural,61,225,108,117,20,13,7,122,59,63,33,14,19,162,84,78,63,24,39,133,70,63,132,69,63,1,1,0,113,55,58,0,0,0,18,13,5,1,1,0,0,0,0,0,0,0,0,0,0,1,1,0,1,1,0,0,0,0,0,0,0,0,0,0,1,1,0,0,0,0,0,0,0,0,0,0,0,0,0,0,0,0,92,38,54
29,570,0094,609030,0000,000000,KARNATAKA,Chikmagalur,VILLAGE,Guddethota,Rural,262,1053,516,537,109,55,54,298,129,169,127,63,64,681,373,308,372,143,229,649,333,316,647,332,315,22,21,1,487,226,261,0,0,0,138,85,53,2,1,1,1,0,1,1,1,0,0,0,0,0,0,0,1,1,0,0,0,0,1,1,0,0,0,0,0,0,0,1,0,1,1,0,1,0,0,0,0,0,0,0,0,0,404,183,221
29,570,0094,609031,0000,000000,KARNATAKA,Chikmagalur,VILLAGE,Huligaradi,Rural,111,486,251,235,30,20,10,0,0,0,129,69,60,411,222,189,75,29,46,217,164,53,208,160,48,71,68,3,88,53,35,6,6,0,43,33,10,9,4,5,3,1,2,2,2,0,0,0,0,4,1,3,9,4,5,3,1,2,2,2,0,0,0,0,4,1,3,0,0,0,0,0,0,0,0,0,0,0,0,0,0,0,269,87,182
29,570,0094,609032,0000,000000,KARNATAKA,Chikmagalur,VILLAGE,Byredevaru ,Rural,439,1617,784,833,145,83,62,338,167,171,163,78,85,1068,557,511,549,227,322,844,509,335,776,492,284,106,94,12,136,70,66,11,9,2,523,319,204,68,17,51,8,3,5,6,2,4,9,1,8,45,11,34,49,9,40,8,3,5,5,2,3,5,0,5,31,4,27,19,8,11,0,0,0,1,0,1,4,1,3,14,7,7,773,275,498
29,570,0094,609033,0000,000000,KARNATAKA,Chikmagalur,VILLAGE,Haralane,Rural,139,573,273,300,51,22,29,26,12,14,215,101,114,412,211,201,161,62,99,234,167,67,225,161,64,74,67,7,21,14,7,0,0,0,130,80,50,9,6,3,4,1,3,2,2,0,0,0,0,3,3,0,3,3,0,1,1,0,0,0,0,0,0,0,2,2,0,6,3,3,3,0,3,2,2,0,0,0,0,1,1,0,339,106,233
29,570,0094,609034,0000,000000,KARNATAKA,Chikmagalur,VILLAGE,Megur,Rural,120,531,276,255,36,22,14,1,1,0,351,178,173,400,218,182,131,58,73,267,172,95,252,169,83,98,88,10,123,67,56,0,0,0,31,14,17,15,3,12,0,0,0,6,0,6,0,0,0,9,3,6,14,3,11,0,0,0,6,0,6,0,0,0,8,3,5,1,0,1,0,0,0,0,0,0,0,0,0,1,0,1,264,104,160
29,570,0094,609035,0000,000000,KARNATAKA,Chikmagalur,VILLAGE,Kallugudde,Rural,249,1001,494,507,106,48,58,219,107,112,333,162,171,708,388,320,293,106,187,543,328,215,518,320,198,140,118,22,334,175,159,3,3,0,41,24,17,25,8,17,4,2,2,18,6,12,0,0,0,3,0,3,21,7,14,3,1,2,15,6,9,0,0,0,3,0,3,4,1,3,1,1,0,3,0,3,0,0,0,0,0,0,458,166,292
29,570,0094,609036,0000,000000,KARNATAKA,Chikmagalur,VILLAGE,Bethadakolalu,Rural,230,982,493,489,80,34,46,489,239,250,135,67,68,649,356,293,333,137,196,515,334,181,508,331,177,131,114,17,40,12,28,3,2,1,334,203,131,7,3,4,0,0,0,0,0,0,0,0,0,7,3,4,6,3,3,0,0,0,0,0,0,0,0,0,6,3,3,1,0,1,0,0,0,0,0,0,0,0,0,1,0,1,467,159,308
29,570,0094,609037,0000,000000,KARNATAKA,Chikmagalur,VILLAGE,Herthanakudige,Rural,9,41,23,18,1,1,0,0,0,0,0,0,0,39,22,17,2,1,1,18,16,2,18,16,2,9,9,0,1,0,1,0,0,0,8,7,1,0,0,0,0,0,0,0,0,0,0,0,0,0,0,0,0,0,0,0,0,0,0,0,0,0,0,0,0,0,0,0,0,0,0,0,0,0,0,0,0,0,0,0,0,0,23,7,16
29,570,0094,609038,0000,000000,KARNATAKA,Chikmagalur,VILLAGE,Herur,Rural,461,2022,1010,1012,172,86,86,800,414,386,129,56,73,1512,810,702,510,200,310,1015,621,394,986,620,366,145,134,11,171,83,88,2,2,0,668,401,267,29,1,28,1,1,0,28,0,28,0,0,0,0,0,0,29,1,28,1,1,0,28,0,28,0,0,0,0,0,0,0,0,0,0,0,0,0,0,0,0,0,0,0,0,0,1007,389,618
29,570,0094,609039,0000,000000,KARNATAKA,Chikmagalur,VILLAGE,Hillikere,Rural,12,49,25,24,3,1,2,0,0,0,0,0,0,41,23,18,8,2,6,21,16,5,19,15,4,2,2,0,0,0,0,1,1,0,16,12,4,2,1,1,0,0,0,1,0,1,0,0,0,1,1,0,2,1,1,0,0,0,1,0,1,0,0,0,1,1,0,0,0,0,0,0,0,0,0,0,0,0,0,0,0,0,28,9,19
29,570,0094,609040,0000,000000,KARNATAKA,Chikmagalur,VILLAGE,Attikudige,Rural,280,1108,530,578,106,46,60,289,134,155,281,141,140,795,404,391,313,126,187,688,379,309,555,325,230,27,12,15,31,15,16,29,12,17,468,286,182,133,54,79,7,3,4,22,8,14,22,8,14,82,35,47,133,54,79,7,3,4,22,8,14,22,8,14,82,35,47,0,0,0,0,0,0,0,0,0,0,0,0,0,0,0,420,151,269
29,570,0094,609041,0000,000000,KARNATAKA,Chikmagalur,VILLAGE,Honnagundi,Rural,288,1350,701,649,97,48,49,346,171,175,147,74,73,1042,583,459,308,118,190,642,396,246,638,395,243,60,44,16,4,2,2,2,2,0,572,347,225,4,1,3,1,0,1,0,0,0,1,1,0,2,0,2,2,0,2,1,0,1,0,0,0,0,0,0,1,0,1,2,1,1,0,0,0,0,0,0,1,1,0,1,0,1,708,305,403
29,570,0094,609042,0000,000000,KARNATAKA,Chikmagalur,VILLAGE,Sthirur,Rural,105,440,231,209,50,25,25,192,99,93,28,12,16,272,162,110,168,69,99,241,164,77,238,162,76,19,17,2,50,29,21,0,0,0,169,116,53,3,2,1,0,0,0,0,0,0,0,0,0,3,2,1,2,2,0,0,0,0,0,0,0,0,0,0,2,2,0,1,0,1,0,0,0,0,0,0,0,0,0,1,0,1,199,67,132
29,570,0094,609043,0000,000000,KARNATAKA,Chikmagalur,VILLAGE,Devagodu,Rural,368,1935,1008,927,157,73,84,516,266,250,110,56,54,1600,861,739,335,147,188,748,461,287,670,429,241,117,99,18,328,177,151,11,5,6,214,148,66,78,32,46,15,4,11,5,3,2,2,2,0,56,23,33,72,28,44,13,3,10,5,3,2,1,1,0,53,21,32,6,4,2,2,1,1,0,0,0,1,1,0,3,2,1,1187,547,640
29,570,0095,000000,0000,000000,KARNATAKA,Chikmagalur,CD BLOCK,Narasimharajapura ,Total,14827,58632,28712,29920,5717,2935,2782,10192,4963,5229,1825,888,937,43529,22493,21036,15103,6219,8884,29160,18508,10652,26928,17662,9266,7163,5356,1807,8958,4994,3964,192,130,62,10615,7182,3433,2232,846,1386,409,147,262,1218,411,807,48,16,32,557,272,285,1929,760,1169,339,130,209,1056,377,679,44,14,30,490,239,251,303,86,217,70,17,53,162,34,128,4,2,2,67,33,34,29472,10204,19268
29,570,0095,000000,0000,000000,KARNATAKA,Chikmagalur,CD BLOCK,Narasimharajapura ,Rural,14827,58632,28712,29920,5717,2935,2782,10192,4963,5229,1825,888,937,43529,22493,21036,15103,6219,8884,29160,18508,10652,26928,17662,9266,7163,5356,1807,8958,4994,3964,192,130,62,10615,7182,3433,2232,846,1386,409,147,262,1218,411,807,48,16,32,557,272,285,1929,760,1169,339,130,209,1056,377,679,44,14,30,490,239,251,303,86,217,70,17,53,162,34,128,4,2,2,67,33,34,29472,10204,19268
29,570,0095,000000,0000,000000,KARNATAKA,Chikmagalur,CD BLOCK,Narasimharajapura ,Urban,0,0,0,0,0,0,0,0,0,0,0,0,0,0,0,0,0,0,0,0,0,0,0,0,0,0,0,0,0,0,0,0,0,0,0,0,0,0,0,0,0,0,0,0,0,0,0,0,0,0,0,0,0,0,0,0,0,0,0,0,0,0,0,0,0,0,0,0,0,0,0,0,0,0,0,0,0,0,0,0,0,0,0,0,0
29,570,0095,609044,0000,000000,KARNATAKA,Chikmagalur,VILLAGE,Kanive,Rural,114,440,217,223,46,21,25,14,6,8,4,1,3,322,172,150,118,45,73,185,138,47,179,133,46,40,37,3,55,45,10,1,0,1,83,51,32,6,5,1,0,0,0,0,0,0,0,0,0,6,5,1,6,5,1,0,0,0,0,0,0,0,0,0,6,5,1,0,0,0,0,0,0,0,0,0,0,0,0,0,0,0,255,79,176
29,570,0095,609045,0000,000000,KARNATAKA,Chikmagalur,VILLAGE,Konakere,Rural,127,502,246,256,37,16,21,69,33,36,12,4,8,391,204,187,111,42,69,300,164,136,276,157,119,140,81,59,82,42,40,19,14,5,35,20,15,24,7,17,6,1,5,12,4,8,2,1,1,4,1,3,18,5,13,4,0,4,9,4,5,1,0,1,4,1,3,6,2,4,2,1,1,3,0,3,1,1,0,0,0,0,202,82,120
29,570,0095,609046,0000,000000,KARNATAKA,Chikmagalur,VILLAGE,Muthinakoppa,Rural,614,2382,1187,1195,275,146,129,166,88,78,34,19,15,1920,992,928,462,195,267,1205,735,470,1176,719,457,510,299,211,398,222,176,3,1,2,265,197,68,29,16,13,5,3,2,10,6,4,4,1,3,10,6,4,25,13,12,4,2,2,7,4,3,4,1,3,10,6,4,4,3,1,1,1,0,3,2,1,0,0,0,0,0,0,1177,452,725
29,570,0095,609047,0000,000000,KARNATAKA,Chikmagalur,VILLAGE,K.Kanabur,Rural,218,828,403,425,67,29,38,291,142,149,0,0,0,628,326,302,200,77,123,501,278,223,308,235,73,152,129,23,110,72,38,3,3,0,43,31,12,193,43,150,117,21,96,68,18,50,1,1,0,7,3,4,158,38,120,93,18,75,57,16,41,1,1,0,7,3,4,35,5,30,24,3,21,11,2,9,0,0,0,0,0,0,327,125,202
29,570,0095,609048,0000,000000,KARNATAKA,Chikmagalur,VILLAGE,Byrapura,Rural,187,772,380,392,112,58,54,335,156,179,4,2,2,416,218,198,356,162,194,451,239,212,416,230,186,146,88,58,199,98,101,0,0,0,71,44,27,35,9,26,13,5,8,12,2,10,0,0,0,10,2,8,30,9,21,12,5,7,11,2,9,0,0,0,7,2,5,5,0,5,1,0,1,1,0,1,0,0,0,3,0,3,321,141,180
29,570,0095,609049,0000,000000,KARNATAKA,Chikmagalur,VILLAGE,Kusabur,Rural,190,719,343,376,70,36,34,75,38,37,26,15,11,450,231,219,269,112,157,368,225,143,177,138,39,132,117,15,22,9,13,1,1,0,22,11,11,191,87,104,46,17,29,134,62,72,2,0,2,9,8,1,138,70,68,23,12,11,107,53,54,2,0,2,6,5,1,53,17,36,23,5,18,27,9,18,0,0,0,3,3,0,351,118,233
29,570,0095,609050,0000,000000,KARNATAKA,Chikmagalur,VILLAGE,Madaboor,Rural,320,1184,561,623,99,47,52,35,20,15,0,0,0,803,414,389,381,147,234,599,349,250,595,346,249,148,114,34,392,194,198,3,2,1,52,36,16,4,3,1,1,1,0,2,1,1,0,0,0,1,1,0,4,3,1,1,1,0,2,1,1,0,0,0,1,1,0,0,0,0,0,0,0,0,0,0,0,0,0,0,0,0,585,212,373
29,570,0095,609051,0000,000000,KARNATAKA,Chikmagalur,VILLAGE,Kadahinabylu,Rural,462,1744,850,894,179,104,75,123,58,65,27,11,16,1342,671,671,402,179,223,951,534,417,926,531,395,359,196,163,371,192,179,6,4,2,190,139,51,25,3,22,1,1,0,3,0,3,15,0,15,6,2,4,23,2,21,1,1,0,3,0,3,15,0,15,4,1,3,2,1,1,0,0,0,0,0,0,0,0,0,2,1,1,793,316,477
29,570,0095,609052,0000,000000,KARNATAKA,Chikmagalur,VILLAGE,Aramballi,Rural,26,91,48,43,2,1,1,0,0,0,0,0,0,62,35,27,29,13,16,49,30,19,8,8,0,5,5,0,1,1,0,0,0,0,2,2,0,41,22,19,0,0,0,41,22,19,0,0,0,0,0,0,41,22,19,0,0,0,41,22,19,0,0,0,0,0,0,0,0,0,0,0,0,0,0,0,0,0,0,0,0,0,42,18,24
29,570,0095,609053,0000,000000,KARNATAKA,Chikmagalur,VILLAGE,Vittala,Rural,149,563,278,285,52,26,26,56,29,27,6,3,3,389,207,182,174,71,103,352,182,170,342,181,161,67,52,15,261,124,137,8,4,4,6,1,5,10,1,9,0,0,0,8,0,8,0,0,0,2,1,1,10,1,9,0,0,0,8,0,8,0,0,0,2,1,1,0,0,0,0,0,0,0,0,0,0,0,0,0,0,0,211,96,115
29,570,0095,609054,0000,000000,KARNATAKA,Chikmagalur,VILLAGE,Haledanivasa,Rural,18,76,34,42,8,2,6,0,0,0,0,0,0,53,29,24,23,5,18,51,27,24,47,27,20,11,10,1,36,17,19,0,0,0,0,0,0,4,0,4,1,0,1,3,0,3,0,0,0,0,0,0,4,0,4,1,0,1,3,0,3,0,0,0,0,0,0,0,0,0,0,0,0,0,0,0,0,0,0,0,0,0,25,7,18
29,570,0095,609055,0000,000000,KARNATAKA,Chikmagalur,VILLAGE,Lingapura,Rural,220,901,436,465,81,43,38,144,70,74,49,26,23,648,319,329,253,117,136,357,256,101,284,209,75,43,40,3,198,136,62,2,1,1,41,32,9,73,47,26,4,1,3,63,43,20,0,0,0,6,3,3,73,47,26,4,1,3,63,43,20,0,0,0,6,3,3,0,0,0,0,0,0,0,0,0,0,0,0,0,0,0,544,180,364
29,570,0095,609056,0000,000000,KARNATAKA,Chikmagalur,VILLAGE,Soosalavani,Rural,110,418,214,204,39,20,19,9,5,4,0,0,0,302,163,139,116,51,65,189,135,54,100,81,19,52,50,2,39,26,13,0,0,0,9,5,4,89,54,35,2,2,0,81,48,33,0,0,0,6,4,2,89,54,35,2,2,0,81,48,33,0,0,0,6,4,2,0,0,0,0,0,0,0,0,0,0,0,0,0,0,0,229,79,150
29,570,0095,609057,0000,000000,KARNATAKA,Chikmagalur,VILLAGE,Balekoppa,Rural,90,346,171,175,29,16,13,4,3,1,3,1,2,259,135,124,87,36,51,143,114,29,140,113,27,73,72,1,58,35,23,1,1,0,8,5,3,3,1,2,0,0,0,3,1,2,0,0,0,0,0,0,3,1,2,0,0,0,3,1,2,0,0,0,0,0,0,0,0,0,0,0,0,0,0,0,0,0,0,0,0,0,203,57,146
29,570,0095,609058,0000,000000,KARNATAKA,Chikmagalur,VILLAGE,Nerlukoppa,Rural,86,342,176,166,37,22,15,29,16,13,0,0,0,240,124,116,102,52,50,207,123,84,207,123,84,51,47,4,148,70,78,0,0,0,8,6,2,0,0,0,0,0,0,0,0,0,0,0,0,0,0,0,0,0,0,0,0,0,0,0,0,0,0,0,0,0,0,0,0,0,0,0,0,0,0,0,0,0,0,0,0,0,135,53,82
29,570,0095,609059,0000,000000,KARNATAKA,Chikmagalur,VILLAGE,Badagabylu,Rural,261,969,476,493,113,55,58,11,6,5,14,7,7,711,378,333,258,98,160,498,310,188,452,308,144,198,154,44,224,135,89,0,0,0,30,19,11,46,2,44,0,0,0,39,2,37,0,0,0,7,0,7,46,2,44,0,0,0,39,2,37,0,0,0,7,0,7,0,0,0,0,0,0,0,0,0,0,0,0,0,0,0,471,166,305
29,570,0095,609060,0000,000000,KARNATAKA,Chikmagalur,VILLAGE,Shimse,Rural,252,894,447,447,71,37,34,164,78,86,16,8,8,663,357,306,231,90,141,457,307,150,454,306,148,124,112,12,276,159,117,2,2,0,52,33,19,3,1,2,0,0,0,1,0,1,0,0,0,2,1,1,3,1,2,0,0,0,1,0,1,0,0,0,2,1,1,0,0,0,0,0,0,0,0,0,0,0,0,0,0,0,437,140,297
29,570,0095,609061,0000,000000,KARNATAKA,Chikmagalur,VILLAGE,Mensur,Rural,179,897,391,506,76,35,41,148,53,95,44,19,25,749,327,422,148,64,84,289,213,76,218,168,50,51,50,1,12,10,2,6,4,2,149,104,45,71,45,26,0,0,0,58,36,22,8,5,3,5,4,1,71,45,26,0,0,0,58,36,22,8,5,3,5,4,1,0,0,0,0,0,0,0,0,0,0,0,0,0,0,0,608,178,430
29,570,0095,609062,0000,000000,KARNATAKA,Chikmagalur,VILLAGE,Hiluvalli,Rural,357,1505,755,750,156,72,84,201,102,99,39,21,18,1099,599,500,406,156,250,678,491,187,664,487,177,57,50,7,327,204,123,4,3,1,276,230,46,14,4,10,2,0,2,3,2,1,0,0,0,9,2,7,7,3,4,2,0,2,2,1,1,0,0,0,3,2,1,7,1,6,0,0,0,1,1,0,0,0,0,6,0,6,827,264,563
29,570,0095,609063,0000,000000,KARNATAKA,Chikmagalur,VILLAGE,Ravoor,Rural,134,605,306,299,82,55,27,382,185,197,0,0,0,424,224,200,181,82,99,249,166,83,233,153,80,23,17,6,11,3,8,1,0,1,198,133,65,16,13,3,1,0,1,0,0,0,0,0,0,15,13,2,13,12,1,1,0,1,0,0,0,0,0,0,12,12,0,3,1,2,0,0,0,0,0,0,0,0,0,3,1,2,356,140,216
29,570,0095,609064,0000,000000,KARNATAKA,Chikmagalur,VILLAGE,Nagalapura,Rural,594,2248,1083,1165,253,128,125,294,141,153,23,11,12,1567,786,781,681,297,384,1050,682,368,911,649,262,152,138,14,445,275,170,13,7,6,301,229,72,139,33,106,26,7,19,78,13,65,2,0,2,33,13,20,128,32,96,20,7,13,74,12,62,2,0,2,32,13,19,11,1,10,6,0,6,4,1,3,0,0,0,1,0,1,1198,401,797
29,570,0095,609065,0000,000000,KARNATAKA,Chikmagalur,VILLAGE,Shiragalale,Rural,153,654,321,333,69,40,29,52,25,27,3,2,1,494,245,249,160,76,84,217,181,36,171,144,27,52,49,3,90,78,12,3,1,2,26,16,10,46,37,9,36,32,4,7,5,2,0,0,0,3,0,3,46,37,9,36,32,4,7,5,2,0,0,0,3,0,3,0,0,0,0,0,0,0,0,0,0,0,0,0,0,0,437,140,297
29,570,0095,609066,0000,000000,KARNATAKA,Chikmagalur,VILLAGE,Honnekudige,Rural,90,313,162,151,27,16,11,4,2,2,0,0,0,255,134,121,58,28,30,223,116,107,222,115,107,142,77,65,60,30,30,0,0,0,20,8,12,1,1,0,1,1,0,0,0,0,0,0,0,0,0,0,1,1,0,1,1,0,0,0,0,0,0,0,0,0,0,0,0,0,0,0,0,0,0,0,0,0,0,0,0,0,90,46,44
29,570,0095,609067,0000,000000,KARNATAKA,Chikmagalur,VILLAGE,Handur,Rural,49,175,81,94,10,3,7,83,41,42,0,0,0,130,67,63,45,14,31,111,55,56,111,55,56,42,21,21,64,32,32,0,0,0,5,2,3,0,0,0,0,0,0,0,0,0,0,0,0,0,0,0,0,0,0,0,0,0,0,0,0,0,0,0,0,0,0,0,0,0,0,0,0,0,0,0,0,0,0,0,0,0,64,26,38
29,570,0095,609068,0000,000000,KARNATAKA,Chikmagalur,VILLAGE,Bilalkoppa,Rural,44,145,67,78,16,5,11,21,11,10,0,0,0,102,52,50,43,15,28,98,54,44,98,54,44,71,42,29,24,11,13,0,0,0,3,1,2,0,0,0,0,0,0,0,0,0,0,0,0,0,0,0,0,0,0,0,0,0,0,0,0,0,0,0,0,0,0,0,0,0,0,0,0,0,0,0,0,0,0,0,0,0,47,13,34
29,570,0095,609069,0000,000000,KARNATAKA,Chikmagalur,VILLAGE,Salur,Rural,79,281,144,137,30,14,16,7,5,2,0,0,0,201,114,87,80,30,50,169,95,74,164,91,73,87,44,43,28,16,12,0,0,0,49,31,18,5,4,1,1,0,1,1,1,0,0,0,0,3,3,0,4,3,1,1,0,1,1,1,0,0,0,0,2,2,0,1,1,0,0,0,0,0,0,0,0,0,0,1,1,0,112,49,63
29,570,0095,609070,0000,000000,KARNATAKA,Chikmagalur,VILLAGE,Nandigave,Rural,63,198,101,97,28,13,15,14,8,6,148,74,74,104,64,40,94,37,57,140,71,69,134,70,64,5,3,2,6,3,3,0,0,0,123,64,59,6,1,5,0,0,0,2,0,2,0,0,0,4,1,3,6,1,5,0,0,0,2,0,2,0,0,0,4,1,3,0,0,0,0,0,0,0,0,0,0,0,0,0,0,0,58,30,28
29,570,0095,609071,0000,000000,KARNATAKA,Chikmagalur,VILLAGE,Dandubittahara,Rural,91,243,121,122,30,19,11,122,57,65,3,2,1,165,89,76,78,32,46,194,97,97,180,89,91,2,0,2,0,0,0,0,0,0,178,89,89,14,8,6,0,0,0,0,0,0,0,0,0,14,8,6,14,8,6,0,0,0,0,0,0,0,0,0,14,8,6,0,0,0,0,0,0,0,0,0,0,0,0,0,0,0,49,24,25
29,570,0095,609072,0000,000000,KARNATAKA,Chikmagalur,VILLAGE,Varkate,Rural,207,765,370,395,82,43,39,7,4,3,4,1,3,587,296,291,178,74,104,317,245,72,285,230,55,151,145,6,110,68,42,3,3,0,21,14,7,32,15,17,3,3,0,23,7,16,0,0,0,6,5,1,25,13,12,3,3,0,17,6,11,0,0,0,5,4,1,7,2,5,0,0,0,6,1,5,0,0,0,1,1,0,448,125,323
29,570,0095,609073,0000,000000,KARNATAKA,Chikmagalur,VILLAGE,Sarya,Rural,94,306,161,145,22,9,13,4,1,3,7,6,1,243,140,103,63,21,42,225,122,103,225,122,103,210,114,96,10,5,5,1,0,1,4,3,1,0,0,0,0,0,0,0,0,0,0,0,0,0,0,0,0,0,0,0,0,0,0,0,0,0,0,0,0,0,0,0,0,0,0,0,0,0,0,0,0,0,0,0,0,0,81,39,42
29,570,0095,609074,0000,000000,KARNATAKA,Chikmagalur,VILLAGE,Hebbe,Rural,0,0,0,0,0,0,0,0,0,0,0,0,0,0,0,0,0,0,0,0,0,0,0,0,0,0,0,0,0,0,0,0,0,0,0,0,0,0,0,0,0,0,0,0,0,0,0,0,0,0,0,0,0,0,0,0,0,0,0,0,0,0,0,0,0,0,0,0,0,0,0,0,0,0,0,0,0,0,0,0,0,0,0,0,0
29,570,0095,609075,0000,000000,KARNATAKA,Chikmagalur,VILLAGE,Mallandaru,Rural,135,573,267,306,54,25,29,3,2,1,6,2,4,436,218,218,137,49,88,317,187,130,235,168,67,79,71,8,130,80,50,2,1,1,24,16,8,82,19,63,9,5,4,66,12,54,1,0,1,6,2,4,82,19,63,9,5,4,66,12,54,1,0,1,6,2,4,0,0,0,0,0,0,0,0,0,0,0,0,0,0,0,256,80,176
29,570,0095,609076,0000,000000,KARNATAKA,Chikmagalur,VILLAGE,Hathbur,Rural,149,592,263,329,53,24,29,12,5,7,20,6,14,436,206,230,156,57,99,357,175,182,104,95,9,65,62,3,34,29,5,0,0,0,5,4,1,253,80,173,17,14,3,229,61,168,1,1,0,6,4,2,207,68,139,15,12,3,186,52,134,1,1,0,5,3,2,46,12,34,2,2,0,43,9,34,0,0,0,1,1,0,235,88,147
29,570,0095,609077,0000,000000,KARNATAKA,Chikmagalur,VILLAGE,Bellur,Rural,90,334,163,171,34,19,15,0,0,0,6,3,3,256,129,127,78,34,44,210,108,102,72,67,5,25,25,0,32,30,2,1,1,0,14,11,3,138,41,97,11,9,2,121,27,94,0,0,0,6,5,1,87,36,51,9,8,1,72,23,49,0,0,0,6,5,1,51,5,46,2,1,1,49,4,45,0,0,0,0,0,0,124,55,69
29,570,0095,609078,0000,000000,KARNATAKA,Chikmagalur,VILLAGE,Konodi,Rural,176,679,335,344,51,20,31,31,18,13,8,3,5,556,291,265,123,44,79,315,223,92,313,222,91,119,113,6,158,87,71,5,1,4,31,21,10,2,1,1,0,0,0,1,0,1,1,1,0,0,0,0,2,1,1,0,0,0,1,0,1,1,1,0,0,0,0,0,0,0,0,0,0,0,0,0,0,0,0,0,0,0,364,112,252
29,570,0095,609079,0000,000000,KARNATAKA,Chikmagalur,VILLAGE,Kamalapura,Rural,101,407,193,214,28,13,15,37,17,20,63,32,31,314,160,154,93,33,60,211,124,87,210,124,86,81,55,26,118,61,57,0,0,0,11,8,3,1,0,1,0,0,0,1,0,1,0,0,0,0,0,0,1,0,1,0,0,0,1,0,1,0,0,0,0,0,0,0,0,0,0,0,0,0,0,0,0,0,0,0,0,0,196,69,127
29,570,0095,609080,0000,000000,KARNATAKA,Chikmagalur,VILLAGE,Seethur,Rural,254,984,483,501,84,43,41,203,101,102,36,17,19,736,382,354,248,101,147,571,329,242,567,327,240,202,134,68,304,155,149,1,1,0,60,37,23,4,2,2,0,0,0,1,1,0,0,0,0,3,1,2,4,2,2,0,0,0,1,1,0,0,0,0,3,1,2,0,0,0,0,0,0,0,0,0,0,0,0,0,0,0,413,154,259
29,570,0095,609081,0000,000000,KARNATAKA,Chikmagalur,VILLAGE,Shedagaru,Rural,56,228,108,120,21,11,10,21,10,11,0,0,0,170,90,80,58,18,40,95,73,22,94,73,21,60,54,6,33,18,15,0,0,0,1,1,0,1,0,1,1,0,1,0,0,0,0,0,0,0,0,0,1,0,1,1,0,1,0,0,0,0,0,0,0,0,0,0,0,0,0,0,0,0,0,0,0,0,0,0,0,0,133,35,98
29,570,0095,609082,0000,000000,KARNATAKA,Chikmagalur,VILLAGE,Gubbiga,Rural,297,1120,546,574,98,49,49,81,41,40,6,1,5,870,444,426,250,102,148,640,358,282,606,348,258,233,140,93,224,102,122,4,4,0,145,102,43,34,10,24,11,4,7,16,4,12,2,1,1,5,1,4,30,9,21,11,4,7,15,3,12,1,1,0,3,1,2,4,1,3,0,0,0,1,1,0,1,0,1,2,0,2,480,188,292
29,570,0095,609083,0000,000000,KARNATAKA,Chikmagalur,VILLAGE,Echikere,Rural,272,1125,579,546,138,65,73,207,109,98,1,1,0,884,475,409,241,104,137,588,377,211,582,374,208,171,114,57,152,88,64,0,0,0,259,172,87,6,3,3,0,0,0,1,1,0,0,0,0,5,2,3,6,3,3,0,0,0,1,1,0,0,0,0,5,2,3,0,0,0,0,0,0,0,0,0,0,0,0,0,0,0,537,202,335
29,570,0095,609084,0000,000000,KARNATAKA,Chikmagalur,VILLAGE,Aralikoppa,Rural,268,1065,530,535,93,43,50,54,18,36,18,9,9,805,421,384,260,109,151,442,351,91,420,344,76,201,193,8,148,95,53,2,2,0,69,54,15,22,7,15,8,3,5,8,0,8,1,1,0,5,3,2,20,7,13,8,3,5,7,0,7,1,1,0,4,3,1,2,0,2,0,0,0,1,0,1,0,0,0,1,0,1,623,179,444
29,570,0095,609085,0000,000000,KARNATAKA,Chikmagalur,VILLAGE,Bale,Rural,239,947,462,485,79,55,24,25,13,12,2,1,1,779,377,402,168,85,83,380,297,83,355,291,64,187,175,12,64,44,20,18,16,2,86,56,30,25,6,19,4,2,2,3,1,2,3,3,0,15,0,15,21,3,18,2,1,1,2,0,2,2,2,0,15,0,15,4,3,1,2,1,1,1,1,0,1,1,0,0,0,0,567,165,402
29,570,0095,609086,0000,000000,KARNATAKA,Chikmagalur,VILLAGE,Sankse,Rural,211,855,405,450,61,35,26,53,22,31,3,2,1,633,319,314,222,86,136,330,260,70,317,252,65,88,80,8,151,115,36,4,4,0,74,53,21,13,8,5,0,0,0,7,4,3,0,0,0,6,4,2,12,7,5,0,0,0,7,4,3,0,0,0,5,3,2,1,1,0,0,0,0,0,0,0,0,0,0,1,1,0,525,145,380
29,570,0095,609087,0000,000000,KARNATAKA,Chikmagalur,VILLAGE,Kanur,Rural,318,1206,598,608,73,39,34,171,77,94,19,10,9,955,496,459,251,102,149,765,425,340,762,424,338,297,194,103,426,206,220,0,0,0,39,24,15,3,1,2,0,0,0,1,0,1,0,0,0,2,1,1,3,1,2,0,0,0,1,0,1,0,0,0,2,1,1,0,0,0,0,0,0,0,0,0,0,0,0,0,0,0,441,173,268
29,570,0095,609088,0000,000000,KARNATAKA,Chikmagalur,VILLAGE,Vaggade,Rural,130,457,229,228,37,19,18,14,9,5,0,0,0,352,186,166,105,43,62,223,163,60,219,161,58,154,140,14,56,15,41,0,0,0,9,6,3,4,2,2,2,1,1,2,1,1,0,0,0,0,0,0,2,1,1,0,0,0,2,1,1,0,0,0,0,0,0,2,1,1,2,1,1,0,0,0,0,0,0,0,0,0,234,66,168
29,570,0095,609089,0000,000000,KARNATAKA,Chikmagalur,VILLAGE,Haravari,Rural,413,1590,793,797,154,89,65,227,110,117,219,114,105,1130,592,538,460,201,259,757,522,235,659,465,194,120,107,13,55,38,17,1,0,1,483,320,163,98,57,41,0,0,0,3,1,2,0,0,0,95,56,39,96,56,40,0,0,0,3,1,2,0,0,0,93,55,38,2,1,1,0,0,0,0,0,0,0,0,0,2,1,1,833,271,562
29,570,0095,609090,0000,000000,KARNATAKA,Chikmagalur,VILLAGE,Davana,Rural,140,512,267,245,52,24,28,101,48,53,0,0,0,369,213,156,143,54,89,338,191,147,328,185,143,123,73,50,130,72,58,0,0,0,75,40,35,10,6,4,1,0,1,3,2,1,0,0,0,6,4,2,5,2,3,0,0,0,1,0,1,0,0,0,4,2,2,5,4,1,1,0,1,2,2,0,0,0,0,2,2,0,174,76,98
29,570,0095,609091,0000,000000,KARNATAKA,Chikmagalur,VILLAGE,Alehalli,Rural,149,536,260,276,46,24,22,5,1,4,0,0,0,419,220,199,117,40,77,398,199,199,396,199,197,282,164,118,88,20,68,11,8,3,15,7,8,2,0,2,1,0,1,0,0,0,0,0,0,1,0,1,1,0,1,0,0,0,0,0,0,0,0,0,1,0,1,1,0,1,1,0,1,0,0,0,0,0,0,0,0,0,138,61,77
29,570,0095,609092,0000,000000,KARNATAKA,Chikmagalur,VILLAGE,Aduvalli,Rural,368,1430,703,727,111,61,50,274,143,131,10,6,4,1102,567,535,328,136,192,676,479,197,584,473,111,236,230,6,174,139,35,2,0,2,172,104,68,92,6,86,37,0,37,28,0,28,1,0,1,26,6,20,90,5,85,36,0,36,28,0,28,1,0,1,25,5,20,2,1,1,1,0,1,0,0,0,0,0,0,1,1,0,754,224,530
29,570,0095,609093,0000,000000,KARNATAKA,Chikmagalur,VILLAGE,Karekeshwara,Rural,684,2651,1282,1369,251,135,116,1047,500,547,165,79,86,1748,923,825,903,359,544,1579,827,752,1506,809,697,102,83,19,223,111,112,4,2,2,1177,613,564,73,18,55,4,0,4,22,1,21,0,0,0,47,17,30,51,10,41,4,0,4,15,1,14,0,0,0,32,9,23,22,8,14,0,0,0,7,0,7,0,0,0,15,8,7,1072,455,617
29,570,0095,609094,0000,000000,KARNATAKA,Chikmagalur,VILLAGE,Megaramakki,Rural,187,710,357,353,63,35,28,225,114,111,0,0,0,490,266,224,220,91,129,339,230,109,337,230,107,94,89,5,196,103,93,0,0,0,47,38,9,2,0,2,0,0,0,0,0,0,0,0,0,2,0,2,2,0,2,0,0,0,0,0,0,0,0,0,2,0,2,0,0,0,0,0,0,0,0,0,0,0,0,0,0,0,371,127,244
29,570,0095,609095,0000,000000,KARNATAKA,Chikmagalur,VILLAGE,Kolale,Rural,257,1062,518,544,123,65,58,468,227,241,4,3,1,819,417,402,243,101,142,543,327,216,528,315,213,113,78,35,331,166,165,2,2,0,82,69,13,15,12,3,4,4,0,2,2,0,1,1,0,8,5,3,13,10,3,3,3,0,2,2,0,1,1,0,7,4,3,2,2,0,1,1,0,0,0,0,0,0,0,1,1,0,519,191,328
29,570,0095,609096,0000,000000,KARNATAKA,Chikmagalur,VILLAGE,Muduguni,Rural,188,737,357,380,86,45,41,23,13,10,63,32,31,557,275,282,180,82,98,389,232,157,361,222,139,141,88,53,132,61,71,0,0,0,88,73,15,28,10,18,7,0,7,13,5,8,0,0,0,8,5,3,20,5,15,7,0,7,13,5,8,0,0,0,0,0,0,8,5,3,0,0,0,0,0,0,0,0,0,8,5,3,348,125,223
29,570,0095,609097,0000,000000,KARNATAKA,Chikmagalur,VILLAGE,B.Kanabur,Rural,2681,11137,5429,5708,1098,542,556,2052,988,1064,295,141,154,8549,4380,4169,2588,1049,1539,4789,3366,1423,4631,3299,1332,327,247,80,769,438,331,48,32,16,3487,2582,905,158,67,91,19,7,12,33,12,21,3,0,3,103,48,55,143,61,82,18,6,12,31,11,20,2,0,2,92,44,48,15,6,9,1,1,0,2,1,1,1,0,1,11,4,7,6348,2063,4285
29,570,0095,609098,0000,000000,KARNATAKA,Chikmagalur,VILLAGE,Karehadlu,Rural,141,539,264,275,45,21,24,219,112,107,53,22,31,362,192,170,177,72,105,294,170,124,293,170,123,1,1,0,1,0,1,1,1,0,290,168,122,1,0,1,1,0,1,0,0,0,0,0,0,0,0,0,1,0,1,1,0,1,0,0,0,0,0,0,0,0,0,0,0,0,0,0,0,0,0,0,0,0,0,0,0,0,245,94,151
29,570,0095,609099,0000,000000,KARNATAKA,Chikmagalur,VILLAGE,Bannur,Rural,523,2240,1118,1122,225,111,114,618,308,310,273,132,141,1559,855,704,681,263,418,1074,717,357,1068,712,356,118,101,17,329,182,147,5,4,1,616,425,191,6,5,1,1,1,0,2,1,1,0,0,0,3,3,0,5,4,1,1,1,0,2,1,1,0,0,0,2,2,0,1,1,0,0,0,0,0,0,0,0,0,0,1,1,0,1166,401,765
29,570,0095,609100,0000,000000,KARNATAKA,Chikmagalur,VILLAGE,Halsur,Rural,308,1267,632,635,127,66,61,583,290,293,40,15,25,979,514,465,288,118,170,750,444,306,743,440,303,149,125,24,425,214,211,0,0,0,169,101,68,7,4,3,1,1,0,1,1,0,0,0,0,5,2,3,7,4,3,1,1,0,1,1,0,0,0,0,5,2,3,0,0,0,0,0,0,0,0,0,0,0,0,0,0,0,517,188,329
29,570,0095,609101,0000,000000,KARNATAKA,Chikmagalur,VILLAGE,Magundi,Rural,514,2143,1041,1102,234,126,108,574,284,290,49,24,25,1545,773,772,598,268,330,967,620,347,935,601,334,99,67,32,18,13,5,1,0,1,817,521,296,32,19,13,4,1,3,2,1,1,0,0,0,26,17,9,31,18,13,4,1,3,2,1,1,0,0,0,25,16,9,1,1,0,0,0,0,0,0,0,0,0,0,1,1,0,1176,421,755
29,570,0096,000000,0000,000000,KARNATAKA,Chikmagalur,CD BLOCK,Tarikere ,Total,44787,189338,94969,94369,17315,8850,8465,49692,24797,24895,6855,3425,3430,130883,71624,59259,58455,23345,35110,92017,59381,32636,73060,51363,21697,27609,23055,4554,23829,13490,10339,1626,1162,464,19996,13656,6340,18957,8018,10939,1643,952,691,10589,4104,6485,593,223,370,6132,2739,3393,16526,7165,9361,1532,904,628,9654,3753,5901,477,195,282,4863,2313,2550,2431,853,1578,111,48,63,935,351,584,116,28,88,1269,426,843,97321,35588,61733
29,570,0096,000000,0000,000000,KARNATAKA,Chikmagalur,CD BLOCK,Tarikere ,Rural,44787,189338,94969,94369,17315,8850,8465,49692,24797,24895,6855,3425,3430,130883,71624,59259,58455,23345,35110,92017,59381,32636,73060,51363,21697,27609,23055,4554,23829,13490,10339,1626,1162,464,19996,13656,6340,18957,8018,10939,1643,952,691,10589,4104,6485,593,223,370,6132,2739,3393,16526,7165,9361,1532,904,628,9654,3753,5901,477,195,282,4863,2313,2550,2431,853,1578,111,48,63,935,351,584,116,28,88,1269,426,843,97321,35588,61733
29,570,0096,000000,0000,000000,KARNATAKA,Chikmagalur,CD BLOCK,Tarikere ,Urban,0,0,0,0,0,0,0,0,0,0,0,0,0,0,0,0,0,0,0,0,0,0,0,0,0,0,0,0,0,0,0,0,0,0,0,0,0,0,0,0,0,0,0,0,0,0,0,0,0,0,0,0,0,0,0,0,0,0,0,0,0,0,0,0,0,0,0,0,0,0,0,0,0,0,0,0,0,0,0,0,0,0,0,0,0
29,570,0096,609102,0000,000000,KARNATAKA,Chikmagalur,VILLAGE,Sevalal Nagar,Rural,34,137,69,68,18,9,9,114,56,58,0,0,0,66,38,28,71,31,40,81,44,37,42,31,11,12,10,2,27,19,8,0,0,0,3,2,1,39,13,26,0,0,0,39,13,26,0,0,0,0,0,0,39,13,26,0,0,0,39,13,26,0,0,0,0,0,0,0,0,0,0,0,0,0,0,0,0,0,0,0,0,0,56,25,31
29,570,0096,609103,0000,000000,KARNATAKA,Chikmagalur,VILLAGE,Siddlipura,Rural,173,664,333,331,66,32,34,185,90,95,5,2,3,423,249,174,241,84,157,234,216,18,197,187,10,124,122,2,7,7,0,0,0,0,66,58,8,37,29,8,4,3,1,4,4,0,0,0,0,29,22,7,33,27,6,4,3,1,4,4,0,0,0,0,25,20,5,4,2,2,0,0,0,0,0,0,0,0,0,4,2,2,430,117,313
29,570,0096,609104,0000,000000,KARNATAKA,Chikmagalur,VILLAGE,Gopala,Rural,534,2241,1133,1108,251,130,121,717,342,375,47,27,20,1366,768,598,875,365,510,1305,744,561,1272,721,551,398,232,166,748,388,360,13,12,1,113,89,24,33,23,10,1,1,0,10,5,5,0,0,0,22,17,5,31,21,10,1,1,0,10,5,5,0,0,0,20,15,5,2,2,0,0,0,0,0,0,0,0,0,0,2,2,0,936,389,547
29,570,0096,609105,0000,000000,KARNATAKA,Chikmagalur,VILLAGE,Karkuchi,Rural,1027,4336,2118,2218,453,217,236,1930,935,995,32,14,18,2736,1470,1266,1600,648,952,2160,1369,791,1789,1183,606,600,526,74,978,544,434,22,13,9,189,100,89,371,186,185,21,10,11,288,151,137,12,6,6,50,19,31,345,177,168,21,10,11,280,150,130,8,5,3,36,12,24,26,9,17,0,0,0,8,1,7,4,1,3,14,7,7,2176,749,1427
29,570,0096,609106,0000,000000,KARNATAKA,Chikmagalur,VILLAGE,Gundenahalli,Rural,99,393,191,202,24,12,12,0,0,0,0,0,0,308,158,150,85,33,52,263,135,128,263,135,128,30,30,0,188,69,119,0,0,0,45,36,9,0,0,0,0,0,0,0,0,0,0,0,0,0,0,0,0,0,0,0,0,0,0,0,0,0,0,0,0,0,0,0,0,0,0,0,0,0,0,0,0,0,0,0,0,0,130,56,74
29,570,0096,609107,0000,000000,KARNATAKA,Chikmagalur,VILLAGE,Ganjigere,Rural,106,516,253,263,61,39,22,257,118,139,0,0,0,351,185,166,165,68,97,265,144,121,216,140,76,76,64,12,110,51,59,3,3,0,27,22,5,49,4,45,3,0,3,43,2,41,0,0,0,3,2,1,49,4,45,3,0,3,43,2,41,0,0,0,3,2,1,0,0,0,0,0,0,0,0,0,0,0,0,0,0,0,251,109,142
29,570,0096,609108,0000,000000,KARNATAKA,Chikmagalur,VILLAGE,Bhavikere,Rural,931,3893,1891,2002,416,206,210,1222,611,611,35,16,19,2612,1372,1240,1281,519,762,1698,1101,597,1382,951,431,258,233,25,721,409,312,12,11,1,391,298,93,316,150,166,11,9,2,253,117,136,1,0,1,51,24,27,311,148,163,11,9,2,250,116,134,1,0,1,49,23,26,5,2,3,0,0,0,3,1,2,0,0,0,2,1,1,2195,790,1405
29,570,0096,609109,0000,000000,KARNATAKA,Chikmagalur,VILLAGE,Arsikere,Rural,112,438,227,211,38,19,19,172,92,80,124,66,58,237,141,96,201,86,115,270,149,121,222,124,98,1,1,0,204,114,90,0,0,0,17,9,8,48,25,23,3,2,1,39,18,21,1,1,0,5,4,1,48,25,23,3,2,1,39,18,21,1,1,0,5,4,1,0,0,0,0,0,0,0,0,0,0,0,0,0,0,0,168,78,90
29,570,0096,609110,0000,000000,KARNATAKA,Chikmagalur,VILLAGE,Rangenahalli,Rural,59,272,145,127,22,9,13,45,29,16,2,2,0,215,130,85,57,15,42,75,65,10,29,25,4,4,2,2,12,12,0,1,1,0,12,10,2,46,40,6,3,3,0,30,26,4,2,1,1,11,10,1,41,36,5,2,2,0,28,24,4,2,1,1,9,9,0,5,4,1,1,1,0,2,2,0,0,0,0,2,1,1,197,80,117
29,570,0096,609111,0000,000000,KARNATAKA,Chikmagalur,VILLAGE,Kesarakoppa,Rural,159,573,286,287,39,19,20,62,35,27,102,49,53,427,232,195,146,54,92,349,175,174,110,92,18,81,72,9,3,2,1,4,3,1,22,15,7,239,83,156,3,0,3,91,42,49,74,10,64,71,31,40,75,20,55,0,0,0,11,6,5,48,4,44,16,10,6,164,63,101,3,0,3,80,36,44,26,6,20,55,21,34,224,111,113
29,570,0096,609112,0000,000000,KARNATAKA,Chikmagalur,VILLAGE,Sompura,Rural,52,176,82,94,18,12,6,131,58,73,1,0,1,84,43,41,92,39,53,118,55,63,118,55,63,13,13,0,99,38,61,1,1,0,5,3,2,0,0,0,0,0,0,0,0,0,0,0,0,0,0,0,0,0,0,0,0,0,0,0,0,0,0,0,0,0,0,0,0,0,0,0,0,0,0,0,0,0,0,0,0,0,58,27,31
29,570,0096,609113,0000,000000,KARNATAKA,Chikmagalur,VILLAGE,Malikoppa,Rural,200,803,409,394,90,44,46,87,47,40,11,5,6,528,286,242,275,123,152,344,266,78,257,205,52,64,55,9,100,72,28,9,8,1,84,70,14,87,61,26,6,6,0,41,26,15,2,1,1,38,28,10,68,53,15,6,6,0,33,24,9,2,1,1,27,22,5,19,8,11,0,0,0,8,2,6,0,0,0,11,6,5,459,143,316
29,570,0096,609114,0000,000000,KARNATAKA,Chikmagalur,VILLAGE,Lakkavalli,Rural,1235,5214,2559,2655,536,270,266,2066,1000,1066,145,73,72,3710,1952,1758,1504,607,897,2179,1572,607,1572,1194,378,254,212,42,465,309,156,92,72,20,761,601,160,607,378,229,14,10,4,344,190,154,31,13,18,218,165,53,464,303,161,13,10,3,246,145,101,28,12,16,177,136,41,143,75,68,1,0,1,98,45,53,3,1,2,41,29,12,3035,987,2048
29,570,0096,609115,0000,000000,KARNATAKA,Chikmagalur,VILLAGE,Upparabeeranahalli,Rural,203,831,441,390,74,37,37,268,145,123,88,50,38,574,337,237,257,104,153,443,265,178,342,218,124,33,22,11,155,92,63,44,23,21,110,81,29,101,47,54,2,0,2,80,39,41,2,1,1,17,7,10,95,43,52,2,0,2,78,37,41,1,1,0,14,5,9,6,4,2,0,0,0,2,2,0,1,0,1,3,2,1,388,176,212
29,570,0096,609116,0000,000000,KARNATAKA,Chikmagalur,VILLAGE,Kenchikoppa,Rural,359,1443,727,716,111,56,55,622,309,313,18,11,7,1003,570,433,440,157,283,744,489,255,514,390,124,127,108,19,227,154,73,15,10,5,145,118,27,230,99,131,21,14,7,137,41,96,18,9,9,54,35,19,199,83,116,19,13,6,125,37,88,17,9,8,38,24,14,31,16,15,2,1,1,12,4,8,1,0,1,16,11,5,699,238,461
29,570,0096,609117,0000,000000,KARNATAKA,Chikmagalur,VILLAGE,Halasur,Rural,339,1427,725,702,118,63,55,287,151,136,138,64,74,974,527,447,453,198,255,699,477,222,309,228,81,44,39,5,151,108,43,4,2,2,110,79,31,390,249,141,95,85,10,232,124,108,8,3,5,55,37,18,381,248,133,95,85,10,230,124,106,8,3,5,48,36,12,9,1,8,0,0,0,2,0,2,0,0,0,7,1,6,728,248,480
29,570,0096,609118,0000,000000,KARNATAKA,Chikmagalur,VILLAGE,Mudugodu,Rural,861,3621,1769,1852,341,167,174,1341,645,696,60,29,31,2349,1263,1086,1272,506,766,1798,1116,682,884,665,219,249,193,56,246,163,83,30,22,8,359,287,72,914,451,463,36,20,16,700,293,407,9,6,3,169,132,37,871,426,445,33,18,15,687,289,398,8,5,3,143,114,29,43,25,18,3,2,1,13,4,9,1,1,0,26,18,8,1823,653,1170
29,570,0096,609119,0000,000000,KARNATAKA,Chikmagalur,VILLAGE,Basavanahalli,Rural,123,544,271,273,54,25,29,264,127,137,7,5,2,360,191,169,184,80,104,287,170,117,239,160,79,50,45,5,174,105,69,0,0,0,15,10,5,48,10,38,1,0,1,45,10,35,0,0,0,2,0,2,46,9,37,1,0,1,43,9,34,0,0,0,2,0,2,2,1,1,0,0,0,2,1,1,0,0,0,0,0,0,257,101,156
29,570,0096,609120,0000,000000,KARNATAKA,Chikmagalur,VILLAGE,Shanthipura,Rural,114,486,234,252,48,21,27,55,28,27,13,5,8,339,179,160,147,55,92,271,160,111,162,100,62,27,23,4,106,54,52,8,4,4,21,19,2,109,60,49,0,0,0,99,53,46,1,0,1,9,7,2,108,59,49,0,0,0,98,52,46,1,0,1,9,7,2,1,1,0,0,0,0,1,1,0,0,0,0,0,0,0,215,74,141
29,570,0096,609121,0000,000000,KARNATAKA,Chikmagalur,VILLAGE,Sale Borna Halli,Rural,196,740,351,389,85,43,42,42,19,23,39,19,20,509,267,242,231,84,147,354,222,132,316,209,107,54,44,10,100,53,47,0,0,0,162,112,50,38,13,25,0,0,0,9,1,8,1,0,1,28,12,16,28,12,16,0,0,0,8,1,7,0,0,0,20,11,9,10,1,9,0,0,0,1,0,1,1,0,1,8,1,7,386,129,257
29,570,0096,609122,0000,000000,KARNATAKA,Chikmagalur,VILLAGE,Vaddaradibba,Rural,87,367,193,174,30,19,11,57,28,29,0,0,0,227,134,93,140,59,81,181,124,57,141,95,46,15,14,1,122,79,43,0,0,0,4,2,2,40,29,11,3,2,1,28,20,8,0,0,0,9,7,2,33,22,11,3,2,1,21,13,8,0,0,0,9,7,2,7,7,0,0,0,0,7,7,0,0,0,0,0,0,0,186,69,117
29,570,0096,609123,0000,000000,KARNATAKA,Chikmagalur,VILLAGE,Hirigapura,Rural,40,186,92,94,29,12,17,18,9,9,0,0,0,104,59,45,82,33,49,107,56,51,55,52,3,46,44,2,4,3,1,0,0,0,5,5,0,52,4,48,3,1,2,46,3,43,3,0,3,0,0,0,51,4,47,3,1,2,46,3,43,2,0,2,0,0,0,1,0,1,0,0,0,0,0,0,1,0,1,0,0,0,79,36,43
29,570,0096,609124,0000,000000,KARNATAKA,Chikmagalur,VILLAGE,Mandaravalli,Rural,77,301,156,145,27,10,17,162,82,80,10,5,5,147,87,60,154,69,85,176,103,73,172,100,72,30,29,1,125,60,65,4,4,0,13,7,6,4,3,1,1,1,0,1,1,0,0,0,0,2,1,1,4,3,1,1,1,0,1,1,0,0,0,0,2,1,1,0,0,0,0,0,0,0,0,0,0,0,0,0,0,0,125,53,72
29,570,0096,609125,0000,000000,KARNATAKA,Chikmagalur,VILLAGE,Doddakundur,Rural,187,749,373,376,73,43,30,62,31,31,0,0,0,444,246,198,305,127,178,386,230,156,220,159,61,44,41,3,146,93,53,0,0,0,30,25,5,166,71,95,9,6,3,116,49,67,2,1,1,39,15,24,151,67,84,9,6,3,108,45,63,2,1,1,32,15,17,15,4,11,0,0,0,8,4,4,0,0,0,7,0,7,363,143,220
29,570,0096,609126,0000,000000,KARNATAKA,Chikmagalur,VILLAGE,Hunasanahalli,Rural,184,755,396,359,61,35,26,232,121,111,70,39,31,491,283,208,264,113,151,230,185,45,174,137,37,6,5,1,52,35,17,4,4,0,112,93,19,56,48,8,2,1,1,17,15,2,2,0,2,35,32,3,56,48,8,2,1,1,17,15,2,2,0,2,35,32,3,0,0,0,0,0,0,0,0,0,0,0,0,0,0,0,525,211,314
29,570,0096,609127,0000,000000,KARNATAKA,Chikmagalur,VILLAGE,Haruvanahalli,Rural,145,660,340,320,97,49,48,13,6,7,0,0,0,335,193,142,325,147,178,362,205,157,359,204,155,16,11,5,341,191,150,0,0,0,2,2,0,3,1,2,1,1,0,1,0,1,0,0,0,1,0,1,3,1,2,1,1,0,1,0,1,0,0,0,1,0,1,0,0,0,0,0,0,0,0,0,0,0,0,0,0,0,298,135,163
29,570,0096,609128,0000,000000,KARNATAKA,Chikmagalur,VILLAGE,Bargenahalli,Rural,252,1142,570,572,118,59,59,617,321,296,0,0,0,681,394,287,461,176,285,700,381,319,186,124,62,139,89,50,27,20,7,0,0,0,20,15,5,514,257,257,6,5,1,324,160,164,3,3,0,181,89,92,344,175,169,6,5,1,320,158,162,3,3,0,15,9,6,170,82,88,0,0,0,4,2,2,0,0,0,166,80,86,442,189,253
29,570,0096,609129,0000,000000,KARNATAKA,Chikmagalur,VILLAGE,Gurupura,Rural,86,354,190,164,27,17,10,307,162,145,2,1,1,241,143,98,113,47,66,200,102,98,80,65,15,75,62,13,0,0,0,0,0,0,5,3,2,120,37,83,0,0,0,92,27,65,15,3,12,13,7,6,11,6,5,0,0,0,0,0,0,5,2,3,6,4,2,109,31,78,0,0,0,92,27,65,10,1,9,7,3,4,154,88,66
29,570,0096,609130,0000,000000,KARNATAKA,Chikmagalur,VILLAGE,Kundurkaval,Rural,30,120,60,60,15,6,9,4,2,2,0,0,0,54,31,23,66,29,37,79,42,37,79,42,37,3,3,0,74,38,36,0,0,0,2,1,1,0,0,0,0,0,0,0,0,0,0,0,0,0,0,0,0,0,0,0,0,0,0,0,0,0,0,0,0,0,0,0,0,0,0,0,0,0,0,0,0,0,0,0,0,0,41,18,23
29,570,0096,609131,0000,000000,KARNATAKA,Chikmagalur,VILLAGE,Lakkavalli Manna Jungal,Rural,0,0,0,0,0,0,0,0,0,0,0,0,0,0,0,0,0,0,0,0,0,0,0,0,0,0,0,0,0,0,0,0,0,0,0,0,0,0,0,0,0,0,0,0,0,0,0,0,0,0,0,0,0,0,0,0,0,0,0,0,0,0,0,0,0,0,0,0,0,0,0,0,0,0,0,0,0,0,0,0,0,0,0,0,0
29,570,0096,609132,0000,000000,KARNATAKA,Chikmagalur,VILLAGE,Guddadabeeranahalli,Rural,103,390,196,194,38,20,18,6,2,4,0,0,0,260,143,117,130,53,77,189,126,63,187,124,63,41,34,7,145,89,56,1,1,0,0,0,0,2,2,0,1,1,0,0,0,0,0,0,0,1,1,0,1,1,0,0,0,0,0,0,0,0,0,0,1,1,0,1,1,0,1,1,0,0,0,0,0,0,0,0,0,0,201,70,131
29,570,0096,609133,0000,000000,KARNATAKA,Chikmagalur,VILLAGE,Malalichannenahalli,Rural,975,3745,1856,1889,384,191,193,1095,547,548,222,109,113,2236,1223,1013,1509,633,876,1848,1129,719,1623,1013,610,312,255,57,945,494,451,10,6,4,356,258,98,225,116,109,10,5,5,129,58,71,1,1,0,85,52,33,160,87,73,7,4,3,102,49,53,1,1,0,50,33,17,65,29,36,3,1,2,27,9,18,0,0,0,35,19,16,1897,727,1170
29,570,0096,609134,0000,000000,KARNATAKA,Chikmagalur,VILLAGE,H.Rangapura,Rural,192,741,351,390,64,28,36,360,175,185,6,2,4,479,250,229,262,101,161,331,222,109,314,217,97,50,42,8,151,88,63,9,6,3,104,81,23,17,5,12,3,3,0,2,0,2,2,0,2,10,2,8,16,5,11,3,3,0,2,0,2,2,0,2,9,2,7,1,0,1,0,0,0,0,0,0,0,0,0,1,0,1,410,129,281
29,570,0096,609135,0000,000000,KARNATAKA,Chikmagalur,VILLAGE,Thimmapura,Rural,62,270,132,138,27,14,13,57,26,31,3,1,2,192,102,90,78,30,48,111,90,21,87,75,12,38,36,2,28,22,6,0,0,0,21,17,4,24,15,9,0,0,0,18,10,8,0,0,0,6,5,1,24,15,9,0,0,0,18,10,8,0,0,0,6,5,1,0,0,0,0,0,0,0,0,0,0,0,0,0,0,0,159,42,117
29,570,0096,609136,0000,000000,KARNATAKA,Chikmagalur,VILLAGE,Belenahalli,Rural,213,869,415,454,71,39,32,202,98,104,0,0,0,643,324,319,226,91,135,284,259,25,275,255,20,234,228,6,19,13,6,1,1,0,21,13,8,9,4,5,2,0,2,1,1,0,1,1,0,5,2,3,9,4,5,2,0,2,1,1,0,1,1,0,5,2,3,0,0,0,0,0,0,0,0,0,0,0,0,0,0,0,585,156,429
29,570,0096,609137,0000,000000,KARNATAKA,Chikmagalur,VILLAGE,Hurulihalli,Rural,57,277,141,136,26,9,17,71,33,38,0,0,0,185,109,76,92,32,60,99,88,11,89,79,10,58,56,2,24,17,7,0,0,0,7,6,1,10,9,1,3,3,0,3,3,0,0,0,0,4,3,1,10,9,1,3,3,0,3,3,0,0,0,0,4,3,1,0,0,0,0,0,0,0,0,0,0,0,0,0,0,0,178,53,125
29,570,0096,609138,0000,000000,KARNATAKA,Chikmagalur,VILLAGE,Gulladahatti,Rural,23,105,52,53,7,3,4,0,0,0,0,0,0,70,37,33,35,15,20,47,36,11,47,36,11,12,10,2,35,26,9,0,0,0,0,0,0,0,0,0,0,0,0,0,0,0,0,0,0,0,0,0,0,0,0,0,0,0,0,0,0,0,0,0,0,0,0,0,0,0,0,0,0,0,0,0,0,0,0,0,0,0,58,16,42
29,570,0096,609139,0000,000000,KARNATAKA,Chikmagalur,VILLAGE,Jodikodihalli,Rural,125,535,273,262,54,24,30,251,130,121,124,66,58,300,166,134,235,107,128,228,159,69,219,152,67,44,42,2,157,96,61,1,1,0,17,13,4,9,7,2,2,2,0,7,5,2,0,0,0,0,0,0,9,7,2,2,2,0,7,5,2,0,0,0,0,0,0,0,0,0,0,0,0,0,0,0,0,0,0,0,0,0,307,114,193
29,570,0096,609140,0000,000000,KARNATAKA,Chikmagalur,VILLAGE,Yerebylu,Rural,37,156,77,79,15,8,7,30,12,18,0,0,0,90,49,41,66,28,38,60,50,10,53,46,7,32,32,0,17,11,6,0,0,0,4,3,1,7,4,3,0,0,0,6,4,2,0,0,0,1,0,1,3,3,0,0,0,0,3,3,0,0,0,0,0,0,0,4,1,3,0,0,0,3,1,2,0,0,0,1,0,1,96,27,69
29,570,0096,609141,0000,000000,KARNATAKA,Chikmagalur,VILLAGE,Hirekathur,Rural,39,180,96,84,12,7,5,54,28,26,20,11,9,118,69,49,62,27,35,74,66,8,74,66,8,63,60,3,7,5,2,0,0,0,4,1,3,0,0,0,0,0,0,0,0,0,0,0,0,0,0,0,0,0,0,0,0,0,0,0,0,0,0,0,0,0,0,0,0,0,0,0,0,0,0,0,0,0,0,0,0,0,106,30,76
29,570,0096,609142,0000,000000,KARNATAKA,Chikmagalur,VILLAGE,Perumenahalli,Rural,202,836,421,415,86,43,43,651,333,318,4,2,2,509,300,209,327,121,206,335,253,82,332,251,81,127,121,6,157,91,66,0,0,0,48,39,9,3,2,1,0,0,0,1,0,1,0,0,0,2,2,0,2,1,1,0,0,0,1,0,1,0,0,0,1,1,0,1,1,0,0,0,0,0,0,0,0,0,0,1,1,0,501,168,333
29,570,0096,609143,0000,000000,KARNATAKA,Chikmagalur,VILLAGE,Seethapura,Rural,20,69,35,34,7,3,4,13,7,6,5,3,2,23,11,12,46,24,22,45,25,20,45,25,20,0,0,0,44,24,20,0,0,0,1,1,0,0,0,0,0,0,0,0,0,0,0,0,0,0,0,0,0,0,0,0,0,0,0,0,0,0,0,0,0,0,0,0,0,0,0,0,0,0,0,0,0,0,0,0,0,0,24,10,14
29,570,0096,609144,0000,000000,KARNATAKA,Chikmagalur,VILLAGE,Shivagange,Rural,0,0,0,0,0,0,0,0,0,0,0,0,0,0,0,0,0,0,0,0,0,0,0,0,0,0,0,0,0,0,0,0,0,0,0,0,0,0,0,0,0,0,0,0,0,0,0,0,0,0,0,0,0,0,0,0,0,0,0,0,0,0,0,0,0,0,0,0,0,0,0,0,0,0,0,0,0,0,0,0,0,0,0,0,0
29,570,0096,609145,0000,000000,KARNATAKA,Chikmagalur,VILLAGE,A.Rangapura,Rural,139,546,267,279,64,35,29,120,60,60,94,47,47,307,171,136,239,96,143,308,168,140,301,164,137,22,14,8,65,34,31,5,2,3,209,114,95,7,4,3,0,0,0,3,1,2,0,0,0,4,3,1,7,4,3,0,0,0,3,1,2,0,0,0,4,3,1,0,0,0,0,0,0,0,0,0,0,0,0,0,0,0,238,99,139
29,570,0096,609146,0000,000000,KARNATAKA,Chikmagalur,VILLAGE,Rangapura (Kaval),Rural,15,51,26,25,5,1,4,35,19,16,0,0,0,28,14,14,23,12,11,32,18,14,23,12,11,0,0,0,6,4,2,15,7,8,2,1,1,9,6,3,0,0,0,6,3,3,1,1,0,2,2,0,6,4,2,0,0,0,4,2,2,1,1,0,1,1,0,3,2,1,0,0,0,2,1,1,0,0,0,1,1,0,19,8,11
29,570,0096,609147,0000,000000,KARNATAKA,Chikmagalur,VILLAGE,Kerehosahalli,Rural,166,771,379,392,55,28,27,0,0,0,0,0,0,559,284,275,212,95,117,216,185,31,203,181,22,24,20,4,9,6,3,3,3,0,167,152,15,13,4,9,2,0,2,0,0,0,0,0,0,11,4,7,13,4,9,2,0,2,0,0,0,0,0,0,11,4,7,0,0,0,0,0,0,0,0,0,0,0,0,0,0,0,555,194,361
29,570,0096,609148,0000,000000,KARNATAKA,Chikmagalur,VILLAGE,Ramapura,Rural,16,73,40,33,11,7,4,4,2,2,12,8,4,45,23,22,28,17,11,43,28,15,15,15,0,3,3,0,12,12,0,0,0,0,0,0,0,28,13,15,3,0,3,25,13,12,0,0,0,0,0,0,28,13,15,3,0,3,25,13,12,0,0,0,0,0,0,0,0,0,0,0,0,0,0,0,0,0,0,0,0,0,30,12,18
29,570,0096,609149,0000,000000,KARNATAKA,Chikmagalur,VILLAGE,Chikkathur,Rural,37,156,86,70,14,5,9,13,8,5,0,0,0,94,60,34,62,26,36,111,68,43,35,33,2,2,2,0,31,29,2,2,2,0,0,0,0,76,35,41,5,1,4,69,34,35,0,0,0,2,0,2,76,35,41,5,1,4,69,34,35,0,0,0,2,0,2,0,0,0,0,0,0,0,0,0,0,0,0,0,0,0,45,18,27
29,570,0096,609150,0000,000000,KARNATAKA,Chikmagalur,VILLAGE,Seethapura (Kaval),Rural,130,543,248,295,69,34,35,408,186,222,0,0,0,273,129,144,270,119,151,308,157,151,303,157,146,10,10,0,275,135,140,0,0,0,18,12,6,5,0,5,1,0,1,0,0,0,3,0,3,1,0,1,5,0,5,1,0,1,0,0,0,3,0,3,1,0,1,0,0,0,0,0,0,0,0,0,0,0,0,0,0,0,235,91,144
29,570,0096,609151,0000,000000,KARNATAKA,Chikmagalur,VILLAGE,Duglapura,Rural,536,2208,1113,1095,215,123,92,515,264,251,230,111,119,1423,753,670,785,360,425,957,699,258,915,678,237,307,288,19,260,153,107,34,22,12,314,215,99,42,21,21,4,0,4,14,5,9,3,1,2,21,15,6,41,20,21,4,0,4,14,5,9,3,1,2,20,14,6,1,1,0,0,0,0,0,0,0,0,0,0,1,1,0,1251,414,837
29,570,0096,609152,0000,000000,KARNATAKA,Chikmagalur,VILLAGE,Siddarahalli,Rural,130,503,268,235,56,32,24,66,35,31,13,8,5,264,162,102,239,106,133,276,163,113,190,119,71,24,22,2,157,92,65,0,0,0,9,5,4,86,44,42,0,0,0,84,42,42,0,0,0,2,2,0,39,19,20,0,0,0,37,17,20,0,0,0,2,2,0,47,25,22,0,0,0,47,25,22,0,0,0,0,0,0,227,105,122
29,570,0096,609153,0000,000000,KARNATAKA,Chikmagalur,VILLAGE,Rangenahalli,Rural,0,0,0,0,0,0,0,0,0,0,0,0,0,0,0,0,0,0,0,0,0,0,0,0,0,0,0,0,0,0,0,0,0,0,0,0,0,0,0,0,0,0,0,0,0,0,0,0,0,0,0,0,0,0,0,0,0,0,0,0,0,0,0,0,0,0,0,0,0,0,0,0,0,0,0,0,0,0,0,0,0,0,0,0,0
29,570,0096,609154,0000,000000,KARNATAKA,Chikmagalur,VILLAGE,Sidakanahalli,Rural,16,69,36,33,6,3,3,0,0,0,0,0,0,52,30,22,17,6,11,39,26,13,11,10,1,8,7,1,0,0,0,0,0,0,3,3,0,28,16,12,1,0,1,20,10,10,0,0,0,7,6,1,4,3,1,1,0,1,0,0,0,0,0,0,3,3,0,24,13,11,0,0,0,20,10,10,0,0,0,4,3,1,30,10,20
29,570,0096,609155,0000,000000,KARNATAKA,Chikmagalur,VILLAGE,Yalugere,Rural,163,708,351,357,84,39,45,645,318,327,0,0,0,415,241,174,293,110,183,409,236,173,395,230,165,55,54,1,332,169,163,1,1,0,7,6,1,14,6,8,0,0,0,11,5,6,0,0,0,3,1,2,4,2,2,0,0,0,2,1,1,0,0,0,2,1,1,10,4,6,0,0,0,9,4,5,0,0,0,1,0,1,299,115,184
29,570,0096,609156,0000,000000,KARNATAKA,Chikmagalur,VILLAGE,Govindapura,Rural,0,0,0,0,0,0,0,0,0,0,0,0,0,0,0,0,0,0,0,0,0,0,0,0,0,0,0,0,0,0,0,0,0,0,0,0,0,0,0,0,0,0,0,0,0,0,0,0,0,0,0,0,0,0,0,0,0,0,0,0,0,0,0,0,0,0,0,0,0,0,0,0,0,0,0,0,0,0,0,0,0,0,0,0,0
29,570,0096,609157,0000,000000,KARNATAKA,Chikmagalur,VILLAGE,Indavara,Rural,0,0,0,0,0,0,0,0,0,0,0,0,0,0,0,0,0,0,0,0,0,0,0,0,0,0,0,0,0,0,0,0,0,0,0,0,0,0,0,0,0,0,0,0,0,0,0,0,0,0,0,0,0,0,0,0,0,0,0,0,0,0,0,0,0,0,0,0,0,0,0,0,0,0,0,0,0,0,0,0,0,0,0,0,0
29,570,0096,609158,0000,000000,KARNATAKA,Chikmagalur,VILLAGE,Chakonahalli,Rural,156,728,366,362,68,39,29,255,127,128,193,93,100,404,224,180,324,142,182,435,242,193,431,242,189,17,12,5,401,220,181,1,1,0,12,9,3,4,0,4,0,0,0,0,0,0,0,0,0,4,0,4,1,0,1,0,0,0,0,0,0,0,0,0,1,0,1,3,0,3,0,0,0,0,0,0,0,0,0,3,0,3,293,124,169
29,570,0096,609159,0000,000000,KARNATAKA,Chikmagalur,VILLAGE,Hosur,Rural,158,715,363,352,76,41,35,211,106,105,2,1,1,455,263,192,260,100,160,375,236,139,370,234,136,40,40,0,253,127,126,1,1,0,76,66,10,5,2,3,0,0,0,5,2,3,0,0,0,0,0,0,5,2,3,0,0,0,5,2,3,0,0,0,0,0,0,0,0,0,0,0,0,0,0,0,0,0,0,0,0,0,340,127,213
29,570,0096,609160,0000,000000,KARNATAKA,Chikmagalur,VILLAGE,Channapura,Rural,0,0,0,0,0,0,0,0,0,0,0,0,0,0,0,0,0,0,0,0,0,0,0,0,0,0,0,0,0,0,0,0,0,0,0,0,0,0,0,0,0,0,0,0,0,0,0,0,0,0,0,0,0,0,0,0,0,0,0,0,0,0,0,0,0,0,0,0,0,0,0,0,0,0,0,0,0,0,0,0,0,0,0,0,0
29,570,0096,609161,0000,000000,KARNATAKA,Chikmagalur,VILLAGE,Guddadabasavanahalli,Rural,0,0,0,0,0,0,0,0,0,0,0,0,0,0,0,0,0,0,0,0,0,0,0,0,0,0,0,0,0,0,0,0,0,0,0,0,0,0,0,0,0,0,0,0,0,0,0,0,0,0,0,0,0,0,0,0,0,0,0,0,0,0,0,0,0,0,0,0,0,0,0,0,0,0,0,0,0,0,0,0,0,0,0,0,0
29,570,0096,609162,0000,000000,KARNATAKA,Chikmagalur,VILLAGE,Attiganalu,Rural,70,310,153,157,40,19,21,0,0,0,0,0,0,166,88,78,144,65,79,76,69,7,75,69,6,11,9,2,56,53,3,1,1,0,7,6,1,1,0,1,0,0,0,0,0,0,0,0,0,1,0,1,1,0,1,0,0,0,0,0,0,0,0,0,1,0,1,0,0,0,0,0,0,0,0,0,0,0,0,0,0,0,234,84,150
29,570,0096,609163,0000,000000,KARNATAKA,Chikmagalur,VILLAGE,Dyamapura,Rural,0,0,0,0,0,0,0,0,0,0,0,0,0,0,0,0,0,0,0,0,0,0,0,0,0,0,0,0,0,0,0,0,0,0,0,0,0,0,0,0,0,0,0,0,0,0,0,0,0,0,0,0,0,0,0,0,0,0,0,0,0,0,0,0,0,0,0,0,0,0,0,0,0,0,0,0,0,0,0,0,0,0,0,0,0
29,570,0096,609164,0000,000000,KARNATAKA,Chikmagalur,VILLAGE,Byrapura,Rural,112,504,255,249,41,21,20,201,94,107,0,0,0,304,170,134,200,85,115,117,93,24,116,93,23,1,1,0,105,83,22,5,5,0,5,4,1,1,0,1,0,0,0,0,0,0,1,0,1,0,0,0,0,0,0,0,0,0,0,0,0,0,0,0,0,0,0,1,0,1,0,0,0,0,0,0,1,0,1,0,0,0,387,162,225
29,570,0096,609165,0000,000000,KARNATAKA,Chikmagalur,VILLAGE,Doranalu,Rural,496,2202,1088,1114,194,94,100,585,291,294,31,16,15,1630,860,770,572,228,344,972,663,309,943,639,304,188,174,14,564,312,252,25,24,1,166,129,37,29,24,5,10,9,1,3,2,1,1,1,0,15,12,3,29,24,5,10,9,1,3,2,1,1,1,0,15,12,3,0,0,0,0,0,0,0,0,0,0,0,0,0,0,0,1230,425,805
29,570,0096,609166,0000,000000,KARNATAKA,Chikmagalur,VILLAGE,Geramaradi,Rural,134,672,343,329,76,35,41,9,4,5,0,0,0,374,209,165,298,134,164,256,229,27,251,226,25,187,183,4,5,3,2,0,0,0,59,40,19,5,3,2,0,0,0,1,1,0,1,1,0,3,1,2,4,2,2,0,0,0,1,1,0,1,1,0,2,0,2,1,1,0,0,0,0,0,0,0,0,0,0,1,1,0,416,114,302
29,570,0096,609167,0000,000000,KARNATAKA,Chikmagalur,VILLAGE,Bettadahalli,Rural,392,1657,845,812,108,59,49,383,191,192,0,0,0,1278,695,583,379,150,229,986,526,460,832,473,359,398,281,117,284,90,194,32,19,13,118,83,35,154,53,101,32,19,13,84,11,73,6,3,3,32,20,12,145,50,95,27,17,10,82,11,71,4,2,2,32,20,12,9,3,6,5,2,3,2,0,2,2,1,1,0,0,0,671,319,352
29,570,0096,609168,0000,000000,KARNATAKA,Chikmagalur,VILLAGE,Nagarajapura,Rural,126,628,315,313,73,34,39,626,314,312,0,0,0,317,183,134,311,132,179,246,192,54,199,164,35,115,113,2,45,27,18,0,0,0,39,24,15,47,28,19,0,0,0,47,28,19,0,0,0,0,0,0,46,27,19,0,0,0,46,27,19,0,0,0,0,0,0,1,1,0,0,0,0,1,1,0,0,0,0,0,0,0,382,123,259
29,570,0096,609169,0000,000000,KARNATAKA,Chikmagalur,VILLAGE,Hadikere,Rural,381,1606,782,824,132,61,71,298,139,159,75,40,35,1217,629,588,389,153,236,630,478,152,522,408,114,249,235,14,136,57,79,6,5,1,131,111,20,108,70,38,36,32,4,15,9,6,5,5,0,52,24,28,105,67,38,35,31,4,15,9,6,5,5,0,50,22,28,3,3,0,1,1,0,0,0,0,0,0,0,2,2,0,976,304,672
29,570,0096,609170,0000,000000,KARNATAKA,Chikmagalur,VILLAGE,Nagenahalli,Rural,301,1411,699,712,142,66,76,507,252,255,31,16,15,933,490,443,478,209,269,735,444,291,387,297,90,185,168,17,122,65,57,3,3,0,77,61,16,348,147,201,30,13,17,258,107,151,1,0,1,59,27,32,343,143,200,30,13,17,254,103,151,0,0,0,59,27,32,5,4,1,0,0,0,4,4,0,1,0,1,0,0,0,676,255,421
29,570,0096,609171,0000,000000,KARNATAKA,Chikmagalur,VILLAGE,Mundanahalli,Rural,0,0,0,0,0,0,0,0,0,0,0,0,0,0,0,0,0,0,0,0,0,0,0,0,0,0,0,0,0,0,0,0,0,0,0,0,0,0,0,0,0,0,0,0,0,0,0,0,0,0,0,0,0,0,0,0,0,0,0,0,0,0,0,0,0,0,0,0,0,0,0,0,0,0,0,0,0,0,0,0,0,0,0,0,0
29,570,0096,609172,0000,000000,KARNATAKA,Chikmagalur,VILLAGE,Kodihalli,Rural,0,0,0,0,0,0,0,0,0,0,0,0,0,0,0,0,0,0,0,0,0,0,0,0,0,0,0,0,0,0,0,0,0,0,0,0,0,0,0,0,0,0,0,0,0,0,0,0,0,0,0,0,0,0,0,0,0,0,0,0,0,0,0,0,0,0,0,0,0,0,0,0,0,0,0,0,0,0,0,0,0,0,0,0,0
29,570,0096,609173,0000,000000,KARNATAKA,Chikmagalur,VILLAGE,Obalapura,Rural,0,0,0,0,0,0,0,0,0,0,0,0,0,0,0,0,0,0,0,0,0,0,0,0,0,0,0,0,0,0,0,0,0,0,0,0,0,0,0,0,0,0,0,0,0,0,0,0,0,0,0,0,0,0,0,0,0,0,0,0,0,0,0,0,0,0,0,0,0,0,0,0,0,0,0,0,0,0,0,0,0,0,0,0,0
29,570,0096,609174,0000,000000,KARNATAKA,Chikmagalur,VILLAGE,Guddadamallenahalli,Rural,0,0,0,0,0,0,0,0,0,0,0,0,0,0,0,0,0,0,0,0,0,0,0,0,0,0,0,0,0,0,0,0,0,0,0,0,0,0,0,0,0,0,0,0,0,0,0,0,0,0,0,0,0,0,0,0,0,0,0,0,0,0,0,0,0,0,0,0,0,0,0,0,0,0,0,0,0,0,0,0,0,0,0,0,0
29,570,0096,609175,0000,000000,KARNATAKA,Chikmagalur,VILLAGE,Siddaramapura,Rural,266,1288,634,654,121,64,57,1283,631,652,0,0,0,787,421,366,501,213,288,684,392,292,626,373,253,95,91,4,421,245,176,13,1,12,97,36,61,58,19,39,4,3,1,15,4,11,7,2,5,32,10,22,35,14,21,4,3,1,10,2,8,5,2,3,16,7,9,23,5,18,0,0,0,5,2,3,2,0,2,16,3,13,604,242,362
29,570,0096,609176,0000,000000,KARNATAKA,Chikmagalur,VILLAGE,Hosahalli,Rural,21,79,36,43,6,4,2,6,2,4,0,0,0,53,25,28,26,11,15,30,22,8,24,18,6,16,15,1,7,2,5,0,0,0,1,1,0,6,4,2,1,1,0,3,2,1,0,0,0,2,1,1,6,4,2,1,1,0,3,2,1,0,0,0,2,1,1,0,0,0,0,0,0,0,0,0,0,0,0,0,0,0,49,14,35
29,570,0096,609177,0000,000000,KARNATAKA,Chikmagalur,VILLAGE,Muddenahalli S.Kaval,Rural,0,0,0,0,0,0,0,0,0,0,0,0,0,0,0,0,0,0,0,0,0,0,0,0,0,0,0,0,0,0,0,0,0,0,0,0,0,0,0,0,0,0,0,0,0,0,0,0,0,0,0,0,0,0,0,0,0,0,0,0,0,0,0,0,0,0,0,0,0,0,0,0,0,0,0,0,0,0,0,0,0,0,0,0,0
29,570,0096,609178,0000,000000,KARNATAKA,Chikmagalur,VILLAGE,Vittalapura,Rural,169,772,396,376,54,29,25,110,62,48,0,0,0,709,362,347,63,34,29,301,290,11,298,289,9,104,100,4,183,181,2,5,3,2,6,5,1,3,1,2,1,1,0,1,0,1,1,0,1,0,0,0,3,1,2,1,1,0,1,0,1,1,0,1,0,0,0,0,0,0,0,0,0,0,0,0,0,0,0,0,0,0,471,106,365
29,570,0096,609179,0000,000000,KARNATAKA,Chikmagalur,VILLAGE,Kuntinamadu,Rural,308,1427,713,714,105,41,64,250,134,116,200,92,108,1193,626,567,234,87,147,669,477,192,351,319,32,285,273,12,10,7,3,4,4,0,52,35,17,318,158,160,6,4,2,270,132,138,11,2,9,31,20,11,316,157,159,6,4,2,269,132,137,10,1,9,31,20,11,2,1,1,0,0,0,1,0,1,1,1,0,0,0,0,758,236,522
29,570,0096,609180,0000,000000,KARNATAKA,Chikmagalur,VILLAGE,Rushipura,Rural,0,0,0,0,0,0,0,0,0,0,0,0,0,0,0,0,0,0,0,0,0,0,0,0,0,0,0,0,0,0,0,0,0,0,0,0,0,0,0,0,0,0,0,0,0,0,0,0,0,0,0,0,0,0,0,0,0,0,0,0,0,0,0,0,0,0,0,0,0,0,0,0,0,0,0,0,0,0,0,0,0,0,0,0,0
29,570,0096,609181,0000,000000,KARNATAKA,Chikmagalur,VILLAGE,Ramenahalli,Rural,136,677,325,352,107,46,61,441,205,236,9,4,5,308,182,126,369,143,226,359,196,163,29,23,6,10,10,0,9,8,1,2,1,1,8,4,4,330,173,157,3,3,0,317,165,152,1,1,0,9,4,5,304,155,149,3,3,0,298,150,148,1,1,0,2,1,1,26,18,8,0,0,0,19,15,4,0,0,0,7,3,4,318,129,189
29,570,0096,609182,0000,000000,KARNATAKA,Chikmagalur,VILLAGE,Lakkenahalli,Rural,34,135,75,60,17,13,4,2,1,1,0,0,0,72,41,31,63,34,29,64,43,21,25,22,3,14,13,1,5,4,1,0,0,0,6,5,1,39,21,18,1,1,0,38,20,18,0,0,0,0,0,0,38,20,18,0,0,0,38,20,18,0,0,0,0,0,0,1,1,0,1,1,0,0,0,0,0,0,0,0,0,0,71,32,39
29,570,0096,609183,0000,000000,KARNATAKA,Chikmagalur,VILLAGE,Ittige,Rural,253,1090,537,553,109,46,63,564,276,288,216,109,107,690,386,304,400,151,249,466,315,151,455,312,143,158,126,32,212,131,81,0,0,0,85,55,30,11,3,8,2,2,0,2,0,2,0,0,0,7,1,6,8,3,5,2,2,0,0,0,0,0,0,0,6,1,5,3,0,3,0,0,0,2,0,2,0,0,0,1,0,1,624,222,402
29,570,0096,609184,0000,000000,KARNATAKA,Chikmagalur,VILLAGE,Yerehalli,Rural,112,457,217,240,42,21,21,140,66,74,31,16,15,317,165,152,140,52,88,193,141,52,187,136,51,89,82,7,74,42,32,0,0,0,24,12,12,6,5,1,1,1,0,2,1,1,0,0,0,3,3,0,6,5,1,1,1,0,2,1,1,0,0,0,3,3,0,0,0,0,0,0,0,0,0,0,0,0,0,0,0,0,264,76,188
29,570,0096,609185,0000,000000,KARNATAKA,Chikmagalur,VILLAGE,Mallenahalli,Rural,115,487,246,241,31,15,16,115,53,62,6,2,4,366,201,165,121,45,76,218,151,67,215,149,66,45,44,1,116,58,58,0,0,0,54,47,7,3,2,1,1,1,0,1,1,0,0,0,0,1,0,1,3,2,1,1,1,0,1,1,0,0,0,0,1,0,1,0,0,0,0,0,0,0,0,0,0,0,0,0,0,0,269,95,174
29,570,0096,609186,0000,000000,KARNATAKA,Chikmagalur,VILLAGE,Lakshmisagara,Rural,121,515,229,286,45,15,30,50,23,27,5,2,3,386,189,197,129,40,89,199,158,41,180,145,35,90,85,5,69,43,26,1,1,0,20,16,4,19,13,6,1,1,0,8,7,1,0,0,0,10,5,5,18,12,6,1,1,0,8,7,1,0,0,0,9,4,5,1,1,0,0,0,0,0,0,0,0,0,0,1,1,0,316,71,245
29,570,0096,609187,0000,000000,KARNATAKA,Chikmagalur,VILLAGE,Mirlenahalli,Rural,56,261,129,132,28,11,17,80,38,42,0,0,0,176,95,81,85,34,51,100,75,25,82,67,15,25,25,0,2,2,0,30,15,15,25,25,0,18,8,10,0,0,0,14,7,7,4,1,3,0,0,0,18,8,10,0,0,0,14,7,7,4,1,3,0,0,0,0,0,0,0,0,0,0,0,0,0,0,0,0,0,0,161,54,107
29,570,0096,609188,0000,000000,KARNATAKA,Chikmagalur,VILLAGE,Amrutapura,Rural,211,856,439,417,59,31,28,204,103,101,9,5,4,741,383,358,115,56,59,419,291,128,278,239,39,102,93,9,80,67,13,9,7,2,87,72,15,141,52,89,16,8,8,38,15,23,11,0,11,76,29,47,57,30,27,3,2,1,12,6,6,1,0,1,41,22,19,84,22,62,13,6,7,26,9,17,10,0,10,35,7,28,437,148,289
29,570,0096,609189,0000,000000,KARNATAKA,Chikmagalur,VILLAGE,Nerlekere,Rural,450,1819,909,910,146,73,73,380,197,183,46,21,25,1354,718,636,465,191,274,730,569,161,464,427,37,283,274,9,71,60,11,29,27,2,81,66,15,266,142,124,1,1,0,188,94,94,58,31,27,19,16,3,265,141,124,1,1,0,188,94,94,58,31,27,18,15,3,1,1,0,0,0,0,0,0,0,0,0,0,1,1,0,1089,340,749
29,570,0096,609190,0000,000000,KARNATAKA,Chikmagalur,VILLAGE,Sirehalli,Rural,0,0,0,0,0,0,0,0,0,0,0,0,0,0,0,0,0,0,0,0,0,0,0,0,0,0,0,0,0,0,0,0,0,0,0,0,0,0,0,0,0,0,0,0,0,0,0,0,0,0,0,0,0,0,0,0,0,0,0,0,0,0,0,0,0,0,0,0,0,0,0,0,0,0,0,0,0,0,0,0,0,0,0,0,0
29,570,0096,609191,0000,000000,KARNATAKA,Chikmagalur,VILLAGE,Mudenahallikaval,Rural,2,7,4,3,2,1,1,0,0,0,0,0,0,5,3,2,2,1,1,2,1,1,2,1,1,1,1,0,0,0,0,0,0,0,1,0,1,0,0,0,0,0,0,0,0,0,0,0,0,0,0,0,0,0,0,0,0,0,0,0,0,0,0,0,0,0,0,0,0,0,0,0,0,0,0,0,0,0,0,0,0,0,5,3,2
29,570,0096,609192,0000,000000,KARNATAKA,Chikmagalur,VILLAGE,Mudugundi,Rural,54,213,118,95,20,10,10,101,56,45,0,0,0,149,94,55,64,24,40,80,73,7,58,54,4,26,25,1,28,26,2,0,0,0,4,3,1,22,19,3,7,7,0,10,7,3,0,0,0,5,5,0,22,19,3,7,7,0,10,7,3,0,0,0,5,5,0,0,0,0,0,0,0,0,0,0,0,0,0,0,0,0,133,45,88
29,570,0096,609193,0000,000000,KARNATAKA,Chikmagalur,VILLAGE,Muddenahalli,Rural,0,0,0,0,0,0,0,0,0,0,0,0,0,0,0,0,0,0,0,0,0,0,0,0,0,0,0,0,0,0,0,0,0,0,0,0,0,0,0,0,0,0,0,0,0,0,0,0,0,0,0,0,0,0,0,0,0,0,0,0,0,0,0,0,0,0,0,0,0,0,0,0,0,0,0,0,0,0,0,0,0,0,0,0,0
29,570,0096,609194,0000,000000,KARNATAKA,Chikmagalur,VILLAGE,Medihalli,Rural,118,527,287,240,40,24,16,138,76,62,0,0,0,366,219,147,161,68,93,194,178,16,188,173,15,85,83,2,89,79,10,6,4,2,8,7,1,6,5,1,0,0,0,4,4,0,1,0,1,1,1,0,5,5,0,0,0,0,4,4,0,0,0,0,1,1,0,1,0,1,0,0,0,0,0,0,1,0,1,0,0,0,333,109,224
29,570,0096,609195,0000,000000,KARNATAKA,Chikmagalur,VILLAGE,Soppinahalli,Rural,31,147,75,72,8,4,4,0,0,0,0,0,0,132,69,63,15,6,9,36,29,7,34,28,6,25,22,3,2,1,1,5,4,1,2,1,1,2,1,1,0,0,0,0,0,0,0,0,0,2,1,1,2,1,1,0,0,0,0,0,0,0,0,0,2,1,1,0,0,0,0,0,0,0,0,0,0,0,0,0,0,0,111,46,65
29,570,0096,609196,0000,000000,KARNATAKA,Chikmagalur,VILLAGE,Bommenahalli,Rural,41,161,83,78,17,8,9,35,17,18,9,6,3,109,61,48,52,22,30,64,41,23,42,35,7,17,17,0,15,12,3,2,1,1,8,5,3,22,6,16,0,0,0,10,3,7,0,0,0,12,3,9,22,6,16,0,0,0,10,3,7,0,0,0,12,3,9,0,0,0,0,0,0,0,0,0,0,0,0,0,0,0,97,42,55
29,570,0096,609197,0000,000000,KARNATAKA,Chikmagalur,VILLAGE,Santedibbadakaval,Rural,1,2,1,1,0,0,0,2,1,1,0,0,0,0,0,0,2,1,1,2,1,1,0,0,0,0,0,0,0,0,0,0,0,0,0,0,0,2,1,1,0,0,0,0,0,0,0,0,0,2,1,1,2,1,1,0,0,0,0,0,0,0,0,0,2,1,1,0,0,0,0,0,0,0,0,0,0,0,0,0,0,0,0,0,0
29,570,0096,609198,0000,000000,KARNATAKA,Chikmagalur,VILLAGE,Samatala,Rural,188,794,394,400,72,33,39,86,44,42,0,0,0,630,330,300,164,64,100,488,266,222,373,239,134,244,166,78,91,41,50,2,2,0,36,30,6,115,27,88,99,19,80,9,3,6,0,0,0,7,5,2,115,27,88,99,19,80,9,3,6,0,0,0,7,5,2,0,0,0,0,0,0,0,0,0,0,0,0,0,0,0,306,128,178
29,570,0096,609199,0000,000000,KARNATAKA,Chikmagalur,VILLAGE,Siddarahalli,Rural,0,0,0,0,0,0,0,0,0,0,0,0,0,0,0,0,0,0,0,0,0,0,0,0,0,0,0,0,0,0,0,0,0,0,0,0,0,0,0,0,0,0,0,0,0,0,0,0,0,0,0,0,0,0,0,0,0,0,0,0,0,0,0,0,0,0,0,0,0,0,0,0,0,0,0,0,0,0,0,0,0,0,0,0,0
29,570,0096,609200,0000,000000,KARNATAKA,Chikmagalur,VILLAGE,Bettadavarekere,Rural,210,941,484,457,82,48,34,139,67,72,69,34,35,657,370,287,284,114,170,564,309,255,324,264,60,118,116,2,85,49,36,65,51,14,56,48,8,240,45,195,12,3,9,36,17,19,17,4,13,175,21,154,231,44,187,11,3,8,36,17,19,15,3,12,169,21,148,9,1,8,1,0,1,0,0,0,2,1,1,6,0,6,377,175,202
29,570,0096,609201,0000,000000,KARNATAKA,Chikmagalur,VILLAGE,Savemardikaval,Rural,78,284,139,145,38,20,18,241,117,124,0,0,0,158,83,75,126,56,70,123,88,35,123,88,35,19,19,0,22,6,16,0,0,0,82,63,19,0,0,0,0,0,0,0,0,0,0,0,0,0,0,0,0,0,0,0,0,0,0,0,0,0,0,0,0,0,0,0,0,0,0,0,0,0,0,0,0,0,0,0,0,0,161,51,110
29,570,0096,609202,0000,000000,KARNATAKA,Chikmagalur,VILLAGE,Gollarahalli,Rural,0,0,0,0,0,0,0,0,0,0,0,0,0,0,0,0,0,0,0,0,0,0,0,0,0,0,0,0,0,0,0,0,0,0,0,0,0,0,0,0,0,0,0,0,0,0,0,0,0,0,0,0,0,0,0,0,0,0,0,0,0,0,0,0,0,0,0,0,0,0,0,0,0,0,0,0,0,0,0,0,0,0,0,0,0
29,570,0096,609203,0000,000000,KARNATAKA,Chikmagalur,VILLAGE,Hunasaghatta,Rural,574,2328,1168,1160,194,99,95,483,233,250,45,22,23,1726,944,782,602,224,378,1224,758,466,476,423,53,258,249,9,89,70,19,13,12,1,116,92,24,748,335,413,38,20,18,669,286,383,7,5,2,34,24,10,543,265,278,37,20,17,475,223,252,5,3,2,26,19,7,205,70,135,1,0,1,194,63,131,2,2,0,8,5,3,1104,410,694
29,570,0096,609204,0000,000000,KARNATAKA,Chikmagalur,VILLAGE,Narasipura,Rural,57,221,114,107,12,8,4,27,13,14,0,0,0,170,95,75,51,19,32,148,69,79,48,37,11,22,21,1,1,1,0,2,2,0,23,13,10,100,32,68,3,1,2,15,2,13,25,4,21,57,25,32,76,23,53,3,1,2,4,0,4,24,4,20,45,18,27,24,9,15,0,0,0,11,2,9,1,0,1,12,7,5,73,45,28
29,570,0096,609205,0000,000000,KARNATAKA,Chikmagalur,VILLAGE,V.Chattanahalli,Rural,0,0,0,0,0,0,0,0,0,0,0,0,0,0,0,0,0,0,0,0,0,0,0,0,0,0,0,0,0,0,0,0,0,0,0,0,0,0,0,0,0,0,0,0,0,0,0,0,0,0,0,0,0,0,0,0,0,0,0,0,0,0,0,0,0,0,0,0,0,0,0,0,0,0,0,0,0,0,0,0,0,0,0,0,0
29,570,0096,609206,0000,000000,KARNATAKA,Chikmagalur,VILLAGE,Makanahalli,Rural,117,436,222,214,31,14,17,42,20,22,4,3,1,295,171,124,141,51,90,150,139,11,150,139,11,83,83,0,18,17,1,1,1,0,48,38,10,0,0,0,0,0,0,0,0,0,0,0,0,0,0,0,0,0,0,0,0,0,0,0,0,0,0,0,0,0,0,0,0,0,0,0,0,0,0,0,0,0,0,0,0,0,286,83,203
29,570,0096,609207,0000,000000,KARNATAKA,Chikmagalur,VILLAGE,Basavanahalli,Rural,0,0,0,0,0,0,0,0,0,0,0,0,0,0,0,0,0,0,0,0,0,0,0,0,0,0,0,0,0,0,0,0,0,0,0,0,0,0,0,0,0,0,0,0,0,0,0,0,0,0,0,0,0,0,0,0,0,0,0,0,0,0,0,0,0,0,0,0,0,0,0,0,0,0,0,0,0,0,0,0,0,0,0,0,0
29,570,0096,609208,0000,000000,KARNATAKA,Chikmagalur,VILLAGE,Shanubhoganahalli,Rural,144,549,272,277,40,19,21,195,99,96,0,0,0,392,213,179,157,59,98,186,169,17,183,166,17,116,109,7,47,42,5,0,0,0,20,15,5,3,3,0,0,0,0,1,1,0,0,0,0,2,2,0,3,3,0,0,0,0,1,1,0,0,0,0,2,2,0,0,0,0,0,0,0,0,0,0,0,0,0,0,0,0,363,103,260
29,570,0096,609209,0000,000000,KARNATAKA,Chikmagalur,VILLAGE,Vaderahalli,Rural,90,343,158,185,36,12,24,80,36,44,0,0,0,248,129,119,95,29,66,181,109,72,175,104,71,77,61,16,83,35,48,0,0,0,15,8,7,6,5,1,2,1,1,1,1,0,0,0,0,3,3,0,6,5,1,2,1,1,1,1,0,0,0,0,3,3,0,0,0,0,0,0,0,0,0,0,0,0,0,0,0,0,162,49,113
29,570,0096,609210,0000,000000,KARNATAKA,Chikmagalur,VILLAGE,Doddabokikere,Rural,142,597,307,290,48,29,19,120,62,58,0,0,0,478,261,217,119,46,73,181,169,12,136,131,5,117,114,3,11,10,1,0,0,0,8,7,1,45,38,7,3,2,1,42,36,6,0,0,0,0,0,0,45,38,7,3,2,1,42,36,6,0,0,0,0,0,0,0,0,0,0,0,0,0,0,0,0,0,0,0,0,0,416,138,278
29,570,0096,609211,0000,000000,KARNATAKA,Chikmagalur,VILLAGE,Belibasavanahalli,Rural,0,0,0,0,0,0,0,0,0,0,0,0,0,0,0,0,0,0,0,0,0,0,0,0,0,0,0,0,0,0,0,0,0,0,0,0,0,0,0,0,0,0,0,0,0,0,0,0,0,0,0,0,0,0,0,0,0,0,0,0,0,0,0,0,0,0,0,0,0,0,0,0,0,0,0,0,0,0,0,0,0,0,0,0,0
29,570,0096,609212,0000,000000,KARNATAKA,Chikmagalur,VILLAGE,Brahmanahalli,Rural,0,0,0,0,0,0,0,0,0,0,0,0,0,0,0,0,0,0,0,0,0,0,0,0,0,0,0,0,0,0,0,0,0,0,0,0,0,0,0,0,0,0,0,0,0,0,0,0,0,0,0,0,0,0,0,0,0,0,0,0,0,0,0,0,0,0,0,0,0,0,0,0,0,0,0,0,0,0,0,0,0,0,0,0,0
29,570,0096,609213,0000,000000,KARNATAKA,Chikmagalur,VILLAGE,Koranahalli,Rural,222,938,474,464,38,22,16,225,118,107,34,13,21,693,384,309,245,90,155,434,292,142,177,164,13,87,84,3,22,19,3,0,0,0,68,61,7,257,128,129,22,15,7,215,96,119,0,0,0,20,17,3,255,128,127,22,15,7,213,96,117,0,0,0,20,17,3,2,0,2,0,0,0,2,0,2,0,0,0,0,0,0,504,182,322
29,570,0096,609214,0000,000000,KARNATAKA,Chikmagalur,VILLAGE,Rajanahalli,Rural,48,241,122,119,32,16,16,0,0,0,0,0,0,113,64,49,128,58,70,155,85,70,154,84,70,4,4,0,148,78,70,1,1,0,1,1,0,1,1,0,0,0,0,1,1,0,0,0,0,0,0,0,1,1,0,0,0,0,1,1,0,0,0,0,0,0,0,0,0,0,0,0,0,0,0,0,0,0,0,0,0,0,86,37,49
29,570,0096,609215,0000,000000,KARNATAKA,Chikmagalur,VILLAGE,K.Chattanahalli,Rural,197,891,432,459,67,37,30,465,222,243,2,1,1,675,350,325,216,82,134,405,255,150,189,178,11,158,156,2,12,10,2,0,0,0,19,12,7,216,77,139,11,8,3,63,27,36,0,0,0,142,42,100,216,77,139,11,8,3,63,27,36,0,0,0,142,42,100,0,0,0,0,0,0,0,0,0,0,0,0,0,0,0,486,177,309
29,570,0096,609216,0000,000000,KARNATAKA,Chikmagalur,VILLAGE,Jannapura,Rural,1,5,4,1,2,2,0,0,0,0,5,4,1,1,1,0,4,3,1,2,1,1,2,1,1,0,0,0,2,1,1,0,0,0,0,0,0,0,0,0,0,0,0,0,0,0,0,0,0,0,0,0,0,0,0,0,0,0,0,0,0,0,0,0,0,0,0,0,0,0,0,0,0,0,0,0,0,0,0,0,0,0,3,3,0
29,570,0096,609217,0000,000000,KARNATAKA,Chikmagalur,VILLAGE,Bokikere,Rural,149,641,331,310,48,27,21,1,0,1,0,0,0,412,242,170,229,89,140,275,177,98,145,136,9,116,113,3,9,9,0,4,2,2,16,12,4,130,41,89,8,7,1,26,12,14,10,4,6,86,18,68,52,33,19,7,7,0,15,11,4,5,3,2,25,12,13,78,8,70,1,0,1,11,1,10,5,1,4,61,6,55,366,154,212
29,570,0096,609218,0000,000000,KARNATAKA,Chikmagalur,VILLAGE,Kedigehalli,Rural,0,0,0,0,0,0,0,0,0,0,0,0,0,0,0,0,0,0,0,0,0,0,0,0,0,0,0,0,0,0,0,0,0,0,0,0,0,0,0,0,0,0,0,0,0,0,0,0,0,0,0,0,0,0,0,0,0,0,0,0,0,0,0,0,0,0,0,0,0,0,0,0,0,0,0,0,0,0,0,0,0,0,0,0,0
29,570,0096,609219,0000,000000,KARNATAKA,Chikmagalur,VILLAGE,K.Gollarahalli,Rural,81,358,181,177,29,12,17,0,0,0,193,93,100,221,121,100,137,60,77,156,108,48,100,80,20,48,48,0,11,4,7,5,2,3,36,26,10,56,28,28,3,3,0,16,9,7,2,0,2,35,16,19,42,24,18,3,3,0,12,7,5,2,0,2,25,14,11,14,4,10,0,0,0,4,2,2,0,0,0,10,2,8,202,73,129
29,570,0096,609220,0000,000000,KARNATAKA,Chikmagalur,VILLAGE,Shivapura,Rural,44,178,77,101,19,5,14,69,29,40,14,7,7,121,61,60,57,16,41,85,58,27,52,44,8,16,13,3,5,4,1,1,1,0,30,26,4,33,14,19,3,2,1,14,7,7,0,0,0,16,5,11,29,13,16,2,2,0,14,7,7,0,0,0,13,4,9,4,1,3,1,0,1,0,0,0,0,0,0,3,1,2,93,19,74
29,570,0096,609221,0000,000000,KARNATAKA,Chikmagalur,VILLAGE,Kotebasavanahalli,Rural,3,12,6,6,1,0,1,0,0,0,0,0,0,8,5,3,4,1,3,6,4,2,6,4,2,0,0,0,6,4,2,0,0,0,0,0,0,0,0,0,0,0,0,0,0,0,0,0,0,0,0,0,0,0,0,0,0,0,0,0,0,0,0,0,0,0,0,0,0,0,0,0,0,0,0,0,0,0,0,0,0,0,6,2,4
29,570,0096,609222,0000,000000,KARNATAKA,Chikmagalur,VILLAGE,Mundre,Rural,344,1551,813,738,136,79,57,636,342,294,3,2,1,1101,630,471,450,183,267,910,513,397,884,500,384,606,369,237,159,58,101,3,2,1,116,71,45,26,13,13,24,11,13,1,1,0,1,1,0,0,0,0,14,6,8,14,6,8,0,0,0,0,0,0,0,0,0,12,7,5,10,5,5,1,1,0,1,1,0,0,0,0,641,300,341
29,570,0096,609223,0000,000000,KARNATAKA,Chikmagalur,VILLAGE,Siddarahalli,Rural,0,0,0,0,0,0,0,0,0,0,0,0,0,0,0,0,0,0,0,0,0,0,0,0,0,0,0,0,0,0,0,0,0,0,0,0,0,0,0,0,0,0,0,0,0,0,0,0,0,0,0,0,0,0,0,0,0,0,0,0,0,0,0,0,0,0,0,0,0,0,0,0,0,0,0,0,0,0,0,0,0,0,0,0,0
29,570,0096,609224,0000,000000,KARNATAKA,Chikmagalur,VILLAGE,Pundanahalli,Rural,63,271,132,139,30,15,15,23,10,13,0,0,0,177,101,76,94,31,63,120,88,32,108,87,21,69,64,5,34,19,15,0,0,0,5,4,1,12,1,11,2,1,1,3,0,3,0,0,0,7,0,7,12,1,11,2,1,1,3,0,3,0,0,0,7,0,7,0,0,0,0,0,0,0,0,0,0,0,0,0,0,0,151,44,107
29,570,0096,609225,0000,000000,KARNATAKA,Chikmagalur,VILLAGE,Kudlur,Rural,713,2913,1441,1472,185,89,96,899,436,463,7,2,5,2329,1255,1074,584,186,398,1372,978,394,1011,803,208,444,395,49,279,170,109,11,10,1,277,228,49,361,175,186,70,21,49,50,20,30,5,3,2,236,131,105,336,168,168,68,21,47,42,16,26,3,2,1,223,129,94,25,7,18,2,0,2,8,4,4,2,1,1,13,2,11,1541,463,1078
29,570,0096,609226,0000,000000,KARNATAKA,Chikmagalur,VILLAGE,Boodiguppe,Rural,0,0,0,0,0,0,0,0,0,0,0,0,0,0,0,0,0,0,0,0,0,0,0,0,0,0,0,0,0,0,0,0,0,0,0,0,0,0,0,0,0,0,0,0,0,0,0,0,0,0,0,0,0,0,0,0,0,0,0,0,0,0,0,0,0,0,0,0,0,0,0,0,0,0,0,0,0,0,0,0,0,0,0,0,0
29,570,0096,609227,0000,000000,KARNATAKA,Chikmagalur,VILLAGE,Kenchapura,Rural,153,659,338,321,55,28,27,377,188,189,20,9,11,409,235,174,250,103,147,330,221,109,328,221,107,137,113,24,165,89,76,6,6,0,20,13,7,2,0,2,0,0,0,1,0,1,0,0,0,1,0,1,2,0,2,0,0,0,1,0,1,0,0,0,1,0,1,0,0,0,0,0,0,0,0,0,0,0,0,0,0,0,329,117,212
29,570,0096,609228,0000,000000,KARNATAKA,Chikmagalur,VILLAGE,Billahalli,Rural,131,708,348,360,96,49,47,39,22,17,0,0,0,500,261,239,208,87,121,297,222,75,295,222,73,6,6,0,278,209,69,1,1,0,10,6,4,2,0,2,0,0,0,0,0,0,0,0,0,2,0,2,2,0,2,0,0,0,0,0,0,0,0,0,2,0,2,0,0,0,0,0,0,0,0,0,0,0,0,0,0,0,411,126,285
29,570,0096,609229,0000,000000,KARNATAKA,Chikmagalur,VILLAGE,Nagabovanahalli,Rural,93,426,210,216,49,24,25,42,19,23,3,2,1,347,177,170,79,33,46,268,136,132,169,112,57,91,66,25,59,33,26,6,4,2,13,9,4,99,24,75,19,8,11,65,10,55,2,0,2,13,6,7,98,23,75,18,7,11,65,10,55,2,0,2,13,6,7,1,1,0,1,1,0,0,0,0,0,0,0,0,0,0,158,74,84
29,570,0096,609230,0000,000000,KARNATAKA,Chikmagalur,VILLAGE,Masanekerekaval,Rural,0,0,0,0,0,0,0,0,0,0,0,0,0,0,0,0,0,0,0,0,0,0,0,0,0,0,0,0,0,0,0,0,0,0,0,0,0,0,0,0,0,0,0,0,0,0,0,0,0,0,0,0,0,0,0,0,0,0,0,0,0,0,0,0,0,0,0,0,0,0,0,0,0,0,0,0,0,0,0,0,0,0,0,0,0
29,570,0096,609231,0000,000000,KARNATAKA,Chikmagalur,VILLAGE,Beeranahalli,Rural,327,1423,737,686,106,59,47,230,117,113,100,51,49,1011,585,426,412,152,260,725,451,274,684,427,257,213,210,3,421,179,242,4,3,1,46,35,11,41,24,17,1,1,0,36,20,16,0,0,0,4,3,1,38,23,15,1,1,0,33,19,14,0,0,0,4,3,1,3,1,2,0,0,0,3,1,2,0,0,0,0,0,0,698,286,412
29,570,0096,609232,0000,000000,KARNATAKA,Chikmagalur,VILLAGE,Nagenahalli,Rural,57,255,124,131,15,9,6,0,0,0,6,3,3,222,113,109,33,11,22,142,87,55,141,86,55,124,73,51,12,9,3,0,0,0,5,4,1,1,1,0,0,0,0,1,1,0,0,0,0,0,0,0,1,1,0,0,0,0,1,1,0,0,0,0,0,0,0,0,0,0,0,0,0,0,0,0,0,0,0,0,0,0,113,37,76
29,570,0096,609233,0000,000000,KARNATAKA,Chikmagalur,VILLAGE,Karehalli,Rural,211,1056,544,512,136,76,60,420,216,204,25,12,13,604,334,270,452,210,242,367,197,170,326,176,150,100,68,32,136,74,62,9,1,8,81,33,48,41,21,20,16,11,5,2,1,1,1,0,1,22,9,13,37,19,18,14,9,5,2,1,1,0,0,0,21,9,12,4,2,2,2,2,0,0,0,0,1,0,1,1,0,1,689,347,342
29,570,0096,609234,0000,000000,KARNATAKA,Chikmagalur,VILLAGE,Haralahalli,Rural,178,754,381,373,49,25,24,54,29,25,84,43,41,594,319,275,160,62,98,303,234,69,274,230,44,195,176,19,43,30,13,3,1,2,33,23,10,29,4,25,3,1,2,7,2,5,0,0,0,19,1,18,18,3,15,2,1,1,6,1,5,0,0,0,10,1,9,11,1,10,1,0,1,1,1,0,0,0,0,9,0,9,451,147,304
29,570,0096,609235,0000,000000,KARNATAKA,Chikmagalur,VILLAGE,Bhaktana Katte,Rural,320,1501,769,732,158,73,85,679,348,331,44,26,18,1015,608,407,486,161,325,863,436,427,792,404,388,562,295,267,28,13,15,68,37,31,134,59,75,71,32,39,24,12,12,7,3,4,8,2,6,32,15,17,69,31,38,24,12,12,7,3,4,8,2,6,30,14,16,2,1,1,0,0,0,0,0,0,0,0,0,2,1,1,638,333,305
29,570,0096,609236,0000,000000,KARNATAKA,Chikmagalur,VILLAGE,Kallenahalli,Rural,225,978,503,475,93,55,38,1,1,0,16,8,8,723,399,324,255,104,151,620,314,306,255,189,66,143,118,25,76,41,35,2,2,0,34,28,6,365,125,240,15,9,6,90,36,54,4,3,1,256,77,179,243,116,127,13,9,4,87,36,51,4,3,1,139,68,71,122,9,113,2,0,2,3,0,3,0,0,0,117,9,108,358,189,169
29,570,0096,609237,0000,000000,KARNATAKA,Chikmagalur,VILLAGE,Dandoor,Rural,267,1121,566,555,86,45,41,259,128,131,162,83,79,887,477,410,234,89,145,426,333,93,336,304,32,149,148,1,142,118,24,11,10,1,34,28,6,90,29,61,7,5,2,78,21,57,0,0,0,5,3,2,90,29,61,7,5,2,78,21,57,0,0,0,5,3,2,0,0,0,0,0,0,0,0,0,0,0,0,0,0,0,695,233,462
29,570,0096,609238,0000,000000,KARNATAKA,Chikmagalur,VILLAGE,Baramanahalli,Rural,12,49,26,23,8,4,4,49,26,23,0,0,0,26,15,11,23,11,12,29,15,14,7,7,0,7,7,0,0,0,0,0,0,0,0,0,0,22,8,14,0,0,0,22,8,14,0,0,0,0,0,0,22,8,14,0,0,0,22,8,14,0,0,0,0,0,0,0,0,0,0,0,0,0,0,0,0,0,0,0,0,0,20,11,9
29,570,0096,609239,0000,000000,KARNATAKA,Chikmagalur,VILLAGE,Bukkambudi,Rural,750,2996,1489,1507,262,140,122,600,296,304,72,34,38,2223,1150,1073,773,339,434,1382,915,467,1145,788,357,197,172,25,501,256,245,39,36,3,408,324,84,237,127,110,3,1,2,15,1,14,6,3,3,213,122,91,235,127,108,2,1,1,15,1,14,6,3,3,212,122,90,2,0,2,1,0,1,0,0,0,0,0,0,1,0,1,1614,574,1040
29,570,0096,609240,0000,000000,KARNATAKA,Chikmagalur,VILLAGE,Jodijayapura,Rural,0,0,0,0,0,0,0,0,0,0,0,0,0,0,0,0,0,0,0,0,0,0,0,0,0,0,0,0,0,0,0,0,0,0,0,0,0,0,0,0,0,0,0,0,0,0,0,0,0,0,0,0,0,0,0,0,0,0,0,0,0,0,0,0,0,0,0,0,0,0,0,0,0,0,0,0,0,0,0,0,0,0,0,0,0
29,570,0096,609241,0000,000000,KARNATAKA,Chikmagalur,VILLAGE,Attigatta,Rural,85,410,214,196,46,29,17,34,18,16,33,19,14,235,137,98,175,77,98,239,147,92,237,147,90,157,101,56,74,42,32,1,1,0,5,3,2,2,0,2,0,0,0,1,0,1,0,0,0,1,0,1,0,0,0,0,0,0,0,0,0,0,0,0,0,0,0,2,0,2,0,0,0,1,0,1,0,0,0,1,0,1,171,67,104
29,570,0096,609242,0000,000000,KARNATAKA,Chikmagalur,VILLAGE,Siragalipura,Rural,82,351,170,181,36,18,18,114,59,55,17,8,9,214,112,102,137,58,79,208,115,93,195,110,85,104,59,45,83,48,35,1,0,1,7,3,4,13,5,8,7,4,3,5,1,4,0,0,0,1,0,1,11,5,6,6,4,2,4,1,3,0,0,0,1,0,1,2,0,2,1,0,1,1,0,1,0,0,0,0,0,0,143,55,88
29,570,0096,609243,0000,000000,KARNATAKA,Chikmagalur,VILLAGE,Lakshmisagara,Rural,0,0,0,0,0,0,0,0,0,0,0,0,0,0,0,0,0,0,0,0,0,0,0,0,0,0,0,0,0,0,0,0,0,0,0,0,0,0,0,0,0,0,0,0,0,0,0,0,0,0,0,0,0,0,0,0,0,0,0,0,0,0,0,0,0,0,0,0,0,0,0,0,0,0,0,0,0,0,0,0,0,0,0,0,0
29,570,0096,609244,0000,000000,KARNATAKA,Chikmagalur,VILLAGE,Gundasamudra,Rural,0,0,0,0,0,0,0,0,0,0,0,0,0,0,0,0,0,0,0,0,0,0,0,0,0,0,0,0,0,0,0,0,0,0,0,0,0,0,0,0,0,0,0,0,0,0,0,0,0,0,0,0,0,0,0,0,0,0,0,0,0,0,0,0,0,0,0,0,0,0,0,0,0,0,0,0,0,0,0,0,0,0,0,0,0
29,570,0096,609245,0000,000000,KARNATAKA,Chikmagalur,VILLAGE,Makanahalli,Rural,0,0,0,0,0,0,0,0,0,0,0,0,0,0,0,0,0,0,0,0,0,0,0,0,0,0,0,0,0,0,0,0,0,0,0,0,0,0,0,0,0,0,0,0,0,0,0,0,0,0,0,0,0,0,0,0,0,0,0,0,0,0,0,0,0,0,0,0,0,0,0,0,0,0,0,0,0,0,0,0,0,0,0,0,0
29,570,0096,609246,0000,000000,KARNATAKA,Chikmagalur,VILLAGE,Koppadahalli,Rural,110,501,255,246,50,23,27,0,0,0,37,16,21,360,194,166,141,61,80,245,181,64,166,152,14,1,1,0,5,4,1,1,1,0,159,146,13,79,29,50,1,1,0,0,0,0,0,0,0,78,28,50,79,29,50,1,1,0,0,0,0,0,0,0,78,28,50,0,0,0,0,0,0,0,0,0,0,0,0,0,0,0,256,74,182
29,570,0096,609247,0000,000000,KARNATAKA,Chikmagalur,VILLAGE,Kanabagatte,Rural,224,989,510,479,67,42,25,161,82,79,0,0,0,808,440,368,181,70,111,666,350,316,587,317,270,476,253,223,88,49,39,5,5,0,18,10,8,79,33,46,3,3,0,72,27,45,0,0,0,4,3,1,79,33,46,3,3,0,72,27,45,0,0,0,4,3,1,0,0,0,0,0,0,0,0,0,0,0,0,0,0,0,323,160,163
29,570,0096,609248,0000,000000,KARNATAKA,Chikmagalur,VILLAGE,Hariyanahalli,Rural,80,351,164,187,34,16,18,0,0,0,0,0,0,270,136,134,81,28,53,238,116,122,103,92,11,98,88,10,4,3,1,0,0,0,1,1,0,135,24,111,1,0,1,134,24,110,0,0,0,0,0,0,134,24,110,0,0,0,134,24,110,0,0,0,0,0,0,1,0,1,1,0,1,0,0,0,0,0,0,0,0,0,113,48,65
29,570,0096,609249,0000,000000,KARNATAKA,Chikmagalur,VILLAGE,Shivane,Rural,1147,4629,2315,2314,443,229,214,706,368,338,141,71,70,3155,1779,1376,1474,536,938,2312,1475,837,1613,1279,334,720,645,75,289,168,121,69,53,16,535,413,122,699,196,503,56,44,12,210,49,161,31,9,22,402,94,308,431,157,274,48,37,11,201,46,155,15,6,9,167,68,99,268,39,229,8,7,1,9,3,6,16,3,13,235,26,209,2317,840,1477
29,570,0096,609250,0000,000000,KARNATAKA,Chikmagalur,VILLAGE,Shivanekaval,Rural,0,0,0,0,0,0,0,0,0,0,0,0,0,0,0,0,0,0,0,0,0,0,0,0,0,0,0,0,0,0,0,0,0,0,0,0,0,0,0,0,0,0,0,0,0,0,0,0,0,0,0,0,0,0,0,0,0,0,0,0,0,0,0,0,0,0,0,0,0,0,0,0,0,0,0,0,0,0,0,0,0,0,0,0,0
29,570,0096,609251,0000,000000,KARNATAKA,Chikmagalur,VILLAGE,Gijikatte,Rural,86,350,177,173,26,13,13,11,7,4,51,27,24,280,150,130,70,27,43,222,118,104,189,102,87,145,76,69,11,4,7,6,5,1,27,17,10,33,16,17,17,5,12,0,0,0,1,0,1,15,11,4,32,15,17,17,5,12,0,0,0,1,0,1,14,10,4,1,1,0,0,0,0,0,0,0,0,0,0,1,1,0,128,59,69
29,570,0096,609252,0000,000000,KARNATAKA,Chikmagalur,VILLAGE,Rangapura,Rural,184,724,371,353,49,26,23,147,77,70,345,176,169,403,232,171,321,139,182,426,273,153,424,271,153,202,147,55,196,108,88,0,0,0,26,16,10,2,2,0,0,0,0,1,1,0,0,0,0,1,1,0,1,1,0,0,0,0,1,1,0,0,0,0,0,0,0,1,1,0,0,0,0,0,0,0,0,0,0,1,1,0,298,98,200
29,570,0096,609253,0000,000000,KARNATAKA,Chikmagalur,VILLAGE,Thygadakatte,Rural,243,1080,545,535,120,63,57,164,78,86,32,17,15,770,431,339,310,114,196,394,337,57,374,320,54,242,222,20,25,15,10,9,9,0,98,74,24,20,17,3,7,6,1,0,0,0,0,0,0,13,11,2,19,16,3,7,6,1,0,0,0,0,0,0,12,10,2,1,1,0,0,0,0,0,0,0,0,0,0,1,1,0,686,208,478
29,570,0096,609254,0000,000000,KARNATAKA,Chikmagalur,VILLAGE,Banoor,Rural,195,838,428,410,69,42,27,103,48,55,1,0,1,640,355,285,198,73,125,439,254,185,171,141,30,70,65,5,20,10,10,6,4,2,75,62,13,268,113,155,2,1,1,111,58,53,3,1,2,152,53,99,245,102,143,2,1,1,102,51,51,3,1,2,138,49,89,23,11,12,0,0,0,9,7,2,0,0,0,14,4,10,399,174,225
29,570,0096,609255,0000,000000,KARNATAKA,Chikmagalur,VILLAGE,Veerapura,Rural,0,0,0,0,0,0,0,0,0,0,0,0,0,0,0,0,0,0,0,0,0,0,0,0,0,0,0,0,0,0,0,0,0,0,0,0,0,0,0,0,0,0,0,0,0,0,0,0,0,0,0,0,0,0,0,0,0,0,0,0,0,0,0,0,0,0,0,0,0,0,0,0,0,0,0,0,0,0,0,0,0,0,0,0,0
29,570,0096,609256,0000,000000,KARNATAKA,Chikmagalur,VILLAGE,Anuvanahalli,Rural,258,994,490,504,68,37,31,67,28,39,1,0,1,814,426,388,180,64,116,433,302,131,401,296,105,292,231,61,37,18,19,4,2,2,68,45,23,32,6,26,1,1,0,20,1,19,0,0,0,11,4,7,32,6,26,1,1,0,20,1,19,0,0,0,11,4,7,0,0,0,0,0,0,0,0,0,0,0,0,0,0,0,561,188,373
29,570,0096,609257,0000,000000,KARNATAKA,Chikmagalur,VILLAGE,Javoor,Rural,260,1109,560,549,96,50,46,70,38,32,60,29,31,782,439,343,327,121,206,511,359,152,478,339,139,231,185,46,215,127,88,9,9,0,23,18,5,33,20,13,5,5,0,12,4,8,2,1,1,14,10,4,32,19,13,4,4,0,12,4,8,2,1,1,14,10,4,1,1,0,1,1,0,0,0,0,0,0,0,0,0,0,598,201,397
29,570,0096,609258,0000,000000,KARNATAKA,Chikmagalur,VILLAGE,Danayakapura,Rural,135,618,320,298,38,23,15,95,51,44,0,0,0,517,277,240,101,43,58,452,243,209,338,201,137,266,150,116,14,7,7,44,38,6,14,6,8,114,42,72,27,14,13,71,16,55,9,6,3,7,6,1,104,39,65,23,14,9,71,16,55,5,4,1,5,5,0,10,3,7,4,0,4,0,0,0,4,2,2,2,1,1,166,77,89
29,570,0096,609259,0000,000000,KARNATAKA,Chikmagalur,VILLAGE,Chikkanvangala,Rural,198,808,402,406,83,42,41,235,121,114,23,13,10,540,291,249,268,111,157,317,271,46,307,268,39,152,146,6,70,47,23,38,36,2,47,39,8,10,3,7,3,3,0,6,0,6,0,0,0,1,0,1,10,3,7,3,3,0,6,0,6,0,0,0,1,0,1,0,0,0,0,0,0,0,0,0,0,0,0,0,0,0,491,131,360
29,570,0096,609260,0000,000000,KARNATAKA,Chikmagalur,VILLAGE,Siddapura,Rural,85,395,189,206,44,19,25,16,9,7,0,0,0,314,162,152,81,27,54,262,136,126,173,113,60,79,72,7,44,14,30,5,5,0,45,22,23,89,23,66,17,6,11,28,8,20,2,1,1,42,8,34,80,19,61,17,6,11,27,8,19,2,1,1,34,4,30,9,4,5,0,0,0,1,0,1,0,0,0,8,4,4,133,53,80
29,570,0096,609261,0000,000000,KARNATAKA,Chikmagalur,VILLAGE,Jaldihalli,Rural,176,771,391,380,48,29,19,77,35,42,126,64,62,636,340,296,135,51,84,276,222,54,258,211,47,144,142,2,78,39,39,0,0,0,36,30,6,18,11,7,2,1,1,11,6,5,0,0,0,5,4,1,18,11,7,2,1,1,11,6,5,0,0,0,5,4,1,0,0,0,0,0,0,0,0,0,0,0,0,0,0,0,495,169,326
29,570,0096,609262,0000,000000,KARNATAKA,Chikmagalur,VILLAGE,Thimmapura,Rural,81,346,182,164,25,17,8,76,41,35,2,1,1,254,142,112,92,40,52,135,109,26,130,107,23,77,74,3,32,16,16,0,0,0,21,17,4,5,2,3,1,1,0,3,0,3,0,0,0,1,1,0,5,2,3,1,1,0,3,0,3,0,0,0,1,1,0,0,0,0,0,0,0,0,0,0,0,0,0,0,0,0,211,73,138
29,570,0096,609263,0000,000000,KARNATAKA,Chikmagalur,VILLAGE,Hirekanvangala,Rural,207,885,451,434,64,27,37,172,79,93,0,0,0,782,412,370,103,39,64,568,301,267,383,283,100,243,223,20,83,21,62,14,10,4,43,29,14,185,18,167,17,6,11,80,5,75,12,4,8,76,3,73,183,18,165,17,6,11,78,5,73,12,4,8,76,3,73,2,0,2,0,0,0,2,0,2,0,0,0,0,0,0,317,150,167
29,570,0096,609264,0000,000000,KARNATAKA,Chikmagalur,VILLAGE,Hosahalli,Rural,150,604,298,306,35,18,17,45,22,23,0,0,0,469,250,219,135,48,87,278,203,75,267,199,68,201,165,36,39,17,22,0,0,0,27,17,10,11,4,7,5,2,3,1,0,1,0,0,0,5,2,3,11,4,7,5,2,3,1,0,1,0,0,0,5,2,3,0,0,0,0,0,0,0,0,0,0,0,0,0,0,0,326,95,231
29,570,0096,609265,0000,000000,KARNATAKA,Chikmagalur,VILLAGE,Naranapura,Rural,347,1323,637,686,104,54,50,5,3,2,5,2,3,1021,541,480,302,96,206,838,446,392,828,445,383,553,388,165,227,27,200,0,0,0,48,30,18,10,1,9,2,0,2,7,1,6,0,0,0,1,0,1,8,1,7,0,0,0,7,1,6,0,0,0,1,0,1,2,0,2,2,0,2,0,0,0,0,0,0,0,0,0,485,191,294
29,570,0096,609266,0000,000000,KARNATAKA,Chikmagalur,VILLAGE,Bankana Katte,Rural,332,1508,757,751,111,50,61,320,169,151,0,0,0,1077,617,460,431,140,291,894,488,406,826,458,368,470,274,196,268,140,128,11,6,5,77,38,39,68,30,38,31,11,20,3,0,3,1,0,1,33,19,14,61,28,33,27,9,18,1,0,1,0,0,0,33,19,14,7,2,5,4,2,2,2,0,2,1,0,1,0,0,0,614,269,345
29,570,0096,609267,0000,000000,KARNATAKA,Chikmagalur,VILLAGE,Abbinaholalu,Rural,66,322,165,157,19,11,8,16,7,9,0,0,0,244,142,102,78,23,55,106,74,32,106,74,32,85,58,27,11,9,2,0,0,0,10,7,3,0,0,0,0,0,0,0,0,0,0,0,0,0,0,0,0,0,0,0,0,0,0,0,0,0,0,0,0,0,0,0,0,0,0,0,0,0,0,0,0,0,0,0,0,0,216,91,125
29,570,0096,609268,0000,000000,KARNATAKA,Chikmagalur,VILLAGE,Tadaga,Rural,429,1788,887,901,144,76,68,311,152,159,11,5,6,1239,679,560,549,208,341,1034,600,434,827,497,330,672,386,286,100,69,31,7,5,2,48,37,11,207,103,104,11,7,4,184,89,95,2,1,1,10,6,4,203,101,102,11,7,4,182,89,93,2,1,1,8,4,4,4,2,2,0,0,0,2,0,2,0,0,0,2,2,0,754,287,467
29,570,0096,609269,0000,000000,KARNATAKA,Chikmagalur,VILLAGE,Giriyapura,Rural,104,422,210,212,33,12,21,72,36,36,0,0,0,309,167,142,113,43,70,222,128,94,207,123,84,197,118,79,7,2,5,0,0,0,3,3,0,15,5,10,9,1,8,1,0,1,1,1,0,4,3,1,14,5,9,9,1,8,0,0,0,1,1,0,4,3,1,1,0,1,0,0,0,1,0,1,0,0,0,0,0,0,200,82,118
29,570,0096,609270,0000,000000,KARNATAKA,Chikmagalur,VILLAGE,Cheernanahalli Kaval,Rural,0,0,0,0,0,0,0,0,0,0,0,0,0,0,0,0,0,0,0,0,0,0,0,0,0,0,0,0,0,0,0,0,0,0,0,0,0,0,0,0,0,0,0,0,0,0,0,0,0,0,0,0,0,0,0,0,0,0,0,0,0,0,0,0,0,0,0,0,0,0,0,0,0,0,0,0,0,0,0,0,0,0,0,0,0
29,570,0096,609271,0000,000000,KARNATAKA,Chikmagalur,VILLAGE,Basavapura,Rural,171,742,368,374,77,33,44,223,119,104,0,0,0,375,221,154,367,147,220,314,231,83,284,230,54,179,136,43,78,75,3,0,0,0,27,19,8,30,1,29,3,0,3,24,0,24,0,0,0,3,1,2,30,1,29,3,0,3,24,0,24,0,0,0,3,1,2,0,0,0,0,0,0,0,0,0,0,0,0,0,0,0,428,137,291
29,570,0096,609272,0000,000000,KARNATAKA,Chikmagalur,VILLAGE,Thyarajjanahalli,Rural,42,165,76,89,11,6,5,55,27,28,13,6,7,105,57,48,60,19,41,94,48,46,92,47,45,60,37,23,29,7,22,0,0,0,3,3,0,2,1,1,0,0,0,1,0,1,0,0,0,1,1,0,2,1,1,0,0,0,1,0,1,0,0,0,1,1,0,0,0,0,0,0,0,0,0,0,0,0,0,0,0,0,71,28,43
29,570,0096,609273,0000,000000,KARNATAKA,Chikmagalur,VILLAGE,Beernahalli,Rural,139,607,318,289,36,22,14,20,10,10,0,0,0,422,241,181,185,77,108,405,215,190,400,212,188,378,201,177,7,4,3,1,1,0,14,6,8,5,3,2,0,0,0,0,0,0,0,0,0,5,3,2,3,2,1,0,0,0,0,0,0,0,0,0,3,2,1,2,1,1,0,0,0,0,0,0,0,0,0,2,1,1,202,103,99
29,570,0096,609274,0000,000000,KARNATAKA,Chikmagalur,VILLAGE,Nandipura,Rural,304,1373,700,673,171,94,77,375,198,177,26,10,16,946,518,428,427,182,245,481,418,63,467,415,52,239,221,18,189,165,24,6,6,0,33,23,10,14,3,11,1,1,0,2,1,1,0,0,0,11,1,10,5,2,3,1,1,0,2,1,1,0,0,0,2,0,2,9,1,8,0,0,0,0,0,0,0,0,0,9,1,8,892,282,610
29,570,0096,609275,0000,000000,KARNATAKA,Chikmagalur,VILLAGE,Hannekaval,Rural,0,0,0,0,0,0,0,0,0,0,0,0,0,0,0,0,0,0,0,0,0,0,0,0,0,0,0,0,0,0,0,0,0,0,0,0,0,0,0,0,0,0,0,0,0,0,0,0,0,0,0,0,0,0,0,0,0,0,0,0,0,0,0,0,0,0,0,0,0,0,0,0,0,0,0,0,0,0,0,0,0,0,0,0,0
29,570,0096,609276,0000,000000,KARNATAKA,Chikmagalur,VILLAGE,Hanne,Rural,137,546,275,271,44,22,22,60,30,30,11,5,6,442,244,198,104,31,73,390,199,191,175,149,26,71,69,2,91,71,20,4,4,0,9,5,4,215,50,165,5,4,1,201,43,158,7,2,5,2,1,1,215,50,165,5,4,1,201,43,158,7,2,5,2,1,1,0,0,0,0,0,0,0,0,0,0,0,0,0,0,0,156,76,80
29,570,0096,609277,0000,000000,KARNATAKA,Chikmagalur,VILLAGE,Gejjegondanahalli,Rural,212,835,418,417,65,34,31,230,118,112,46,23,23,627,340,287,208,78,130,566,284,282,481,265,216,125,116,9,336,133,203,5,5,0,15,11,4,85,19,66,16,10,6,64,8,56,2,0,2,3,1,2,82,19,63,16,10,6,62,8,54,1,0,1,3,1,2,3,0,3,0,0,0,2,0,2,1,0,1,0,0,0,269,134,135
29,570,0096,609278,0000,000000,KARNATAKA,Chikmagalur,VILLAGE,Hebbur,Rural,240,1054,518,536,97,53,44,167,82,85,0,0,0,824,434,390,230,84,146,466,301,165,61,53,8,42,40,2,0,0,0,5,2,3,14,11,3,405,248,157,137,119,18,69,48,21,3,2,1,196,79,117,399,244,155,133,115,18,67,48,19,3,2,1,196,79,117,6,4,2,4,4,0,2,0,2,0,0,0,0,0,0,588,217,371
29,570,0096,609279,0000,000000,KARNATAKA,Chikmagalur,VILLAGE,Asunde,Rural,5,20,8,12,0,0,0,0,0,0,0,0,0,20,8,12,0,0,0,10,7,3,7,6,1,3,3,0,0,0,0,0,0,0,4,3,1,3,1,2,0,0,0,0,0,0,0,0,0,3,1,2,2,1,1,0,0,0,0,0,0,0,0,0,2,1,1,1,0,1,0,0,0,0,0,0,0,0,0,1,0,1,10,1,9
29,570,0096,609280,0000,000000,KARNATAKA,Chikmagalur,VILLAGE,Siraganahalli,Rural,63,310,163,147,16,7,9,0,0,0,0,0,0,259,150,109,51,13,38,131,113,18,118,112,6,78,78,0,22,22,0,6,4,2,12,8,4,13,1,12,0,0,0,0,0,0,0,0,0,13,1,12,2,1,1,0,0,0,0,0,0,0,0,0,2,1,1,11,0,11,0,0,0,0,0,0,0,0,0,11,0,11,179,50,129
29,570,0096,609281,0000,000000,KARNATAKA,Chikmagalur,VILLAGE,Bandre,Rural,254,941,467,474,75,37,38,35,17,18,5,2,3,693,378,315,248,89,159,429,328,101,399,309,90,148,147,1,154,71,83,0,0,0,97,91,6,30,19,11,0,0,0,27,19,8,0,0,0,3,0,3,30,19,11,0,0,0,27,19,8,0,0,0,3,0,3,0,0,0,0,0,0,0,0,0,0,0,0,0,0,0,512,139,373
29,570,0096,609282,0000,000000,KARNATAKA,Chikmagalur,VILLAGE,Annapura,Rural,80,268,128,140,14,4,10,1,1,0,0,0,0,220,116,104,48,12,36,108,94,14,96,87,9,67,66,1,25,19,6,1,1,0,3,1,2,12,7,5,0,0,0,0,0,0,0,0,0,12,7,5,1,0,1,0,0,0,0,0,0,0,0,0,1,0,1,11,7,4,0,0,0,0,0,0,0,0,0,11,7,4,160,34,126
29,570,0096,609283,0000,000000,KARNATAKA,Chikmagalur,VILLAGE,Garagadahalli,Rural,177,742,392,350,84,44,40,304,160,144,41,20,21,439,262,177,303,130,173,315,261,54,264,247,17,195,192,3,52,42,10,4,3,1,13,10,3,51,14,37,10,5,5,41,9,32,0,0,0,0,0,0,47,13,34,9,4,5,38,9,29,0,0,0,0,0,0,4,1,3,1,1,0,3,0,3,0,0,0,0,0,0,427,131,296
29,570,0096,609284,0000,000000,KARNATAKA,Chikmagalur,VILLAGE,Boothanahalli,Rural,165,759,389,370,85,39,46,113,56,57,456,227,229,430,262,168,329,127,202,476,242,234,210,203,7,170,170,0,23,21,2,0,0,0,17,12,5,266,39,227,37,0,37,204,31,173,1,1,0,24,7,17,263,38,225,37,0,37,203,31,172,0,0,0,23,7,16,3,1,2,0,0,0,1,0,1,1,1,0,1,0,1,283,147,136
29,570,0096,609285,0000,000000,KARNATAKA,Chikmagalur,VILLAGE,Arabala,Rural,127,624,321,303,65,25,40,33,18,15,221,112,109,340,202,138,284,119,165,420,229,191,378,222,156,297,186,111,52,17,35,2,1,1,27,18,9,42,7,35,6,4,2,14,3,11,0,0,0,22,0,22,42,7,35,6,4,2,14,3,11,0,0,0,22,0,22,0,0,0,0,0,0,0,0,0,0,0,0,0,0,0,204,92,112
29,570,0096,609286,0000,000000,KARNATAKA,Chikmagalur,VILLAGE,Guddadahalli,Rural,85,391,191,200,47,27,20,0,0,0,3,2,1,267,140,127,124,51,73,217,102,115,106,100,6,89,85,4,16,14,2,0,0,0,1,1,0,111,2,109,2,1,1,0,0,0,0,0,0,109,1,108,111,2,109,2,1,1,0,0,0,0,0,0,109,1,108,0,0,0,0,0,0,0,0,0,0,0,0,0,0,0,174,89,85
29,570,0096,609287,0000,000000,KARNATAKA,Chikmagalur,VILLAGE,Mylanahalli,Rural,17,89,39,50,11,6,5,0,0,0,0,0,0,55,27,28,34,12,22,46,26,20,36,26,10,34,26,8,2,0,2,0,0,0,0,0,0,10,0,10,2,0,2,5,0,5,2,0,2,1,0,1,8,0,8,2,0,2,5,0,5,0,0,0,1,0,1,2,0,2,0,0,0,0,0,0,2,0,2,0,0,0,43,13,30
29,570,0096,609288,0000,000000,KARNATAKA,Chikmagalur,VILLAGE,Kallapura,Rural,73,333,165,168,28,20,8,0,0,0,0,0,0,194,108,86,139,57,82,124,98,26,116,93,23,60,58,2,49,29,20,0,0,0,7,6,1,8,5,3,0,0,0,1,0,1,0,0,0,7,5,2,1,0,1,0,0,0,1,0,1,0,0,0,0,0,0,7,5,2,0,0,0,0,0,0,0,0,0,7,5,2,209,67,142
29,570,0096,609289,0000,000000,KARNATAKA,Chikmagalur,VILLAGE,Gadihalli,Rural,532,2295,1194,1101,201,121,80,356,193,163,93,49,44,1642,918,724,653,276,377,855,698,157,829,689,140,278,272,6,454,333,121,41,39,2,56,45,11,26,9,17,2,1,1,0,0,0,0,0,0,24,8,16,14,9,5,2,1,1,0,0,0,0,0,0,12,8,4,12,0,12,0,0,0,0,0,0,0,0,0,12,0,12,1440,496,944
29,570,0096,609290,0000,000000,KARNATAKA,Chikmagalur,VILLAGE,Katiganere,Rural,264,1063,556,507,85,54,31,274,142,132,2,1,1,842,471,371,221,85,136,451,340,111,446,337,109,219,207,12,173,86,87,8,7,1,46,37,9,5,3,2,1,1,0,1,1,0,0,0,0,3,1,2,3,2,1,1,1,0,0,0,0,0,0,0,2,1,1,2,1,1,0,0,0,1,1,0,0,0,0,1,0,1,612,216,396
29,570,0096,609291,0000,000000,KARNATAKA,Chikmagalur,VILLAGE,Gowrapura ,Rural,328,1441,703,738,130,58,72,16,9,7,7,1,6,1206,611,595,235,92,143,493,446,47,467,429,38,202,193,9,71,61,10,9,8,1,185,167,18,26,17,9,1,1,0,0,0,0,1,0,1,24,16,8,25,17,8,1,1,0,0,0,0,0,0,0,24,16,8,1,0,1,0,0,0,0,0,0,1,0,1,0,0,0,948,257,691
29,570,0096,609292,0000,000000,KARNATAKA,Chikmagalur,VILLAGE,Ajjampura,Rural,2626,11372,5720,5652,1022,536,486,1411,720,691,448,216,232,8562,4585,3977,2810,1135,1675,4849,3394,1455,4239,3019,1220,501,422,79,334,154,180,258,174,84,3146,2269,877,610,375,235,38,22,16,127,35,92,15,7,8,430,311,119,575,358,217,36,21,15,126,35,91,14,7,7,399,295,104,35,17,18,2,1,1,1,0,1,1,0,1,31,16,15,6523,2326,4197
29,570,0096,609293,0000,000000,KARNATAKA,Chikmagalur,VILLAGE,Attimogge,Rural,235,1030,533,497,99,53,46,93,49,44,2,1,1,753,426,327,277,107,170,453,338,115,387,325,62,154,142,12,57,28,29,9,9,0,167,146,21,66,13,53,2,1,1,43,5,38,3,0,3,18,7,11,55,11,44,2,1,1,35,5,30,2,0,2,16,5,11,11,2,9,0,0,0,8,0,8,1,0,1,2,2,0,577,195,382
29,570,0096,609294,0000,000000,KARNATAKA,Chikmagalur,VILLAGE,Thippagondanahalli,Rural,102,438,209,229,27,12,15,42,16,26,36,19,17,326,162,164,112,47,65,155,136,19,79,74,5,70,69,1,0,0,0,0,0,0,9,5,4,76,62,14,55,46,9,19,15,4,0,0,0,2,1,1,72,61,11,51,45,6,19,15,4,0,0,0,2,1,1,4,1,3,4,1,3,0,0,0,0,0,0,0,0,0,283,73,210
29,570,0096,609295,0000,000000,KARNATAKA,Chikmagalur,VILLAGE,Kallasettihalli,Rural,84,299,159,140,23,15,8,0,0,0,0,0,0,237,136,101,62,23,39,211,115,96,111,105,6,89,88,1,11,7,4,7,7,0,4,3,1,100,10,90,3,0,3,97,10,87,0,0,0,0,0,0,100,10,90,3,0,3,97,10,87,0,0,0,0,0,0,0,0,0,0,0,0,0,0,0,0,0,0,0,0,0,88,44,44
29,570,0096,609296,0000,000000,KARNATAKA,Chikmagalur,VILLAGE,Rangapura,Rural,34,154,75,79,11,6,5,1,1,0,0,0,0,127,69,58,27,6,21,78,35,43,46,29,17,23,22,1,21,6,15,1,0,1,1,1,0,32,6,26,18,2,16,3,0,3,2,0,2,9,4,5,18,6,12,10,2,8,1,0,1,1,0,1,6,4,2,14,0,14,8,0,8,2,0,2,1,0,1,3,0,3,76,40,36
29,570,0096,609297,0000,000000,KARNATAKA,Chikmagalur,VILLAGE,Thimmapura,Rural,135,536,292,244,38,23,15,416,225,191,1,1,0,363,216,147,173,76,97,315,173,142,280,160,120,147,115,32,118,31,87,1,1,0,14,13,1,35,13,22,9,5,4,8,1,7,0,0,0,18,7,11,21,9,12,6,4,2,6,1,5,0,0,0,9,4,5,14,4,10,3,1,2,2,0,2,0,0,0,9,3,6,221,119,102
29,570,0096,609298,0000,000000,KARNATAKA,Chikmagalur,VILLAGE,Karanaghatta,Rural,36,151,76,75,11,6,5,0,0,0,0,0,0,122,66,56,29,10,19,48,44,4,45,41,4,43,39,4,1,1,0,0,0,0,1,1,0,3,3,0,0,0,0,2,2,0,0,0,0,1,1,0,3,3,0,0,0,0,2,2,0,0,0,0,1,1,0,0,0,0,0,0,0,0,0,0,0,0,0,0,0,0,103,32,71
29,570,0096,609299,0000,000000,KARNATAKA,Chikmagalur,VILLAGE,Sokke,Rural,289,1156,576,580,80,42,38,235,113,122,0,0,0,908,482,426,248,94,154,645,378,267,388,330,58,224,216,8,102,58,44,6,5,1,56,51,5,257,48,209,19,6,13,215,34,181,14,0,14,9,8,1,253,44,209,17,4,13,214,33,181,14,0,14,8,7,1,4,4,0,2,2,0,1,1,0,0,0,0,1,1,0,511,198,313
29,570,0096,609300,0000,000000,KARNATAKA,Chikmagalur,VILLAGE,Paravatharayanakere Kaval,Rural,14,36,18,18,3,1,2,7,3,4,11,4,7,27,17,10,9,1,8,17,14,3,14,12,2,0,0,0,0,0,0,0,0,0,14,12,2,3,2,1,0,0,0,1,0,1,0,0,0,2,2,0,3,2,1,0,0,0,1,0,1,0,0,0,2,2,0,0,0,0,0,0,0,0,0,0,0,0,0,0,0,0,19,4,15
29,570,0096,609301,0000,000000,KARNATAKA,Chikmagalur,VILLAGE,Sollapur,Rural,329,1375,694,681,113,45,68,419,205,214,0,0,0,845,507,338,530,187,343,687,430,257,648,400,248,216,171,45,362,177,185,9,8,1,61,44,17,39,30,9,0,0,0,0,0,0,0,0,0,39,30,9,30,24,6,0,0,0,0,0,0,0,0,0,30,24,6,9,6,3,0,0,0,0,0,0,0,0,0,9,6,3,688,264,424
29,570,0096,609302,0000,000000,KARNATAKA,Chikmagalur,VILLAGE,Tamatadahalli,Rural,52,185,102,83,10,4,6,5,2,3,0,0,0,162,98,64,23,4,19,73,65,8,71,63,8,48,43,5,5,5,0,0,0,0,18,15,3,2,2,0,1,1,0,1,1,0,0,0,0,0,0,0,2,2,0,1,1,0,1,1,0,0,0,0,0,0,0,0,0,0,0,0,0,0,0,0,0,0,0,0,0,0,112,37,75
29,570,0096,609303,0000,000000,KARNATAKA,Chikmagalur,VILLAGE,Mugali,Rural,346,1481,744,737,143,70,73,123,57,66,0,0,0,927,557,370,554,187,367,857,476,381,638,434,204,410,305,105,138,51,87,7,6,1,83,72,11,219,42,177,16,5,11,195,32,163,2,2,0,6,3,3,217,41,176,16,5,11,195,32,163,1,1,0,5,3,2,2,1,1,0,0,0,0,0,0,1,1,0,1,0,1,624,268,356
29,570,0096,609304,0000,000000,KARNATAKA,Chikmagalur,VILLAGE,Begur,Rural,218,827,400,427,63,35,28,277,135,142,109,49,60,585,311,274,242,89,153,306,268,38,298,261,37,198,190,8,51,30,21,0,0,0,49,41,8,8,7,1,1,1,0,4,4,0,0,0,0,3,2,1,8,7,1,1,1,0,4,4,0,0,0,0,3,2,1,0,0,0,0,0,0,0,0,0,0,0,0,0,0,0,521,132,389
29,570,0096,609305,0000,000000,KARNATAKA,Chikmagalur,VILLAGE,Heggadehalli,Rural,104,407,199,208,41,22,19,145,68,77,122,64,58,289,151,138,118,48,70,267,135,132,145,134,11,132,128,4,8,3,5,0,0,0,5,3,2,122,1,121,1,0,1,3,0,3,0,0,0,118,1,117,122,1,121,1,0,1,3,0,3,0,0,0,118,1,117,0,0,0,0,0,0,0,0,0,0,0,0,0,0,0,140,64,76
29,570,0096,609306,0000,000000,KARNATAKA,Chikmagalur,VILLAGE,Sriramapura,Rural,126,511,263,248,58,30,28,502,259,243,0,0,0,240,137,103,271,126,145,239,167,72,204,156,48,102,101,1,88,45,43,0,0,0,14,10,4,35,11,24,0,0,0,0,0,0,0,0,0,35,11,24,11,8,3,0,0,0,0,0,0,0,0,0,11,8,3,24,3,21,0,0,0,0,0,0,0,0,0,24,3,21,272,96,176
29,570,0096,609307,0000,000000,KARNATAKA,Chikmagalur,VILLAGE,Southanahalli,Rural,97,337,176,161,21,13,8,0,0,0,0,0,0,274,155,119,63,21,42,106,94,12,92,84,8,70,65,5,3,2,1,9,8,1,10,9,1,14,10,4,4,3,1,3,1,2,0,0,0,7,6,1,13,10,3,4,3,1,2,1,1,0,0,0,7,6,1,1,0,1,0,0,0,1,0,1,0,0,0,0,0,0,231,82,149
29,570,0096,609308,0000,000000,KARNATAKA,Chikmagalur,VILLAGE,Malenahalli,Rural,137,649,317,332,54,26,28,107,56,51,0,0,0,473,246,227,176,71,105,407,217,190,181,158,23,149,134,15,11,8,3,2,2,0,19,14,5,226,59,167,4,1,3,203,48,155,1,0,1,18,10,8,105,14,91,1,0,1,102,13,89,0,0,0,2,1,1,121,45,76,3,1,2,101,35,66,1,0,1,16,9,7,242,100,142
29,570,0096,609309,0000,000000,KARNATAKA,Chikmagalur,VILLAGE,Mallenahalli,Rural,103,439,224,215,37,19,18,73,34,39,22,13,9,328,184,144,111,40,71,117,105,12,103,93,10,82,77,5,5,4,1,1,1,0,15,11,4,14,12,2,0,0,0,11,9,2,0,0,0,3,3,0,14,12,2,0,0,0,11,9,2,0,0,0,3,3,0,0,0,0,0,0,0,0,0,0,0,0,0,0,0,0,322,119,203
29,570,0096,609310,0000,000000,KARNATAKA,Chikmagalur,VILLAGE,Basavapura,Rural,0,0,0,0,0,0,0,0,0,0,0,0,0,0,0,0,0,0,0,0,0,0,0,0,0,0,0,0,0,0,0,0,0,0,0,0,0,0,0,0,0,0,0,0,0,0,0,0,0,0,0,0,0,0,0,0,0,0,0,0,0,0,0,0,0,0,0,0,0,0,0,0,0,0,0,0,0,0,0,0,0,0,0,0,0
29,570,0096,609311,0000,000000,KARNATAKA,Chikmagalur,VILLAGE,Gondedahalli,Rural,92,340,172,168,16,9,7,0,0,0,0,0,0,308,162,146,32,10,22,97,93,4,96,92,4,78,76,2,2,2,0,1,1,0,15,13,2,1,1,0,0,0,0,0,0,0,0,0,0,1,1,0,1,1,0,0,0,0,0,0,0,0,0,0,1,1,0,0,0,0,0,0,0,0,0,0,0,0,0,0,0,0,243,79,164
29,570,0096,609312,0000,000000,KARNATAKA,Chikmagalur,VILLAGE,Baggavalli,Rural,417,1762,911,851,161,84,77,610,322,288,1,0,1,1300,723,577,462,188,274,688,478,210,645,455,190,212,193,19,354,193,161,3,2,1,76,67,9,43,23,20,6,2,4,24,10,14,1,1,0,12,10,2,39,22,17,5,1,4,22,10,12,1,1,0,11,10,1,4,1,3,1,1,0,2,0,2,0,0,0,1,0,1,1074,433,641
29,570,0096,609313,0000,000000,KARNATAKA,Chikmagalur,VILLAGE,Baggavalli Kaval,Rural,2,7,3,4,0,0,0,0,0,0,0,0,0,7,3,4,0,0,0,3,2,1,3,2,1,1,1,0,2,1,1,0,0,0,0,0,0,0,0,0,0,0,0,0,0,0,0,0,0,0,0,0,0,0,0,0,0,0,0,0,0,0,0,0,0,0,0,0,0,0,0,0,0,0,0,0,0,0,0,0,0,0,4,1,3
29,570,0096,609314,0000,000000,KARNATAKA,Chikmagalur,VILLAGE,Veerapura,Rural,189,927,473,454,77,41,36,2,0,2,0,0,0,637,369,268,290,104,186,434,312,122,416,306,110,262,244,18,117,37,80,0,0,0,37,25,12,18,6,12,1,1,0,14,3,11,0,0,0,3,2,1,18,6,12,1,1,0,14,3,11,0,0,0,3,2,1,0,0,0,0,0,0,0,0,0,0,0,0,0,0,0,493,161,332
29,570,0096,609315,0000,000000,KARNATAKA,Chikmagalur,VILLAGE,Kurubarahalli,Rural,34,185,94,91,20,10,10,0,0,0,0,0,0,115,65,50,70,29,41,37,35,2,37,35,2,34,32,2,0,0,0,0,0,0,3,3,0,0,0,0,0,0,0,0,0,0,0,0,0,0,0,0,0,0,0,0,0,0,0,0,0,0,0,0,0,0,0,0,0,0,0,0,0,0,0,0,0,0,0,0,0,0,148,59,89
29,570,0096,609316,0000,000000,KARNATAKA,Chikmagalur,VILLAGE,Nagavangala,Rural,345,1424,707,717,132,65,67,310,157,153,0,0,0,964,530,434,460,177,283,919,471,448,448,378,70,257,248,9,149,112,37,0,0,0,42,18,24,471,93,378,4,2,2,377,85,292,2,0,2,88,6,82,465,93,372,4,2,2,371,85,286,2,0,2,88,6,82,6,0,6,0,0,0,6,0,6,0,0,0,0,0,0,505,236,269
29,570,0096,609317,0000,000000,KARNATAKA,Chikmagalur,VILLAGE,Koratikere,Rural,354,1413,717,696,132,65,67,360,175,185,0,0,0,1002,554,448,411,163,248,512,460,52,487,452,35,413,400,13,43,27,16,3,2,1,28,23,5,25,8,17,2,0,2,7,1,6,6,2,4,10,5,5,21,7,14,1,0,1,7,1,6,6,2,4,7,4,3,4,1,3,1,0,1,0,0,0,0,0,0,3,1,2,901,257,644
29,570,0096,609318,0000,000000,KARNATAKA,Chikmagalur,VILLAGE,Somenahalli,Rural,29,103,51,52,11,7,4,2,1,1,0,0,0,60,34,26,43,17,26,42,34,8,41,34,7,37,30,7,0,0,0,0,0,0,4,4,0,1,0,1,0,0,0,1,0,1,0,0,0,0,0,0,1,0,1,0,0,0,1,0,1,0,0,0,0,0,0,0,0,0,0,0,0,0,0,0,0,0,0,0,0,0,61,17,44
29,570,0096,609319,0000,000000,KARNATAKA,Chikmagalur,VILLAGE,Channapura,Rural,325,1442,739,703,130,74,56,234,123,111,9,4,5,1078,585,493,364,154,210,675,484,191,655,465,190,226,216,10,290,138,152,4,2,2,135,109,26,20,19,1,1,0,1,10,10,0,0,0,0,9,9,0,14,13,1,1,0,1,10,10,0,0,0,0,3,3,0,6,6,0,0,0,0,0,0,0,0,0,0,6,6,0,767,255,512
29,570,0096,609320,0000,000000,KARNATAKA,Chikmagalur,VILLAGE,Chinnapura,Rural,94,394,198,196,12,6,6,1,1,0,0,0,0,338,182,156,56,16,40,317,159,158,149,147,2,130,130,0,12,11,1,1,1,0,6,5,1,168,12,156,14,4,10,2,1,1,0,0,0,152,7,145,168,12,156,14,4,10,2,1,1,0,0,0,152,7,145,0,0,0,0,0,0,0,0,0,0,0,0,0,0,0,77,39,38
29,570,0096,609321,0000,000000,KARNATAKA,Chikmagalur,VILLAGE,Karehalli,Rural,0,0,0,0,0,0,0,0,0,0,0,0,0,0,0,0,0,0,0,0,0,0,0,0,0,0,0,0,0,0,0,0,0,0,0,0,0,0,0,0,0,0,0,0,0,0,0,0,0,0,0,0,0,0,0,0,0,0,0,0,0,0,0,0,0,0,0,0,0,0,0,0,0,0,0,0,0,0,0,0,0,0,0,0,0
29,570,0096,609322,0000,000000,KARNATAKA,Chikmagalur,VILLAGE,Mudigere,Rural,220,910,468,442,106,54,52,254,129,125,3,2,1,551,348,203,359,120,239,443,287,156,409,278,131,159,155,4,215,94,121,4,4,0,31,25,6,34,9,25,5,2,3,23,2,21,2,2,0,4,3,1,34,9,25,5,2,3,23,2,21,2,2,0,4,3,1,0,0,0,0,0,0,0,0,0,0,0,0,0,0,0,467,181,286
29,570,0096,609323,0000,000000,KARNATAKA,Chikmagalur,VILLAGE,Tyagadabagi,Rural,288,1110,563,547,93,43,50,202,103,99,22,10,12,655,373,282,455,190,265,600,378,222,387,283,104,110,108,2,250,156,94,2,2,0,25,17,8,213,95,118,5,2,3,136,41,95,8,6,2,64,46,18,182,70,112,4,1,3,135,41,94,8,6,2,35,22,13,31,25,6,1,1,0,1,0,1,0,0,0,29,24,5,510,185,325
29,570,0096,609324,0000,000000,KARNATAKA,Chikmagalur,VILLAGE,Kenchenahalli,Rural,19,80,36,44,7,3,4,0,0,0,28,11,17,44,19,25,36,17,19,51,25,26,28,25,3,19,18,1,3,3,0,5,3,2,1,1,0,23,0,23,0,0,0,22,0,22,1,0,1,0,0,0,23,0,23,0,0,0,22,0,22,1,0,1,0,0,0,0,0,0,0,0,0,0,0,0,0,0,0,0,0,0,29,11,18
29,570,0096,609325,0000,000000,KARNATAKA,Chikmagalur,VILLAGE,Hosahalli,Rural,121,554,282,272,74,41,33,309,153,156,0,0,0,329,183,146,225,99,126,190,162,28,34,26,8,7,4,3,11,6,5,1,1,0,15,15,0,156,136,20,24,19,5,111,99,12,5,5,0,16,13,3,155,136,19,24,19,5,110,99,11,5,5,0,16,13,3,1,0,1,0,0,0,1,0,1,0,0,0,0,0,0,364,120,244
29,570,0096,609326,0000,000000,KARNATAKA,Chikmagalur,VILLAGE,Sunnadahalli,Rural,205,951,484,467,96,51,45,195,96,99,4,1,3,650,352,298,301,132,169,379,315,64,375,311,64,239,220,19,115,73,42,0,0,0,21,18,3,4,4,0,0,0,0,1,1,0,0,0,0,3,3,0,4,4,0,0,0,0,1,1,0,0,0,0,3,3,0,0,0,0,0,0,0,0,0,0,0,0,0,0,0,0,572,169,403
29,570,0096,609327,0000,000000,KARNATAKA,Chikmagalur,VILLAGE,Nandi,Rural,246,1060,531,529,76,36,40,277,142,135,0,0,0,777,422,355,283,109,174,424,296,128,202,185,17,162,158,4,9,7,2,0,0,0,31,20,11,222,111,111,2,1,1,187,94,93,10,6,4,23,10,13,219,109,110,2,1,1,187,94,93,10,6,4,20,8,12,3,2,1,0,0,0,0,0,0,0,0,0,3,2,1,636,235,401
29,570,0096,609328,0000,000000,KARNATAKA,Chikmagalur,VILLAGE,Kenchapura,Rural,186,750,381,369,78,42,36,106,56,50,17,8,9,471,266,205,279,115,164,550,275,275,251,130,121,88,48,40,147,74,73,7,4,3,9,4,5,299,145,154,6,3,3,272,129,143,9,5,4,12,8,4,299,145,154,6,3,3,272,129,143,9,5,4,12,8,4,0,0,0,0,0,0,0,0,0,0,0,0,0,0,0,200,106,94
29,570,0096,609329,0000,000000,KARNATAKA,Chikmagalur,VILLAGE,Gulladamane,Rural,243,1026,533,493,96,53,43,34,19,15,0,0,0,723,404,319,303,129,174,682,365,317,380,332,48,62,62,0,190,187,3,0,0,0,128,83,45,302,33,269,1,1,0,260,6,254,0,0,0,41,26,15,301,32,269,1,1,0,260,6,254,0,0,0,40,25,15,1,1,0,0,0,0,0,0,0,0,0,0,1,1,0,344,168,176
29,570,0096,609330,0000,000000,KARNATAKA,Chikmagalur,VILLAGE,Mallenahalli,Rural,263,1137,588,549,105,58,47,450,234,216,0,0,0,731,411,320,406,177,229,477,398,79,443,383,60,267,266,1,129,76,53,6,6,0,41,35,6,34,15,19,1,0,1,26,14,12,2,0,2,5,1,4,30,14,16,1,0,1,22,13,9,2,0,2,5,1,4,4,1,3,0,0,0,4,1,3,0,0,0,0,0,0,660,190,470
29,570,0096,609331,0000,000000,KARNATAKA,Chikmagalur,VILLAGE,Ranganathapura,Rural,88,397,199,198,43,23,20,396,199,197,0,0,0,185,101,84,212,98,114,267,134,133,256,128,128,52,42,10,0,0,0,0,0,0,204,86,118,11,6,5,0,0,0,0,0,0,0,0,0,11,6,5,11,6,5,0,0,0,0,0,0,0,0,0,11,6,5,0,0,0,0,0,0,0,0,0,0,0,0,0,0,0,130,65,65
29,570,0096,609332,0000,000000,KARNATAKA,Chikmagalur,VILLAGE,Nandi Battlu,Rural,386,1542,762,780,145,71,74,738,355,383,17,9,8,939,520,419,603,242,361,965,511,454,913,492,421,111,89,22,0,0,0,3,2,1,799,401,398,52,19,33,1,1,0,0,0,0,0,0,0,51,18,33,52,19,33,1,1,0,0,0,0,0,0,0,51,18,33,0,0,0,0,0,0,0,0,0,0,0,0,0,0,0,577,251,326
29,570,0096,609333,0000,000000,KARNATAKA,Chikmagalur,VILLAGE,Hulithimmapura,Rural,190,822,429,393,102,54,48,312,163,149,10,6,4,487,294,193,335,135,200,536,276,260,294,151,143,45,42,3,65,34,31,0,0,0,184,75,109,242,125,117,74,60,14,31,2,29,3,1,2,134,62,72,242,125,117,74,60,14,31,2,29,3,1,2,134,62,72,0,0,0,0,0,0,0,0,0,0,0,0,0,0,0,286,153,133
29,570,0096,609334,0000,000000,KARNATAKA,Chikmagalur,VILLAGE,Lingadahalli (Kaval),Rural,43,189,89,100,29,11,18,180,84,96,0,0,0,96,53,43,93,36,57,104,51,53,80,38,42,14,7,7,1,0,1,55,25,30,10,6,4,24,13,11,4,2,2,0,0,0,11,5,6,9,6,3,24,13,11,4,2,2,0,0,0,11,5,6,9,6,3,0,0,0,0,0,0,0,0,0,0,0,0,0,0,0,85,38,47
29,570,0096,609335,0000,000000,KARNATAKA,Chikmagalur,VILLAGE,Sahyadripura,Rural,36,152,72,80,14,4,10,140,68,72,0,0,0,48,27,21,104,45,59,89,44,45,85,41,44,4,2,2,1,0,1,63,31,32,17,8,9,4,3,1,0,0,0,0,0,0,4,3,1,0,0,0,4,3,1,0,0,0,0,0,0,4,3,1,0,0,0,0,0,0,0,0,0,0,0,0,0,0,0,0,0,0,63,28,35
29,570,0096,609336,0000,000000,KARNATAKA,Chikmagalur,VILLAGE,Lingadahalli,Rural,1376,5853,2979,2874,484,256,228,1498,755,743,137,67,70,4299,2359,1940,1554,620,934,2582,1798,784,2430,1734,696,649,601,48,1164,639,525,5,4,1,612,490,122,152,64,88,15,6,9,101,33,68,5,4,1,31,21,10,135,56,79,14,6,8,94,31,63,3,3,0,24,16,8,17,8,9,1,0,1,7,2,5,2,1,1,7,5,2,3271,1181,2090
29,570,0096,609337,0000,000000,KARNATAKA,Chikmagalur,VILLAGE,Shankaraghatta,Rural,11,46,20,26,1,1,0,6,3,3,0,0,0,40,17,23,6,3,3,24,13,11,24,13,11,10,9,1,5,3,2,0,0,0,9,1,8,0,0,0,0,0,0,0,0,0,0,0,0,0,0,0,0,0,0,0,0,0,0,0,0,0,0,0,0,0,0,0,0,0,0,0,0,0,0,0,0,0,0,0,0,0,22,7,15
29,570,0096,609338,0000,000000,KARNATAKA,Chikmagalur,VILLAGE,Ballavara,Rural,195,838,431,407,96,54,42,252,125,127,14,5,9,595,330,265,243,101,142,392,261,131,376,254,122,67,55,12,5,3,2,0,0,0,304,196,108,16,7,9,1,0,1,4,2,2,0,0,0,11,5,6,14,7,7,1,0,1,4,2,2,0,0,0,9,5,4,2,0,2,0,0,0,0,0,0,0,0,0,2,0,2,446,170,276
29,570,0096,609339,0000,000000,KARNATAKA,Chikmagalur,VILLAGE,Manchethevaru,Rural,163,644,318,326,58,26,32,207,99,108,6,4,2,457,245,212,187,73,114,331,204,127,321,198,123,13,9,4,126,69,57,0,0,0,182,120,62,10,6,4,1,1,0,3,1,2,0,0,0,6,4,2,10,6,4,1,1,0,3,1,2,0,0,0,6,4,2,0,0,0,0,0,0,0,0,0,0,0,0,0,0,0,313,114,199
29,570,0096,609340,0000,000000,KARNATAKA,Chikmagalur,VILLAGE,Tanigebylu,Rural,408,1559,774,785,146,72,74,761,382,379,32,17,15,1056,583,473,503,191,312,966,489,477,748,401,347,69,56,13,20,12,8,0,0,0,659,333,326,218,88,130,1,0,1,19,10,9,5,2,3,193,76,117,158,67,91,1,0,1,11,6,5,5,2,3,141,59,82,60,21,39,0,0,0,8,4,4,0,0,0,52,17,35,593,285,308
29,570,0096,609341,0000,000000,KARNATAKA,Chikmagalur,VILLAGE,Thigada,Rural,188,711,349,362,71,36,35,342,170,172,16,7,9,451,250,201,260,99,161,345,223,122,283,187,96,9,7,2,11,10,1,0,0,0,263,170,93,62,36,26,2,1,1,55,32,23,0,0,0,5,3,2,61,35,26,2,1,1,55,32,23,0,0,0,4,2,2,1,1,0,0,0,0,0,0,0,0,0,0,1,1,0,366,126,240
29,570,0096,609342,0000,000000,KARNATAKA,Chikmagalur,VILLAGE,Gonagilakatte,Rural,285,1228,609,619,139,73,66,345,184,161,0,0,0,717,389,328,511,220,291,797,401,396,757,399,358,57,50,7,60,26,34,4,2,2,636,321,315,40,2,38,0,0,0,1,0,1,0,0,0,39,2,37,40,2,38,0,0,0,1,0,1,0,0,0,39,2,37,0,0,0,0,0,0,0,0,0,0,0,0,0,0,0,431,208,223
29,570,0096,609343,0000,000000,KARNATAKA,Chikmagalur,VILLAGE,Kallahalu,Rural,1,3,2,1,0,0,0,0,0,0,0,0,0,1,1,0,2,1,1,3,2,1,1,1,0,1,1,0,0,0,0,0,0,0,0,0,0,2,1,1,2,1,1,0,0,0,0,0,0,0,0,0,2,1,1,2,1,1,0,0,0,0,0,0,0,0,0,0,0,0,0,0,0,0,0,0,0,0,0,0,0,0,0,0,0
29,570,0096,609344,0000,000000,KARNATAKA,Chikmagalur,VILLAGE,Yaradahanklu,Rural,85,330,183,147,20,10,10,6,3,3,0,0,0,245,159,86,85,24,61,131,122,9,117,111,6,92,92,0,6,5,1,1,0,1,18,14,4,14,11,3,10,9,1,1,1,0,0,0,0,3,1,2,14,11,3,10,9,1,1,1,0,0,0,0,3,1,2,0,0,0,0,0,0,0,0,0,0,0,0,0,0,0,199,61,138
29,570,0096,609345,0000,000000,KARNATAKA,Chikmagalur,VILLAGE,Marekallahalli,Rural,1,4,3,1,1,1,0,0,0,0,0,0,0,3,2,1,1,1,0,1,1,0,1,1,0,1,1,0,0,0,0,0,0,0,0,0,0,0,0,0,0,0,0,0,0,0,0,0,0,0,0,0,0,0,0,0,0,0,0,0,0,0,0,0,0,0,0,0,0,0,0,0,0,0,0,0,0,0,0,0,0,0,3,2,1
29,570,0096,609346,0000,000000,KARNATAKA,Chikmagalur,VILLAGE,Gangur,Rural,191,860,421,439,103,54,49,23,11,12,11,8,3,375,207,168,485,214,271,522,262,260,508,255,253,14,10,4,8,3,5,1,0,1,485,242,243,14,7,7,1,0,1,1,1,0,0,0,0,12,6,6,14,7,7,1,0,1,1,1,0,0,0,0,12,6,6,0,0,0,0,0,0,0,0,0,0,0,0,0,0,0,338,159,179
29,570,0096,609347,0000,000000,KARNATAKA,Chikmagalur,VILLAGE,Pillebeeranahalli,Rural,26,96,51,45,8,5,3,47,22,25,2,2,0,63,40,23,33,11,22,69,36,33,62,31,31,1,1,0,0,0,0,0,0,0,61,30,31,7,5,2,0,0,0,0,0,0,0,0,0,7,5,2,6,4,2,0,0,0,0,0,0,0,0,0,6,4,2,1,1,0,0,0,0,0,0,0,0,0,0,1,1,0,27,15,12
29,570,0096,609348,0000,000000,KARNATAKA,Chikmagalur,VILLAGE,Kallathipura,Rural,265,1085,530,555,92,48,44,732,350,382,6,3,3,600,327,273,485,203,282,672,351,321,650,336,314,25,13,12,24,14,10,0,0,0,601,309,292,22,15,7,0,0,0,0,0,0,0,0,0,22,15,7,5,3,2,0,0,0,0,0,0,0,0,0,5,3,2,17,12,5,0,0,0,0,0,0,0,0,0,17,12,5,413,179,234
29,570,0096,609349,0000,000000,KARNATAKA,Chikmagalur,VILLAGE,Kamanadurga,Rural,488,2062,1007,1055,159,85,74,1469,711,758,21,12,9,1412,756,656,650,251,399,1256,649,607,1242,644,598,44,23,21,4,0,4,0,0,0,1194,621,573,14,5,9,0,0,0,0,0,0,0,0,0,14,5,9,13,4,9,0,0,0,0,0,0,0,0,0,13,4,9,1,1,0,0,0,0,0,0,0,0,0,0,1,1,0,806,358,448
29,570,0096,609350,0000,000000,KARNATAKA,Chikmagalur,VILLAGE,Udeva,Rural,529,2291,1145,1146,264,120,144,365,172,193,486,251,235,1428,803,625,863,342,521,846,588,258,768,553,215,373,326,47,186,96,90,40,20,20,169,111,58,78,35,43,13,8,5,22,8,14,7,5,2,36,14,22,66,30,36,11,7,4,18,6,12,4,3,1,33,14,19,12,5,7,2,1,1,4,2,2,3,2,1,3,0,3,1445,557,888
29,570,0097,000000,0000,000000,KARNATAKA,Chikmagalur,CD BLOCK,Kadur ,Total,56125,234794,118150,116644,21251,10847,10404,51183,25631,25552,4589,2255,2334,158567,88012,70555,76227,30138,46089,136895,77924,58971,105466,70235,35231,62133,46040,16093,27469,12401,15068,1427,1068,359,14437,10726,3711,31429,7689,23740,13920,2377,11543,13204,3273,9931,541,187,354,3764,1852,1912,28860,6680,22180,12924,2041,10883,12608,3073,9535,415,147,268,2913,1419,1494,2569,1009,1560,996,336,660,596,200,396,126,40,86,851,433,418,97899,40226,57673
29,570,0097,000000,0000,000000,KARNATAKA,Chikmagalur,CD BLOCK,Kadur ,Rural,56125,234794,118150,116644,21251,10847,10404,51183,25631,25552,4589,2255,2334,158567,88012,70555,76227,30138,46089,136895,77924,58971,105466,70235,35231,62133,46040,16093,27469,12401,15068,1427,1068,359,14437,10726,3711,31429,7689,23740,13920,2377,11543,13204,3273,9931,541,187,354,3764,1852,1912,28860,6680,22180,12924,2041,10883,12608,3073,9535,415,147,268,2913,1419,1494,2569,1009,1560,996,336,660,596,200,396,126,40,86,851,433,418,97899,40226,57673
29,570,0097,000000,0000,000000,KARNATAKA,Chikmagalur,CD BLOCK,Kadur ,Urban,0,0,0,0,0,0,0,0,0,0,0,0,0,0,0,0,0,0,0,0,0,0,0,0,0,0,0,0,0,0,0,0,0,0,0,0,0,0,0,0,0,0,0,0,0,0,0,0,0,0,0,0,0,0,0,0,0,0,0,0,0,0,0,0,0,0,0,0,0,0,0,0,0,0,0,0,0,0,0,0,0,0,0,0,0
29,570,0097,609351,0000,000000,KARNATAKA,Chikmagalur,VILLAGE,Hoovinahalli,Rural,85,377,182,195,15,5,10,65,31,34,0,0,0,333,170,163,44,12,32,119,108,11,118,107,11,93,89,4,1,1,0,0,0,0,24,17,7,1,1,0,0,0,0,0,0,0,0,0,0,1,1,0,1,1,0,0,0,0,0,0,0,0,0,0,1,1,0,0,0,0,0,0,0,0,0,0,0,0,0,0,0,0,258,74,184
29,570,0097,609352,0000,000000,KARNATAKA,Chikmagalur,VILLAGE,Doddagatta,Rural,135,573,284,289,73,40,33,163,79,84,0,0,0,362,200,162,211,84,127,349,180,169,338,174,164,6,3,3,257,132,125,3,1,2,72,38,34,11,6,5,0,0,0,7,5,2,0,0,0,4,1,3,10,6,4,0,0,0,6,5,1,0,0,0,4,1,3,1,0,1,0,0,0,1,0,1,0,0,0,0,0,0,224,104,120
29,570,0097,609353,0000,000000,KARNATAKA,Chikmagalur,VILLAGE,Karehalli,Rural,34,145,76,69,15,10,5,0,0,0,0,0,0,84,44,40,61,32,29,99,49,50,97,49,48,0,0,0,89,45,44,0,0,0,8,4,4,2,0,2,0,0,0,1,0,1,0,0,0,1,0,1,2,0,2,0,0,0,1,0,1,0,0,0,1,0,1,0,0,0,0,0,0,0,0,0,0,0,0,0,0,0,46,27,19
29,570,0097,609354,0000,000000,KARNATAKA,Chikmagalur,VILLAGE,Yarehalli,Rural,152,720,360,360,73,43,30,97,50,47,3,2,1,444,265,179,276,95,181,447,215,232,264,186,78,129,119,10,123,58,65,0,0,0,12,9,3,183,29,154,9,4,5,172,24,148,1,0,1,1,1,0,180,28,152,9,4,5,169,23,146,1,0,1,1,1,0,3,1,2,0,0,0,3,1,2,0,0,0,0,0,0,273,145,128
29,570,0097,609355,0000,000000,KARNATAKA,Chikmagalur,VILLAGE,Hullehalli,Rural,331,1557,773,784,144,74,70,422,210,212,0,0,0,910,530,380,647,243,404,832,439,393,490,319,171,410,267,143,40,26,14,4,3,1,36,23,13,342,120,222,24,17,7,300,93,207,5,0,5,13,10,3,303,99,204,23,16,7,266,77,189,5,0,5,9,6,3,39,21,18,1,1,0,34,16,18,0,0,0,4,4,0,725,334,391
29,570,0097,609356,0000,000000,KARNATAKA,Chikmagalur,VILLAGE,Birurkaval  (Rural),Rural,195,827,417,410,112,64,48,496,257,239,0,0,0,483,270,213,344,147,197,519,264,255,347,225,122,71,70,1,217,106,111,1,0,1,58,49,9,172,39,133,5,1,4,162,34,128,0,0,0,5,4,1,172,39,133,5,1,4,162,34,128,0,0,0,5,4,1,0,0,0,0,0,0,0,0,0,0,0,0,0,0,0,308,153,155
29,570,0097,609357,0000,000000,KARNATAKA,Chikmagalur,VILLAGE,Inglaranahalli,Rural,56,258,135,123,30,16,14,3,1,2,0,0,0,172,104,68,86,31,55,166,87,79,87,82,5,74,74,0,4,2,2,1,1,0,8,5,3,79,5,74,1,0,1,75,5,70,1,0,1,2,0,2,79,5,74,1,0,1,75,5,70,1,0,1,2,0,2,0,0,0,0,0,0,0,0,0,0,0,0,0,0,0,92,48,44
29,570,0097,609358,0000,000000,KARNATAKA,Chikmagalur,VILLAGE,Galihalli,Rural,150,643,336,307,65,38,27,12,6,6,7,3,4,403,252,151,240,84,156,359,182,177,168,149,19,105,103,2,50,37,13,1,1,0,12,8,4,191,33,158,5,3,2,176,24,152,0,0,0,10,6,4,191,33,158,5,3,2,176,24,152,0,0,0,10,6,4,0,0,0,0,0,0,0,0,0,0,0,0,0,0,0,284,154,130
29,570,0097,609359,0000,000000,KARNATAKA,Chikmagalur,VILLAGE,Jodithimmapura,Rural,310,1314,663,651,115,61,54,21,12,9,59,29,30,764,462,302,550,201,349,747,380,367,685,371,314,391,280,111,269,73,196,1,0,1,24,18,6,62,9,53,8,5,3,52,4,48,0,0,0,2,0,2,60,8,52,6,4,2,52,4,48,0,0,0,2,0,2,2,1,1,2,1,1,0,0,0,0,0,0,0,0,0,567,283,284
29,570,0097,609360,0000,000000,KARNATAKA,Chikmagalur,VILLAGE,Horithimmanahalli,Rural,86,382,195,187,46,29,17,285,148,137,0,0,0,221,121,100,161,74,87,191,112,79,183,109,74,54,52,2,117,46,71,0,0,0,12,11,1,8,3,5,0,0,0,6,1,5,0,0,0,2,2,0,8,3,5,0,0,0,6,1,5,0,0,0,2,2,0,0,0,0,0,0,0,0,0,0,0,0,0,0,0,0,191,83,108
29,570,0097,609361,0000,000000,KARNATAKA,Chikmagalur,VILLAGE,Hanumapura,Rural,11,55,20,35,8,2,6,10,3,7,4,1,3,24,8,16,31,12,19,29,15,14,29,15,14,4,3,1,25,12,13,0,0,0,0,0,0,0,0,0,0,0,0,0,0,0,0,0,0,0,0,0,0,0,0,0,0,0,0,0,0,0,0,0,0,0,0,0,0,0,0,0,0,0,0,0,0,0,0,0,0,0,26,5,21
29,570,0097,609362,0000,000000,KARNATAKA,Chikmagalur,VILLAGE,B.Kodihalli,Rural,136,660,347,313,52,30,22,317,173,144,0,0,0,485,273,212,175,74,101,399,223,176,286,200,86,126,120,6,145,69,76,1,1,0,14,10,4,113,23,90,7,3,4,102,18,84,0,0,0,4,2,2,112,22,90,7,3,4,101,17,84,0,0,0,4,2,2,1,1,0,0,0,0,1,1,0,0,0,0,0,0,0,261,124,137
29,570,0097,609363,0000,000000,KARNATAKA,Chikmagalur,VILLAGE,Ramanahalli,Rural,0,0,0,0,0,0,0,0,0,0,0,0,0,0,0,0,0,0,0,0,0,0,0,0,0,0,0,0,0,0,0,0,0,0,0,0,0,0,0,0,0,0,0,0,0,0,0,0,0,0,0,0,0,0,0,0,0,0,0,0,0,0,0,0,0,0,0,0,0,0,0,0,0,0,0,0,0,0,0,0,0,0,0,0,0
29,570,0097,609364,0000,000000,KARNATAKA,Chikmagalur,VILLAGE,Dogihalli,Rural,81,317,155,162,14,9,5,12,6,6,0,0,0,296,146,150,21,9,12,232,120,112,80,75,5,69,67,2,2,0,2,6,6,0,3,2,1,152,45,107,116,30,86,21,10,11,2,2,0,13,3,10,152,45,107,116,30,86,21,10,11,2,2,0,13,3,10,0,0,0,0,0,0,0,0,0,0,0,0,0,0,0,85,35,50
29,570,0097,609365,0000,000000,KARNATAKA,Chikmagalur,VILLAGE,Nagadevarahalli,Rural,0,0,0,0,0,0,0,0,0,0,0,0,0,0,0,0,0,0,0,0,0,0,0,0,0,0,0,0,0,0,0,0,0,0,0,0,0,0,0,0,0,0,0,0,0,0,0,0,0,0,0,0,0,0,0,0,0,0,0,0,0,0,0,0,0,0,0,0,0,0,0,0,0,0,0,0,0,0,0,0,0,0,0,0,0
29,570,0097,609366,0000,000000,KARNATAKA,Chikmagalur,VILLAGE,Devarahalli  Kaval,Rural,36,127,58,69,7,5,2,16,7,9,0,0,0,79,38,41,48,20,28,93,45,48,93,45,48,11,11,0,78,31,47,1,1,0,3,2,1,0,0,0,0,0,0,0,0,0,0,0,0,0,0,0,0,0,0,0,0,0,0,0,0,0,0,0,0,0,0,0,0,0,0,0,0,0,0,0,0,0,0,0,0,0,34,13,21
29,570,0097,609367,0000,000000,KARNATAKA,Chikmagalur,VILLAGE,Balliganur,Rural,214,902,465,437,73,41,32,408,200,208,6,2,4,624,358,266,278,107,171,603,325,278,583,315,268,252,244,8,289,39,250,2,1,1,40,31,9,20,10,10,1,1,0,6,2,4,2,1,1,11,6,5,16,10,6,1,1,0,2,2,0,2,1,1,11,6,5,4,0,4,0,0,0,4,0,4,0,0,0,0,0,0,299,140,159
29,570,0097,609368,0000,000000,KARNATAKA,Chikmagalur,VILLAGE,Aladahalli,Rural,84,350,187,163,32,16,16,320,171,149,0,0,0,215,133,82,135,54,81,191,118,73,161,110,51,78,61,17,35,18,17,0,0,0,48,31,17,30,8,22,16,4,12,7,1,6,0,0,0,7,3,4,29,8,21,16,4,12,7,1,6,0,0,0,6,3,3,1,0,1,0,0,0,0,0,0,0,0,0,1,0,1,159,69,90
29,570,0097,609369,0000,000000,KARNATAKA,Chikmagalur,VILLAGE,Hogrehalli,Rural,443,1898,980,918,143,77,66,485,250,235,0,0,0,1468,819,649,430,161,269,1000,634,366,749,520,229,400,342,58,177,70,107,9,9,0,163,99,64,251,114,137,1,0,1,34,8,26,1,1,0,215,105,110,37,10,27,1,0,1,26,4,22,1,1,0,9,5,4,214,104,110,0,0,0,8,4,4,0,0,0,206,100,106,898,346,552
29,570,0097,609370,0000,000000,KARNATAKA,Chikmagalur,VILLAGE,Bagaithu,Rural,0,0,0,0,0,0,0,0,0,0,0,0,0,0,0,0,0,0,0,0,0,0,0,0,0,0,0,0,0,0,0,0,0,0,0,0,0,0,0,0,0,0,0,0,0,0,0,0,0,0,0,0,0,0,0,0,0,0,0,0,0,0,0,0,0,0,0,0,0,0,0,0,0,0,0,0,0,0,0,0,0,0,0,0,0
29,570,0097,609371,0000,000000,KARNATAKA,Chikmagalur,VILLAGE,Birur (Rural),Rural,0,0,0,0,0,0,0,0,0,0,0,0,0,0,0,0,0,0,0,0,0,0,0,0,0,0,0,0,0,0,0,0,0,0,0,0,0,0,0,0,0,0,0,0,0,0,0,0,0,0,0,0,0,0,0,0,0,0,0,0,0,0,0,0,0,0,0,0,0,0,0,0,0,0,0,0,0,0,0,0,0,0,0,0,0
29,570,0097,609372,0000,000000,KARNATAKA,Chikmagalur,VILLAGE,Hosahalli  (Rural),Rural,0,0,0,0,0,0,0,0,0,0,0,0,0,0,0,0,0,0,0,0,0,0,0,0,0,0,0,0,0,0,0,0,0,0,0,0,0,0,0,0,0,0,0,0,0,0,0,0,0,0,0,0,0,0,0,0,0,0,0,0,0,0,0,0,0,0,0,0,0,0,0,0,0,0,0,0,0,0,0,0,0,0,0,0,0
29,570,0097,609373,0000,000000,KARNATAKA,Chikmagalur,VILLAGE,Byagadihalli,Rural,123,567,296,271,47,24,23,1,1,0,0,0,0,414,244,170,153,52,101,363,193,170,359,192,167,146,139,7,196,43,153,0,0,0,17,10,7,4,1,3,2,0,2,1,1,0,0,0,0,1,0,1,4,1,3,2,0,2,1,1,0,0,0,0,1,0,1,0,0,0,0,0,0,0,0,0,0,0,0,0,0,0,204,103,101
29,570,0097,609374,0000,000000,KARNATAKA,Chikmagalur,VILLAGE,U.Kodihalli,Rural,0,0,0,0,0,0,0,0,0,0,0,0,0,0,0,0,0,0,0,0,0,0,0,0,0,0,0,0,0,0,0,0,0,0,0,0,0,0,0,0,0,0,0,0,0,0,0,0,0,0,0,0,0,0,0,0,0,0,0,0,0,0,0,0,0,0,0,0,0,0,0,0,0,0,0,0,0,0,0,0,0,0,0,0,0
29,570,0097,609375,0000,000000,KARNATAKA,Chikmagalur,VILLAGE,Ullinagur (Rural),Rural,32,165,96,69,18,11,7,40,19,21,5,3,2,107,69,38,58,27,31,84,43,41,84,43,41,26,24,2,55,16,39,2,2,0,1,1,0,0,0,0,0,0,0,0,0,0,0,0,0,0,0,0,0,0,0,0,0,0,0,0,0,0,0,0,0,0,0,0,0,0,0,0,0,0,0,0,0,0,0,0,0,0,81,53,28
29,570,0097,609376,0000,000000,KARNATAKA,Chikmagalur,VILLAGE,Lingalapura,Rural,14,64,31,33,12,5,7,10,3,7,0,0,0,38,22,16,26,9,17,42,20,22,39,19,20,0,0,0,39,19,20,0,0,0,0,0,0,3,1,2,0,0,0,3,1,2,0,0,0,0,0,0,3,1,2,0,0,0,3,1,2,0,0,0,0,0,0,0,0,0,0,0,0,0,0,0,0,0,0,0,0,0,22,11,11
29,570,0097,609377,0000,000000,KARNATAKA,Chikmagalur,VILLAGE,Hireyangala,Rural,37,131,69,62,12,9,3,26,13,13,37,20,17,86,45,41,45,24,21,91,47,44,89,46,43,19,12,7,63,30,33,0,0,0,7,4,3,2,1,1,0,0,0,0,0,0,0,0,0,2,1,1,2,1,1,0,0,0,0,0,0,0,0,0,2,1,1,0,0,0,0,0,0,0,0,0,0,0,0,0,0,0,40,22,18
29,570,0097,609378,0000,000000,KARNATAKA,Chikmagalur,VILLAGE,Outhanahalli,Rural,6,23,15,8,3,3,0,0,0,0,13,8,5,14,10,4,9,5,4,18,12,6,18,12,6,2,1,1,16,11,5,0,0,0,0,0,0,0,0,0,0,0,0,0,0,0,0,0,0,0,0,0,0,0,0,0,0,0,0,0,0,0,0,0,0,0,0,0,0,0,0,0,0,0,0,0,0,0,0,0,0,0,5,3,2
29,570,0097,609379,0000,000000,KARNATAKA,Chikmagalur,VILLAGE,Karithimmanahalli,Rural,0,0,0,0,0,0,0,0,0,0,0,0,0,0,0,0,0,0,0,0,0,0,0,0,0,0,0,0,0,0,0,0,0,0,0,0,0,0,0,0,0,0,0,0,0,0,0,0,0,0,0,0,0,0,0,0,0,0,0,0,0,0,0,0,0,0,0,0,0,0,0,0,0,0,0,0,0,0,0,0,0,0,0,0,0
29,570,0097,609380,0000,000000,KARNATAKA,Chikmagalur,VILLAGE,Gollarahalli,Rural,7,22,12,10,2,0,2,3,2,1,0,0,0,15,10,5,7,2,5,16,10,6,15,9,6,7,4,3,5,3,2,0,0,0,3,2,1,1,1,0,0,0,0,0,0,0,0,0,0,1,1,0,1,1,0,0,0,0,0,0,0,0,0,0,1,1,0,0,0,0,0,0,0,0,0,0,0,0,0,0,0,0,6,2,4
29,570,0097,609381,0000,000000,KARNATAKA,Chikmagalur,VILLAGE,Hyaralagatta,Rural,91,387,196,191,51,26,25,67,33,34,0,0,0,241,135,106,146,61,85,242,118,124,227,114,113,113,60,53,104,47,57,0,0,0,10,7,3,15,4,11,3,0,3,5,0,5,0,0,0,7,4,3,13,3,10,3,0,3,5,0,5,0,0,0,5,3,2,2,1,1,0,0,0,0,0,0,0,0,0,2,1,1,145,78,67
29,570,0097,609382,0000,000000,KARNATAKA,Chikmagalur,VILLAGE,Yemmedoddi,Rural,1464,6182,3123,3059,772,394,378,3092,1553,1539,104,54,50,3365,1889,1476,2817,1234,1583,2761,1952,809,2541,1828,713,1461,1123,338,869,558,311,8,6,2,203,141,62,220,124,96,43,24,19,138,72,66,3,2,1,36,26,10,213,121,92,40,23,17,135,71,64,3,2,1,35,25,10,7,3,4,3,1,2,3,1,2,0,0,0,1,1,0,3421,1171,2250
29,570,0097,609383,0000,000000,KARNATAKA,Chikmagalur,VILLAGE,Shankunipura,Rural,0,0,0,0,0,0,0,0,0,0,0,0,0,0,0,0,0,0,0,0,0,0,0,0,0,0,0,0,0,0,0,0,0,0,0,0,0,0,0,0,0,0,0,0,0,0,0,0,0,0,0,0,0,0,0,0,0,0,0,0,0,0,0,0,0,0,0,0,0,0,0,0,0,0,0,0,0,0,0,0,0,0,0,0,0
29,570,0097,609384,0000,000000,KARNATAKA,Chikmagalur,VILLAGE,Dodabukkasagara,Rural,140,597,304,293,56,29,27,114,63,51,19,9,10,396,235,161,201,69,132,294,195,99,292,193,99,100,93,7,177,89,88,0,0,0,15,11,4,2,2,0,1,1,0,0,0,0,0,0,0,1,1,0,2,2,0,1,1,0,0,0,0,0,0,0,1,1,0,0,0,0,0,0,0,0,0,0,0,0,0,0,0,0,303,109,194
29,570,0097,609385,0000,000000,KARNATAKA,Chikmagalur,VILLAGE,Channenahalli,Rural,75,302,150,152,34,16,18,103,48,55,0,0,0,202,104,98,100,46,54,101,89,12,101,89,12,97,86,11,1,1,0,0,0,0,3,2,1,0,0,0,0,0,0,0,0,0,0,0,0,0,0,0,0,0,0,0,0,0,0,0,0,0,0,0,0,0,0,0,0,0,0,0,0,0,0,0,0,0,0,0,0,0,201,61,140
29,570,0097,609386,0000,000000,KARNATAKA,Chikmagalur,VILLAGE,Govindapura,Rural,75,312,166,146,33,18,15,130,71,59,0,0,0,229,130,99,83,36,47,118,112,6,105,101,4,102,99,3,1,1,0,0,0,0,2,1,1,13,11,2,2,2,0,0,0,0,0,0,0,11,9,2,13,11,2,2,2,0,0,0,0,0,0,0,11,9,2,0,0,0,0,0,0,0,0,0,0,0,0,0,0,0,194,54,140
29,570,0097,609387,0000,000000,KARNATAKA,Chikmagalur,VILLAGE,Kannenahalli,Rural,69,271,131,140,15,6,9,3,0,3,4,3,1,211,110,101,60,21,39,98,76,22,93,72,21,61,50,11,15,8,7,0,0,0,17,14,3,5,4,1,1,1,0,1,0,1,0,0,0,3,3,0,5,4,1,1,1,0,1,0,1,0,0,0,3,3,0,0,0,0,0,0,0,0,0,0,0,0,0,0,0,0,173,55,118
29,570,0097,609388,0000,000000,KARNATAKA,Chikmagalur,VILLAGE,Chikkangala,Rural,544,2284,1132,1152,180,89,91,988,486,502,22,11,11,1539,837,702,745,295,450,1129,703,426,1079,683,396,303,266,37,644,326,318,5,4,1,127,87,40,50,20,30,3,1,2,29,9,20,0,0,0,18,10,8,48,19,29,3,1,2,28,9,19,0,0,0,17,9,8,2,1,1,0,0,0,1,0,1,0,0,0,1,1,0,1155,429,726
29,570,0097,609389,0000,000000,KARNATAKA,Chikmagalur,VILLAGE,Revanahalli,Rural,0,0,0,0,0,0,0,0,0,0,0,0,0,0,0,0,0,0,0,0,0,0,0,0,0,0,0,0,0,0,0,0,0,0,0,0,0,0,0,0,0,0,0,0,0,0,0,0,0,0,0,0,0,0,0,0,0,0,0,0,0,0,0,0,0,0,0,0,0,0,0,0,0,0,0,0,0,0,0,0,0,0,0,0,0
29,570,0097,609390,0000,000000,KARNATAKA,Chikmagalur,VILLAGE,Giriyapura,Rural,274,1265,748,517,86,50,36,8,6,2,7,4,3,1090,669,421,175,79,96,458,316,142,336,281,55,179,170,9,39,17,22,5,4,1,113,90,23,122,35,87,12,10,2,84,12,72,3,0,3,23,13,10,122,35,87,12,10,2,84,12,72,3,0,3,23,13,10,0,0,0,0,0,0,0,0,0,0,0,0,0,0,0,807,432,375
29,570,0097,609391,0000,000000,KARNATAKA,Chikmagalur,VILLAGE,Chikkanalluru,Rural,388,1516,749,767,119,54,65,278,148,130,0,0,0,1147,625,522,369,124,245,1120,549,571,522,438,84,405,381,24,82,28,54,2,2,0,33,27,6,598,111,487,424,82,342,155,18,137,3,1,2,16,10,6,502,57,445,342,36,306,146,12,134,0,0,0,14,9,5,96,54,42,82,46,36,9,6,3,3,1,2,2,1,1,396,200,196
29,570,0097,609392,0000,000000,KARNATAKA,Chikmagalur,VILLAGE,Asandi,Rural,535,2194,1095,1099,178,83,95,331,170,161,3,2,1,1641,887,754,553,208,345,1544,756,788,770,662,108,580,514,66,152,114,38,6,6,0,32,28,4,774,94,680,468,42,426,272,37,235,8,4,4,26,11,15,770,92,678,468,42,426,272,37,235,8,4,4,22,9,13,4,2,2,0,0,0,0,0,0,0,0,0,4,2,2,650,339,311
29,570,0097,609393,0000,000000,KARNATAKA,Chikmagalur,VILLAGE,K.Chomanahalli,Rural,77,307,157,150,22,10,12,1,1,0,0,0,0,254,141,113,53,16,37,116,104,12,107,100,7,74,73,1,10,5,5,12,12,0,11,10,1,9,4,5,1,1,0,5,0,5,1,1,0,2,2,0,9,4,5,1,1,0,5,0,5,1,1,0,2,2,0,0,0,0,0,0,0,0,0,0,0,0,0,0,0,0,191,53,138
29,570,0097,609394,0000,000000,KARNATAKA,Chikmagalur,VILLAGE,Antharagatte,Rural,399,1878,932,946,224,106,118,866,416,450,169,89,80,1148,629,519,730,303,427,1073,604,469,767,438,329,203,172,31,417,175,242,38,17,21,109,74,35,306,166,140,24,14,10,136,73,63,19,11,8,127,68,59,284,157,127,24,14,10,120,69,51,18,11,7,122,63,59,22,9,13,0,0,0,16,4,12,1,0,1,5,5,0,805,328,477
29,570,0097,609395,0000,000000,KARNATAKA,Chikmagalur,VILLAGE,Hullehalli,Rural,81,395,203,192,38,14,24,2,1,1,0,0,0,315,177,138,80,26,54,284,150,134,192,144,48,74,64,10,110,74,36,0,0,0,8,6,2,92,6,86,8,2,6,81,2,79,0,0,0,3,2,1,92,6,86,8,2,6,81,2,79,0,0,0,3,2,1,0,0,0,0,0,0,0,0,0,0,0,0,0,0,0,111,53,58
29,570,0097,609396,0000,000000,KARNATAKA,Chikmagalur,VILLAGE,Sanklapura,Rural,82,311,164,147,25,12,13,67,35,32,0,0,0,237,131,106,74,33,41,206,103,103,158,102,56,52,49,3,88,36,52,14,14,0,4,3,1,48,1,47,47,1,46,1,0,1,0,0,0,0,0,0,48,1,47,47,1,46,1,0,1,0,0,0,0,0,0,0,0,0,0,0,0,0,0,0,0,0,0,0,0,0,105,61,44
29,570,0097,609397,0000,000000,KARNATAKA,Chikmagalur,VILLAGE,Kalkere,Rural,455,1954,962,992,183,88,95,575,279,296,0,0,0,1282,699,583,672,263,409,1025,656,369,445,383,62,303,283,20,79,51,28,3,3,0,60,46,14,580,273,307,238,105,133,280,135,145,1,1,0,61,32,29,533,250,283,222,94,128,263,131,132,1,1,0,47,24,23,47,23,24,16,11,5,17,4,13,0,0,0,14,8,6,929,306,623
29,570,0097,609398,0000,000000,KARNATAKA,Chikmagalur,VILLAGE,Gummanahalli,Rural,73,329,165,164,36,18,18,79,42,37,0,0,0,228,121,107,101,44,57,219,120,99,92,84,8,82,75,7,2,2,0,2,2,0,6,5,1,127,36,91,70,6,64,55,28,27,0,0,0,2,2,0,127,36,91,70,6,64,55,28,27,0,0,0,2,2,0,0,0,0,0,0,0,0,0,0,0,0,0,0,0,0,110,45,65
29,570,0097,609399,0000,000000,KARNATAKA,Chikmagalur,VILLAGE,C.Dasarahalli,Rural,87,434,211,223,45,21,24,0,0,0,5,2,3,287,156,131,147,55,92,265,140,125,236,130,106,218,119,99,2,0,2,0,0,0,16,11,5,29,10,19,21,3,18,0,0,0,0,0,0,8,7,1,29,10,19,21,3,18,0,0,0,0,0,0,8,7,1,0,0,0,0,0,0,0,0,0,0,0,0,0,0,0,169,71,98
29,570,0097,609400,0000,000000,KARNATAKA,Chikmagalur,VILLAGE,Siddapura,Rural,23,101,49,52,12,5,7,0,0,0,0,0,0,79,39,40,22,10,12,40,33,7,34,30,4,21,20,1,11,9,2,0,0,0,2,1,1,6,3,3,0,0,0,3,2,1,0,0,0,3,1,2,6,3,3,0,0,0,3,2,1,0,0,0,3,1,2,0,0,0,0,0,0,0,0,0,0,0,0,0,0,0,61,16,45
29,570,0097,609401,0000,000000,KARNATAKA,Chikmagalur,VILLAGE,Siddegowdanahalli,Rural,0,0,0,0,0,0,0,0,0,0,0,0,0,0,0,0,0,0,0,0,0,0,0,0,0,0,0,0,0,0,0,0,0,0,0,0,0,0,0,0,0,0,0,0,0,0,0,0,0,0,0,0,0,0,0,0,0,0,0,0,0,0,0,0,0,0,0,0,0,0,0,0,0,0,0,0,0,0,0,0,0,0,0,0,0
29,570,0097,609402,0000,000000,KARNATAKA,Chikmagalur,VILLAGE,Gadaganahalli,Rural,54,223,114,109,24,14,10,0,0,0,0,0,0,125,73,52,98,41,57,140,73,67,138,72,66,130,67,63,0,0,0,1,1,0,7,4,3,2,1,1,1,1,0,0,0,0,0,0,0,1,0,1,2,1,1,1,1,0,0,0,0,0,0,0,1,0,1,0,0,0,0,0,0,0,0,0,0,0,0,0,0,0,83,41,42
29,570,0097,609403,0000,000000,KARNATAKA,Chikmagalur,VILLAGE,Kedigere,Rural,257,1057,500,557,93,46,47,251,108,143,136,63,73,662,354,308,395,146,249,768,370,398,645,324,321,252,174,78,368,129,239,2,1,1,23,20,3,123,46,77,5,2,3,115,42,73,0,0,0,3,2,1,110,41,69,5,2,3,102,37,65,0,0,0,3,2,1,13,5,8,0,0,0,13,5,8,0,0,0,0,0,0,289,130,159
29,570,0097,609404,0000,000000,KARNATAKA,Chikmagalur,VILLAGE,Hirenalluru,Rural,599,2314,1100,1214,164,75,89,357,147,210,107,59,48,1686,874,812,628,226,402,1221,739,482,1185,721,464,316,238,78,658,338,320,8,5,3,203,140,63,36,18,18,13,8,5,17,7,10,0,0,0,6,3,3,22,10,12,8,5,3,12,5,7,0,0,0,2,0,2,14,8,6,5,3,2,5,2,3,0,0,0,4,3,1,1093,361,732
29,570,0097,609405,0000,000000,KARNATAKA,Chikmagalur,VILLAGE,Hirenallurukaval,Rural,58,263,128,135,37,21,16,25,11,14,4,3,1,187,97,90,76,31,45,213,102,111,129,79,50,6,6,0,119,70,49,1,1,0,3,2,1,84,23,61,3,0,3,74,20,54,1,0,1,6,3,3,74,21,53,3,0,3,64,18,46,1,0,1,6,3,3,10,2,8,0,0,0,10,2,8,0,0,0,0,0,0,50,26,24
29,570,0097,609406,0000,000000,KARNATAKA,Chikmagalur,VILLAGE,M.Chomanahalli,Rural,91,418,210,208,21,9,12,1,1,0,0,0,0,379,199,180,39,11,28,374,194,180,206,142,64,192,136,56,7,2,5,0,0,0,7,4,3,168,52,116,138,38,100,10,0,10,1,0,1,19,14,5,167,52,115,138,38,100,10,0,10,1,0,1,18,14,4,1,0,1,0,0,0,0,0,0,0,0,0,1,0,1,44,16,28
29,570,0097,609407,0000,000000,KARNATAKA,Chikmagalur,VILLAGE,Melenahalli,Rural,149,630,332,298,37,14,23,271,148,123,1,0,1,518,293,225,112,39,73,590,316,274,288,160,128,98,76,22,158,64,94,28,17,11,4,3,1,302,156,146,40,26,14,193,103,90,50,20,30,19,7,12,293,150,143,36,23,13,189,101,88,49,19,30,19,7,12,9,6,3,4,3,1,4,2,2,1,1,0,0,0,0,40,16,24
29,570,0097,609408,0000,000000,KARNATAKA,Chikmagalur,VILLAGE,Narasipura,Rural,86,426,219,207,31,17,14,1,1,0,0,0,0,343,187,156,83,32,51,266,139,127,253,130,123,240,121,119,1,1,0,5,5,0,7,3,4,13,9,4,6,5,1,1,0,1,0,0,0,6,4,2,11,7,4,6,5,1,1,0,1,0,0,0,4,2,2,2,2,0,0,0,0,0,0,0,0,0,0,2,2,0,160,80,80
29,570,0097,609409,0000,000000,KARNATAKA,Chikmagalur,VILLAGE,Basurukaval,Rural,0,0,0,0,0,0,0,0,0,0,0,0,0,0,0,0,0,0,0,0,0,0,0,0,0,0,0,0,0,0,0,0,0,0,0,0,0,0,0,0,0,0,0,0,0,0,0,0,0,0,0,0,0,0,0,0,0,0,0,0,0,0,0,0,0,0,0,0,0,0,0,0,0,0,0,0,0,0,0,0,0,0,0,0,0
29,570,0097,609410,0000,000000,KARNATAKA,Chikmagalur,VILLAGE,Aadigere,Rural,79,326,163,163,33,19,14,11,6,5,0,0,0,255,137,118,71,26,45,203,105,98,189,99,90,167,85,82,6,3,3,0,0,0,16,11,5,14,6,8,10,6,4,2,0,2,1,0,1,1,0,1,14,6,8,10,6,4,2,0,2,1,0,1,1,0,1,0,0,0,0,0,0,0,0,0,0,0,0,0,0,0,123,58,65
29,570,0097,609411,0000,000000,KARNATAKA,Chikmagalur,VILLAGE,Hireballekere,Rural,138,725,371,354,62,31,31,13,6,7,1,0,1,486,294,192,239,77,162,247,195,52,191,165,26,70,69,1,24,19,5,0,0,0,97,77,20,56,30,26,6,4,2,12,6,6,0,0,0,38,20,18,26,17,9,5,3,2,4,2,2,0,0,0,17,12,5,30,13,17,1,1,0,8,4,4,0,0,0,21,8,13,478,176,302
29,570,0097,609412,0000,000000,KARNATAKA,Chikmagalur,VILLAGE,Hurukanahalli,Rural,85,343,179,164,43,24,19,0,0,0,0,0,0,168,101,67,175,78,97,208,112,96,87,66,21,54,51,3,25,8,17,2,2,0,6,5,1,121,46,75,7,4,3,113,41,72,0,0,0,1,1,0,121,46,75,7,4,3,113,41,72,0,0,0,1,1,0,0,0,0,0,0,0,0,0,0,0,0,0,0,0,0,135,67,68
29,570,0097,609413,0000,000000,KARNATAKA,Chikmagalur,VILLAGE,Hosahalli  Kalli,Rural,45,173,101,72,8,5,3,0,0,0,0,0,0,147,94,53,26,7,19,116,70,46,88,68,20,86,67,19,1,0,1,0,0,0,1,1,0,28,2,26,25,0,25,1,0,1,0,0,0,2,2,0,28,2,26,25,0,25,1,0,1,0,0,0,2,2,0,0,0,0,0,0,0,0,0,0,0,0,0,0,0,0,57,31,26
29,570,0097,609414,0000,000000,KARNATAKA,Chikmagalur,VILLAGE,Hadagalu,Rural,211,979,495,484,106,52,54,136,68,68,20,6,14,548,325,223,431,170,261,662,340,322,273,254,19,180,178,2,39,27,12,4,4,0,50,45,5,389,86,303,178,34,144,187,38,149,11,3,8,13,11,2,323,52,271,131,9,122,174,31,143,8,3,5,10,9,1,66,34,32,47,25,22,13,7,6,3,0,3,3,2,1,317,155,162
29,570,0097,609415,0000,000000,KARNATAKA,Chikmagalur,VILLAGE,H.Thimmapura,Rural,126,566,288,278,32,8,24,0,0,0,0,0,0,501,275,226,65,13,52,395,195,200,370,186,184,171,158,13,179,17,162,4,2,2,16,9,7,25,9,16,2,2,0,11,1,10,1,0,1,11,6,5,24,8,16,2,2,0,11,1,10,1,0,1,10,5,5,1,1,0,0,0,0,0,0,0,0,0,0,1,1,0,171,93,78
29,570,0097,609416,0000,000000,KARNATAKA,Chikmagalur,VILLAGE,Kallahalli,Rural,71,329,168,161,32,13,19,0,0,0,0,0,0,232,133,99,97,35,62,161,108,53,75,72,3,64,62,2,3,3,0,0,0,0,8,7,1,86,36,50,65,20,45,12,7,5,0,0,0,9,9,0,86,36,50,65,20,45,12,7,5,0,0,0,9,9,0,0,0,0,0,0,0,0,0,0,0,0,0,0,0,0,168,60,108
29,570,0097,609417,0000,000000,KARNATAKA,Chikmagalur,VILLAGE,Kurubarahalli,Rural,65,269,142,127,23,12,11,0,0,0,0,0,0,211,119,92,58,23,35,165,120,45,131,104,27,127,102,25,0,0,0,1,0,1,3,2,1,34,16,18,29,13,16,0,0,0,1,1,0,4,2,2,11,3,8,6,0,6,0,0,0,1,1,0,4,2,2,23,13,10,23,13,10,0,0,0,0,0,0,0,0,0,104,22,82
29,570,0097,609418,0000,000000,KARNATAKA,Chikmagalur,VILLAGE,Chowlihiriyur,Rural,989,4236,2158,2078,367,187,180,464,235,229,8,5,3,3101,1748,1353,1135,410,725,2598,1388,1210,2031,1263,768,1367,851,516,428,229,199,19,14,5,217,169,48,567,125,442,324,56,268,143,16,127,5,3,2,95,50,45,548,119,429,318,54,264,139,15,124,4,3,1,87,47,40,19,6,13,6,2,4,4,1,3,1,0,1,8,3,5,1638,770,868
29,570,0097,609419,0000,000000,KARNATAKA,Chikmagalur,VILLAGE,E.Timmapura,Rural,54,207,96,111,22,11,11,196,91,105,0,0,0,117,61,56,90,35,55,111,72,39,37,30,7,30,24,6,0,0,0,0,0,0,7,6,1,74,42,32,12,8,4,0,0,0,0,0,0,62,34,28,57,35,22,2,2,0,0,0,0,0,0,0,55,33,22,17,7,10,10,6,4,0,0,0,0,0,0,7,1,6,96,24,72
29,570,0097,609420,0000,000000,KARNATAKA,Chikmagalur,VILLAGE,Ganganahalli,Rural,7,24,11,13,2,1,1,24,11,13,0,0,0,6,2,4,18,9,9,9,8,1,6,6,0,6,6,0,0,0,0,0,0,0,0,0,0,3,2,1,2,1,1,1,1,0,0,0,0,0,0,0,3,2,1,2,1,1,1,1,0,0,0,0,0,0,0,0,0,0,0,0,0,0,0,0,0,0,0,0,0,0,15,3,12
29,570,0097,609421,0000,000000,KARNATAKA,Chikmagalur,VILLAGE,Chikkaballekere,Rural,279,1189,624,565,103,51,52,208,107,101,0,0,0,954,545,409,235,79,156,936,489,447,299,268,31,241,217,24,27,24,3,9,6,3,22,21,1,637,221,416,530,170,360,63,19,44,12,10,2,32,22,10,582,202,380,485,157,328,57,16,41,10,9,1,30,20,10,55,19,36,45,13,32,6,3,3,2,1,1,2,2,0,253,135,118
29,570,0097,609422,0000,000000,KARNATAKA,Chikmagalur,VILLAGE,Hanumanahalli,Rural,68,293,130,163,41,15,26,11,5,6,0,0,0,193,105,88,100,25,75,177,86,91,87,71,16,56,53,3,15,5,10,10,10,0,6,3,3,90,15,75,19,9,10,67,4,63,2,0,2,2,2,0,90,15,75,19,9,10,67,4,63,2,0,2,2,2,0,0,0,0,0,0,0,0,0,0,0,0,0,0,0,0,116,44,72
29,570,0097,609423,0000,000000,KARNATAKA,Chikmagalur,VILLAGE,Gedlehalli,Rural,85,440,219,221,53,27,26,0,0,0,0,0,0,227,120,107,213,99,114,315,155,160,164,154,10,163,154,9,1,0,1,0,0,0,0,0,0,151,1,150,149,1,148,2,0,2,0,0,0,0,0,0,151,1,150,149,1,148,2,0,2,0,0,0,0,0,0,0,0,0,0,0,0,0,0,0,0,0,0,0,0,0,125,64,61
29,570,0097,609424,0000,000000,KARNATAKA,Chikmagalur,VILLAGE,Arehalli,Rural,230,940,487,453,75,37,38,333,161,172,4,1,3,711,397,314,229,90,139,690,358,332,499,337,162,338,251,87,132,67,65,7,3,4,22,16,6,191,21,170,174,15,159,13,4,9,0,0,0,4,2,2,162,6,156,151,4,147,8,1,7,0,0,0,3,1,2,29,15,14,23,11,12,5,3,2,0,0,0,1,1,0,250,129,121
29,570,0097,609425,0000,000000,KARNATAKA,Chikmagalur,VILLAGE,Kallenahalli,Rural,0,0,0,0,0,0,0,0,0,0,0,0,0,0,0,0,0,0,0,0,0,0,0,0,0,0,0,0,0,0,0,0,0,0,0,0,0,0,0,0,0,0,0,0,0,0,0,0,0,0,0,0,0,0,0,0,0,0,0,0,0,0,0,0,0,0,0,0,0,0,0,0,0,0,0,0,0,0,0,0,0,0,0,0,0
29,570,0097,609426,0000,000000,KARNATAKA,Chikmagalur,VILLAGE,Basuru,Rural,279,1228,634,594,101,55,46,257,125,132,0,0,0,762,440,322,466,194,272,837,419,418,656,381,275,200,170,30,408,172,236,4,3,1,44,36,8,181,38,143,17,3,14,155,26,129,0,0,0,9,9,0,171,33,138,16,2,14,147,23,124,0,0,0,8,8,0,10,5,5,1,1,0,8,3,5,0,0,0,1,1,0,391,215,176
29,570,0097,609427,0000,000000,KARNATAKA,Chikmagalur,VILLAGE,Kamanakere,Rural,294,1451,733,718,98,53,45,400,208,192,64,27,37,1129,608,521,322,125,197,760,387,373,397,266,131,274,191,83,97,61,36,7,4,3,19,10,9,363,121,242,183,56,127,121,43,78,11,6,5,48,16,32,357,116,241,183,56,127,119,41,78,8,3,5,47,16,31,6,5,1,0,0,0,2,2,0,3,3,0,1,0,1,691,346,345
29,570,0097,609428,0000,000000,KARNATAKA,Chikmagalur,VILLAGE,Bantiganahalli,Rural,303,1426,718,708,125,57,68,123,58,65,0,0,0,938,546,392,488,172,316,764,479,285,434,406,28,356,341,15,30,28,2,0,0,0,48,37,11,330,73,257,180,29,151,127,27,100,5,4,1,18,13,5,321,68,253,176,27,149,124,24,100,5,4,1,16,13,3,9,5,4,4,2,2,3,3,0,0,0,0,2,0,2,662,239,423
29,570,0097,609429,0000,000000,KARNATAKA,Chikmagalur,VILLAGE,K.Dasarahalli,Rural,186,889,450,439,88,40,48,2,1,1,4,2,2,567,316,251,322,134,188,529,290,239,336,249,87,234,178,56,56,31,25,1,1,0,45,39,6,193,41,152,174,32,142,17,7,10,0,0,0,2,2,0,131,13,118,118,7,111,11,4,7,0,0,0,2,2,0,62,28,34,56,25,31,6,3,3,0,0,0,0,0,0,360,160,200
29,570,0097,609430,0000,000000,KARNATAKA,Chikmagalur,VILLAGE,Marulanahalli,Rural,29,115,65,50,9,6,3,0,0,0,0,0,0,90,54,36,25,11,14,76,43,33,48,36,12,45,36,9,2,0,2,0,0,0,1,0,1,28,7,21,27,7,20,1,0,1,0,0,0,0,0,0,28,7,21,27,7,20,1,0,1,0,0,0,0,0,0,0,0,0,0,0,0,0,0,0,0,0,0,0,0,0,39,22,17
29,570,0097,609431,0000,000000,KARNATAKA,Chikmagalur,VILLAGE,Chikkabasur,Rural,293,1199,596,603,93,45,48,49,23,26,4,2,2,667,390,277,532,206,326,730,382,348,369,282,87,258,243,15,88,24,64,3,2,1,20,13,7,361,100,261,32,26,6,281,63,218,1,1,0,47,10,37,359,98,261,32,26,6,281,63,218,1,1,0,45,8,37,2,2,0,0,0,0,0,0,0,0,0,0,2,2,0,469,214,255
29,570,0097,609432,0000,000000,KARNATAKA,Chikmagalur,VILLAGE,Gowdanakattehalli,Rural,138,606,315,291,62,40,22,102,53,49,0,0,0,451,240,211,155,75,80,441,227,214,208,196,12,172,171,1,28,20,8,0,0,0,8,5,3,233,31,202,230,31,199,1,0,1,0,0,0,2,0,2,175,3,172,172,3,169,1,0,1,0,0,0,2,0,2,58,28,30,58,28,30,0,0,0,0,0,0,0,0,0,165,88,77
29,570,0097,609433,0000,000000,KARNATAKA,Chikmagalur,VILLAGE,Bislere,Rural,293,1161,583,578,91,46,45,79,42,37,357,176,181,813,457,356,348,126,222,813,412,401,380,345,35,247,234,13,55,45,10,10,9,1,68,57,11,433,67,366,354,8,346,53,41,12,9,6,3,17,12,5,430,66,364,352,7,345,52,41,11,9,6,3,17,12,5,3,1,2,2,1,1,1,0,1,0,0,0,0,0,0,348,171,177
29,570,0097,609434,0000,000000,KARNATAKA,Chikmagalur,VILLAGE,Kukkasamudra,Rural,0,0,0,0,0,0,0,0,0,0,0,0,0,0,0,0,0,0,0,0,0,0,0,0,0,0,0,0,0,0,0,0,0,0,0,0,0,0,0,0,0,0,0,0,0,0,0,0,0,0,0,0,0,0,0,0,0,0,0,0,0,0,0,0,0,0,0,0,0,0,0,0,0,0,0,0,0,0,0,0,0,0,0,0,0
29,570,0097,609435,0000,000000,KARNATAKA,Chikmagalur,VILLAGE,Thammihalli,Rural,0,0,0,0,0,0,0,0,0,0,0,0,0,0,0,0,0,0,0,0,0,0,0,0,0,0,0,0,0,0,0,0,0,0,0,0,0,0,0,0,0,0,0,0,0,0,0,0,0,0,0,0,0,0,0,0,0,0,0,0,0,0,0,0,0,0,0,0,0,0,0,0,0,0,0,0,0,0,0,0,0,0,0,0,0
29,570,0097,609436,0000,000000,KARNATAKA,Chikmagalur,VILLAGE,Bannihatti,Rural,0,0,0,0,0,0,0,0,0,0,0,0,0,0,0,0,0,0,0,0,0,0,0,0,0,0,0,0,0,0,0,0,0,0,0,0,0,0,0,0,0,0,0,0,0,0,0,0,0,0,0,0,0,0,0,0,0,0,0,0,0,0,0,0,0,0,0,0,0,0,0,0,0,0,0,0,0,0,0,0,0,0,0,0,0
29,570,0097,609437,0000,000000,KARNATAKA,Chikmagalur,VILLAGE,Jammapura,Rural,0,0,0,0,0,0,0,0,0,0,0,0,0,0,0,0,0,0,0,0,0,0,0,0,0,0,0,0,0,0,0,0,0,0,0,0,0,0,0,0,0,0,0,0,0,0,0,0,0,0,0,0,0,0,0,0,0,0,0,0,0,0,0,0,0,0,0,0,0,0,0,0,0,0,0,0,0,0,0,0,0,0,0,0,0
29,570,0097,609438,0000,000000,KARNATAKA,Chikmagalur,VILLAGE,Mavinahalli,Rural,53,203,101,102,27,16,11,67,39,28,2,1,1,103,58,45,100,43,57,100,65,35,85,60,25,26,25,1,1,1,0,0,0,0,58,34,24,15,5,10,2,2,0,10,0,10,0,0,0,3,3,0,15,5,10,2,2,0,10,0,10,0,0,0,3,3,0,0,0,0,0,0,0,0,0,0,0,0,0,0,0,0,103,36,67
29,570,0097,609439,0000,000000,KARNATAKA,Chikmagalur,VILLAGE,P.Kodihalli,Rural,335,1408,702,706,138,69,69,109,54,55,0,0,0,741,404,337,667,298,369,819,453,366,445,413,32,402,379,23,19,15,4,5,5,0,19,14,5,374,40,334,314,23,291,43,13,30,1,0,1,16,4,12,373,39,334,314,23,291,43,13,30,1,0,1,15,3,12,1,1,0,0,0,0,0,0,0,0,0,0,1,1,0,589,249,340
29,570,0097,609440,0000,000000,KARNATAKA,Chikmagalur,VILLAGE,Donnekoranahalli,Rural,161,682,331,351,73,42,31,124,58,66,0,0,0,469,235,234,213,96,117,467,226,241,192,163,29,132,120,12,51,36,15,0,0,0,9,7,2,275,63,212,212,48,164,55,14,41,0,0,0,8,1,7,275,63,212,212,48,164,55,14,41,0,0,0,8,1,7,0,0,0,0,0,0,0,0,0,0,0,0,0,0,0,215,105,110
29,570,0097,609441,0000,000000,KARNATAKA,Chikmagalur,VILLAGE,Narasipura,Rural,0,0,0,0,0,0,0,0,0,0,0,0,0,0,0,0,0,0,0,0,0,0,0,0,0,0,0,0,0,0,0,0,0,0,0,0,0,0,0,0,0,0,0,0,0,0,0,0,0,0,0,0,0,0,0,0,0,0,0,0,0,0,0,0,0,0,0,0,0,0,0,0,0,0,0,0,0,0,0,0,0,0,0,0,0
29,570,0097,609442,0000,000000,KARNATAKA,Chikmagalur,VILLAGE,Yaradakere.G,Rural,434,1769,898,871,157,81,76,312,164,148,20,9,11,1136,653,483,633,245,388,1195,615,580,1151,601,550,1058,547,511,35,10,25,3,2,1,55,42,13,44,14,30,39,13,26,3,1,2,1,0,1,1,0,1,31,7,24,26,6,20,3,1,2,1,0,1,1,0,1,13,7,6,13,7,6,0,0,0,0,0,0,0,0,0,574,283,291
29,570,0097,609443,0000,000000,KARNATAKA,Chikmagalur,VILLAGE,Vokkalagere,Rural,414,1537,766,771,132,71,61,537,277,260,40,21,19,974,530,444,563,236,327,805,478,327,453,321,132,371,261,110,11,8,3,2,2,0,69,50,19,352,157,195,39,12,27,4,3,1,2,0,2,307,142,165,234,94,140,35,10,25,2,1,1,1,0,1,196,83,113,118,63,55,4,2,2,2,2,0,1,0,1,111,59,52,732,288,444
29,570,0097,609444,0000,000000,KARNATAKA,Chikmagalur,VILLAGE,M.Kodihalli,Rural,134,610,303,307,62,25,37,174,82,92,31,12,19,331,190,141,279,113,166,450,230,220,363,189,174,358,185,173,0,0,0,0,0,0,5,4,1,87,41,46,59,28,31,27,12,15,0,0,0,1,1,0,87,41,46,59,28,31,27,12,15,0,0,0,1,1,0,0,0,0,0,0,0,0,0,0,0,0,0,0,0,0,160,73,87
29,570,0097,609445,0000,000000,KARNATAKA,Chikmagalur,VILLAGE,Chinakarahalli,Rural,121,486,251,235,36,18,18,0,0,0,0,0,0,314,188,126,172,63,109,331,174,157,174,171,3,167,164,3,1,1,0,0,0,0,6,6,0,157,3,154,152,2,150,5,1,4,0,0,0,0,0,0,156,3,153,152,2,150,4,1,3,0,0,0,0,0,0,1,0,1,0,0,0,1,0,1,0,0,0,0,0,0,155,77,78
29,570,0097,609446,0000,000000,KARNATAKA,Chikmagalur,VILLAGE,M.Jakkanahalli,Rural,86,307,156,151,18,10,8,0,0,0,0,0,0,236,131,105,71,25,46,225,117,108,119,117,2,117,116,1,0,0,0,0,0,0,2,1,1,106,0,106,103,0,103,3,0,3,0,0,0,0,0,0,106,0,106,103,0,103,3,0,3,0,0,0,0,0,0,0,0,0,0,0,0,0,0,0,0,0,0,0,0,0,82,39,43
29,570,0097,609447,0000,000000,KARNATAKA,Chikmagalur,VILLAGE,Byregondanahalli,Rural,172,812,411,401,82,44,38,239,120,119,0,0,0,463,265,198,349,146,203,480,258,222,369,226,143,250,176,74,77,36,41,3,1,2,39,13,26,111,32,79,16,4,12,54,8,46,0,0,0,41,20,21,75,14,61,16,4,12,54,8,46,0,0,0,5,2,3,36,18,18,0,0,0,0,0,0,0,0,0,36,18,18,332,153,179
29,570,0097,609448,0000,000000,KARNATAKA,Chikmagalur,VILLAGE,Y.Basavanahalli,Rural,10,38,18,20,1,0,1,0,0,0,0,0,0,17,8,9,21,10,11,24,12,12,21,12,9,21,12,9,0,0,0,0,0,0,0,0,0,3,0,3,3,0,3,0,0,0,0,0,0,0,0,0,3,0,3,3,0,3,0,0,0,0,0,0,0,0,0,0,0,0,0,0,0,0,0,0,0,0,0,0,0,0,14,6,8
29,570,0097,609449,0000,000000,KARNATAKA,Chikmagalur,VILLAGE,P.Mallapura,Rural,68,286,144,142,20,6,14,3,2,1,0,0,0,185,111,74,101,33,68,178,93,85,92,87,5,82,79,3,0,0,0,1,1,0,9,7,2,86,6,80,80,2,78,4,3,1,0,0,0,2,1,1,86,6,80,80,2,78,4,3,1,0,0,0,2,1,1,0,0,0,0,0,0,0,0,0,0,0,0,0,0,0,108,51,57
29,570,0097,609450,0000,000000,KARNATAKA,Chikmagalur,VILLAGE,Pura,Rural,196,797,401,396,79,37,42,359,171,188,0,0,0,565,296,269,232,105,127,520,284,236,298,277,21,172,167,5,40,33,7,64,64,0,22,13,9,222,7,215,153,4,149,27,2,25,42,1,41,0,0,0,174,5,169,119,4,115,19,1,18,36,0,36,0,0,0,48,2,46,34,0,34,8,1,7,6,1,5,0,0,0,277,117,160
29,570,0097,609451,0000,000000,KARNATAKA,Chikmagalur,VILLAGE,Meredevarahalli,Rural,0,0,0,0,0,0,0,0,0,0,0,0,0,0,0,0,0,0,0,0,0,0,0,0,0,0,0,0,0,0,0,0,0,0,0,0,0,0,0,0,0,0,0,0,0,0,0,0,0,0,0,0,0,0,0,0,0,0,0,0,0,0,0,0,0,0,0,0,0,0,0,0,0,0,0,0,0,0,0,0,0,0,0,0,0
29,570,0097,609452,0000,000000,KARNATAKA,Chikmagalur,VILLAGE,Hiregarje,Rural,132,537,260,277,63,29,34,1,0,1,1,1,0,256,141,115,281,119,162,339,168,171,182,162,20,148,140,8,13,3,10,0,0,0,21,19,2,157,6,151,152,3,149,3,1,2,0,0,0,2,2,0,155,4,151,152,3,149,3,1,2,0,0,0,0,0,0,2,2,0,0,0,0,0,0,0,0,0,0,2,2,0,198,92,106
29,570,0097,609453,0000,000000,KARNATAKA,Chikmagalur,VILLAGE,Rampura,Rural,43,188,98,90,18,6,12,0,0,0,185,96,89,97,58,39,91,40,51,123,67,56,39,36,3,26,26,0,4,4,0,0,0,0,9,6,3,84,31,53,1,1,0,75,24,51,0,0,0,8,6,2,66,28,38,1,1,0,60,23,37,0,0,0,5,4,1,18,3,15,0,0,0,15,1,14,0,0,0,3,2,1,65,31,34
29,570,0097,609454,0000,000000,KARNATAKA,Chikmagalur,VILLAGE,G.Jakkanahalli,Rural,46,202,95,107,21,9,12,0,0,0,2,1,1,122,68,54,80,27,53,133,69,64,55,51,4,39,38,1,4,4,0,0,0,0,12,9,3,78,18,60,51,12,39,24,5,19,1,0,1,2,1,1,60,15,45,40,11,29,18,4,14,1,0,1,1,0,1,18,3,15,11,1,10,6,1,5,0,0,0,1,1,0,69,26,43
29,570,0097,609455,0000,000000,KARNATAKA,Chikmagalur,VILLAGE,G.Madapura,Rural,109,488,241,247,54,25,29,177,77,100,0,0,0,418,211,207,70,30,40,339,171,168,333,168,165,326,162,164,1,1,0,0,0,0,6,5,1,6,3,3,5,2,3,0,0,0,0,0,0,1,1,0,6,3,3,5,2,3,0,0,0,0,0,0,1,1,0,0,0,0,0,0,0,0,0,0,0,0,0,0,0,0,149,70,79
29,570,0097,609456,0000,000000,KARNATAKA,Chikmagalur,VILLAGE,Garje,Rural,560,2276,1129,1147,223,117,106,168,76,92,0,0,0,1489,793,696,787,336,451,1508,805,703,1320,784,536,630,469,161,302,83,219,184,79,105,204,153,51,188,21,167,144,17,127,33,1,32,0,0,0,11,3,8,186,19,167,143,16,127,33,1,32,0,0,0,10,2,8,2,2,0,1,1,0,0,0,0,0,0,0,1,1,0,768,324,444
29,570,0097,609457,0000,000000,KARNATAKA,Chikmagalur,VILLAGE,Yagati,Rural,716,2674,1342,1332,233,102,131,291,149,142,17,10,7,1781,986,795,893,356,537,1154,780,374,859,703,156,447,395,52,112,71,41,22,16,6,278,221,57,295,77,218,62,7,55,202,56,146,2,2,0,29,12,17,288,73,215,62,7,55,199,55,144,2,2,0,25,9,16,7,4,3,0,0,0,3,1,2,0,0,0,4,3,1,1520,562,958
29,570,0097,609458,0000,000000,KARNATAKA,Chikmagalur,VILLAGE,Harisamudra,Rural,90,345,169,176,32,16,16,0,0,0,0,0,0,214,120,94,131,49,82,225,111,114,145,110,35,140,105,35,0,0,0,0,0,0,5,5,0,80,1,79,80,1,79,0,0,0,0,0,0,0,0,0,80,1,79,80,1,79,0,0,0,0,0,0,0,0,0,0,0,0,0,0,0,0,0,0,0,0,0,0,0,0,120,58,62
29,570,0097,609459,0000,000000,KARNATAKA,Chikmagalur,VILLAGE,Hochihalli,Rural,321,1363,692,671,125,63,62,212,112,100,2,2,0,751,457,294,612,235,377,759,387,372,445,324,121,354,262,92,38,23,15,4,2,2,49,37,12,314,63,251,215,14,201,87,46,41,6,0,6,6,3,3,314,63,251,215,14,201,87,46,41,6,0,6,6,3,3,0,0,0,0,0,0,0,0,0,0,0,0,0,0,0,604,305,299
29,570,0097,609460,0000,000000,KARNATAKA,Chikmagalur,VILLAGE,Somanahalli,Rural,2,9,3,6,2,1,1,0,0,0,0,0,0,4,1,3,5,2,3,4,2,2,1,1,0,0,0,0,0,0,0,0,0,0,1,1,0,3,1,2,1,0,1,2,1,1,0,0,0,0,0,0,3,1,2,1,0,1,2,1,1,0,0,0,0,0,0,0,0,0,0,0,0,0,0,0,0,0,0,0,0,0,5,1,4
29,570,0097,609461,0000,000000,KARNATAKA,Chikmagalur,VILLAGE,Maravanji,Rural,375,1592,812,780,138,69,69,155,70,85,66,29,37,1082,625,457,510,187,323,1099,561,538,728,455,273,662,405,257,11,5,6,2,2,0,53,43,10,371,106,265,96,36,60,271,68,203,1,0,1,3,2,1,371,106,265,96,36,60,271,68,203,1,0,1,3,2,1,0,0,0,0,0,0,0,0,0,0,0,0,0,0,0,493,251,242
29,570,0097,609462,0000,000000,KARNATAKA,Chikmagalur,VILLAGE,Honnenahalli,Rural,299,1168,578,590,82,39,43,241,121,120,0,0,0,838,465,373,330,113,217,783,388,395,353,330,23,278,273,5,18,14,4,2,2,0,55,41,14,430,58,372,391,45,346,30,10,20,2,0,2,7,3,4,408,56,352,370,43,327,30,10,20,2,0,2,6,3,3,22,2,20,21,2,19,0,0,0,0,0,0,1,0,1,385,190,195
29,570,0097,609463,0000,000000,KARNATAKA,Chikmagalur,VILLAGE,Udugere,Rural,481,1956,989,967,182,98,84,601,295,306,0,0,0,1125,649,476,831,340,491,1336,693,643,698,554,144,603,495,108,47,28,19,4,4,0,44,27,17,638,139,499,240,45,195,383,87,296,2,1,1,13,6,7,626,130,496,229,37,192,382,86,296,2,1,1,13,6,7,12,9,3,11,8,3,1,1,0,0,0,0,0,0,0,620,296,324
29,570,0097,609464,0000,000000,KARNATAKA,Chikmagalur,VILLAGE,Keremelenahalli,Rural,20,104,55,49,9,6,3,0,0,0,1,1,0,78,41,37,26,14,12,64,33,31,33,32,1,32,32,0,0,0,0,0,0,0,1,0,1,31,1,30,31,1,30,0,0,0,0,0,0,0,0,0,31,1,30,31,1,30,0,0,0,0,0,0,0,0,0,0,0,0,0,0,0,0,0,0,0,0,0,0,0,0,40,22,18
29,570,0097,609465,0000,000000,KARNATAKA,Chikmagalur,VILLAGE,Hanumanahalli,Rural,71,345,171,174,29,13,16,0,0,0,0,0,0,226,128,98,119,43,76,213,112,101,115,111,4,107,104,3,0,0,0,0,0,0,8,7,1,98,1,97,96,0,96,0,0,0,0,0,0,2,1,1,98,1,97,96,0,96,0,0,0,0,0,0,2,1,1,0,0,0,0,0,0,0,0,0,0,0,0,0,0,0,132,59,73
29,570,0097,609466,0000,000000,KARNATAKA,Chikmagalur,VILLAGE,Bukkanagundi,Rural,16,59,30,29,3,3,0,0,0,0,0,0,0,44,20,24,15,10,5,30,21,9,21,21,0,20,20,0,1,1,0,0,0,0,0,0,0,9,0,9,7,0,7,2,0,2,0,0,0,0,0,0,9,0,9,7,0,7,2,0,2,0,0,0,0,0,0,0,0,0,0,0,0,0,0,0,0,0,0,0,0,0,29,9,20
29,570,0097,609467,0000,000000,KARNATAKA,Chikmagalur,VILLAGE,G.Byrapura,Rural,0,0,0,0,0,0,0,0,0,0,0,0,0,0,0,0,0,0,0,0,0,0,0,0,0,0,0,0,0,0,0,0,0,0,0,0,0,0,0,0,0,0,0,0,0,0,0,0,0,0,0,0,0,0,0,0,0,0,0,0,0,0,0,0,0,0,0,0,0,0,0,0,0,0,0,0,0,0,0,0,0,0,0,0,0
29,570,0097,609468,0000,000000,KARNATAKA,Chikmagalur,VILLAGE,Siriyappanahalli,Rural,0,0,0,0,0,0,0,0,0,0,0,0,0,0,0,0,0,0,0,0,0,0,0,0,0,0,0,0,0,0,0,0,0,0,0,0,0,0,0,0,0,0,0,0,0,0,0,0,0,0,0,0,0,0,0,0,0,0,0,0,0,0,0,0,0,0,0,0,0,0,0,0,0,0,0,0,0,0,0,0,0,0,0,0,0
29,570,0097,609469,0000,000000,KARNATAKA,Chikmagalur,VILLAGE,Chokkapura,Rural,2,7,3,4,0,0,0,0,0,0,0,0,0,4,2,2,3,1,2,4,2,2,2,2,0,2,2,0,0,0,0,0,0,0,0,0,0,2,0,2,2,0,2,0,0,0,0,0,0,0,0,0,2,0,2,2,0,2,0,0,0,0,0,0,0,0,0,0,0,0,0,0,0,0,0,0,0,0,0,0,0,0,3,1,2
29,570,0097,609470,0000,000000,KARNATAKA,Chikmagalur,VILLAGE,Vittalapura,Rural,48,193,88,105,17,6,11,56,27,29,0,0,0,122,60,62,71,28,43,134,65,69,65,60,5,61,59,2,2,0,2,0,0,0,2,1,1,69,5,64,60,2,58,9,3,6,0,0,0,0,0,0,69,5,64,60,2,58,9,3,6,0,0,0,0,0,0,0,0,0,0,0,0,0,0,0,0,0,0,0,0,0,59,23,36
29,570,0097,609471,0000,000000,KARNATAKA,Chikmagalur,VILLAGE,Chikkanayakanahalli,Rural,88,320,163,157,20,12,8,1,1,0,0,0,0,270,144,126,50,19,31,208,108,100,119,101,18,102,93,9,7,1,6,0,0,0,10,7,3,89,7,82,73,0,73,14,5,9,0,0,0,2,2,0,89,7,82,73,0,73,14,5,9,0,0,0,2,2,0,0,0,0,0,0,0,0,0,0,0,0,0,0,0,0,112,55,57
29,570,0097,609472,0000,000000,KARNATAKA,Chikmagalur,VILLAGE,Seethapura,Rural,203,916,464,452,90,54,36,901,455,446,0,0,0,486,274,212,430,190,240,527,272,255,483,263,220,155,99,56,301,144,157,3,1,2,24,19,5,44,9,35,9,0,9,35,9,26,0,0,0,0,0,0,39,8,31,9,0,9,30,8,22,0,0,0,0,0,0,5,1,4,0,0,0,5,1,4,0,0,0,0,0,0,389,192,197
29,570,0097,609473,0000,000000,KARNATAKA,Chikmagalur,VILLAGE,Guddehalli,Rural,151,715,362,353,67,37,30,6,1,5,2,1,1,422,257,165,293,105,188,472,238,234,369,178,191,277,164,113,79,6,73,3,1,2,10,7,3,103,60,43,19,1,18,4,0,4,3,0,3,77,59,18,44,18,26,16,0,16,3,0,3,3,0,3,22,18,4,59,42,17,3,1,2,1,0,1,0,0,0,55,41,14,243,124,119
29,570,0097,609474,0000,000000,KARNATAKA,Chikmagalur,VILLAGE,Kunkanadu,Rural,437,1734,886,848,140,71,69,184,103,81,163,78,85,1204,678,526,530,208,322,886,503,383,744,477,267,442,332,110,200,70,130,15,11,4,87,64,23,142,26,116,109,13,96,23,6,17,2,2,0,8,5,3,139,24,115,109,13,96,22,5,17,2,2,0,6,4,2,3,2,1,0,0,0,1,1,0,0,0,0,2,1,1,848,383,465
29,570,0097,609475,0000,000000,KARNATAKA,Chikmagalur,VILLAGE,Aladahalli,Rural,127,546,283,263,33,16,17,149,84,65,4,2,2,349,207,142,197,76,121,341,185,156,337,183,154,187,96,91,143,80,63,0,0,0,7,7,0,4,2,2,1,0,1,1,1,0,2,1,1,0,0,0,3,1,2,1,0,1,0,0,0,2,1,1,0,0,0,1,1,0,0,0,0,1,1,0,0,0,0,0,0,0,205,98,107
29,570,0097,609476,0000,000000,KARNATAKA,Chikmagalur,VILLAGE,Vaderahalli,Rural,106,431,223,208,31,20,11,3,2,1,0,0,0,365,193,172,66,30,36,277,143,134,134,111,23,106,96,10,1,1,0,0,0,0,27,14,13,143,32,111,134,26,108,6,3,3,0,0,0,3,3,0,139,29,110,132,25,107,5,2,3,0,0,0,2,2,0,4,3,1,2,1,1,1,1,0,0,0,0,1,1,0,154,80,74
29,570,0097,609477,0000,000000,KARNATAKA,Chikmagalur,VILLAGE,Uligere,Rural,351,1249,614,635,94,57,37,50,25,25,32,16,16,849,451,398,400,163,237,912,443,469,733,408,325,620,349,271,52,18,34,5,3,2,56,38,18,179,35,144,53,19,34,108,7,101,12,7,5,6,2,4,156,26,130,39,16,23,106,6,100,7,3,4,4,1,3,23,9,14,14,3,11,2,1,1,5,4,1,2,1,1,337,171,166
29,570,0097,609478,0000,000000,KARNATAKA,Chikmagalur,VILLAGE,Kothigere,Rural,144,635,325,310,71,41,30,35,20,15,1,1,0,451,246,205,184,79,105,413,213,200,390,203,187,137,127,10,206,44,162,1,0,1,46,32,14,23,10,13,2,1,1,2,0,2,3,1,2,16,8,8,22,9,13,2,1,1,2,0,2,3,1,2,15,7,8,1,1,0,0,0,0,0,0,0,0,0,0,1,1,0,222,112,110
29,570,0097,609479,0000,000000,KARNATAKA,Chikmagalur,VILLAGE,Muglikatte,Rural,277,1178,583,595,104,52,52,68,39,29,56,26,30,772,444,328,406,139,267,813,418,395,377,320,57,285,253,32,55,38,17,1,1,0,36,28,8,436,98,338,308,63,245,115,27,88,4,4,0,9,4,5,420,91,329,298,59,239,110,25,85,4,4,0,8,3,5,16,7,9,10,4,6,5,2,3,0,0,0,1,1,0,365,165,200
29,570,0097,609480,0000,000000,KARNATAKA,Chikmagalur,VILLAGE,Sanehalli,Rural,150,691,336,355,63,27,36,137,70,67,0,0,0,543,294,249,148,42,106,417,218,199,203,185,18,173,160,13,3,2,1,0,0,0,27,23,4,214,33,181,156,7,149,11,3,8,4,1,3,43,22,21,214,33,181,156,7,149,11,3,8,4,1,3,43,22,21,0,0,0,0,0,0,0,0,0,0,0,0,0,0,0,274,118,156
29,570,0097,609481,0000,000000,KARNATAKA,Chikmagalur,VILLAGE,Bokkmallanahalli,Rural,0,0,0,0,0,0,0,0,0,0,0,0,0,0,0,0,0,0,0,0,0,0,0,0,0,0,0,0,0,0,0,0,0,0,0,0,0,0,0,0,0,0,0,0,0,0,0,0,0,0,0,0,0,0,0,0,0,0,0,0,0,0,0,0,0,0,0,0,0,0,0,0,0,0,0,0,0,0,0,0,0,0,0,0,0
29,570,0097,609482,0000,000000,KARNATAKA,Chikmagalur,VILLAGE,Thippagondanahalli,Rural,0,0,0,0,0,0,0,0,0,0,0,0,0,0,0,0,0,0,0,0,0,0,0,0,0,0,0,0,0,0,0,0,0,0,0,0,0,0,0,0,0,0,0,0,0,0,0,0,0,0,0,0,0,0,0,0,0,0,0,0,0,0,0,0,0,0,0,0,0,0,0,0,0,0,0,0,0,0,0,0,0,0,0,0,0
29,570,0097,609483,0000,000000,KARNATAKA,Chikmagalur,VILLAGE,Kandagadahalli,Rural,1,3,2,1,0,0,0,0,0,0,0,0,0,2,1,1,1,1,0,2,2,0,2,2,0,2,2,0,0,0,0,0,0,0,0,0,0,0,0,0,0,0,0,0,0,0,0,0,0,0,0,0,0,0,0,0,0,0,0,0,0,0,0,0,0,0,0,0,0,0,0,0,0,0,0,0,0,0,0,0,0,0,1,0,1
29,570,0097,609484,0000,000000,KARNATAKA,Chikmagalur,VILLAGE,Mallidevihalli,Rural,270,1147,558,589,123,68,55,648,322,326,0,0,0,656,337,319,491,221,270,510,370,140,410,362,48,146,131,15,99,77,22,6,6,0,159,148,11,100,8,92,9,4,5,66,1,65,2,0,2,23,3,20,98,8,90,9,4,5,65,1,64,2,0,2,22,3,19,2,0,2,0,0,0,1,0,1,0,0,0,1,0,1,637,188,449
29,570,0097,609485,0000,000000,KARNATAKA,Chikmagalur,VILLAGE,Yalambalse,Rural,556,2179,1105,1074,200,102,98,200,103,97,180,89,91,1356,741,615,823,364,459,1345,764,581,1164,745,419,324,253,71,534,251,283,13,7,6,293,234,59,181,19,162,9,4,5,151,8,143,8,1,7,13,6,7,172,17,155,9,4,5,145,7,138,7,1,6,11,5,6,9,2,7,0,0,0,6,1,5,1,0,1,2,1,1,834,341,493
29,570,0097,609486,0000,000000,KARNATAKA,Chikmagalur,VILLAGE,Soorapura,Rural,62,278,134,144,26,12,14,17,8,9,0,0,0,215,109,106,63,25,38,109,90,19,108,89,19,83,67,16,23,21,2,0,0,0,2,1,1,1,1,0,1,1,0,0,0,0,0,0,0,0,0,0,1,1,0,1,1,0,0,0,0,0,0,0,0,0,0,0,0,0,0,0,0,0,0,0,0,0,0,0,0,0,169,44,125
29,570,0097,609487,0000,000000,KARNATAKA,Chikmagalur,VILLAGE,Sadarahalli,Rural,148,581,283,298,52,27,25,95,46,49,71,31,40,400,212,188,181,71,110,393,201,192,391,199,192,292,147,145,76,36,40,5,4,1,18,12,6,2,2,0,1,1,0,0,0,0,0,0,0,1,1,0,2,2,0,1,1,0,0,0,0,0,0,0,1,1,0,0,0,0,0,0,0,0,0,0,0,0,0,0,0,0,188,82,106
29,570,0097,609488,0000,000000,KARNATAKA,Chikmagalur,VILLAGE,Madalu,Rural,156,689,336,353,73,36,37,213,102,111,0,0,0,360,205,155,329,131,198,454,239,215,402,229,173,57,36,21,337,185,152,0,0,0,8,8,0,52,10,42,12,5,7,39,5,34,0,0,0,1,0,1,52,10,42,12,5,7,39,5,34,0,0,0,1,0,1,0,0,0,0,0,0,0,0,0,0,0,0,0,0,0,235,97,138
29,570,0097,609489,0000,000000,KARNATAKA,Chikmagalur,VILLAGE,Yalagundanahalli,Rural,227,977,507,470,67,36,31,1,1,0,0,0,0,702,418,284,275,89,186,574,373,201,557,364,193,492,327,165,48,21,27,1,1,0,16,15,1,17,9,8,13,7,6,2,0,2,0,0,0,2,2,0,17,9,8,13,7,6,2,0,2,0,0,0,2,2,0,0,0,0,0,0,0,0,0,0,0,0,0,0,0,0,403,134,269
29,570,0097,609490,0000,000000,KARNATAKA,Chikmagalur,VILLAGE,Y.Mallapura,Rural,335,1379,705,674,139,74,65,404,205,199,0,0,0,906,506,400,473,199,274,774,477,297,597,453,144,276,250,26,228,131,97,3,3,0,90,69,21,177,24,153,150,17,133,20,4,16,0,0,0,7,3,4,177,24,153,150,17,133,20,4,16,0,0,0,7,3,4,0,0,0,0,0,0,0,0,0,0,0,0,0,0,0,605,228,377
29,570,0097,609491,0000,000000,KARNATAKA,Chikmagalur,VILLAGE,Doddanayakanahalli,Rural,5,16,9,7,1,1,0,0,0,0,0,0,0,12,8,4,4,1,3,14,8,6,10,7,3,4,4,0,6,3,3,0,0,0,0,0,0,4,1,3,3,0,3,1,1,0,0,0,0,0,0,0,4,1,3,3,0,3,1,1,0,0,0,0,0,0,0,0,0,0,0,0,0,0,0,0,0,0,0,0,0,0,2,1,1
29,570,0097,609492,0000,000000,KARNATAKA,Chikmagalur,VILLAGE,Chattanahalli,Rural,217,943,474,469,76,38,38,79,41,38,0,0,0,673,369,304,270,105,165,646,335,311,333,308,25,285,269,16,28,20,8,10,10,0,10,9,1,313,27,286,184,12,172,108,9,99,13,5,8,8,1,7,302,24,278,181,11,170,103,7,96,11,5,6,7,1,6,11,3,8,3,1,2,5,2,3,2,0,2,1,0,1,297,139,158
29,570,0097,609493,0000,000000,KARNATAKA,Chikmagalur,VILLAGE,Annegere,Rural,668,2791,1406,1385,279,135,144,464,225,239,28,13,15,1826,1034,792,965,372,593,1758,929,829,933,827,106,667,636,31,51,22,29,19,14,5,196,155,41,825,102,723,492,22,470,117,18,99,16,6,10,200,56,144,790,93,697,489,21,468,114,17,97,11,2,9,176,53,123,35,9,26,3,1,2,3,1,2,5,4,1,24,3,21,1033,477,556
29,570,0097,609494,0000,000000,KARNATAKA,Chikmagalur,VILLAGE,K.Basavanahalli,Rural,101,380,188,192,22,15,7,6,5,1,0,0,0,273,148,125,107,40,67,259,134,125,120,95,25,95,80,15,17,8,9,4,4,0,4,3,1,139,39,100,117,31,86,15,5,10,7,3,4,0,0,0,122,33,89,108,27,81,11,4,7,3,2,1,0,0,0,17,6,11,9,4,5,4,1,3,4,1,3,0,0,0,121,54,67
29,570,0097,609495,0000,000000,KARNATAKA,Chikmagalur,VILLAGE,Kadur (Rural),Rural,0,0,0,0,0,0,0,0,0,0,0,0,0,0,0,0,0,0,0,0,0,0,0,0,0,0,0,0,0,0,0,0,0,0,0,0,0,0,0,0,0,0,0,0,0,0,0,0,0,0,0,0,0,0,0,0,0,0,0,0,0,0,0,0,0,0,0,0,0,0,0,0,0,0,0,0,0,0,0,0,0,0,0,0,0
29,570,0097,609496,0000,000000,KARNATAKA,Chikmagalur,VILLAGE,Thuruvanahalli,Rural,190,898,475,423,80,39,41,439,234,205,0,0,0,548,341,207,350,134,216,564,332,232,438,301,137,110,96,14,86,31,55,3,1,2,239,173,66,126,31,95,15,1,14,46,7,39,50,14,36,15,9,6,76,16,60,10,0,10,34,5,29,20,3,17,12,8,4,50,15,35,5,1,4,12,2,10,30,11,19,3,1,2,334,143,191
29,570,0097,609497,0000,000000,KARNATAKA,Chikmagalur,VILLAGE,Chowdlapura,Rural,69,301,160,141,29,17,12,0,0,0,0,0,0,224,131,93,77,29,48,209,108,101,208,108,100,77,64,13,125,44,81,0,0,0,6,0,6,1,0,1,0,0,0,1,0,1,0,0,0,0,0,0,1,0,1,0,0,0,1,0,1,0,0,0,0,0,0,0,0,0,0,0,0,0,0,0,0,0,0,0,0,0,92,52,40
29,570,0097,609498,0000,000000,KARNATAKA,Chikmagalur,VILLAGE,Uppunse,Rural,339,1534,800,734,138,60,78,189,90,99,0,0,0,959,573,386,575,227,348,1032,566,466,1031,565,466,648,406,242,339,124,215,0,0,0,44,35,9,1,1,0,0,0,0,1,1,0,0,0,0,0,0,0,1,1,0,0,0,0,1,1,0,0,0,0,0,0,0,0,0,0,0,0,0,0,0,0,0,0,0,0,0,0,502,234,268
29,570,0097,609499,0000,000000,KARNATAKA,Chikmagalur,VILLAGE,Biluvalakaval,Rural,0,0,0,0,0,0,0,0,0,0,0,0,0,0,0,0,0,0,0,0,0,0,0,0,0,0,0,0,0,0,0,0,0,0,0,0,0,0,0,0,0,0,0,0,0,0,0,0,0,0,0,0,0,0,0,0,0,0,0,0,0,0,0,0,0,0,0,0,0,0,0,0,0,0,0,0,0,0,0,0,0,0,0,0,0
29,570,0097,609500,0000,000000,KARNATAKA,Chikmagalur,VILLAGE,Aladahalli,Rural,81,373,194,179,23,12,11,1,1,0,0,0,0,243,145,98,130,49,81,244,124,120,210,124,86,59,56,3,139,58,81,0,0,0,12,10,2,34,0,34,0,0,0,34,0,34,0,0,0,0,0,0,34,0,34,0,0,0,34,0,34,0,0,0,0,0,0,0,0,0,0,0,0,0,0,0,0,0,0,0,0,0,129,70,59
29,570,0097,609501,0000,000000,KARNATAKA,Chikmagalur,VILLAGE,Nagagondanahalli,Rural,137,608,309,299,63,33,30,6,2,4,7,3,4,325,202,123,283,107,176,420,209,211,282,183,99,56,52,4,215,122,93,0,0,0,11,9,2,138,26,112,0,0,0,136,25,111,1,1,0,1,0,1,135,25,110,0,0,0,135,25,110,0,0,0,0,0,0,3,1,2,0,0,0,1,0,1,1,1,0,1,0,1,188,100,88
29,570,0097,609502,0000,000000,KARNATAKA,Chikmagalur,VILLAGE,Biluvala,Rural,297,1486,763,723,163,85,78,36,20,16,0,0,0,883,497,386,603,266,337,968,514,454,811,433,378,636,348,288,143,62,81,0,0,0,32,23,9,157,81,76,22,15,7,127,63,64,0,0,0,8,3,5,155,80,75,22,15,7,127,63,64,0,0,0,6,2,4,2,1,1,0,0,0,0,0,0,0,0,0,2,1,1,518,249,269
29,570,0097,609503,0000,000000,KARNATAKA,Chikmagalur,VILLAGE,Kurubarahalli,Rural,0,0,0,0,0,0,0,0,0,0,0,0,0,0,0,0,0,0,0,0,0,0,0,0,0,0,0,0,0,0,0,0,0,0,0,0,0,0,0,0,0,0,0,0,0,0,0,0,0,0,0,0,0,0,0,0,0,0,0,0,0,0,0,0,0,0,0,0,0,0,0,0,0,0,0,0,0,0,0,0,0,0,0,0,0
29,570,0097,609504,0000,000000,KARNATAKA,Chikmagalur,VILLAGE,Malleshwara (Rural),Rural,351,1498,753,745,148,79,69,528,251,277,15,7,8,1020,554,466,478,199,279,648,504,144,627,493,134,71,61,10,96,40,56,224,202,22,236,190,46,21,11,10,0,0,0,9,1,8,3,2,1,9,8,1,19,10,9,0,0,0,8,1,7,2,1,1,9,8,1,2,1,1,0,0,0,1,0,1,1,1,0,0,0,0,850,249,601
29,570,0097,609505,0000,000000,KARNATAKA,Chikmagalur,VILLAGE,Mallappanahalli (Rural),Rural,10,51,27,24,6,4,2,14,8,6,0,0,0,24,16,8,27,11,16,31,16,15,23,15,8,1,0,1,7,4,3,0,0,0,15,11,4,8,1,7,0,0,0,5,0,5,0,0,0,3,1,2,8,1,7,0,0,0,5,0,5,0,0,0,3,1,2,0,0,0,0,0,0,0,0,0,0,0,0,0,0,0,20,11,9
29,570,0097,609506,0000,000000,KARNATAKA,Chikmagalur,VILLAGE,Haruvanahalli (Rural),Rural,134,585,284,301,73,31,42,0,0,0,2,1,1,333,188,145,252,96,156,433,222,211,302,190,112,146,95,51,44,7,37,2,1,1,110,87,23,131,32,99,69,12,57,57,18,39,0,0,0,5,2,3,118,26,92,58,7,51,55,17,38,0,0,0,5,2,3,13,6,7,11,5,6,2,1,1,0,0,0,0,0,0,152,62,90
29,570,0097,609507,0000,000000,KARNATAKA,Chikmagalur,VILLAGE,Chikapatnagere,Rural,290,1143,571,572,73,32,41,159,82,77,0,0,0,984,519,465,159,52,107,549,385,164,510,376,134,334,291,43,139,57,82,11,10,1,26,18,8,39,9,30,20,5,15,14,4,10,0,0,0,5,0,5,38,9,29,20,5,15,13,4,9,0,0,0,5,0,5,1,0,1,0,0,0,1,0,1,0,0,0,0,0,0,594,186,408
29,570,0097,609508,0000,000000,KARNATAKA,Chikmagalur,VILLAGE,Kachapura,Rural,0,0,0,0,0,0,0,0,0,0,0,0,0,0,0,0,0,0,0,0,0,0,0,0,0,0,0,0,0,0,0,0,0,0,0,0,0,0,0,0,0,0,0,0,0,0,0,0,0,0,0,0,0,0,0,0,0,0,0,0,0,0,0,0,0,0,0,0,0,0,0,0,0,0,0,0,0,0,0,0,0,0,0,0,0
29,570,0097,609509,0000,000000,KARNATAKA,Chikmagalur,VILLAGE,Saraswathipura,Rural,434,1682,823,859,136,71,65,353,177,176,1,0,1,1152,613,539,530,210,320,1039,554,485,1033,552,481,663,377,286,273,109,164,8,8,0,89,58,31,6,2,4,1,0,1,2,1,1,0,0,0,3,1,2,4,1,3,0,0,0,1,0,1,0,0,0,3,1,2,2,1,1,1,0,1,1,1,0,0,0,0,0,0,0,643,269,374
29,570,0097,609510,0000,000000,KARNATAKA,Chikmagalur,VILLAGE,Kamasagara,Rural,237,1113,575,538,109,66,43,192,99,93,0,0,0,802,450,352,311,125,186,503,377,126,494,373,121,351,280,71,111,66,45,2,2,0,30,25,5,9,4,5,0,0,0,1,1,0,0,0,0,8,3,5,6,3,3,0,0,0,0,0,0,0,0,0,6,3,3,3,1,2,0,0,0,1,1,0,0,0,0,2,0,2,610,198,412
29,570,0097,609511,0000,000000,KARNATAKA,Chikmagalur,VILLAGE,Gopisettyhalli,Rural,0,0,0,0,0,0,0,0,0,0,0,0,0,0,0,0,0,0,0,0,0,0,0,0,0,0,0,0,0,0,0,0,0,0,0,0,0,0,0,0,0,0,0,0,0,0,0,0,0,0,0,0,0,0,0,0,0,0,0,0,0,0,0,0,0,0,0,0,0,0,0,0,0,0,0,0,0,0,0,0,0,0,0,0,0
29,570,0097,609512,0000,000000,KARNATAKA,Chikmagalur,VILLAGE,Dombarahalli,Rural,26,115,61,54,8,5,3,2,0,2,0,0,0,97,52,45,18,9,9,47,42,5,46,42,4,42,39,3,1,0,1,0,0,0,3,3,0,1,0,1,0,0,0,1,0,1,0,0,0,0,0,0,0,0,0,0,0,0,0,0,0,0,0,0,0,0,0,1,0,1,0,0,0,1,0,1,0,0,0,0,0,0,68,19,49
29,570,0097,609513,0000,000000,KARNATAKA,Chikmagalur,VILLAGE,Kadurhalli ,Rural,362,1501,750,751,127,66,61,370,188,182,0,0,0,1080,589,491,421,161,260,954,493,461,508,403,105,172,159,13,132,85,47,2,1,1,202,158,44,446,90,356,146,36,110,208,23,185,4,2,2,88,29,59,382,72,310,106,19,87,200,23,177,4,2,2,72,28,44,64,18,46,40,17,23,8,0,8,0,0,0,16,1,15,547,257,290
29,570,0097,609514,0000,000000,KARNATAKA,Chikmagalur,VILLAGE,Tangli,Rural,416,1860,930,930,182,84,98,695,344,351,9,4,5,1230,684,546,630,246,384,745,545,200,587,487,100,128,123,5,229,165,64,2,2,0,228,197,31,158,58,100,5,2,3,112,33,79,2,1,1,39,22,17,156,57,99,5,2,3,111,32,79,2,1,1,38,22,16,2,1,1,0,0,0,1,1,0,0,0,0,1,0,1,1115,385,730
29,570,0097,609515,0000,000000,KARNATAKA,Chikmagalur,VILLAGE,Macheri,Rural,419,1940,1002,938,209,111,98,908,477,431,0,0,0,1172,658,514,768,344,424,790,588,202,625,501,124,265,256,9,150,77,73,6,5,1,204,163,41,165,87,78,4,2,2,51,31,20,0,0,0,110,54,56,78,46,32,3,2,1,49,30,19,0,0,0,26,14,12,87,41,46,1,0,1,2,1,1,0,0,0,84,40,44,1150,414,736
29,570,0097,609516,0000,000000,KARNATAKA,Chikmagalur,VILLAGE,Kallapura,Rural,337,1575,790,785,172,76,96,1,1,0,0,0,0,941,511,430,634,279,355,922,540,382,449,319,130,108,100,8,227,116,111,3,2,1,111,101,10,473,221,252,16,1,15,451,216,235,1,1,0,5,3,2,473,221,252,16,1,15,451,216,235,1,1,0,5,3,2,0,0,0,0,0,0,0,0,0,0,0,0,0,0,0,653,250,403
29,570,0097,609517,0000,000000,KARNATAKA,Chikmagalur,VILLAGE,Bhoothanahalli,Rural,0,0,0,0,0,0,0,0,0,0,0,0,0,0,0,0,0,0,0,0,0,0,0,0,0,0,0,0,0,0,0,0,0,0,0,0,0,0,0,0,0,0,0,0,0,0,0,0,0,0,0,0,0,0,0,0,0,0,0,0,0,0,0,0,0,0,0,0,0,0,0,0,0,0,0,0,0,0,0,0,0,0,0,0,0
29,570,0097,609518,0000,000000,KARNATAKA,Chikmagalur,VILLAGE,Chandrapura,Rural,0,0,0,0,0,0,0,0,0,0,0,0,0,0,0,0,0,0,0,0,0,0,0,0,0,0,0,0,0,0,0,0,0,0,0,0,0,0,0,0,0,0,0,0,0,0,0,0,0,0,0,0,0,0,0,0,0,0,0,0,0,0,0,0,0,0,0,0,0,0,0,0,0,0,0,0,0,0,0,0,0,0,0,0,0
29,570,0097,609519,0000,000000,KARNATAKA,Chikmagalur,VILLAGE,Muddenahalli,Rural,0,0,0,0,0,0,0,0,0,0,0,0,0,0,0,0,0,0,0,0,0,0,0,0,0,0,0,0,0,0,0,0,0,0,0,0,0,0,0,0,0,0,0,0,0,0,0,0,0,0,0,0,0,0,0,0,0,0,0,0,0,0,0,0,0,0,0,0,0,0,0,0,0,0,0,0,0,0,0,0,0,0,0,0,0
29,570,0097,609520,0000,000000,KARNATAKA,Chikmagalur,VILLAGE,Chikkatangli,Rural,56,236,125,111,21,15,6,3,1,2,0,0,0,197,106,91,39,19,20,161,79,82,79,70,9,72,66,6,0,0,0,0,0,0,7,4,3,82,9,73,75,5,70,4,2,2,1,0,1,2,2,0,5,5,0,3,3,0,0,0,0,0,0,0,2,2,0,77,4,73,72,2,70,4,2,2,1,0,1,0,0,0,75,46,29
29,570,0097,609521,0000,000000,KARNATAKA,Chikmagalur,VILLAGE,Sevapura,Rural,121,585,296,289,48,27,21,568,286,282,0,0,0,400,210,190,185,86,99,336,168,168,226,159,67,81,79,2,0,0,0,2,2,0,143,78,65,110,9,101,93,1,92,1,0,1,1,0,1,15,8,7,13,7,6,1,1,0,0,0,0,0,0,0,12,6,6,97,2,95,92,0,92,1,0,1,1,0,1,3,2,1,249,128,121
29,570,0097,609522,0000,000000,KARNATAKA,Chikmagalur,VILLAGE,Kanagondanahalli,Rural,170,719,366,353,65,36,29,267,138,129,0,0,0,432,238,194,287,128,159,488,257,231,459,247,212,83,50,33,218,101,117,11,4,7,147,92,55,29,10,19,1,0,1,13,3,10,3,0,3,12,7,5,14,7,7,0,0,0,7,2,5,0,0,0,7,5,2,15,3,12,1,0,1,6,1,5,3,0,3,5,2,3,231,109,122
29,570,0097,609523,0000,000000,KARNATAKA,Chikmagalur,VILLAGE,Nagdiyathkaval,Rural,6,16,11,5,0,0,0,9,7,2,0,0,0,9,7,2,7,4,3,16,11,5,9,8,1,2,2,0,0,0,0,0,0,0,7,6,1,7,3,4,0,0,0,0,0,0,0,0,0,7,3,4,7,3,4,0,0,0,0,0,0,0,0,0,7,3,4,0,0,0,0,0,0,0,0,0,0,0,0,0,0,0,0,0,0
29,570,0097,609524,0000,000000,KARNATAKA,Chikmagalur,VILLAGE,Kodihalli,Rural,0,0,0,0,0,0,0,0,0,0,0,0,0,0,0,0,0,0,0,0,0,0,0,0,0,0,0,0,0,0,0,0,0,0,0,0,0,0,0,0,0,0,0,0,0,0,0,0,0,0,0,0,0,0,0,0,0,0,0,0,0,0,0,0,0,0,0,0,0,0,0,0,0,0,0,0,0,0,0,0,0,0,0,0,0
29,570,0097,609525,0000,000000,KARNATAKA,Chikmagalur,VILLAGE,G.Thimmapura,Rural,250,1103,560,543,90,50,40,227,115,112,0,0,0,788,438,350,315,122,193,634,405,229,607,386,221,430,265,165,7,3,4,0,0,0,170,118,52,27,19,8,0,0,0,17,14,3,0,0,0,10,5,5,26,19,7,0,0,0,17,14,3,0,0,0,9,5,4,1,0,1,0,0,0,0,0,0,0,0,0,1,0,1,469,155,314
29,570,0097,609526,0000,000000,KARNATAKA,Chikmagalur,VILLAGE,Maradihalli,Rural,179,730,352,378,78,34,44,158,83,75,0,0,0,471,255,216,259,97,162,411,228,183,232,213,19,184,175,9,37,29,8,0,0,0,11,9,2,179,15,164,39,2,37,140,13,127,0,0,0,0,0,0,179,15,164,39,2,37,140,13,127,0,0,0,0,0,0,0,0,0,0,0,0,0,0,0,0,0,0,0,0,0,319,124,195
29,570,0097,609527,0000,000000,KARNATAKA,Chikmagalur,VILLAGE,Pattanagere,Rural,551,2441,1237,1204,207,114,93,791,390,401,7,0,7,1725,966,759,716,271,445,1398,813,585,1221,757,464,518,362,156,325,182,143,5,1,4,373,212,161,177,56,121,5,2,3,20,6,14,3,3,0,149,45,104,174,54,120,5,2,3,20,6,14,3,3,0,146,43,103,3,2,1,0,0,0,0,0,0,0,0,0,3,2,1,1043,424,619
29,570,0097,609528,0000,000000,KARNATAKA,Chikmagalur,VILLAGE,Channapura,Rural,148,570,280,290,43,26,17,0,0,0,0,0,0,496,248,248,74,32,42,187,171,16,181,167,14,144,141,3,11,4,7,1,0,1,25,22,3,6,4,2,2,2,0,1,0,1,1,1,0,2,1,1,6,4,2,2,2,0,1,0,1,1,1,0,2,1,1,0,0,0,0,0,0,0,0,0,0,0,0,0,0,0,383,109,274
29,570,0097,609529,0000,000000,KARNATAKA,Chikmagalur,VILLAGE,Ramanahalli,Rural,418,2054,1043,1011,269,142,127,1824,923,901,0,0,0,1054,633,421,1000,410,590,1294,669,625,1105,633,472,307,224,83,436,202,234,1,1,0,361,206,155,189,36,153,2,0,2,166,27,139,0,0,0,21,9,12,145,15,130,2,0,2,127,9,118,0,0,0,16,6,10,44,21,23,0,0,0,39,18,21,0,0,0,5,3,2,760,374,386
29,570,0097,609530,0000,000000,KARNATAKA,Chikmagalur,VILLAGE,Bisalehalli,Rural,198,795,426,369,54,31,23,52,34,18,0,0,0,676,374,302,119,52,67,359,267,92,236,209,27,162,153,9,13,11,2,3,3,0,58,42,16,123,58,65,6,2,4,62,27,35,1,0,1,54,29,25,82,37,45,5,1,4,52,22,30,1,0,1,24,14,10,41,21,20,1,1,0,10,5,5,0,0,0,30,15,15,436,159,277
29,570,0097,609531,0000,000000,KARNATAKA,Chikmagalur,VILLAGE,Angajanahalli,Rural,0,0,0,0,0,0,0,0,0,0,0,0,0,0,0,0,0,0,0,0,0,0,0,0,0,0,0,0,0,0,0,0,0,0,0,0,0,0,0,0,0,0,0,0,0,0,0,0,0,0,0,0,0,0,0,0,0,0,0,0,0,0,0,0,0,0,0,0,0,0,0,0,0,0,0,0,0,0,0,0,0,0,0,0,0
29,570,0097,609532,0000,000000,KARNATAKA,Chikmagalur,VILLAGE,Kurubagere,Rural,102,480,238,242,60,25,35,0,0,0,8,2,6,202,112,90,278,126,152,252,160,92,246,156,90,208,141,67,24,8,16,3,2,1,11,5,6,6,4,2,1,1,0,2,1,1,0,0,0,3,2,1,6,4,2,1,1,0,2,1,1,0,0,0,3,2,1,0,0,0,0,0,0,0,0,0,0,0,0,0,0,0,228,78,150
29,570,0097,609533,0000,000000,KARNATAKA,Chikmagalur,VILLAGE,Ballekere,Rural,288,1157,585,572,81,45,36,260,131,129,0,0,0,775,437,338,382,148,234,620,385,235,534,383,151,297,243,54,89,23,66,2,2,0,146,115,31,86,2,84,62,2,60,24,0,24,0,0,0,0,0,0,85,2,83,61,2,59,24,0,24,0,0,0,0,0,0,1,0,1,1,0,1,0,0,0,0,0,0,0,0,0,537,200,337
29,570,0097,609534,0000,000000,KARNATAKA,Chikmagalur,VILLAGE,Gedlehalli,Rural,182,722,352,370,60,21,39,285,146,139,1,0,1,520,281,239,202,71,131,408,228,180,353,214,139,145,73,72,3,0,3,2,0,2,203,141,62,55,14,41,9,2,7,5,1,4,3,0,3,38,11,27,51,13,38,9,2,7,4,1,3,2,0,2,36,10,26,4,1,3,0,0,0,1,0,1,1,0,1,2,1,1,314,124,190
29,570,0097,609535,0000,000000,KARNATAKA,Chikmagalur,VILLAGE,Karehalli,Rural,103,393,196,197,35,20,15,8,5,3,0,0,0,256,146,110,137,50,87,121,108,13,102,96,6,83,83,0,1,1,0,0,0,0,18,12,6,19,12,7,0,0,0,0,0,0,0,0,0,19,12,7,17,10,7,0,0,0,0,0,0,0,0,0,17,10,7,2,2,0,0,0,0,0,0,0,0,0,0,2,2,0,272,88,184
29,570,0097,609536,0000,000000,KARNATAKA,Chikmagalur,VILLAGE,Beeranahalli,Rural,170,687,326,361,70,32,38,686,325,361,0,0,0,503,267,236,184,59,125,453,229,224,400,223,177,153,147,6,219,51,168,1,1,0,27,24,3,53,6,47,12,1,11,40,4,36,0,0,0,1,1,0,53,6,47,12,1,11,40,4,36,0,0,0,1,1,0,0,0,0,0,0,0,0,0,0,0,0,0,0,0,0,234,97,137
29,570,0097,609537,0000,000000,KARNATAKA,Chikmagalur,VILLAGE,Vaderahalli,Rural,8,24,14,10,1,1,0,0,0,0,0,0,0,17,10,7,7,4,3,17,9,8,17,9,8,1,1,0,9,2,7,0,0,0,7,6,1,0,0,0,0,0,0,0,0,0,0,0,0,0,0,0,0,0,0,0,0,0,0,0,0,0,0,0,0,0,0,0,0,0,0,0,0,0,0,0,0,0,0,0,0,0,7,5,2
29,570,0097,609538,0000,000000,KARNATAKA,Chikmagalur,VILLAGE,Kurubarahalli,Rural,93,396,211,185,40,24,16,148,84,64,0,0,0,243,145,98,153,66,87,251,127,124,250,126,124,191,102,89,57,24,33,0,0,0,2,0,2,1,1,0,0,0,0,0,0,0,0,0,0,1,1,0,1,1,0,0,0,0,0,0,0,0,0,0,1,1,0,0,0,0,0,0,0,0,0,0,0,0,0,0,0,0,145,84,61
29,570,0097,609539,0000,000000,KARNATAKA,Chikmagalur,VILLAGE,Cheelanahalli,Rural,99,386,195,191,22,12,10,0,0,0,0,0,0,313,170,143,73,25,48,242,128,114,147,115,32,104,95,9,30,9,21,2,1,1,11,10,1,95,13,82,8,3,5,85,9,76,1,1,0,1,0,1,92,11,81,7,2,5,83,8,75,1,1,0,1,0,1,3,2,1,1,1,0,2,1,1,0,0,0,0,0,0,144,67,77
29,570,0097,609540,0000,000000,KARNATAKA,Chikmagalur,VILLAGE,Alagatta,Rural,183,725,369,356,56,33,23,96,52,44,3,1,2,459,258,201,266,111,155,468,245,223,264,203,61,165,152,13,51,18,33,3,1,2,45,32,13,204,42,162,33,23,10,158,11,147,2,0,2,11,8,3,189,42,147,31,23,8,146,11,135,1,0,1,11,8,3,15,0,15,2,0,2,12,0,12,1,0,1,0,0,0,257,124,133
29,570,0097,609541,0000,000000,KARNATAKA,Chikmagalur,VILLAGE,Yarehalli,Rural,54,243,129,114,25,15,10,1,0,1,0,0,0,135,87,48,108,42,66,117,64,53,46,44,2,38,37,1,5,5,0,0,0,0,3,2,1,71,20,51,17,0,17,51,19,32,0,0,0,3,1,2,49,20,29,10,0,10,37,19,18,0,0,0,2,1,1,22,0,22,7,0,7,14,0,14,0,0,0,1,0,1,126,65,61
29,570,0097,609542,0000,000000,KARNATAKA,Chikmagalur,VILLAGE,Karehallikaval,Rural,9,33,16,17,7,2,5,20,9,11,0,0,0,10,6,4,23,10,13,14,9,5,3,3,0,3,3,0,0,0,0,0,0,0,0,0,0,11,6,5,0,0,0,7,4,3,0,0,0,4,2,2,7,4,3,0,0,0,5,3,2,0,0,0,2,1,1,4,2,2,0,0,0,2,1,1,0,0,0,2,1,1,19,7,12
29,570,0097,609543,0000,000000,KARNATAKA,Chikmagalur,VILLAGE,Heelapura,Rural,0,0,0,0,0,0,0,0,0,0,0,0,0,0,0,0,0,0,0,0,0,0,0,0,0,0,0,0,0,0,0,0,0,0,0,0,0,0,0,0,0,0,0,0,0,0,0,0,0,0,0,0,0,0,0,0,0,0,0,0,0,0,0,0,0,0,0,0,0,0,0,0,0,0,0,0,0,0,0,0,0,0,0,0,0
29,570,0097,609544,0000,000000,KARNATAKA,Chikmagalur,VILLAGE,Jigenehalli,Rural,477,2001,1029,972,188,111,77,74,39,35,13,4,9,1242,718,524,759,311,448,1034,631,403,1003,618,385,801,517,284,103,30,73,4,3,1,95,68,27,31,13,18,12,5,7,17,7,10,2,1,1,0,0,0,30,13,17,11,5,6,17,7,10,2,1,1,0,0,0,1,0,1,1,0,1,0,0,0,0,0,0,0,0,0,967,398,569
29,570,0097,609545,0000,000000,KARNATAKA,Chikmagalur,VILLAGE,Panchehosahalli,Rural,259,1134,568,566,142,78,64,4,2,2,0,0,0,675,397,278,459,171,288,488,346,142,456,329,127,314,254,60,89,38,51,2,2,0,51,35,16,32,17,15,4,3,1,22,12,10,1,0,1,5,2,3,31,17,14,4,3,1,22,12,10,1,0,1,4,2,2,1,0,1,0,0,0,0,0,0,0,0,0,1,0,1,646,222,424
29,570,0097,609546,0000,000000,KARNATAKA,Chikmagalur,VILLAGE,Banjenahalli,Rural,212,1011,529,482,112,62,50,9,5,4,0,0,0,591,361,230,420,168,252,661,338,323,303,293,10,276,275,1,13,9,4,1,1,0,13,8,5,358,45,313,257,22,235,100,22,78,0,0,0,1,1,0,355,43,312,256,22,234,98,20,78,0,0,0,1,1,0,3,2,1,1,0,1,2,2,0,0,0,0,0,0,0,350,191,159
29,570,0097,609547,0000,000000,KARNATAKA,Chikmagalur,VILLAGE,Devarahalli,Rural,95,374,180,194,35,19,16,1,0,1,0,0,0,282,149,133,92,31,61,137,123,14,128,118,10,104,103,1,2,0,2,3,3,0,19,12,7,9,5,4,4,4,0,4,0,4,0,0,0,1,1,0,9,5,4,4,4,0,4,0,4,0,0,0,1,1,0,0,0,0,0,0,0,0,0,0,0,0,0,0,0,0,237,57,180
29,570,0097,609548,0000,000000,KARNATAKA,Chikmagalur,VILLAGE,Mathigatta,Rural,508,2210,1051,1159,215,97,118,825,402,423,5,0,5,1466,782,684,744,269,475,1047,666,381,793,627,166,386,366,20,246,135,111,5,5,0,156,121,35,254,39,215,116,6,110,126,24,102,0,0,0,12,9,3,250,39,211,116,6,110,122,24,98,0,0,0,12,9,3,4,0,4,0,0,0,4,0,4,0,0,0,0,0,0,1163,385,778
29,570,0097,609549,0000,000000,KARNATAKA,Chikmagalur,VILLAGE,Lakkenahalli,Rural,166,723,376,347,74,41,33,95,51,44,2,2,0,409,241,168,314,135,179,416,243,173,234,217,17,165,159,6,64,53,11,0,0,0,5,5,0,182,26,156,83,11,72,93,13,80,2,0,2,4,2,2,181,26,155,83,11,72,92,13,79,2,0,2,4,2,2,1,0,1,0,0,0,1,0,1,0,0,0,0,0,0,307,133,174
29,570,0097,609550,0000,000000,KARNATAKA,Chikmagalur,VILLAGE,Kariyanahalli,Rural,103,475,244,231,27,15,12,1,1,0,0,0,0,371,205,166,104,39,65,336,169,167,259,157,102,98,93,5,135,43,92,0,0,0,26,21,5,77,12,65,31,5,26,45,7,38,0,0,0,1,0,1,77,12,65,31,5,26,45,7,38,0,0,0,1,0,1,0,0,0,0,0,0,0,0,0,0,0,0,0,0,0,139,75,64
29,570,0097,609551,0000,000000,KARNATAKA,Chikmagalur,VILLAGE,Kuppalu,Rural,303,1273,631,642,92,42,50,244,115,129,0,0,0,880,470,410,393,161,232,835,440,395,682,428,254,222,207,15,328,114,214,5,3,2,127,104,23,153,12,141,71,4,67,79,6,73,1,0,1,2,2,0,153,12,141,71,4,67,79,6,73,1,0,1,2,2,0,0,0,0,0,0,0,0,0,0,0,0,0,0,0,0,438,191,247
29,570,0097,609552,0000,000000,KARNATAKA,Chikmagalur,VILLAGE,Yaradakere,Rural,309,1310,661,649,128,68,60,705,354,351,4,2,2,880,489,391,430,172,258,686,455,231,664,445,219,230,221,9,322,139,183,13,11,2,99,74,25,22,10,12,2,1,1,9,0,9,2,2,0,9,7,2,18,9,9,2,1,1,6,0,6,2,2,0,8,6,2,4,1,3,0,0,0,3,0,3,0,0,0,1,1,0,624,206,418
29,570,0097,609553,0000,000000,KARNATAKA,Chikmagalur,VILLAGE,Y.Basavanahalli,Rural,24,96,45,51,9,3,6,79,39,40,4,1,3,63,34,29,33,11,22,57,29,28,40,28,12,21,15,6,16,10,6,0,0,0,3,3,0,17,1,16,13,1,12,2,0,2,1,0,1,1,0,1,17,1,16,13,1,12,2,0,2,1,0,1,1,0,1,0,0,0,0,0,0,0,0,0,0,0,0,0,0,0,39,16,23
29,570,0097,609554,0000,000000,KARNATAKA,Chikmagalur,VILLAGE,Alagatta,Rural,129,459,230,229,35,19,16,215,112,103,0,0,0,281,163,118,178,67,111,323,167,156,163,149,14,78,75,3,60,53,7,0,0,0,25,21,4,160,18,142,93,11,82,61,7,54,1,0,1,5,0,5,153,15,138,89,10,79,58,5,53,1,0,1,5,0,5,7,3,4,4,1,3,3,2,1,0,0,0,0,0,0,136,63,73
29,570,0097,609555,0000,000000,KARNATAKA,Chikmagalur,VILLAGE,Kasuvanahalli,Rural,254,1024,508,516,79,44,35,334,159,175,168,84,84,613,343,270,411,165,246,682,343,339,677,341,336,388,204,184,278,131,147,0,0,0,11,6,5,5,2,3,1,1,0,4,1,3,0,0,0,0,0,0,5,2,3,1,1,0,4,1,3,0,0,0,0,0,0,0,0,0,0,0,0,0,0,0,0,0,0,0,0,0,342,165,177
29,570,0097,609556,0000,000000,KARNATAKA,Chikmagalur,VILLAGE,Hyaralagatta,Rural,147,512,256,256,43,26,17,8,5,3,0,0,0,421,216,205,91,40,51,290,177,113,286,176,110,205,139,66,50,16,34,0,0,0,31,21,10,4,1,3,0,0,0,4,1,3,0,0,0,0,0,0,4,1,3,0,0,0,4,1,3,0,0,0,0,0,0,0,0,0,0,0,0,0,0,0,0,0,0,0,0,0,222,79,143
29,570,0097,609557,0000,000000,KARNATAKA,Chikmagalur,VILLAGE,Muddenahalli,Rural,98,430,206,224,41,20,21,0,0,0,0,0,0,314,161,153,116,45,71,237,145,92,226,143,83,176,111,65,34,19,15,0,0,0,16,13,3,11,2,9,7,0,7,1,0,1,0,0,0,3,2,1,10,1,9,7,0,7,1,0,1,0,0,0,2,1,1,1,1,0,0,0,0,0,0,0,0,0,0,1,1,0,193,61,132
29,570,0097,609558,0000,000000,KARNATAKA,Chikmagalur,VILLAGE,B.Basavanahalli,Rural,100,466,240,226,54,27,27,0,0,0,0,0,0,211,130,81,255,110,145,279,160,119,277,158,119,169,95,74,101,58,43,0,0,0,7,5,2,2,2,0,0,0,0,2,2,0,0,0,0,0,0,0,1,1,0,0,0,0,1,1,0,0,0,0,0,0,0,1,1,0,0,0,0,1,1,0,0,0,0,0,0,0,187,80,107
29,570,0097,609559,0000,000000,KARNATAKA,Chikmagalur,VILLAGE,Thaggihallikaval,Rural,3,7,4,3,0,0,0,0,0,0,0,0,0,4,3,1,3,1,2,7,4,3,3,3,0,3,3,0,0,0,0,0,0,0,0,0,0,4,1,3,4,1,3,0,0,0,0,0,0,0,0,0,4,1,3,4,1,3,0,0,0,0,0,0,0,0,0,0,0,0,0,0,0,0,0,0,0,0,0,0,0,0,0,0,0
29,570,0097,609560,0000,000000,KARNATAKA,Chikmagalur,VILLAGE,G.Bommenahalli,Rural,12,49,26,23,3,3,0,1,0,1,0,0,0,39,22,17,10,4,6,29,17,12,16,16,0,16,16,0,0,0,0,0,0,0,0,0,0,13,1,12,2,0,2,11,1,10,0,0,0,0,0,0,13,1,12,2,0,2,11,1,10,0,0,0,0,0,0,0,0,0,0,0,0,0,0,0,0,0,0,0,0,0,20,9,11
29,570,0097,609561,0000,000000,KARNATAKA,Chikmagalur,VILLAGE,Uppinahalli,Rural,268,1005,502,503,95,54,41,442,216,226,0,0,0,525,307,218,480,195,285,700,355,345,260,228,32,202,186,16,43,28,15,6,6,0,9,8,1,440,127,313,19,13,6,412,113,299,2,0,2,7,1,6,434,125,309,18,12,6,407,112,295,2,0,2,7,1,6,6,2,4,1,1,0,5,1,4,0,0,0,0,0,0,305,147,158
29,570,0097,609562,0000,000000,KARNATAKA,Chikmagalur,VILLAGE,Ganganahalli,Rural,195,772,391,381,63,31,32,3,0,3,1,0,1,656,343,313,116,48,68,407,270,137,223,208,15,201,190,11,3,3,0,0,0,0,19,15,4,184,62,122,179,57,122,0,0,0,1,1,0,4,4,0,183,61,122,179,57,122,0,0,0,1,1,0,3,3,0,1,1,0,0,0,0,0,0,0,0,0,0,1,1,0,365,121,244
29,570,0097,609563,0000,000000,KARNATAKA,Chikmagalur,VILLAGE,Garugadahalli,Rural,373,1598,798,800,151,67,84,580,292,288,0,0,0,1052,605,447,546,193,353,1046,569,477,731,520,211,563,420,143,120,65,55,0,0,0,48,35,13,315,49,266,267,40,227,29,6,23,0,0,0,19,3,16,309,48,261,264,39,225,29,6,23,0,0,0,16,3,13,6,1,5,3,1,2,0,0,0,0,0,0,3,0,3,552,229,323
29,570,0097,609564,0000,000000,KARNATAKA,Chikmagalur,VILLAGE,B.Bommenahalli,Rural,27,128,66,62,14,8,6,86,44,42,0,0,0,95,50,45,33,16,17,70,38,32,23,21,2,15,15,0,3,3,0,0,0,0,5,3,2,47,17,30,0,0,0,41,16,25,4,1,3,2,0,2,42,16,26,0,0,0,36,15,21,4,1,3,2,0,2,5,1,4,0,0,0,5,1,4,0,0,0,0,0,0,58,28,30
29,570,0097,609565,0000,000000,KARNATAKA,Chikmagalur,VILLAGE,B.Mallenahalli,Rural,64,283,138,145,16,10,6,0,0,0,0,0,0,248,122,126,35,16,19,131,100,31,118,92,26,84,78,6,0,0,0,9,2,7,25,12,13,13,8,5,4,3,1,0,0,0,0,0,0,9,5,4,13,8,5,4,3,1,0,0,0,0,0,0,9,5,4,0,0,0,0,0,0,0,0,0,0,0,0,0,0,0,152,38,114
29,570,0097,609566,0000,000000,KARNATAKA,Chikmagalur,VILLAGE,K.Bidre,Rural,298,1224,621,603,115,50,65,109,56,53,75,44,31,846,463,383,378,158,220,571,405,166,549,395,154,309,210,99,106,71,35,4,4,0,130,110,20,22,10,12,0,0,0,11,5,6,0,0,0,11,5,6,18,8,10,0,0,0,9,4,5,0,0,0,9,4,5,4,2,2,0,0,0,2,1,1,0,0,0,2,1,1,653,216,437
29,570,0097,609567,0000,000000,KARNATAKA,Chikmagalur,VILLAGE,Lalithanagar,Rural,135,486,235,251,51,24,27,476,230,246,0,0,0,204,118,86,282,117,165,353,174,179,261,153,108,143,119,24,117,33,84,0,0,0,1,1,0,92,21,71,4,1,3,83,17,66,0,0,0,5,3,2,92,21,71,4,1,3,83,17,66,0,0,0,5,3,2,0,0,0,0,0,0,0,0,0,0,0,0,0,0,0,133,61,72
29,570,0097,609568,0000,000000,KARNATAKA,Chikmagalur,VILLAGE,Kallelinganahalli,Rural,68,313,163,150,24,12,12,0,0,0,0,0,0,215,124,91,98,39,59,229,119,110,228,119,109,218,115,103,8,4,4,0,0,0,2,0,2,1,0,1,0,0,0,1,0,1,0,0,0,0,0,0,0,0,0,0,0,0,0,0,0,0,0,0,0,0,0,1,0,1,0,0,0,1,0,1,0,0,0,0,0,0,84,44,40
29,570,0097,609569,0000,000000,KARNATAKA,Chikmagalur,VILLAGE,Huligundi,Rural,171,798,398,400,86,45,41,169,84,85,0,0,0,476,258,218,322,140,182,481,277,204,479,277,202,348,228,120,108,32,76,11,10,1,12,7,5,2,0,2,1,0,1,0,0,0,1,0,1,0,0,0,1,0,1,1,0,1,0,0,0,0,0,0,0,0,0,1,0,1,0,0,0,0,0,0,1,0,1,0,0,0,317,121,196
29,570,0097,609570,0000,000000,KARNATAKA,Chikmagalur,VILLAGE,Banannahalli,Rural,31,137,70,67,10,6,4,0,0,0,0,0,0,87,52,35,50,18,32,96,48,48,96,48,48,96,48,48,0,0,0,0,0,0,0,0,0,0,0,0,0,0,0,0,0,0,0,0,0,0,0,0,0,0,0,0,0,0,0,0,0,0,0,0,0,0,0,0,0,0,0,0,0,0,0,0,0,0,0,0,0,0,41,22,19
29,570,0097,609571,0000,000000,KARNATAKA,Chikmagalur,VILLAGE,Keresanthe,Rural,289,1208,601,607,138,71,67,158,76,82,0,0,0,782,426,356,426,175,251,667,403,264,485,349,136,294,196,98,40,20,20,2,1,1,149,132,17,182,54,128,110,25,85,31,9,22,0,0,0,41,20,21,171,51,120,107,24,83,31,9,22,0,0,0,33,18,15,11,3,8,3,1,2,0,0,0,0,0,0,8,2,6,541,198,343
29,570,0097,609572,0000,000000,KARNATAKA,Chikmagalur,VILLAGE,Lakkashettyhalli,Rural,0,0,0,0,0,0,0,0,0,0,0,0,0,0,0,0,0,0,0,0,0,0,0,0,0,0,0,0,0,0,0,0,0,0,0,0,0,0,0,0,0,0,0,0,0,0,0,0,0,0,0,0,0,0,0,0,0,0,0,0,0,0,0,0,0,0,0,0,0,0,0,0,0,0,0,0,0,0,0,0,0,0,0,0,0
29,570,0097,609573,0000,000000,KARNATAKA,Chikmagalur,VILLAGE,Mallagatta,Rural,204,777,378,399,51,26,25,214,103,111,9,4,5,563,304,259,214,74,140,518,274,244,499,270,229,377,215,162,87,38,49,3,0,3,32,17,15,19,4,15,13,2,11,1,0,1,0,0,0,5,2,3,16,3,13,11,1,10,1,0,1,0,0,0,4,2,2,3,1,2,2,1,1,0,0,0,0,0,0,1,0,1,259,104,155
29,570,0097,609574,0000,000000,KARNATAKA,Chikmagalur,VILLAGE,Singatagere,Rural,700,2736,1377,1359,254,128,126,396,198,198,106,59,47,1965,1084,881,771,293,478,1451,870,581,1306,809,497,520,311,209,319,157,162,15,14,1,452,327,125,145,61,84,5,4,1,96,35,61,3,3,0,41,19,22,132,56,76,4,3,1,95,35,60,0,0,0,33,18,15,13,5,8,1,1,0,1,0,1,3,3,0,8,1,7,1285,507,778
29,570,0097,609575,0000,000000,KARNATAKA,Chikmagalur,VILLAGE,S.Basavanahalli,Rural,134,566,277,289,32,17,15,53,25,28,10,4,6,458,240,218,108,37,71,352,206,146,340,200,140,259,148,111,37,18,19,1,1,0,43,33,10,12,6,6,8,4,4,3,1,2,0,0,0,1,1,0,9,4,5,5,2,3,3,1,2,0,0,0,1,1,0,3,2,1,3,2,1,0,0,0,0,0,0,0,0,0,214,71,143
29,570,0097,609576,0000,000000,KARNATAKA,Chikmagalur,VILLAGE,Kanchagallu,Rural,211,816,406,410,73,43,30,122,62,60,27,13,14,574,299,275,242,107,135,504,295,209,337,263,74,253,215,38,42,16,26,5,4,1,37,28,9,167,32,135,37,17,20,117,9,108,0,0,0,13,6,7,155,27,128,35,16,19,114,9,105,0,0,0,6,2,4,12,5,7,2,1,1,3,0,3,0,0,0,7,4,3,312,111,201
29,570,0097,609577,0000,000000,KARNATAKA,Chikmagalur,VILLAGE,D.Hosahalli,Rural,137,517,250,267,32,12,20,17,6,11,3,0,3,412,217,195,105,33,72,438,214,224,195,173,22,157,145,12,30,24,6,0,0,0,8,4,4,243,41,202,205,35,170,33,4,29,0,0,0,5,2,3,193,14,179,160,10,150,28,2,26,0,0,0,5,2,3,50,27,23,45,25,20,5,2,3,0,0,0,0,0,0,79,36,43
29,570,0097,609578,0000,000000,KARNATAKA,Chikmagalur,VILLAGE,Kerehindinakaval (Kanakatte),Rural,77,315,160,155,50,26,24,185,96,89,8,4,4,182,103,79,133,57,76,147,104,43,133,99,34,79,79,0,23,10,13,0,0,0,31,10,21,14,5,9,0,0,0,8,1,7,0,0,0,6,4,2,14,5,9,0,0,0,8,1,7,0,0,0,6,4,2,0,0,0,0,0,0,0,0,0,0,0,0,0,0,0,168,56,112
29,570,0097,609579,0000,000000,KARNATAKA,Chikmagalur,VILLAGE,Niduvalli,Rural,399,1560,737,823,174,81,93,258,124,134,7,2,5,947,510,437,613,227,386,1121,539,582,646,405,241,504,338,166,95,36,59,18,15,3,29,16,13,475,134,341,316,81,235,146,51,95,11,1,10,2,1,1,456,126,330,299,74,225,144,50,94,11,1,10,2,1,1,19,8,11,17,7,10,2,1,1,0,0,0,0,0,0,439,198,241
29,570,0097,609580,0000,000000,KARNATAKA,Chikmagalur,VILLAGE,Panchanahalli,Rural,805,3228,1659,1569,280,156,124,505,268,237,41,24,17,2455,1336,1119,773,323,450,1716,1103,613,1329,953,376,929,638,291,84,62,22,13,11,2,303,242,61,387,150,237,85,21,64,246,94,152,3,1,2,53,34,19,379,145,234,79,17,62,246,94,152,3,1,2,51,33,18,8,5,3,6,4,2,0,0,0,0,0,0,2,1,1,1512,556,956
29,570,0097,609581,0000,000000,KARNATAKA,Chikmagalur,VILLAGE,Thubinakere,Rural,28,133,66,67,10,5,5,7,3,4,4,1,3,116,60,56,17,6,11,51,40,11,51,40,11,20,19,1,4,2,2,0,0,0,27,19,8,0,0,0,0,0,0,0,0,0,0,0,0,0,0,0,0,0,0,0,0,0,0,0,0,0,0,0,0,0,0,0,0,0,0,0,0,0,0,0,0,0,0,0,0,0,82,26,56
29,570,0097,609582,0000,000000,KARNATAKA,Chikmagalur,VILLAGE,Ramanahalli,Rural,4,20,8,12,0,0,0,0,0,0,0,0,0,20,8,12,0,0,0,7,7,0,7,7,0,5,5,0,0,0,0,0,0,0,2,2,0,0,0,0,0,0,0,0,0,0,0,0,0,0,0,0,0,0,0,0,0,0,0,0,0,0,0,0,0,0,0,0,0,0,0,0,0,0,0,0,0,0,0,0,0,0,13,1,12
29,570,0097,609583,0000,000000,KARNATAKA,Chikmagalur,VILLAGE,Bittenahalli,Rural,325,1355,686,669,132,70,62,400,193,207,1,0,1,845,492,353,510,194,316,610,470,140,594,461,133,226,211,15,252,165,87,2,2,0,114,83,31,16,9,7,5,2,3,8,4,4,0,0,0,3,3,0,16,9,7,5,2,3,8,4,4,0,0,0,3,3,0,0,0,0,0,0,0,0,0,0,0,0,0,0,0,0,745,216,529
29,570,0097,609584,0000,000000,KARNATAKA,Chikmagalur,VILLAGE,Annegere,Rural,465,1831,903,928,175,92,83,261,135,126,0,0,0,1236,668,568,595,235,360,1198,613,585,974,545,429,681,393,288,204,91,113,6,6,0,83,55,28,224,68,156,190,49,141,22,13,9,0,0,0,12,6,6,215,62,153,185,46,139,22,13,9,0,0,0,8,3,5,9,6,3,5,3,2,0,0,0,0,0,0,4,3,1,633,290,343
29,570,0097,609585,0000,000000,KARNATAKA,Chikmagalur,VILLAGE,Shettyhalli,Rural,236,963,455,508,89,34,55,15,6,9,0,0,0,721,359,362,242,96,146,406,345,61,403,342,61,319,306,13,61,19,42,0,0,0,23,17,6,3,3,0,2,2,0,0,0,0,0,0,0,1,1,0,3,3,0,2,2,0,0,0,0,0,0,0,1,1,0,0,0,0,0,0,0,0,0,0,0,0,0,0,0,0,557,110,447
29,570,0097,609586,0000,000000,KARNATAKA,Chikmagalur,VILLAGE,Pattadevarahalli,Rural,45,159,85,74,13,7,6,0,0,0,0,0,0,111,69,42,48,16,32,85,64,21,58,55,3,41,40,1,8,7,1,4,4,0,5,4,1,27,9,18,2,2,0,24,6,18,0,0,0,1,1,0,6,5,1,2,2,0,3,2,1,0,0,0,1,1,0,21,4,17,0,0,0,21,4,17,0,0,0,0,0,0,74,21,53
29,570,0097,609587,0000,000000,KARNATAKA,Chikmagalur,VILLAGE,Mathihalli,Rural,126,514,256,258,47,21,26,216,102,114,0,0,0,313,175,138,201,81,120,206,190,16,202,186,16,113,109,4,84,75,9,0,0,0,5,2,3,4,4,0,4,4,0,0,0,0,0,0,0,0,0,0,3,3,0,3,3,0,0,0,0,0,0,0,0,0,0,1,1,0,1,1,0,0,0,0,0,0,0,0,0,0,308,66,242
29,570,0097,609588,0000,000000,KARNATAKA,Chikmagalur,VILLAGE,Somanahalli,Rural,521,2012,1009,1003,151,86,65,302,158,144,433,219,214,1455,778,677,557,231,326,1274,708,566,764,627,137,494,444,50,135,83,52,17,16,1,118,84,34,510,81,429,217,15,202,275,57,218,2,2,0,16,7,9,497,76,421,217,15,202,267,54,213,2,2,0,11,5,6,13,5,8,0,0,0,8,3,5,0,0,0,5,2,3,738,301,437
29,570,0097,609589,0000,000000,KARNATAKA,Chikmagalur,VILLAGE,Santhekerehalli,Rural,30,130,65,65,10,7,3,28,15,13,0,0,0,80,47,33,50,18,32,91,49,42,46,42,4,13,13,0,13,10,3,0,0,0,20,19,1,45,7,38,30,5,25,13,1,12,1,0,1,1,1,0,41,6,35,27,4,23,12,1,11,1,0,1,1,1,0,4,1,3,3,1,2,1,0,1,0,0,0,0,0,0,39,16,23
29,570,0097,609590,0000,000000,KARNATAKA,Chikmagalur,VILLAGE,Anche  Chomanahalli,Rural,259,1282,621,661,111,59,52,612,296,316,9,4,5,872,462,410,410,159,251,658,344,314,420,281,139,161,148,13,154,57,97,1,1,0,104,75,29,238,63,175,68,18,50,139,30,109,0,0,0,31,15,16,227,60,167,67,18,49,130,28,102,0,0,0,30,14,16,11,3,8,1,0,1,9,2,7,0,0,0,1,1,0,624,277,347
29,570,0097,609591,0000,000000,KARNATAKA,Chikmagalur,VILLAGE,Mallappanahalli,Rural,65,316,193,123,26,12,14,18,18,0,1,1,0,252,170,82,64,23,41,164,81,83,164,81,83,150,74,76,4,3,1,0,0,0,10,4,6,0,0,0,0,0,0,0,0,0,0,0,0,0,0,0,0,0,0,0,0,0,0,0,0,0,0,0,0,0,0,0,0,0,0,0,0,0,0,0,0,0,0,0,0,0,152,112,40
29,570,0097,609592,0000,000000,KARNATAKA,Chikmagalur,VILLAGE,Linglapura,Rural,141,655,347,308,63,31,32,87,46,41,0,0,0,441,261,180,214,86,128,486,258,228,449,239,210,362,196,166,66,30,36,0,0,0,21,13,8,37,19,18,16,12,4,19,6,13,0,0,0,2,1,1,35,18,17,15,11,4,18,6,12,0,0,0,2,1,1,2,1,1,1,1,0,1,0,1,0,0,0,0,0,0,169,89,80
29,570,0097,609593,0000,000000,KARNATAKA,Chikmagalur,VILLAGE,Sevanagar,Rural,167,747,362,385,62,30,32,743,361,382,0,0,0,401,224,177,346,138,208,468,219,249,463,216,247,78,35,43,348,152,196,0,0,0,37,29,8,5,3,2,3,2,1,2,1,1,0,0,0,0,0,0,5,3,2,3,2,1,2,1,1,0,0,0,0,0,0,0,0,0,0,0,0,0,0,0,0,0,0,0,0,0,279,143,136
29,570,0097,609594,0000,000000,KARNATAKA,Chikmagalur,VILLAGE,S. Kodihalli,Rural,109,456,234,222,42,27,15,89,45,44,0,0,0,284,153,131,172,81,91,284,162,122,184,142,42,108,106,2,60,24,36,2,2,0,14,10,4,100,20,80,18,7,11,79,12,67,1,0,1,2,1,1,99,20,79,18,7,11,79,12,67,0,0,0,2,1,1,1,0,1,0,0,0,0,0,0,1,0,1,0,0,0,172,72,100
29,570,0097,609595,0000,000000,KARNATAKA,Chikmagalur,VILLAGE,Laxmipura,Rural,168,754,371,383,75,42,33,754,371,383,0,0,0,438,243,195,316,128,188,456,233,223,454,232,222,189,176,13,223,19,204,0,0,0,42,37,5,2,1,1,1,1,0,1,0,1,0,0,0,0,0,0,2,1,1,1,1,0,1,0,1,0,0,0,0,0,0,0,0,0,0,0,0,0,0,0,0,0,0,0,0,0,298,138,160
29,570,0097,609596,0000,000000,KARNATAKA,Chikmagalur,VILLAGE,Devarahalli,Rural,86,390,203,187,37,17,20,134,73,61,231,119,112,284,166,118,106,37,69,264,142,122,253,142,111,248,139,109,0,0,0,0,0,0,5,3,2,11,0,11,7,0,7,4,0,4,0,0,0,0,0,0,11,0,11,7,0,7,4,0,4,0,0,0,0,0,0,0,0,0,0,0,0,0,0,0,0,0,0,0,0,0,126,61,65
29,570,0097,609597,0000,000000,KARNATAKA,Chikmagalur,VILLAGE,Rangapura,Rural,210,794,403,391,57,31,26,14,7,7,0,0,0,595,336,259,199,67,132,646,328,318,645,328,317,310,218,92,295,86,209,2,1,1,38,23,15,1,0,1,1,0,1,0,0,0,0,0,0,0,0,0,1,0,1,1,0,1,0,0,0,0,0,0,0,0,0,0,0,0,0,0,0,0,0,0,0,0,0,0,0,0,148,75,73
29,570,0097,609598,0000,000000,KARNATAKA,Chikmagalur,VILLAGE,S.Madapura,Rural,315,1347,682,665,129,74,55,151,81,70,0,0,0,1026,542,484,321,140,181,954,492,462,831,429,402,812,420,392,3,2,1,0,0,0,16,7,9,123,63,60,2,1,1,119,60,59,0,0,0,2,2,0,123,63,60,2,1,1,119,60,59,0,0,0,2,2,0,0,0,0,0,0,0,0,0,0,0,0,0,0,0,0,393,190,203
29,570,0097,609599,0000,000000,KARNATAKA,Chikmagalur,VILLAGE,Siddaramanahalli,Rural,128,554,286,268,60,28,32,2,1,1,0,0,0,408,207,201,146,79,67,368,201,167,360,194,166,243,128,115,92,50,42,0,0,0,25,16,9,8,7,1,0,0,0,2,1,1,0,0,0,6,6,0,5,4,1,0,0,0,2,1,1,0,0,0,3,3,0,3,3,0,0,0,0,0,0,0,0,0,0,3,3,0,186,85,101
29,570,0097,609600,0000,000000,KARNATAKA,Chikmagalur,VILLAGE,Muthanagere,Rural,489,1921,939,982,181,89,92,551,270,281,56,26,30,1355,723,632,566,216,350,1012,659,353,1009,658,351,945,614,331,25,20,5,2,1,1,37,23,14,3,1,2,3,1,2,0,0,0,0,0,0,0,0,0,3,1,2,3,1,2,0,0,0,0,0,0,0,0,0,0,0,0,0,0,0,0,0,0,0,0,0,0,0,0,909,280,629
29,570,0097,609601,0000,000000,KARNATAKA,Chikmagalur,VILLAGE,Thimlapura,Rural,297,1141,549,592,83,35,48,195,89,106,106,54,52,801,426,375,340,123,217,550,372,178,549,371,178,205,185,20,243,122,121,18,12,6,83,52,31,1,1,0,0,0,0,1,1,0,0,0,0,0,0,0,1,1,0,0,0,0,1,1,0,0,0,0,0,0,0,0,0,0,0,0,0,0,0,0,0,0,0,0,0,0,591,177,414
29,570,0097,609602,0000,000000,KARNATAKA,Chikmagalur,VILLAGE,B.T.Mallenahalli,Rural,300,1277,601,676,137,55,82,205,98,107,206,94,112,772,426,346,505,175,330,810,413,397,510,344,166,391,275,116,62,24,38,3,3,0,54,42,12,300,69,231,187,18,169,76,28,48,3,1,2,34,22,12,281,60,221,184,18,166,68,23,45,2,1,1,27,18,9,19,9,10,3,0,3,8,5,3,1,0,1,7,4,3,467,188,279
29,570,0097,609603,0000,000000,KARNATAKA,Chikmagalur,VILLAGE,Kundur,Rural,140,620,316,304,53,31,22,5,3,2,99,46,53,483,262,221,137,54,83,396,207,189,211,203,8,188,186,2,4,4,0,2,1,1,17,12,5,185,4,181,181,2,179,2,0,2,0,0,0,2,2,0,181,2,179,179,2,177,2,0,2,0,0,0,0,0,0,4,2,2,2,0,2,0,0,0,0,0,0,2,2,0,224,109,115
29,570,0097,609604,0000,000000,KARNATAKA,Chikmagalur,VILLAGE,M.Mallenahalli,Rural,7,23,15,8,0,0,0,0,0,0,0,0,0,23,15,8,0,0,0,18,11,7,14,8,6,13,7,6,0,0,0,0,0,0,1,1,0,4,3,1,1,0,1,0,0,0,0,0,0,3,3,0,4,3,1,1,0,1,0,0,0,0,0,0,3,3,0,0,0,0,0,0,0,0,0,0,0,0,0,0,0,0,5,4,1
29,570,0097,609605,0000,000000,KARNATAKA,Chikmagalur,VILLAGE,Hasthinapura,Rural,130,492,259,233,54,31,23,461,242,219,1,0,1,289,176,113,203,83,120,329,169,160,302,164,138,44,38,6,230,102,128,1,0,1,27,24,3,27,5,22,0,0,0,14,4,10,1,0,1,12,1,11,21,3,18,0,0,0,12,2,10,0,0,0,9,1,8,6,2,4,0,0,0,2,2,0,1,0,1,3,0,3,163,90,73
29,570,0097,609606,0000,000000,KARNATAKA,Chikmagalur,VILLAGE,Kariyanahalli,Rural,4,15,8,7,2,1,1,12,6,6,0,0,0,7,4,3,8,4,4,6,6,0,6,6,0,2,2,0,3,3,0,0,0,0,1,1,0,0,0,0,0,0,0,0,0,0,0,0,0,0,0,0,0,0,0,0,0,0,0,0,0,0,0,0,0,0,0,0,0,0,0,0,0,0,0,0,0,0,0,0,0,0,9,2,7
29,570,0097,609607,0000,000000,KARNATAKA,Chikmagalur,VILLAGE,Chikkabukkasagara,Rural,40,150,82,68,9,4,5,59,31,28,0,0,0,114,66,48,36,16,20,64,62,2,64,62,2,11,11,0,30,30,0,0,0,0,23,21,2,0,0,0,0,0,0,0,0,0,0,0,0,0,0,0,0,0,0,0,0,0,0,0,0,0,0,0,0,0,0,0,0,0,0,0,0,0,0,0,0,0,0,0,0,0,86,20,66
29,570,0097,609608,0000,000000,KARNATAKA,Chikmagalur,VILLAGE,Brahmasamudra,Rural,66,293,153,140,21,13,8,208,112,96,12,6,6,163,95,68,130,58,72,101,95,6,99,93,6,23,22,1,67,64,3,1,1,0,8,6,2,2,2,0,0,0,0,1,1,0,0,0,0,1,1,0,2,2,0,0,0,0,1,1,0,0,0,0,1,1,0,0,0,0,0,0,0,0,0,0,0,0,0,0,0,0,192,58,134
29,570,0097,609609,0000,000000,KARNATAKA,Chikmagalur,VILLAGE,Gubbihalli,Rural,290,1085,570,515,83,48,35,408,212,196,0,0,0,836,465,371,249,105,144,550,357,193,542,354,188,356,248,108,112,46,66,3,0,3,71,60,11,8,3,5,0,0,0,3,2,1,0,0,0,5,1,4,7,2,5,0,0,0,2,1,1,0,0,0,5,1,4,1,1,0,0,0,0,1,1,0,0,0,0,0,0,0,535,213,322
29,570,0097,609610,0000,000000,KARNATAKA,Chikmagalur,VILLAGE,Hochihalli,Rural,598,2755,1412,1343,261,121,140,654,350,304,4,3,1,1756,1014,742,999,398,601,1538,855,683,1060,744,316,737,571,166,176,68,108,4,4,0,143,101,42,478,111,367,252,49,203,190,44,146,2,1,1,34,17,17,400,101,299,194,42,152,173,42,131,2,1,1,31,16,15,78,10,68,58,7,51,17,2,15,0,0,0,3,1,2,1217,557,660
29,570,0097,609611,0000,000000,KARNATAKA,Chikmagalur,VILLAGE,Gundasagara,Rural,195,793,393,400,54,21,33,151,69,82,0,0,0,627,344,283,166,49,117,507,257,250,459,240,219,318,170,148,93,41,52,8,5,3,40,24,16,48,17,31,2,1,1,42,16,26,0,0,0,4,0,4,30,10,20,2,1,1,25,9,16,0,0,0,3,0,3,18,7,11,0,0,0,17,7,10,0,0,0,1,0,1,286,136,150
29,570,0097,609612,0000,000000,KARNATAKA,Chikmagalur,VILLAGE,Mangenahalli,Rural,127,627,324,303,81,43,38,36,21,15,0,0,0,452,249,203,175,75,100,445,224,221,440,223,217,177,126,51,251,88,163,1,0,1,11,9,2,5,1,4,0,0,0,1,0,1,1,0,1,3,1,2,3,0,3,0,0,0,1,0,1,1,0,1,1,0,1,2,1,1,0,0,0,0,0,0,0,0,0,2,1,1,182,100,82
29,570,0097,609613,0000,000000,KARNATAKA,Chikmagalur,VILLAGE,Shanabinagundi,Rural,155,634,319,315,41,20,21,151,68,83,0,0,0,493,262,231,141,57,84,445,220,225,247,212,35,217,197,20,16,7,9,0,0,0,14,8,6,198,8,190,193,7,186,4,0,4,0,0,0,1,1,0,198,8,190,193,7,186,4,0,4,0,0,0,1,1,0,0,0,0,0,0,0,0,0,0,0,0,0,0,0,0,189,99,90
29,570,0097,609614,0000,000000,KARNATAKA,Chikmagalur,VILLAGE,Laxmisagara,Rural,26,105,52,53,9,4,5,0,0,0,0,0,0,69,39,30,36,13,23,70,34,36,36,34,2,35,34,1,0,0,0,0,0,0,1,0,1,34,0,34,33,0,33,1,0,1,0,0,0,0,0,0,34,0,34,33,0,33,1,0,1,0,0,0,0,0,0,0,0,0,0,0,0,0,0,0,0,0,0,0,0,0,35,18,17
29,570,0097,609615,0000,000000,KARNATAKA,Chikmagalur,VILLAGE,Karehalli.D,Rural,216,873,415,458,75,32,43,265,122,143,4,2,2,585,326,259,288,89,199,575,284,291,552,273,279,468,233,235,37,11,26,0,0,0,47,29,18,23,11,12,6,1,5,5,0,5,0,0,0,12,10,2,22,11,11,5,1,4,5,0,5,0,0,0,12,10,2,1,0,1,1,0,1,0,0,0,0,0,0,0,0,0,298,131,167
29,570,0097,609616,0000,000000,KARNATAKA,Chikmagalur,VILLAGE,Jadakanakatte,Rural,37,152,73,79,18,9,9,61,29,32,0,0,0,89,48,41,63,25,38,96,45,51,88,44,44,35,35,0,52,8,44,1,1,0,0,0,0,8,1,7,8,1,7,0,0,0,0,0,0,0,0,0,8,1,7,8,1,7,0,0,0,0,0,0,0,0,0,0,0,0,0,0,0,0,0,0,0,0,0,0,0,0,56,28,28
29,570,0097,609617,0000,000000,KARNATAKA,Chikmagalur,VILLAGE,Halladahalli,Rural,67,276,146,130,22,10,12,12,7,5,0,0,0,227,128,99,49,18,31,188,106,82,155,85,70,81,63,18,51,9,42,6,3,3,17,10,7,33,21,12,8,5,3,8,2,6,0,0,0,17,14,3,14,4,10,3,1,2,8,2,6,0,0,0,3,1,2,19,17,2,5,4,1,0,0,0,0,0,0,14,13,1,88,40,48
29,570,0097,609618,0000,000000,KARNATAKA,Chikmagalur,VILLAGE,Devanurkaval,Rural,0,0,0,0,0,0,0,0,0,0,0,0,0,0,0,0,0,0,0,0,0,0,0,0,0,0,0,0,0,0,0,0,0,0,0,0,0,0,0,0,0,0,0,0,0,0,0,0,0,0,0,0,0,0,0,0,0,0,0,0,0,0,0,0,0,0,0,0,0,0,0,0,0,0,0,0,0,0,0,0,0,0,0,0,0
29,570,0097,609619,0000,000000,KARNATAKA,Chikmagalur,VILLAGE,Kambenahalli,Rural,1,5,2,3,0,0,0,0,0,0,0,0,0,5,2,3,0,0,0,5,2,3,5,2,3,1,1,0,4,1,3,0,0,0,0,0,0,0,0,0,0,0,0,0,0,0,0,0,0,0,0,0,0,0,0,0,0,0,0,0,0,0,0,0,0,0,0,0,0,0,0,0,0,0,0,0,0,0,0,0,0,0,0,0,0
29,570,0097,609620,0000,000000,KARNATAKA,Chikmagalur,VILLAGE,Kabballi,Rural,165,686,346,340,72,31,41,154,82,72,0,0,0,486,279,207,200,67,133,457,240,217,417,232,185,170,152,18,171,31,140,8,1,7,68,48,20,40,8,32,2,1,1,9,2,7,25,2,23,4,3,1,21,6,15,0,0,0,7,2,5,10,1,9,4,3,1,19,2,17,2,1,1,2,0,2,15,1,14,0,0,0,229,106,123
29,570,0097,609621,0000,000000,KARNATAKA,Chikmagalur,VILLAGE,Nagarahalu,Rural,370,1392,679,713,94,46,48,163,80,83,138,65,73,938,503,435,454,176,278,762,447,315,670,426,244,434,302,132,176,85,91,2,1,1,58,38,20,92,21,71,25,2,23,47,14,33,3,1,2,17,4,13,87,19,68,24,2,22,45,13,32,2,1,1,16,3,13,5,2,3,1,0,1,2,1,1,1,0,1,1,1,0,630,232,398
29,570,0097,609622,0000,000000,KARNATAKA,Chikmagalur,VILLAGE,Byladalu,Rural,278,1082,524,558,80,41,39,454,220,234,0,0,0,614,332,282,468,192,276,657,333,324,578,304,274,217,160,57,332,124,208,2,2,0,27,18,9,79,29,50,7,6,1,69,22,47,1,0,1,2,1,1,79,29,50,7,6,1,69,22,47,1,0,1,2,1,1,0,0,0,0,0,0,0,0,0,0,0,0,0,0,0,425,191,234
29,570,0097,609623,0000,000000,KARNATAKA,Chikmagalur,VILLAGE,Banur,Rural,533,2143,1063,1080,154,71,83,699,343,356,46,20,26,1642,892,750,501,171,330,1173,700,473,1159,696,463,597,402,195,440,200,240,11,10,1,111,84,27,14,4,10,1,0,1,8,1,7,0,0,0,5,3,2,13,3,10,1,0,1,8,1,7,0,0,0,4,2,2,1,1,0,0,0,0,0,0,0,0,0,0,1,1,0,970,363,607
29,570,0097,609624,0000,000000,KARNATAKA,Chikmagalur,VILLAGE,Chattnapalya,Rural,42,153,78,75,18,7,11,153,78,75,0,0,0,76,49,27,77,29,48,90,53,37,55,48,7,6,5,1,12,9,3,1,1,0,36,33,3,35,5,30,2,1,1,29,4,25,0,0,0,4,0,4,34,5,29,2,1,1,29,4,25,0,0,0,3,0,3,1,0,1,0,0,0,0,0,0,0,0,0,1,0,1,63,25,38
29,570,0097,609625,0000,000000,KARNATAKA,Chikmagalur,VILLAGE,Sakrepatna,Rural,1525,6087,3022,3065,601,324,277,1070,530,540,74,34,40,4467,2350,2117,1620,672,948,2668,1888,780,2178,1699,479,475,405,70,541,318,223,60,50,10,1102,926,176,490,189,301,20,4,16,211,59,152,13,3,10,246,123,123,472,183,289,20,4,16,203,57,146,12,3,9,237,119,118,18,6,12,0,0,0,8,2,6,1,0,1,9,4,5,3419,1134,2285
29,570,0097,609626,0000,000000,KARNATAKA,Chikmagalur,VILLAGE,Kaluvehalli,Rural,246,917,467,450,62,37,25,166,85,81,0,0,0,698,375,323,219,92,127,499,300,199,430,290,140,233,176,57,130,63,67,0,0,0,67,51,16,69,10,59,27,2,25,23,4,19,6,0,6,13,4,9,30,10,20,10,2,8,10,4,6,1,0,1,9,4,5,39,0,39,17,0,17,13,0,13,5,0,5,4,0,4,418,167,251
29,570,0097,609627,0000,000000,KARNATAKA,Chikmagalur,VILLAGE,Pillenahalli,Rural,470,1795,893,902,124,67,57,397,194,203,11,3,8,1374,732,642,421,161,260,1045,577,468,982,559,423,593,343,250,289,139,150,4,2,2,96,75,21,63,18,45,25,9,16,27,7,20,4,0,4,7,2,5,33,11,22,13,3,10,16,6,10,0,0,0,4,2,2,30,7,23,12,6,6,11,1,10,4,0,4,3,0,3,750,316,434
29,570,0097,609628,0000,000000,KARNATAKA,Chikmagalur,VILLAGE,Nagenahalli,Rural,295,1093,554,539,95,47,48,36,22,14,0,0,0,710,413,297,383,141,242,512,308,204,508,305,203,195,150,45,216,87,129,12,9,3,85,59,26,4,3,1,0,0,0,2,1,1,0,0,0,2,2,0,3,2,1,0,0,0,2,1,1,0,0,0,1,1,0,1,1,0,0,0,0,0,0,0,0,0,0,1,1,0,581,246,335
29,570,0097,609629,0000,000000,KARNATAKA,Chikmagalur,VILLAGE,L. Agrahara,Rural,185,727,357,370,46,21,25,727,357,370,0,0,0,435,236,199,292,121,171,420,246,174,287,221,66,164,149,15,56,27,29,0,0,0,67,45,22,133,25,108,30,12,18,86,9,77,0,0,0,17,4,13,132,24,108,30,12,18,86,9,77,0,0,0,16,3,13,1,1,0,0,0,0,0,0,0,0,0,0,1,1,0,307,111,196
29,570,0097,609630,0000,000000,KARNATAKA,Chikmagalur,VILLAGE,Hosahalli,Rural,139,562,293,269,35,18,17,150,72,78,76,40,36,438,247,191,124,46,78,325,189,136,321,185,136,210,118,92,86,46,40,3,3,0,22,18,4,4,4,0,1,1,0,2,2,0,0,0,0,1,1,0,4,4,0,1,1,0,2,2,0,0,0,0,1,1,0,0,0,0,0,0,0,0,0,0,0,0,0,0,0,0,237,104,133
29,570,0097,609631,0000,000000,KARNATAKA,Chikmagalur,VILLAGE,Agrahara,Rural,186,796,378,418,65,27,38,15,9,6,0,0,0,577,318,259,219,60,159,472,257,215,464,251,213,322,178,144,90,35,55,0,0,0,52,38,14,8,6,2,5,5,0,0,0,0,0,0,0,3,1,2,8,6,2,5,5,0,0,0,0,0,0,0,3,1,2,0,0,0,0,0,0,0,0,0,0,0,0,0,0,0,324,121,203
29,570,0097,609632,0000,000000,KARNATAKA,Chikmagalur,VILLAGE,Manjihalli,Rural,100,371,179,192,21,12,9,6,3,3,194,91,103,260,144,116,111,35,76,266,130,136,137,96,41,48,46,2,84,46,38,1,0,1,4,4,0,129,34,95,6,1,5,121,33,88,0,0,0,2,0,2,129,34,95,6,1,5,121,33,88,0,0,0,2,0,2,0,0,0,0,0,0,0,0,0,0,0,0,0,0,0,105,49,56
29,570,0097,609633,0000,000000,KARNATAKA,Chikmagalur,VILLAGE,Hallikerekaval,Rural,12,53,28,25,7,4,3,13,6,7,0,0,0,33,20,13,20,8,12,39,19,20,39,19,20,33,17,16,4,1,3,0,0,0,2,1,1,0,0,0,0,0,0,0,0,0,0,0,0,0,0,0,0,0,0,0,0,0,0,0,0,0,0,0,0,0,0,0,0,0,0,0,0,0,0,0,0,0,0,0,0,0,14,9,5
29,570,0097,609634,0000,000000,KARNATAKA,Chikmagalur,VILLAGE,Iganahalli,Rural,0,0,0,0,0,0,0,0,0,0,0,0,0,0,0,0,0,0,0,0,0,0,0,0,0,0,0,0,0,0,0,0,0,0,0,0,0,0,0,0,0,0,0,0,0,0,0,0,0,0,0,0,0,0,0,0,0,0,0,0,0,0,0,0,0,0,0,0,0,0,0,0,0,0,0,0,0,0,0,0,0,0,0,0,0
29,570,0097,609635,0000,000000,KARNATAKA,Chikmagalur,VILLAGE,Bolanahalli,Rural,67,246,122,124,17,8,9,100,51,49,0,0,0,163,96,67,83,26,57,158,81,77,144,72,72,125,66,59,15,3,12,0,0,0,4,3,1,14,9,5,1,0,1,0,0,0,1,0,1,12,9,3,13,9,4,0,0,0,0,0,0,1,0,1,12,9,3,1,0,1,1,0,1,0,0,0,0,0,0,0,0,0,88,41,47
29,570,0097,609636,0000,000000,KARNATAKA,Chikmagalur,VILLAGE,Devanur,Rural,560,2359,1144,1215,163,73,90,285,117,168,9,3,6,1775,949,826,584,195,389,1346,723,623,1078,676,402,387,314,73,473,172,301,9,7,2,209,183,26,268,47,221,62,8,54,180,29,151,5,1,4,21,9,12,266,47,219,62,8,54,179,29,150,5,1,4,20,9,11,2,0,2,0,0,0,1,0,1,0,0,0,1,0,1,1013,421,592
29,570,0097,609637,0000,000000,KARNATAKA,Chikmagalur,VILLAGE,Chikkadevanur,Rural,328,1406,688,718,139,68,71,86,43,43,5,2,3,976,523,453,430,165,265,624,440,184,600,431,169,209,202,7,191,91,100,2,2,0,198,136,62,24,9,15,3,1,2,13,2,11,0,0,0,8,6,2,19,7,12,2,1,1,11,2,9,0,0,0,6,4,2,5,2,3,1,0,1,2,0,2,0,0,0,2,2,0,782,248,534
29,570,0097,609638,0000,000000,KARNATAKA,Chikmagalur,VILLAGE,Kurubarahalli,Rural,40,173,88,85,13,8,5,1,1,0,0,0,0,140,74,66,33,14,19,105,57,48,65,56,9,36,36,0,15,9,6,1,1,0,13,10,3,40,1,39,1,0,1,36,1,35,0,0,0,3,0,3,40,1,39,1,0,1,36,1,35,0,0,0,3,0,3,0,0,0,0,0,0,0,0,0,0,0,0,0,0,0,68,31,37
29,570,0097,609639,0000,000000,KARNATAKA,Chikmagalur,VILLAGE,Mallappanahalli,Rural,45,187,95,92,18,10,8,160,83,77,0,0,0,107,63,44,80,32,48,117,56,61,50,49,1,47,47,0,3,2,1,0,0,0,0,0,0,67,7,60,2,1,1,63,6,57,1,0,1,1,0,1,66,7,59,2,1,1,63,6,57,0,0,0,1,0,1,1,0,1,0,0,0,0,0,0,1,0,1,0,0,0,70,39,31
29,570,0097,609640,0000,000000,KARNATAKA,Chikmagalur,VILLAGE,Machegundanahalli,Rural,181,804,391,413,64,30,34,1,1,0,0,0,0,642,341,301,162,50,112,540,274,266,520,268,252,280,229,51,222,30,192,1,1,0,17,8,9,20,6,14,2,1,1,11,2,9,0,0,0,7,3,4,19,5,14,2,1,1,11,2,9,0,0,0,6,2,4,1,1,0,0,0,0,0,0,0,0,0,0,1,1,0,264,117,147
29,570,0097,609641,0000,000000,KARNATAKA,Chikmagalur,VILLAGE,Bommenahalli.S,Rural,54,181,97,84,7,6,1,0,0,0,0,0,0,138,69,69,43,28,15,97,68,29,89,63,26,41,27,14,10,6,4,6,4,2,32,26,6,8,5,3,1,1,0,0,0,0,1,0,1,6,4,2,8,5,3,1,1,0,0,0,0,1,0,1,6,4,2,0,0,0,0,0,0,0,0,0,0,0,0,0,0,0,84,29,55
29,570,0097,609642,0000,000000,KARNATAKA,Chikmagalur,VILLAGE,Thippagondanalli,Rural,56,237,122,115,19,6,13,1,0,1,0,0,0,179,109,70,58,13,45,128,86,42,110,85,25,79,67,12,1,0,1,0,0,0,30,18,12,18,1,17,3,0,3,0,0,0,0,0,0,15,1,14,16,1,15,2,0,2,0,0,0,0,0,0,14,1,13,2,0,2,1,0,1,0,0,0,0,0,0,1,0,1,109,36,73
29,570,0097,609643,0000,000000,KARNATAKA,Chikmagalur,VILLAGE,Kamenahalli,Rural,160,705,365,340,53,34,19,42,21,21,0,0,0,577,311,266,128,54,74,471,241,230,300,190,110,167,149,18,94,10,84,6,3,3,33,28,5,171,51,120,9,4,5,107,16,91,20,8,12,35,23,12,167,50,117,9,4,5,105,15,90,18,8,10,35,23,12,4,1,3,0,0,0,2,1,1,2,0,2,0,0,0,234,124,110
29,570,0097,609644,0000,000000,KARNATAKA,Chikmagalur,VILLAGE,Gedlehalli,Rural,104,371,195,176,30,21,9,226,122,104,0,0,0,266,154,112,105,41,64,245,125,120,220,114,106,211,107,104,3,2,1,1,1,0,5,4,1,25,11,14,3,2,1,21,9,12,0,0,0,1,0,1,25,11,14,3,2,1,21,9,12,0,0,0,1,0,1,0,0,0,0,0,0,0,0,0,0,0,0,0,0,0,126,70,56
29,570,0097,609645,0000,000000,KARNATAKA,Chikmagalur,VILLAGE,Virupanahalli,Rural,0,0,0,0,0,0,0,0,0,0,0,0,0,0,0,0,0,0,0,0,0,0,0,0,0,0,0,0,0,0,0,0,0,0,0,0,0,0,0,0,0,0,0,0,0,0,0,0,0,0,0,0,0,0,0,0,0,0,0,0,0,0,0,0,0,0,0,0,0,0,0,0,0,0,0,0,0,0,0,0,0,0,0,0,0
29,570,0097,609646,0000,000000,KARNATAKA,Chikmagalur,VILLAGE,Nidaghatta,Rural,1009,3821,1924,1897,312,158,154,288,148,140,17,10,7,2541,1450,1091,1280,474,806,2116,1249,867,1770,1176,594,934,713,221,538,234,304,35,28,7,263,201,62,346,73,273,83,15,68,235,41,194,4,2,2,24,15,9,304,51,253,78,13,65,203,23,180,4,2,2,19,13,6,42,22,20,5,2,3,32,18,14,0,0,0,5,2,3,1705,675,1030
29,570,0097,609647,0000,000000,KARNATAKA,Chikmagalur,VILLAGE,Siddarahalli,Rural,0,0,0,0,0,0,0,0,0,0,0,0,0,0,0,0,0,0,0,0,0,0,0,0,0,0,0,0,0,0,0,0,0,0,0,0,0,0,0,0,0,0,0,0,0,0,0,0,0,0,0,0,0,0,0,0,0,0,0,0,0,0,0,0,0,0,0,0,0,0,0,0,0,0,0,0,0,0,0,0,0,0,0,0,0
29,570,0097,609648,0000,000000,KARNATAKA,Chikmagalur,VILLAGE,Chandrashekarapura,Rural,58,242,114,128,10,5,5,0,0,0,0,0,0,200,101,99,42,13,29,183,86,97,182,85,97,167,77,90,3,0,3,2,1,1,10,7,3,1,1,0,0,0,0,0,0,0,0,0,0,1,1,0,1,1,0,0,0,0,0,0,0,0,0,0,1,1,0,0,0,0,0,0,0,0,0,0,0,0,0,0,0,0,59,28,31
29,570,0097,609649,0000,000000,KARNATAKA,Chikmagalur,VILLAGE,Halikere,Rural,757,3260,1663,1597,304,162,142,442,225,217,63,28,35,2231,1242,989,1029,421,608,1982,1119,863,1718,1047,671,1021,703,318,490,176,314,20,17,3,187,151,36,264,72,192,71,10,61,109,8,101,24,9,15,60,45,15,238,56,182,70,9,61,103,6,97,17,6,11,48,35,13,26,16,10,1,1,0,6,2,4,7,3,4,12,10,2,1278,544,734
29,570,0097,609650,0000,000000,KARNATAKA,Chikmagalur,VILLAGE,Bertikere,Rural,0,0,0,0,0,0,0,0,0,0,0,0,0,0,0,0,0,0,0,0,0,0,0,0,0,0,0,0,0,0,0,0,0,0,0,0,0,0,0,0,0,0,0,0,0,0,0,0,0,0,0,0,0,0,0,0,0,0,0,0,0,0,0,0,0,0,0,0,0,0,0,0,0,0,0,0,0,0,0,0,0,0,0,0,0
29,570,0097,609651,0000,000000,KARNATAKA,Chikmagalur,VILLAGE,Kanchugaranahalli,Rural,90,396,190,206,25,13,12,20,8,12,0,0,0,304,159,145,92,31,61,258,128,130,136,126,10,93,92,1,1,1,0,3,3,0,39,30,9,122,2,120,65,0,65,44,0,44,0,0,0,13,2,11,122,2,120,65,0,65,44,0,44,0,0,0,13,2,11,0,0,0,0,0,0,0,0,0,0,0,0,0,0,0,138,62,76
29,570,0097,609652,0000,000000,KARNATAKA,Chikmagalur,VILLAGE,Gangabasavanahalli,Rural,78,339,172,167,31,16,15,2,1,1,0,0,0,198,113,85,141,59,82,236,118,118,119,108,11,86,84,2,7,4,3,0,0,0,26,20,6,117,10,107,49,3,46,58,1,57,1,1,0,9,5,4,113,7,106,48,2,46,56,0,56,1,1,0,8,4,4,4,3,1,1,1,0,2,1,1,0,0,0,1,1,0,103,54,49
29,570,0097,609653,0000,000000,KARNATAKA,Chikmagalur,VILLAGE,Byadarahalli,Rural,133,554,296,258,35,19,16,314,167,147,0,0,0,337,205,132,217,91,126,362,190,172,209,176,33,117,108,9,61,40,21,2,2,0,29,26,3,153,14,139,38,5,33,106,7,99,1,0,1,8,2,6,152,14,138,38,5,33,106,7,99,1,0,1,7,2,5,1,0,1,0,0,0,0,0,0,0,0,0,1,0,1,192,106,86
29,570,0097,609654,0000,000000,KARNATAKA,Chikmagalur,VILLAGE,Hudugerehalli,Rural,22,121,59,62,6,5,1,0,0,0,0,0,0,115,54,61,6,5,1,23,21,2,23,21,2,22,20,2,1,1,0,0,0,0,0,0,0,0,0,0,0,0,0,0,0,0,0,0,0,0,0,0,0,0,0,0,0,0,0,0,0,0,0,0,0,0,0,0,0,0,0,0,0,0,0,0,0,0,0,0,0,0,98,38,60
29,570,0097,609655,0000,000000,KARNATAKA,Chikmagalur,VILLAGE,Swamykatte,Rural,115,463,248,215,45,26,19,0,0,0,7,3,4,414,218,196,49,30,19,127,115,12,126,114,12,117,108,9,2,1,1,2,1,1,5,4,1,1,1,0,1,1,0,0,0,0,0,0,0,0,0,0,1,1,0,1,1,0,0,0,0,0,0,0,0,0,0,0,0,0,0,0,0,0,0,0,0,0,0,0,0,0,336,133,203
29,570,0097,609656,0000,000000,KARNATAKA,Chikmagalur,VILLAGE,Kethumaranahalli,Rural,297,1189,610,579,90,44,46,0,0,0,0,0,0,884,490,394,305,120,185,761,412,349,687,374,313,283,270,13,316,42,274,53,38,15,35,24,11,74,38,36,15,14,1,23,3,20,1,0,1,35,21,14,74,38,36,15,14,1,23,3,20,1,0,1,35,21,14,0,0,0,0,0,0,0,0,0,0,0,0,0,0,0,428,198,230
29,570,0097,609657,0000,000000,KARNATAKA,Chikmagalur,VILLAGE,Lingadahalli Jodi,Rural,629,2724,1415,1309,241,131,110,497,256,241,89,50,39,1781,1038,743,943,377,566,1757,930,827,1595,871,724,1406,786,620,109,26,83,1,1,0,79,58,21,162,59,103,35,8,27,108,40,68,6,4,2,13,7,6,140,50,90,24,6,18,106,39,67,1,0,1,9,5,4,22,9,13,11,2,9,2,1,1,5,4,1,4,2,2,967,485,482
29,570,0097,609658,0000,000000,KARNATAKA,Chikmagalur,VILLAGE,Chatnahalli,Rural,186,714,365,349,65,37,28,218,110,108,0,0,0,456,273,183,258,92,166,413,231,182,363,228,135,283,183,100,61,32,29,0,0,0,19,13,6,50,3,47,38,3,35,12,0,12,0,0,0,0,0,0,47,3,44,36,3,33,11,0,11,0,0,0,0,0,0,3,0,3,2,0,2,1,0,1,0,0,0,0,0,0,301,134,167
29,570,0097,609659,0000,000000,KARNATAKA,Chikmagalur,VILLAGE,Tandreborekaval,Rural,247,1001,512,489,111,64,47,464,235,229,1,1,0,577,338,239,424,174,250,599,300,299,550,273,277,501,251,250,27,12,15,0,0,0,22,10,12,49,27,22,4,2,2,26,15,11,0,0,0,19,10,9,31,13,18,2,1,1,21,10,11,0,0,0,8,2,6,18,14,4,2,1,1,5,5,0,0,0,0,11,8,3,402,212,190
29,570,0097,609660,0000,000000,KARNATAKA,Chikmagalur,VILLAGE,Honnenahalli,Rural,67,286,139,147,44,21,23,0,0,0,0,0,0,174,100,74,112,39,73,144,80,64,143,80,63,79,52,27,32,7,25,3,3,0,29,18,11,1,0,1,1,0,1,0,0,0,0,0,0,0,0,0,1,0,1,1,0,1,0,0,0,0,0,0,0,0,0,0,0,0,0,0,0,0,0,0,0,0,0,0,0,0,142,59,83
29,570,0097,609661,0000,000000,KARNATAKA,Chikmagalur,VILLAGE,S.Bidre,Rural,755,2970,1506,1464,282,137,145,185,92,93,75,39,36,2035,1139,896,935,367,568,1908,1015,893,1695,972,723,1205,723,482,276,87,189,35,33,2,179,129,50,213,43,170,69,15,54,116,11,105,4,3,1,24,14,10,197,40,157,62,12,50,110,11,99,3,3,0,22,14,8,16,3,13,7,3,4,6,0,6,1,0,1,2,0,2,1062,491,571
29,570,0097,609662,0000,000000,KARNATAKA,Chikmagalur,VILLAGE,Lylapura,Rural,0,0,0,0,0,0,0,0,0,0,0,0,0,0,0,0,0,0,0,0,0,0,0,0,0,0,0,0,0,0,0,0,0,0,0,0,0,0,0,0,0,0,0,0,0,0,0,0,0,0,0,0,0,0,0,0,0,0,0,0,0,0,0,0,0,0,0,0,0,0,0,0,0,0,0,0,0,0,0,0,0,0,0,0,0
29,570,0098,000000,0000,000000,KARNATAKA,Chikmagalur,CD BLOCK,Chikmagalur ,Total,45631,186967,93219,93748,17580,8882,8698,55875,27353,28522,5012,2421,2591,129278,70384,58894,57689,22835,34854,100916,59892,41024,88619,55458,33161,19935,15407,4528,12098,5868,6230,611,450,161,55975,33733,22242,12297,4434,7863,2328,732,1596,4894,1205,3689,394,168,226,4681,2329,2352,10919,3860,7059,2216,674,1542,4487,1119,3368,337,137,200,3879,1930,1949,1378,574,804,112,58,54,407,86,321,57,31,26,802,399,403,86051,33327,52724
29,570,0098,000000,0000,000000,KARNATAKA,Chikmagalur,CD BLOCK,Chikmagalur ,Rural,45631,186967,93219,93748,17580,8882,8698,55875,27353,28522,5012,2421,2591,129278,70384,58894,57689,22835,34854,100916,59892,41024,88619,55458,33161,19935,15407,4528,12098,5868,6230,611,450,161,55975,33733,22242,12297,4434,7863,2328,732,1596,4894,1205,3689,394,168,226,4681,2329,2352,10919,3860,7059,2216,674,1542,4487,1119,3368,337,137,200,3879,1930,1949,1378,574,804,112,58,54,407,86,321,57,31,26,802,399,403,86051,33327,52724
29,570,0098,000000,0000,000000,KARNATAKA,Chikmagalur,CD BLOCK,Chikmagalur ,Urban,0,0,0,0,0,0,0,0,0,0,0,0,0,0,0,0,0,0,0,0,0,0,0,0,0,0,0,0,0,0,0,0,0,0,0,0,0,0,0,0,0,0,0,0,0,0,0,0,0,0,0,0,0,0,0,0,0,0,0,0,0,0,0,0,0,0,0,0,0,0,0,0,0,0,0,0,0,0,0,0,0,0,0,0,0
29,570,0098,609663,0000,000000,KARNATAKA,Chikmagalur,VILLAGE,Siragola,Rural,140,504,238,266,30,16,14,85,40,45,39,19,20,335,166,169,169,72,97,217,179,38,217,179,38,17,17,0,16,15,1,2,2,0,182,145,37,0,0,0,0,0,0,0,0,0,0,0,0,0,0,0,0,0,0,0,0,0,0,0,0,0,0,0,0,0,0,0,0,0,0,0,0,0,0,0,0,0,0,0,0,0,287,59,228
29,570,0098,609664,0000,000000,KARNATAKA,Chikmagalur,VILLAGE,Bidare,Rural,557,2250,1138,1112,206,119,87,1108,562,546,12,6,6,1438,803,635,812,335,477,1332,761,571,1291,734,557,99,85,14,21,21,0,5,5,0,1166,623,543,41,27,14,3,2,1,1,1,0,0,0,0,37,24,13,40,26,14,2,1,1,1,1,0,0,0,0,37,24,13,1,1,0,1,1,0,0,0,0,0,0,0,0,0,0,918,377,541
29,570,0098,609665,0000,000000,KARNATAKA,Chikmagalur,VILLAGE,Boggase,Rural,186,795,380,415,67,33,34,283,117,166,39,19,20,538,274,264,257,106,151,419,255,164,91,74,17,2,2,0,1,1,0,0,0,0,88,71,17,328,181,147,0,0,0,0,0,0,0,0,0,328,181,147,155,96,59,0,0,0,0,0,0,0,0,0,155,96,59,173,85,88,0,0,0,0,0,0,0,0,0,173,85,88,376,125,251
29,570,0098,609666,0000,000000,KARNATAKA,Chikmagalur,VILLAGE,Kadavanthi,Rural,335,1356,670,686,144,75,69,667,324,343,30,16,14,832,463,369,524,207,317,769,427,342,541,325,216,76,45,31,12,7,5,1,1,0,452,272,180,228,102,126,0,0,0,2,0,2,0,0,0,226,102,124,220,97,123,0,0,0,2,0,2,0,0,0,218,97,121,8,5,3,0,0,0,0,0,0,0,0,0,8,5,3,587,243,344
29,570,0098,609667,0000,000000,KARNATAKA,Chikmagalur,VILLAGE,Basapura,Rural,159,621,315,306,80,39,41,271,138,133,4,3,1,367,204,163,254,111,143,201,173,28,197,169,28,39,36,3,4,4,0,1,1,0,153,128,25,4,4,0,0,0,0,0,0,0,0,0,0,4,4,0,3,3,0,0,0,0,0,0,0,0,0,0,3,3,0,1,1,0,0,0,0,0,0,0,0,0,0,1,1,0,420,142,278
29,570,0098,609668,0000,000000,KARNATAKA,Chikmagalur,VILLAGE,Devadana,Rural,1103,4759,2401,2358,461,244,217,1308,666,642,68,36,32,3577,1885,1692,1182,516,666,1965,1346,619,1865,1304,561,239,182,57,44,27,17,15,7,8,1567,1088,479,100,42,58,24,7,17,9,4,5,0,0,0,67,31,36,86,36,50,19,5,14,6,3,3,0,0,0,61,28,33,14,6,8,5,2,3,3,1,2,0,0,0,6,3,3,2794,1055,1739
29,570,0098,609669,0000,000000,KARNATAKA,Chikmagalur,VILLAGE,Hyarambi,Rural,413,1700,854,846,173,88,85,616,304,312,47,23,24,1121,601,520,579,253,326,808,512,296,795,507,288,45,41,4,39,34,5,4,4,0,707,428,279,13,5,8,0,0,0,3,1,2,0,0,0,10,4,6,9,4,5,0,0,0,1,0,1,0,0,0,8,4,4,4,1,3,0,0,0,2,1,1,0,0,0,2,0,2,892,342,550
29,570,0098,609670,0000,000000,KARNATAKA,Chikmagalur,VILLAGE,Huigere,Rural,369,1498,755,743,149,75,74,574,290,284,23,12,11,996,550,446,502,205,297,607,407,200,592,399,193,5,4,1,0,0,0,4,4,0,583,391,192,15,8,7,5,5,0,0,0,0,1,0,1,9,3,6,15,8,7,5,5,0,0,0,0,1,0,1,9,3,6,0,0,0,0,0,0,0,0,0,0,0,0,0,0,0,891,348,543
29,570,0098,609671,0000,000000,KARNATAKA,Chikmagalur,VILLAGE,Bikkarane,Rural,75,312,163,149,31,13,18,111,57,54,0,0,0,181,104,77,131,59,72,174,109,65,155,100,55,5,5,0,130,85,45,4,1,3,16,9,7,19,9,10,4,2,2,9,4,5,3,1,2,3,2,1,18,9,9,3,2,1,9,4,5,3,1,2,3,2,1,1,0,1,1,0,1,0,0,0,0,0,0,0,0,0,138,54,84
29,570,0098,609672,0000,000000,KARNATAKA,Chikmagalur,VILLAGE,Manaboor,Rural,79,340,168,172,30,18,12,55,28,27,84,40,44,253,127,126,87,41,46,248,126,122,219,111,108,24,18,6,170,77,93,15,12,3,10,4,6,29,15,14,13,7,6,14,6,8,1,1,0,1,1,0,13,6,7,7,3,4,5,2,3,0,0,0,1,1,0,16,9,7,6,4,2,9,4,5,1,1,0,0,0,0,92,42,50
29,570,0098,609673,0000,000000,KARNATAKA,Chikmagalur,VILLAGE,Saragodu,Rural,370,1443,693,750,173,85,88,588,274,314,25,10,15,900,459,441,543,234,309,859,469,390,794,444,350,80,68,12,241,111,130,5,3,2,468,262,206,65,25,40,3,2,1,24,12,12,0,0,0,38,11,27,50,23,27,3,2,1,22,11,11,0,0,0,25,10,15,15,2,13,0,0,0,2,1,1,0,0,0,13,1,12,584,224,360
29,570,0098,609674,0000,000000,KARNATAKA,Chikmagalur,VILLAGE,Heggarmathavani,Rural,0,0,0,0,0,0,0,0,0,0,0,0,0,0,0,0,0,0,0,0,0,0,0,0,0,0,0,0,0,0,0,0,0,0,0,0,0,0,0,0,0,0,0,0,0,0,0,0,0,0,0,0,0,0,0,0,0,0,0,0,0,0,0,0,0,0,0,0,0,0,0,0,0,0,0,0,0,0,0,0,0,0,0,0,0
29,570,0098,609675,0000,000000,KARNATAKA,Chikmagalur,VILLAGE,Madla,Rural,0,0,0,0,0,0,0,0,0,0,0,0,0,0,0,0,0,0,0,0,0,0,0,0,0,0,0,0,0,0,0,0,0,0,0,0,0,0,0,0,0,0,0,0,0,0,0,0,0,0,0,0,0,0,0,0,0,0,0,0,0,0,0,0,0,0,0,0,0,0,0,0,0,0,0,0,0,0,0,0,0,0,0,0,0
29,570,0098,609676,0000,000000,KARNATAKA,Chikmagalur,VILLAGE,Hipla,Rural,0,0,0,0,0,0,0,0,0,0,0,0,0,0,0,0,0,0,0,0,0,0,0,0,0,0,0,0,0,0,0,0,0,0,0,0,0,0,0,0,0,0,0,0,0,0,0,0,0,0,0,0,0,0,0,0,0,0,0,0,0,0,0,0,0,0,0,0,0,0,0,0,0,0,0,0,0,0,0,0,0,0,0,0,0
29,570,0098,609677,0000,000000,KARNATAKA,Chikmagalur,VILLAGE,Melagiri,Rural,0,0,0,0,0,0,0,0,0,0,0,0,0,0,0,0,0,0,0,0,0,0,0,0,0,0,0,0,0,0,0,0,0,0,0,0,0,0,0,0,0,0,0,0,0,0,0,0,0,0,0,0,0,0,0,0,0,0,0,0,0,0,0,0,0,0,0,0,0,0,0,0,0,0,0,0,0,0,0,0,0,0,0,0,0
29,570,0098,609678,0000,000000,KARNATAKA,Chikmagalur,VILLAGE,Kesavinamane,Rural,53,156,83,73,25,14,11,41,19,22,16,7,9,84,51,33,72,32,40,106,61,45,106,61,45,0,0,0,0,0,0,0,0,0,106,61,45,0,0,0,0,0,0,0,0,0,0,0,0,0,0,0,0,0,0,0,0,0,0,0,0,0,0,0,0,0,0,0,0,0,0,0,0,0,0,0,0,0,0,0,0,0,50,22,28
29,570,0098,609679,0000,000000,KARNATAKA,Chikmagalur,VILLAGE,Athigiri,Rural,80,297,147,150,30,14,16,80,43,37,18,12,6,264,132,132,33,15,18,175,88,87,160,81,79,5,2,3,143,71,72,6,3,3,6,5,1,15,7,8,1,1,0,12,6,6,0,0,0,2,0,2,14,6,8,1,1,0,11,5,6,0,0,0,2,0,2,1,1,0,0,0,0,1,1,0,0,0,0,0,0,0,122,59,63
29,570,0098,609680,0000,000000,KARNATAKA,Chikmagalur,VILLAGE,Thogarihankal,Rural,508,2074,1007,1067,184,97,87,697,346,351,49,26,23,1408,746,662,666,261,405,1223,656,567,1211,648,563,26,21,5,3,1,2,2,1,1,1180,625,555,12,8,4,0,0,0,0,0,0,0,0,0,12,8,4,11,7,4,0,0,0,0,0,0,0,0,0,11,7,4,1,1,0,0,0,0,0,0,0,0,0,0,1,1,0,851,351,500
29,570,0098,609681,0000,000000,KARNATAKA,Chikmagalur,VILLAGE,Melinahuluvathi,Rural,125,506,254,252,57,22,35,178,95,83,36,17,19,306,177,129,200,77,123,288,169,119,287,168,119,3,1,2,0,0,0,0,0,0,284,167,117,1,1,0,1,1,0,0,0,0,0,0,0,0,0,0,1,1,0,1,1,0,0,0,0,0,0,0,0,0,0,0,0,0,0,0,0,0,0,0,0,0,0,0,0,0,218,85,133
29,570,0098,609682,0000,000000,KARNATAKA,Chikmagalur,VILLAGE,Kesave,Rural,13,30,19,11,2,1,1,8,5,3,3,2,1,23,17,6,7,2,5,17,14,3,17,14,3,0,0,0,0,0,0,2,1,1,15,13,2,0,0,0,0,0,0,0,0,0,0,0,0,0,0,0,0,0,0,0,0,0,0,0,0,0,0,0,0,0,0,0,0,0,0,0,0,0,0,0,0,0,0,0,0,0,13,5,8
29,570,0098,609683,0000,000000,KARNATAKA,Chikmagalur,VILLAGE,Suguduvani,Rural,501,1955,965,990,211,109,102,902,447,455,67,32,35,1175,639,536,780,326,454,1115,631,484,1094,623,471,4,3,1,2,1,1,0,0,0,1088,619,469,21,8,13,0,0,0,0,0,0,0,0,0,21,8,13,12,5,7,0,0,0,0,0,0,0,0,0,12,5,7,9,3,6,0,0,0,0,0,0,0,0,0,9,3,6,840,334,506
29,570,0098,609684,0000,000000,KARNATAKA,Chikmagalur,VILLAGE,Shiravase,Rural,567,2267,1088,1179,246,116,130,1152,554,598,20,10,10,1412,752,660,855,336,519,1218,693,525,1135,654,481,44,37,7,8,3,5,0,0,0,1083,614,469,83,39,44,1,0,1,1,1,0,0,0,0,81,38,43,23,10,13,1,0,1,1,1,0,0,0,0,21,9,12,60,29,31,0,0,0,0,0,0,0,0,0,60,29,31,1049,395,654
29,570,0098,609685,0000,000000,KARNATAKA,Chikmagalur,VILLAGE,Jagara,Rural,115,395,194,201,38,19,19,159,74,85,36,18,18,240,143,97,155,51,104,236,135,101,231,132,99,9,9,0,0,0,0,0,0,0,222,123,99,5,3,2,0,0,0,0,0,0,0,0,0,5,3,2,2,1,1,0,0,0,0,0,0,0,0,0,2,1,1,3,2,1,0,0,0,0,0,0,0,0,0,3,2,1,159,59,100
29,570,0098,609686,0000,000000,KARNATAKA,Chikmagalur,VILLAGE,Kolagave,Rural,158,607,293,314,72,34,38,203,99,104,108,46,62,347,194,153,260,99,161,340,191,149,330,188,142,27,21,6,23,11,12,3,1,2,277,155,122,10,3,7,3,1,2,0,0,0,0,0,0,7,2,5,6,2,4,1,0,1,0,0,0,0,0,0,5,2,3,4,1,3,2,1,1,0,0,0,0,0,0,2,0,2,267,102,165
29,570,0098,609687,0000,000000,KARNATAKA,Chikmagalur,VILLAGE,Dattathreyapeeta,Rural,1,5,3,2,0,0,0,0,0,0,0,0,0,5,3,2,0,0,0,1,1,0,1,1,0,0,0,0,0,0,0,0,0,0,1,1,0,0,0,0,0,0,0,0,0,0,0,0,0,0,0,0,0,0,0,0,0,0,0,0,0,0,0,0,0,0,0,0,0,0,0,0,0,0,0,0,0,0,0,0,0,0,4,2,2
29,570,0098,609688,0000,000000,KARNATAKA,Chikmagalur,VILLAGE,Gonakal,Rural,370,1315,627,688,124,51,73,550,260,290,39,15,24,680,393,287,635,234,401,857,431,426,829,415,414,39,30,9,16,9,7,0,0,0,774,376,398,28,16,12,1,1,0,1,1,0,1,1,0,25,13,12,17,8,9,0,0,0,0,0,0,0,0,0,17,8,9,11,8,3,1,1,0,1,1,0,1,1,0,8,5,3,458,196,262
29,570,0098,609689,0000,000000,KARNATAKA,Chikmagalur,VILLAGE,Muthinapura,Rural,92,341,177,164,33,18,15,212,104,108,11,7,4,208,125,83,133,52,81,218,125,93,218,125,93,1,1,0,0,0,0,0,0,0,217,124,93,0,0,0,0,0,0,0,0,0,0,0,0,0,0,0,0,0,0,0,0,0,0,0,0,0,0,0,0,0,0,0,0,0,0,0,0,0,0,0,0,0,0,0,0,0,123,52,71
29,570,0098,609690,0000,000000,KARNATAKA,Chikmagalur,VILLAGE,Bisagnimutt,Rural,119,416,203,213,32,18,14,292,144,148,17,9,8,308,161,147,108,42,66,269,138,131,268,138,130,3,3,0,0,0,0,0,0,0,265,135,130,1,0,1,0,0,0,0,0,0,0,0,0,1,0,1,1,0,1,0,0,0,0,0,0,0,0,0,1,0,1,0,0,0,0,0,0,0,0,0,0,0,0,0,0,0,147,65,82
29,570,0098,609691,0000,000000,KARNATAKA,Chikmagalur,VILLAGE,Malagaru,Rural,59,194,100,94,20,10,10,51,26,25,24,14,10,94,58,36,100,42,58,142,76,66,140,75,65,2,1,1,3,1,2,1,1,0,134,72,62,2,1,1,0,0,0,1,0,1,0,0,0,1,1,0,1,0,1,0,0,0,1,0,1,0,0,0,0,0,0,1,1,0,0,0,0,0,0,0,0,0,0,1,1,0,52,24,28
29,570,0098,609692,0000,000000,KARNATAKA,Chikmagalur,VILLAGE,Pandaravalli,Rural,253,938,443,495,101,42,59,340,160,180,132,60,72,528,286,242,410,157,253,538,295,243,525,292,233,0,0,0,1,1,0,0,0,0,524,291,233,13,3,10,4,0,4,0,0,0,0,0,0,9,3,6,7,0,7,4,0,4,0,0,0,0,0,0,3,0,3,6,3,3,0,0,0,0,0,0,0,0,0,6,3,3,400,148,252
29,570,0098,609693,0000,000000,KARNATAKA,Chikmagalur,VILLAGE,Inam Dattathreya Peeta,Rural,105,422,207,215,32,16,16,126,60,66,2,2,0,312,171,141,110,36,74,223,143,80,221,142,79,4,2,2,2,2,0,2,2,0,213,136,77,2,1,1,0,0,0,0,0,0,0,0,0,2,1,1,2,1,1,0,0,0,0,0,0,0,0,0,2,1,1,0,0,0,0,0,0,0,0,0,0,0,0,0,0,0,199,64,135
29,570,0098,609694,0000,000000,KARNATAKA,Chikmagalur,VILLAGE,Nagenahalli,Rural,50,178,87,91,18,10,8,102,51,51,0,0,0,160,77,83,18,10,8,112,57,55,111,57,54,3,2,1,104,53,51,1,0,1,3,2,1,1,0,1,0,0,0,1,0,1,0,0,0,0,0,0,1,0,1,0,0,0,1,0,1,0,0,0,0,0,0,0,0,0,0,0,0,0,0,0,0,0,0,0,0,0,66,30,36
29,570,0098,609695,0000,000000,KARNATAKA,Chikmagalur,VILLAGE,Galipooje,Rural,202,819,388,431,87,42,45,360,160,200,9,4,5,500,267,233,319,121,198,450,250,200,371,212,159,5,5,0,0,0,0,0,0,0,366,207,159,79,38,41,6,1,5,1,0,1,1,1,0,71,36,35,59,27,32,4,1,3,1,0,1,1,1,0,53,25,28,20,11,9,2,0,2,0,0,0,0,0,0,18,11,7,369,138,231
29,570,0098,609696,0000,000000,KARNATAKA,Chikmagalur,VILLAGE,Suruguppe,Rural,30,128,70,58,16,9,7,96,51,45,0,0,0,105,59,46,23,11,12,83,44,39,71,38,33,3,1,2,60,32,28,1,1,0,7,4,3,12,6,6,0,0,0,8,4,4,0,0,0,4,2,2,12,6,6,0,0,0,8,4,4,0,0,0,4,2,2,0,0,0,0,0,0,0,0,0,0,0,0,0,0,0,45,26,19
29,570,0098,609697,0000,000000,KARNATAKA,Chikmagalur,VILLAGE,Beranagodu,Rural,120,530,266,264,55,26,29,262,128,134,0,0,0,363,198,165,167,68,99,335,185,150,334,184,150,1,1,0,0,0,0,0,0,0,333,183,150,1,1,0,0,0,0,0,0,0,0,0,0,1,1,0,1,1,0,0,0,0,0,0,0,0,0,0,1,1,0,0,0,0,0,0,0,0,0,0,0,0,0,0,0,0,195,81,114
29,570,0098,609698,0000,000000,KARNATAKA,Chikmagalur,VILLAGE,Masagali,Rural,75,287,146,141,25,10,15,43,19,24,16,8,8,199,117,82,88,29,59,181,96,85,180,95,85,4,2,2,2,2,0,0,0,0,174,91,83,1,1,0,0,0,0,0,0,0,0,0,0,1,1,0,1,1,0,0,0,0,0,0,0,0,0,0,1,1,0,0,0,0,0,0,0,0,0,0,0,0,0,0,0,0,106,50,56
29,570,0098,609699,0000,000000,KARNATAKA,Chikmagalur,VILLAGE,Saragoor,Rural,217,876,428,448,82,40,42,389,184,205,32,12,20,616,333,283,260,95,165,537,278,259,534,276,258,17,11,6,1,0,1,1,1,0,515,264,251,3,2,1,0,0,0,0,0,0,0,0,0,3,2,1,3,2,1,0,0,0,0,0,0,0,0,0,3,2,1,0,0,0,0,0,0,0,0,0,0,0,0,0,0,0,339,150,189
29,570,0098,609700,0000,000000,KARNATAKA,Chikmagalur,VILLAGE,Bagamane,Rural,7,23,14,9,2,1,1,0,0,0,0,0,0,18,12,6,5,2,3,19,12,7,18,12,6,0,0,0,1,1,0,0,0,0,17,11,6,1,0,1,1,0,1,0,0,0,0,0,0,0,0,0,1,0,1,1,0,1,0,0,0,0,0,0,0,0,0,0,0,0,0,0,0,0,0,0,0,0,0,0,0,0,4,2,2
29,570,0098,609701,0000,000000,KARNATAKA,Chikmagalur,VILLAGE,Byaravalli,Rural,780,3070,1531,1539,276,142,134,1223,603,620,43,21,22,1894,1065,829,1176,466,710,1839,1009,830,1820,997,823,87,65,22,10,6,4,11,11,0,1712,915,797,19,12,7,1,1,0,0,0,0,0,0,0,18,11,7,19,12,7,1,1,0,0,0,0,0,0,0,18,11,7,0,0,0,0,0,0,0,0,0,0,0,0,0,0,0,1231,522,709
29,570,0098,609702,0000,000000,KARNATAKA,Chikmagalur,VILLAGE,Baganeheddalu,Rural,29,86,45,41,7,7,0,20,10,10,0,0,0,39,29,10,47,16,31,63,33,30,59,32,27,0,0,0,0,0,0,0,0,0,59,32,27,4,1,3,0,0,0,0,0,0,0,0,0,4,1,3,4,1,3,0,0,0,0,0,0,0,0,0,4,1,3,0,0,0,0,0,0,0,0,0,0,0,0,0,0,0,23,12,11
29,570,0098,609703,0000,000000,KARNATAKA,Chikmagalur,VILLAGE,Makodu,Rural,69,232,110,122,6,4,2,57,27,30,10,5,5,182,92,90,50,18,32,182,84,98,179,84,95,14,5,9,1,1,0,2,2,0,162,76,86,3,0,3,1,0,1,0,0,0,0,0,0,2,0,2,3,0,3,1,0,1,0,0,0,0,0,0,2,0,2,0,0,0,0,0,0,0,0,0,0,0,0,0,0,0,50,26,24
29,570,0098,609704,0000,000000,KARNATAKA,Chikmagalur,VILLAGE,Danihalli,Rural,103,409,190,219,35,15,20,203,91,112,8,5,3,297,158,139,112,32,80,259,129,130,253,125,128,0,0,0,2,2,0,0,0,0,251,123,128,6,4,2,0,0,0,2,1,1,0,0,0,4,3,1,2,1,1,0,0,0,0,0,0,0,0,0,2,1,1,4,3,1,0,0,0,2,1,1,0,0,0,2,2,0,150,61,89
29,570,0098,609705,0000,000000,KARNATAKA,Chikmagalur,VILLAGE,Karagoor,Rural,32,118,59,59,14,6,8,39,21,18,5,3,2,78,42,36,40,17,23,70,39,31,70,39,31,2,1,1,0,0,0,0,0,0,68,38,30,0,0,0,0,0,0,0,0,0,0,0,0,0,0,0,0,0,0,0,0,0,0,0,0,0,0,0,0,0,0,0,0,0,0,0,0,0,0,0,0,0,0,0,0,0,48,20,28
29,570,0098,609706,0000,000000,KARNATAKA,Chikmagalur,VILLAGE,Bettadamalali,Rural,159,685,343,342,77,31,46,316,163,153,6,3,3,437,241,196,248,102,146,382,230,152,380,228,152,29,19,10,98,54,44,0,0,0,253,155,98,2,2,0,0,0,0,0,0,0,0,0,0,2,2,0,2,2,0,0,0,0,0,0,0,0,0,0,2,2,0,0,0,0,0,0,0,0,0,0,0,0,0,0,0,0,303,113,190
29,570,0098,609707,0000,000000,KARNATAKA,Chikmagalur,VILLAGE,Pura,Rural,84,347,170,177,25,16,9,78,38,40,0,0,0,247,128,119,100,42,58,204,114,90,204,114,90,33,33,0,38,19,19,0,0,0,133,62,71,0,0,0,0,0,0,0,0,0,0,0,0,0,0,0,0,0,0,0,0,0,0,0,0,0,0,0,0,0,0,0,0,0,0,0,0,0,0,0,0,0,0,0,0,0,143,56,87
29,570,0098,609708,0000,000000,KARNATAKA,Chikmagalur,VILLAGE,Basaravalli,Rural,92,389,192,197,40,17,23,84,42,42,86,40,46,265,148,117,124,44,80,261,136,125,260,136,124,55,53,2,112,61,51,0,0,0,93,22,71,1,0,1,0,0,0,0,0,0,0,0,0,1,0,1,1,0,1,0,0,0,0,0,0,0,0,0,1,0,1,0,0,0,0,0,0,0,0,0,0,0,0,0,0,0,128,56,72
29,570,0098,609709,0000,000000,KARNATAKA,Chikmagalur,VILLAGE,Iydahalli,Rural,91,351,167,184,27,10,17,97,41,56,0,0,0,237,130,107,114,37,77,201,110,91,195,108,87,26,15,11,1,1,0,0,0,0,168,92,76,6,2,4,0,0,0,3,0,3,0,0,0,3,2,1,5,2,3,0,0,0,2,0,2,0,0,0,3,2,1,1,0,1,0,0,0,1,0,1,0,0,0,0,0,0,150,57,93
29,570,0098,609710,0000,000000,KARNATAKA,Chikmagalur,VILLAGE,Aniganahalli,Rural,25,88,45,43,5,4,1,18,11,7,9,3,6,63,30,33,25,15,10,54,35,19,52,33,19,12,7,5,1,0,1,0,0,0,39,26,13,2,2,0,0,0,0,0,0,0,0,0,0,2,2,0,2,2,0,0,0,0,0,0,0,0,0,0,2,2,0,0,0,0,0,0,0,0,0,0,0,0,0,0,0,0,34,10,24
29,570,0098,609711,0000,000000,KARNATAKA,Chikmagalur,VILLAGE,Bygoor,Rural,296,1184,570,614,112,52,60,388,185,203,7,2,5,820,437,383,364,133,231,845,439,406,714,402,312,286,166,120,115,58,57,1,0,1,312,178,134,131,37,94,85,27,58,28,8,20,8,0,8,10,2,8,129,36,93,85,27,58,28,8,20,8,0,8,8,1,7,2,1,1,0,0,0,0,0,0,0,0,0,2,1,1,339,131,208
29,570,0098,609712,0000,000000,KARNATAKA,Chikmagalur,VILLAGE,Avathi,Rural,427,1644,810,834,185,92,93,881,427,454,18,8,10,1018,555,463,626,255,371,980,518,462,966,510,456,169,115,54,241,103,138,2,2,0,554,290,264,14,8,6,0,0,0,1,1,0,0,0,0,13,7,6,12,6,6,0,0,0,1,1,0,0,0,0,11,5,6,2,2,0,0,0,0,0,0,0,0,0,0,2,2,0,664,292,372
29,570,0098,609713,0000,000000,KARNATAKA,Chikmagalur,VILLAGE,Keremakki,Rural,194,742,382,360,74,42,32,171,83,88,6,3,3,507,286,221,235,96,139,474,259,215,470,256,214,260,151,109,3,2,1,2,1,1,205,102,103,4,3,1,1,1,0,0,0,0,0,0,0,3,2,1,4,3,1,1,1,0,0,0,0,0,0,0,3,2,1,0,0,0,0,0,0,0,0,0,0,0,0,0,0,0,268,123,145
29,570,0098,609714,0000,000000,KARNATAKA,Chikmagalur,VILLAGE,Havare,Rural,28,116,58,58,9,5,4,0,0,0,0,0,0,83,41,42,33,17,16,71,34,37,71,34,37,42,20,22,0,0,0,0,0,0,29,14,15,0,0,0,0,0,0,0,0,0,0,0,0,0,0,0,0,0,0,0,0,0,0,0,0,0,0,0,0,0,0,0,0,0,0,0,0,0,0,0,0,0,0,0,0,0,45,24,21
29,570,0098,609715,0000,000000,KARNATAKA,Chikmagalur,VILLAGE,Devarahalli,Rural,44,169,90,79,21,13,8,86,47,39,0,0,0,108,67,41,61,23,38,113,59,54,110,56,54,7,3,4,0,0,0,0,0,0,103,53,50,3,3,0,0,0,0,0,0,0,0,0,0,3,3,0,3,3,0,0,0,0,0,0,0,0,0,0,3,3,0,0,0,0,0,0,0,0,0,0,0,0,0,0,0,0,56,31,25
29,570,0098,609716,0000,000000,KARNATAKA,Chikmagalur,VILLAGE,Arenoor,Rural,158,627,304,323,41,24,17,42,23,19,8,4,4,505,256,249,122,48,74,248,191,57,248,191,57,51,49,2,80,49,31,0,0,0,117,93,24,0,0,0,0,0,0,0,0,0,0,0,0,0,0,0,0,0,0,0,0,0,0,0,0,0,0,0,0,0,0,0,0,0,0,0,0,0,0,0,0,0,0,0,0,0,379,113,266
29,570,0098,609717,0000,000000,KARNATAKA,Chikmagalur,VILLAGE,Hangaravalli,Rural,109,417,209,208,35,17,18,92,42,50,0,0,0,302,158,144,115,51,64,257,144,113,241,132,109,64,41,23,22,10,12,1,1,0,154,80,74,16,12,4,6,5,1,3,2,1,0,0,0,7,5,2,15,11,4,6,5,1,3,2,1,0,0,0,6,4,2,1,1,0,0,0,0,0,0,0,0,0,0,1,1,0,160,65,95
29,570,0098,609718,0000,000000,KARNATAKA,Chikmagalur,VILLAGE,Hirekolale,Rural,547,2086,1001,1085,191,98,93,1046,491,555,69,34,35,1474,769,705,612,232,380,1270,688,582,1147,646,501,27,20,7,51,26,25,3,1,2,1066,599,467,123,42,81,4,0,4,65,29,36,5,4,1,49,9,40,106,40,66,4,0,4,65,29,36,5,4,1,32,7,25,17,2,15,0,0,0,0,0,0,0,0,0,17,2,15,816,313,503
29,570,0098,609719,0000,000000,KARNATAKA,Chikmagalur,VILLAGE,Thotadahalli,Rural,25,92,44,48,9,2,7,6,2,4,0,0,0,78,42,36,14,2,12,36,31,5,36,31,5,19,19,0,0,0,0,0,0,0,17,12,5,0,0,0,0,0,0,0,0,0,0,0,0,0,0,0,0,0,0,0,0,0,0,0,0,0,0,0,0,0,0,0,0,0,0,0,0,0,0,0,0,0,0,0,0,0,56,13,43
29,570,0098,609720,0000,000000,KARNATAKA,Chikmagalur,VILLAGE,Mavinahalli,Rural,18,49,23,26,7,2,5,11,5,6,0,0,0,33,17,16,16,6,10,22,17,5,21,17,4,8,7,1,1,1,0,0,0,0,12,9,3,1,0,1,0,0,0,0,0,0,0,0,0,1,0,1,0,0,0,0,0,0,0,0,0,0,0,0,0,0,0,1,0,1,0,0,0,0,0,0,0,0,0,1,0,1,27,6,21
29,570,0098,609721,0000,000000,KARNATAKA,Chikmagalur,VILLAGE,Arebidacoor Estate,Rural,38,134,81,53,8,7,1,121,73,48,0,0,0,103,67,36,31,14,17,90,59,31,90,59,31,0,0,0,0,0,0,0,0,0,90,59,31,0,0,0,0,0,0,0,0,0,0,0,0,0,0,0,0,0,0,0,0,0,0,0,0,0,0,0,0,0,0,0,0,0,0,0,0,0,0,0,0,0,0,0,0,0,44,22,22
29,570,0098,609722,0000,000000,KARNATAKA,Chikmagalur,VILLAGE,Dasarahalli,Rural,290,1117,543,574,131,64,67,542,272,270,23,12,11,693,377,316,424,166,258,617,352,265,612,349,263,36,31,5,5,2,3,1,0,1,570,316,254,5,3,2,1,1,0,1,1,0,0,0,0,3,1,2,5,3,2,1,1,0,1,1,0,0,0,0,3,1,2,0,0,0,0,0,0,0,0,0,0,0,0,0,0,0,500,191,309
29,570,0098,609723,0000,000000,KARNATAKA,Chikmagalur,VILLAGE,Arasinaguppe,Rural,314,1227,621,606,91,53,38,546,268,278,92,43,49,817,455,362,410,166,244,685,393,292,683,392,291,27,19,8,8,6,2,0,0,0,648,367,281,2,1,1,0,0,0,1,1,0,0,0,0,1,0,1,2,1,1,0,0,0,1,1,0,0,0,0,1,0,1,0,0,0,0,0,0,0,0,0,0,0,0,0,0,0,542,228,314
29,570,0098,609724,0000,000000,KARNATAKA,Chikmagalur,VILLAGE,Bindiga,Rural,632,2684,1338,1346,263,139,124,504,253,251,121,56,65,1802,977,825,882,361,521,1484,829,655,1367,756,611,127,111,16,115,17,98,3,3,0,1122,625,497,117,73,44,5,5,0,0,0,0,2,2,0,110,66,44,114,71,43,5,5,0,0,0,0,2,2,0,107,64,43,3,2,1,0,0,0,0,0,0,0,0,0,3,2,1,1200,509,691
29,570,0098,609725,0000,000000,KARNATAKA,Chikmagalur,VILLAGE,Halasabalu,Rural,427,1710,817,893,192,88,104,589,277,312,5,2,3,1162,624,538,548,193,355,931,531,400,898,516,382,171,124,47,11,7,4,0,0,0,716,385,331,33,15,18,0,0,0,2,1,1,0,0,0,31,14,17,25,13,12,0,0,0,2,1,1,0,0,0,23,12,11,8,2,6,0,0,0,0,0,0,0,0,0,8,2,6,779,286,493
29,570,0098,609726,0000,000000,KARNATAKA,Chikmagalur,VILLAGE,Hebballi,Rural,78,316,162,154,15,6,9,11,5,6,12,5,7,213,126,87,103,36,67,143,89,54,135,84,51,27,23,4,1,1,0,3,3,0,104,57,47,8,5,3,4,3,1,0,0,0,0,0,0,4,2,2,8,5,3,4,3,1,0,0,0,0,0,0,4,2,2,0,0,0,0,0,0,0,0,0,0,0,0,0,0,0,173,73,100
29,570,0098,609727,0000,000000,KARNATAKA,Chikmagalur,VILLAGE,Huliyarahalli,Rural,19,85,41,44,5,3,2,7,4,3,0,0,0,72,36,36,13,5,8,48,29,19,42,27,15,2,2,0,15,13,2,0,0,0,25,12,13,6,2,4,0,0,0,0,0,0,1,1,0,5,1,4,3,2,1,0,0,0,0,0,0,1,1,0,2,1,1,3,0,3,0,0,0,0,0,0,0,0,0,3,0,3,37,12,25
29,570,0098,609728,0000,000000,KARNATAKA,Chikmagalur,VILLAGE,Hosahalli,Rural,67,305,158,147,16,9,7,222,118,104,7,2,5,226,128,98,79,30,49,168,106,62,168,106,62,23,19,4,0,0,0,0,0,0,145,87,58,0,0,0,0,0,0,0,0,0,0,0,0,0,0,0,0,0,0,0,0,0,0,0,0,0,0,0,0,0,0,0,0,0,0,0,0,0,0,0,0,0,0,0,0,0,137,52,85
29,570,0098,609729,0000,000000,KARNATAKA,Chikmagalur,VILLAGE,Aralaguppe,Rural,610,2538,1253,1285,247,128,119,1708,836,872,59,25,34,1831,976,855,707,277,430,1500,817,683,1133,673,460,63,51,12,362,168,194,9,7,2,699,447,252,367,144,223,8,4,4,61,34,27,69,29,40,229,77,152,327,118,209,8,4,4,60,33,27,67,28,39,192,53,139,40,26,14,0,0,0,1,1,0,2,1,1,37,24,13,1038,436,602
29,570,0098,609730,0000,000000,KARNATAKA,Chikmagalur,VILLAGE,Chikkolale,Rural,232,951,472,479,67,37,30,129,64,65,15,9,6,775,409,366,176,63,113,500,321,179,474,306,168,63,55,8,79,56,23,5,5,0,327,190,137,26,15,11,4,2,2,5,1,4,1,0,1,16,12,4,25,15,10,4,2,2,5,1,4,0,0,0,16,12,4,1,0,1,0,0,0,0,0,0,1,0,1,0,0,0,451,151,300
29,570,0098,609731,0000,000000,KARNATAKA,Chikmagalur,VILLAGE,Indavara,Rural,389,1633,850,783,133,78,55,564,288,276,5,3,2,1207,662,545,426,188,238,734,490,244,685,465,220,125,118,7,237,131,106,8,7,1,315,209,106,49,25,24,1,1,0,10,3,7,0,0,0,38,21,17,32,16,16,1,1,0,10,3,7,0,0,0,21,12,9,17,9,8,0,0,0,0,0,0,0,0,0,17,9,8,899,360,539
29,570,0098,609732,0000,000000,KARNATAKA,Chikmagalur,VILLAGE,Allampura,Rural,457,1823,928,895,198,99,99,393,184,209,0,0,0,1355,742,613,468,186,282,920,594,326,891,573,318,59,48,11,30,21,9,11,7,4,791,497,294,29,21,8,5,5,0,0,0,0,1,1,0,23,15,8,26,19,7,5,5,0,0,0,0,0,0,0,21,14,7,3,2,1,0,0,0,0,0,0,1,1,0,2,1,1,903,334,569
29,570,0098,609733,0000,000000,KARNATAKA,Chikmagalur,VILLAGE,Karadihallikaval,Rural,8,32,17,15,3,0,3,0,0,0,0,0,0,20,12,8,12,5,7,20,12,8,20,12,8,0,0,0,1,1,0,0,0,0,19,11,8,0,0,0,0,0,0,0,0,0,0,0,0,0,0,0,0,0,0,0,0,0,0,0,0,0,0,0,0,0,0,0,0,0,0,0,0,0,0,0,0,0,0,0,0,0,12,5,7
29,570,0098,609734,0000,000000,KARNATAKA,Chikmagalur,VILLAGE,Iyanahalli,Rural,19,84,43,41,4,1,3,0,0,0,4,2,2,79,41,38,5,2,3,41,27,14,41,27,14,37,24,13,0,0,0,0,0,0,4,3,1,0,0,0,0,0,0,0,0,0,0,0,0,0,0,0,0,0,0,0,0,0,0,0,0,0,0,0,0,0,0,0,0,0,0,0,0,0,0,0,0,0,0,0,0,0,43,16,27
29,570,0098,609735,0000,000000,KARNATAKA,Chikmagalur,VILLAGE,Beekanahallikaval,Rural,0,0,0,0,0,0,0,0,0,0,0,0,0,0,0,0,0,0,0,0,0,0,0,0,0,0,0,0,0,0,0,0,0,0,0,0,0,0,0,0,0,0,0,0,0,0,0,0,0,0,0,0,0,0,0,0,0,0,0,0,0,0,0,0,0,0,0,0,0,0,0,0,0,0,0,0,0,0,0,0,0,0,0,0,0
29,570,0098,609736,0000,000000,KARNATAKA,Chikmagalur,VILLAGE,Hampapura,Rural,160,736,373,363,93,43,50,136,68,68,0,0,0,538,295,243,198,78,120,389,242,147,383,239,144,107,79,28,115,47,68,5,3,2,156,110,46,6,3,3,3,2,1,2,0,2,0,0,0,1,1,0,6,3,3,3,2,1,2,0,2,0,0,0,1,1,0,0,0,0,0,0,0,0,0,0,0,0,0,0,0,0,347,131,216
29,570,0098,609737,0000,000000,KARNATAKA,Chikmagalur,VILLAGE,Beekanahalli (Rural),Rural,364,1622,824,798,110,61,49,375,196,179,6,3,3,1350,705,645,272,119,153,631,462,169,569,410,159,213,207,6,180,102,78,1,1,0,175,100,75,62,52,10,8,5,3,6,3,3,8,8,0,40,36,4,57,47,10,8,5,3,6,3,3,8,8,0,35,31,4,5,5,0,0,0,0,0,0,0,0,0,0,5,5,0,991,362,629
29,570,0098,609738,0000,000000,KARNATAKA,Chikmagalur,VILLAGE,Hukkunda,Rural,193,790,383,407,85,42,43,377,187,190,1,1,0,536,284,252,254,99,155,442,240,202,431,237,194,84,59,25,2,0,2,6,2,4,339,176,163,11,3,8,1,0,1,0,0,0,0,0,0,10,3,7,11,3,8,1,0,1,0,0,0,0,0,0,10,3,7,0,0,0,0,0,0,0,0,0,0,0,0,0,0,0,348,143,205
29,570,0098,609739,0000,000000,KARNATAKA,Chikmagalur,VILLAGE,Mathavara,Rural,276,1056,507,549,95,44,51,339,156,183,0,0,0,806,409,397,250,98,152,569,352,217,473,325,148,211,202,9,232,103,129,1,1,0,29,19,10,96,27,69,1,1,0,4,0,4,0,0,0,91,26,65,88,20,68,1,1,0,4,0,4,0,0,0,83,19,64,8,7,1,0,0,0,0,0,0,0,0,0,8,7,1,487,155,332
29,570,0098,609740,0000,000000,KARNATAKA,Chikmagalur,VILLAGE,Dambadahalli,Rural,108,397,209,188,32,18,14,52,26,26,0,0,0,301,174,127,96,35,61,241,143,98,239,143,96,29,24,5,32,12,20,4,4,0,174,103,71,2,0,2,0,0,0,1,0,1,0,0,0,1,0,1,1,0,1,0,0,0,1,0,1,0,0,0,0,0,0,1,0,1,0,0,0,0,0,0,0,0,0,1,0,1,156,66,90
29,570,0098,609741,0000,000000,KARNATAKA,Chikmagalur,VILLAGE,Siragunda,Rural,406,1501,765,736,127,64,63,230,124,106,2,1,1,1220,654,566,281,111,170,758,513,245,749,509,240,87,79,8,18,9,9,28,19,9,616,402,214,9,4,5,1,1,0,2,0,2,0,0,0,6,3,3,7,4,3,1,1,0,0,0,0,0,0,0,6,3,3,2,0,2,0,0,0,2,0,2,0,0,0,0,0,0,743,252,491
29,570,0098,609742,0000,000000,KARNATAKA,Chikmagalur,VILLAGE,Dumagere,Rural,53,228,119,109,24,12,12,158,87,71,0,0,0,159,89,70,69,30,39,127,75,52,127,75,52,15,14,1,11,3,8,0,0,0,101,58,43,0,0,0,0,0,0,0,0,0,0,0,0,0,0,0,0,0,0,0,0,0,0,0,0,0,0,0,0,0,0,0,0,0,0,0,0,0,0,0,0,0,0,0,0,0,101,44,57
29,570,0098,609743,0000,000000,KARNATAKA,Chikmagalur,VILLAGE,Mugathihalli,Rural,143,752,430,322,52,33,19,277,144,133,0,0,0,598,361,237,154,69,85,285,182,103,278,178,100,11,11,0,99,58,41,6,3,3,162,106,56,7,4,3,0,0,0,1,1,0,4,2,2,2,1,1,3,2,1,0,0,0,0,0,0,1,1,0,2,1,1,4,2,2,0,0,0,1,1,0,3,1,2,0,0,0,467,248,219
29,570,0098,609744,0000,000000,KARNATAKA,Chikmagalur,VILLAGE,Gavanahalli  (Rural,Rural,794,3127,1599,1528,355,190,165,166,87,79,21,8,13,2067,1133,934,1060,466,594,1416,993,423,1286,928,358,22,15,7,53,18,35,2,2,0,1209,893,316,130,65,65,3,0,3,19,3,16,3,1,2,105,61,44,124,63,61,3,0,3,17,3,14,1,0,1,103,60,43,6,2,4,0,0,0,2,0,2,2,1,1,2,1,1,1711,606,1105
29,570,0098,609745,0000,000000,KARNATAKA,Chikmagalur,VILLAGE,Nallur ,Rural,166,696,355,341,71,31,40,282,137,145,0,0,0,531,288,243,165,67,98,352,251,101,333,234,99,95,85,10,50,25,25,1,1,0,187,123,64,19,17,2,6,6,0,2,2,0,0,0,0,11,9,2,19,17,2,6,6,0,2,2,0,0,0,0,11,9,2,0,0,0,0,0,0,0,0,0,0,0,0,0,0,0,344,104,240
29,570,0098,609746,0000,000000,KARNATAKA,Chikmagalur,VILLAGE,Thegur,Rural,473,2024,1033,991,173,84,89,313,153,160,4,2,2,1469,829,640,555,204,351,973,683,290,820,602,218,113,104,9,92,38,54,5,4,1,610,456,154,153,81,72,9,5,4,58,17,41,1,0,1,85,59,26,150,78,72,9,5,4,58,17,41,1,0,1,82,56,26,3,3,0,0,0,0,0,0,0,0,0,0,3,3,0,1051,350,701
29,570,0098,609747,0000,000000,KARNATAKA,Chikmagalur,VILLAGE,Chikmagalur (Rural),Rural,63,271,144,127,26,11,15,0,0,0,0,0,0,211,124,87,60,20,40,138,93,45,136,91,45,0,0,0,7,6,1,0,0,0,129,85,44,2,2,0,0,0,0,1,1,0,0,0,0,1,1,0,2,2,0,0,0,0,1,1,0,0,0,0,1,1,0,0,0,0,0,0,0,0,0,0,0,0,0,0,0,0,133,51,82
29,570,0098,609748,0000,000000,KARNATAKA,Chikmagalur,VILLAGE,Hiremagalur *,Rural,243,1001,509,492,76,41,35,315,159,156,0,0,0,755,401,354,246,108,138,537,321,216,517,313,204,184,130,54,67,31,36,4,1,3,262,151,111,20,8,12,1,0,1,2,1,1,0,0,0,17,7,10,20,8,12,1,0,1,2,1,1,0,0,0,17,7,10,0,0,0,0,0,0,0,0,0,0,0,0,0,0,0,464,188,276
29,570,0098,609749,0000,000000,KARNATAKA,Chikmagalur,VILLAGE,Karthikere,Rural,697,2807,1467,1340,249,120,129,456,227,229,0,0,0,2039,1179,860,768,288,480,1345,976,369,1211,862,349,282,245,37,290,157,133,5,3,2,634,457,177,134,114,20,3,2,1,20,15,5,32,29,3,79,68,11,94,78,16,3,2,1,16,11,5,20,18,2,55,47,8,40,36,4,0,0,0,4,4,0,12,11,1,24,21,3,1462,491,971
29,570,0098,609750,0000,000000,KARNATAKA,Chikmagalur,VILLAGE,Kuruvangi,Rural,760,3274,1659,1615,277,137,140,533,263,270,1,1,0,2219,1246,973,1055,413,642,1496,1032,464,1289,927,362,536,424,112,268,142,126,6,4,2,479,357,122,207,105,102,9,6,3,41,14,27,11,5,6,146,80,66,191,97,94,9,6,3,34,11,23,8,3,5,140,77,63,16,8,8,0,0,0,7,3,4,3,2,1,6,3,3,1778,627,1151
29,570,0098,609751,0000,000000,KARNATAKA,Chikmagalur,VILLAGE,Churchugudde Kaval,Rural,30,138,72,66,24,12,12,52,25,27,0,0,0,69,45,24,69,27,42,89,45,44,79,44,35,7,5,2,0,0,0,0,0,0,72,39,33,10,1,9,3,0,3,0,0,0,0,0,0,7,1,6,10,1,9,3,0,3,0,0,0,0,0,0,7,1,6,0,0,0,0,0,0,0,0,0,0,0,0,0,0,0,49,27,22
29,570,0098,609752,0000,000000,KARNATAKA,Chikmagalur,VILLAGE,Kamenahallikaval,Rural,182,756,393,363,86,39,47,91,49,42,31,13,18,470,277,193,286,116,170,508,266,242,388,244,144,90,76,14,10,7,3,0,0,0,288,161,127,120,22,98,8,1,7,20,1,19,0,0,0,92,20,72,113,18,95,8,1,7,19,0,19,0,0,0,86,17,69,7,4,3,0,0,0,1,1,0,0,0,0,6,3,3,248,127,121
29,570,0098,609753,0000,000000,KARNATAKA,Chikmagalur,VILLAGE,Padamane,Rural,113,434,212,222,64,32,32,63,35,28,0,0,0,207,99,108,227,113,114,263,150,113,261,149,112,55,37,18,199,108,91,0,0,0,7,4,3,2,1,1,1,1,0,1,0,1,0,0,0,0,0,0,0,0,0,0,0,0,0,0,0,0,0,0,0,0,0,2,1,1,1,1,0,1,0,1,0,0,0,0,0,0,171,62,109
29,570,0098,609754,0000,000000,KARNATAKA,Chikmagalur,VILLAGE,Jakkerikaval,Rural,1,7,3,4,0,0,0,0,0,0,0,0,0,7,3,4,0,0,0,4,2,2,4,2,2,0,0,0,0,0,0,0,0,0,4,2,2,0,0,0,0,0,0,0,0,0,0,0,0,0,0,0,0,0,0,0,0,0,0,0,0,0,0,0,0,0,0,0,0,0,0,0,0,0,0,0,0,0,0,0,0,0,3,1,2
29,570,0098,609755,0000,000000,KARNATAKA,Chikmagalur,VILLAGE,Srinivasapura,Rural,39,144,77,67,17,13,4,3,1,2,0,0,0,99,56,43,45,21,24,96,54,42,96,54,42,62,36,26,30,14,16,0,0,0,4,4,0,0,0,0,0,0,0,0,0,0,0,0,0,0,0,0,0,0,0,0,0,0,0,0,0,0,0,0,0,0,0,0,0,0,0,0,0,0,0,0,0,0,0,0,0,0,48,23,25
29,570,0098,609756,0000,000000,KARNATAKA,Chikmagalur,VILLAGE,Gungarahalli,Rural,68,257,141,116,17,10,7,128,70,58,3,2,1,208,125,83,49,16,33,191,104,87,172,94,78,75,51,24,86,37,49,1,1,0,10,5,5,19,10,9,2,2,0,6,3,3,6,2,4,5,3,2,6,3,3,0,0,0,2,1,1,0,0,0,4,2,2,13,7,6,2,2,0,4,2,2,6,2,4,1,1,0,66,37,29
29,570,0098,609757,0000,000000,KARNATAKA,Chikmagalur,VILLAGE,Chindenahalli,Rural,0,0,0,0,0,0,0,0,0,0,0,0,0,0,0,0,0,0,0,0,0,0,0,0,0,0,0,0,0,0,0,0,0,0,0,0,0,0,0,0,0,0,0,0,0,0,0,0,0,0,0,0,0,0,0,0,0,0,0,0,0,0,0,0,0,0,0,0,0,0,0,0,0,0,0,0,0,0,0,0,0,0,0,0,0
29,570,0098,609758,0000,000000,KARNATAKA,Chikmagalur,VILLAGE,Hanchihalli,Rural,0,0,0,0,0,0,0,0,0,0,0,0,0,0,0,0,0,0,0,0,0,0,0,0,0,0,0,0,0,0,0,0,0,0,0,0,0,0,0,0,0,0,0,0,0,0,0,0,0,0,0,0,0,0,0,0,0,0,0,0,0,0,0,0,0,0,0,0,0,0,0,0,0,0,0,0,0,0,0,0,0,0,0,0,0
29,570,0098,609759,0000,000000,KARNATAKA,Chikmagalur,VILLAGE,Sarapanahalli,Rural,116,661,345,316,17,10,7,119,70,49,44,17,27,619,328,291,42,17,25,337,166,171,319,155,164,186,99,87,112,43,69,2,1,1,19,12,7,18,11,7,3,2,1,2,1,1,0,0,0,13,8,5,15,10,5,2,2,0,1,1,0,0,0,0,12,7,5,3,1,2,1,0,1,1,0,1,0,0,0,1,1,0,324,179,145
29,570,0098,609760,0000,000000,KARNATAKA,Chikmagalur,VILLAGE,Bilekallahalli,Rural,447,1989,995,994,176,94,82,426,212,214,2,1,1,1383,763,620,606,232,374,1034,622,412,884,598,286,359,313,46,297,105,192,8,7,1,220,173,47,150,24,126,87,8,79,48,6,42,0,0,0,15,10,5,139,19,120,85,6,79,40,3,37,0,0,0,14,10,4,11,5,6,2,2,0,8,3,5,0,0,0,1,0,1,955,373,582
29,570,0098,609761,0000,000000,KARNATAKA,Chikmagalur,VILLAGE,Kenkere,Rural,12,37,18,19,2,1,1,2,1,1,0,0,0,20,12,8,17,6,11,24,11,13,23,11,12,6,2,4,11,6,5,0,0,0,6,3,3,1,0,1,1,0,1,0,0,0,0,0,0,0,0,0,0,0,0,0,0,0,0,0,0,0,0,0,0,0,0,1,0,1,1,0,1,0,0,0,0,0,0,0,0,0,13,7,6
29,570,0098,609762,0000,000000,KARNATAKA,Chikmagalur,VILLAGE,Uddeboranahalli,Rural,188,710,346,364,60,30,30,114,53,61,3,1,2,558,290,268,152,56,96,430,217,213,260,206,54,135,129,6,66,34,32,5,5,0,54,38,16,170,11,159,113,5,108,39,4,35,2,0,2,16,2,14,167,11,156,113,5,108,39,4,35,2,0,2,13,2,11,3,0,3,0,0,0,0,0,0,0,0,0,3,0,3,280,129,151
29,570,0098,609763,0000,000000,KARNATAKA,Chikmagalur,VILLAGE,Thadabenahalli,Rural,144,561,278,283,41,21,20,101,52,49,0,0,0,458,245,213,103,33,70,360,188,172,161,138,23,104,93,11,21,16,5,0,0,0,36,29,7,199,50,149,181,41,140,8,2,6,0,0,0,10,7,3,195,48,147,179,41,138,7,1,6,0,0,0,9,6,3,4,2,2,2,0,2,1,1,0,0,0,0,1,1,0,201,90,111
29,570,0098,609764,0000,000000,KARNATAKA,Chikmagalur,VILLAGE,Karisiddanahalli,Rural,108,413,219,194,30,17,13,11,6,5,3,1,2,275,161,114,138,58,80,281,142,139,249,131,118,222,115,107,24,14,10,0,0,0,3,2,1,32,11,21,22,9,13,9,2,7,0,0,0,1,0,1,28,8,20,18,6,12,9,2,7,0,0,0,1,0,1,4,3,1,4,3,1,0,0,0,0,0,0,0,0,0,132,77,55
29,570,0098,609765,0000,000000,KARNATAKA,Chikmagalur,VILLAGE,Kengenahalli,Rural,88,344,173,171,27,15,12,107,50,57,9,5,4,235,130,105,109,43,66,209,108,101,114,87,27,69,51,18,39,32,7,1,0,1,5,4,1,95,21,74,13,11,2,76,8,68,2,0,2,4,2,2,93,20,73,13,11,2,74,7,67,2,0,2,4,2,2,2,1,1,0,0,0,2,1,1,0,0,0,0,0,0,135,65,70
29,570,0098,609766,0000,000000,KARNATAKA,Chikmagalur,VILLAGE,Karehalli,Rural,5,21,10,11,2,0,2,0,0,0,4,1,3,15,8,7,6,2,4,12,7,5,12,7,5,4,2,2,5,2,3,0,0,0,3,3,0,0,0,0,0,0,0,0,0,0,0,0,0,0,0,0,0,0,0,0,0,0,0,0,0,0,0,0,0,0,0,0,0,0,0,0,0,0,0,0,0,0,0,0,0,0,9,3,6
29,570,0098,609767,0000,000000,KARNATAKA,Chikmagalur,VILLAGE,Balenahalli,Rural,98,427,217,210,41,22,19,0,0,0,0,0,0,311,177,134,116,40,76,286,154,132,101,93,8,85,83,2,6,3,3,7,6,1,3,1,2,185,61,124,7,1,6,168,53,115,5,3,2,5,4,1,185,61,124,7,1,6,168,53,115,5,3,2,5,4,1,0,0,0,0,0,0,0,0,0,0,0,0,0,0,0,141,63,78
29,570,0098,609768,0000,000000,KARNATAKA,Chikmagalur,VILLAGE,Kunnalu,Rural,208,815,397,418,63,30,33,0,0,0,242,111,131,648,340,308,167,57,110,556,281,275,171,164,7,130,127,3,29,28,1,0,0,0,12,9,3,385,117,268,5,2,3,374,110,264,0,0,0,6,5,1,384,116,268,4,1,3,374,110,264,0,0,0,6,5,1,1,1,0,1,1,0,0,0,0,0,0,0,0,0,0,259,116,143
29,570,0098,609769,0000,000000,KARNATAKA,Chikmagalur,VILLAGE,Lakkamanahalli,Rural,128,607,312,295,68,33,35,0,0,0,8,5,3,392,211,181,215,101,114,392,205,187,184,175,9,171,164,7,5,4,1,7,6,1,1,1,0,208,30,178,16,3,13,187,25,162,3,2,1,2,0,2,208,30,178,16,3,13,187,25,162,3,2,1,2,0,2,0,0,0,0,0,0,0,0,0,0,0,0,0,0,0,215,107,108
29,570,0098,609770,0000,000000,KARNATAKA,Chikmagalur,VILLAGE,Sadarahalli,Rural,194,874,434,440,81,44,37,135,69,66,0,0,0,568,313,255,306,121,185,502,288,214,458,268,190,299,184,115,29,17,12,0,0,0,130,67,63,44,20,24,34,17,17,5,2,3,0,0,0,5,1,4,44,20,24,34,17,17,5,2,3,0,0,0,5,1,4,0,0,0,0,0,0,0,0,0,0,0,0,0,0,0,372,146,226
29,570,0098,609771,0000,000000,KARNATAKA,Chikmagalur,VILLAGE,Kurichikkanahalli,Rural,109,492,250,242,49,28,21,0,0,0,0,0,0,323,178,145,169,72,97,300,162,138,298,161,137,246,121,125,9,4,5,2,2,0,41,34,7,2,1,1,1,0,1,0,0,0,1,1,0,0,0,0,2,1,1,1,0,1,0,0,0,1,1,0,0,0,0,0,0,0,0,0,0,0,0,0,0,0,0,0,0,0,192,88,104
29,570,0098,609772,0000,000000,KARNATAKA,Chikmagalur,VILLAGE,Hiregowja,Rural,367,1472,738,734,139,73,66,629,318,311,5,2,3,1071,580,491,401,158,243,674,478,196,405,330,75,332,273,59,25,18,7,1,1,0,47,38,9,269,148,121,13,6,7,143,61,82,5,5,0,108,76,32,230,123,107,13,6,7,141,60,81,3,3,0,73,54,19,39,25,14,0,0,0,2,1,1,2,2,0,35,22,13,798,260,538
29,570,0098,609773,0000,000000,KARNATAKA,Chikmagalur,VILLAGE,Dasarahalli,Rural,161,645,323,322,82,35,47,15,9,6,2,1,1,474,263,211,171,60,111,359,221,138,227,202,25,82,79,3,9,5,4,2,1,1,134,117,17,132,19,113,59,6,53,11,3,8,0,0,0,62,10,52,128,15,113,57,4,53,11,3,8,0,0,0,60,8,52,4,4,0,2,2,0,0,0,0,0,0,0,2,2,0,286,102,184
29,570,0098,609774,0000,000000,KARNATAKA,Chikmagalur,VILLAGE,Devarahalli,Rural,68,290,140,150,28,17,11,2,2,0,0,0,0,202,103,99,88,37,51,185,101,84,96,85,11,64,60,4,1,0,1,0,0,0,31,25,6,89,16,73,83,14,69,2,0,2,0,0,0,4,2,2,87,15,72,81,13,68,2,0,2,0,0,0,4,2,2,2,1,1,2,1,1,0,0,0,0,0,0,0,0,0,105,39,66
29,570,0098,609775,0000,000000,KARNATAKA,Chikmagalur,VILLAGE,Chikkagowja,Rural,226,976,495,481,132,69,63,4,3,1,0,0,0,606,341,265,370,154,216,575,315,260,556,305,251,289,169,120,148,68,80,0,0,0,119,68,51,19,10,9,13,8,5,6,2,4,0,0,0,0,0,0,7,1,6,4,1,3,3,0,3,0,0,0,0,0,0,12,9,3,9,7,2,3,2,1,0,0,0,0,0,0,401,180,221
29,570,0098,609776,0000,000000,KARNATAKA,Chikmagalur,VILLAGE,Beeranahalli,Rural,104,428,210,218,49,26,23,98,46,52,6,2,4,304,160,144,124,50,74,273,139,134,140,129,11,131,122,9,6,4,2,0,0,0,3,3,0,133,10,123,2,0,2,131,10,121,0,0,0,0,0,0,133,10,123,2,0,2,131,10,121,0,0,0,0,0,0,0,0,0,0,0,0,0,0,0,0,0,0,0,0,0,155,71,84
29,570,0098,609777,0000,000000,KARNATAKA,Chikmagalur,VILLAGE,Shirabadige,Rural,190,820,401,419,72,29,43,54,26,28,0,0,0,619,338,281,201,63,138,560,279,281,171,166,5,131,131,0,15,12,3,10,10,0,15,13,2,389,113,276,82,74,8,246,20,226,0,0,0,61,19,42,388,112,276,82,74,8,246,20,226,0,0,0,60,18,42,1,1,0,0,0,0,0,0,0,0,0,0,1,1,0,260,122,138
29,570,0098,609778,0000,000000,KARNATAKA,Chikmagalur,VILLAGE,Kabbigarahalli,Rural,68,280,142,138,25,16,9,0,0,0,0,0,0,215,117,98,65,25,40,191,101,90,98,87,11,63,62,1,23,19,4,0,0,0,12,6,6,93,14,79,9,1,8,70,13,57,0,0,0,14,0,14,93,14,79,9,1,8,70,13,57,0,0,0,14,0,14,0,0,0,0,0,0,0,0,0,0,0,0,0,0,0,89,41,48
29,570,0098,609779,0000,000000,KARNATAKA,Chikmagalur,VILLAGE,Devagondanahalli,Rural,322,1370,683,687,86,43,43,169,87,82,0,0,0,965,531,434,405,152,253,823,450,373,517,392,125,213,204,9,262,155,107,7,7,0,35,26,9,306,58,248,19,12,7,268,35,233,3,0,3,16,11,5,267,42,225,16,9,7,236,23,213,2,0,2,13,10,3,39,16,23,3,3,0,32,12,20,1,0,1,3,1,2,547,233,314
29,570,0098,609780,0000,000000,KARNATAKA,Chikmagalur,VILLAGE,Ganadalu,Rural,33,129,72,57,4,3,1,8,3,5,0,0,0,110,67,43,19,5,14,100,57,43,58,57,1,54,53,1,1,1,0,0,0,0,3,3,0,42,0,42,39,0,39,0,0,0,0,0,0,3,0,3,42,0,42,39,0,39,0,0,0,0,0,0,3,0,3,0,0,0,0,0,0,0,0,0,0,0,0,0,0,0,29,15,14
29,570,0098,609781,0000,000000,KARNATAKA,Chikmagalur,VILLAGE,Lakya,Rural,443,1875,970,905,208,99,109,49,38,11,8,6,2,1335,757,578,540,213,327,977,590,387,929,582,347,477,329,148,174,26,148,24,21,3,254,206,48,48,8,40,32,2,30,7,2,5,0,0,0,9,4,5,44,5,39,31,2,29,6,1,5,0,0,0,7,2,5,4,3,1,1,0,1,1,1,0,0,0,0,2,2,0,898,380,518
29,570,0098,609782,0000,000000,KARNATAKA,Chikmagalur,VILLAGE,Halelakya,Rural,80,374,187,187,46,25,21,1,1,0,4,2,2,246,137,109,128,50,78,247,136,111,197,123,74,93,78,15,84,29,55,3,2,1,17,14,3,50,13,37,5,3,2,42,8,34,0,0,0,3,2,1,46,11,35,5,3,2,38,6,32,0,0,0,3,2,1,4,2,2,0,0,0,4,2,2,0,0,0,0,0,0,127,51,76
29,570,0098,609783,0000,000000,KARNATAKA,Chikmagalur,VILLAGE,Kyathanabeedu,Rural,172,672,338,334,53,35,18,34,17,17,0,0,0,554,289,265,118,49,69,389,231,158,239,218,21,160,153,7,51,45,6,2,2,0,26,18,8,150,13,137,1,0,1,149,13,136,0,0,0,0,0,0,46,6,40,0,0,0,46,6,40,0,0,0,0,0,0,104,7,97,1,0,1,103,7,96,0,0,0,0,0,0,283,107,176
29,570,0098,609784,0000,000000,KARNATAKA,Chikmagalur,VILLAGE,Kanivehalli,Rural,146,543,270,273,38,20,18,30,20,10,0,0,0,395,216,179,148,54,94,384,200,184,213,200,13,210,198,12,1,0,1,0,0,0,2,2,0,171,0,171,167,0,167,4,0,4,0,0,0,0,0,0,171,0,171,167,0,167,4,0,4,0,0,0,0,0,0,0,0,0,0,0,0,0,0,0,0,0,0,0,0,0,159,70,89
29,570,0098,609785,0000,000000,KARNATAKA,Chikmagalur,VILLAGE,Kouthalu,Rural,0,0,0,0,0,0,0,0,0,0,0,0,0,0,0,0,0,0,0,0,0,0,0,0,0,0,0,0,0,0,0,0,0,0,0,0,0,0,0,0,0,0,0,0,0,0,0,0,0,0,0,0,0,0,0,0,0,0,0,0,0,0,0,0,0,0,0,0,0,0,0,0,0,0,0,0,0,0,0,0,0,0,0,0,0
29,570,0098,609786,0000,000000,KARNATAKA,Chikmagalur,VILLAGE,Sindigere,Rural,556,2385,1235,1150,185,81,104,376,192,184,107,62,45,1868,1055,813,517,180,337,1315,757,558,826,588,238,316,303,13,369,193,176,1,0,1,140,92,48,489,169,320,63,32,31,366,117,249,2,2,0,58,18,40,477,168,309,61,31,30,362,117,245,2,2,0,52,18,34,12,1,11,2,1,1,4,0,4,0,0,0,6,0,6,1070,478,592
29,570,0098,609787,0000,000000,KARNATAKA,Chikmagalur,VILLAGE,Arekallahalli,Rural,0,0,0,0,0,0,0,0,0,0,0,0,0,0,0,0,0,0,0,0,0,0,0,0,0,0,0,0,0,0,0,0,0,0,0,0,0,0,0,0,0,0,0,0,0,0,0,0,0,0,0,0,0,0,0,0,0,0,0,0,0,0,0,0,0,0,0,0,0,0,0,0,0,0,0,0,0,0,0,0,0,0,0,0,0
29,570,0098,609788,0000,000000,KARNATAKA,Chikmagalur,VILLAGE,Boochenahallikaval,Rural,179,887,436,451,154,75,79,721,355,366,0,0,0,364,212,152,523,224,299,531,262,269,95,86,9,79,74,5,10,8,2,0,0,0,6,4,2,436,176,260,21,12,9,409,159,250,0,0,0,6,5,1,433,174,259,21,12,9,408,159,249,0,0,0,4,3,1,3,2,1,0,0,0,1,0,1,0,0,0,2,2,0,356,174,182
29,570,0098,609789,0000,000000,KARNATAKA,Chikmagalur,VILLAGE,Sevalal Nagara,Rural,85,334,172,162,31,18,13,334,172,162,0,0,0,220,122,98,114,50,64,216,114,102,97,87,10,65,62,3,28,24,4,0,0,0,4,1,3,119,27,92,6,2,4,101,20,81,0,0,0,12,5,7,109,22,87,6,2,4,97,18,79,0,0,0,6,2,4,10,5,5,0,0,0,4,2,2,0,0,0,6,3,3,118,58,60
29,570,0098,609790,0000,000000,KARNATAKA,Chikmagalur,VILLAGE,Machenahalli,Rural,377,1535,733,802,134,66,68,90,42,48,15,6,9,1065,576,489,470,157,313,835,458,377,660,437,223,310,268,42,265,106,159,2,2,0,83,61,22,175,21,154,44,9,35,119,8,111,0,0,0,12,4,8,170,18,152,42,8,34,119,8,111,0,0,0,9,2,7,5,3,2,2,1,1,0,0,0,0,0,0,3,2,1,700,275,425
29,570,0098,609791,0000,000000,KARNATAKA,Chikmagalur,VILLAGE,Hosahalli,Rural,0,0,0,0,0,0,0,0,0,0,0,0,0,0,0,0,0,0,0,0,0,0,0,0,0,0,0,0,0,0,0,0,0,0,0,0,0,0,0,0,0,0,0,0,0,0,0,0,0,0,0,0,0,0,0,0,0,0,0,0,0,0,0,0,0,0,0,0,0,0,0,0,0,0,0,0,0,0,0,0,0,0,0,0,0
29,570,0098,609792,0000,000000,KARNATAKA,Chikmagalur,VILLAGE,Bhaktharahalli,Rural,153,761,380,381,105,57,48,223,113,110,0,0,0,533,288,245,228,92,136,458,232,226,217,169,48,142,136,6,37,14,23,1,1,0,37,18,19,241,63,178,16,6,10,128,10,118,3,1,2,94,46,48,239,61,178,16,6,10,128,10,118,2,0,2,93,45,48,2,2,0,0,0,0,0,0,0,1,1,0,1,1,0,303,148,155
29,570,0098,609793,0000,000000,KARNATAKA,Chikmagalur,VILLAGE,Yarehalli,Rural,0,0,0,0,0,0,0,0,0,0,0,0,0,0,0,0,0,0,0,0,0,0,0,0,0,0,0,0,0,0,0,0,0,0,0,0,0,0,0,0,0,0,0,0,0,0,0,0,0,0,0,0,0,0,0,0,0,0,0,0,0,0,0,0,0,0,0,0,0,0,0,0,0,0,0,0,0,0,0,0,0,0,0,0,0
29,570,0098,609794,0000,000000,KARNATAKA,Chikmagalur,VILLAGE,Chikkakalasapura,Rural,0,0,0,0,0,0,0,0,0,0,0,0,0,0,0,0,0,0,0,0,0,0,0,0,0,0,0,0,0,0,0,0,0,0,0,0,0,0,0,0,0,0,0,0,0,0,0,0,0,0,0,0,0,0,0,0,0,0,0,0,0,0,0,0,0,0,0,0,0,0,0,0,0,0,0,0,0,0,0,0,0,0,0,0,0
29,570,0098,609795,0000,000000,KARNATAKA,Chikmagalur,VILLAGE,Mallammanahalli,Rural,0,0,0,0,0,0,0,0,0,0,0,0,0,0,0,0,0,0,0,0,0,0,0,0,0,0,0,0,0,0,0,0,0,0,0,0,0,0,0,0,0,0,0,0,0,0,0,0,0,0,0,0,0,0,0,0,0,0,0,0,0,0,0,0,0,0,0,0,0,0,0,0,0,0,0,0,0,0,0,0,0,0,0,0,0
29,570,0098,609796,0000,000000,KARNATAKA,Chikmagalur,VILLAGE,Kalasapura,Rural,1003,3836,1942,1894,296,151,145,656,346,310,1,0,1,2824,1568,1256,1012,374,638,1871,1236,635,1702,1165,537,744,515,229,383,212,171,5,4,1,570,434,136,169,71,98,8,3,5,46,15,31,0,0,0,115,53,62,118,63,55,6,3,3,33,14,19,0,0,0,79,46,33,51,8,43,2,0,2,13,1,12,0,0,0,36,7,29,1965,706,1259
29,570,0098,609797,0000,000000,KARNATAKA,Chikmagalur,VILLAGE,Suragondanahalli,Rural,0,0,0,0,0,0,0,0,0,0,0,0,0,0,0,0,0,0,0,0,0,0,0,0,0,0,0,0,0,0,0,0,0,0,0,0,0,0,0,0,0,0,0,0,0,0,0,0,0,0,0,0,0,0,0,0,0,0,0,0,0,0,0,0,0,0,0,0,0,0,0,0,0,0,0,0,0,0,0,0,0,0,0,0,0
29,570,0098,609798,0000,000000,KARNATAKA,Chikmagalur,VILLAGE,Payagondanahalli,Rural,4,13,7,6,2,1,1,4,2,2,0,0,0,7,4,3,6,3,3,5,5,0,4,4,0,1,1,0,1,1,0,0,0,0,2,2,0,1,1,0,0,0,0,1,1,0,0,0,0,0,0,0,1,1,0,0,0,0,1,1,0,0,0,0,0,0,0,0,0,0,0,0,0,0,0,0,0,0,0,0,0,0,8,2,6
29,570,0098,609799,0000,000000,KARNATAKA,Chikmagalur,VILLAGE,Annindadike,Rural,37,167,82,85,13,8,5,0,0,0,0,0,0,123,66,57,44,16,28,56,55,1,55,54,1,27,26,1,25,25,0,0,0,0,3,3,0,1,1,0,0,0,0,1,1,0,0,0,0,0,0,0,1,1,0,0,0,0,1,1,0,0,0,0,0,0,0,0,0,0,0,0,0,0,0,0,0,0,0,0,0,0,111,27,84
29,570,0098,609800,0000,000000,KARNATAKA,Chikmagalur,VILLAGE,Galihalli,Rural,158,658,341,317,48,28,20,157,84,73,0,0,0,473,269,204,185,72,113,238,232,6,218,215,3,73,71,2,133,133,0,0,0,0,12,11,1,20,17,3,1,0,1,12,11,1,1,1,0,6,5,1,14,11,3,1,0,1,9,8,1,1,1,0,3,2,1,6,6,0,0,0,0,3,3,0,0,0,0,3,3,0,420,109,311
29,570,0098,609801,0000,000000,KARNATAKA,Chikmagalur,VILLAGE,Kalenahalli,Rural,0,0,0,0,0,0,0,0,0,0,0,0,0,0,0,0,0,0,0,0,0,0,0,0,0,0,0,0,0,0,0,0,0,0,0,0,0,0,0,0,0,0,0,0,0,0,0,0,0,0,0,0,0,0,0,0,0,0,0,0,0,0,0,0,0,0,0,0,0,0,0,0,0,0,0,0,0,0,0,0,0,0,0,0,0
29,570,0098,609802,0000,000000,KARNATAKA,Chikmagalur,VILLAGE,Eswarahalli,Rural,696,2999,1511,1488,329,170,159,923,465,458,0,0,0,1749,1009,740,1250,502,748,1654,941,713,1342,881,461,670,449,221,471,276,195,5,4,1,196,152,44,312,60,252,28,10,18,234,36,198,11,6,5,39,8,31,178,55,123,26,10,16,115,32,83,11,6,5,26,7,19,134,5,129,2,0,2,119,4,115,0,0,0,13,1,12,1345,570,775
29,570,0098,609803,0000,000000,KARNATAKA,Chikmagalur,VILLAGE,Belawadi,Rural,622,2286,1147,1139,162,85,77,208,103,105,1,0,1,1578,867,711,708,280,428,1363,758,605,1128,658,470,515,348,167,411,178,233,14,11,3,188,121,67,235,100,135,22,13,9,149,53,96,4,2,2,60,32,28,214,89,125,22,13,9,133,45,88,4,2,2,55,29,26,21,11,10,0,0,0,16,8,8,0,0,0,5,3,2,923,389,534
29,570,0098,609804,0000,000000,KARNATAKA,Chikmagalur,VILLAGE,Kallahalli,Rural,16,72,33,39,3,1,2,0,0,0,0,0,0,42,19,23,30,14,16,31,24,7,31,24,7,24,22,2,7,2,5,0,0,0,0,0,0,0,0,0,0,0,0,0,0,0,0,0,0,0,0,0,0,0,0,0,0,0,0,0,0,0,0,0,0,0,0,0,0,0,0,0,0,0,0,0,0,0,0,0,0,0,41,9,32
29,570,0098,609805,0000,000000,KARNATAKA,Chikmagalur,VILLAGE,Kurubarahalli,Rural,179,790,386,404,78,38,40,0,0,0,8,3,5,580,303,277,210,83,127,322,240,82,262,235,27,222,208,14,33,20,13,0,0,0,7,7,0,60,5,55,3,0,3,56,5,51,0,0,0,1,0,1,60,5,55,3,0,3,56,5,51,0,0,0,1,0,1,0,0,0,0,0,0,0,0,0,0,0,0,0,0,0,468,146,322
29,570,0098,609806,0000,000000,KARNATAKA,Chikmagalur,VILLAGE,Shankaranahalli,Rural,19,63,31,32,2,1,1,0,0,0,0,0,0,36,18,18,27,13,14,36,20,16,36,20,16,31,18,13,3,1,2,0,0,0,2,1,1,0,0,0,0,0,0,0,0,0,0,0,0,0,0,0,0,0,0,0,0,0,0,0,0,0,0,0,0,0,0,0,0,0,0,0,0,0,0,0,0,0,0,0,0,0,27,11,16
29,570,0098,609807,0000,000000,KARNATAKA,Chikmagalur,VILLAGE,Subramanyadahalli,Rural,0,0,0,0,0,0,0,0,0,0,0,0,0,0,0,0,0,0,0,0,0,0,0,0,0,0,0,0,0,0,0,0,0,0,0,0,0,0,0,0,0,0,0,0,0,0,0,0,0,0,0,0,0,0,0,0,0,0,0,0,0,0,0,0,0,0,0,0,0,0,0,0,0,0,0,0,0,0,0,0,0,0,0,0,0
29,570,0098,609808,0000,000000,KARNATAKA,Chikmagalur,VILLAGE,Narasipura,Rural,202,913,458,455,77,37,40,52,27,25,1,0,1,681,379,302,232,79,153,598,317,281,342,249,93,187,178,9,102,31,71,1,1,0,52,39,13,256,68,188,16,11,5,216,41,175,1,1,0,23,15,8,252,64,188,15,10,5,216,41,175,1,1,0,20,12,8,4,4,0,1,1,0,0,0,0,0,0,0,3,3,0,315,141,174
29,570,0098,609809,0000,000000,KARNATAKA,Chikmagalur,VILLAGE,Vaddarahalli,Rural,141,489,240,249,50,28,22,9,4,5,0,0,0,375,203,172,114,37,77,334,165,169,195,139,56,178,131,47,14,5,9,0,0,0,3,3,0,139,26,113,129,21,108,5,1,4,0,0,0,5,4,1,124,21,103,116,18,98,5,1,4,0,0,0,3,2,1,15,5,10,13,3,10,0,0,0,0,0,0,2,2,0,155,75,80
29,570,0098,609810,0000,000000,KARNATAKA,Chikmagalur,VILLAGE,Govindapura,Rural,73,339,180,159,36,27,9,1,0,1,0,0,0,249,141,108,90,39,51,210,109,101,151,99,52,101,81,20,46,14,32,1,1,0,3,3,0,59,10,49,11,6,5,44,2,42,0,0,0,4,2,2,58,10,48,11,6,5,44,2,42,0,0,0,3,2,1,1,0,1,0,0,0,0,0,0,0,0,0,1,0,1,129,71,58
29,570,0098,609811,0000,000000,KARNATAKA,Chikmagalur,VILLAGE,Kottigenahalli,Rural,77,321,153,168,31,21,10,1,1,0,0,0,0,183,95,88,138,58,80,146,75,71,143,75,68,100,54,46,14,3,11,0,0,0,29,18,11,3,0,3,0,0,0,1,0,1,0,0,0,2,0,2,3,0,3,0,0,0,1,0,1,0,0,0,2,0,2,0,0,0,0,0,0,0,0,0,0,0,0,0,0,0,175,78,97
29,570,0098,609812,0000,000000,KARNATAKA,Chikmagalur,VILLAGE,Kurubara Boodi Halu ,Rural,509,2028,1029,999,149,71,78,13,7,6,2,1,1,1542,874,668,486,155,331,866,682,184,790,639,151,420,362,58,134,64,70,5,4,1,231,209,22,76,43,33,10,5,5,27,8,19,2,0,2,37,30,7,69,38,31,10,5,5,27,8,19,0,0,0,32,25,7,7,5,2,0,0,0,0,0,0,2,0,2,5,5,0,1162,347,815
29,570,0098,609813,0000,000000,KARNATAKA,Chikmagalur,VILLAGE,Thalihalla,Rural,234,921,448,473,75,47,28,468,214,254,0,0,0,631,323,308,290,125,165,494,299,195,486,295,191,14,6,8,0,0,0,0,0,0,472,289,183,8,4,4,2,0,2,0,0,0,0,0,0,6,4,2,4,0,4,2,0,2,0,0,0,0,0,0,2,0,2,4,4,0,0,0,0,0,0,0,0,0,0,4,4,0,427,149,278
29,570,0098,609814,0000,000000,KARNATAKA,Chikmagalur,VILLAGE,Jakkanahalli,Rural,178,761,378,383,78,38,40,542,276,266,6,2,4,498,273,225,263,105,158,431,243,188,431,243,188,33,22,11,37,21,16,2,2,0,359,198,161,0,0,0,0,0,0,0,0,0,0,0,0,0,0,0,0,0,0,0,0,0,0,0,0,0,0,0,0,0,0,0,0,0,0,0,0,0,0,0,0,0,0,0,0,0,330,135,195
29,570,0098,609815,0000,000000,KARNATAKA,Chikmagalur,VILLAGE,Channagondanahalli,Rural,320,1219,560,659,115,51,64,811,366,445,31,12,19,842,434,408,377,126,251,775,409,366,752,397,355,6,4,2,4,2,2,0,0,0,742,391,351,23,12,11,3,1,2,0,0,0,0,0,0,20,11,9,23,12,11,3,1,2,0,0,0,0,0,0,20,11,9,0,0,0,0,0,0,0,0,0,0,0,0,0,0,0,444,151,293
29,570,0098,609816,0000,000000,KARNATAKA,Chikmagalur,VILLAGE,Joladalu,Rural,385,1512,722,790,163,70,93,585,273,312,12,5,7,954,502,452,558,220,338,794,465,329,786,459,327,80,67,13,0,0,0,1,0,1,705,392,313,8,6,2,2,0,2,0,0,0,0,0,0,6,6,0,7,5,2,2,0,2,0,0,0,0,0,0,5,5,0,1,1,0,0,0,0,0,0,0,0,0,0,1,1,0,718,257,461
29,570,0098,609817,0000,000000,KARNATAKA,Chikmagalur,VILLAGE,Ilehole,Rural,91,348,167,181,21,7,14,155,73,82,0,0,0,250,133,117,98,34,64,190,118,72,188,117,71,9,4,5,0,0,0,2,2,0,177,111,66,2,1,1,1,1,0,0,0,0,0,0,0,1,0,1,2,1,1,1,1,0,0,0,0,0,0,0,1,0,1,0,0,0,0,0,0,0,0,0,0,0,0,0,0,0,158,49,109
29,570,0098,609818,0000,000000,KARNATAKA,Chikmagalur,VILLAGE,Basagodu,Rural,194,720,333,387,83,41,42,555,252,303,8,4,4,443,237,206,277,96,181,429,213,216,427,212,215,6,4,2,0,0,0,0,0,0,421,208,213,2,1,1,1,1,0,0,0,0,0,0,0,1,0,1,0,0,0,0,0,0,0,0,0,0,0,0,0,0,0,2,1,1,1,1,0,0,0,0,0,0,0,1,0,1,291,120,171
29,570,0098,609819,0000,000000,KARNATAKA,Chikmagalur,VILLAGE,Hedadalu,Rural,223,863,434,429,57,31,26,341,165,176,3,1,2,636,348,288,227,86,141,427,311,116,394,283,111,54,44,10,31,22,9,2,2,0,307,215,92,33,28,5,1,1,0,10,9,1,0,0,0,22,18,4,30,25,5,1,1,0,9,8,1,0,0,0,20,16,4,3,3,0,0,0,0,1,1,0,0,0,0,2,2,0,436,123,313
29,570,0098,609820,0000,000000,KARNATAKA,Chikmagalur,VILLAGE,Hancharavalli,Rural,137,548,260,288,59,29,30,399,190,209,4,1,3,334,181,153,214,79,135,331,180,151,328,180,148,2,2,0,1,0,1,0,0,0,325,178,147,3,0,3,0,0,0,0,0,0,0,0,0,3,0,3,3,0,3,0,0,0,0,0,0,0,0,0,3,0,3,0,0,0,0,0,0,0,0,0,0,0,0,0,0,0,217,80,137
29,570,0098,609821,0000,000000,KARNATAKA,Chikmagalur,VILLAGE,Mylimane,Rural,500,2137,1093,1044,202,95,107,812,410,402,35,22,13,1615,884,731,522,209,313,1039,683,356,1032,677,355,39,23,16,31,28,3,2,2,0,960,624,336,7,6,1,0,0,0,0,0,0,0,0,0,7,6,1,7,6,1,0,0,0,0,0,0,0,0,0,7,6,1,0,0,0,0,0,0,0,0,0,0,0,0,0,0,0,1098,410,688
29,570,0098,609822,0000,000000,KARNATAKA,Chikmagalur,VILLAGE,Mylimane Estate,Rural,34,109,52,57,8,4,4,53,26,27,5,2,3,74,41,33,35,11,24,60,33,27,60,33,27,0,0,0,0,0,0,0,0,0,60,33,27,0,0,0,0,0,0,0,0,0,0,0,0,0,0,0,0,0,0,0,0,0,0,0,0,0,0,0,0,0,0,0,0,0,0,0,0,0,0,0,0,0,0,0,0,0,49,19,30
29,570,0098,609823,0000,000000,KARNATAKA,Chikmagalur,VILLAGE,Anoor,Rural,410,1670,857,813,154,79,75,861,455,406,72,37,35,1253,698,555,417,159,258,840,534,306,824,522,302,34,22,12,1,1,0,0,0,0,789,499,290,16,12,4,0,0,0,0,0,0,0,0,0,16,12,4,10,7,3,0,0,0,0,0,0,0,0,0,10,7,3,6,5,1,0,0,0,0,0,0,0,0,0,6,5,1,830,323,507
29,570,0098,609824,0000,000000,KARNATAKA,Chikmagalur,VILLAGE,Koduvalli,Rural,91,363,191,172,24,16,8,84,41,43,8,5,3,308,163,145,55,28,27,169,121,48,101,90,11,3,2,1,2,2,0,0,0,0,96,86,10,68,31,37,5,1,4,6,6,0,0,0,0,57,24,33,67,30,37,5,1,4,5,5,0,0,0,0,57,24,33,1,1,0,0,0,0,1,1,0,0,0,0,0,0,0,194,70,124
29,570,0098,609825,0000,000000,KARNATAKA,Chikmagalur,VILLAGE,Kotevooru,Rural,111,469,219,250,37,20,17,263,123,140,0,0,0,323,162,161,146,57,89,236,147,89,232,147,85,7,7,0,11,5,6,0,0,0,214,135,79,4,0,4,0,0,0,0,0,0,0,0,0,4,0,4,4,0,4,0,0,0,0,0,0,0,0,0,4,0,4,0,0,0,0,0,0,0,0,0,0,0,0,0,0,0,233,72,161
29,570,0098,609826,0000,000000,KARNATAKA,Chikmagalur,VILLAGE,Thoranamavu,Rural,105,414,200,214,45,24,21,124,64,60,89,38,51,305,150,155,109,50,59,239,133,106,239,133,106,8,4,4,0,0,0,0,0,0,231,129,102,0,0,0,0,0,0,0,0,0,0,0,0,0,0,0,0,0,0,0,0,0,0,0,0,0,0,0,0,0,0,0,0,0,0,0,0,0,0,0,0,0,0,0,0,0,175,67,108
29,570,0098,609827,0000,000000,KARNATAKA,Chikmagalur,VILLAGE,Gowthameshwara,Rural,13,41,21,20,2,0,2,17,9,8,0,0,0,35,19,16,6,2,4,27,16,11,27,16,11,0,0,0,0,0,0,0,0,0,27,16,11,0,0,0,0,0,0,0,0,0,0,0,0,0,0,0,0,0,0,0,0,0,0,0,0,0,0,0,0,0,0,0,0,0,0,0,0,0,0,0,0,0,0,0,0,0,14,5,9
29,570,0098,609828,0000,000000,KARNATAKA,Chikmagalur,VILLAGE,Guddenahalli,Rural,8,33,17,16,3,0,3,19,9,10,0,0,0,25,15,10,8,2,6,21,13,8,21,13,8,1,1,0,0,0,0,0,0,0,20,12,8,0,0,0,0,0,0,0,0,0,0,0,0,0,0,0,0,0,0,0,0,0,0,0,0,0,0,0,0,0,0,0,0,0,0,0,0,0,0,0,0,0,0,0,0,0,12,4,8
29,570,0098,609829,0000,000000,KARNATAKA,Chikmagalur,VILLAGE,Vasthare,Rural,454,1763,883,880,147,74,73,370,172,198,180,91,89,1308,717,591,455,166,289,861,557,304,801,516,285,106,91,15,53,28,25,0,0,0,642,397,245,60,41,19,4,3,1,4,2,2,2,0,2,50,36,14,57,39,18,4,3,1,4,2,2,1,0,1,48,34,14,3,2,1,0,0,0,0,0,0,1,0,1,2,2,0,902,326,576
29,570,0098,609830,0000,000000,KARNATAKA,Chikmagalur,VILLAGE,Aladagudde,Rural,30,108,52,56,8,5,3,0,0,0,0,0,0,73,37,36,35,15,20,46,34,12,46,34,12,17,17,0,0,0,0,0,0,0,29,17,12,0,0,0,0,0,0,0,0,0,0,0,0,0,0,0,0,0,0,0,0,0,0,0,0,0,0,0,0,0,0,0,0,0,0,0,0,0,0,0,0,0,0,0,0,0,62,18,44
29,570,0098,609831,0000,000000,KARNATAKA,Chikmagalur,VILLAGE,Nandikere,Rural,40,194,84,110,23,11,12,148,64,84,0,0,0,114,48,66,80,36,44,104,55,49,77,42,35,7,4,3,2,1,1,1,1,0,67,36,31,27,13,14,4,2,2,2,0,2,0,0,0,21,11,10,25,11,14,4,2,2,2,0,2,0,0,0,19,9,10,2,2,0,0,0,0,0,0,0,0,0,0,2,2,0,90,29,61
29,570,0098,609832,0000,000000,KARNATAKA,Chikmagalur,VILLAGE,Huluvale,Rural,34,128,71,57,12,7,5,79,46,33,0,0,0,87,53,34,41,18,23,54,35,19,54,35,19,11,10,1,41,25,16,0,0,0,2,0,2,0,0,0,0,0,0,0,0,0,0,0,0,0,0,0,0,0,0,0,0,0,0,0,0,0,0,0,0,0,0,0,0,0,0,0,0,0,0,0,0,0,0,0,0,0,74,36,38
29,570,0098,609833,0000,000000,KARNATAKA,Chikmagalur,VILLAGE,Mahaji,Rural,14,74,32,42,10,2,8,4,2,2,0,0,0,54,28,26,20,4,16,30,21,9,28,21,7,11,11,0,4,3,1,1,0,1,12,7,5,2,0,2,1,0,1,0,0,0,1,0,1,0,0,0,0,0,0,0,0,0,0,0,0,0,0,0,0,0,0,2,0,2,1,0,1,0,0,0,1,0,1,0,0,0,44,11,33
29,570,0098,609834,0000,000000,KARNATAKA,Chikmagalur,VILLAGE,Kuduvalli ,Rural,230,910,448,462,77,32,45,505,241,264,4,1,3,706,385,321,204,63,141,530,297,233,465,274,191,67,51,16,11,7,4,1,1,0,386,215,171,65,23,42,1,1,0,4,0,4,10,0,10,50,22,28,51,20,31,1,1,0,0,0,0,6,0,6,44,19,25,14,3,11,0,0,0,4,0,4,4,0,4,6,3,3,380,151,229
29,570,0098,609835,0000,000000,KARNATAKA,Chikmagalur,VILLAGE,Chithavalli,Rural,189,808,384,424,92,50,42,331,150,181,4,3,1,529,263,266,279,121,158,439,252,187,335,226,109,13,11,2,16,8,8,0,0,0,306,207,99,104,26,78,8,0,8,11,3,8,0,0,0,85,23,62,87,19,68,8,0,8,10,2,8,0,0,0,69,17,52,17,7,10,0,0,0,1,1,0,0,0,0,16,6,10,369,132,237
29,570,0098,609836,0000,000000,KARNATAKA,Chikmagalur,VILLAGE,Siravolalu,Rural,40,140,71,69,9,6,3,0,0,0,0,0,0,122,63,59,18,8,10,45,33,12,45,33,12,35,28,7,4,1,3,5,3,2,1,1,0,0,0,0,0,0,0,0,0,0,0,0,0,0,0,0,0,0,0,0,0,0,0,0,0,0,0,0,0,0,0,0,0,0,0,0,0,0,0,0,0,0,0,0,0,0,95,38,57
29,570,0098,609837,0000,000000,KARNATAKA,Chikmagalur,VILLAGE,Thondavalli,Rural,105,392,188,204,37,20,17,175,81,94,0,0,0,312,158,154,80,30,50,162,108,54,162,108,54,60,54,6,90,46,44,6,5,1,6,3,3,0,0,0,0,0,0,0,0,0,0,0,0,0,0,0,0,0,0,0,0,0,0,0,0,0,0,0,0,0,0,0,0,0,0,0,0,0,0,0,0,0,0,0,0,0,230,80,150
29,570,0098,609838,0000,000000,KARNATAKA,Chikmagalur,VILLAGE,Valagarehalli,Rural,106,428,227,201,37,19,18,47,23,24,0,0,0,346,196,150,82,31,51,258,145,113,104,69,35,31,24,7,0,0,0,1,0,1,72,45,27,154,76,78,104,53,51,9,3,6,8,5,3,33,15,18,150,74,76,102,52,50,9,3,6,7,4,3,32,15,17,4,2,2,2,1,1,0,0,0,1,1,0,1,0,1,170,82,88
29,570,0098,609839,0000,000000,KARNATAKA,Chikmagalur,VILLAGE,Arenahalli,Rural,44,186,87,99,14,7,7,0,0,0,0,0,0,165,76,89,21,11,10,104,61,43,56,35,21,24,16,8,0,0,0,2,1,1,30,18,12,48,26,22,34,19,15,7,4,3,1,0,1,6,3,3,47,26,21,33,19,14,7,4,3,1,0,1,6,3,3,1,0,1,1,0,1,0,0,0,0,0,0,0,0,0,82,26,56
29,570,0098,609840,0000,000000,KARNATAKA,Chikmagalur,VILLAGE,Thadagase,Rural,57,219,115,104,22,14,8,166,86,80,0,0,0,134,78,56,85,37,48,119,62,57,117,61,56,64,37,27,0,0,0,0,0,0,53,24,29,2,1,1,0,0,0,0,0,0,0,0,0,2,1,1,2,1,1,0,0,0,0,0,0,0,0,0,2,1,1,0,0,0,0,0,0,0,0,0,0,0,0,0,0,0,100,53,47
29,570,0098,609841,0000,000000,KARNATAKA,Chikmagalur,VILLAGE,Samse,Rural,10,43,22,21,2,1,1,0,0,0,0,0,0,33,16,17,10,6,4,23,15,8,23,15,8,13,8,5,0,0,0,0,0,0,10,7,3,0,0,0,0,0,0,0,0,0,0,0,0,0,0,0,0,0,0,0,0,0,0,0,0,0,0,0,0,0,0,0,0,0,0,0,0,0,0,0,0,0,0,0,0,0,20,7,13
29,570,0098,609842,0000,000000,KARNATAKA,Chikmagalur,VILLAGE,Halasumane,Rural,83,324,161,163,23,8,15,131,65,66,45,22,23,218,122,96,106,39,67,205,114,91,199,114,85,37,25,12,3,1,2,0,0,0,159,88,71,6,0,6,0,0,0,0,0,0,0,0,0,6,0,6,4,0,4,0,0,0,0,0,0,0,0,0,4,0,4,2,0,2,0,0,0,0,0,0,0,0,0,2,0,2,119,47,72
29,570,0098,609843,0000,000000,KARNATAKA,Chikmagalur,VILLAGE,Neradi,Rural,97,379,182,197,35,20,15,37,19,18,113,52,61,237,122,115,142,60,82,236,119,117,236,119,117,100,65,35,76,29,47,0,0,0,60,25,35,0,0,0,0,0,0,0,0,0,0,0,0,0,0,0,0,0,0,0,0,0,0,0,0,0,0,0,0,0,0,0,0,0,0,0,0,0,0,0,0,0,0,0,0,0,143,63,80
29,570,0098,609844,0000,000000,KARNATAKA,Chikmagalur,VILLAGE,Hachadamane,Rural,82,329,164,165,33,17,16,130,63,67,68,33,35,211,116,95,118,48,70,229,119,110,187,99,88,3,3,0,0,0,0,9,6,3,175,90,85,42,20,22,7,3,4,0,0,0,29,12,17,6,5,1,42,20,22,7,3,4,0,0,0,29,12,17,6,5,1,0,0,0,0,0,0,0,0,0,0,0,0,0,0,0,100,45,55
29,570,0098,609845,0000,000000,KARNATAKA,Chikmagalur,VILLAGE,Vajuvalli,Rural,32,104,54,50,2,2,0,26,13,13,6,4,2,81,45,36,23,9,14,82,42,40,53,41,12,0,0,0,1,1,0,0,0,0,52,40,12,29,1,28,0,0,0,0,0,0,27,0,27,2,1,1,29,1,28,0,0,0,0,0,0,27,0,27,2,1,1,0,0,0,0,0,0,0,0,0,0,0,0,0,0,0,22,12,10
29,570,0098,609846,0000,000000,KARNATAKA,Chikmagalur,VILLAGE,Vataganahalli,Rural,49,224,110,114,24,15,9,104,49,55,26,12,14,163,84,79,61,26,35,110,69,41,110,69,41,4,0,4,0,0,0,0,0,0,106,69,37,0,0,0,0,0,0,0,0,0,0,0,0,0,0,0,0,0,0,0,0,0,0,0,0,0,0,0,0,0,0,0,0,0,0,0,0,0,0,0,0,0,0,0,0,0,114,41,73
29,570,0098,609847,0000,000000,KARNATAKA,Chikmagalur,VILLAGE,Kelagani,Rural,112,503,246,257,43,18,25,93,46,47,115,56,59,372,209,163,131,37,94,223,166,57,223,166,57,37,29,8,0,0,0,0,0,0,186,137,49,0,0,0,0,0,0,0,0,0,0,0,0,0,0,0,0,0,0,0,0,0,0,0,0,0,0,0,0,0,0,0,0,0,0,0,0,0,0,0,0,0,0,0,0,0,280,80,200
29,570,0098,609848,0000,000000,KARNATAKA,Chikmagalur,VILLAGE,Basagal,Rural,216,906,426,480,82,41,41,315,155,160,119,52,67,598,328,270,308,98,210,315,243,72,315,243,72,18,14,4,3,2,1,1,0,1,293,227,66,0,0,0,0,0,0,0,0,0,0,0,0,0,0,0,0,0,0,0,0,0,0,0,0,0,0,0,0,0,0,0,0,0,0,0,0,0,0,0,0,0,0,0,0,0,591,183,408
29,570,0098,609849,0000,000000,KARNATAKA,Chikmagalur,VILLAGE,Kesavinahaklu,Rural,45,151,73,78,18,9,9,57,24,33,13,6,7,91,47,44,60,26,34,82,49,33,82,49,33,0,0,0,0,0,0,0,0,0,82,49,33,0,0,0,0,0,0,0,0,0,0,0,0,0,0,0,0,0,0,0,0,0,0,0,0,0,0,0,0,0,0,0,0,0,0,0,0,0,0,0,0,0,0,0,0,0,69,24,45
29,570,0098,609850,0000,000000,KARNATAKA,Chikmagalur,VILLAGE,Doddamagaravalli,Rural,405,1579,771,808,179,89,90,752,360,392,143,74,69,962,507,455,617,264,353,951,503,448,758,457,301,84,72,12,34,20,14,7,6,1,633,359,274,193,46,147,17,13,4,75,14,61,31,0,31,70,19,51,186,44,142,16,12,4,70,13,57,31,0,31,69,19,50,7,2,5,1,1,0,5,1,4,0,0,0,1,0,1,628,268,360
29,570,0098,609851,0000,000000,KARNATAKA,Chikmagalur,VILLAGE,Haliyur,Rural,121,506,254,252,45,23,22,194,97,97,7,4,3,457,228,229,49,26,23,253,168,85,209,143,66,8,6,2,0,0,0,1,1,0,200,136,64,44,25,19,0,0,0,0,0,0,0,0,0,44,25,19,44,25,19,0,0,0,0,0,0,0,0,0,44,25,19,0,0,0,0,0,0,0,0,0,0,0,0,0,0,0,253,86,167
29,570,0098,609852,0000,000000,KARNATAKA,Chikmagalur,VILLAGE,Chikkamagaravalli,Rural,793,3257,1643,1614,329,178,151,631,300,331,58,30,28,2277,1216,1061,980,427,553,1659,1017,642,1448,908,540,68,56,12,39,26,13,10,6,4,1331,820,511,211,109,102,19,16,3,60,19,41,16,10,6,116,64,52,174,93,81,16,14,2,51,16,35,13,8,5,94,55,39,37,16,21,3,2,1,9,3,6,3,2,1,22,9,13,1598,626,972
29,570,0098,609853,0000,000000,KARNATAKA,Chikmagalur,VILLAGE,Bannur,Rural,108,441,214,227,23,8,15,73,35,38,43,19,24,301,162,139,140,52,88,263,139,124,257,137,120,1,0,1,0,0,0,4,2,2,252,135,117,6,2,4,0,0,0,0,0,0,0,0,0,6,2,4,5,2,3,0,0,0,0,0,0,0,0,0,5,2,3,1,0,1,0,0,0,0,0,0,0,0,0,1,0,1,178,75,103
29,570,0098,609854,0000,000000,KARNATAKA,Chikmagalur,VILLAGE,Donagudige,Rural,205,922,460,462,97,49,48,674,324,350,19,11,8,573,331,242,349,129,220,578,296,282,571,293,278,3,2,1,0,0,0,2,2,0,566,289,277,7,3,4,0,0,0,0,0,0,0,0,0,7,3,4,7,3,4,0,0,0,0,0,0,0,0,0,7,3,4,0,0,0,0,0,0,0,0,0,0,0,0,0,0,0,344,164,180
29,570,0098,609855,0000,000000,KARNATAKA,Chikmagalur,VILLAGE,Hawalli,Rural,774,3283,1647,1636,312,160,152,868,419,449,33,18,15,2345,1270,1075,938,377,561,1670,1000,670,1560,940,620,78,59,19,12,6,6,31,28,3,1439,847,592,110,60,50,6,0,6,0,0,0,1,1,0,103,59,44,87,49,38,4,0,4,0,0,0,0,0,0,83,49,34,23,11,12,2,0,2,0,0,0,1,1,0,20,10,10,1613,647,966
29,570,0098,609856,0000,000000,KARNATAKA,Chikmagalur,VILLAGE,Aldur,Rural,840,3617,1770,1847,336,165,171,1227,569,658,322,161,161,2577,1365,1212,1040,405,635,1830,1097,733,1643,989,654,117,87,30,28,15,13,18,13,5,1480,874,606,187,108,79,11,9,2,8,4,4,19,10,9,149,85,64,160,88,72,11,9,2,7,3,4,19,10,9,123,66,57,27,20,7,0,0,0,1,1,0,0,0,0,26,19,7,1787,673,1114
29,570,0098,609857,0000,000000,KARNATAKA,Chikmagalur,VILLAGE,Kelagoor,Rural,456,1877,891,986,192,90,102,721,341,380,119,40,79,1313,679,634,564,212,352,849,563,286,841,556,285,22,14,8,25,25,0,2,2,0,792,515,277,8,7,1,1,1,0,0,0,0,1,1,0,6,5,1,7,7,0,1,1,0,0,0,0,1,1,0,5,5,0,1,0,1,0,0,0,0,0,0,0,0,0,1,0,1,1028,328,700
29,570,0098,609858,0000,000000,KARNATAKA,Chikmagalur,VILLAGE,Yelagudige,Rural,240,996,483,513,103,48,55,680,316,364,10,4,6,665,357,308,331,126,205,570,318,252,566,316,250,21,15,6,1,0,1,6,3,3,538,298,240,4,2,2,0,0,0,0,0,0,1,0,1,3,2,1,3,1,2,0,0,0,0,0,0,1,0,1,2,1,1,1,1,0,0,0,0,0,0,0,0,0,0,1,1,0,426,165,261
29,570,0098,609859,0000,000000,KARNATAKA,Chikmagalur,VILLAGE,Sathihalli,Rural,357,1472,696,776,114,41,73,869,398,471,6,3,3,1160,601,559,312,95,217,886,494,392,879,491,388,52,36,16,3,2,1,0,0,0,824,453,371,7,3,4,1,1,0,0,0,0,2,0,2,4,2,2,7,3,4,1,1,0,0,0,0,2,0,2,4,2,2,0,0,0,0,0,0,0,0,0,0,0,0,0,0,0,586,202,384
29,570,0098,609860,0000,000000,KARNATAKA,Chikmagalur,VILLAGE,Machagondanahalli,Rural,807,3612,1791,1821,454,228,226,712,357,355,452,223,229,2495,1329,1166,1117,462,655,1741,1119,622,1607,1083,524,117,92,25,6,3,3,7,7,0,1477,981,496,134,36,98,8,2,6,0,0,0,4,1,3,122,33,89,109,32,77,7,2,5,0,0,0,3,1,2,99,29,70,25,4,21,1,0,1,0,0,0,1,0,1,23,4,19,1871,672,1199
29,570,0098,609861,0000,000000,KARNATAKA,Chikmagalur,VILLAGE,Balehalli,Rural,182,816,396,420,70,35,35,408,200,208,242,114,128,513,277,236,303,119,184,466,246,220,456,239,217,4,3,1,0,0,0,0,0,0,452,236,216,10,7,3,1,1,0,0,0,0,0,0,0,9,6,3,4,3,1,1,1,0,0,0,0,0,0,0,3,2,1,6,4,2,0,0,0,0,0,0,0,0,0,6,4,2,350,150,200
29,570,0098,609862,0000,000000,KARNATAKA,Chikmagalur,VILLAGE,Handi,Rural,302,1365,681,684,96,53,43,527,238,289,319,180,139,919,510,409,446,171,275,812,411,401,790,396,394,40,27,13,6,5,1,9,5,4,735,359,376,22,15,7,0,0,0,0,0,0,3,0,3,19,15,4,20,14,6,0,0,0,0,0,0,2,0,2,18,14,4,2,1,1,0,0,0,0,0,0,1,0,1,1,1,0,553,270,283
29,570,0098,609863,0000,000000,KARNATAKA,Chikmagalur,VILLAGE,Kesavinamane,Rural,87,338,165,173,21,12,9,76,34,42,1,0,1,259,135,124,79,30,49,212,108,104,197,102,95,122,67,55,34,12,22,17,9,8,24,14,10,15,6,9,5,4,1,2,0,2,0,0,0,8,2,6,14,6,8,4,4,0,2,0,2,0,0,0,8,2,6,1,0,1,1,0,1,0,0,0,0,0,0,0,0,0,126,57,69
29,570,0098,609864,0000,000000,KARNATAKA,Chikmagalur,VILLAGE,Kadrimidri,Rural,172,694,327,367,81,34,47,200,104,96,12,3,9,472,246,226,222,81,141,337,196,141,307,183,124,87,53,34,22,9,13,7,6,1,191,115,76,30,13,17,5,2,3,6,3,3,4,2,2,15,6,9,17,9,8,4,1,3,4,2,2,2,1,1,7,5,2,13,4,9,1,1,0,2,1,1,2,1,1,8,1,7,357,131,226
29,570,0098,609865,0000,000000,KARNATAKA,Chikmagalur,VILLAGE,Amble,Rural,865,3829,1943,1886,422,216,206,1190,595,595,1,1,0,2350,1334,1016,1479,609,870,2019,1265,754,1618,1035,583,320,295,25,477,237,240,58,38,20,763,465,298,401,230,171,54,48,6,81,34,47,12,7,5,254,141,113,367,213,154,53,47,6,77,33,44,11,6,5,226,127,99,34,17,17,1,1,0,4,1,3,1,1,0,28,14,14,1810,678,1132
29,570,0098,609866,0000,000000,KARNATAKA,Chikmagalur,VILLAGE,Mugulavalli,Rural,535,2207,1150,1057,185,100,85,691,351,340,19,9,10,1664,930,734,543,220,323,1221,759,462,1162,728,434,597,414,183,281,139,142,4,4,0,280,171,109,59,31,28,23,14,9,13,7,6,0,0,0,23,10,13,55,29,26,23,14,9,13,7,6,0,0,0,19,8,11,4,2,2,0,0,0,0,0,0,0,0,0,4,2,2,986,391,595
29,570,0098,609867,0000,000000,KARNATAKA,Chikmagalur,VILLAGE,Aradavalli,Rural,521,2153,1090,1063,238,124,114,199,107,92,1,0,1,1241,705,536,912,385,527,1177,664,513,1118,630,488,303,248,55,128,21,107,1,0,1,686,361,325,59,34,25,2,1,1,3,1,2,0,0,0,54,32,22,59,34,25,2,1,1,3,1,2,0,0,0,54,32,22,0,0,0,0,0,0,0,0,0,0,0,0,0,0,0,976,426,550
29,570,0098,609868,0000,000000,KARNATAKA,Chikmagalur,VILLAGE,Ramanahalli,Rural,119,526,264,262,44,21,23,2,1,1,0,0,0,328,183,145,198,81,117,291,187,104,260,177,83,67,56,11,9,3,6,2,2,0,182,116,66,31,10,21,4,3,1,19,3,16,0,0,0,8,4,4,29,9,20,4,3,1,18,2,16,0,0,0,7,4,3,2,1,1,0,0,0,1,1,0,0,0,0,1,0,1,235,77,158
29,570,0098,609869,0000,000000,KARNATAKA,Chikmagalur,VILLAGE,Hoskote,Rural,180,780,406,374,81,40,41,159,81,78,4,2,2,590,335,255,190,71,119,457,274,183,457,274,183,116,113,3,256,94,162,0,0,0,85,67,18,0,0,0,0,0,0,0,0,0,0,0,0,0,0,0,0,0,0,0,0,0,0,0,0,0,0,0,0,0,0,0,0,0,0,0,0,0,0,0,0,0,0,0,0,0,323,132,191
29,570,0098,609870,0000,000000,KARNATAKA,Chikmagalur,VILLAGE,Marle,Rural,646,2747,1357,1390,266,137,129,634,301,333,0,0,0,1760,982,778,987,375,612,1378,836,542,1314,821,493,405,316,89,99,21,78,25,25,0,785,459,326,64,15,49,27,3,24,13,3,10,1,1,0,23,8,15,60,15,45,26,3,23,13,3,10,1,1,0,20,8,12,4,0,4,1,0,1,0,0,0,0,0,0,3,0,3,1369,521,848
29,570,0098,609871,0000,000000,KARNATAKA,Chikmagalur,VILLAGE,Magadi,Rural,324,1335,669,666,94,52,42,831,407,424,1,1,0,869,470,399,466,199,267,680,422,258,635,396,239,400,263,137,101,51,50,0,0,0,134,82,52,45,26,19,5,2,3,26,11,15,3,3,0,11,10,1,44,25,19,5,2,3,26,11,15,3,3,0,10,9,1,1,1,0,0,0,0,0,0,0,0,0,0,1,1,0,655,247,408
29,570,0098,609872,0000,000000,KARNATAKA,Chikmagalur,VILLAGE,Hejjiganahalli,Rural,51,206,105,101,17,9,8,78,38,40,0,0,0,122,69,53,84,36,48,139,70,69,114,59,55,41,37,4,47,12,35,16,2,14,10,8,2,25,11,14,6,5,1,10,5,5,6,0,6,3,1,2,25,11,14,6,5,1,10,5,5,6,0,6,3,1,2,0,0,0,0,0,0,0,0,0,0,0,0,0,0,0,67,35,32
29,570,0098,609873,0000,000000,KARNATAKA,Chikmagalur,VILLAGE,Biggadevanahalli,Rural,56,240,118,122,25,16,9,44,18,26,0,0,0,207,101,106,33,17,16,132,67,65,112,66,46,71,46,25,15,5,10,0,0,0,26,15,11,20,1,19,15,0,15,0,0,0,0,0,0,5,1,4,20,1,19,15,0,15,0,0,0,0,0,0,5,1,4,0,0,0,0,0,0,0,0,0,0,0,0,0,0,0,108,51,57
29,570,0098,609874,0000,000000,KARNATAKA,Chikmagalur,VILLAGE,Malalur,Rural,349,1633,795,838,111,58,53,526,252,274,8,1,7,1124,598,526,509,197,312,873,466,407,857,456,401,323,234,89,447,165,282,2,2,0,85,55,30,16,10,6,3,0,3,9,6,3,0,0,0,4,4,0,15,9,6,3,0,3,9,6,3,0,0,0,3,3,0,1,1,0,0,0,0,0,0,0,0,0,0,1,1,0,760,329,431
29,570,0098,609875,0000,000000,KARNATAKA,Chikmagalur,VILLAGE,Bikkemane,Rural,43,189,97,92,12,7,5,65,35,30,0,0,0,157,84,73,32,13,19,125,66,59,124,66,58,55,30,25,63,32,31,0,0,0,6,4,2,1,0,1,1,0,1,0,0,0,0,0,0,0,0,0,1,0,1,1,0,1,0,0,0,0,0,0,0,0,0,0,0,0,0,0,0,0,0,0,0,0,0,0,0,0,64,31,33
29,570,0098,609876,0000,000000,KARNATAKA,Chikmagalur,VILLAGE,Kenchenahalli,Rural,54,203,91,112,16,7,9,83,37,46,4,1,3,151,72,79,52,19,33,137,64,73,137,64,73,63,35,28,70,27,43,0,0,0,4,2,2,0,0,0,0,0,0,0,0,0,0,0,0,0,0,0,0,0,0,0,0,0,0,0,0,0,0,0,0,0,0,0,0,0,0,0,0,0,0,0,0,0,0,0,0,0,66,27,39
29,570,0098,609877,0000,000000,KARNATAKA,Chikmagalur,VILLAGE,Billenahalli,Rural,26,104,56,48,11,8,3,23,12,11,0,0,0,76,42,34,28,14,14,62,34,28,62,34,28,35,22,13,22,8,14,0,0,0,5,4,1,0,0,0,0,0,0,0,0,0,0,0,0,0,0,0,0,0,0,0,0,0,0,0,0,0,0,0,0,0,0,0,0,0,0,0,0,0,0,0,0,0,0,0,0,0,42,22,20
29,570,0098,609878,0000,000000,KARNATAKA,Chikmagalur,VILLAGE,Thiruguna,Rural,98,368,189,179,19,13,6,100,52,48,0,0,0,275,158,117,93,31,62,236,128,108,208,127,81,70,56,14,117,57,60,0,0,0,21,14,7,28,1,27,3,0,3,24,0,24,0,0,0,1,1,0,22,1,21,1,0,1,20,0,20,0,0,0,1,1,0,6,0,6,2,0,2,4,0,4,0,0,0,0,0,0,132,61,71
29,570,0098,609879,0000,000000,KARNATAKA,Chikmagalur,VILLAGE,Boodanike,Rural,54,243,121,122,25,13,12,232,116,116,0,0,0,125,69,56,118,52,66,152,76,76,141,72,69,4,4,0,131,62,69,0,0,0,6,6,0,11,4,7,0,0,0,11,4,7,0,0,0,0,0,0,10,4,6,0,0,0,10,4,6,0,0,0,0,0,0,1,0,1,0,0,0,1,0,1,0,0,0,0,0,0,91,45,46
29,570,0098,609880,0000,000000,KARNATAKA,Chikmagalur,VILLAGE,Kundur,Rural,139,538,270,268,27,15,12,74,29,45,5,1,4,419,227,192,119,43,76,375,194,181,370,194,176,286,151,135,64,26,38,0,0,0,20,17,3,5,0,5,4,0,4,0,0,0,0,0,0,1,0,1,5,0,5,4,0,4,0,0,0,0,0,0,1,0,1,0,0,0,0,0,0,0,0,0,0,0,0,0,0,0,163,76,87
29,570,0098,609881,0000,000000,KARNATAKA,Chikmagalur,VILLAGE,Tagadoor,Rural,17,68,36,32,4,1,3,21,10,11,0,0,0,54,29,25,14,7,7,39,21,18,39,21,18,26,15,11,13,6,7,0,0,0,0,0,0,0,0,0,0,0,0,0,0,0,0,0,0,0,0,0,0,0,0,0,0,0,0,0,0,0,0,0,0,0,0,0,0,0,0,0,0,0,0,0,0,0,0,0,0,0,29,15,14
29,570,0098,609882,0000,000000,KARNATAKA,Chikmagalur,VILLAGE,Kambihalli,Rural,68,296,140,156,16,7,9,139,65,74,0,0,0,224,106,118,72,34,38,188,96,92,141,92,49,78,58,20,41,21,20,0,0,0,22,13,9,47,4,43,34,1,33,11,2,9,0,0,0,2,1,1,46,3,43,34,1,33,10,1,9,0,0,0,2,1,1,1,1,0,0,0,0,1,1,0,0,0,0,0,0,0,108,44,64
29,570,0098,609883,0000,000000,KARNATAKA,Chikmagalur,VILLAGE,Hadihalli,Rural,152,531,253,278,34,14,20,105,47,58,9,4,5,427,222,205,104,31,73,288,183,105,261,177,84,139,120,19,57,21,36,0,0,0,65,36,29,27,6,21,7,3,4,16,1,15,0,0,0,4,2,2,27,6,21,7,3,4,16,1,15,0,0,0,4,2,2,0,0,0,0,0,0,0,0,0,0,0,0,0,0,0,243,70,173
29,570,0098,609884,0000,000000,KARNATAKA,Chikmagalur,VILLAGE,Haluvalli,Rural,86,348,174,174,14,9,5,54,26,28,24,13,11,277,149,128,71,25,46,244,130,114,163,127,36,93,86,7,54,29,25,0,0,0,16,12,4,81,3,78,73,0,73,8,3,5,0,0,0,0,0,0,77,2,75,70,0,70,7,2,5,0,0,0,0,0,0,4,1,3,3,0,3,1,1,0,0,0,0,0,0,0,104,44,60
29,570,0098,609885,0000,000000,KARNATAKA,Chikmagalur,VILLAGE,Bigganahalli,Rural,193,685,346,339,67,33,34,129,68,61,0,0,0,433,251,182,252,95,157,370,228,142,341,205,136,161,102,59,92,38,54,11,7,4,77,58,19,29,23,6,15,15,0,2,2,0,3,1,2,9,5,4,9,6,3,4,4,0,0,0,0,0,0,0,5,2,3,20,17,3,11,11,0,2,2,0,3,1,2,4,3,1,315,118,197
29,570,0098,609886,0000,000000,KARNATAKA,Chikmagalur,VILLAGE,Mavinakere,Rural,50,202,108,94,17,7,10,45,22,23,0,0,0,156,93,63,46,15,31,129,68,61,97,67,30,25,23,2,57,31,26,0,0,0,15,13,2,32,1,31,1,0,1,31,1,30,0,0,0,0,0,0,26,0,26,0,0,0,26,0,26,0,0,0,0,0,0,6,1,5,1,0,1,5,1,4,0,0,0,0,0,0,73,40,33
29,570,0098,609887,0000,000000,KARNATAKA,Chikmagalur,VILLAGE,Mathikere,Rural,87,345,170,175,21,12,9,72,29,43,0,0,0,304,154,150,41,16,25,198,119,79,133,112,21,90,83,7,15,10,5,0,0,0,28,19,9,65,7,58,60,7,53,3,0,3,0,0,0,2,0,2,61,7,54,58,7,51,2,0,2,0,0,0,1,0,1,4,0,4,2,0,2,1,0,1,0,0,0,1,0,1,147,51,96
29,570,0098,609888,0000,000000,KARNATAKA,Chikmagalur,VILLAGE,Banavara,Rural,51,214,100,114,10,2,8,45,21,24,0,0,0,184,92,92,30,8,22,116,70,46,75,60,15,54,47,7,1,1,0,2,2,0,18,10,8,41,10,31,29,8,21,0,0,0,3,0,3,9,2,7,34,10,24,28,8,20,0,0,0,3,0,3,3,2,1,7,0,7,1,0,1,0,0,0,0,0,0,6,0,6,98,30,68
29,570,0098,609889,0000,000000,KARNATAKA,Chikmagalur,VILLAGE,Gangalagodu,Rural,78,262,130,132,13,6,7,37,16,21,0,0,0,222,113,109,40,17,23,166,87,79,114,87,27,80,73,7,21,6,15,0,0,0,13,8,5,52,0,52,52,0,52,0,0,0,0,0,0,0,0,0,51,0,51,51,0,51,0,0,0,0,0,0,0,0,0,1,0,1,1,0,1,0,0,0,0,0,0,0,0,0,96,43,53
29,570,0098,609890,0000,000000,KARNATAKA,Chikmagalur,VILLAGE,Kabbikere,Rural,110,412,198,214,29,12,17,39,21,18,1,0,1,337,177,160,75,21,54,286,149,137,277,146,131,197,127,70,73,15,58,0,0,0,7,4,3,9,3,6,3,2,1,2,0,2,0,0,0,4,1,3,8,2,6,2,1,1,2,0,2,0,0,0,4,1,3,1,1,0,1,1,0,0,0,0,0,0,0,0,0,0,126,49,77
29,570,0098,609891,0000,000000,KARNATAKA,Chikmagalur,VILLAGE,Nagarahalli,Rural,588,2491,1238,1253,272,129,143,514,246,268,15,10,5,1267,703,564,1224,535,689,1213,789,424,1055,699,356,478,400,78,248,71,177,5,4,1,324,224,100,158,90,68,15,13,2,43,4,39,2,2,0,98,71,27,151,86,65,13,11,2,41,4,37,2,2,0,95,69,26,7,4,3,2,2,0,2,0,2,0,0,0,3,2,1,1278,449,829
29,570,0099,000000,0000,000000,KARNATAKA,Chikmagalur,CD BLOCK,Mudigere ,Total,28764,116216,57164,59052,10873,5476,5397,30194,14596,15598,14657,7128,7529,79924,42725,37199,36292,14439,21853,61414,37017,24397,57471,35323,22148,4583,3597,986,5109,2676,2433,399,251,148,47380,28799,18581,3943,1694,2249,272,121,151,1191,521,670,207,83,124,2273,969,1304,3045,1274,1771,223,106,117,874,359,515,139,37,102,1809,772,1037,898,420,478,49,15,34,317,162,155,68,46,22,464,197,267,54802,20147,34655
29,570,0099,000000,0000,000000,KARNATAKA,Chikmagalur,CD BLOCK,Mudigere ,Rural,28764,116216,57164,59052,10873,5476,5397,30194,14596,15598,14657,7128,7529,79924,42725,37199,36292,14439,21853,61414,37017,24397,57471,35323,22148,4583,3597,986,5109,2676,2433,399,251,148,47380,28799,18581,3943,1694,2249,272,121,151,1191,521,670,207,83,124,2273,969,1304,3045,1274,1771,223,106,117,874,359,515,139,37,102,1809,772,1037,898,420,478,49,15,34,317,162,155,68,46,22,464,197,267,54802,20147,34655
29,570,0099,000000,0000,000000,KARNATAKA,Chikmagalur,CD BLOCK,Mudigere ,Urban,0,0,0,0,0,0,0,0,0,0,0,0,0,0,0,0,0,0,0,0,0,0,0,0,0,0,0,0,0,0,0,0,0,0,0,0,0,0,0,0,0,0,0,0,0,0,0,0,0,0,0,0,0,0,0,0,0,0,0,0,0,0,0,0,0,0,0,0,0,0,0,0,0,0,0,0,0,0,0,0,0,0,0,0,0
29,570,0099,609892,0000,000000,KARNATAKA,Chikmagalur,VILLAGE,Samse,Rural,1162,5064,2577,2487,507,255,252,444,215,229,958,478,480,3473,1886,1587,1591,691,900,2500,1546,954,2251,1443,808,282,186,96,238,123,115,21,13,8,1710,1121,589,249,103,146,36,9,27,5,2,3,7,1,6,201,91,110,151,55,96,31,4,27,5,2,3,3,1,2,112,48,64,98,48,50,5,5,0,0,0,0,4,0,4,89,43,46,2564,1031,1533
29,570,0099,609893,0000,000000,KARNATAKA,Chikmagalur,VILLAGE,Kalakodu,Rural,136,650,331,319,70,40,30,49,26,23,212,111,101,463,249,214,187,82,105,392,243,149,391,243,148,165,116,49,195,108,87,0,0,0,31,19,12,1,0,1,0,0,0,1,0,1,0,0,0,0,0,0,1,0,1,0,0,0,1,0,1,0,0,0,0,0,0,0,0,0,0,0,0,0,0,0,0,0,0,0,0,0,258,88,170
29,570,0099,609894,0000,000000,KARNATAKA,Chikmagalur,VILLAGE,Hornadu,Rural,633,2568,1267,1301,252,125,127,293,138,155,886,427,459,1802,954,848,766,313,453,1247,816,431,1189,797,392,111,101,10,53,31,22,8,8,0,1017,657,360,58,19,39,2,2,0,4,2,2,2,2,0,50,13,37,47,17,30,2,2,0,3,2,1,2,2,0,40,11,29,11,2,9,0,0,0,1,0,1,0,0,0,10,2,8,1321,451,870
29,570,0099,609895,0000,000000,KARNATAKA,Chikmagalur,VILLAGE,Thotadur,Rural,247,936,475,461,79,49,30,320,154,166,85,44,41,626,347,279,310,128,182,525,316,209,494,297,197,10,10,0,2,1,1,2,2,0,480,284,196,31,19,12,0,0,0,0,0,0,2,2,0,29,17,12,29,18,11,0,0,0,0,0,0,1,1,0,28,17,11,2,1,1,0,0,0,0,0,0,1,1,0,1,0,1,411,159,252
29,570,0099,609896,0000,000000,KARNATAKA,Chikmagalur,VILLAGE,Thanudi,Rural,365,1484,747,737,178,93,85,490,244,246,358,185,173,881,500,381,603,247,356,892,507,385,864,492,372,57,50,7,275,135,140,3,2,1,529,305,224,28,15,13,1,1,0,20,11,9,0,0,0,7,3,4,19,10,9,1,1,0,14,8,6,0,0,0,4,1,3,9,5,4,0,0,0,6,3,3,0,0,0,3,2,1,592,240,352
29,570,0099,609897,0000,000000,KARNATAKA,Chikmagalur,VILLAGE,Thalagodu,Rural,236,927,480,447,59,29,30,268,134,134,153,80,73,703,390,313,224,90,134,525,351,174,512,347,165,50,49,1,6,4,2,3,1,2,453,293,160,13,4,9,0,0,0,0,0,0,0,0,0,13,4,9,4,0,4,0,0,0,0,0,0,0,0,0,4,0,4,9,4,5,0,0,0,0,0,0,0,0,0,9,4,5,402,129,273
29,570,0099,609898,0000,000000,KARNATAKA,Chikmagalur,VILLAGE,Kalasa,Rural,2647,11198,5553,5645,953,510,443,1893,911,982,1664,818,846,8197,4298,3899,3001,1255,1746,5351,3558,1793,5209,3514,1695,582,503,79,843,479,364,52,32,20,3732,2500,1232,142,44,98,9,0,9,28,8,20,1,0,1,104,36,68,94,39,55,2,0,2,23,8,15,0,0,0,69,31,38,48,5,43,7,0,7,5,0,5,1,0,1,35,5,30,5847,1995,3852
29,570,0099,609899,0000,000000,KARNATAKA,Chikmagalur,VILLAGE,Ambinakodige,Rural,16,82,38,44,6,1,5,26,12,14,9,5,4,57,30,27,25,8,17,41,29,12,41,29,12,9,9,0,0,0,0,0,0,0,32,20,12,0,0,0,0,0,0,0,0,0,0,0,0,0,0,0,0,0,0,0,0,0,0,0,0,0,0,0,0,0,0,0,0,0,0,0,0,0,0,0,0,0,0,0,0,0,41,9,32
29,570,0099,609900,0000,000000,KARNATAKA,Chikmagalur,VILLAGE,Hemmakki,Rural,407,1707,850,857,161,83,78,355,174,181,196,99,97,1179,619,560,528,231,297,776,535,241,768,530,238,33,30,3,2,1,1,0,0,0,733,499,234,8,5,3,0,0,0,0,0,0,0,0,0,8,5,3,6,3,3,0,0,0,0,0,0,0,0,0,6,3,3,2,2,0,0,0,0,0,0,0,0,0,0,2,2,0,931,315,616
29,570,0099,609901,0000,000000,KARNATAKA,Chikmagalur,VILLAGE,K.Kelagur,Rural,213,812,406,406,90,45,45,312,153,159,24,13,11,471,254,217,341,152,189,477,285,192,475,283,192,1,0,1,0,0,0,0,0,0,474,283,191,2,2,0,0,0,0,0,0,0,0,0,0,2,2,0,2,2,0,0,0,0,0,0,0,0,0,0,2,2,0,0,0,0,0,0,0,0,0,0,0,0,0,0,0,0,335,121,214
29,570,0099,609902,0000,000000,KARNATAKA,Chikmagalur,VILLAGE,Marasanige,Rural,642,2679,1314,1365,222,102,120,691,343,348,504,233,271,1818,970,848,861,344,517,1401,852,549,1302,797,505,132,121,11,50,29,21,8,5,3,1112,642,470,99,55,44,3,1,2,22,13,9,2,1,1,72,40,32,92,51,41,3,1,2,22,13,9,2,1,1,65,36,29,7,4,3,0,0,0,0,0,0,0,0,0,7,4,3,1278,462,816
29,570,0099,609903,0000,000000,KARNATAKA,Chikmagalur,VILLAGE,Edur,Rural,144,619,312,307,70,39,31,117,61,56,22,15,7,425,224,201,194,88,106,304,182,122,225,162,63,22,20,2,5,4,1,0,0,0,198,138,60,79,20,59,11,2,9,6,1,5,0,0,0,62,17,45,56,13,43,7,1,6,5,1,4,0,0,0,44,11,33,23,7,16,4,1,3,1,0,1,0,0,0,18,6,12,315,130,185
29,570,0099,609904,0000,000000,KARNATAKA,Chikmagalur,VILLAGE,Idkani,Rural,538,2128,1042,1086,188,87,101,385,185,200,51,27,24,1491,812,679,637,230,407,1162,702,460,1154,697,457,249,166,83,207,117,90,3,2,1,695,412,283,8,5,3,1,0,1,2,2,0,0,0,0,5,3,2,8,5,3,1,0,1,2,2,0,0,0,0,5,3,2,0,0,0,0,0,0,0,0,0,0,0,0,0,0,0,966,340,626
29,570,0099,609905,0000,000000,KARNATAKA,Chikmagalur,VILLAGE,Durgadahalli,Rural,156,563,276,287,50,27,23,124,70,54,33,13,20,373,199,174,190,77,113,373,206,167,372,205,167,18,10,8,1,0,1,0,0,0,353,195,158,1,1,0,0,0,0,0,0,0,0,0,0,1,1,0,1,1,0,0,0,0,0,0,0,0,0,0,1,1,0,0,0,0,0,0,0,0,0,0,0,0,0,0,0,0,190,70,120
29,570,0099,609906,0000,000000,KARNATAKA,Chikmagalur,VILLAGE,Balige,Rural,131,566,294,272,62,35,27,183,97,86,13,6,7,352,199,153,214,95,119,335,199,136,322,195,127,6,3,3,0,0,0,1,1,0,315,191,124,13,4,9,0,0,0,0,0,0,0,0,0,13,4,9,13,4,9,0,0,0,0,0,0,0,0,0,13,4,9,0,0,0,0,0,0,0,0,0,0,0,0,0,0,0,231,95,136
29,570,0099,609907,0000,000000,KARNATAKA,Chikmagalur,VILLAGE,Aramane Thalagur,Rural,140,543,286,257,60,33,27,124,66,58,115,61,54,327,190,137,216,96,120,333,192,141,329,191,138,34,22,12,6,3,3,0,0,0,289,166,123,4,1,3,3,0,3,0,0,0,0,0,0,1,1,0,4,1,3,3,0,3,0,0,0,0,0,0,1,1,0,0,0,0,0,0,0,0,0,0,0,0,0,0,0,0,210,94,116
29,570,0099,609908,0000,000000,KARNATAKA,Chikmagalur,VILLAGE,Bilagali,Rural,118,426,207,219,46,26,20,98,52,46,89,45,44,225,111,114,201,96,105,259,147,112,252,144,108,30,25,5,0,0,0,3,1,2,219,118,101,7,3,4,0,0,0,0,0,0,0,0,0,7,3,4,4,1,3,0,0,0,0,0,0,0,0,0,4,1,3,3,2,1,0,0,0,0,0,0,0,0,0,3,2,1,167,60,107
29,570,0099,609909,0000,000000,KARNATAKA,Chikmagalur,VILLAGE,Kalmane,Rural,133,546,264,282,61,23,38,260,120,140,51,27,24,351,182,169,195,82,113,311,167,144,309,167,142,12,4,8,0,0,0,0,0,0,297,163,134,2,0,2,0,0,0,0,0,0,0,0,0,2,0,2,2,0,2,0,0,0,0,0,0,0,0,0,2,0,2,0,0,0,0,0,0,0,0,0,0,0,0,0,0,0,235,97,138
29,570,0099,609910,0000,000000,KARNATAKA,Chikmagalur,VILLAGE,Hadivoni,Rural,192,736,361,375,70,32,38,89,43,46,177,82,95,496,264,232,240,97,143,364,229,135,359,227,132,6,4,2,0,0,0,0,0,0,353,223,130,5,2,3,0,0,0,0,0,0,0,0,0,5,2,3,3,2,1,0,0,0,0,0,0,0,0,0,3,2,1,2,0,2,0,0,0,0,0,0,0,0,0,2,0,2,372,132,240
29,570,0099,609911,0000,000000,KARNATAKA,Chikmagalur,VILLAGE,Koradathalgur,Rural,184,766,372,394,83,37,46,138,66,72,11,5,6,548,286,262,218,86,132,293,239,54,292,238,54,6,2,4,2,1,1,0,0,0,284,235,49,1,1,0,0,0,0,0,0,0,0,0,0,1,1,0,1,1,0,0,0,0,0,0,0,0,0,0,1,1,0,0,0,0,0,0,0,0,0,0,0,0,0,0,0,0,473,133,340
29,570,0099,609912,0000,000000,KARNATAKA,Chikmagalur,VILLAGE,Coove,Rural,693,2753,1383,1370,258,138,120,1086,537,549,255,125,130,1714,950,764,1039,433,606,1467,870,597,1379,832,547,89,69,20,370,206,164,3,0,3,917,557,360,88,38,50,6,1,5,8,2,6,0,0,0,74,35,39,74,31,43,5,1,4,8,2,6,0,0,0,61,28,33,14,7,7,1,0,1,0,0,0,0,0,0,13,7,6,1286,513,773
29,570,0099,609913,0000,000000,KARNATAKA,Chikmagalur,VILLAGE,Maliganadu,Rural,124,423,209,214,51,28,23,149,70,79,26,13,13,250,132,118,173,77,96,235,147,88,221,143,78,18,15,3,2,1,1,0,0,0,201,127,74,14,4,10,2,0,2,0,0,0,0,0,0,12,4,8,12,3,9,2,0,2,0,0,0,0,0,0,10,3,7,2,1,1,0,0,0,0,0,0,0,0,0,2,1,1,188,62,126
29,570,0099,609914,0000,000000,KARNATAKA,Chikmagalur,VILLAGE,Kelagur,Rural,98,396,189,207,27,9,18,139,61,78,6,3,3,288,151,137,108,38,70,239,133,106,235,131,104,11,5,6,0,0,0,0,0,0,224,126,98,4,2,2,0,0,0,0,0,0,0,0,0,4,2,2,4,2,2,0,0,0,0,0,0,0,0,0,4,2,2,0,0,0,0,0,0,0,0,0,0,0,0,0,0,0,157,56,101
29,570,0099,609915,0000,000000,KARNATAKA,Chikmagalur,VILLAGE,Abrugodige Estate,Rural,28,98,40,58,14,1,13,65,23,42,2,0,2,53,28,25,45,12,33,59,29,30,55,29,26,2,1,1,0,0,0,0,0,0,53,28,25,4,0,4,0,0,0,0,0,0,0,0,0,4,0,4,4,0,4,0,0,0,0,0,0,0,0,0,4,0,4,0,0,0,0,0,0,0,0,0,0,0,0,0,0,0,39,11,28
29,570,0099,609916,0000,000000,KARNATAKA,Chikmagalur,VILLAGE,Kelagur Estate,Rural,97,321,153,168,32,15,17,137,62,75,1,1,0,172,96,76,149,57,92,213,110,103,211,109,102,0,0,0,0,0,0,0,0,0,211,109,102,2,1,1,0,0,0,0,0,0,0,0,0,2,1,1,1,0,1,0,0,0,0,0,0,0,0,0,1,0,1,1,1,0,0,0,0,0,0,0,0,0,0,1,1,0,108,43,65
29,570,0099,609917,0000,000000,KARNATAKA,Chikmagalur,VILLAGE,Sunkasale,Rural,84,281,135,146,22,10,12,96,41,55,9,3,6,197,104,93,84,31,53,178,98,80,178,98,80,3,2,1,0,0,0,0,0,0,175,96,79,0,0,0,0,0,0,0,0,0,0,0,0,0,0,0,0,0,0,0,0,0,0,0,0,0,0,0,0,0,0,0,0,0,0,0,0,0,0,0,0,0,0,0,0,0,103,37,66
29,570,0099,609918,0000,000000,KARNATAKA,Chikmagalur,VILLAGE,Halagadaka Estate,Rural,17,58,29,29,3,1,2,5,2,3,0,0,0,32,21,11,26,8,18,42,23,19,42,23,19,0,0,0,0,0,0,0,0,0,42,23,19,0,0,0,0,0,0,0,0,0,0,0,0,0,0,0,0,0,0,0,0,0,0,0,0,0,0,0,0,0,0,0,0,0,0,0,0,0,0,0,0,0,0,0,0,0,16,6,10
29,570,0099,609919,0000,000000,KARNATAKA,Chikmagalur,VILLAGE,Madugundi,Rural,73,272,140,132,12,8,4,34,18,16,38,21,17,192,110,82,80,30,50,114,95,19,113,95,18,46,41,5,13,12,1,0,0,0,54,42,12,1,0,1,0,0,0,0,0,0,0,0,0,1,0,1,1,0,1,0,0,0,0,0,0,0,0,0,1,0,1,0,0,0,0,0,0,0,0,0,0,0,0,0,0,0,158,45,113
29,570,0099,609920,0000,000000,KARNATAKA,Chikmagalur,VILLAGE,Megur,Rural,204,673,332,341,64,30,34,283,145,138,46,23,23,437,242,195,236,90,146,381,235,146,366,223,143,14,9,5,1,1,0,3,2,1,348,211,137,15,12,3,0,0,0,1,1,0,0,0,0,14,11,3,10,8,2,0,0,0,0,0,0,0,0,0,10,8,2,5,4,1,0,0,0,1,1,0,0,0,0,4,3,1,292,97,195
29,570,0099,609921,0000,000000,KARNATAKA,Chikmagalur,VILLAGE,Balur Estate,Rural,71,303,144,159,27,16,11,163,74,89,62,36,26,224,107,117,79,37,42,137,96,41,89,73,16,2,2,0,0,0,0,0,0,0,87,71,16,48,23,25,2,1,1,0,0,0,0,0,0,46,22,24,48,23,25,2,1,1,0,0,0,0,0,0,46,22,24,0,0,0,0,0,0,0,0,0,0,0,0,0,0,0,166,48,118
29,570,0099,609922,0000,000000,KARNATAKA,Chikmagalur,VILLAGE,Javali,Rural,437,1694,860,834,193,93,100,658,330,328,89,44,45,994,575,419,700,285,415,1064,570,494,1009,561,448,84,60,24,31,11,20,5,2,3,889,488,401,55,9,46,10,1,9,1,0,1,1,0,1,43,8,35,43,7,36,5,0,5,1,0,1,0,0,0,37,7,30,12,2,10,5,1,4,0,0,0,1,0,1,6,1,5,630,290,340
29,570,0099,609923,0000,000000,KARNATAKA,Chikmagalur,VILLAGE,Markal,Rural,136,525,255,270,41,20,21,262,124,138,17,9,8,376,204,172,149,51,98,295,173,122,293,171,122,5,3,2,0,0,0,0,0,0,288,168,120,2,2,0,0,0,0,0,0,0,0,0,0,2,2,0,2,2,0,0,0,0,0,0,0,0,0,0,2,2,0,0,0,0,0,0,0,0,0,0,0,0,0,0,0,0,230,82,148
29,570,0099,609924,0000,000000,KARNATAKA,Chikmagalur,VILLAGE,Niduvale,Rural,382,1506,726,780,123,51,72,513,241,272,263,138,125,1022,553,469,484,173,311,848,481,367,795,452,343,43,30,13,7,6,1,5,4,1,740,412,328,53,29,24,5,3,2,5,0,5,0,0,0,43,26,17,18,10,8,1,1,0,2,0,2,0,0,0,15,9,6,35,19,16,4,2,2,3,0,3,0,0,0,28,17,11,658,245,413
29,570,0099,609925,0000,000000,KARNATAKA,Chikmagalur,VILLAGE,Alekhan Estate,Rural,14,45,21,24,4,2,2,12,7,5,24,10,14,28,13,15,17,8,9,27,15,12,27,15,12,0,0,0,0,0,0,0,0,0,27,15,12,0,0,0,0,0,0,0,0,0,0,0,0,0,0,0,0,0,0,0,0,0,0,0,0,0,0,0,0,0,0,0,0,0,0,0,0,0,0,0,0,0,0,0,0,0,18,6,12
29,570,0099,609926,0000,000000,KARNATAKA,Chikmagalur,VILLAGE,Balur,Rural,433,1737,868,869,134,64,70,587,294,293,103,44,59,1161,641,520,576,227,349,993,587,406,887,535,352,67,54,13,94,57,37,12,8,4,714,416,298,106,52,54,2,1,1,15,4,11,3,2,1,86,45,41,92,47,45,2,1,1,12,4,8,2,2,0,76,40,36,14,5,9,0,0,0,3,0,3,1,0,1,10,5,5,744,281,463
29,570,0099,609927,0000,000000,KARNATAKA,Chikmagalur,VILLAGE,Attigere,Rural,125,538,257,281,48,24,24,183,86,97,35,16,19,396,200,196,142,57,85,262,162,100,262,162,100,32,22,10,8,5,3,0,0,0,222,135,87,0,0,0,0,0,0,0,0,0,0,0,0,0,0,0,0,0,0,0,0,0,0,0,0,0,0,0,0,0,0,0,0,0,0,0,0,0,0,0,0,0,0,0,0,0,276,95,181
29,570,0099,609928,0000,000000,KARNATAKA,Chikmagalur,VILLAGE,Banakal,Rural,824,3231,1592,1639,319,171,148,1001,494,507,180,80,100,2189,1168,1021,1042,424,618,1701,1010,691,1608,975,633,85,71,14,24,10,14,26,20,6,1473,874,599,93,35,58,2,0,2,4,1,3,7,2,5,80,32,48,50,20,30,2,0,2,2,1,1,4,1,3,42,18,24,43,15,28,0,0,0,2,0,2,3,1,2,38,14,24,1530,582,948
29,570,0099,609929,0000,000000,KARNATAKA,Chikmagalur,VILLAGE,Heggodlu,Rural,168,678,325,353,63,25,38,149,75,74,116,52,64,367,199,168,311,126,185,419,236,183,380,227,153,52,37,15,7,1,6,1,1,0,320,188,132,39,9,30,0,0,0,3,2,1,0,0,0,36,7,29,31,8,23,0,0,0,3,2,1,0,0,0,28,6,22,8,1,7,0,0,0,0,0,0,0,0,0,8,1,7,259,89,170
29,570,0099,609930,0000,000000,KARNATAKA,Chikmagalur,VILLAGE,Darshana,Rural,30,92,45,47,7,4,3,14,7,7,0,0,0,79,41,38,13,4,9,69,34,35,50,33,17,8,5,3,0,0,0,0,0,0,42,28,14,19,1,18,3,0,3,0,0,0,0,0,0,16,1,15,19,1,18,3,0,3,0,0,0,0,0,0,16,1,15,0,0,0,0,0,0,0,0,0,0,0,0,0,0,0,23,11,12
29,570,0099,609931,0000,000000,KARNATAKA,Chikmagalur,VILLAGE,Kundur,Rural,481,1826,903,923,156,83,73,326,169,157,300,141,159,1222,653,569,604,250,354,1089,618,471,988,579,409,82,70,12,104,58,46,6,6,0,796,445,351,101,39,62,0,0,0,29,10,19,11,7,4,61,22,39,84,38,46,0,0,0,26,10,16,11,7,4,47,21,26,17,1,16,0,0,0,3,0,3,0,0,0,14,1,13,737,285,452
29,570,0099,609932,0000,000000,KARNATAKA,Chikmagalur,VILLAGE,B.Hosahalli,Rural,476,1772,838,934,174,95,79,710,335,375,208,104,104,1109,584,525,663,254,409,1039,579,460,978,554,424,47,34,13,40,20,20,1,1,0,890,499,391,61,25,36,5,3,2,2,1,1,1,1,0,53,20,33,60,25,35,5,3,2,2,1,1,1,1,0,52,20,32,1,0,1,0,0,0,0,0,0,0,0,0,1,0,1,733,259,474
29,570,0099,609933,0000,000000,KARNATAKA,Chikmagalur,VILLAGE,Kannagere,Rural,63,220,108,112,22,12,10,63,33,30,24,12,12,156,85,71,64,23,41,98,60,38,96,60,36,0,0,0,0,0,0,0,0,0,96,60,36,2,0,2,0,0,0,0,0,0,0,0,0,2,0,2,0,0,0,0,0,0,0,0,0,0,0,0,0,0,0,2,0,2,0,0,0,0,0,0,0,0,0,2,0,2,122,48,74
29,570,0099,609934,0000,000000,KARNATAKA,Chikmagalur,VILLAGE,Kudahalli,Rural,430,1922,947,975,196,96,100,149,71,78,13,6,7,1555,797,758,367,150,217,710,533,177,666,519,147,15,11,4,2,1,1,12,8,4,637,499,138,44,14,30,2,0,2,0,0,0,0,0,0,42,14,28,44,14,30,2,0,2,0,0,0,0,0,0,42,14,28,0,0,0,0,0,0,0,0,0,0,0,0,0,0,0,1212,414,798
29,570,0099,609935,0000,000000,KARNATAKA,Chikmagalur,VILLAGE,Binnadi,Rural,80,309,166,143,34,20,14,165,91,74,0,0,0,206,119,87,103,47,56,170,109,61,170,109,61,28,26,2,80,49,31,0,0,0,62,34,28,0,0,0,0,0,0,0,0,0,0,0,0,0,0,0,0,0,0,0,0,0,0,0,0,0,0,0,0,0,0,0,0,0,0,0,0,0,0,0,0,0,0,0,0,0,139,57,82
29,570,0099,609936,0000,000000,KARNATAKA,Chikmagalur,VILLAGE,Taruve,Rural,220,1081,506,575,88,39,49,254,123,131,232,97,135,890,437,453,191,69,122,386,253,133,375,250,125,16,13,3,198,111,87,9,8,1,152,118,34,11,3,8,0,0,0,2,0,2,1,1,0,8,2,6,11,3,8,0,0,0,2,0,2,1,1,0,8,2,6,0,0,0,0,0,0,0,0,0,0,0,0,0,0,0,695,253,442
29,570,0099,609937,0000,000000,KARNATAKA,Chikmagalur,VILLAGE,Barimale Estate,Rural,0,0,0,0,0,0,0,0,0,0,0,0,0,0,0,0,0,0,0,0,0,0,0,0,0,0,0,0,0,0,0,0,0,0,0,0,0,0,0,0,0,0,0,0,0,0,0,0,0,0,0,0,0,0,0,0,0,0,0,0,0,0,0,0,0,0,0,0,0,0,0,0,0,0,0,0,0,0,0,0,0,0,0,0,0
29,570,0099,609938,0000,000000,KARNATAKA,Chikmagalur,VILLAGE,Kogile,Rural,48,210,104,106,31,18,13,105,55,50,0,0,0,126,69,57,84,35,49,103,71,32,103,71,32,0,0,0,0,0,0,0,0,0,103,71,32,0,0,0,0,0,0,0,0,0,0,0,0,0,0,0,0,0,0,0,0,0,0,0,0,0,0,0,0,0,0,0,0,0,0,0,0,0,0,0,0,0,0,0,0,0,107,33,74
29,570,0099,609939,0000,000000,KARNATAKA,Chikmagalur,VILLAGE,Kotrakere,Rural,22,86,40,46,9,4,5,5,2,3,6,3,3,67,34,33,19,6,13,36,28,8,36,28,8,0,0,0,0,0,0,0,0,0,36,28,8,0,0,0,0,0,0,0,0,0,0,0,0,0,0,0,0,0,0,0,0,0,0,0,0,0,0,0,0,0,0,0,0,0,0,0,0,0,0,0,0,0,0,0,0,0,50,12,38
29,570,0099,609940,0000,000000,KARNATAKA,Chikmagalur,VILLAGE,Bankenahalli,Rural,145,643,306,337,75,38,37,340,159,181,1,0,1,429,227,202,214,79,135,340,199,141,318,191,127,34,26,8,6,4,2,7,5,2,271,156,115,22,8,14,0,0,0,0,0,0,7,0,7,15,8,7,15,4,11,0,0,0,0,0,0,7,0,7,8,4,4,7,4,3,0,0,0,0,0,0,0,0,0,7,4,3,303,107,196
29,570,0099,609941,0000,000000,KARNATAKA,Chikmagalur,VILLAGE,Baggasagodu,Rural,202,903,443,460,94,50,44,271,128,143,75,36,39,640,337,303,263,106,157,454,258,196,449,257,192,10,7,3,0,0,0,4,0,4,435,250,185,5,1,4,0,0,0,0,0,0,0,0,0,5,1,4,5,1,4,0,0,0,0,0,0,0,0,0,5,1,4,0,0,0,0,0,0,0,0,0,0,0,0,0,0,0,449,185,264
29,570,0099,609942,0000,000000,KARNATAKA,Chikmagalur,VILLAGE,Phalguni,Rural,430,1707,875,832,148,76,72,579,299,280,177,90,87,1305,713,592,402,162,240,901,583,318,770,473,297,57,45,12,14,7,7,2,2,0,697,419,278,131,110,21,4,3,1,101,85,16,1,0,1,25,22,3,42,35,7,3,2,1,18,15,3,0,0,0,21,18,3,89,75,14,1,1,0,83,70,13,1,0,1,4,4,0,806,292,514
29,570,0099,609943,0000,000000,KARNATAKA,Chikmagalur,VILLAGE,Halike,Rural,214,856,426,430,85,40,45,211,106,105,25,10,15,653,350,303,203,76,127,424,276,148,343,234,109,16,13,3,0,0,0,0,0,0,327,221,106,81,42,39,8,1,7,2,1,1,0,0,0,71,40,31,54,27,27,3,1,2,2,1,1,0,0,0,49,25,24,27,15,12,5,0,5,0,0,0,0,0,0,22,15,7,432,150,282
29,570,0099,609944,0000,000000,KARNATAKA,Chikmagalur,VILLAGE,Bettagere,Rural,219,874,423,451,76,41,35,287,136,151,41,20,21,612,317,295,262,106,156,502,276,226,491,272,219,9,4,5,0,0,0,0,0,0,482,268,214,11,4,7,3,1,2,0,0,0,0,0,0,8,3,5,8,3,5,0,0,0,0,0,0,0,0,0,8,3,5,3,1,2,3,1,2,0,0,0,0,0,0,0,0,0,372,147,225
29,570,0099,609945,0000,000000,KARNATAKA,Chikmagalur,VILLAGE,Tripura,Rural,129,524,249,275,54,27,27,286,135,151,14,9,5,340,174,166,184,75,109,283,160,123,281,158,123,1,0,1,0,0,0,0,0,0,280,158,122,2,2,0,0,0,0,0,0,0,0,0,0,2,2,0,0,0,0,0,0,0,0,0,0,0,0,0,0,0,0,2,2,0,0,0,0,0,0,0,0,0,0,2,2,0,241,89,152
29,570,0099,609946,0000,000000,KARNATAKA,Chikmagalur,VILLAGE,Gutti,Rural,134,437,196,241,35,16,19,135,53,82,0,0,0,340,162,178,97,34,63,215,158,57,187,138,49,3,0,3,0,0,0,0,0,0,184,138,46,28,20,8,0,0,0,0,0,0,0,0,0,28,20,8,28,20,8,0,0,0,0,0,0,0,0,0,28,20,8,0,0,0,0,0,0,0,0,0,0,0,0,0,0,0,222,38,184
29,570,0099,609947,0000,000000,KARNATAKA,Chikmagalur,VILLAGE,Mularahalli,Rural,16,54,30,24,2,2,0,1,1,0,9,6,3,46,24,22,8,6,2,26,23,3,26,23,3,3,3,0,1,0,1,0,0,0,22,20,2,0,0,0,0,0,0,0,0,0,0,0,0,0,0,0,0,0,0,0,0,0,0,0,0,0,0,0,0,0,0,0,0,0,0,0,0,0,0,0,0,0,0,0,0,0,28,7,21
29,570,0099,609948,0000,000000,KARNATAKA,Chikmagalur,VILLAGE,Hesagodu,Rural,75,296,144,152,30,8,22,2,0,2,53,26,27,203,115,88,93,29,64,159,107,52,158,107,51,4,3,1,0,0,0,0,0,0,154,104,50,1,0,1,1,0,1,0,0,0,0,0,0,0,0,0,1,0,1,1,0,1,0,0,0,0,0,0,0,0,0,0,0,0,0,0,0,0,0,0,0,0,0,0,0,0,137,37,100
29,570,0099,609949,0000,000000,KARNATAKA,Chikmagalur,VILLAGE,Ousana,Rural,13,49,27,22,3,3,0,0,0,0,0,0,0,44,24,20,5,3,2,25,21,4,25,21,4,2,0,2,0,0,0,0,0,0,23,21,2,0,0,0,0,0,0,0,0,0,0,0,0,0,0,0,0,0,0,0,0,0,0,0,0,0,0,0,0,0,0,0,0,0,0,0,0,0,0,0,0,0,0,0,0,0,24,6,18
29,570,0099,609950,0000,000000,KARNATAKA,Chikmagalur,VILLAGE,Kolur,Rural,184,842,412,430,72,38,34,532,264,268,3,2,1,671,346,325,171,66,105,383,229,154,361,225,136,18,16,2,8,6,2,0,0,0,335,203,132,22,4,18,2,1,1,5,1,4,1,0,1,14,2,12,19,4,15,1,1,0,4,1,3,0,0,0,14,2,12,3,0,3,1,0,1,1,0,1,1,0,1,0,0,0,459,183,276
29,570,0099,609951,0000,000000,KARNATAKA,Chikmagalur,VILLAGE,Bakki,Rural,120,466,241,225,38,22,16,210,109,101,0,0,0,329,186,143,137,55,82,298,175,123,292,170,122,14,10,4,0,0,0,0,0,0,278,160,118,6,5,1,0,0,0,0,0,0,0,0,0,6,5,1,3,3,0,0,0,0,0,0,0,0,0,0,3,3,0,3,2,1,0,0,0,0,0,0,0,0,0,3,2,1,168,66,102
29,570,0099,609952,0000,000000,KARNATAKA,Chikmagalur,VILLAGE,Hyragudde,Rural,31,132,79,53,11,4,7,26,11,15,1,0,1,90,57,33,42,22,20,81,68,13,81,68,13,0,0,0,0,0,0,0,0,0,81,68,13,0,0,0,0,0,0,0,0,0,0,0,0,0,0,0,0,0,0,0,0,0,0,0,0,0,0,0,0,0,0,0,0,0,0,0,0,0,0,0,0,0,0,0,0,0,51,11,40
29,570,0099,609953,0000,000000,KARNATAKA,Chikmagalur,VILLAGE,Pattaduru,Rural,105,388,190,198,53,24,29,169,87,82,0,0,0,249,135,114,139,55,84,203,141,62,199,138,61,1,1,0,0,0,0,0,0,0,198,137,61,4,3,1,0,0,0,0,0,0,0,0,0,4,3,1,2,1,1,0,0,0,0,0,0,0,0,0,2,1,1,2,2,0,0,0,0,0,0,0,0,0,0,2,2,0,185,49,136
29,570,0099,609954,0000,000000,KARNATAKA,Chikmagalur,VILLAGE,Halekote,Rural,377,1543,712,831,140,59,81,524,233,291,215,111,104,1061,543,518,482,169,313,761,472,289,749,466,283,110,95,15,19,9,10,2,1,1,618,361,257,12,6,6,3,0,3,2,0,2,0,0,0,7,6,1,11,6,5,3,0,3,1,0,1,0,0,0,7,6,1,1,0,1,0,0,0,1,0,1,0,0,0,0,0,0,782,240,542
29,570,0099,609955,0000,000000,KARNATAKA,Chikmagalur,VILLAGE,Hanumanahalli,Rural,47,200,96,104,20,7,13,93,41,52,0,0,0,133,79,54,67,17,50,100,61,39,96,60,36,15,13,2,0,0,0,0,0,0,81,47,34,4,1,3,0,0,0,0,0,0,0,0,0,4,1,3,3,1,2,0,0,0,0,0,0,0,0,0,3,1,2,1,0,1,0,0,0,0,0,0,0,0,0,1,0,1,100,35,65
29,570,0099,609956,0000,000000,KARNATAKA,Chikmagalur,VILLAGE,Kenjige Estate,Rural,13,49,22,27,3,1,2,0,0,0,16,7,9,29,14,15,20,8,12,27,13,14,27,13,14,0,0,0,0,0,0,0,0,0,27,13,14,0,0,0,0,0,0,0,0,0,0,0,0,0,0,0,0,0,0,0,0,0,0,0,0,0,0,0,0,0,0,0,0,0,0,0,0,0,0,0,0,0,0,0,0,0,22,9,13
29,570,0099,609957,0000,000000,KARNATAKA,Chikmagalur,VILLAGE,Kenjige,Rural,115,448,194,254,42,22,20,88,34,54,199,83,116,222,104,118,226,90,136,271,138,133,271,138,133,0,0,0,0,0,0,0,0,0,271,138,133,0,0,0,0,0,0,0,0,0,0,0,0,0,0,0,0,0,0,0,0,0,0,0,0,0,0,0,0,0,0,0,0,0,0,0,0,0,0,0,0,0,0,0,0,0,177,56,121
29,570,0099,609958,0000,000000,KARNATAKA,Chikmagalur,VILLAGE,Guddada Estate,Rural,2,6,3,3,1,1,0,0,0,0,0,0,0,5,2,3,1,1,0,2,2,0,2,2,0,0,0,0,0,0,0,0,0,0,2,2,0,0,0,0,0,0,0,0,0,0,0,0,0,0,0,0,0,0,0,0,0,0,0,0,0,0,0,0,0,0,0,0,0,0,0,0,0,0,0,0,0,0,0,0,0,0,4,1,3
29,570,0099,609959,0000,000000,KARNATAKA,Chikmagalur,VILLAGE,Thatkola,Rural,28,109,56,53,9,7,2,8,4,4,22,12,10,76,43,33,33,13,20,53,30,23,53,30,23,7,7,0,38,17,21,0,0,0,8,6,2,0,0,0,0,0,0,0,0,0,0,0,0,0,0,0,0,0,0,0,0,0,0,0,0,0,0,0,0,0,0,0,0,0,0,0,0,0,0,0,0,0,0,0,0,0,56,26,30
29,570,0099,609960,0000,000000,KARNATAKA,Chikmagalur,VILLAGE,Hesagal ,Rural,800,3237,1594,1643,316,164,152,761,371,390,351,167,184,2325,1228,1097,912,366,546,1671,983,688,1522,934,588,73,57,16,209,87,122,45,25,20,1195,765,430,149,49,100,3,1,2,8,2,6,63,2,61,75,44,31,143,48,95,2,0,2,8,2,6,60,2,58,73,44,29,6,1,5,1,1,0,0,0,0,3,0,3,2,0,2,1566,611,955
29,570,0099,609961,0000,000000,KARNATAKA,Chikmagalur,VILLAGE,Naduvinamadkal,Rural,25,101,52,49,4,1,3,0,0,0,0,0,0,76,42,34,25,10,15,52,40,12,52,40,12,23,22,1,0,0,0,0,0,0,29,18,11,0,0,0,0,0,0,0,0,0,0,0,0,0,0,0,0,0,0,0,0,0,0,0,0,0,0,0,0,0,0,0,0,0,0,0,0,0,0,0,0,0,0,0,0,0,49,12,37
29,570,0099,609962,0000,000000,KARNATAKA,Chikmagalur,VILLAGE,Kademadkal,Rural,49,214,94,120,21,10,11,113,48,65,12,5,7,121,60,61,93,34,59,129,60,69,129,60,69,2,2,0,0,0,0,0,0,0,127,58,69,0,0,0,0,0,0,0,0,0,0,0,0,0,0,0,0,0,0,0,0,0,0,0,0,0,0,0,0,0,0,0,0,0,0,0,0,0,0,0,0,0,0,0,0,0,85,34,51
29,570,0099,609963,0000,000000,KARNATAKA,Chikmagalur,VILLAGE,Indravalli,Rural,86,357,188,169,40,25,15,132,67,65,76,38,38,220,124,96,137,64,73,203,118,85,199,115,84,2,2,0,0,0,0,0,0,0,197,113,84,4,3,1,0,0,0,0,0,0,0,0,0,4,3,1,4,3,1,0,0,0,0,0,0,0,0,0,4,3,1,0,0,0,0,0,0,0,0,0,0,0,0,0,0,0,154,70,84
29,570,0099,609964,0000,000000,KARNATAKA,Chikmagalur,VILLAGE,Nandipura,Rural,172,659,325,334,75,39,36,333,153,180,23,14,9,425,225,200,234,100,134,340,209,131,339,208,131,2,1,1,0,0,0,1,1,0,336,206,130,1,1,0,0,0,0,0,0,0,0,0,0,1,1,0,1,1,0,0,0,0,0,0,0,0,0,0,1,1,0,0,0,0,0,0,0,0,0,0,0,0,0,0,0,0,319,116,203
29,570,0099,609965,0000,000000,KARNATAKA,Chikmagalur,VILLAGE,Malahalli,Rural,88,374,187,187,43,22,21,78,39,39,98,50,48,236,131,105,138,56,82,194,124,70,145,86,59,0,0,0,0,0,0,0,0,0,145,86,59,49,38,11,0,0,0,41,30,11,8,8,0,0,0,0,41,30,11,0,0,0,41,30,11,0,0,0,0,0,0,8,8,0,0,0,0,0,0,0,8,8,0,0,0,0,180,63,117
29,570,0099,609966,0000,000000,KARNATAKA,Chikmagalur,VILLAGE,Kolugodu,Rural,107,430,208,222,31,16,15,54,24,30,60,28,32,297,157,140,133,51,82,206,126,80,204,124,80,6,5,1,157,89,68,1,0,1,40,30,10,2,2,0,0,0,0,1,1,0,0,0,0,1,1,0,2,2,0,0,0,0,1,1,0,0,0,0,1,1,0,0,0,0,0,0,0,0,0,0,0,0,0,0,0,0,224,82,142
29,570,0099,609967,0000,000000,KARNATAKA,Chikmagalur,VILLAGE,Bommenahalli,Rural,25,97,50,47,7,5,2,46,26,20,0,0,0,70,38,32,27,12,15,45,30,15,45,30,15,10,10,0,31,17,14,0,0,0,4,3,1,0,0,0,0,0,0,0,0,0,0,0,0,0,0,0,0,0,0,0,0,0,0,0,0,0,0,0,0,0,0,0,0,0,0,0,0,0,0,0,0,0,0,0,0,0,52,20,32
29,570,0099,609968,0000,000000,KARNATAKA,Chikmagalur,VILLAGE,Sangamapura,Rural,32,134,67,67,12,6,6,6,2,4,0,0,0,121,60,61,13,7,6,53,45,8,2,1,1,0,0,0,0,0,0,0,0,0,2,1,1,51,44,7,19,17,2,28,23,5,0,0,0,4,4,0,49,42,7,19,17,2,27,22,5,0,0,0,3,3,0,2,2,0,0,0,0,1,1,0,0,0,0,1,1,0,81,22,59
29,570,0099,609969,0000,000000,KARNATAKA,Chikmagalur,VILLAGE,Karabylu,Rural,38,136,74,62,14,11,3,79,43,36,0,0,0,93,53,40,43,21,22,94,46,48,33,21,12,3,2,1,6,6,0,3,2,1,21,11,10,61,25,36,0,0,0,0,0,0,6,3,3,55,22,33,59,25,34,0,0,0,0,0,0,6,3,3,53,22,31,2,0,2,0,0,0,0,0,0,0,0,0,2,0,2,42,28,14
29,570,0099,609970,0000,000000,KARNATAKA,Chikmagalur,VILLAGE,Mudasasi,Rural,104,339,154,185,52,24,28,241,106,135,0,0,0,176,99,77,163,55,108,225,90,135,105,57,48,2,0,2,5,5,0,3,2,1,95,50,45,120,33,87,2,1,1,0,0,0,9,3,6,109,29,80,98,27,71,2,1,1,0,0,0,6,2,4,90,24,66,22,6,16,0,0,0,0,0,0,3,1,2,19,5,14,114,64,50
29,570,0099,609971,0000,000000,KARNATAKA,Chikmagalur,VILLAGE,Kannapura,Rural,319,1302,617,685,113,60,53,491,229,262,238,117,121,805,426,379,497,191,306,721,388,333,423,234,189,13,6,7,4,3,1,0,0,0,406,225,181,298,154,144,5,3,2,255,125,130,1,0,1,37,26,11,297,153,144,5,3,2,255,125,130,1,0,1,36,25,11,1,1,0,0,0,0,0,0,0,0,0,0,1,1,0,581,229,352
29,570,0099,609972,0000,000000,KARNATAKA,Chikmagalur,VILLAGE,Ghattadahalli,Rural,63,255,126,129,28,18,10,122,56,66,70,36,34,158,90,68,97,36,61,146,81,65,146,81,65,6,2,4,0,0,0,0,0,0,140,79,61,0,0,0,0,0,0,0,0,0,0,0,0,0,0,0,0,0,0,0,0,0,0,0,0,0,0,0,0,0,0,0,0,0,0,0,0,0,0,0,0,0,0,0,0,0,109,45,64
29,570,0099,609973,0000,000000,KARNATAKA,Chikmagalur,VILLAGE,Kollibylu,Rural,55,206,105,101,10,3,7,43,20,23,18,9,9,147,89,58,59,16,43,107,65,42,103,65,38,6,5,1,0,0,0,0,0,0,97,60,37,4,0,4,0,0,0,2,0,2,0,0,0,2,0,2,4,0,4,0,0,0,2,0,2,0,0,0,2,0,2,0,0,0,0,0,0,0,0,0,0,0,0,0,0,0,99,40,59
29,570,0099,609974,0000,000000,KARNATAKA,Chikmagalur,VILLAGE,Karadagodu,Rural,3,14,6,8,3,1,2,0,0,0,0,0,0,10,5,5,4,1,3,3,3,0,3,3,0,1,1,0,0,0,0,0,0,0,2,2,0,0,0,0,0,0,0,0,0,0,0,0,0,0,0,0,0,0,0,0,0,0,0,0,0,0,0,0,0,0,0,0,0,0,0,0,0,0,0,0,0,0,0,0,0,0,11,3,8
29,570,0099,609975,0000,000000,KARNATAKA,Chikmagalur,VILLAGE,Bilagola,Rural,805,3307,1587,1720,303,167,136,669,307,362,125,54,71,2320,1195,1125,987,392,595,1597,971,626,1542,950,592,43,27,16,70,25,45,32,20,12,1397,878,519,55,21,34,1,0,1,3,0,3,4,1,3,47,20,27,47,16,31,1,0,1,3,0,3,4,1,3,39,15,24,8,5,3,0,0,0,0,0,0,0,0,0,8,5,3,1710,616,1094
29,570,0099,609976,0000,000000,KARNATAKA,Chikmagalur,VILLAGE,Mudigere (Rural),Rural,364,1560,792,768,180,90,90,289,132,157,81,40,41,1142,632,510,418,160,258,635,475,160,629,473,156,22,14,8,2,2,0,6,6,0,599,451,148,6,2,4,2,0,2,0,0,0,0,0,0,4,2,2,4,2,2,2,0,2,0,0,0,0,0,0,2,2,0,2,0,2,0,0,0,0,0,0,0,0,0,2,0,2,925,317,608
29,570,0099,609977,0000,000000,KARNATAKA,Chikmagalur,VILLAGE,Lokavalli Estate,Rural,108,458,234,224,28,16,12,218,109,109,120,66,54,314,187,127,144,47,97,283,146,137,274,144,130,2,1,1,1,0,1,1,1,0,270,142,128,9,2,7,0,0,0,0,0,0,0,0,0,9,2,7,7,1,6,0,0,0,0,0,0,0,0,0,7,1,6,2,1,1,0,0,0,0,0,0,0,0,0,2,1,1,175,88,87
29,570,0099,609978,0000,000000,KARNATAKA,Chikmagalur,VILLAGE,Bidarahalli,Rural,389,1630,836,794,162,89,73,221,113,108,65,32,33,1199,660,539,431,176,255,781,534,247,726,498,228,4,2,2,1,0,1,5,0,5,716,496,220,55,36,19,0,0,0,0,0,0,0,0,0,55,36,19,48,32,16,0,0,0,0,0,0,0,0,0,48,32,16,7,4,3,0,0,0,0,0,0,0,0,0,7,4,3,849,302,547
29,570,0099,609979,0000,000000,KARNATAKA,Chikmagalur,VILLAGE,Lokavalli,Rural,106,480,250,230,35,13,22,148,69,79,2,2,0,358,209,149,122,41,81,226,147,79,223,146,77,4,4,0,1,0,1,8,8,0,210,134,76,3,1,2,0,0,0,1,0,1,0,0,0,2,1,1,2,1,1,0,0,0,1,0,1,0,0,0,1,1,0,1,0,1,0,0,0,0,0,0,0,0,0,1,0,1,254,103,151
29,570,0099,609980,0000,000000,KARNATAKA,Chikmagalur,VILLAGE,Beejavalli,Rural,88,332,163,169,37,20,17,68,34,34,16,8,8,238,120,118,94,43,51,158,106,52,158,106,52,19,19,0,1,1,0,6,4,2,132,82,50,0,0,0,0,0,0,0,0,0,0,0,0,0,0,0,0,0,0,0,0,0,0,0,0,0,0,0,0,0,0,0,0,0,0,0,0,0,0,0,0,0,0,0,0,0,174,57,117
29,570,0099,609981,0000,000000,KARNATAKA,Chikmagalur,VILLAGE,Kaduvalli,Rural,28,113,60,53,7,6,1,15,7,8,0,0,0,86,51,35,27,9,18,46,36,10,46,36,10,15,14,1,0,0,0,0,0,0,31,22,9,0,0,0,0,0,0,0,0,0,0,0,0,0,0,0,0,0,0,0,0,0,0,0,0,0,0,0,0,0,0,0,0,0,0,0,0,0,0,0,0,0,0,0,0,0,67,24,43
29,570,0099,609982,0000,000000,KARNATAKA,Chikmagalur,VILLAGE,Makonahalli,Rural,286,1074,511,563,111,50,61,400,181,219,144,67,77,654,349,305,420,162,258,655,341,314,611,316,295,14,7,7,0,0,0,0,0,0,597,309,288,44,25,19,1,1,0,0,0,0,0,0,0,43,24,19,44,25,19,1,1,0,0,0,0,0,0,0,43,24,19,0,0,0,0,0,0,0,0,0,0,0,0,0,0,0,419,170,249
29,570,0099,609983,0000,000000,KARNATAKA,Chikmagalur,VILLAGE,Gabbahalli,Rural,31,114,54,60,14,7,7,14,7,7,0,0,0,84,43,41,30,11,19,49,28,21,1,1,0,1,1,0,0,0,0,0,0,0,0,0,0,48,27,21,7,6,1,30,17,13,0,0,0,11,4,7,48,27,21,7,6,1,30,17,13,0,0,0,11,4,7,0,0,0,0,0,0,0,0,0,0,0,0,0,0,0,65,26,39
29,570,0099,609984,0000,000000,KARNATAKA,Chikmagalur,VILLAGE,Pura,Rural,21,90,44,46,9,4,5,0,0,0,0,0,0,72,37,35,18,7,11,29,28,1,2,2,0,0,0,0,0,0,0,0,0,0,2,2,0,27,26,1,18,18,0,9,8,1,0,0,0,0,0,0,27,26,1,18,18,0,9,8,1,0,0,0,0,0,0,0,0,0,0,0,0,0,0,0,0,0,0,0,0,0,61,16,45
29,570,0099,609985,0000,000000,KARNATAKA,Chikmagalur,VILLAGE,Kellur,Rural,58,209,94,115,10,4,6,6,3,3,73,31,42,131,66,65,78,28,50,118,65,53,118,65,53,2,2,0,0,0,0,0,0,0,116,63,53,0,0,0,0,0,0,0,0,0,0,0,0,0,0,0,0,0,0,0,0,0,0,0,0,0,0,0,0,0,0,0,0,0,0,0,0,0,0,0,0,0,0,0,0,0,91,29,62
29,570,0099,609986,0000,000000,KARNATAKA,Chikmagalur,VILLAGE,Kunnahalli,Rural,337,1388,655,733,127,62,65,156,75,81,579,264,315,886,484,402,502,171,331,864,442,422,818,404,414,19,10,9,2,2,0,5,4,1,792,388,404,46,38,8,2,2,0,0,0,0,33,31,2,11,5,6,14,7,7,0,0,0,0,0,0,6,4,2,8,3,5,32,31,1,2,2,0,0,0,0,27,27,0,3,2,1,524,213,311
29,570,0099,609987,0000,000000,KARNATAKA,Chikmagalur,VILLAGE,Daradahalli ,Rural,573,2463,1242,1221,254,132,122,416,221,195,405,202,203,1761,963,798,702,279,423,1209,712,497,1184,708,476,105,72,33,70,33,37,14,1,13,995,602,393,25,4,21,5,0,5,1,0,1,3,0,3,16,4,12,15,4,11,3,0,3,0,0,0,2,0,2,10,4,6,10,0,10,2,0,2,1,0,1,1,0,1,6,0,6,1254,530,724
29,570,0099,609988,0000,000000,KARNATAKA,Chikmagalur,VILLAGE,Kesavalalu Estate,Rural,14,51,27,24,10,5,5,35,17,18,0,0,0,27,14,13,24,13,11,25,15,10,25,15,10,1,1,0,0,0,0,0,0,0,24,14,10,0,0,0,0,0,0,0,0,0,0,0,0,0,0,0,0,0,0,0,0,0,0,0,0,0,0,0,0,0,0,0,0,0,0,0,0,0,0,0,0,0,0,0,0,0,26,12,14
29,570,0099,609989,0000,000000,KARNATAKA,Chikmagalur,VILLAGE,Kadidal,Rural,213,762,361,401,79,40,39,316,150,166,74,36,38,492,256,236,270,105,165,420,249,171,405,242,163,1,1,0,2,1,1,0,0,0,402,240,162,15,7,8,2,1,1,0,0,0,0,0,0,13,6,7,10,5,5,2,1,1,0,0,0,0,0,0,8,4,4,5,2,3,0,0,0,0,0,0,0,0,0,5,2,3,342,112,230
29,570,0099,609990,0000,000000,KARNATAKA,Chikmagalur,VILLAGE,Jogannanakere,Rural,396,1730,859,871,138,71,67,673,323,350,58,29,29,1263,689,574,467,170,297,855,560,295,846,555,291,23,15,8,2,0,2,17,13,4,804,527,277,9,5,4,1,1,0,0,0,0,0,0,0,8,4,4,7,3,4,0,0,0,0,0,0,0,0,0,7,3,4,2,2,0,1,1,0,0,0,0,0,0,0,1,1,0,875,299,576
29,570,0099,609991,0000,000000,KARNATAKA,Chikmagalur,VILLAGE,Muthigepura,Rural,122,502,239,263,39,16,23,194,97,97,10,2,8,370,193,177,132,46,86,290,168,122,281,163,118,17,10,7,0,0,0,2,1,1,262,152,110,9,5,4,0,0,0,0,0,0,0,0,0,9,5,4,2,1,1,0,0,0,0,0,0,0,0,0,2,1,1,7,4,3,0,0,0,0,0,0,0,0,0,7,4,3,212,71,141
29,570,0099,609992,0000,000000,KARNATAKA,Chikmagalur,VILLAGE,Halase,Rural,92,350,164,186,26,8,18,131,63,68,16,6,10,241,128,113,109,36,73,190,107,83,190,107,83,6,4,2,0,0,0,1,1,0,183,102,81,0,0,0,0,0,0,0,0,0,0,0,0,0,0,0,0,0,0,0,0,0,0,0,0,0,0,0,0,0,0,0,0,0,0,0,0,0,0,0,0,0,0,0,0,0,160,57,103
29,570,0099,609993,0000,000000,KARNATAKA,Chikmagalur,VILLAGE,Chattanahalli,Rural,28,95,51,44,5,3,2,6,3,3,0,0,0,76,43,33,19,8,11,79,44,35,34,22,12,7,5,2,7,6,1,0,0,0,20,11,9,45,22,23,0,0,0,0,0,0,6,3,3,39,19,20,41,21,20,0,0,0,0,0,0,6,3,3,35,18,17,4,1,3,0,0,0,0,0,0,0,0,0,4,1,3,16,7,9
29,570,0099,609994,0000,000000,KARNATAKA,Chikmagalur,VILLAGE,Gowthahalli,Rural,131,528,250,278,41,23,18,245,110,135,0,0,0,425,203,222,103,47,56,260,157,103,237,151,86,12,10,2,62,28,34,2,1,1,161,112,49,23,6,17,5,2,3,3,0,3,0,0,0,15,4,11,14,4,10,4,2,2,1,0,1,0,0,0,9,2,7,9,2,7,1,0,1,2,0,2,0,0,0,6,2,4,268,93,175
29,570,0099,609995,0000,000000,KARNATAKA,Chikmagalur,VILLAGE,Urubage,Rural,195,753,351,402,56,25,31,102,46,56,23,14,9,584,290,294,169,61,108,477,260,217,465,255,210,7,5,2,5,2,3,0,0,0,453,248,205,12,5,7,4,0,4,3,3,0,0,0,0,5,2,3,10,4,6,3,0,3,2,2,0,0,0,0,5,2,3,2,1,1,1,0,1,1,1,0,0,0,0,0,0,0,276,91,185
29,570,0099,609996,0000,000000,KARNATAKA,Chikmagalur,VILLAGE,Byduvalli,Rural,157,556,266,290,51,19,32,203,94,109,46,19,27,412,220,192,144,46,98,409,204,205,408,203,205,19,10,9,15,8,7,0,0,0,374,185,189,1,1,0,1,1,0,0,0,0,0,0,0,0,0,0,1,1,0,1,1,0,0,0,0,0,0,0,0,0,0,0,0,0,0,0,0,0,0,0,0,0,0,0,0,0,147,62,85
29,570,0099,609997,0000,000000,KARNATAKA,Chikmagalur,VILLAGE,Byduvalli Estate,Rural,13,51,21,30,6,3,3,26,12,14,4,2,2,27,12,15,24,9,15,29,15,14,29,15,14,0,0,0,0,0,0,0,0,0,29,15,14,0,0,0,0,0,0,0,0,0,0,0,0,0,0,0,0,0,0,0,0,0,0,0,0,0,0,0,0,0,0,0,0,0,0,0,0,0,0,0,0,0,0,0,0,0,22,6,16
29,570,0099,609998,0000,000000,KARNATAKA,Chikmagalur,VILLAGE,Halekere,Rural,115,459,231,228,35,20,15,100,46,54,17,9,8,389,204,185,70,27,43,289,166,123,289,166,123,3,3,0,24,9,15,0,0,0,262,154,108,0,0,0,0,0,0,0,0,0,0,0,0,0,0,0,0,0,0,0,0,0,0,0,0,0,0,0,0,0,0,0,0,0,0,0,0,0,0,0,0,0,0,0,0,0,170,65,105
29,570,0099,609999,0000,000000,KARNATAKA,Chikmagalur,VILLAGE,Halekere Estate,Rural,7,21,11,10,2,1,1,2,1,1,0,0,0,12,7,5,9,4,5,18,9,9,18,9,9,0,0,0,0,0,0,0,0,0,18,9,9,0,0,0,0,0,0,0,0,0,0,0,0,0,0,0,0,0,0,0,0,0,0,0,0,0,0,0,0,0,0,0,0,0,0,0,0,0,0,0,0,0,0,0,0,0,3,2,1
29,570,0099,610000,0000,000000,KARNATAKA,Chikmagalur,VILLAGE,Kanachuru,Rural,166,603,302,301,60,25,35,80,39,41,33,16,17,399,219,180,204,83,121,321,225,96,320,224,96,27,25,2,9,2,7,0,0,0,284,197,87,1,1,0,1,1,0,0,0,0,0,0,0,0,0,0,1,1,0,1,1,0,0,0,0,0,0,0,0,0,0,0,0,0,0,0,0,0,0,0,0,0,0,0,0,0,282,77,205
29,570,0099,610001,0000,000000,KARNATAKA,Chikmagalur,VILLAGE,Kanachuru Estate,Rural,39,134,66,68,21,11,10,80,38,42,20,11,9,50,32,18,84,34,50,88,41,47,83,40,43,1,1,0,0,0,0,0,0,0,82,39,43,5,1,4,0,0,0,0,0,0,0,0,0,5,1,4,1,0,1,0,0,0,0,0,0,0,0,0,1,0,1,4,1,3,0,0,0,0,0,0,0,0,0,4,1,3,46,25,21
29,570,0099,610002,0000,000000,KARNATAKA,Chikmagalur,VILLAGE,Hanthuru,Rural,124,437,203,234,41,17,24,146,65,81,5,3,2,301,158,143,136,45,91,258,146,112,225,141,84,23,23,0,5,0,5,0,0,0,197,118,79,33,5,28,0,0,0,13,2,11,0,0,0,20,3,17,33,5,28,0,0,0,13,2,11,0,0,0,20,3,17,0,0,0,0,0,0,0,0,0,0,0,0,0,0,0,179,57,122
29,570,0099,610003,0000,000000,KARNATAKA,Chikmagalur,VILLAGE,Hoisalalu,Rural,164,724,333,391,68,29,39,221,100,121,236,105,131,475,238,237,249,95,154,434,229,205,432,229,203,30,21,9,217,101,116,0,0,0,185,107,78,2,0,2,0,0,0,0,0,0,0,0,0,2,0,2,1,0,1,0,0,0,0,0,0,0,0,0,1,0,1,1,0,1,0,0,0,0,0,0,0,0,0,1,0,1,290,104,186
29,570,0099,610004,0000,000000,KARNATAKA,Chikmagalur,VILLAGE,Chandrapura,Rural,163,591,291,300,62,35,27,228,110,118,119,58,61,315,181,134,276,110,166,388,207,181,388,207,181,1,1,0,0,0,0,0,0,0,387,206,181,0,0,0,0,0,0,0,0,0,0,0,0,0,0,0,0,0,0,0,0,0,0,0,0,0,0,0,0,0,0,0,0,0,0,0,0,0,0,0,0,0,0,0,0,0,203,84,119
29,570,0099,610005,0000,000000,KARNATAKA,Chikmagalur,VILLAGE,Kammaragodu,Rural,359,1495,718,777,128,64,64,415,191,224,668,326,342,910,492,418,585,226,359,896,467,429,884,460,424,54,30,24,4,2,2,1,1,0,825,427,398,12,7,5,1,0,1,0,0,0,1,0,1,10,7,3,7,4,3,0,0,0,0,0,0,0,0,0,7,4,3,5,3,2,1,0,1,0,0,0,1,0,1,3,3,0,599,251,348
29,570,0099,610006,0000,000000,KARNATAKA,Chikmagalur,VILLAGE,Gonibeedu,Rural,708,2941,1451,1490,275,125,150,414,225,189,352,168,184,2003,1082,921,938,369,569,1424,892,532,1422,890,532,88,75,13,2,1,1,3,2,1,1329,812,517,2,2,0,0,0,0,0,0,0,0,0,0,2,2,0,2,2,0,0,0,0,0,0,0,0,0,0,2,2,0,0,0,0,0,0,0,0,0,0,0,0,0,0,0,0,1517,559,958
29,570,0099,610007,0000,000000,KARNATAKA,Chikmagalur,VILLAGE,G.Agrahara,Rural,474,1909,916,993,154,68,86,571,280,291,211,105,106,1345,706,639,564,210,354,1012,593,419,886,575,311,116,110,6,283,151,132,5,4,1,482,310,172,126,18,108,6,1,5,101,9,92,10,5,5,9,3,6,110,13,97,5,1,4,92,8,84,6,3,3,7,1,6,16,5,11,1,0,1,9,1,8,4,2,2,2,2,0,897,323,574
29,570,0099,610008,0000,000000,KARNATAKA,Chikmagalur,VILLAGE,Nidagodu,Rural,82,347,180,167,41,25,16,34,19,15,92,49,43,233,129,104,114,51,63,160,117,43,160,117,43,28,27,1,99,63,36,0,0,0,33,27,6,0,0,0,0,0,0,0,0,0,0,0,0,0,0,0,0,0,0,0,0,0,0,0,0,0,0,0,0,0,0,0,0,0,0,0,0,0,0,0,0,0,0,0,0,0,187,63,124
29,570,0099,610009,0000,000000,KARNATAKA,Chikmagalur,VILLAGE,Anajooru,Rural,158,717,346,371,92,38,54,197,88,109,10,6,4,484,269,215,233,77,156,331,208,123,329,208,121,37,26,11,0,0,0,12,2,10,280,180,100,2,0,2,0,0,0,0,0,0,1,0,1,1,0,1,2,0,2,0,0,0,0,0,0,1,0,1,1,0,1,0,0,0,0,0,0,0,0,0,0,0,0,0,0,0,386,138,248
29,570,0099,610010,0000,000000,KARNATAKA,Chikmagalur,VILLAGE,Uggehalli,Rural,175,647,324,323,56,28,28,232,109,123,73,34,39,404,233,171,243,91,152,437,224,213,349,197,152,98,62,36,58,14,44,3,2,1,190,119,71,88,27,61,25,14,11,46,5,41,3,1,2,14,7,7,79,25,54,25,14,11,40,4,36,3,1,2,11,6,5,9,2,7,0,0,0,6,1,5,0,0,0,3,1,2,210,100,110
29,570,0099,610011,0000,000000,KARNATAKA,Chikmagalur,VILLAGE,Angadi,Rural,262,1084,524,560,89,52,37,484,233,251,4,1,3,728,374,354,356,150,206,628,342,286,501,327,174,134,110,24,4,4,0,0,0,0,363,213,150,127,15,112,1,0,1,1,1,0,0,0,0,125,14,111,115,10,105,1,0,1,1,1,0,0,0,0,113,9,104,12,5,7,0,0,0,0,0,0,0,0,0,12,5,7,456,182,274
29,570,0099,610012,0000,000000,KARNATAKA,Chikmagalur,VILLAGE,Devarunda,Rural,232,891,423,468,103,53,50,242,104,138,74,38,36,550,294,256,341,129,212,513,286,227,484,275,209,8,5,3,0,0,0,0,0,0,476,270,206,29,11,18,0,0,0,0,0,0,0,0,0,29,11,18,27,10,17,0,0,0,0,0,0,0,0,0,27,10,17,2,1,1,0,0,0,0,0,0,0,0,0,2,1,1,378,137,241
29,570,0099,610013,0000,000000,KARNATAKA,Chikmagalur,VILLAGE,Gowdahalli,Rural,110,431,205,226,31,14,17,49,20,29,9,4,5,342,177,165,89,28,61,268,149,119,268,149,119,1,1,0,2,0,2,0,0,0,265,148,117,0,0,0,0,0,0,0,0,0,0,0,0,0,0,0,0,0,0,0,0,0,0,0,0,0,0,0,0,0,0,0,0,0,0,0,0,0,0,0,0,0,0,0,0,0,163,56,107
29,570,0099,610014,0000,000000,KARNATAKA,Chikmagalur,VILLAGE,Hemmadi,Rural,16,66,31,35,1,0,1,5,2,3,0,0,0,54,29,25,12,2,10,44,25,19,44,25,19,0,0,0,1,1,0,0,0,0,43,24,19,0,0,0,0,0,0,0,0,0,0,0,0,0,0,0,0,0,0,0,0,0,0,0,0,0,0,0,0,0,0,0,0,0,0,0,0,0,0,0,0,0,0,0,0,0,22,6,16
29,570,0099,610015,0000,000000,KARNATAKA,Chikmagalur,VILLAGE,U.Hosahalli,Rural,35,117,58,59,12,8,4,27,11,16,0,0,0,83,46,37,34,12,22,71,38,33,67,37,30,5,4,1,8,4,4,1,0,1,53,29,24,4,1,3,0,0,0,3,0,3,0,0,0,1,1,0,3,1,2,0,0,0,2,0,2,0,0,0,1,1,0,1,0,1,0,0,0,1,0,1,0,0,0,0,0,0,46,20,26
29,570,0099,610016,0000,000000,KARNATAKA,Chikmagalur,VILLAGE,Hosakere,Rural,55,251,133,118,27,13,14,107,58,49,1,0,1,213,115,98,38,18,20,195,102,93,120,75,45,22,22,0,89,48,41,0,0,0,9,5,4,75,27,48,4,3,1,71,24,47,0,0,0,0,0,0,75,27,48,4,3,1,71,24,47,0,0,0,0,0,0,0,0,0,0,0,0,0,0,0,0,0,0,0,0,0,56,31,25
29,570,0099,610017,0000,000000,KARNATAKA,Chikmagalur,VILLAGE,Byrapura,Rural,53,221,109,112,18,10,8,79,36,43,0,0,0,195,99,96,26,10,16,162,77,85,136,67,69,42,40,2,85,22,63,0,0,0,9,5,4,26,10,16,2,2,0,24,8,16,0,0,0,0,0,0,22,10,12,2,2,0,20,8,12,0,0,0,0,0,0,4,0,4,0,0,0,4,0,4,0,0,0,0,0,0,59,32,27
29,570,0099,610018,0000,000000,KARNATAKA,Chikmagalur,VILLAGE,Byrapura Estate,Rural,10,16,9,7,0,0,0,0,0,0,6,3,3,12,7,5,4,2,2,16,9,7,15,9,6,0,0,0,0,0,0,1,1,0,14,8,6,1,0,1,0,0,0,0,0,0,0,0,0,1,0,1,1,0,1,0,0,0,0,0,0,0,0,0,1,0,1,0,0,0,0,0,0,0,0,0,0,0,0,0,0,0,0,0,0
29,570,0099,610019,0000,000000,KARNATAKA,Chikmagalur,VILLAGE,Mekanagadde,Rural,43,142,70,72,10,6,4,34,14,20,17,8,9,99,53,46,43,17,26,94,49,45,72,39,33,0,0,0,7,3,4,0,0,0,65,36,29,22,10,12,0,0,0,22,10,12,0,0,0,0,0,0,22,10,12,0,0,0,22,10,12,0,0,0,0,0,0,0,0,0,0,0,0,0,0,0,0,0,0,0,0,0,48,21,27
29,570,0099,610020,0000,000000,KARNATAKA,Chikmagalur,VILLAGE,Harmakki,Rural,71,279,136,143,15,7,8,21,9,12,39,20,19,242,120,122,37,16,21,177,88,89,171,87,84,92,48,44,47,23,24,2,2,0,30,14,16,6,1,5,1,0,1,2,1,1,0,0,0,3,0,3,6,1,5,1,0,1,2,1,1,0,0,0,3,0,3,0,0,0,0,0,0,0,0,0,0,0,0,0,0,0,102,48,54
29,570,0099,610021,0000,000000,KARNATAKA,Chikmagalur,VILLAGE,Kannehalli,Rural,139,480,241,239,53,26,27,77,43,34,159,71,88,278,161,117,202,80,122,298,165,133,296,164,132,2,1,1,5,3,2,0,0,0,289,160,129,2,1,1,1,0,1,0,0,0,0,0,0,1,1,0,1,1,0,0,0,0,0,0,0,0,0,0,1,1,0,1,0,1,1,0,1,0,0,0,0,0,0,0,0,0,182,76,106
29,570,0099,610022,0000,000000,KARNATAKA,Chikmagalur,VILLAGE,Bettadamane,Rural,192,727,343,384,48,25,23,239,124,115,104,47,57,521,278,243,206,65,141,368,199,169,151,93,58,39,31,8,6,4,2,6,2,4,100,56,44,217,106,111,5,3,2,185,88,97,11,7,4,16,8,8,27,16,11,3,3,0,14,7,7,3,1,2,7,5,2,190,90,100,2,0,2,171,81,90,8,6,2,9,3,6,359,144,215
29,570,0099,610023,0000,000000,KARNATAKA,Chikmagalur,VILLAGE,Chinniga,Rural,343,1280,615,665,132,67,65,306,155,151,55,26,29,922,471,451,358,144,214,648,394,254,641,393,248,56,45,11,386,188,198,11,10,1,188,150,38,7,1,6,1,0,1,0,0,0,1,0,1,5,1,4,6,1,5,1,0,1,0,0,0,1,0,1,4,1,3,1,0,1,0,0,0,0,0,0,0,0,0,1,0,1,632,221,411
29,570,0099,610024,0000,000000,KARNATAKA,Chikmagalur,VILLAGE,Udase,Rural,220,867,420,447,77,33,44,278,138,140,137,66,71,502,286,216,365,134,231,467,273,194,467,273,194,102,91,11,0,0,0,0,0,0,365,182,183,0,0,0,0,0,0,0,0,0,0,0,0,0,0,0,0,0,0,0,0,0,0,0,0,0,0,0,0,0,0,0,0,0,0,0,0,0,0,0,0,0,0,0,0,0,400,147,253
29,570,0099,610025,0000,000000,KARNATAKA,Chikmagalur,VILLAGE,G.Hanumanahalli,Rural,35,146,63,83,16,10,6,3,1,2,81,36,45,87,36,51,59,27,32,72,42,30,69,40,29,7,7,0,10,5,5,0,0,0,52,28,24,3,2,1,0,0,0,0,0,0,0,0,0,3,2,1,3,2,1,0,0,0,0,0,0,0,0,0,3,2,1,0,0,0,0,0,0,0,0,0,0,0,0,0,0,0,74,21,53
29,570,0099,610026,0000,000000,KARNATAKA,Chikmagalur,VILLAGE,G.Hosahalli,Rural,362,1454,723,731,123,60,63,118,53,65,639,320,319,982,544,438,472,179,293,826,454,372,795,442,353,60,53,7,34,19,15,0,0,0,701,370,331,31,12,19,2,1,1,22,6,16,0,0,0,7,5,2,30,11,19,2,1,1,22,6,16,0,0,0,6,4,2,1,1,0,0,0,0,0,0,0,0,0,0,1,1,0,628,269,359
29,570,0099,610027,0000,000000,KARNATAKA,Chikmagalur,VILLAGE,Chakkodige,Rural,33,147,74,73,10,4,6,0,0,0,6,4,2,117,64,53,30,10,20,63,45,18,46,38,8,37,33,4,4,2,2,0,0,0,5,3,2,17,7,10,12,7,5,5,0,5,0,0,0,0,0,0,16,7,9,12,7,5,4,0,4,0,0,0,0,0,0,1,0,1,0,0,0,1,0,1,0,0,0,0,0,0,84,29,55
29,570,0099,610028,0000,000000,KARNATAKA,Chikmagalur,VILLAGE,Hegravalli,Rural,92,379,191,188,44,25,19,95,43,52,136,68,68,190,103,87,189,88,101,202,115,87,151,97,54,35,33,2,107,57,50,0,0,0,9,7,2,51,18,33,6,4,2,42,11,31,0,0,0,3,3,0,40,14,26,6,4,2,32,8,24,0,0,0,2,2,0,11,4,7,0,0,0,10,3,7,0,0,0,1,1,0,177,76,101
29,570,0099,610029,0000,000000,KARNATAKA,Chikmagalur,VILLAGE,Kirugunda,Rural,148,587,284,303,65,30,35,324,159,165,34,12,22,377,196,181,210,88,122,341,185,156,302,163,139,8,4,4,0,0,0,0,0,0,294,159,135,39,22,17,0,0,0,0,0,0,0,0,0,39,22,17,38,22,16,0,0,0,0,0,0,0,0,0,38,22,16,1,0,1,0,0,0,0,0,0,0,0,0,1,0,1,246,99,147
29,570,0099,610030,0000,000000,KARNATAKA,Chikmagalur,VILLAGE,Chimmatagere,Rural,28,101,49,52,7,4,3,41,19,22,0,0,0,74,43,31,27,6,21,50,34,16,49,34,15,15,15,0,0,0,0,0,0,0,34,19,15,1,0,1,0,0,0,0,0,0,0,0,0,1,0,1,1,0,1,0,0,0,0,0,0,0,0,0,1,0,1,0,0,0,0,0,0,0,0,0,0,0,0,0,0,0,51,15,36
29,570,0099,610031,0000,000000,KARNATAKA,Chikmagalur,VILLAGE,Hiresigara,Rural,133,498,242,256,50,31,19,161,72,89,16,9,7,357,179,178,141,63,78,239,158,81,238,158,80,52,47,5,8,7,1,0,0,0,178,104,74,1,0,1,0,0,0,1,0,1,0,0,0,0,0,0,1,0,1,0,0,0,1,0,1,0,0,0,0,0,0,0,0,0,0,0,0,0,0,0,0,0,0,0,0,0,259,84,175
