State/UTs_Code,District_Code,CD Block_Code,Town/Village_Code,Ward_Code,EB_Code,State/UTs_Name,District_Name,Level,Name,Total/Rural/Urban,No of Households,Total Population Person,Total Population Male,Total Population Female,Population in the age group 0-6 Person,Population in the age group 0-6 Male,Population in the age group 0-6 Female,Scheduled Castes population Person,Scheduled Castes population Male,Scheduled Castes population Female,Scheduled Tribes population Person,Scheduled Tribes population Male,Scheduled Tribes population Female,Literates Population Person,Literates Population Male,Literates Population Female,Illiterate Persons,Illiterate Male,Illiterate Female,Total Worker Population Person,Total Worker Population Male,Total Worker Population Female,Main Working Population Person,Main Working Population Male,Main Working Population Female,Main Cultivator Population Person,Main Cultivator Population Male,Main Cultivator Population Female,Main Agricultural Labourers Population Person,Main Agricultural Labourers Population Male,Main Agricultural Labourers Population Female,Main Household Industries Population Person,Main Household Industries Population Male,Main Household Industries Population Female,Main Other Workers Population Person,Main Other Workers Population Male,Main Other Workers Population Female,Marginal Worker Population Person,Marginal Worker Population Male,Marginal Worker Population Female,Marginal Cultivator Population Person,Marginal Cultivator Population Male,Marginal Cultivator Population Female,Marginal Agriculture Labourers Population Person,Marginal Agriculture Labourers Population Male,Marginal Agriculture Labourers Population Female,Marginal Household Industries Population Person,Marginal Household Industries Population Male,Marginal Household Industries Population Female,Marginal Other Workers Population Person,Marginal Other Workers Population Male,Marginal Other Workers Population Female,Marginal Worker Population 3_6 Person,Marginal Worker Population 3_6 Male,Marginal Worker Population 3_6 Female,Marginal Cultivator Population 3_6 Person,Marginal Cultivator Population 3_6 Male,Marginal Cultivator Population 3_6 Female,Marginal Agriculture Labourers Population 3_6 Person,Marginal Agriculture Labourers Population 3_6 Male,Marginal Agriculture Labourers Population 3_6 Female,Marginal Household Industries Population 3_6 Person,Marginal Household Industries Population 3_6 Male,Marginal Household Industries Population 3-6 Female,Marginal Other Workers Population Person 3_6 Person,Marginal Other Workers Population Person 3_6 Male,Marginal Other Workers Population Person 3_6 Female,Marginal Worker Population 0_3 Person,Marginal Worker Population 0_3 Male,Marginal Worker Population 0_3_Female,Marginal Cultivator Population 0_3 Person,Marginal Cultivator Population 0_3 Male,Marginal Cultivator Population 0_3_Female,Marginal Agriculture Labourers Population 0_3 Person,Marginal Agriculture Labourers Population 0_3 Male,Marginal Agriculture Labourers Population 0_3 Female,Marginal Household Industries Population 0_3 Person,Marginal Household Industries Population 0_3 Male,Marginal Household Industries Population 0_3 Female,Marginal Other Workers Population 0_3 Person,Marginal Other Workers Population 0_3 Male,Marginal Other Workers Population 0_3 Female,Non Working Population Person,Non Working Population Male,Non Working Population Female
29,567,0077,000000,0000,000000,KARNATAKA,Davanagere,CD BLOCK,Harihar ,Total,36056,176723,90013,86710,19542,10174,9368,24224,12208,12016,18702,9456,9246,114136,63748,50388,62587,26265,36322,77903,54891,23012,59314,45434,13880,20709,18791,1918,22835,14326,8509,1544,975,569,14226,11342,2884,18589,9457,9132,1503,769,734,10480,4925,5555,1665,834,831,4941,2929,2012,15852,7986,7866,1403,725,678,9514,4436,5078,1120,577,543,3815,2248,1567,2737,1471,1266,100,44,56,966,489,477,545,257,288,1126,681,445,98820,35122,63698
29,567,0077,000000,0000,000000,KARNATAKA,Davanagere,CD BLOCK,Harihar ,Rural,33324,163668,83306,80362,18086,9441,8645,22295,11254,11041,18171,9185,8986,104695,58538,46157,58973,24768,34205,72971,51060,21911,55462,42242,13220,20371,18464,1907,22506,14070,8436,1448,905,543,11137,8803,2334,17509,8818,8691,1472,740,732,10409,4894,5515,1542,768,774,4086,2416,1670,14824,7367,7457,1372,696,676,9445,4405,5040,1011,511,500,2996,1755,1241,2685,1451,1234,100,44,56,964,489,475,531,257,274,1090,661,429,90697,32246,58451
29,567,0077,000000,0000,000000,KARNATAKA,Davanagere,CD BLOCK,Harihar ,Urban,2732,13055,6707,6348,1456,733,723,1929,954,975,531,271,260,9441,5210,4231,3614,1497,2117,4932,3831,1101,3852,3192,660,338,327,11,329,256,73,96,70,26,3089,2539,550,1080,639,441,31,29,2,71,31,40,123,66,57,855,513,342,1028,619,409,31,29,2,69,31,38,109,66,43,819,493,326,52,20,32,0,0,0,2,0,2,14,0,14,36,20,16,8123,2876,5247
29,567,0077,606204,0000,000000,KARNATAKA,Davanagere,VILLAGE,Huliginahole,Rural,122,600,317,283,72,40,32,26,14,12,131,66,65,389,238,151,211,79,132,240,185,55,217,167,50,94,94,0,117,69,48,0,0,0,6,4,2,23,18,5,5,5,0,17,12,5,0,0,0,1,1,0,23,18,5,5,5,0,17,12,5,0,0,0,1,1,0,0,0,0,0,0,0,0,0,0,0,0,0,0,0,0,360,132,228
29,567,0077,606205,0000,000000,KARNATAKA,Davanagere,VILLAGE,Ingalagondi,Rural,178,742,368,374,80,44,36,0,0,0,695,341,354,397,243,154,345,125,220,384,248,136,378,246,132,199,160,39,162,78,84,0,0,0,17,8,9,6,2,4,1,1,0,5,1,4,0,0,0,0,0,0,6,2,4,1,1,0,5,1,4,0,0,0,0,0,0,0,0,0,0,0,0,0,0,0,0,0,0,0,0,0,358,120,238
29,567,0077,606206,0000,000000,KARNATAKA,Davanagere,VILLAGE,Dhulehole,Rural,307,1542,786,756,168,87,81,424,226,198,216,115,101,1006,574,432,536,212,324,786,504,282,735,478,257,165,155,10,498,268,230,6,4,2,66,51,15,51,26,25,6,2,4,3,3,0,30,15,15,12,6,6,46,23,23,6,2,4,2,2,0,29,14,15,9,5,4,5,3,2,0,0,0,1,1,0,1,1,0,3,1,2,756,282,474
29,567,0077,606207,0000,000000,KARNATAKA,Davanagere,VILLAGE,Nandigavi,Rural,303,1430,753,677,116,67,49,231,116,115,79,45,34,1056,611,445,374,142,232,606,469,137,526,416,110,200,191,9,208,117,91,12,11,1,106,97,9,80,53,27,2,2,0,67,42,25,4,4,0,7,5,2,78,51,27,1,1,0,66,41,25,4,4,0,7,5,2,2,2,0,1,1,0,1,1,0,0,0,0,0,0,0,824,284,540
29,567,0077,606208,0000,000000,KARNATAKA,Davanagere,VILLAGE,Bilasanur,Rural,291,1373,711,662,108,59,49,128,72,56,203,104,99,959,559,400,414,152,262,818,462,356,599,382,217,150,144,6,238,144,94,110,12,98,101,82,19,219,80,139,17,12,5,102,40,62,24,2,22,76,26,50,185,73,112,16,12,4,91,35,56,22,2,20,56,24,32,34,7,27,1,0,1,11,5,6,2,0,2,20,2,18,555,249,306
29,567,0077,606209,0000,000000,KARNATAKA,Davanagere,VILLAGE,Hosahalli,Rural,164,828,418,410,56,24,32,129,60,69,15,7,8,577,334,243,251,84,167,311,274,37,271,250,21,227,215,12,12,8,4,0,0,0,32,27,5,40,24,16,5,4,1,25,19,6,0,0,0,10,1,9,40,24,16,5,4,1,25,19,6,0,0,0,10,1,9,0,0,0,0,0,0,0,0,0,0,0,0,0,0,0,517,144,373
29,567,0077,606210,0000,000000,KARNATAKA,Davanagere,VILLAGE,Kamalapura,Rural,346,1844,976,868,208,121,87,22,10,12,33,18,15,1217,720,497,627,256,371,866,609,257,408,362,46,255,238,17,86,69,17,13,13,0,54,42,12,458,247,211,85,58,27,332,162,170,8,4,4,33,23,10,441,238,203,82,55,27,326,160,166,8,4,4,25,19,6,17,9,8,3,3,0,6,2,4,0,0,0,8,4,4,978,367,611
29,567,0077,606211,0000,000000,KARNATAKA,Davanagere,VILLAGE,Sirigere,Rural,1156,5540,2787,2753,491,267,224,866,427,439,545,284,261,3799,2086,1713,1741,701,1040,2232,1671,561,2006,1534,472,738,700,38,931,560,371,16,11,5,321,263,58,226,137,89,14,9,5,156,93,63,2,0,2,54,35,19,215,132,83,14,9,5,148,89,59,1,0,1,52,34,18,11,5,6,0,0,0,8,4,4,1,0,1,2,1,1,3308,1116,2192
29,567,0077,606212,0000,000000,KARNATAKA,Davanagere,VILLAGE,Yalehole,Rural,436,2024,1035,989,210,109,101,282,142,140,280,133,147,1236,720,516,788,315,473,904,649,255,722,547,175,245,220,25,393,260,133,25,20,5,59,47,12,182,102,80,3,2,1,167,93,74,0,0,0,12,7,5,36,23,13,3,2,1,22,15,7,0,0,0,11,6,5,146,79,67,0,0,0,145,78,67,0,0,0,1,1,0,1120,386,734
29,567,0077,606213,0000,000000,KARNATAKA,Davanagere,VILLAGE,Ukkadagathri,Rural,506,2416,1267,1149,260,127,133,246,127,119,243,121,122,1548,923,625,868,344,524,1428,822,606,1152,761,391,529,460,69,318,167,151,83,11,72,222,123,99,276,61,215,103,6,97,143,48,95,2,0,2,28,7,21,254,59,195,96,5,91,133,47,86,1,0,1,24,7,17,22,2,20,7,1,6,10,1,9,1,0,1,4,0,4,988,445,543
29,567,0077,606214,0000,000000,KARNATAKA,Davanagere,VILLAGE,Malalahalli,Rural,60,269,133,136,25,10,15,2,1,1,225,109,116,159,87,72,110,46,64,100,81,19,93,81,12,69,64,5,18,14,4,0,0,0,6,3,3,7,0,7,3,0,3,3,0,3,0,0,0,1,0,1,7,0,7,3,0,3,3,0,3,0,0,0,1,0,1,0,0,0,0,0,0,0,0,0,0,0,0,0,0,0,169,52,117
29,567,0077,606215,0000,000000,KARNATAKA,Davanagere,VILLAGE,Palya,Rural,274,1298,620,678,149,73,76,293,134,159,0,0,0,807,441,366,491,179,312,463,382,81,418,357,61,156,153,3,224,174,50,4,3,1,34,27,7,45,25,20,7,6,1,29,15,14,3,2,1,6,2,4,44,25,19,7,6,1,29,15,14,2,2,0,6,2,4,1,0,1,0,0,0,0,0,0,1,0,1,0,0,0,835,238,597
29,567,0077,606216,0000,000000,KARNATAKA,Davanagere,VILLAGE,Vasana,Rural,545,2781,1448,1333,315,175,140,427,219,208,187,97,90,1767,1020,747,1014,428,586,1335,929,406,973,775,198,334,321,13,537,368,169,38,33,5,64,53,11,362,154,208,23,9,14,198,62,136,16,12,4,125,71,54,309,137,172,22,9,13,195,61,134,13,10,3,79,57,22,53,17,36,1,0,1,3,1,2,3,2,1,46,14,32,1446,519,927
29,567,0077,606217,0000,000000,KARNATAKA,Davanagere,VILLAGE,Sarkari Vasana,Rural,0,0,0,0,0,0,0,0,0,0,0,0,0,0,0,0,0,0,0,0,0,0,0,0,0,0,0,0,0,0,0,0,0,0,0,0,0,0,0,0,0,0,0,0,0,0,0,0,0,0,0,0,0,0,0,0,0,0,0,0,0,0,0,0,0,0,0,0,0,0,0,0,0,0,0,0,0,0,0,0,0,0,0,0,0
29,567,0077,606218,0000,000000,KARNATAKA,Davanagere,VILLAGE,Nandigudi,Rural,209,1121,585,536,84,49,35,158,90,68,27,8,19,844,484,360,277,101,176,375,274,101,350,259,91,182,149,33,82,49,33,4,3,1,82,58,24,25,15,10,9,3,6,12,9,3,2,2,0,2,1,1,18,12,6,5,3,2,10,7,3,1,1,0,2,1,1,7,3,4,4,0,4,2,2,0,1,1,0,0,0,0,746,311,435
29,567,0077,606219,0000,000000,KARNATAKA,Davanagere,VILLAGE,Kadaranaikanahalli,Rural,675,3337,1671,1666,361,165,196,404,206,198,802,403,399,2171,1231,940,1166,440,726,1520,1025,495,1231,959,272,287,280,7,731,503,228,1,0,1,212,176,36,289,66,223,2,0,2,240,32,208,0,0,0,47,34,13,279,61,218,2,0,2,233,29,204,0,0,0,44,32,12,10,5,5,0,0,0,7,3,4,0,0,0,3,2,1,1817,646,1171
29,567,0077,606220,0000,000000,KARNATAKA,Davanagere,VILLAGE,Yalavatti,Rural,508,2217,1118,1099,227,123,104,837,418,419,248,127,121,1433,801,632,784,317,467,985,693,292,826,627,199,391,369,22,372,211,161,10,9,1,53,38,15,159,66,93,41,25,16,76,23,53,0,0,0,42,18,24,158,66,92,41,25,16,76,23,53,0,0,0,41,18,23,1,0,1,0,0,0,0,0,0,0,0,0,1,0,1,1232,425,807
29,567,0077,606221,0000,000000,KARNATAKA,Davanagere,VILLAGE,Jigali,Rural,747,3788,1871,1917,380,186,194,429,214,215,682,335,347,2499,1389,1110,1289,482,807,1674,1124,550,1449,1075,374,479,432,47,831,534,297,9,9,0,130,100,30,225,49,176,24,14,10,23,16,7,10,1,9,168,18,150,213,46,167,23,13,10,20,16,4,5,1,4,165,16,149,12,3,9,1,1,0,3,0,3,5,0,5,3,2,1,2114,747,1367
29,567,0077,606222,0000,000000,KARNATAKA,Davanagere,VILLAGE,Hallihalu,Rural,313,1551,778,773,185,85,100,256,129,127,228,113,115,962,545,417,589,233,356,586,405,181,318,291,27,233,221,12,59,45,14,18,17,1,8,8,0,268,114,154,34,17,17,206,79,127,6,1,5,22,17,5,265,111,154,34,17,17,205,78,127,6,1,5,20,15,5,3,3,0,0,0,0,1,1,0,0,0,0,2,2,0,965,373,592
29,567,0077,606223,0000,000000,KARNATAKA,Davanagere,VILLAGE,Kambathanahalli,Rural,18,96,48,48,8,3,5,11,6,5,0,0,0,63,37,26,33,11,22,45,28,17,36,26,10,29,23,6,6,2,4,0,0,0,1,1,0,9,2,7,1,0,1,7,2,5,0,0,0,1,0,1,5,0,5,1,0,1,3,0,3,0,0,0,1,0,1,4,2,2,0,0,0,4,2,2,0,0,0,0,0,0,51,20,31
29,567,0077,606224,0000,000000,KARNATAKA,Davanagere,VILLAGE,Kokkanur,Rural,962,5054,2552,2502,597,290,307,600,286,314,1346,685,661,2886,1629,1257,2168,923,1245,2102,1631,471,1899,1540,359,801,755,46,895,614,281,25,24,1,178,147,31,203,91,112,10,6,4,155,64,91,4,3,1,34,18,16,172,88,84,10,6,4,131,64,67,4,3,1,27,15,12,31,3,28,0,0,0,24,0,24,0,0,0,7,3,4,2952,921,2031
29,567,0077,606225,0000,000000,KARNATAKA,Davanagere,VILLAGE,Hindasaghatte,Rural,436,2032,1040,992,209,120,89,465,244,221,277,135,142,1171,687,484,861,353,508,966,641,325,272,263,9,226,223,3,3,3,0,25,24,1,18,13,5,694,378,316,37,15,22,593,317,276,38,27,11,26,19,7,694,378,316,37,15,22,593,317,276,38,27,11,26,19,7,0,0,0,0,0,0,0,0,0,0,0,0,0,0,0,1066,399,667
29,567,0077,606226,0000,000000,KARNATAKA,Davanagere,VILLAGE,Govinahalu,Rural,272,1241,602,639,128,73,55,73,37,36,169,80,89,767,409,358,474,193,281,505,395,110,380,330,50,231,228,3,92,55,37,1,1,0,56,46,10,125,65,60,2,1,1,114,58,56,1,1,0,8,5,3,125,65,60,2,1,1,114,58,56,1,1,0,8,5,3,0,0,0,0,0,0,0,0,0,0,0,0,0,0,0,736,207,529
29,567,0077,606227,0000,000000,KARNATAKA,Davanagere,VILLAGE,Baggadanahalu,Rural,0,0,0,0,0,0,0,0,0,0,0,0,0,0,0,0,0,0,0,0,0,0,0,0,0,0,0,0,0,0,0,0,0,0,0,0,0,0,0,0,0,0,0,0,0,0,0,0,0,0,0,0,0,0,0,0,0,0,0,0,0,0,0,0,0,0,0,0,0,0,0,0,0,0,0,0,0,0,0,0,0,0,0,0,0
29,567,0077,606228,0000,000000,KARNATAKA,Davanagere,VILLAGE,Muginagondi,Rural,138,624,320,304,72,45,27,198,97,101,0,0,0,423,227,196,201,93,108,272,189,83,272,189,83,156,122,34,89,43,46,0,0,0,27,24,3,0,0,0,0,0,0,0,0,0,0,0,0,0,0,0,0,0,0,0,0,0,0,0,0,0,0,0,0,0,0,0,0,0,0,0,0,0,0,0,0,0,0,0,0,0,352,131,221
29,567,0077,606229,0000,000000,KARNATAKA,Davanagere,VILLAGE,Guddada Thumminakatte,Rural,197,1011,506,505,149,84,65,60,28,32,217,105,112,478,276,202,533,230,303,536,321,215,514,317,197,305,206,99,190,96,94,3,3,0,16,12,4,22,4,18,8,2,6,12,1,11,0,0,0,2,1,1,22,4,18,8,2,6,12,1,11,0,0,0,2,1,1,0,0,0,0,0,0,0,0,0,0,0,0,0,0,0,475,185,290
29,567,0077,606230,0000,000000,KARNATAKA,Davanagere,VILLAGE,Bevinahalli,Rural,541,2603,1299,1304,304,169,135,114,54,60,954,482,472,1613,886,727,990,413,577,1125,809,316,721,583,138,435,410,25,222,126,96,2,1,1,62,46,16,404,226,178,35,32,3,349,181,168,1,0,1,19,13,6,367,209,158,35,32,3,312,164,148,1,0,1,19,13,6,37,17,20,0,0,0,37,17,20,0,0,0,0,0,0,1478,490,988
29,567,0077,606231,0000,000000,KARNATAKA,Davanagere,VILLAGE,Vadera Basapura,Rural,114,505,255,250,53,29,24,63,27,36,0,0,0,380,205,175,125,50,75,272,152,120,265,147,118,148,97,51,108,46,62,0,0,0,9,4,5,7,5,2,0,0,0,2,1,1,0,0,0,5,4,1,7,5,2,0,0,0,2,1,1,0,0,0,5,4,1,0,0,0,0,0,0,0,0,0,0,0,0,0,0,0,233,103,130
29,567,0077,606232,0000,000000,KARNATAKA,Davanagere,VILLAGE,Kumbalur,Rural,984,4650,2344,2306,475,248,227,757,370,387,172,84,88,3135,1724,1411,1515,620,895,2366,1476,890,1633,1135,498,571,507,64,864,479,385,26,24,2,172,125,47,733,341,392,61,34,27,552,246,306,11,4,7,109,57,52,728,340,388,58,33,25,552,246,306,9,4,5,109,57,52,5,1,4,3,1,2,0,0,0,2,0,2,0,0,0,2284,868,1416
29,567,0077,606233,0000,000000,KARNATAKA,Davanagere,VILLAGE,Nandi Tavare,Rural,504,2277,1133,1144,227,116,111,411,206,205,99,43,56,1495,845,650,782,288,494,968,737,231,841,683,158,429,393,36,308,209,99,10,8,2,94,73,21,127,54,73,47,25,22,63,16,47,2,2,0,15,11,4,122,54,68,44,25,19,63,16,47,2,2,0,13,11,2,5,0,5,3,0,3,0,0,0,0,0,0,2,0,2,1309,396,913
29,567,0077,606234,0000,000000,KARNATAKA,Davanagere,VILLAGE,Kunibelakere,Rural,791,3973,2048,1925,434,218,216,976,480,496,331,164,167,2347,1363,984,1626,685,941,1851,1272,579,1821,1257,564,737,674,63,872,490,382,18,16,2,194,77,117,30,15,15,6,4,2,11,4,7,0,0,0,13,7,6,28,13,15,6,4,2,10,3,7,0,0,0,12,6,6,2,2,0,0,0,0,1,1,0,0,0,0,1,1,0,2122,776,1346
29,567,0077,606235,0000,000000,KARNATAKA,Davanagere,VILLAGE,Budihalu,Rural,373,1650,823,827,190,104,86,210,111,99,243,118,125,1035,567,468,615,256,359,735,508,227,466,383,83,246,237,9,149,91,58,0,0,0,71,55,16,269,125,144,15,7,8,239,109,130,2,1,1,13,8,5,261,119,142,15,7,8,239,109,130,1,1,0,6,2,4,8,6,2,0,0,0,0,0,0,1,0,1,7,6,1,915,315,600
29,567,0077,606236,0000,000000,KARNATAKA,Davanagere,VILLAGE,Adapura,Rural,238,1196,613,583,166,93,73,987,505,482,29,16,13,653,365,288,543,248,295,595,359,236,470,291,179,88,63,25,326,186,140,15,9,6,41,33,8,125,68,57,1,1,0,8,1,7,22,12,10,94,54,40,122,66,56,1,1,0,8,1,7,19,10,9,94,54,40,3,2,1,0,0,0,0,0,0,3,2,1,0,0,0,601,254,347
29,567,0077,606237,0000,000000,KARNATAKA,Davanagere,VILLAGE,Nittur,Rural,490,2382,1215,1167,235,136,99,285,144,141,91,44,47,1622,880,742,760,335,425,1076,755,321,959,707,252,342,315,27,515,330,185,19,17,2,83,45,38,117,48,69,14,6,8,45,21,24,5,2,3,53,19,34,108,44,64,12,4,8,44,21,23,4,2,2,48,17,31,9,4,5,2,2,0,1,0,1,1,0,1,5,2,3,1306,460,846
29,567,0077,606238,0000,000000,KARNATAKA,Davanagere,VILLAGE,Malebennur,Rural,4518,22512,11312,11200,2756,1400,1356,1573,761,812,930,462,468,15217,8015,7202,7295,3297,3998,9054,6766,2288,6084,4901,1183,645,595,50,1338,841,497,343,185,158,3758,3280,478,2970,1865,1105,67,41,26,411,280,131,1070,523,547,1422,1021,401,1633,992,641,59,33,26,175,86,89,585,282,303,814,591,223,1337,873,464,8,8,0,236,194,42,485,241,244,608,430,178,13458,4546,8912
29,567,0077,606239,0000,000000,KARNATAKA,Davanagere,VILLAGE,Komaranahalli,Rural,378,1704,867,837,183,99,84,204,108,96,55,25,30,1079,623,456,625,244,381,815,544,271,777,523,254,173,162,11,426,208,218,0,0,0,178,153,25,38,21,17,5,3,2,16,4,12,0,0,0,17,14,3,32,17,15,4,2,2,13,3,10,0,0,0,15,12,3,6,4,2,1,1,0,3,1,2,0,0,0,2,2,0,889,323,566
29,567,0077,606240,0000,000000,KARNATAKA,Davanagere,VILLAGE,Koppa,Rural,55,380,189,191,52,30,22,6,4,2,46,21,25,235,126,109,145,63,82,215,118,97,43,41,2,35,34,1,6,6,0,0,0,0,2,1,1,172,77,95,1,1,0,161,72,89,1,0,1,9,4,5,162,77,85,1,1,0,151,72,79,1,0,1,9,4,5,10,0,10,0,0,0,10,0,10,0,0,0,0,0,0,165,71,94
29,567,0077,606241,0000,000000,KARNATAKA,Davanagere,VILLAGE,Chikkathammanahalli,Rural,0,0,0,0,0,0,0,0,0,0,0,0,0,0,0,0,0,0,0,0,0,0,0,0,0,0,0,0,0,0,0,0,0,0,0,0,0,0,0,0,0,0,0,0,0,0,0,0,0,0,0,0,0,0,0,0,0,0,0,0,0,0,0,0,0,0,0,0,0,0,0,0,0,0,0,0,0,0,0,0,0,0,0,0,0
29,567,0077,606242,0000,000000,KARNATAKA,Davanagere,VILLAGE,Dibbadahalli,Rural,41,224,120,104,21,10,11,28,13,15,0,0,0,163,99,64,61,21,40,102,71,31,82,66,16,46,46,0,32,16,16,0,0,0,4,4,0,20,5,15,0,0,0,18,4,14,0,0,0,2,1,1,20,5,15,0,0,0,18,4,14,0,0,0,2,1,1,0,0,0,0,0,0,0,0,0,0,0,0,0,0,0,122,49,73
29,567,0077,606243,0000,000000,KARNATAKA,Davanagere,VILLAGE,Halivana,Rural,848,4084,2062,2022,464,239,225,296,156,140,468,224,244,2617,1499,1118,1467,563,904,1936,1291,645,1298,1124,174,608,588,20,478,352,126,8,7,1,204,177,27,638,167,471,13,4,9,583,135,448,2,1,1,40,27,13,610,151,459,12,3,9,562,125,437,1,1,0,35,22,13,28,16,12,1,1,0,21,10,11,1,0,1,5,5,0,2148,771,1377
29,567,0077,606244,0000,000000,KARNATAKA,Davanagere,VILLAGE,Mudalabasapura,Rural,0,0,0,0,0,0,0,0,0,0,0,0,0,0,0,0,0,0,0,0,0,0,0,0,0,0,0,0,0,0,0,0,0,0,0,0,0,0,0,0,0,0,0,0,0,0,0,0,0,0,0,0,0,0,0,0,0,0,0,0,0,0,0,0,0,0,0,0,0,0,0,0,0,0,0,0,0,0,0,0,0,0,0,0,0
29,567,0077,606245,0000,000000,KARNATAKA,Davanagere,VILLAGE,Guladahalli,Rural,285,1295,663,632,137,75,62,139,69,70,101,50,51,853,468,385,442,195,247,677,418,259,495,361,134,242,205,37,199,107,92,26,26,0,28,23,5,182,57,125,17,3,14,144,38,106,5,4,1,16,12,4,178,55,123,16,2,14,143,38,105,4,3,1,15,12,3,4,2,2,1,1,0,1,0,1,1,1,0,1,0,1,618,245,373
29,567,0077,606246,0000,000000,KARNATAKA,Davanagere,VILLAGE,Sanklipura,Rural,224,1161,601,560,142,71,71,0,0,0,97,43,54,887,496,391,274,105,169,483,391,92,458,378,80,264,264,0,143,71,72,1,1,0,50,42,8,25,13,12,3,2,1,18,7,11,0,0,0,4,4,0,22,10,12,2,1,1,16,5,11,0,0,0,4,4,0,3,3,0,1,1,0,2,2,0,0,0,0,0,0,0,678,210,468
29,567,0077,606247,0000,000000,KARNATAKA,Davanagere,VILLAGE,Mallanaikanahalli,Rural,298,1372,693,679,144,69,75,157,82,75,80,42,38,798,445,353,574,248,326,698,428,270,673,415,258,105,95,10,546,305,241,4,3,1,18,12,6,25,13,12,3,2,1,17,8,9,0,0,0,5,3,2,24,12,12,3,2,1,17,8,9,0,0,0,4,2,2,1,1,0,0,0,0,0,0,0,0,0,0,1,1,0,674,265,409
29,567,0077,606248,0000,000000,KARNATAKA,Davanagere,VILLAGE,Haralahalli,Rural,505,2453,1231,1222,256,125,131,304,152,152,298,146,152,1483,827,656,970,404,566,1241,789,452,919,648,271,313,284,29,442,244,198,14,9,5,150,111,39,322,141,181,16,10,6,285,120,165,1,0,1,20,11,9,286,126,160,11,6,5,260,113,147,1,0,1,14,7,7,36,15,21,5,4,1,25,7,18,0,0,0,6,4,2,1212,442,770
29,567,0077,606249,0000,000000,KARNATAKA,Davanagere,VILLAGE,Thimlapura,Rural,90,496,253,243,51,32,19,11,6,5,0,0,0,265,157,108,231,96,135,195,144,51,193,144,49,59,53,6,33,11,22,3,3,0,98,77,21,2,0,2,2,0,2,0,0,0,0,0,0,0,0,0,2,0,2,2,0,2,0,0,0,0,0,0,0,0,0,0,0,0,0,0,0,0,0,0,0,0,0,0,0,0,301,109,192
29,567,0077,606250,0000,000000,KARNATAKA,Davanagere,VILLAGE,Rajanahalli,Rural,593,3034,1602,1432,302,156,146,818,419,399,360,236,124,2036,1209,827,998,393,605,1132,876,256,979,762,217,307,273,34,345,206,139,4,2,2,323,281,42,153,114,39,17,16,1,44,28,16,8,6,2,84,64,20,150,112,38,16,15,1,43,27,16,8,6,2,83,64,19,3,2,1,1,1,0,1,1,0,0,0,0,1,0,1,1902,726,1176
29,567,0077,606251,0000,000000,KARNATAKA,Davanagere,VILLAGE,Halasabalu,Rural,260,1257,647,610,143,77,66,55,32,23,62,32,30,863,476,387,394,171,223,508,386,122,417,348,69,179,171,8,91,57,34,4,4,0,143,116,27,91,38,53,3,2,1,51,10,41,1,0,1,36,26,10,89,36,53,3,2,1,51,10,41,1,0,1,34,24,10,2,2,0,0,0,0,0,0,0,0,0,0,2,2,0,749,261,488
29,567,0077,606252,0000,000000,KARNATAKA,Davanagere,VILLAGE,Haraganahalli,Rural,138,632,322,310,68,34,34,0,0,0,152,78,74,430,239,191,202,83,119,257,184,73,112,100,12,85,85,0,4,3,1,0,0,0,23,12,11,145,84,61,0,0,0,108,55,53,1,1,0,36,28,8,139,81,58,0,0,0,108,55,53,1,1,0,30,25,5,6,3,3,0,0,0,0,0,0,0,0,0,6,3,3,375,138,237
29,567,0077,606253,0000,000000,KARNATAKA,Davanagere,VILLAGE,Nagenahalli,Rural,241,1160,604,556,177,82,95,6,2,4,0,0,0,760,458,302,400,146,254,402,349,53,301,288,13,241,237,4,38,36,2,8,7,1,14,8,6,101,61,40,2,2,0,98,59,39,0,0,0,1,0,1,101,61,40,2,2,0,98,59,39,0,0,0,1,0,1,0,0,0,0,0,0,0,0,0,0,0,0,0,0,0,758,255,503
29,567,0077,606254,0000,000000,KARNATAKA,Davanagere,VILLAGE,Ramathirtha,Rural,146,721,373,348,70,29,41,62,35,27,59,31,28,536,308,228,185,65,120,415,282,133,170,157,13,126,125,1,0,0,0,9,9,0,35,23,12,245,125,120,90,27,63,132,80,52,21,16,5,2,2,0,214,111,103,70,17,53,121,76,45,21,16,5,2,2,0,31,14,17,20,10,10,11,4,7,0,0,0,0,0,0,306,91,215
29,567,0077,606255,0000,000000,KARNATAKA,Davanagere,VILLAGE,Rayapura,Rural,4,27,15,12,4,1,3,0,0,0,0,0,0,16,10,6,11,5,6,13,10,3,13,10,3,5,4,1,8,6,2,0,0,0,0,0,0,0,0,0,0,0,0,0,0,0,0,0,0,0,0,0,0,0,0,0,0,0,0,0,0,0,0,0,0,0,0,0,0,0,0,0,0,0,0,0,0,0,0,0,0,0,14,5,9
29,567,0077,606256,0000,000000,KARNATAKA,Davanagere,VILLAGE,Bhanuvalli,Rural,1754,8873,4525,4348,1014,527,487,927,466,461,835,405,430,5636,3110,2526,3237,1415,1822,3775,2800,975,2681,2106,575,899,842,57,960,645,315,83,35,48,739,584,155,1094,694,400,43,36,7,665,422,243,60,27,33,326,209,117,996,670,326,40,34,6,602,413,189,54,25,29,300,198,102,98,24,74,3,2,1,63,9,54,6,2,4,26,11,15,5098,1725,3373
29,567,0077,606257,0000,000000,KARNATAKA,Davanagere,VILLAGE,Lakkasettihalli,Rural,176,811,408,403,80,39,41,12,6,6,27,13,14,514,276,238,297,132,165,281,232,49,169,158,11,139,139,0,1,1,0,1,1,0,28,17,11,112,74,38,3,3,0,8,7,1,90,59,31,11,5,6,107,70,37,3,3,0,4,4,0,89,58,31,11,5,6,5,4,1,0,0,0,4,3,1,1,1,0,0,0,0,530,176,354
29,567,0077,606258,0000,000000,KARNATAKA,Davanagere,VILLAGE,Yakkegondi,Rural,248,1211,634,577,150,79,71,211,117,94,37,14,23,724,431,293,487,203,284,523,397,126,458,373,85,188,180,8,156,120,36,10,6,4,104,67,37,65,24,41,0,0,0,58,21,37,1,0,1,6,3,3,65,24,41,0,0,0,58,21,37,1,0,1,6,3,3,0,0,0,0,0,0,0,0,0,0,0,0,0,0,0,688,237,451
29,567,0077,606259,0000,000000,KARNATAKA,Davanagere,VILLAGE,Byaladahalli,Rural,44,206,106,100,25,13,12,1,1,0,0,0,0,134,76,58,72,30,42,74,58,16,71,56,15,28,28,0,31,25,6,1,0,1,11,3,8,3,2,1,0,0,0,1,1,0,0,0,0,2,1,1,3,2,1,0,0,0,1,1,0,0,0,0,2,1,1,0,0,0,0,0,0,0,0,0,0,0,0,0,0,0,132,48,84
29,567,0077,606260,0000,000000,KARNATAKA,Davanagere,VILLAGE,Belludi,Rural,1514,7451,3820,3631,858,432,426,1102,573,529,814,414,400,4357,2465,1892,3094,1355,1739,3234,2425,809,3053,2347,706,691,663,28,1889,1330,559,160,139,21,313,215,98,181,78,103,22,13,9,116,53,63,6,1,5,37,11,26,167,76,91,22,13,9,107,52,55,5,0,5,33,11,22,14,2,12,0,0,0,9,1,8,1,1,0,4,0,4,4217,1395,2822
29,567,0077,606261,0000,000000,KARNATAKA,Davanagere,VILLAGE,Hanagawadi,Rural,638,2985,1548,1437,306,174,132,339,173,166,484,256,228,2065,1126,939,920,422,498,1366,998,368,1227,928,299,470,381,89,617,429,188,2,2,0,138,116,22,139,70,69,7,4,3,123,62,61,3,1,2,6,3,3,136,70,66,7,4,3,121,62,59,2,1,1,6,3,3,3,0,3,0,0,0,2,0,2,1,0,1,0,0,0,1619,550,1069
29,567,0077,606262,0000,000000,KARNATAKA,Davanagere,VILLAGE,Mahajenahalli,Rural,46,216,115,101,36,17,19,33,14,19,4,2,2,130,70,60,86,45,41,86,69,17,54,48,6,7,6,1,0,0,0,0,0,0,47,42,5,32,21,11,3,1,2,20,13,7,0,0,0,9,7,2,27,21,6,3,1,2,16,13,3,0,0,0,8,7,1,5,0,5,0,0,0,4,0,4,0,0,0,1,0,1,130,46,84
29,567,0077,606263,0000,000000,KARNATAKA,Davanagere,VILLAGE,Harihar (Rural),Rural,0,0,0,0,0,0,0,0,0,0,0,0,0,0,0,0,0,0,0,0,0,0,0,0,0,0,0,0,0,0,0,0,0,0,0,0,0,0,0,0,0,0,0,0,0,0,0,0,0,0,0,0,0,0,0,0,0,0,0,0,0,0,0,0,0,0,0,0,0,0,0,0,0,0,0,0,0,0,0,0,0,0,0,0,0
29,567,0077,606264,0000,000000,KARNATAKA,Davanagere,VILLAGE,Bhyranahalli,Rural,0,0,0,0,0,0,0,0,0,0,0,0,0,0,0,0,0,0,0,0,0,0,0,0,0,0,0,0,0,0,0,0,0,0,0,0,0,0,0,0,0,0,0,0,0,0,0,0,0,0,0,0,0,0,0,0,0,0,0,0,0,0,0,0,0,0,0,0,0,0,0,0,0,0,0,0,0,0,0,0,0,0,0,0,0
29,567,0077,606265,0000,000000,KARNATAKA,Davanagere,VILLAGE,Dheetur,Rural,356,1831,933,898,203,111,92,90,43,47,37,19,18,1134,636,498,697,297,400,830,556,274,808,544,264,624,449,175,134,52,82,0,0,0,50,43,7,22,12,10,3,2,1,5,1,4,0,0,0,14,9,5,22,12,10,3,2,1,5,1,4,0,0,0,14,9,5,0,0,0,0,0,0,0,0,0,0,0,0,0,0,0,1001,377,624
29,567,0077,606266,0000,000000,KARNATAKA,Davanagere,VILLAGE,Pamenahalli,Rural,129,672,345,327,74,38,36,0,0,0,41,21,20,369,222,147,303,123,180,275,204,71,272,202,70,89,88,1,170,104,66,0,0,0,13,10,3,3,2,1,0,0,0,2,1,1,0,0,0,1,1,0,3,2,1,0,0,0,2,1,1,0,0,0,1,1,0,0,0,0,0,0,0,0,0,0,0,0,0,0,0,0,397,141,256
29,567,0077,606267,0000,000000,KARNATAKA,Davanagere,VILLAGE,Chikkabidre,Rural,302,1419,738,681,161,91,70,152,75,77,41,16,25,752,449,303,667,289,378,634,405,229,248,232,16,199,194,5,5,4,1,6,5,1,38,29,9,386,173,213,11,8,3,363,156,207,3,2,1,9,7,2,379,168,211,11,8,3,363,156,207,0,0,0,5,4,1,7,5,2,0,0,0,0,0,0,3,2,1,4,3,1,785,333,452
29,567,0077,606268,0000,000000,KARNATAKA,Davanagere,VILLAGE,Sarathi,Rural,610,2992,1539,1453,350,193,157,517,265,252,452,232,220,1694,975,719,1298,564,734,1253,941,312,924,751,173,403,385,18,375,251,124,29,27,2,117,88,29,329,190,139,39,35,4,256,128,128,2,2,0,32,25,7,325,188,137,38,34,4,255,128,127,2,2,0,30,24,6,4,2,2,1,1,0,1,0,1,0,0,0,2,1,1,1739,598,1141
29,567,0077,606269,0000,000000,KARNATAKA,Davanagere,VILLAGE,Hottigenahalli,Rural,70,346,168,178,43,28,15,34,16,18,77,41,36,178,91,87,168,77,91,152,88,64,148,85,63,66,42,24,60,31,29,0,0,0,22,12,10,4,3,1,0,0,0,0,0,0,0,0,0,4,3,1,4,3,1,0,0,0,0,0,0,0,0,0,4,3,1,0,0,0,0,0,0,0,0,0,0,0,0,0,0,0,194,80,114
29,567,0077,606270,0000,000000,KARNATAKA,Davanagere,VILLAGE,Kurubarahalli,Rural,152,812,436,376,108,61,47,35,18,17,555,295,260,483,291,192,329,145,184,478,249,229,347,191,156,128,83,45,59,30,29,1,0,1,159,78,81,131,58,73,12,5,7,19,5,14,2,2,0,98,46,52,83,44,39,7,5,2,6,2,4,2,2,0,68,35,33,48,14,34,5,0,5,13,3,10,0,0,0,30,11,19,334,187,147
29,567,0077,606271,0000,000000,KARNATAKA,Davanagere,VILLAGE,Karalahalli,Rural,159,902,469,433,135,70,65,19,10,9,24,12,12,589,318,271,313,151,162,396,262,134,348,234,114,47,43,4,6,4,2,55,19,36,240,168,72,48,28,20,2,1,1,0,0,0,12,3,9,34,24,10,48,28,20,2,1,1,0,0,0,12,3,9,34,24,10,0,0,0,0,0,0,0,0,0,0,0,0,0,0,0,506,207,299
29,567,0077,606272,0000,000000,KARNATAKA,Davanagere,VILLAGE,Bullapura,Rural,153,737,371,366,64,34,30,2,1,1,224,107,117,494,278,216,243,93,150,306,236,70,192,175,17,157,149,8,11,9,2,3,3,0,21,14,7,114,61,53,12,10,2,80,39,41,4,3,1,18,9,9,112,60,52,12,10,2,79,39,40,4,3,1,17,8,9,2,1,1,0,0,0,1,0,1,0,0,0,1,1,0,431,135,296
29,567,0077,606273,0000,000000,KARNATAKA,Davanagere,VILLAGE,Kenchanahalli,Rural,204,950,492,458,80,44,36,171,86,85,5,2,3,632,354,278,318,138,180,547,320,227,331,282,49,153,146,7,91,73,18,4,4,0,83,59,24,216,38,178,68,13,55,126,14,112,3,0,3,19,11,8,179,33,146,48,12,36,111,11,100,3,0,3,17,10,7,37,5,32,20,1,19,15,3,12,0,0,0,2,1,1,403,172,231
29,567,0077,606274,0000,000000,KARNATAKA,Davanagere,VILLAGE,Kondajji,Rural,787,3837,1935,1902,423,216,207,891,444,447,258,121,137,2418,1349,1069,1419,586,833,1700,1216,484,756,659,97,381,371,10,147,112,35,3,2,1,225,174,51,944,557,387,27,23,4,849,481,368,3,2,1,65,51,14,886,528,358,27,23,4,796,456,340,3,2,1,60,47,13,58,29,29,0,0,0,53,25,28,0,0,0,5,4,1,2137,719,1418
29,567,0077,606275,0000,000000,KARNATAKA,Davanagere,VILLAGE,Vaderahalli,Rural,0,0,0,0,0,0,0,0,0,0,0,0,0,0,0,0,0,0,0,0,0,0,0,0,0,0,0,0,0,0,0,0,0,0,0,0,0,0,0,0,0,0,0,0,0,0,0,0,0,0,0,0,0,0,0,0,0,0,0,0,0,0,0,0,0,0,0,0,0,0,0,0,0,0,0,0,0,0,0,0,0,0,0,0,0
29,567,0077,606276,0000,000000,KARNATAKA,Davanagere,VILLAGE,Ganganarasi,Rural,439,2237,1173,1064,253,123,130,421,217,204,263,147,116,1242,763,479,995,410,585,1023,677,346,929,609,320,213,187,26,588,323,265,26,20,6,102,79,23,94,68,26,35,29,6,31,22,9,0,0,0,28,17,11,92,67,25,34,28,6,31,22,9,0,0,0,27,17,10,2,1,1,1,1,0,0,0,0,0,0,0,1,0,1,1214,496,718
29,567,0077,606277,0000,000000,KARNATAKA,Davanagere,VILLAGE,Bakkapura,Rural,147,585,285,300,44,22,22,40,20,20,23,9,14,528,262,266,57,23,34,110,71,39,106,68,38,1,0,1,1,1,0,1,0,1,103,67,36,4,3,1,1,1,0,0,0,0,0,0,0,3,2,1,4,3,1,1,1,0,0,0,0,0,0,0,3,2,1,0,0,0,0,0,0,0,0,0,0,0,0,0,0,0,475,214,261
29,567,0077,606278,0000,000000,KARNATAKA,Davanagere,VILLAGE,Doggalli,Rural,253,1284,650,634,164,87,77,245,124,121,277,142,135,794,452,342,490,198,292,616,404,212,345,326,19,78,78,0,194,185,9,7,6,1,66,57,9,271,78,193,2,1,1,266,76,190,1,0,1,2,1,1,249,72,177,2,1,1,245,70,175,0,0,0,2,1,1,22,6,16,0,0,0,21,6,15,1,0,1,0,0,0,668,246,422
29,567,0077,606279,0000,000000,KARNATAKA,Davanagere,VILLAGE,Sherapura,Rural,0,0,0,0,0,0,0,0,0,0,0,0,0,0,0,0,0,0,0,0,0,0,0,0,0,0,0,0,0,0,0,0,0,0,0,0,0,0,0,0,0,0,0,0,0,0,0,0,0,0,0,0,0,0,0,0,0,0,0,0,0,0,0,0,0,0,0,0,0,0,0,0,0,0,0,0,0,0,0,0,0,0,0,0,0
29,567,0077,606280,0000,000000,KARNATAKA,Davanagere,VILLAGE,Shamshipura,Rural,400,1825,916,909,149,89,60,715,364,351,37,16,21,1229,663,566,596,253,343,801,600,201,82,77,5,55,54,1,5,5,0,8,8,0,14,10,4,719,523,196,58,58,0,398,312,86,10,7,3,253,146,107,468,379,89,58,58,0,377,297,80,8,6,2,25,18,7,251,144,107,0,0,0,21,15,6,2,1,1,228,128,100,1024,316,708
29,567,0077,606281,0000,000000,KARNATAKA,Davanagere,VILLAGE,Bannikodu,Rural,881,4711,2443,2268,535,281,254,759,373,386,424,212,212,2832,1615,1217,1879,828,1051,1924,1411,513,1790,1308,482,682,616,66,858,497,361,5,4,1,245,191,54,134,103,31,3,2,1,122,94,28,0,0,0,9,7,2,129,101,28,3,2,1,119,94,25,0,0,0,7,5,2,5,2,3,0,0,0,3,0,3,0,0,0,2,2,0,2787,1032,1755
29,567,0077,606282,0000,000000,KARNATAKA,Davanagere,VILLAGE,Bevinahalli,Rural,422,2014,1037,977,219,133,86,162,82,80,461,236,225,1302,717,585,712,320,392,892,664,228,804,622,182,319,310,9,322,189,133,14,13,1,149,110,39,88,42,46,2,1,1,79,37,42,2,2,0,5,2,3,78,39,39,2,1,1,71,35,36,1,1,0,4,2,2,10,3,7,0,0,0,8,2,6,1,1,0,1,0,1,1122,373,749
29,567,0077,606283,0000,000000,KARNATAKA,Davanagere,VILLAGE,Salaganahalli,Rural,167,935,473,462,108,63,45,104,52,52,128,73,55,652,361,291,283,112,171,539,282,257,184,163,21,69,68,1,56,47,9,2,1,1,57,47,10,355,119,236,67,26,41,177,52,125,2,1,1,109,40,69,351,116,235,67,26,41,175,50,125,2,1,1,107,39,68,4,3,1,0,0,0,2,2,0,0,0,0,2,1,1,396,191,205
29,567,0077,606284,0000,000000,KARNATAKA,Davanagere,VILLAGE,Kadlegondi,Rural,199,1013,532,481,109,54,55,149,82,67,7,4,3,556,337,219,457,195,262,439,339,100,398,329,69,173,167,6,168,115,53,22,17,5,35,30,5,41,10,31,0,0,0,32,5,27,4,2,2,5,3,2,35,8,27,0,0,0,26,3,23,4,2,2,5,3,2,6,2,4,0,0,0,6,2,4,0,0,0,0,0,0,574,193,381
29,567,0077,606285,0000,000000,KARNATAKA,Davanagere,VILLAGE,Devarabelakere,Rural,557,2984,1524,1460,323,171,152,449,233,216,677,351,326,2035,1124,911,949,400,549,1634,934,700,1286,823,463,647,431,216,473,283,190,50,26,24,116,83,33,348,111,237,178,40,138,141,57,84,4,1,3,25,13,12,331,107,224,176,40,136,129,53,76,1,1,0,25,13,12,17,4,13,2,0,2,12,4,8,3,0,3,0,0,0,1350,590,760
29,567,0077,606286,0000,000000,KARNATAKA,Davanagere,VILLAGE,Salakatte,Rural,421,1945,1006,939,193,102,91,301,167,134,398,208,190,1227,685,542,718,321,397,1238,661,577,785,536,249,241,212,29,386,239,147,30,21,9,128,64,64,453,125,328,11,6,5,219,82,137,25,5,20,198,32,166,269,41,228,7,3,4,74,11,63,22,4,18,166,23,143,184,84,100,4,3,1,145,71,74,3,1,2,32,9,23,707,345,362
29,567,0077,606287,0000,000000,KARNATAKA,Davanagere,VILLAGE,Mittlakatte,Rural,274,1377,691,686,167,81,86,385,193,192,86,45,41,863,481,382,514,210,304,675,435,240,431,326,105,114,112,2,158,89,69,8,7,1,151,118,33,244,109,135,3,1,2,213,83,130,2,2,0,26,23,3,236,103,133,3,1,2,207,78,129,2,2,0,24,22,2,8,6,2,0,0,0,6,5,1,0,0,0,2,1,1,702,256,446
29,567,0077,803124,0032,000000,KARNATAKA,Davanagere,OG,Guttur  (OG) WARD NO.-0032 (Rural MDDS CODE:606290),Urban,1158,5772,2953,2819,710,361,349,1395,689,706,213,110,103,3671,2077,1594,2101,876,1225,2342,1713,629,1804,1419,385,163,157,6,153,119,34,10,8,2,1478,1135,343,538,294,244,11,10,1,34,14,20,5,1,4,488,269,219,527,287,240,11,10,1,34,14,20,5,1,4,477,262,215,11,7,4,0,0,0,0,0,0,0,0,0,11,7,4,3430,1240,2190
29,567,0077,606288,0000,000000,KARNATAKA,Davanagere,TOWN,Haralapura (CT),Urban,1070,4655,2390,2265,480,233,247,277,137,140,166,90,76,3763,2027,1736,892,363,529,1662,1369,293,1284,1152,132,66,64,2,69,68,1,22,15,7,1127,1005,122,378,217,161,3,3,0,16,5,11,43,6,37,316,203,113,340,204,136,3,3,0,14,5,9,31,6,25,292,190,102,38,13,25,0,0,0,2,0,2,12,0,12,24,13,11,2993,1021,1972
29,567,0077,606289,0000,000000,KARNATAKA,Davanagere,TOWN,Amaravathi (CT),Urban,504,2628,1364,1264,266,139,127,257,128,129,152,71,81,2007,1106,901,621,258,363,928,749,179,764,621,143,109,106,3,107,69,38,64,47,17,484,399,85,164,128,36,17,16,1,21,12,9,75,59,16,51,41,10,161,128,33,17,16,1,21,12,9,73,59,14,50,41,9,3,0,3,0,0,0,0,0,0,2,0,2,1,0,1,1700,615,1085
29,567,0078,000000,0000,000000,KARNATAKA,Davanagere,CD BLOCK,Harapanahalli ,Total,49547,254964,130398,124566,33438,17222,16216,69498,35413,34085,43417,22150,21267,149325,86890,62435,105639,43508,62131,133070,77220,55850,110070,68410,41660,41363,33311,8052,49248,22839,26409,2485,1317,1168,16974,10943,6031,23000,8810,14190,2629,1194,1435,13971,4540,9431,1462,547,915,4938,2529,2409,21290,8072,13218,2447,1122,1325,13272,4292,8980,1140,382,758,4431,2276,2155,1710,738,972,182,72,110,699,248,451,322,165,157,507,253,254,121894,53178,68716
29,567,0078,000000,0000,000000,KARNATAKA,Davanagere,CD BLOCK,Harapanahalli ,Rural,49547,254964,130398,124566,33438,17222,16216,69498,35413,34085,43417,22150,21267,149325,86890,62435,105639,43508,62131,133070,77220,55850,110070,68410,41660,41363,33311,8052,49248,22839,26409,2485,1317,1168,16974,10943,6031,23000,8810,14190,2629,1194,1435,13971,4540,9431,1462,547,915,4938,2529,2409,21290,8072,13218,2447,1122,1325,13272,4292,8980,1140,382,758,4431,2276,2155,1710,738,972,182,72,110,699,248,451,322,165,157,507,253,254,121894,53178,68716
29,567,0078,000000,0000,000000,KARNATAKA,Davanagere,CD BLOCK,Harapanahalli ,Urban,0,0,0,0,0,0,0,0,0,0,0,0,0,0,0,0,0,0,0,0,0,0,0,0,0,0,0,0,0,0,0,0,0,0,0,0,0,0,0,0,0,0,0,0,0,0,0,0,0,0,0,0,0,0,0,0,0,0,0,0,0,0,0,0,0,0,0,0,0,0,0,0,0,0,0,0,0,0,0,0,0,0,0,0,0
29,567,0078,606291,0000,000000,KARNATAKA,Davanagere,VILLAGE,Chennahalli,Rural,266,1564,825,739,279,151,128,1525,803,722,1,1,0,525,362,163,1039,463,576,558,446,112,542,438,104,275,266,9,240,152,88,4,3,1,23,17,6,16,8,8,1,1,0,14,6,8,0,0,0,1,1,0,16,8,8,1,1,0,14,6,8,0,0,0,1,1,0,0,0,0,0,0,0,0,0,0,0,0,0,0,0,0,1006,379,627
29,567,0078,606292,0000,000000,KARNATAKA,Davanagere,VILLAGE,Eshapura,Rural,69,364,189,175,53,34,19,60,32,28,190,95,95,189,119,70,175,70,105,249,124,125,5,1,4,1,0,1,1,1,0,0,0,0,3,0,3,244,123,121,42,23,19,201,100,101,0,0,0,1,0,1,244,123,121,42,23,19,201,100,101,0,0,0,1,0,1,0,0,0,0,0,0,0,0,0,0,0,0,0,0,0,115,65,50
29,567,0078,606293,0000,000000,KARNATAKA,Davanagere,VILLAGE,Harakanahal,Rural,644,3286,1670,1616,408,214,194,1661,849,812,228,119,109,1814,1069,745,1472,601,871,1362,864,498,698,491,207,502,350,152,108,77,31,20,16,4,68,48,20,664,373,291,16,10,6,448,219,229,38,21,17,162,123,39,654,367,287,15,10,5,443,216,227,37,21,16,159,120,39,10,6,4,1,0,1,5,3,2,1,0,1,3,3,0,1924,806,1118
29,567,0078,606294,0000,000000,KARNATAKA,Davanagere,VILLAGE,Hulikatti,Rural,529,2891,1473,1418,391,212,179,586,280,306,218,117,101,1386,808,578,1505,665,840,912,771,141,684,601,83,475,447,28,22,18,4,68,45,23,119,91,28,228,170,58,36,30,6,27,20,7,22,10,12,143,110,33,204,157,47,34,29,5,24,19,5,17,8,9,129,101,28,24,13,11,2,1,1,3,1,2,5,2,3,14,9,5,1979,702,1277
29,567,0078,606295,0000,000000,KARNATAKA,Davanagere,VILLAGE,Kannayakanahalli,Rural,139,816,412,404,151,86,65,642,325,317,5,2,3,459,250,209,357,162,195,366,218,148,358,216,142,111,105,6,0,0,0,14,10,4,233,101,132,8,2,6,0,0,0,0,0,0,0,0,0,8,2,6,8,2,6,0,0,0,0,0,0,0,0,0,8,2,6,0,0,0,0,0,0,0,0,0,0,0,0,0,0,0,450,194,256
29,567,0078,606296,0000,000000,KARNATAKA,Davanagere,VILLAGE,Madalageri,Rural,887,5006,2550,2456,796,419,377,2337,1204,1133,763,369,394,2320,1417,903,2686,1133,1553,2137,1344,793,1478,1099,379,653,638,15,442,167,275,3,3,0,380,291,89,659,245,414,15,13,2,541,158,383,25,24,1,78,50,28,655,244,411,15,13,2,540,158,382,25,24,1,75,49,26,4,1,3,0,0,0,1,0,1,0,0,0,3,1,2,2869,1206,1663
29,567,0078,606297,0000,000000,KARNATAKA,Davanagere,VILLAGE,Bapujinagar,Rural,486,2776,1454,1322,443,232,211,2261,1198,1063,15,7,8,897,586,311,1879,868,1011,1133,806,327,1015,769,246,608,577,31,307,117,190,12,9,3,88,66,22,118,37,81,17,11,6,90,18,72,2,2,0,9,6,3,58,20,38,12,7,5,36,6,30,2,2,0,8,5,3,60,17,43,5,4,1,54,12,42,0,0,0,1,1,0,1643,648,995
29,567,0078,606298,0000,000000,KARNATAKA,Davanagere,VILLAGE,Togarikatti,Rural,651,3196,1621,1575,383,185,198,626,312,314,338,176,162,1811,1062,749,1385,559,826,1398,949,449,1368,934,434,485,435,50,646,348,298,6,4,2,231,147,84,30,15,15,2,1,1,13,3,10,0,0,0,15,11,4,29,14,15,2,1,1,13,3,10,0,0,0,14,10,4,1,1,0,0,0,0,0,0,0,0,0,0,1,1,0,1798,672,1126
29,567,0078,606299,0000,000000,KARNATAKA,Davanagere,VILLAGE,Neelagunda,Rural,763,3805,1952,1853,476,246,230,1053,533,520,1504,760,744,2196,1327,869,1609,625,984,2113,1182,931,1729,1109,620,435,370,65,927,463,464,22,9,13,345,267,78,384,73,311,142,11,131,199,34,165,1,0,1,42,28,14,374,72,302,136,10,126,195,34,161,1,0,1,42,28,14,10,1,9,6,1,5,4,0,4,0,0,0,0,0,0,1692,770,922
29,567,0078,606300,0000,000000,KARNATAKA,Davanagere,VILLAGE,Ananthanahalli,Rural,122,706,349,357,143,73,70,94,50,44,579,284,295,357,196,161,349,153,196,437,221,216,434,220,214,55,49,6,340,147,193,4,2,2,35,22,13,3,1,2,0,0,0,0,0,0,1,0,1,2,1,1,2,1,1,0,0,0,0,0,0,1,0,1,1,1,0,1,0,1,0,0,0,0,0,0,0,0,0,1,0,1,269,128,141
29,567,0078,606301,0000,000000,KARNATAKA,Davanagere,VILLAGE,Myalikatti,Rural,0,0,0,0,0,0,0,0,0,0,0,0,0,0,0,0,0,0,0,0,0,0,0,0,0,0,0,0,0,0,0,0,0,0,0,0,0,0,0,0,0,0,0,0,0,0,0,0,0,0,0,0,0,0,0,0,0,0,0,0,0,0,0,0,0,0,0,0,0,0,0,0,0,0,0,0,0,0,0,0,0,0,0,0,0
29,567,0078,606302,0000,000000,KARNATAKA,Davanagere,VILLAGE,Narayanapura,Rural,268,1410,721,689,209,103,106,360,191,169,5,3,2,704,409,295,706,312,394,684,417,267,662,410,252,210,192,18,369,161,208,2,1,1,81,56,25,22,7,15,1,0,1,14,2,12,0,0,0,7,5,2,22,7,15,1,0,1,14,2,12,0,0,0,7,5,2,0,0,0,0,0,0,0,0,0,0,0,0,0,0,0,726,304,422
29,567,0078,606303,0000,000000,KARNATAKA,Davanagere,VILLAGE,Madapura,Rural,362,1965,1043,922,258,156,102,80,43,37,212,120,92,925,545,380,1040,498,542,979,497,482,814,452,362,391,357,34,359,56,303,10,7,3,54,32,22,165,45,120,18,15,3,0,0,0,0,0,0,147,30,117,161,41,120,18,15,3,0,0,0,0,0,0,143,26,117,4,4,0,0,0,0,0,0,0,0,0,0,4,4,0,986,546,440
29,567,0078,606304,0000,000000,KARNATAKA,Davanagere,VILLAGE,Kulahalli,Rural,714,3785,1951,1834,571,299,272,1908,996,912,37,13,24,1796,1147,649,1989,804,1185,1937,1074,863,1580,891,689,278,241,37,1153,531,622,16,14,2,133,105,28,357,183,174,5,2,3,329,165,164,7,3,4,16,13,3,347,179,168,5,2,3,321,162,159,7,3,4,14,12,2,10,4,6,0,0,0,8,3,5,0,0,0,2,1,1,1848,877,971
29,567,0078,606305,0000,000000,KARNATAKA,Davanagere,VILLAGE,Kodihalli,Rural,187,969,510,459,141,73,68,0,0,0,478,255,223,582,353,229,387,157,230,280,247,33,247,228,19,166,159,7,37,32,5,4,4,0,40,33,7,33,19,14,4,3,1,6,5,1,0,0,0,23,11,12,32,18,14,4,3,1,6,5,1,0,0,0,22,10,12,1,1,0,0,0,0,0,0,0,0,0,0,1,1,0,689,263,426
29,567,0078,606306,0000,000000,KARNATAKA,Davanagere,VILLAGE,Bagali,Rural,633,3377,1761,1616,413,239,174,838,433,405,225,121,104,1950,1134,816,1427,627,800,1947,1100,847,1766,1016,750,680,483,197,906,392,514,7,3,4,173,138,35,181,84,97,40,27,13,123,45,78,4,3,1,14,9,5,175,79,96,40,27,13,119,42,77,4,3,1,12,7,5,6,5,1,0,0,0,4,3,1,0,0,0,2,2,0,1430,661,769
29,567,0078,606307,0000,000000,KARNATAKA,Davanagere,VILLAGE,Sringarathota,Rural,313,1697,886,811,235,128,107,345,174,171,23,13,10,891,518,373,806,368,438,764,525,239,557,430,127,250,225,25,228,140,88,23,16,7,56,49,7,207,95,112,25,17,8,89,49,40,9,1,8,84,28,56,197,91,106,22,17,5,88,48,40,6,1,5,81,25,56,10,4,6,3,0,3,1,1,0,3,0,3,3,3,0,933,361,572
29,567,0078,606308,0000,000000,KARNATAKA,Davanagere,VILLAGE,Kayakadahalli,Rural,37,214,115,99,31,18,13,0,0,0,11,6,5,129,71,58,85,44,41,96,82,14,50,47,3,47,46,1,0,0,0,0,0,0,3,1,2,46,35,11,1,1,0,36,34,2,0,0,0,9,0,9,46,35,11,1,1,0,36,34,2,0,0,0,9,0,9,0,0,0,0,0,0,0,0,0,0,0,0,0,0,0,118,33,85
29,567,0078,606309,0000,000000,KARNATAKA,Davanagere,VILLAGE,Nichapura,Rural,624,3525,1802,1723,455,227,228,99,42,57,974,516,458,1744,975,769,1781,827,954,1954,1051,903,1605,964,641,294,275,19,497,176,321,196,27,169,618,486,132,349,87,262,6,4,2,41,12,29,171,17,154,131,54,77,282,65,217,6,4,2,35,10,25,148,13,135,93,38,55,67,22,45,0,0,0,6,2,4,23,4,19,38,16,22,1571,751,820
29,567,0078,606310,0000,000000,KARNATAKA,Davanagere,VILLAGE,Adavihalli,Rural,576,3427,1773,1654,518,276,242,250,121,129,489,259,230,1887,1095,792,1540,678,862,1756,1032,724,1592,935,657,527,400,127,904,398,506,17,14,3,144,123,21,164,97,67,6,5,1,140,76,64,4,2,2,14,14,0,139,84,55,4,4,0,121,68,53,4,2,2,10,10,0,25,13,12,2,1,1,19,8,11,0,0,0,4,4,0,1671,741,930
29,567,0078,606311,0000,000000,KARNATAKA,Davanagere,VILLAGE,Kanvihalli,Rural,394,2313,1198,1115,297,156,141,385,200,185,910,464,446,1436,832,604,877,366,511,1234,640,594,1199,628,571,392,244,148,743,352,391,2,2,0,62,30,32,35,12,23,6,1,5,22,7,15,0,0,0,7,4,3,29,11,18,3,0,3,19,7,12,0,0,0,7,4,3,6,1,5,3,1,2,3,0,3,0,0,0,0,0,0,1079,558,521
29,567,0078,606312,0000,000000,KARNATAKA,Davanagere,VILLAGE,Nandibevoor,Rural,921,4876,2472,2404,638,330,308,1929,989,940,232,120,112,2779,1664,1115,2097,808,1289,2908,1540,1368,2844,1502,1342,678,528,150,1670,715,955,26,9,17,470,250,220,64,38,26,9,7,2,39,20,19,3,1,2,13,10,3,63,37,26,9,7,2,39,20,19,2,0,2,13,10,3,1,1,0,0,0,0,0,0,0,1,1,0,0,0,0,1968,932,1036
29,567,0078,606313,0000,000000,KARNATAKA,Davanagere,VILLAGE,Kongana Hossur,Rural,360,1803,893,910,210,106,104,442,206,236,59,33,26,1181,656,525,622,237,385,829,527,302,591,408,183,440,308,132,119,75,44,0,0,0,32,25,7,238,119,119,5,3,2,230,113,117,0,0,0,3,3,0,238,119,119,5,3,2,230,113,117,0,0,0,3,3,0,0,0,0,0,0,0,0,0,0,0,0,0,0,0,0,974,366,608
29,567,0078,606314,0000,000000,KARNATAKA,Davanagere,VILLAGE,Mydur,Rural,804,4016,2062,1954,456,251,205,601,318,283,419,220,199,2504,1473,1031,1512,589,923,1729,1156,573,1622,1128,494,1022,799,223,434,238,196,14,13,1,152,78,74,107,28,79,2,1,1,25,7,18,4,3,1,76,17,59,103,26,77,2,1,1,25,7,18,4,3,1,72,15,57,4,2,2,0,0,0,0,0,0,0,0,0,4,2,2,2287,906,1381
29,567,0078,606315,0000,000000,KARNATAKA,Davanagere,VILLAGE,Chigateri,Rural,1167,6054,3158,2896,680,333,347,1046,529,517,1506,792,714,3996,2287,1709,2058,871,1187,2809,1838,971,2640,1749,891,607,507,100,1748,1028,720,19,18,1,266,196,70,169,89,80,1,0,1,149,74,75,3,2,1,16,13,3,167,89,78,0,0,0,148,74,74,3,2,1,16,13,3,2,0,2,1,0,1,1,0,1,0,0,0,0,0,0,3245,1320,1925
29,567,0078,606316,0000,000000,KARNATAKA,Davanagere,VILLAGE,Gajapura,Rural,801,4284,2205,2079,552,296,256,805,423,382,68,33,35,2686,1572,1114,1598,633,965,2390,1319,1071,2325,1302,1023,1461,926,535,545,255,290,12,4,8,307,117,190,65,17,48,6,5,1,4,1,3,4,2,2,51,9,42,64,16,48,6,5,1,4,1,3,3,1,2,51,9,42,1,1,0,0,0,0,0,0,0,1,1,0,0,0,0,1894,886,1008
29,567,0078,606317,0000,000000,KARNATAKA,Davanagere,VILLAGE,Bennihalli,Rural,650,3086,1541,1545,360,185,175,578,276,302,101,56,45,1978,1103,875,1108,438,670,1444,899,545,1395,879,516,579,498,81,407,208,199,212,31,181,197,142,55,49,20,29,7,6,1,17,10,7,6,2,4,19,2,17,48,19,29,7,6,1,16,9,7,6,2,4,19,2,17,1,1,0,0,0,0,1,1,0,0,0,0,0,0,0,1642,642,1000
29,567,0078,606318,0000,000000,KARNATAKA,Davanagere,VILLAGE,Niluvanji,Rural,141,684,323,361,74,32,42,38,19,19,0,0,0,479,265,214,205,58,147,307,195,112,277,171,106,135,130,5,133,34,99,0,0,0,9,7,2,30,24,6,0,0,0,10,4,6,0,0,0,20,20,0,28,22,6,0,0,0,9,3,6,0,0,0,19,19,0,2,2,0,0,0,0,1,1,0,0,0,0,1,1,0,377,128,249
29,567,0078,606319,0000,000000,KARNATAKA,Davanagere,VILLAGE,Pruthveswara,Rural,251,1521,833,688,170,99,71,453,232,221,196,112,84,972,610,362,549,223,326,677,359,318,533,328,205,99,96,3,275,97,178,4,3,1,155,132,23,144,31,113,7,2,5,118,19,99,1,1,0,18,9,9,144,31,113,7,2,5,118,19,99,1,1,0,18,9,9,0,0,0,0,0,0,0,0,0,0,0,0,0,0,0,844,474,370
29,567,0078,606320,0000,000000,KARNATAKA,Davanagere,VILLAGE,Muttigi,Rural,640,3405,1784,1621,515,277,238,680,351,329,625,322,303,1736,1040,696,1669,744,925,1625,967,658,807,670,137,458,435,23,254,158,96,30,24,6,65,53,12,818,297,521,36,29,7,659,225,434,63,17,46,60,26,34,768,279,489,32,26,6,638,217,421,57,16,41,41,20,21,50,18,32,4,3,1,21,8,13,6,1,5,19,6,13,1780,817,963
29,567,0078,606321,0000,000000,KARNATAKA,Davanagere,VILLAGE,Komaranahalli,Rural,350,1724,907,817,269,147,122,182,94,88,1275,666,609,914,558,356,810,349,461,941,522,419,888,512,376,494,326,168,318,134,184,3,3,0,73,49,24,53,10,43,4,1,3,28,4,24,3,0,3,18,5,13,49,9,40,4,1,3,24,3,21,3,0,3,18,5,13,4,1,3,0,0,0,4,1,3,0,0,0,0,0,0,783,385,398
29,567,0078,606322,0000,000000,KARNATAKA,Davanagere,VILLAGE,Kambatrahalli,Rural,123,625,336,289,94,54,40,11,7,4,474,256,218,371,224,147,254,112,142,332,202,130,303,185,118,28,22,6,259,151,108,6,5,1,10,7,3,29,17,12,0,0,0,8,5,3,5,4,1,16,8,8,21,11,10,0,0,0,7,5,2,4,3,1,10,3,7,8,6,2,0,0,0,1,0,1,1,1,0,6,5,1,293,134,159
29,567,0078,606323,0000,000000,KARNATAKA,Davanagere,VILLAGE,Nichavvanahalli,Rural,650,3656,1892,1764,562,287,275,1114,576,538,2118,1099,1019,1850,1109,741,1806,783,1023,1918,1163,755,1371,982,389,813,596,217,408,270,138,21,16,5,129,100,29,547,181,366,8,6,2,426,98,328,5,3,2,108,74,34,535,177,358,7,5,2,416,96,320,4,2,2,108,74,34,12,4,8,1,1,0,10,2,8,1,1,0,0,0,0,1738,729,1009
29,567,0078,606324,0000,000000,KARNATAKA,Davanagere,VILLAGE,Hikkimgeri,Rural,178,949,480,469,99,40,59,443,220,223,112,60,52,585,339,246,364,141,223,551,290,261,484,266,218,258,217,41,172,20,152,5,3,2,49,26,23,67,24,43,0,0,0,4,2,2,18,13,5,45,9,36,34,15,19,0,0,0,4,2,2,11,7,4,19,6,13,33,9,24,0,0,0,0,0,0,7,6,1,26,3,23,398,190,208
29,567,0078,606325,0000,000000,KARNATAKA,Davanagere,VILLAGE,Joislingapura,Rural,120,619,314,305,77,45,32,0,0,0,93,46,47,331,187,144,288,127,161,358,190,168,156,138,18,120,114,6,4,3,1,8,8,0,24,13,11,202,52,150,3,1,2,89,18,71,13,4,9,97,29,68,195,50,145,3,1,2,88,18,70,12,4,8,92,27,65,7,2,5,0,0,0,1,0,1,1,0,1,5,2,3,261,124,137
29,567,0078,606326,0000,000000,KARNATAKA,Davanagere,VILLAGE,Kadabageri,Rural,596,3166,1628,1538,366,202,164,387,187,200,857,428,429,2241,1264,977,925,364,561,1522,909,613,1307,883,424,760,634,126,411,153,258,11,10,1,125,86,39,215,26,189,1,0,1,162,9,153,17,3,14,35,14,21,206,22,184,1,0,1,162,9,153,14,3,11,29,10,19,9,4,5,0,0,0,0,0,0,3,0,3,6,4,2,1644,719,925
29,567,0078,606327,0000,000000,KARNATAKA,Davanagere,VILLAGE,Sasvihalli,Rural,850,3984,1985,1999,466,235,231,809,383,426,325,158,167,2645,1475,1170,1339,510,829,2493,1272,1221,2425,1238,1187,1036,660,376,1178,420,758,58,45,13,153,113,40,68,34,34,14,6,8,46,26,20,2,1,1,6,1,5,43,16,27,13,5,8,24,9,15,1,1,0,5,1,4,25,18,7,1,1,0,22,17,5,1,0,1,1,0,1,1491,713,778
29,567,0078,606328,0000,000000,KARNATAKA,Davanagere,VILLAGE,Mathihalli,Rural,879,4179,2098,2081,526,273,253,558,279,279,727,358,369,2436,1427,1009,1743,671,1072,2116,1242,874,2023,1204,819,578,487,91,952,441,511,47,46,1,446,230,216,93,38,55,30,13,17,46,13,33,1,1,0,16,11,5,92,37,55,30,13,17,46,13,33,0,0,0,16,11,5,1,1,0,0,0,0,0,0,0,1,1,0,0,0,0,2063,856,1207
29,567,0078,606329,0000,000000,KARNATAKA,Davanagere,VILLAGE,Aladahalli,Rural,587,3228,1621,1607,418,204,214,449,225,224,1040,518,522,2183,1247,936,1045,374,671,2101,1066,1035,1887,1026,861,952,760,192,683,222,461,17,11,6,235,33,202,214,40,174,5,3,2,189,32,157,4,3,1,16,2,14,191,30,161,5,3,2,169,24,145,1,1,0,16,2,14,23,10,13,0,0,0,20,8,12,3,2,1,0,0,0,1127,555,572
29,567,0078,606330,0000,000000,KARNATAKA,Davanagere,VILLAGE,Hagari Gudihalli,Rural,595,3159,1653,1506,350,188,162,567,299,268,468,243,225,2180,1256,924,979,397,582,2003,1078,925,1498,898,600,733,625,108,648,175,473,53,49,4,64,49,15,505,180,325,17,10,7,468,156,312,8,4,4,12,10,2,501,178,323,17,10,7,465,155,310,7,3,4,12,10,2,4,2,2,0,0,0,3,1,2,1,1,0,0,0,0,1156,575,581
29,567,0078,606331,0000,000000,KARNATAKA,Davanagere,VILLAGE,Arasanahal,Rural,527,2703,1411,1292,348,165,183,464,244,220,309,161,148,1624,974,650,1079,437,642,1597,897,700,1486,843,643,71,66,5,1285,708,577,6,4,2,124,65,59,111,54,57,1,1,0,98,48,50,0,0,0,12,5,7,111,54,57,1,1,0,98,48,50,0,0,0,12,5,7,0,0,0,0,0,0,0,0,0,0,0,0,0,0,0,1106,514,592
29,567,0078,606332,0000,000000,KARNATAKA,Davanagere,VILLAGE,K.Kallahalli,Rural,745,3994,2059,1935,576,276,300,1045,560,485,271,141,130,2410,1473,937,1584,586,998,2006,1239,767,1635,1180,455,800,759,41,717,326,391,21,19,2,97,76,21,371,59,312,103,18,85,258,34,224,3,2,1,7,5,2,369,59,310,103,18,85,256,34,222,3,2,1,7,5,2,2,0,2,0,0,0,2,0,2,0,0,0,0,0,0,1988,820,1168
29,567,0078,606333,0000,000000,KARNATAKA,Davanagere,VILLAGE,Ittigudi,Rural,347,1725,867,858,223,107,116,188,88,100,180,98,82,1048,619,429,677,248,429,1194,612,582,1105,571,534,132,124,8,555,288,267,34,17,17,384,142,242,89,41,48,4,2,2,47,16,31,11,4,7,27,19,8,87,40,47,4,2,2,47,16,31,11,4,7,25,18,7,2,1,1,0,0,0,0,0,0,0,0,0,2,1,1,531,255,276
29,567,0078,606334,0000,000000,KARNATAKA,Davanagere,VILLAGE,Kunchur,Rural,931,4786,2412,2374,709,373,336,960,479,481,583,301,282,2758,1567,1191,2028,845,1183,2518,1383,1135,1528,1148,380,447,399,48,714,526,188,115,27,88,252,196,56,990,235,755,14,6,8,632,109,523,92,17,75,252,103,149,972,227,745,14,6,8,628,106,522,78,12,66,252,103,149,18,8,10,0,0,0,4,3,1,14,5,9,0,0,0,2268,1029,1239
29,567,0078,606335,0000,000000,KARNATAKA,Davanagere,VILLAGE,Halavagal,Rural,1983,10195,5144,5051,1536,794,742,2417,1205,1212,1372,683,689,5890,3377,2513,4305,1767,2538,5199,2953,2246,2980,2053,927,1587,1263,324,944,496,448,47,31,16,402,263,139,2219,900,1319,68,44,24,1539,565,974,331,133,198,281,158,123,2105,839,1266,64,43,21,1496,560,936,310,117,193,235,119,116,114,61,53,4,1,3,43,5,38,21,16,5,46,39,7,4996,2191,2805
29,567,0078,606336,0000,000000,KARNATAKA,Davanagere,VILLAGE,Tavaragundi,Rural,330,1494,768,726,174,90,84,21,11,10,0,0,0,1111,638,473,383,130,253,657,465,192,648,461,187,354,349,5,253,79,174,12,9,3,29,24,5,9,4,5,3,2,1,5,1,4,1,1,0,0,0,0,9,4,5,3,2,1,5,1,4,1,1,0,0,0,0,0,0,0,0,0,0,0,0,0,0,0,0,0,0,0,837,303,534
29,567,0078,606337,0000,000000,KARNATAKA,Davanagere,VILLAGE,Nittur Basapura,Rural,100,482,269,213,74,35,39,0,0,0,4,2,2,314,199,115,168,70,98,337,193,144,322,186,136,5,4,1,311,177,134,0,0,0,6,5,1,15,7,8,0,0,0,14,6,8,0,0,0,1,1,0,15,7,8,0,0,0,14,6,8,0,0,0,1,1,0,0,0,0,0,0,0,0,0,0,0,0,0,0,0,0,145,76,69
29,567,0078,606338,0000,000000,KARNATAKA,Davanagere,VILLAGE,Nittur,Rural,475,2264,1140,1124,295,159,136,269,137,132,408,215,193,1211,695,516,1053,445,608,1286,674,612,1136,631,505,365,269,96,408,191,217,29,12,17,334,159,175,150,43,107,10,10,0,112,23,89,4,1,3,24,9,15,139,39,100,10,10,0,111,22,89,3,1,2,15,6,9,11,4,7,0,0,0,1,1,0,1,0,1,9,3,6,978,466,512
29,567,0078,606339,0000,000000,KARNATAKA,Davanagere,VILLAGE,Kadathi,Rural,1071,5441,2794,2647,643,314,329,1562,809,753,466,225,241,3496,2054,1442,1945,740,1205,2596,1697,899,2313,1586,727,857,763,94,736,433,303,314,127,187,406,263,143,283,111,172,63,29,34,167,55,112,15,4,11,38,23,15,267,107,160,60,29,31,164,55,109,13,4,9,30,19,11,16,4,12,3,0,3,3,0,3,2,0,2,8,4,4,2845,1097,1748
29,567,0078,606340,0000,000000,KARNATAKA,Davanagere,VILLAGE,Yerbalu,Rural,361,1994,1012,982,202,95,107,367,176,191,262,133,129,1367,769,598,627,243,384,1052,597,455,930,549,381,374,338,36,511,176,335,6,6,0,39,29,10,122,48,74,15,14,1,58,8,50,3,1,2,46,25,21,115,47,68,15,14,1,55,8,47,3,1,2,42,24,18,7,1,6,0,0,0,3,0,3,0,0,0,4,1,3,942,415,527
29,567,0078,606341,0000,000000,KARNATAKA,Davanagere,VILLAGE,Aligilawada,Rural,227,1124,590,534,118,65,53,214,110,104,289,149,140,727,410,317,397,180,217,612,361,251,402,282,120,212,202,10,154,46,108,4,4,0,32,30,2,210,79,131,1,0,1,204,74,130,0,0,0,5,5,0,206,77,129,1,0,1,202,74,128,0,0,0,3,3,0,4,2,2,0,0,0,2,0,2,0,0,0,2,2,0,512,229,283
29,567,0078,606342,0000,000000,KARNATAKA,Davanagere,VILLAGE,Shivapur ,Rural,255,1103,534,569,192,90,102,1061,519,542,0,0,0,531,357,174,572,177,395,652,328,324,638,324,314,67,59,8,542,245,297,0,0,0,29,20,9,14,4,10,4,1,3,8,2,6,0,0,0,2,1,1,14,4,10,4,1,3,8,2,6,0,0,0,2,1,1,0,0,0,0,0,0,0,0,0,0,0,0,0,0,0,451,206,245
29,567,0078,606343,0000,000000,KARNATAKA,Davanagere,VILLAGE,Chirasthahalli,Rural,597,3006,1579,1427,398,197,201,275,153,122,678,350,328,1940,1138,802,1066,441,625,1626,981,645,1534,941,593,611,462,149,699,317,382,48,24,24,176,138,38,92,40,52,7,3,4,64,27,37,6,1,5,15,9,6,92,40,52,7,3,4,64,27,37,6,1,5,15,9,6,0,0,0,0,0,0,0,0,0,0,0,0,0,0,0,1380,598,782
29,567,0078,606344,0000,000000,KARNATAKA,Davanagere,VILLAGE,Machihalli,Rural,887,4445,2271,2174,624,319,305,2189,1119,1070,170,85,85,2530,1534,996,1915,737,1178,2586,1324,1262,2069,1240,829,990,804,186,871,293,578,16,14,2,192,129,63,517,84,433,76,30,46,389,43,346,22,2,20,30,9,21,482,69,413,53,21,32,386,40,346,18,1,17,25,7,18,35,15,20,23,9,14,3,3,0,4,1,3,5,2,3,1859,947,912
29,567,0078,606345,0000,000000,KARNATAKA,Davanagere,VILLAGE,Gundagathi,Rural,802,4087,2081,2006,372,193,179,991,488,503,1208,616,592,2607,1491,1116,1480,590,890,2153,1230,923,1714,1044,670,547,512,35,976,382,594,24,20,4,167,130,37,439,186,253,10,9,1,412,168,244,4,2,2,13,7,6,438,186,252,10,9,1,411,168,243,4,2,2,13,7,6,1,0,1,0,0,0,1,0,1,0,0,0,0,0,0,1934,851,1083
29,567,0078,606346,0000,000000,KARNATAKA,Davanagere,VILLAGE,Sevanagar ,Rural,702,3663,1912,1751,541,274,267,1482,753,729,734,381,353,1887,1149,738,1776,763,1013,2256,1202,1054,1519,906,613,737,524,213,635,282,353,15,9,6,132,91,41,737,296,441,229,117,112,444,148,296,5,1,4,59,30,29,734,295,439,229,117,112,443,148,295,4,1,3,58,29,29,3,1,2,0,0,0,1,0,1,1,0,1,1,1,0,1407,710,697
29,567,0078,606347,0000,000000,KARNATAKA,Davanagere,VILLAGE,Yadihalli,Rural,465,2451,1244,1207,343,188,155,369,182,187,731,369,362,1427,815,612,1024,429,595,1172,719,453,1048,672,376,448,380,68,527,244,283,10,5,5,63,43,20,124,47,77,2,1,1,110,40,70,0,0,0,12,6,6,119,44,75,2,1,1,108,38,70,0,0,0,9,5,4,5,3,2,0,0,0,2,2,0,0,0,0,3,1,2,1279,525,754
29,567,0078,606348,0000,000000,KARNATAKA,Davanagere,VILLAGE,Teligi,Rural,1272,6304,3127,3177,757,360,397,1187,599,588,1703,853,850,3688,2034,1654,2616,1093,1523,2934,1847,1087,2652,1689,963,1099,736,363,863,433,430,24,9,15,666,511,155,282,158,124,11,5,6,157,77,80,2,2,0,112,74,38,266,148,118,10,4,6,147,72,75,2,2,0,107,70,37,16,10,6,1,1,0,10,5,5,0,0,0,5,4,1,3370,1280,2090
29,567,0078,606349,0000,000000,KARNATAKA,Davanagere,VILLAGE,Duggavatti,Rural,802,4075,2081,1994,602,295,307,734,377,357,1019,510,509,2745,1568,1177,1330,513,817,1914,1244,670,1878,1231,647,304,264,40,921,439,482,7,7,0,646,521,125,36,13,23,6,0,6,15,6,9,0,0,0,15,7,8,31,11,20,6,0,6,14,5,9,0,0,0,11,6,5,5,2,3,0,0,0,1,1,0,0,0,0,4,1,3,2161,837,1324
29,567,0078,606350,0000,000000,KARNATAKA,Davanagere,VILLAGE,Siriganahalli,Rural,494,2584,1321,1263,350,179,171,955,459,496,71,35,36,1420,863,557,1164,458,706,1407,767,640,1334,749,585,566,538,28,655,139,516,7,3,4,106,69,37,73,18,55,2,2,0,69,15,54,0,0,0,2,1,1,63,16,47,2,2,0,59,13,46,0,0,0,2,1,1,10,2,8,0,0,0,10,2,8,0,0,0,0,0,0,1177,554,623
29,567,0078,606351,0000,000000,KARNATAKA,Davanagere,VILLAGE,Ragimasalawada,Rural,602,2886,1439,1447,356,175,181,1274,640,634,366,181,185,1549,875,674,1337,564,773,1457,916,541,1292,858,434,542,408,134,606,347,259,18,13,5,126,90,36,165,58,107,3,1,2,148,47,101,3,2,1,11,8,3,161,55,106,3,1,2,148,47,101,1,1,0,9,6,3,4,3,1,0,0,0,0,0,0,2,1,1,2,2,0,1429,523,906
29,567,0078,606352,0000,000000,KARNATAKA,Davanagere,VILLAGE,Kyarakatti,Rural,688,3743,1924,1819,487,244,243,741,371,370,1444,752,692,2188,1272,916,1555,652,903,2209,1178,1031,1950,1122,828,1063,832,231,372,136,236,19,13,6,496,141,355,259,56,203,48,30,18,166,13,153,7,6,1,38,7,31,248,48,200,46,28,18,163,12,151,2,2,0,37,6,31,11,8,3,2,2,0,3,1,2,5,4,1,1,1,0,1534,746,788
29,567,0078,606353,0000,000000,KARNATAKA,Davanagere,VILLAGE,Towdur,Rural,1201,6113,3175,2938,793,396,397,3387,1735,1652,505,258,247,4026,2372,1654,2087,803,1284,3306,1862,1444,3087,1738,1349,843,613,230,1829,835,994,42,31,11,373,259,114,219,124,95,15,8,7,143,76,67,5,3,2,56,37,19,189,111,78,13,7,6,123,66,57,3,2,1,50,36,14,30,13,17,2,1,1,20,10,10,2,1,1,6,1,5,2807,1313,1494
29,567,0078,606354,0000,000000,KARNATAKA,Davanagere,VILLAGE,Thimalapura,Rural,98,572,322,250,73,40,33,374,213,161,21,17,4,379,244,135,193,78,115,204,131,73,198,127,71,38,31,7,128,72,56,7,6,1,25,18,7,6,4,2,1,1,0,2,1,1,0,0,0,3,2,1,6,4,2,1,1,0,2,1,1,0,0,0,3,2,1,0,0,0,0,0,0,0,0,0,0,0,0,0,0,0,368,191,177
29,567,0078,606355,0000,000000,KARNATAKA,Davanagere,VILLAGE,Arsikeri,Rural,1195,6126,3130,2996,856,433,423,1024,509,515,1607,823,784,3577,2014,1563,2549,1116,1433,3005,1827,1178,2643,1658,985,302,277,25,1582,822,760,239,148,91,520,411,109,362,169,193,44,37,7,148,42,106,25,8,17,145,82,63,332,155,177,41,35,6,141,40,101,25,8,17,125,72,53,30,14,16,3,2,1,7,2,5,0,0,0,20,10,10,3121,1303,1818
29,567,0078,606356,0000,000000,KARNATAKA,Davanagere,VILLAGE,Hosakote,Rural,754,3992,2015,1977,623,324,299,960,493,467,1337,686,651,2091,1207,884,1901,808,1093,2147,1178,969,1352,813,539,671,452,219,288,126,162,41,14,27,352,221,131,795,365,430,263,185,78,353,105,248,15,8,7,164,67,97,742,347,395,262,184,78,321,96,225,14,8,6,145,59,86,53,18,35,1,1,0,32,9,23,1,0,1,19,8,11,1845,837,1008
29,567,0078,606357,0000,000000,KARNATAKA,Davanagere,VILLAGE,Budihal,Rural,295,1444,720,724,160,75,85,211,108,103,75,36,39,884,504,380,560,216,344,878,450,428,841,428,413,478,285,193,65,31,34,23,22,1,275,90,185,37,22,15,1,1,0,15,8,7,1,0,1,20,13,7,29,14,15,1,1,0,11,4,7,1,0,1,16,9,7,8,8,0,0,0,0,4,4,0,0,0,0,4,4,0,566,270,296
29,567,0078,606358,0000,000000,KARNATAKA,Davanagere,VILLAGE,Madihalli,Rural,595,2873,1443,1430,315,158,157,603,306,297,258,130,128,1983,1086,897,890,357,533,1553,958,595,1200,650,550,189,166,23,509,244,265,10,4,6,492,236,256,353,308,45,9,6,3,27,12,15,0,0,0,317,290,27,350,307,43,8,6,2,27,12,15,0,0,0,315,289,26,3,1,2,1,0,1,0,0,0,0,0,0,2,1,1,1320,485,835
29,567,0078,606359,0000,000000,KARNATAKA,Davanagere,VILLAGE,Anajigeri,Rural,849,4487,2290,2197,553,285,268,650,320,330,577,300,277,2875,1631,1244,1612,659,953,2694,1414,1280,1897,1242,655,1225,931,294,480,166,314,47,16,31,145,129,16,797,172,625,540,87,453,198,64,134,23,3,20,36,18,18,789,167,622,540,87,453,197,63,134,22,2,20,30,15,15,8,5,3,0,0,0,1,1,0,1,1,0,6,3,3,1793,876,917
29,567,0078,606360,0000,000000,KARNATAKA,Davanagere,VILLAGE,Kallugudi,Rural,165,679,330,349,85,37,48,310,151,159,79,41,38,461,241,220,218,89,129,420,203,217,3,2,1,0,0,0,1,1,0,0,0,0,2,1,1,417,201,216,30,28,2,36,20,16,0,0,0,351,153,198,417,201,216,30,28,2,36,20,16,0,0,0,351,153,198,0,0,0,0,0,0,0,0,0,0,0,0,0,0,0,259,127,132
29,567,0078,606361,0000,000000,KARNATAKA,Davanagere,VILLAGE,Punabagatta,Rural,1210,6195,3221,2974,727,378,349,2105,1111,994,1145,588,557,3948,2290,1658,2247,931,1316,3226,1955,1271,2630,1825,805,1215,1064,151,779,411,368,38,27,11,598,323,275,596,130,466,97,55,42,413,40,373,5,2,3,81,33,48,584,124,460,93,52,41,411,39,372,5,2,3,75,31,44,12,6,6,4,3,1,2,1,1,0,0,0,6,2,4,2969,1266,1703
29,567,0078,606362,0000,000000,KARNATAKA,Davanagere,VILLAGE,Kanchikeri,Rural,1198,5801,3015,2786,662,337,325,1345,716,629,918,466,452,3162,1869,1293,2639,1146,1493,3198,1831,1367,3046,1774,1272,543,499,44,2115,996,1119,34,28,6,354,251,103,152,57,95,76,30,46,59,22,37,1,1,0,16,4,12,68,25,43,26,12,14,29,9,20,1,1,0,12,3,9,84,32,52,50,18,32,30,13,17,0,0,0,4,1,3,2603,1184,1419
29,567,0078,606363,0000,000000,KARNATAKA,Davanagere,VILLAGE,Hallikeri,Rural,663,3602,1881,1721,524,284,240,1178,601,577,788,417,371,2117,1272,845,1485,609,876,1946,1143,803,1607,1036,571,870,677,193,364,157,207,25,9,16,348,193,155,339,107,232,23,10,13,205,55,150,22,11,11,89,31,58,319,101,218,20,9,11,204,55,149,17,8,9,78,29,49,20,6,14,3,1,2,1,0,1,5,3,2,11,2,9,1656,738,918
29,567,0078,606364,0000,000000,KARNATAKA,Davanagere,VILLAGE,Singrihalli,Rural,797,3980,2060,1920,448,229,219,1281,667,614,883,437,446,2671,1595,1076,1309,465,844,2333,1251,1082,2129,1148,981,576,377,199,1346,643,703,20,14,6,187,114,73,204,103,101,13,8,5,161,81,80,3,2,1,27,12,15,204,103,101,13,8,5,161,81,80,3,2,1,27,12,15,0,0,0,0,0,0,0,0,0,0,0,0,0,0,0,1647,809,838
29,567,0078,606365,0000,000000,KARNATAKA,Davanagere,VILLAGE,Laxmipura ,Rural,680,3440,1724,1716,397,203,194,2118,1087,1031,601,294,307,1981,1156,825,1459,568,891,1833,996,837,1585,905,680,344,318,26,1075,484,591,23,16,7,143,87,56,248,91,157,41,26,15,116,28,88,3,2,1,88,35,53,221,85,136,40,26,14,107,26,81,3,2,1,71,31,40,27,6,21,1,0,1,9,2,7,0,0,0,17,4,13,1607,728,879
29,567,0078,606366,0000,000000,KARNATAKA,Davanagere,VILLAGE,Sathur,Rural,552,2881,1453,1428,448,242,206,580,296,284,914,446,468,1471,841,630,1410,612,798,1546,893,653,1505,875,630,264,258,6,1028,467,561,20,11,9,193,139,54,41,18,23,4,3,1,28,9,19,4,1,3,5,5,0,28,13,15,3,2,1,18,6,12,2,0,2,5,5,0,13,5,8,1,1,0,10,3,7,2,1,1,0,0,0,1335,560,775
29,567,0078,606367,0000,000000,KARNATAKA,Davanagere,VILLAGE,Hiremegalageri,Rural,1742,8448,4246,4202,976,505,471,2290,1141,1149,1484,730,754,5187,2926,2261,3261,1320,1941,4193,2432,1761,3390,2086,1304,944,705,239,1725,882,843,40,26,14,681,473,208,803,346,457,92,36,56,444,199,245,23,12,11,244,99,145,702,316,386,60,29,31,419,196,223,17,9,8,206,82,124,101,30,71,32,7,25,25,3,22,6,3,3,38,17,21,4255,1814,2441
29,567,0078,606368,0000,000000,KARNATAKA,Davanagere,VILLAGE,Uchangidurga,Rural,1947,9781,4926,4855,1312,680,632,2823,1408,1415,1265,640,625,5647,3194,2453,4134,1732,2402,5792,3075,2717,3833,2287,1546,1064,798,266,1488,614,874,88,56,32,1193,819,374,1959,788,1171,89,51,38,1034,375,659,306,120,186,530,242,288,1474,556,918,71,41,30,859,301,558,123,24,99,421,190,231,485,232,253,18,10,8,175,74,101,183,96,87,109,52,57,3989,1851,2138
29,567,0078,606369,0000,000000,KARNATAKA,Davanagere,VILLAGE,Ramaghatta,Rural,711,3527,1787,1740,481,240,241,2078,1048,1030,347,168,179,1942,1139,803,1585,648,937,1760,1069,691,1352,958,394,703,596,107,554,296,258,5,4,1,90,62,28,408,111,297,45,11,34,290,53,237,21,21,0,52,26,26,268,52,216,42,10,32,190,22,168,9,9,0,27,11,16,140,59,81,3,1,2,100,31,69,12,12,0,25,15,10,1767,718,1049
29,567,0078,606370,0000,000000,KARNATAKA,Davanagere,VILLAGE,Chatnihalli,Rural,905,4364,2241,2123,552,278,274,1214,625,589,445,213,232,2410,1407,1003,1954,834,1120,2267,1421,846,1900,1244,656,830,682,148,790,364,426,31,25,6,249,173,76,367,177,190,28,18,10,133,36,97,52,27,25,154,96,58,361,174,187,27,17,10,132,36,96,51,27,24,151,94,57,6,3,3,1,1,0,1,0,1,1,0,1,3,2,1,2097,820,1277
29,567,0079,000000,0000,000000,KARNATAKA,Davanagere,CD BLOCK,Jagalur ,Total,31465,154565,78288,76277,17974,9275,8699,40297,20218,20079,39798,20223,19575,97152,55106,42046,57413,23182,34231,83466,47705,35761,68180,43382,24798,36015,26412,9603,23759,10712,13047,605,418,187,7801,5840,1961,15286,4323,10963,2604,836,1768,9990,2386,7604,570,208,362,2122,893,1229,13939,3780,10159,2289,693,1596,9374,2183,7191,449,144,305,1827,760,1067,1347,543,804,315,143,172,616,203,413,121,64,57,295,133,162,71099,30583,40516
29,567,0079,000000,0000,000000,KARNATAKA,Davanagere,CD BLOCK,Jagalur ,Rural,31465,154565,78288,76277,17974,9275,8699,40297,20218,20079,39798,20223,19575,97152,55106,42046,57413,23182,34231,83466,47705,35761,68180,43382,24798,36015,26412,9603,23759,10712,13047,605,418,187,7801,5840,1961,15286,4323,10963,2604,836,1768,9990,2386,7604,570,208,362,2122,893,1229,13939,3780,10159,2289,693,1596,9374,2183,7191,449,144,305,1827,760,1067,1347,543,804,315,143,172,616,203,413,121,64,57,295,133,162,71099,30583,40516
29,567,0079,000000,0000,000000,KARNATAKA,Davanagere,CD BLOCK,Jagalur ,Urban,0,0,0,0,0,0,0,0,0,0,0,0,0,0,0,0,0,0,0,0,0,0,0,0,0,0,0,0,0,0,0,0,0,0,0,0,0,0,0,0,0,0,0,0,0,0,0,0,0,0,0,0,0,0,0,0,0,0,0,0,0,0,0,0,0,0,0,0,0,0,0,0,0,0,0,0,0,0,0,0,0,0,0,0,0
29,567,0079,606371,0000,000000,KARNATAKA,Davanagere,VILLAGE,Basavanakote,Rural,684,3457,1767,1690,389,213,176,528,257,271,315,171,144,2149,1195,954,1308,572,736,1735,1013,722,1603,955,648,867,660,207,581,189,392,49,23,26,106,83,23,132,58,74,38,13,25,64,23,41,3,2,1,27,20,7,132,58,74,38,13,25,64,23,41,3,2,1,27,20,7,0,0,0,0,0,0,0,0,0,0,0,0,0,0,0,1722,754,968
29,567,0079,606372,0000,000000,KARNATAKA,Davanagere,VILLAGE,Agasanahalli,Rural,53,306,169,137,25,13,12,155,82,73,141,82,59,186,113,73,120,56,64,241,133,108,98,83,15,97,82,15,0,0,0,0,0,0,1,1,0,143,50,93,42,12,30,1,0,1,0,0,0,100,38,62,143,50,93,42,12,30,1,0,1,0,0,0,100,38,62,0,0,0,0,0,0,0,0,0,0,0,0,0,0,0,65,36,29
29,567,0079,606373,0000,000000,KARNATAKA,Davanagere,VILLAGE,Magadi,Rural,201,1090,563,527,160,83,77,36,19,17,976,503,473,732,415,317,358,148,210,746,388,358,535,307,228,520,303,217,9,3,6,0,0,0,6,1,5,211,81,130,24,6,18,77,24,53,0,0,0,110,51,59,211,81,130,24,6,18,77,24,53,0,0,0,110,51,59,0,0,0,0,0,0,0,0,0,0,0,0,0,0,0,344,175,169
29,567,0079,606374,0000,000000,KARNATAKA,Davanagere,VILLAGE,Gurusiddapura,Rural,548,2849,1444,1405,336,170,166,878,439,439,1125,592,533,1394,837,557,1455,607,848,1618,893,725,1478,841,637,553,425,128,831,350,481,13,7,6,81,59,22,140,52,88,32,23,9,62,22,40,1,0,1,45,7,38,102,49,53,32,23,9,61,21,40,1,0,1,8,5,3,38,3,35,0,0,0,1,1,0,0,0,0,37,2,35,1231,551,680
29,567,0079,606375,0000,000000,KARNATAKA,Davanagere,VILLAGE,Jadanakatte,Rural,45,217,105,112,23,9,14,206,99,107,9,5,4,95,52,43,122,53,69,143,77,66,141,76,65,126,67,59,9,4,5,0,0,0,6,5,1,2,1,1,1,0,1,0,0,0,0,0,0,1,1,0,2,1,1,1,0,1,0,0,0,0,0,0,1,1,0,0,0,0,0,0,0,0,0,0,0,0,0,0,0,0,74,28,46
29,567,0079,606376,0000,000000,KARNATAKA,Davanagere,VILLAGE,Siddaiahnakote,Rural,337,1648,837,811,190,94,96,233,126,107,881,446,435,978,563,415,670,274,396,906,530,376,897,526,371,675,395,280,132,59,73,10,8,2,80,64,16,9,4,5,1,0,1,6,2,4,0,0,0,2,2,0,9,4,5,1,0,1,6,2,4,0,0,0,2,2,0,0,0,0,0,0,0,0,0,0,0,0,0,0,0,0,742,307,435
29,567,0079,606377,0000,000000,KARNATAKA,Davanagere,VILLAGE,Ujjappavaderahalli,Rural,283,1343,686,657,171,96,75,703,359,344,154,78,76,717,407,310,626,279,347,737,374,363,723,365,358,400,244,156,282,97,185,1,1,0,40,23,17,14,9,5,2,1,1,2,0,2,0,0,0,10,8,2,7,5,2,2,1,1,1,0,1,0,0,0,4,4,0,7,4,3,0,0,0,1,0,1,0,0,0,6,4,2,606,312,294
29,567,0079,606378,0000,000000,KARNATAKA,Davanagere,VILLAGE,Guddanaikanahalli,Rural,0,0,0,0,0,0,0,0,0,0,0,0,0,0,0,0,0,0,0,0,0,0,0,0,0,0,0,0,0,0,0,0,0,0,0,0,0,0,0,0,0,0,0,0,0,0,0,0,0,0,0,0,0,0,0,0,0,0,0,0,0,0,0,0,0,0,0,0,0,0,0,0,0,0,0,0,0,0,0,0,0,0,0,0,0
29,567,0079,606379,0000,000000,KARNATAKA,Davanagere,VILLAGE,Challakatte,Rural,0,0,0,0,0,0,0,0,0,0,0,0,0,0,0,0,0,0,0,0,0,0,0,0,0,0,0,0,0,0,0,0,0,0,0,0,0,0,0,0,0,0,0,0,0,0,0,0,0,0,0,0,0,0,0,0,0,0,0,0,0,0,0,0,0,0,0,0,0,0,0,0,0,0,0,0,0,0,0,0,0,0,0,0,0
29,567,0079,606380,0000,000000,KARNATAKA,Davanagere,VILLAGE,Varavenahalli,Rural,0,0,0,0,0,0,0,0,0,0,0,0,0,0,0,0,0,0,0,0,0,0,0,0,0,0,0,0,0,0,0,0,0,0,0,0,0,0,0,0,0,0,0,0,0,0,0,0,0,0,0,0,0,0,0,0,0,0,0,0,0,0,0,0,0,0,0,0,0,0,0,0,0,0,0,0,0,0,0,0,0,0,0,0,0
29,567,0079,606381,0000,000000,KARNATAKA,Davanagere,VILLAGE,Rangaiahnadurga,Rural,0,0,0,0,0,0,0,0,0,0,0,0,0,0,0,0,0,0,0,0,0,0,0,0,0,0,0,0,0,0,0,0,0,0,0,0,0,0,0,0,0,0,0,0,0,0,0,0,0,0,0,0,0,0,0,0,0,0,0,0,0,0,0,0,0,0,0,0,0,0,0,0,0,0,0,0,0,0,0,0,0,0,0,0,0
29,567,0079,606382,0000,000000,KARNATAKA,Davanagere,VILLAGE,Yerlakatte,Rural,279,1308,644,664,148,69,79,205,99,106,370,192,178,792,452,340,516,192,324,757,405,352,437,342,95,308,267,41,96,52,44,3,3,0,30,20,10,320,63,257,23,5,18,257,29,228,5,3,2,35,26,9,299,52,247,21,4,17,249,27,222,3,2,1,26,19,7,21,11,10,2,1,1,8,2,6,2,1,1,9,7,2,551,239,312
29,567,0079,606383,0000,000000,KARNATAKA,Davanagere,VILLAGE,Sokke,Rural,841,3974,1997,1977,429,207,222,811,407,404,675,341,334,2294,1294,1000,1680,703,977,2279,1276,1003,2074,1225,849,1053,666,387,720,335,385,33,25,8,268,199,69,205,51,154,13,7,6,176,33,143,1,0,1,15,11,4,197,48,149,13,7,6,173,33,140,0,0,0,11,8,3,8,3,5,0,0,0,3,0,3,1,0,1,4,3,1,1695,721,974
29,567,0079,606384,0000,000000,KARNATAKA,Davanagere,VILLAGE,Chikkabantanahalli,Rural,168,722,350,372,85,43,42,258,125,133,2,1,1,446,245,201,276,105,171,225,183,42,199,164,35,158,142,16,1,1,0,0,0,0,40,21,19,26,19,7,19,15,4,0,0,0,0,0,0,7,4,3,26,19,7,19,15,4,0,0,0,0,0,0,7,4,3,0,0,0,0,0,0,0,0,0,0,0,0,0,0,0,497,167,330
29,567,0079,606385,0000,000000,KARNATAKA,Davanagere,VILLAGE,Gopalapura,Rural,106,605,304,301,63,34,29,123,62,61,83,40,43,365,192,173,240,112,128,395,216,179,355,205,150,246,145,101,80,36,44,0,0,0,29,24,5,40,11,29,31,8,23,9,3,6,0,0,0,0,0,0,39,11,28,30,8,22,9,3,6,0,0,0,0,0,0,1,0,1,1,0,1,0,0,0,0,0,0,0,0,0,210,88,122
29,567,0079,606386,0000,000000,KARNATAKA,Davanagere,VILLAGE,Medakeripura,Rural,13,67,28,39,14,3,11,24,8,16,29,15,14,26,15,11,41,13,28,37,18,19,31,17,14,9,5,4,22,12,10,0,0,0,0,0,0,6,1,5,1,1,0,5,0,5,0,0,0,0,0,0,6,1,5,1,1,0,5,0,5,0,0,0,0,0,0,0,0,0,0,0,0,0,0,0,0,0,0,0,0,0,30,10,20
29,567,0079,606387,0000,000000,KARNATAKA,Davanagere,VILLAGE,Lakkampura,Rural,218,1144,585,559,153,82,71,70,32,38,1022,527,495,687,410,277,457,175,282,731,387,344,604,364,240,466,296,170,108,52,56,0,0,0,30,16,14,127,23,104,91,10,81,18,3,15,0,0,0,18,10,8,54,16,38,23,5,18,15,3,12,0,0,0,16,8,8,73,7,66,68,5,63,3,0,3,0,0,0,2,2,0,413,198,215
29,567,0079,606388,0000,000000,KARNATAKA,Davanagere,VILLAGE,Katenahalli,Rural,4,17,10,7,1,1,0,0,0,0,0,0,0,14,9,5,3,1,2,11,7,4,9,7,2,9,7,2,0,0,0,0,0,0,0,0,0,2,0,2,2,0,2,0,0,0,0,0,0,0,0,0,1,0,1,1,0,1,0,0,0,0,0,0,0,0,0,1,0,1,1,0,1,0,0,0,0,0,0,0,0,0,6,3,3
29,567,0079,606389,0000,000000,KARNATAKA,Davanagere,VILLAGE,Krishnapura,Rural,2,10,5,5,1,0,1,0,0,0,10,5,5,6,4,2,4,1,3,5,3,2,5,3,2,5,3,2,0,0,0,0,0,0,0,0,0,0,0,0,0,0,0,0,0,0,0,0,0,0,0,0,0,0,0,0,0,0,0,0,0,0,0,0,0,0,0,0,0,0,0,0,0,0,0,0,0,0,0,0,0,0,5,2,3
29,567,0079,606390,0000,000000,KARNATAKA,Davanagere,VILLAGE,Hosakere,Rural,410,1851,906,945,166,83,83,379,168,211,238,125,113,1380,748,632,471,158,313,907,558,349,833,525,308,462,329,133,239,102,137,8,8,0,124,86,38,74,33,41,20,10,10,29,10,19,2,2,0,23,11,12,60,32,28,14,10,4,24,10,14,2,2,0,20,10,10,14,1,13,6,0,6,5,0,5,0,0,0,3,1,2,944,348,596
29,567,0079,606391,0000,000000,KARNATAKA,Davanagere,VILLAGE,Talavara Kariyappanahalli,Rural,0,0,0,0,0,0,0,0,0,0,0,0,0,0,0,0,0,0,0,0,0,0,0,0,0,0,0,0,0,0,0,0,0,0,0,0,0,0,0,0,0,0,0,0,0,0,0,0,0,0,0,0,0,0,0,0,0,0,0,0,0,0,0,0,0,0,0,0,0,0,0,0,0,0,0,0,0,0,0,0,0,0,0,0,0
29,567,0079,606392,0000,000000,KARNATAKA,Davanagere,VILLAGE,Hirebannihatti,Rural,210,1140,568,572,141,76,65,11,7,4,689,339,350,706,389,317,434,179,255,647,355,292,539,334,205,471,292,179,23,11,12,3,2,1,42,29,13,108,21,87,99,15,84,8,5,3,0,0,0,1,1,0,100,17,83,93,12,81,7,5,2,0,0,0,0,0,0,8,4,4,6,3,3,1,0,1,0,0,0,1,1,0,493,213,280
29,567,0079,606393,0000,000000,KARNATAKA,Davanagere,VILLAGE,Chikkabannihatti,Rural,213,1099,547,552,155,69,86,491,232,259,30,16,14,518,314,204,581,233,348,718,371,347,717,370,347,170,97,73,527,254,273,0,0,0,20,19,1,1,1,0,0,0,0,1,1,0,0,0,0,0,0,0,1,1,0,0,0,0,1,1,0,0,0,0,0,0,0,0,0,0,0,0,0,0,0,0,0,0,0,0,0,0,381,176,205
29,567,0079,606394,0000,000000,KARNATAKA,Davanagere,VILLAGE,Malemachikere,Rural,161,860,433,427,117,59,58,225,122,103,191,93,98,453,274,179,407,159,248,511,269,242,372,263,109,163,158,5,170,78,92,0,0,0,39,27,12,139,6,133,120,1,119,15,5,10,1,0,1,3,0,3,136,5,131,119,1,118,13,4,9,1,0,1,3,0,3,3,1,2,1,0,1,2,1,1,0,0,0,0,0,0,349,164,185
29,567,0079,606395,0000,000000,KARNATAKA,Davanagere,VILLAGE,Gowdikatte,Rural,150,734,383,351,98,51,47,6,4,2,727,378,349,318,204,114,416,179,237,468,231,237,45,33,12,42,30,12,2,2,0,1,1,0,0,0,0,423,198,225,5,2,3,417,195,222,0,0,0,1,1,0,422,198,224,5,2,3,416,195,221,0,0,0,1,1,0,1,0,1,0,0,0,1,0,1,0,0,0,0,0,0,266,152,114
29,567,0079,606396,0000,000000,KARNATAKA,Davanagere,VILLAGE,Kanakuppe,Rural,210,1070,547,523,125,62,63,37,18,19,840,423,417,641,371,270,429,176,253,685,346,339,668,335,333,438,208,230,130,44,86,3,2,1,97,81,16,17,11,6,1,1,0,10,5,5,0,0,0,6,5,1,16,10,6,0,0,0,10,5,5,0,0,0,6,5,1,1,1,0,1,1,0,0,0,0,0,0,0,0,0,0,385,201,184
29,567,0079,606397,0000,000000,KARNATAKA,Davanagere,VILLAGE,Kelagote,Rural,280,1403,713,690,133,59,74,201,104,97,486,253,233,871,490,381,532,223,309,884,455,429,701,421,280,441,385,56,238,20,218,11,10,1,11,6,5,183,34,149,152,34,118,29,0,29,0,0,0,2,0,2,182,34,148,152,34,118,29,0,29,0,0,0,1,0,1,1,0,1,0,0,0,0,0,0,0,0,0,1,0,1,519,258,261
29,567,0079,606398,0000,000000,KARNATAKA,Davanagere,VILLAGE,Seetharasanahalli,Rural,0,0,0,0,0,0,0,0,0,0,0,0,0,0,0,0,0,0,0,0,0,0,0,0,0,0,0,0,0,0,0,0,0,0,0,0,0,0,0,0,0,0,0,0,0,0,0,0,0,0,0,0,0,0,0,0,0,0,0,0,0,0,0,0,0,0,0,0,0,0,0,0,0,0,0,0,0,0,0,0,0,0,0,0,0
29,567,0079,606399,0000,000000,KARNATAKA,Davanagere,VILLAGE,Veeravvanagathihalli,Rural,0,0,0,0,0,0,0,0,0,0,0,0,0,0,0,0,0,0,0,0,0,0,0,0,0,0,0,0,0,0,0,0,0,0,0,0,0,0,0,0,0,0,0,0,0,0,0,0,0,0,0,0,0,0,0,0,0,0,0,0,0,0,0,0,0,0,0,0,0,0,0,0,0,0,0,0,0,0,0,0,0,0,0,0,0
29,567,0079,606400,0000,000000,KARNATAKA,Davanagere,VILLAGE,Gowdagondanahalli,Rural,296,1474,738,736,142,71,71,94,46,48,1086,540,546,849,478,371,625,260,365,906,466,440,885,455,430,560,365,195,299,77,222,8,3,5,18,10,8,21,11,10,11,6,5,7,3,4,2,1,1,1,1,0,5,4,1,2,2,0,1,0,1,1,1,0,1,1,0,16,7,9,9,4,5,6,3,3,1,0,1,0,0,0,568,272,296
29,567,0079,606401,0000,000000,KARNATAKA,Davanagere,VILLAGE,Bedarabenakanahalli,Rural,0,0,0,0,0,0,0,0,0,0,0,0,0,0,0,0,0,0,0,0,0,0,0,0,0,0,0,0,0,0,0,0,0,0,0,0,0,0,0,0,0,0,0,0,0,0,0,0,0,0,0,0,0,0,0,0,0,0,0,0,0,0,0,0,0,0,0,0,0,0,0,0,0,0,0,0,0,0,0,0,0,0,0,0,0
29,567,0079,606402,0000,000000,KARNATAKA,Davanagere,VILLAGE,Venkatapura,Rural,3,15,6,9,0,0,0,0,0,0,13,5,8,11,5,6,4,1,3,10,4,6,10,4,6,10,4,6,0,0,0,0,0,0,0,0,0,0,0,0,0,0,0,0,0,0,0,0,0,0,0,0,0,0,0,0,0,0,0,0,0,0,0,0,0,0,0,0,0,0,0,0,0,0,0,0,0,0,0,0,0,0,5,2,3
29,567,0079,606403,0000,000000,KARNATAKA,Davanagere,VILLAGE,Gowripura,Rural,321,1640,859,781,162,95,67,387,191,196,442,236,206,896,535,361,744,324,420,989,508,481,907,472,435,414,254,160,443,193,250,4,4,0,46,21,25,82,36,46,7,2,5,67,27,40,6,6,0,2,1,1,80,35,45,6,2,4,67,27,40,5,5,0,2,1,1,2,1,1,1,0,1,0,0,0,1,1,0,0,0,0,651,351,300
29,567,0079,606404,0000,000000,KARNATAKA,Davanagere,VILLAGE,Medakerihalli,Rural,0,0,0,0,0,0,0,0,0,0,0,0,0,0,0,0,0,0,0,0,0,0,0,0,0,0,0,0,0,0,0,0,0,0,0,0,0,0,0,0,0,0,0,0,0,0,0,0,0,0,0,0,0,0,0,0,0,0,0,0,0,0,0,0,0,0,0,0,0,0,0,0,0,0,0,0,0,0,0,0,0,0,0,0,0
29,567,0079,606405,0000,000000,KARNATAKA,Davanagere,VILLAGE,Gadimakunte,Rural,379,1748,870,878,211,112,99,255,124,131,666,323,343,876,519,357,872,351,521,1031,558,473,685,508,177,391,329,62,213,113,100,6,5,1,75,61,14,346,50,296,166,24,142,159,17,142,2,0,2,19,9,10,345,49,296,166,24,142,159,17,142,2,0,2,18,8,10,1,1,0,0,0,0,0,0,0,0,0,0,1,1,0,717,312,405
29,567,0079,606406,0000,000000,KARNATAKA,Davanagere,VILLAGE,Chikka-Ujjini,Rural,276,1473,738,735,188,98,90,155,68,87,65,28,37,820,473,347,653,265,388,902,457,445,733,440,293,544,328,216,125,63,62,6,2,4,58,47,11,169,17,152,5,2,3,159,13,146,3,0,3,2,2,0,168,16,152,5,2,3,159,13,146,3,0,3,1,1,0,1,1,0,0,0,0,0,0,0,0,0,0,1,1,0,571,281,290
29,567,0079,606407,0000,000000,KARNATAKA,Davanagere,VILLAGE,Thumbinakatte,Rural,44,223,109,114,15,8,7,41,22,19,18,9,9,146,78,68,77,31,46,149,72,77,149,72,77,148,71,77,0,0,0,0,0,0,1,1,0,0,0,0,0,0,0,0,0,0,0,0,0,0,0,0,0,0,0,0,0,0,0,0,0,0,0,0,0,0,0,0,0,0,0,0,0,0,0,0,0,0,0,0,0,0,74,37,37
29,567,0079,606408,0000,000000,KARNATAKA,Davanagere,VILLAGE,Marikatte,Rural,156,846,424,422,90,52,38,259,128,131,414,206,208,491,277,214,355,147,208,592,282,310,592,282,310,592,282,310,0,0,0,0,0,0,0,0,0,0,0,0,0,0,0,0,0,0,0,0,0,0,0,0,0,0,0,0,0,0,0,0,0,0,0,0,0,0,0,0,0,0,0,0,0,0,0,0,0,0,0,0,0,0,254,142,112
29,567,0079,606409,0000,000000,KARNATAKA,Davanagere,VILLAGE,Yaramallanahalli,Rural,0,0,0,0,0,0,0,0,0,0,0,0,0,0,0,0,0,0,0,0,0,0,0,0,0,0,0,0,0,0,0,0,0,0,0,0,0,0,0,0,0,0,0,0,0,0,0,0,0,0,0,0,0,0,0,0,0,0,0,0,0,0,0,0,0,0,0,0,0,0,0,0,0,0,0,0,0,0,0,0,0,0,0,0,0
29,567,0079,606410,0000,000000,KARNATAKA,Davanagere,VILLAGE,Jayaramanahalli,Rural,33,121,60,61,11,7,4,27,10,17,42,21,21,80,44,36,41,16,25,87,44,43,86,43,43,17,12,5,69,31,38,0,0,0,0,0,0,1,1,0,0,0,0,1,1,0,0,0,0,0,0,0,0,0,0,0,0,0,0,0,0,0,0,0,0,0,0,1,1,0,0,0,0,1,1,0,0,0,0,0,0,0,34,16,18
29,567,0079,606411,0000,000000,KARNATAKA,Davanagere,VILLAGE,Hanumavvanagathihalli,Rural,70,312,160,152,20,9,11,0,0,0,0,0,0,221,128,93,91,32,59,201,109,92,198,107,91,182,100,82,11,5,6,1,1,0,4,1,3,3,2,1,0,0,0,1,1,0,0,0,0,2,1,1,3,2,1,0,0,0,1,1,0,0,0,0,2,1,1,0,0,0,0,0,0,0,0,0,0,0,0,0,0,0,111,51,60
29,567,0079,606412,0000,000000,KARNATAKA,Davanagere,VILLAGE,Kyasenahalli,Rural,252,1376,687,689,184,92,92,184,91,93,241,118,123,836,505,331,540,182,358,897,451,446,355,344,11,295,293,2,25,21,4,3,3,0,32,27,5,542,107,435,4,3,1,532,100,432,2,1,1,4,3,1,539,105,434,4,3,1,529,98,431,2,1,1,4,3,1,3,2,1,0,0,0,3,2,1,0,0,0,0,0,0,479,236,243
29,567,0079,606413,0000,000000,KARNATAKA,Davanagere,VILLAGE,Lakkenahalli,Rural,0,0,0,0,0,0,0,0,0,0,0,0,0,0,0,0,0,0,0,0,0,0,0,0,0,0,0,0,0,0,0,0,0,0,0,0,0,0,0,0,0,0,0,0,0,0,0,0,0,0,0,0,0,0,0,0,0,0,0,0,0,0,0,0,0,0,0,0,0,0,0,0,0,0,0,0,0,0,0,0,0,0,0,0,0
29,567,0079,606414,0000,000000,KARNATAKA,Davanagere,VILLAGE,Gudugobanahalli,Rural,0,0,0,0,0,0,0,0,0,0,0,0,0,0,0,0,0,0,0,0,0,0,0,0,0,0,0,0,0,0,0,0,0,0,0,0,0,0,0,0,0,0,0,0,0,0,0,0,0,0,0,0,0,0,0,0,0,0,0,0,0,0,0,0,0,0,0,0,0,0,0,0,0,0,0,0,0,0,0,0,0,0,0,0,0
29,567,0079,606415,0000,000000,KARNATAKA,Davanagere,VILLAGE,Anebenakanahalli,Rural,0,0,0,0,0,0,0,0,0,0,0,0,0,0,0,0,0,0,0,0,0,0,0,0,0,0,0,0,0,0,0,0,0,0,0,0,0,0,0,0,0,0,0,0,0,0,0,0,0,0,0,0,0,0,0,0,0,0,0,0,0,0,0,0,0,0,0,0,0,0,0,0,0,0,0,0,0,0,0,0,0,0,0,0,0
29,567,0079,606416,0000,000000,KARNATAKA,Davanagere,VILLAGE,Tamalihalli,Rural,418,2357,1187,1170,338,165,173,259,123,136,2086,1055,1031,1198,695,503,1159,492,667,1271,691,580,1101,676,425,718,475,243,290,122,168,1,1,0,92,78,14,170,15,155,5,3,2,156,6,150,1,0,1,8,6,2,168,14,154,5,3,2,155,6,149,1,0,1,7,5,2,2,1,1,0,0,0,1,0,1,0,0,0,1,1,0,1086,496,590
29,567,0079,606417,0000,000000,KARNATAKA,Davanagere,VILLAGE,Kenchenahalli,Rural,242,1128,551,577,134,55,79,420,206,214,181,91,90,693,402,291,435,149,286,720,375,345,717,373,344,595,306,289,62,26,36,7,4,3,53,37,16,3,2,1,2,1,1,0,0,0,0,0,0,1,1,0,3,2,1,2,1,1,0,0,0,0,0,0,1,1,0,0,0,0,0,0,0,0,0,0,0,0,0,0,0,0,408,176,232
29,567,0079,606418,0000,000000,KARNATAKA,Davanagere,VILLAGE,Papedevarahalli,Rural,0,0,0,0,0,0,0,0,0,0,0,0,0,0,0,0,0,0,0,0,0,0,0,0,0,0,0,0,0,0,0,0,0,0,0,0,0,0,0,0,0,0,0,0,0,0,0,0,0,0,0,0,0,0,0,0,0,0,0,0,0,0,0,0,0,0,0,0,0,0,0,0,0,0,0,0,0,0,0,0,0,0,0,0,0
29,567,0079,606419,0000,000000,KARNATAKA,Davanagere,VILLAGE,Chikkammanahatti,Rural,241,1285,648,637,141,67,74,93,46,47,319,167,152,732,432,300,553,216,337,634,402,232,631,399,232,153,126,27,386,192,194,1,1,0,91,80,11,3,3,0,0,0,0,0,0,0,1,1,0,2,2,0,3,3,0,0,0,0,0,0,0,1,1,0,2,2,0,0,0,0,0,0,0,0,0,0,0,0,0,0,0,0,651,246,405
29,567,0079,606420,0000,000000,KARNATAKA,Davanagere,VILLAGE,Giddanakatte,Rural,214,991,525,466,105,62,43,63,37,26,416,211,205,609,384,225,382,141,241,620,320,300,603,314,289,195,147,48,338,111,227,0,0,0,70,56,14,17,6,11,1,1,0,15,4,11,0,0,0,1,1,0,16,5,11,1,1,0,14,3,11,0,0,0,1,1,0,1,1,0,0,0,0,1,1,0,0,0,0,0,0,0,371,205,166
29,567,0079,606421,0000,000000,KARNATAKA,Davanagere,VILLAGE,Byranaikanahalli,Rural,331,1813,928,885,238,100,138,245,113,132,1177,605,572,853,527,326,960,401,559,1155,602,553,869,538,331,417,384,33,405,118,287,6,5,1,41,31,10,286,64,222,3,1,2,281,62,219,1,0,1,1,1,0,285,64,221,3,1,2,280,62,218,1,0,1,1,1,0,1,0,1,0,0,0,1,0,1,0,0,0,0,0,0,658,326,332
29,567,0079,606422,0000,000000,KARNATAKA,Davanagere,VILLAGE,Huchangipura,Rural,506,2939,1528,1411,406,210,196,1699,893,806,300,157,143,1368,853,515,1571,675,896,1365,868,497,1032,777,255,493,472,21,413,208,205,2,2,0,124,95,29,333,91,242,47,16,31,280,69,211,1,1,0,5,5,0,299,78,221,25,9,16,270,65,205,1,1,0,3,3,0,34,13,21,22,7,15,10,4,6,0,0,0,2,2,0,1574,660,914
29,567,0079,606423,0000,000000,KARNATAKA,Davanagere,VILLAGE,Diddige,Rural,375,1823,941,882,191,101,90,351,193,158,62,33,29,1306,733,573,517,208,309,942,555,387,794,541,253,498,381,117,184,81,103,8,7,1,104,72,32,148,14,134,95,9,86,36,4,32,1,1,0,16,0,16,131,13,118,82,8,74,35,4,31,1,1,0,13,0,13,17,1,16,13,1,12,1,0,1,0,0,0,3,0,3,881,386,495
29,567,0079,606424,0000,000000,KARNATAKA,Davanagere,VILLAGE,Urlakatte,Rural,187,840,413,427,89,43,46,157,75,82,122,54,68,622,330,292,218,83,135,510,261,249,331,243,88,267,225,42,62,17,45,0,0,0,2,1,1,179,18,161,5,3,2,173,14,159,0,0,0,1,1,0,178,17,161,5,3,2,173,14,159,0,0,0,0,0,0,1,1,0,0,0,0,0,0,0,0,0,0,1,1,0,330,152,178
29,567,0079,606425,0000,000000,KARNATAKA,Davanagere,VILLAGE,Chikkaurlakatte,Rural,0,0,0,0,0,0,0,0,0,0,0,0,0,0,0,0,0,0,0,0,0,0,0,0,0,0,0,0,0,0,0,0,0,0,0,0,0,0,0,0,0,0,0,0,0,0,0,0,0,0,0,0,0,0,0,0,0,0,0,0,0,0,0,0,0,0,0,0,0,0,0,0,0,0,0,0,0,0,0,0,0,0,0,0,0
29,567,0079,606426,0000,000000,KARNATAKA,Davanagere,VILLAGE,Tharehalli,Rural,218,1076,557,519,126,61,65,51,25,26,497,253,244,645,382,263,431,175,256,348,338,10,298,293,5,263,261,2,17,17,0,6,6,0,12,9,3,50,45,5,2,1,1,45,41,4,1,1,0,2,2,0,50,45,5,2,1,1,45,41,4,1,1,0,2,2,0,0,0,0,0,0,0,0,0,0,0,0,0,0,0,0,728,219,509
29,567,0079,606427,0000,000000,KARNATAKA,Davanagere,VILLAGE,Gode,Rural,150,654,337,317,68,30,38,181,95,86,150,84,66,446,249,197,208,88,120,307,236,71,284,226,58,128,126,2,140,90,50,0,0,0,16,10,6,23,10,13,1,0,1,22,10,12,0,0,0,0,0,0,19,8,11,1,0,1,18,8,10,0,0,0,0,0,0,4,2,2,0,0,0,4,2,2,0,0,0,0,0,0,347,101,246
29,567,0079,606428,0000,000000,KARNATAKA,Davanagere,VILLAGE,Pallagatte,Rural,755,3402,1702,1700,401,209,192,1325,650,675,251,128,123,2319,1270,1049,1083,432,651,1615,1025,590,1111,915,196,373,351,22,251,176,75,3,3,0,484,385,99,504,110,394,61,18,43,380,50,330,0,0,0,63,42,21,474,103,371,56,16,40,358,46,312,0,0,0,60,41,19,30,7,23,5,2,3,22,4,18,0,0,0,3,1,2,1787,677,1110
29,567,0079,606429,0000,000000,KARNATAKA,Davanagere,VILLAGE,Kenchammanagathihalli,Rural,93,420,196,224,42,22,20,0,0,0,0,0,0,294,145,149,126,51,75,225,125,100,146,76,70,71,43,28,47,20,27,0,0,0,28,13,15,79,49,30,42,28,14,37,21,16,0,0,0,0,0,0,79,49,30,42,28,14,37,21,16,0,0,0,0,0,0,0,0,0,0,0,0,0,0,0,0,0,0,0,0,0,195,71,124
29,567,0079,606430,0000,000000,KARNATAKA,Davanagere,VILLAGE,Rajapura,Rural,0,0,0,0,0,0,0,0,0,0,0,0,0,0,0,0,0,0,0,0,0,0,0,0,0,0,0,0,0,0,0,0,0,0,0,0,0,0,0,0,0,0,0,0,0,0,0,0,0,0,0,0,0,0,0,0,0,0,0,0,0,0,0,0,0,0,0,0,0,0,0,0,0,0,0,0,0,0,0,0,0,0,0,0,0
29,567,0079,606431,0000,000000,KARNATAKA,Davanagere,VILLAGE,Akalihalli,Rural,0,0,0,0,0,0,0,0,0,0,0,0,0,0,0,0,0,0,0,0,0,0,0,0,0,0,0,0,0,0,0,0,0,0,0,0,0,0,0,0,0,0,0,0,0,0,0,0,0,0,0,0,0,0,0,0,0,0,0,0,0,0,0,0,0,0,0,0,0,0,0,0,0,0,0,0,0,0,0,0,0,0,0,0,0
29,567,0079,606432,0000,000000,KARNATAKA,Davanagere,VILLAGE,Badabasavanahalli,Rural,0,0,0,0,0,0,0,0,0,0,0,0,0,0,0,0,0,0,0,0,0,0,0,0,0,0,0,0,0,0,0,0,0,0,0,0,0,0,0,0,0,0,0,0,0,0,0,0,0,0,0,0,0,0,0,0,0,0,0,0,0,0,0,0,0,0,0,0,0,0,0,0,0,0,0,0,0,0,0,0,0,0,0,0,0
29,567,0079,606433,0000,000000,KARNATAKA,Davanagere,VILLAGE,Asagodu,Rural,961,4702,2364,2338,532,283,249,1043,524,519,504,246,258,2794,1560,1234,1908,804,1104,2628,1449,1179,2286,1354,932,1009,710,299,1129,521,608,21,19,2,127,104,23,342,95,247,28,17,11,277,53,224,17,12,5,20,13,7,330,90,240,22,14,8,275,52,223,13,11,2,20,13,7,12,5,7,6,3,3,2,1,1,4,1,3,0,0,0,2074,915,1159
29,567,0079,606434,0000,000000,KARNATAKA,Davanagere,VILLAGE,Obalapura,Rural,114,577,294,283,84,40,44,542,281,261,30,11,19,293,181,112,284,113,171,327,170,157,87,78,9,77,70,7,4,3,1,3,2,1,3,3,0,240,92,148,7,5,2,227,86,141,1,0,1,5,1,4,238,92,146,7,5,2,226,86,140,1,0,1,4,1,3,2,0,2,0,0,0,1,0,1,0,0,0,1,0,1,250,124,126
29,567,0079,606435,0000,000000,KARNATAKA,Davanagere,VILLAGE,Masanikatte,Rural,0,0,0,0,0,0,0,0,0,0,0,0,0,0,0,0,0,0,0,0,0,0,0,0,0,0,0,0,0,0,0,0,0,0,0,0,0,0,0,0,0,0,0,0,0,0,0,0,0,0,0,0,0,0,0,0,0,0,0,0,0,0,0,0,0,0,0,0,0,0,0,0,0,0,0,0,0,0,0,0,0,0,0,0,0
29,567,0079,606436,0000,000000,KARNATAKA,Davanagere,VILLAGE,Kallenahalli,Rural,136,636,319,317,74,36,38,140,68,72,92,45,47,395,223,172,241,96,145,360,187,173,124,110,14,71,70,1,11,8,3,1,1,0,41,31,10,236,77,159,16,5,11,219,72,147,0,0,0,1,0,1,226,76,150,11,4,7,214,72,142,0,0,0,1,0,1,10,1,9,5,1,4,5,0,5,0,0,0,0,0,0,276,132,144
29,567,0079,606437,0000,000000,KARNATAKA,Davanagere,VILLAGE,Guddadalingana Halli,Rural,199,1015,504,511,125,64,61,0,0,0,1015,504,511,643,372,271,372,132,240,659,331,328,283,272,11,256,254,2,19,12,7,0,0,0,8,6,2,376,59,317,10,4,6,365,54,311,0,0,0,1,1,0,373,59,314,7,4,3,365,54,311,0,0,0,1,1,0,3,0,3,3,0,3,0,0,0,0,0,0,0,0,0,356,173,183
29,567,0079,606438,0000,000000,KARNATAKA,Davanagere,VILLAGE,Meenigarahalli,Rural,124,586,309,277,61,32,29,78,39,39,187,96,91,398,237,161,188,72,116,395,204,191,372,196,176,369,194,175,0,0,0,0,0,0,3,2,1,23,8,15,2,2,0,17,4,13,3,1,2,1,1,0,22,7,15,2,2,0,17,4,13,2,0,2,1,1,0,1,1,0,0,0,0,0,0,0,1,1,0,0,0,0,191,105,86
29,567,0079,606439,0000,000000,KARNATAKA,Davanagere,VILLAGE,Palanaikanakote,Rural,122,645,336,309,104,52,52,30,19,11,613,315,298,345,212,133,300,124,176,389,199,190,389,199,190,229,119,110,148,76,72,1,0,1,11,4,7,0,0,0,0,0,0,0,0,0,0,0,0,0,0,0,0,0,0,0,0,0,0,0,0,0,0,0,0,0,0,0,0,0,0,0,0,0,0,0,0,0,0,0,0,0,256,137,119
29,567,0079,606440,0000,000000,KARNATAKA,Davanagere,VILLAGE,Suragondanahalli,Rural,91,399,205,194,53,31,22,124,61,63,75,37,38,253,151,102,146,54,92,252,129,123,122,119,3,112,110,2,1,1,0,0,0,0,9,8,1,130,10,120,0,0,0,52,1,51,66,0,66,12,9,3,128,9,119,0,0,0,52,1,51,65,0,65,11,8,3,2,1,1,0,0,0,0,0,0,1,0,1,1,1,0,147,76,71
29,567,0079,606441,0000,000000,KARNATAKA,Davanagere,VILLAGE,Marikunte,Rural,370,1664,828,836,167,102,65,358,172,186,107,51,56,1154,630,524,510,198,312,880,492,388,680,431,249,104,93,11,454,241,213,6,4,2,116,93,23,200,61,139,7,5,2,173,39,134,2,2,0,18,15,3,196,58,138,7,5,2,172,39,133,1,1,0,16,13,3,4,3,1,0,0,0,1,0,1,1,1,0,2,2,0,784,336,448
29,567,0079,606442,0000,000000,KARNATAKA,Davanagere,VILLAGE,Kolamaghatta,Rural,15,63,38,25,5,3,2,17,9,8,0,0,0,43,26,17,20,12,8,42,24,18,42,24,18,35,18,17,1,1,0,1,1,0,5,4,1,0,0,0,0,0,0,0,0,0,0,0,0,0,0,0,0,0,0,0,0,0,0,0,0,0,0,0,0,0,0,0,0,0,0,0,0,0,0,0,0,0,0,0,0,0,21,14,7
29,567,0079,606443,0000,000000,KARNATAKA,Davanagere,VILLAGE,Thuppadahalli,Rural,238,1176,575,601,138,65,73,487,235,252,146,81,65,681,382,299,495,193,302,710,377,333,679,364,315,433,245,188,213,95,118,1,1,0,32,23,9,31,13,18,12,8,4,19,5,14,0,0,0,0,0,0,30,12,18,11,7,4,19,5,14,0,0,0,0,0,0,1,1,0,1,1,0,0,0,0,0,0,0,0,0,0,466,198,268
29,567,0079,606444,0000,000000,KARNATAKA,Davanagere,VILLAGE,Kurubanahalli,Rural,0,0,0,0,0,0,0,0,0,0,0,0,0,0,0,0,0,0,0,0,0,0,0,0,0,0,0,0,0,0,0,0,0,0,0,0,0,0,0,0,0,0,0,0,0,0,0,0,0,0,0,0,0,0,0,0,0,0,0,0,0,0,0,0,0,0,0,0,0,0,0,0,0,0,0,0,0,0,0,0,0,0,0,0,0
29,567,0079,606445,0000,000000,KARNATAKA,Davanagere,VILLAGE,Kunigalagatte,Rural,0,0,0,0,0,0,0,0,0,0,0,0,0,0,0,0,0,0,0,0,0,0,0,0,0,0,0,0,0,0,0,0,0,0,0,0,0,0,0,0,0,0,0,0,0,0,0,0,0,0,0,0,0,0,0,0,0,0,0,0,0,0,0,0,0,0,0,0,0,0,0,0,0,0,0,0,0,0,0,0,0,0,0,0,0
29,567,0079,606446,0000,000000,KARNATAKA,Davanagere,VILLAGE,Madanahalli,Rural,95,441,221,220,41,18,23,138,74,64,139,67,72,326,184,142,115,37,78,172,121,51,164,116,48,70,64,6,88,49,39,1,1,0,5,2,3,8,5,3,0,0,0,6,4,2,0,0,0,2,1,1,8,5,3,0,0,0,6,4,2,0,0,0,2,1,1,0,0,0,0,0,0,0,0,0,0,0,0,0,0,0,269,100,169
29,567,0079,606447,0000,000000,KARNATAKA,Davanagere,VILLAGE,Katenahalli,Rural,110,517,265,252,53,28,25,216,108,108,0,0,0,342,204,138,175,61,114,355,183,172,162,157,5,155,154,1,1,0,1,0,0,0,6,3,3,193,26,167,0,0,0,193,26,167,0,0,0,0,0,0,95,11,84,0,0,0,95,11,84,0,0,0,0,0,0,98,15,83,0,0,0,98,15,83,0,0,0,0,0,0,162,82,80
29,567,0079,606448,0000,000000,KARNATAKA,Davanagere,VILLAGE,Borapura,Rural,0,0,0,0,0,0,0,0,0,0,0,0,0,0,0,0,0,0,0,0,0,0,0,0,0,0,0,0,0,0,0,0,0,0,0,0,0,0,0,0,0,0,0,0,0,0,0,0,0,0,0,0,0,0,0,0,0,0,0,0,0,0,0,0,0,0,0,0,0,0,0,0,0,0,0,0,0,0,0,0,0,0,0,0,0
29,567,0079,606449,0000,000000,KARNATAKA,Davanagere,VILLAGE,Medakerehalli,Rural,295,1391,713,678,151,87,64,571,285,286,34,16,18,960,535,425,431,178,253,473,403,70,400,363,37,297,284,13,31,22,9,11,8,3,61,49,12,73,40,33,14,14,0,30,12,18,12,3,9,17,11,6,65,37,28,14,14,0,24,9,15,12,3,9,15,11,4,8,3,5,0,0,0,6,3,3,0,0,0,2,0,2,918,310,608
29,567,0079,606450,0000,000000,KARNATAKA,Davanagere,VILLAGE,Suraddihalli,Rural,141,706,348,358,63,33,30,200,94,106,0,0,0,620,303,317,86,45,41,263,200,63,263,200,63,163,144,19,85,47,38,0,0,0,15,9,6,0,0,0,0,0,0,0,0,0,0,0,0,0,0,0,0,0,0,0,0,0,0,0,0,0,0,0,0,0,0,0,0,0,0,0,0,0,0,0,0,0,0,0,0,0,443,148,295
29,567,0079,606451,0000,000000,KARNATAKA,Davanagere,VILLAGE,Basavapura,Rural,182,939,474,465,117,59,58,241,120,121,690,349,341,682,361,321,257,113,144,498,314,184,493,310,183,326,283,43,144,8,136,0,0,0,23,19,4,5,4,1,1,1,0,1,0,1,0,0,0,3,3,0,4,3,1,1,1,0,1,0,1,0,0,0,2,2,0,1,1,0,0,0,0,0,0,0,0,0,0,1,1,0,441,160,281
29,567,0079,606452,0000,000000,KARNATAKA,Davanagere,VILLAGE,Kotadagudda,Rural,68,284,138,146,25,13,12,157,79,78,0,0,0,183,104,79,101,34,67,134,84,50,113,79,34,60,47,13,25,15,10,5,2,3,23,15,8,21,5,16,5,2,3,4,1,3,6,1,5,6,1,5,21,5,16,5,2,3,4,1,3,6,1,5,6,1,5,0,0,0,0,0,0,0,0,0,0,0,0,0,0,0,150,54,96
29,567,0079,606453,0000,000000,KARNATAKA,Davanagere,VILLAGE,Mustigarahalli,Rural,147,743,389,354,88,53,35,222,105,117,98,56,42,510,289,221,233,100,133,273,228,45,187,179,8,170,166,4,1,1,0,0,0,0,16,12,4,86,49,37,2,2,0,84,47,37,0,0,0,0,0,0,3,3,0,2,2,0,1,1,0,0,0,0,0,0,0,83,46,37,0,0,0,83,46,37,0,0,0,0,0,0,470,161,309
29,567,0079,606454,0000,000000,KARNATAKA,Davanagere,VILLAGE,Iyyanahalli,Rural,176,901,441,460,119,60,59,11,6,5,810,399,411,495,268,227,406,173,233,582,304,278,578,304,274,116,112,4,447,184,263,2,1,1,13,7,6,4,0,4,1,0,1,3,0,3,0,0,0,0,0,0,4,0,4,1,0,1,3,0,3,0,0,0,0,0,0,0,0,0,0,0,0,0,0,0,0,0,0,0,0,0,319,137,182
29,567,0079,606455,0000,000000,KARNATAKA,Davanagere,VILLAGE,Huchapalanahalli,Rural,0,0,0,0,0,0,0,0,0,0,0,0,0,0,0,0,0,0,0,0,0,0,0,0,0,0,0,0,0,0,0,0,0,0,0,0,0,0,0,0,0,0,0,0,0,0,0,0,0,0,0,0,0,0,0,0,0,0,0,0,0,0,0,0,0,0,0,0,0,0,0,0,0,0,0,0,0,0,0,0,0,0,0,0,0
29,567,0079,606456,0000,000000,KARNATAKA,Davanagere,VILLAGE,Channapura,Rural,13,53,26,27,6,2,4,53,26,27,0,0,0,27,19,8,26,7,19,33,15,18,32,15,17,6,6,0,26,9,17,0,0,0,0,0,0,1,0,1,0,0,0,1,0,1,0,0,0,0,0,0,1,0,1,0,0,0,1,0,1,0,0,0,0,0,0,0,0,0,0,0,0,0,0,0,0,0,0,0,0,0,20,11,9
29,567,0079,606457,0000,000000,KARNATAKA,Davanagere,VILLAGE,Baggenahalli,Rural,104,554,274,280,103,47,56,549,272,277,0,0,0,324,178,146,230,96,134,332,170,162,332,170,162,37,17,20,286,148,138,0,0,0,9,5,4,0,0,0,0,0,0,0,0,0,0,0,0,0,0,0,0,0,0,0,0,0,0,0,0,0,0,0,0,0,0,0,0,0,0,0,0,0,0,0,0,0,0,0,0,0,222,104,118
29,567,0079,606458,0000,000000,KARNATAKA,Davanagere,VILLAGE,Rastemachikere,Rural,152,639,330,309,54,31,23,114,55,59,258,137,121,492,279,213,147,51,96,330,205,125,247,188,59,170,129,41,28,19,9,3,3,0,46,37,9,83,17,66,64,10,54,15,4,11,1,1,0,3,2,1,83,17,66,64,10,54,15,4,11,1,1,0,3,2,1,0,0,0,0,0,0,0,0,0,0,0,0,0,0,0,309,125,184
29,567,0079,606459,0000,000000,KARNATAKA,Davanagere,VILLAGE,Malammanahalli,Rural,81,469,233,236,67,30,37,441,219,222,0,0,0,294,183,111,175,50,125,259,132,127,137,128,9,22,22,0,5,0,5,0,0,0,110,106,4,122,4,118,2,1,1,119,2,117,0,0,0,1,1,0,122,4,118,2,1,1,119,2,117,0,0,0,1,1,0,0,0,0,0,0,0,0,0,0,0,0,0,0,0,0,210,101,109
29,567,0079,606460,0000,000000,KARNATAKA,Davanagere,VILLAGE,Bullanahalli,Rural,173,934,482,452,133,70,63,97,50,47,832,428,404,618,353,265,316,129,187,569,303,266,485,291,194,466,279,187,7,5,2,0,0,0,12,7,5,84,12,72,5,4,1,78,8,70,0,0,0,1,0,1,82,10,72,3,2,1,78,8,70,0,0,0,1,0,1,2,2,0,2,2,0,0,0,0,0,0,0,0,0,0,365,179,186
29,567,0079,606461,0000,000000,KARNATAKA,Davanagere,VILLAGE,Kasturipura,Rural,94,437,215,222,63,23,40,40,20,20,390,191,199,169,105,64,268,110,158,281,143,138,278,143,135,87,57,30,190,85,105,0,0,0,1,1,0,3,0,3,0,0,0,3,0,3,0,0,0,0,0,0,3,0,3,0,0,0,3,0,3,0,0,0,0,0,0,0,0,0,0,0,0,0,0,0,0,0,0,0,0,0,156,72,84
29,567,0079,606462,0000,000000,KARNATAKA,Davanagere,VILLAGE,Vysyagondanahalli,Rural,98,558,282,276,57,29,28,117,55,62,427,220,207,351,195,156,207,87,120,354,176,178,351,176,175,336,170,166,11,5,6,0,0,0,4,1,3,3,0,3,2,0,2,1,0,1,0,0,0,0,0,0,2,0,2,1,0,1,1,0,1,0,0,0,0,0,0,1,0,1,1,0,1,0,0,0,0,0,0,0,0,0,204,106,98
29,567,0079,606463,0000,000000,KARNATAKA,Davanagere,VILLAGE,Meldaginakere,Rural,169,887,447,440,110,51,59,446,217,229,44,25,19,600,335,265,287,112,175,587,310,277,284,210,74,158,133,25,37,18,19,40,26,14,49,33,16,303,100,203,35,33,2,15,6,9,205,41,164,48,20,28,294,99,195,35,33,2,15,6,9,200,41,159,44,19,25,9,1,8,0,0,0,0,0,0,5,0,5,4,1,3,300,137,163
29,567,0079,606464,0000,000000,KARNATAKA,Davanagere,VILLAGE,Settigondanahalli,Rural,122,612,298,314,76,34,42,209,101,108,389,190,199,358,208,150,254,90,164,311,173,138,287,159,128,1,1,0,272,148,124,0,0,0,14,10,4,24,14,10,0,0,0,1,1,0,1,0,1,22,13,9,24,14,10,0,0,0,1,1,0,1,0,1,22,13,9,0,0,0,0,0,0,0,0,0,0,0,0,0,0,0,301,125,176
29,567,0079,606465,0000,000000,KARNATAKA,Davanagere,VILLAGE,Devikere,Rural,269,1306,627,679,152,68,84,309,155,154,140,73,67,888,460,428,418,167,251,668,407,261,655,400,255,323,230,93,220,88,132,7,4,3,105,78,27,13,7,6,6,3,3,2,0,2,0,0,0,5,4,1,6,2,4,2,1,1,2,0,2,0,0,0,2,1,1,7,5,2,4,2,2,0,0,0,0,0,0,3,3,0,638,220,418
29,567,0079,606466,0000,000000,KARNATAKA,Davanagere,VILLAGE,Hirearakere,Rural,207,942,499,443,84,52,32,122,65,57,147,84,63,665,396,269,277,103,174,560,314,246,545,309,236,315,181,134,183,95,88,0,0,0,47,33,14,15,5,10,8,1,7,4,1,3,0,0,0,3,3,0,15,5,10,8,1,7,4,1,3,0,0,0,3,3,0,0,0,0,0,0,0,0,0,0,0,0,0,0,0,0,382,185,197
29,567,0079,606467,0000,000000,KARNATAKA,Davanagere,VILLAGE,Ajjabommanahalli,Rural,0,0,0,0,0,0,0,0,0,0,0,0,0,0,0,0,0,0,0,0,0,0,0,0,0,0,0,0,0,0,0,0,0,0,0,0,0,0,0,0,0,0,0,0,0,0,0,0,0,0,0,0,0,0,0,0,0,0,0,0,0,0,0,0,0,0,0,0,0,0,0,0,0,0,0,0,0,0,0,0,0,0,0,0,0
29,567,0079,606468,0000,000000,KARNATAKA,Davanagere,VILLAGE,Narenahalli,Rural,76,334,165,169,41,25,16,334,165,169,0,0,0,186,112,74,148,53,95,154,88,66,114,73,41,35,32,3,62,29,33,5,3,2,12,9,3,40,15,25,3,2,1,10,3,7,8,1,7,19,9,10,23,8,15,2,1,1,7,2,5,4,1,3,10,4,6,17,7,10,1,1,0,3,1,2,4,0,4,9,5,4,180,77,103
29,567,0079,606469,0000,000000,KARNATAKA,Davanagere,VILLAGE,Bilichodu,Rural,1158,5856,2966,2890,680,341,339,1687,858,829,1253,614,639,3676,2058,1618,2180,908,1272,2447,1657,790,1834,1430,404,680,605,75,545,299,246,30,18,12,579,508,71,613,227,386,67,61,6,414,78,336,10,6,4,122,82,40,599,225,374,66,61,5,401,76,325,10,6,4,122,82,40,14,2,12,1,0,1,13,2,11,0,0,0,0,0,0,3409,1309,2100
29,567,0079,606470,0000,000000,KARNATAKA,Davanagere,VILLAGE,Muggidaragihalli,Rural,162,805,411,394,83,49,34,446,235,211,43,18,25,577,317,260,228,94,134,503,258,245,497,255,242,225,119,106,245,121,124,4,2,2,23,13,10,6,3,3,1,1,0,0,0,0,0,0,0,5,2,3,6,3,3,1,1,0,0,0,0,0,0,0,5,2,3,0,0,0,0,0,0,0,0,0,0,0,0,0,0,0,302,153,149
29,567,0079,606471,0000,000000,KARNATAKA,Davanagere,VILLAGE,Halekal,Rural,492,2284,1146,1138,258,131,127,221,113,108,193,99,94,1620,918,702,664,228,436,1081,682,399,909,587,322,733,474,259,54,26,28,20,15,5,102,72,30,172,95,77,22,13,9,124,64,60,4,2,2,22,16,6,169,93,76,22,13,9,124,64,60,3,2,1,20,14,6,3,2,1,0,0,0,0,0,0,1,0,1,2,2,0,1203,464,739
29,567,0079,606472,0000,000000,KARNATAKA,Davanagere,VILLAGE,Ningaanahalli,Rural,0,0,0,0,0,0,0,0,0,0,0,0,0,0,0,0,0,0,0,0,0,0,0,0,0,0,0,0,0,0,0,0,0,0,0,0,0,0,0,0,0,0,0,0,0,0,0,0,0,0,0,0,0,0,0,0,0,0,0,0,0,0,0,0,0,0,0,0,0,0,0,0,0,0,0,0,0,0,0,0,0,0,0,0,0
29,567,0079,606473,0000,000000,KARNATAKA,Davanagere,VILLAGE,Muchanur,Rural,256,1225,634,591,160,96,64,540,281,259,123,61,62,730,399,331,495,235,260,708,375,333,681,367,314,222,151,71,429,200,229,4,3,1,26,13,13,27,8,19,18,2,16,5,3,2,2,1,1,2,2,0,26,7,19,18,2,16,5,3,2,2,1,1,1,1,0,1,1,0,0,0,0,0,0,0,0,0,0,1,1,0,517,259,258
29,567,0079,606474,0000,000000,KARNATAKA,Davanagere,VILLAGE,Madammanahalli,Rural,0,0,0,0,0,0,0,0,0,0,0,0,0,0,0,0,0,0,0,0,0,0,0,0,0,0,0,0,0,0,0,0,0,0,0,0,0,0,0,0,0,0,0,0,0,0,0,0,0,0,0,0,0,0,0,0,0,0,0,0,0,0,0,0,0,0,0,0,0,0,0,0,0,0,0,0,0,0,0,0,0,0,0,0,0
29,567,0079,606475,0000,000000,KARNATAKA,Davanagere,VILLAGE,Chaduragolla,Rural,181,939,499,440,118,61,57,399,199,200,66,38,28,613,364,249,326,135,191,565,300,265,470,285,185,110,109,1,291,145,146,11,10,1,58,21,37,95,15,80,0,0,0,80,8,72,2,1,1,13,6,7,94,15,79,0,0,0,80,8,72,2,1,1,12,6,6,1,0,1,0,0,0,0,0,0,0,0,0,1,0,1,374,199,175
29,567,0079,606476,0000,000000,KARNATAKA,Davanagere,VILLAGE,Narasimharajapura,Rural,137,598,287,311,58,26,32,598,287,311,0,0,0,343,200,143,255,87,168,260,175,85,251,172,79,62,55,7,128,68,60,0,0,0,61,49,12,9,3,6,1,0,1,5,2,3,1,0,1,2,1,1,9,3,6,1,0,1,5,2,3,1,0,1,2,1,1,0,0,0,0,0,0,0,0,0,0,0,0,0,0,0,338,112,226
29,567,0079,606477,0000,000000,KARNATAKA,Davanagere,VILLAGE,Chikka Arakere,Rural,257,1170,592,578,172,99,73,339,176,163,209,108,101,604,341,263,566,251,315,390,364,26,390,364,26,312,299,13,45,38,7,6,6,0,27,21,6,0,0,0,0,0,0,0,0,0,0,0,0,0,0,0,0,0,0,0,0,0,0,0,0,0,0,0,0,0,0,0,0,0,0,0,0,0,0,0,0,0,0,0,0,0,780,228,552
29,567,0079,606478,0000,000000,KARNATAKA,Davanagere,VILLAGE,Sagalagatte,Rural,131,541,259,282,68,34,34,187,87,100,0,0,0,324,169,155,217,90,127,315,173,142,203,155,48,141,127,14,42,18,24,13,8,5,7,2,5,112,18,94,70,4,66,38,12,26,1,0,1,3,2,1,110,16,94,70,4,66,38,12,26,1,0,1,1,0,1,2,2,0,0,0,0,0,0,0,0,0,0,2,2,0,226,86,140
29,567,0079,606479,0000,000000,KARNATAKA,Davanagere,VILLAGE,Halavadandi,Rural,74,367,185,182,45,21,24,149,74,75,0,0,0,301,158,143,66,27,39,245,125,120,244,125,119,130,124,6,109,0,109,1,0,1,4,1,3,1,0,1,0,0,0,1,0,1,0,0,0,0,0,0,1,0,1,0,0,0,1,0,1,0,0,0,0,0,0,0,0,0,0,0,0,0,0,0,0,0,0,0,0,0,122,60,62
29,567,0079,606480,0000,000000,KARNATAKA,Davanagere,VILLAGE,Kortikere,Rural,198,828,437,391,97,47,50,551,286,265,144,72,72,489,293,196,339,144,195,389,256,133,388,256,132,264,185,79,0,0,0,0,0,0,124,71,53,1,0,1,0,0,0,0,0,0,0,0,0,1,0,1,1,0,1,0,0,0,0,0,0,0,0,0,1,0,1,0,0,0,0,0,0,0,0,0,0,0,0,0,0,0,439,181,258
29,567,0079,606481,0000,000000,KARNATAKA,Davanagere,VILLAGE,Somanahalli,Rural,133,665,340,325,81,41,40,418,218,200,40,19,21,409,240,169,256,100,156,412,217,195,262,212,50,169,161,8,37,8,29,8,5,3,48,38,10,150,5,145,45,3,42,102,1,101,0,0,0,3,1,2,150,5,145,45,3,42,102,1,101,0,0,0,3,1,2,0,0,0,0,0,0,0,0,0,0,0,0,0,0,0,253,123,130
29,567,0079,606482,0000,000000,KARNATAKA,Davanagere,VILLAGE,Guttidurga,Rural,166,800,415,385,97,51,46,411,221,190,171,84,87,586,327,259,214,88,126,441,252,189,417,246,171,214,170,44,158,45,113,2,1,1,43,30,13,24,6,18,14,3,11,7,3,4,1,0,1,2,0,2,24,6,18,14,3,11,7,3,4,1,0,1,2,0,2,0,0,0,0,0,0,0,0,0,0,0,0,0,0,0,359,163,196
29,567,0079,606483,0000,000000,KARNATAKA,Davanagere,VILLAGE,Rangapura,Rural,110,572,306,266,53,32,21,1,1,0,517,280,237,315,193,122,257,113,144,341,180,161,337,179,158,319,172,147,4,0,4,0,0,0,14,7,7,4,1,3,2,0,2,0,0,0,0,0,0,2,1,1,4,1,3,2,0,2,0,0,0,0,0,0,2,1,1,0,0,0,0,0,0,0,0,0,0,0,0,0,0,0,231,126,105
29,567,0079,606484,0000,000000,KARNATAKA,Davanagere,VILLAGE,Hanumanthapura,Rural,421,2101,1089,1012,198,106,92,188,102,86,274,131,143,1430,808,622,671,281,390,610,525,85,600,520,80,415,369,46,12,6,6,7,5,2,166,140,26,10,5,5,2,1,1,5,2,3,0,0,0,3,2,1,9,5,4,2,1,1,5,2,3,0,0,0,2,2,0,1,0,1,0,0,0,0,0,0,0,0,0,1,0,1,1491,564,927
29,567,0079,606485,0000,000000,KARNATAKA,Davanagere,VILLAGE,Kasavanahalli,Rural,182,872,439,433,117,63,54,275,135,140,458,236,222,431,244,187,441,195,246,395,234,161,237,166,71,178,118,60,5,4,1,0,0,0,54,44,10,158,68,90,3,3,0,144,57,87,2,2,0,9,6,3,157,68,89,3,3,0,144,57,87,2,2,0,8,6,2,1,0,1,0,0,0,0,0,0,0,0,0,1,0,1,477,205,272
29,567,0079,606486,0000,000000,KARNATAKA,Davanagere,VILLAGE,Byatagaranahalli,Rural,73,339,167,172,38,20,18,338,167,171,0,0,0,227,125,102,112,42,70,106,87,19,104,86,18,72,64,8,22,17,5,0,0,0,10,5,5,2,1,1,0,0,0,2,1,1,0,0,0,0,0,0,2,1,1,0,0,0,2,1,1,0,0,0,0,0,0,0,0,0,0,0,0,0,0,0,0,0,0,0,0,0,233,80,153
29,567,0079,606487,0000,000000,KARNATAKA,Davanagere,VILLAGE,Jyothipura,Rural,278,1369,714,655,174,88,86,802,412,390,57,29,28,801,486,315,568,228,340,597,380,217,482,357,125,303,282,21,152,54,98,10,7,3,17,14,3,115,23,92,2,0,2,106,17,89,2,2,0,5,4,1,114,22,92,2,0,2,105,16,89,2,2,0,5,4,1,1,1,0,0,0,0,1,1,0,0,0,0,0,0,0,772,334,438
29,567,0079,606488,0000,000000,KARNATAKA,Davanagere,VILLAGE,Doddabommanahalli,Rural,158,812,432,380,80,43,37,72,36,36,573,309,264,624,352,272,188,80,108,401,247,154,225,176,49,155,142,13,40,15,25,8,5,3,22,14,8,176,71,105,9,8,1,145,52,93,4,2,2,18,9,9,175,70,105,9,8,1,145,52,93,4,2,2,17,8,9,1,1,0,0,0,0,0,0,0,0,0,0,1,1,0,411,185,226
29,567,0079,606489,0000,000000,KARNATAKA,Davanagere,VILLAGE,Anabur,Rural,485,2694,1415,1279,317,175,142,444,228,216,115,61,54,1559,910,649,1135,505,630,1302,821,481,1068,743,325,808,596,212,199,94,105,4,4,0,57,49,8,234,78,156,20,14,6,200,54,146,3,3,0,11,7,4,208,62,146,14,11,3,190,48,142,1,1,0,3,2,1,26,16,10,6,3,3,10,6,4,2,2,0,8,5,3,1392,594,798
29,567,0079,606490,0000,000000,KARNATAKA,Davanagere,VILLAGE,Goguddu,Rural,168,941,495,446,118,61,57,88,45,43,1,0,1,588,330,258,353,165,188,575,307,268,304,294,10,124,122,2,168,166,2,0,0,0,12,6,6,271,13,258,8,7,1,8,4,4,0,0,0,255,2,253,271,13,258,8,7,1,8,4,4,0,0,0,255,2,253,0,0,0,0,0,0,0,0,0,0,0,0,0,0,0,366,188,178
29,567,0079,606491,0000,000000,KARNATAKA,Davanagere,VILLAGE,Reddihalli,Rural,0,0,0,0,0,0,0,0,0,0,0,0,0,0,0,0,0,0,0,0,0,0,0,0,0,0,0,0,0,0,0,0,0,0,0,0,0,0,0,0,0,0,0,0,0,0,0,0,0,0,0,0,0,0,0,0,0,0,0,0,0,0,0,0,0,0,0,0,0,0,0,0,0,0,0,0,0,0,0,0,0,0,0,0,0
29,567,0079,606492,0000,000000,KARNATAKA,Davanagere,VILLAGE,Uddagatta,Rural,201,857,438,419,77,53,24,184,94,90,55,27,28,562,327,235,295,111,184,407,244,163,307,220,87,137,108,29,106,56,50,3,1,2,61,55,6,100,24,76,29,3,26,52,10,42,2,2,0,17,9,8,83,18,65,21,1,20,47,8,39,1,1,0,14,8,6,17,6,11,8,2,6,5,2,3,1,1,0,3,1,2,450,194,256
29,567,0079,606493,0000,000000,KARNATAKA,Davanagere,VILLAGE,Jagalur Rural,Rural,395,1943,962,981,206,103,103,779,384,395,186,94,92,1191,661,530,752,301,451,962,555,407,802,518,284,180,130,50,195,50,145,9,4,5,418,334,84,160,37,123,6,3,3,80,6,74,3,1,2,71,27,44,156,35,121,6,3,3,80,6,74,3,1,2,67,25,42,4,2,2,0,0,0,0,0,0,0,0,0,4,2,2,981,407,574
29,567,0079,606494,0000,000000,KARNATAKA,Davanagere,VILLAGE,Bharamasamudra,Rural,378,1894,953,941,221,116,105,850,420,430,55,29,26,1433,772,661,461,181,280,1133,610,523,1080,580,500,284,224,60,738,317,421,11,6,5,47,33,14,53,30,23,2,2,0,24,16,8,4,2,2,23,10,13,51,30,21,2,2,0,24,16,8,4,2,2,21,10,11,2,0,2,0,0,0,0,0,0,0,0,0,2,0,2,761,343,418
29,567,0079,606495,0000,000000,KARNATAKA,Davanagere,VILLAGE,Thimmalapura,Rural,66,331,165,166,43,20,23,0,0,0,330,164,166,211,124,87,120,41,79,234,117,117,233,116,117,76,76,0,145,33,112,0,0,0,12,7,5,1,1,0,1,1,0,0,0,0,0,0,0,0,0,0,1,1,0,1,1,0,0,0,0,0,0,0,0,0,0,0,0,0,0,0,0,0,0,0,0,0,0,0,0,0,97,48,49
29,567,0079,606496,0000,000000,KARNATAKA,Davanagere,VILLAGE,Badabadanahalli,Rural,0,0,0,0,0,0,0,0,0,0,0,0,0,0,0,0,0,0,0,0,0,0,0,0,0,0,0,0,0,0,0,0,0,0,0,0,0,0,0,0,0,0,0,0,0,0,0,0,0,0,0,0,0,0,0,0,0,0,0,0,0,0,0,0,0,0,0,0,0,0,0,0,0,0,0,0,0,0,0,0,0,0,0,0,0
29,567,0079,606497,0000,000000,KARNATAKA,Davanagere,VILLAGE,Kananakatte,Rural,243,1199,595,604,138,66,72,186,86,100,1011,507,504,774,439,335,425,156,269,740,363,377,735,362,373,280,182,98,413,154,259,1,1,0,41,25,16,5,1,4,1,0,1,4,1,3,0,0,0,0,0,0,4,1,3,1,0,1,3,1,2,0,0,0,0,0,0,1,0,1,0,0,0,1,0,1,0,0,0,0,0,0,459,232,227
29,567,0079,606498,0000,000000,KARNATAKA,Davanagere,VILLAGE,Mooginachikkenahalli,Rural,0,0,0,0,0,0,0,0,0,0,0,0,0,0,0,0,0,0,0,0,0,0,0,0,0,0,0,0,0,0,0,0,0,0,0,0,0,0,0,0,0,0,0,0,0,0,0,0,0,0,0,0,0,0,0,0,0,0,0,0,0,0,0,0,0,0,0,0,0,0,0,0,0,0,0,0,0,0,0,0,0,0,0,0,0
29,567,0079,606499,0000,000000,KARNATAKA,Davanagere,VILLAGE,Madamuthnahalli,Rural,110,513,257,256,66,39,27,1,1,0,104,56,48,330,188,142,183,69,114,338,172,166,334,170,164,116,57,59,183,87,96,0,0,0,35,26,9,4,2,2,3,1,2,0,0,0,0,0,0,1,1,0,4,2,2,3,1,2,0,0,0,0,0,0,1,1,0,0,0,0,0,0,0,0,0,0,0,0,0,0,0,0,175,85,90
29,567,0079,606500,0000,000000,KARNATAKA,Davanagere,VILLAGE,Yerehalli,Rural,0,0,0,0,0,0,0,0,0,0,0,0,0,0,0,0,0,0,0,0,0,0,0,0,0,0,0,0,0,0,0,0,0,0,0,0,0,0,0,0,0,0,0,0,0,0,0,0,0,0,0,0,0,0,0,0,0,0,0,0,0,0,0,0,0,0,0,0,0,0,0,0,0,0,0,0,0,0,0,0,0,0,0,0,0
29,567,0079,606501,0000,000000,KARNATAKA,Davanagere,VILLAGE,Chikkamallanahole,Rural,428,2223,1130,1093,297,159,138,827,433,394,308,150,158,1348,792,556,875,338,537,1066,639,427,1042,626,416,529,362,167,425,197,228,5,2,3,83,65,18,24,13,11,6,2,4,8,2,6,7,7,0,3,2,1,19,13,6,4,2,2,5,2,3,7,7,0,3,2,1,5,0,5,2,0,2,3,0,3,0,0,0,0,0,0,1157,491,666
29,567,0079,606502,0000,000000,KARNATAKA,Davanagere,VILLAGE,Thumbaraguddu,Rural,0,0,0,0,0,0,0,0,0,0,0,0,0,0,0,0,0,0,0,0,0,0,0,0,0,0,0,0,0,0,0,0,0,0,0,0,0,0,0,0,0,0,0,0,0,0,0,0,0,0,0,0,0,0,0,0,0,0,0,0,0,0,0,0,0,0,0,0,0,0,0,0,0,0,0,0,0,0,0,0,0,0,0,0,0
29,567,0079,606503,0000,000000,KARNATAKA,Davanagere,VILLAGE,Mallapura,Rural,235,1010,507,503,112,60,52,474,238,236,9,4,5,706,394,312,304,113,191,646,320,326,383,267,116,196,187,9,80,50,30,2,2,0,105,28,77,263,53,210,9,3,6,124,40,84,3,1,2,127,9,118,262,53,209,9,3,6,124,40,84,2,1,1,127,9,118,1,0,1,0,0,0,0,0,0,1,0,1,0,0,0,364,187,177
29,567,0079,606504,0000,000000,KARNATAKA,Davanagere,VILLAGE,Kamandalagondi,Rural,103,422,215,207,40,24,16,228,117,111,7,3,4,325,169,156,97,46,51,290,144,146,176,120,56,70,66,4,46,34,12,0,0,0,60,20,40,114,24,90,0,0,0,50,19,31,0,0,0,64,5,59,114,24,90,0,0,0,50,19,31,0,0,0,64,5,59,0,0,0,0,0,0,0,0,0,0,0,0,0,0,0,132,71,61
29,567,0079,606505,0000,000000,KARNATAKA,Davanagere,VILLAGE,Dibbadahalli,Rural,96,433,225,208,29,18,11,47,23,24,202,103,99,334,190,144,99,35,64,290,144,146,253,123,130,1,1,0,224,107,117,0,0,0,28,15,13,37,21,16,0,0,0,4,3,1,1,0,1,32,18,14,37,21,16,0,0,0,4,3,1,1,0,1,32,18,14,0,0,0,0,0,0,0,0,0,0,0,0,0,0,0,143,81,62
29,567,0079,606506,0000,000000,KARNATAKA,Davanagere,VILLAGE,Taitone,Rural,98,501,258,243,41,20,21,171,90,81,128,67,61,351,213,138,150,45,105,316,165,151,292,150,142,4,3,1,270,138,132,4,2,2,14,7,7,24,15,9,1,1,0,1,0,1,1,1,0,21,13,8,24,15,9,1,1,0,1,0,1,1,1,0,21,13,8,0,0,0,0,0,0,0,0,0,0,0,0,0,0,0,185,93,92
29,567,0079,606507,0000,000000,KARNATAKA,Davanagere,VILLAGE,Salahalli,Rural,104,484,251,233,55,35,20,254,129,125,51,27,24,349,191,158,135,60,75,270,137,133,200,131,69,53,47,6,116,68,48,2,1,1,29,15,14,70,6,64,45,5,40,21,1,20,0,0,0,4,0,4,69,6,63,44,5,39,21,1,20,0,0,0,4,0,4,1,0,1,1,0,1,0,0,0,0,0,0,0,0,0,214,114,100
29,567,0079,606508,0000,000000,KARNATAKA,Davanagere,VILLAGE,Halehalli,Rural,84,380,196,184,29,15,14,75,33,42,103,53,50,304,173,131,76,23,53,223,118,105,169,113,56,92,74,18,62,28,34,0,0,0,15,11,4,54,5,49,21,2,19,30,2,28,0,0,0,3,1,2,53,4,49,20,1,19,30,2,28,0,0,0,3,1,2,1,1,0,1,1,0,0,0,0,0,0,0,0,0,0,157,78,79
29,567,0079,606509,0000,000000,KARNATAKA,Davanagere,VILLAGE,Hiremallanahole,Rural,269,1331,678,653,145,78,67,308,156,152,25,16,9,800,461,339,531,217,314,767,401,366,698,385,313,392,236,156,224,94,130,2,2,0,80,53,27,69,16,53,15,6,9,47,9,38,0,0,0,7,1,6,69,16,53,15,6,9,47,9,38,0,0,0,7,1,6,0,0,0,0,0,0,0,0,0,0,0,0,0,0,0,564,277,287
29,567,0079,606510,0000,000000,KARNATAKA,Davanagere,VILLAGE,Huchavvanahalli,Rural,236,1121,567,554,123,57,66,656,334,322,33,17,16,663,392,271,458,175,283,653,347,306,510,322,188,324,208,116,115,58,57,1,1,0,70,55,15,143,25,118,96,8,88,43,14,29,1,1,0,3,2,1,139,25,114,94,8,86,41,14,27,1,1,0,3,2,1,4,0,4,2,0,2,2,0,2,0,0,0,0,0,0,468,220,248
29,567,0079,606511,0000,000000,KARNATAKA,Davanagere,VILLAGE,Bangarakkanagudda,Rural,189,853,413,440,122,61,61,589,292,297,0,0,0,639,344,295,214,69,145,357,248,109,329,242,87,160,155,5,99,74,25,0,0,0,70,13,57,28,6,22,4,3,1,6,2,4,2,0,2,16,1,15,25,6,19,4,3,1,5,2,3,1,0,1,15,1,14,3,0,3,0,0,0,1,0,1,1,0,1,1,0,1,496,165,331
29,567,0079,606512,0000,000000,KARNATAKA,Davanagere,VILLAGE,Siddammanahalli,Rural,241,1046,519,527,121,53,68,35,18,17,0,0,0,653,376,277,393,143,250,406,297,109,378,277,101,334,245,89,5,5,0,1,1,0,38,26,12,28,20,8,6,4,2,10,7,3,0,0,0,12,9,3,23,19,4,5,4,1,9,7,2,0,0,0,9,8,1,5,1,4,1,0,1,1,0,1,0,0,0,3,1,2,640,222,418
29,567,0079,606513,0000,000000,KARNATAKA,Davanagere,VILLAGE,Mudlamachikere,Rural,126,527,275,252,58,34,24,20,8,12,104,57,47,368,218,150,159,57,102,318,177,141,178,163,15,90,90,0,44,33,11,0,0,0,44,40,4,140,14,126,1,1,0,123,11,112,1,0,1,15,2,13,130,14,116,1,1,0,123,11,112,0,0,0,6,2,4,10,0,10,0,0,0,0,0,0,1,0,1,9,0,9,209,98,111
29,567,0079,606514,0000,000000,KARNATAKA,Davanagere,VILLAGE,Siddihalli,Rural,219,985,476,509,125,67,58,405,183,222,45,23,22,705,353,352,280,123,157,565,295,270,355,210,145,147,98,49,161,75,86,19,18,1,28,19,9,210,85,125,62,26,36,115,32,83,9,9,0,24,18,6,204,81,123,61,26,35,114,32,82,6,6,0,23,17,6,6,4,2,1,0,1,1,0,1,3,3,0,1,1,0,420,181,239
29,567,0079,606515,0000,000000,KARNATAKA,Davanagere,VILLAGE,Mustur,Rural,582,2828,1425,1403,305,159,146,997,504,493,804,410,394,1974,1118,856,854,307,547,1230,757,473,802,623,179,319,302,17,228,117,111,18,14,4,237,190,47,428,134,294,55,39,16,324,67,257,4,2,2,45,26,19,377,117,260,49,37,12,288,55,233,4,2,2,36,23,13,51,17,34,6,2,4,36,12,24,0,0,0,9,3,6,1598,668,930
29,567,0079,606516,0000,000000,KARNATAKA,Davanagere,VILLAGE,Donnehalli,Rural,637,2979,1481,1498,377,191,186,884,435,449,601,300,301,2185,1177,1008,794,304,490,1687,971,716,1223,859,364,517,448,69,567,298,269,6,4,2,133,109,24,464,112,352,79,23,56,341,64,277,40,21,19,4,4,0,329,54,275,63,13,50,260,37,223,2,0,2,4,4,0,135,58,77,16,10,6,81,27,54,38,21,17,0,0,0,1292,510,782
29,567,0079,606517,0000,000000,KARNATAKA,Davanagere,VILLAGE,Kamagethanahalli,Rural,201,1015,536,479,101,53,48,0,0,0,689,374,315,675,409,266,340,127,213,631,327,304,449,313,136,377,265,112,54,33,21,3,3,0,15,12,3,182,14,168,4,3,1,172,7,165,1,1,0,5,3,2,179,12,167,3,2,1,171,6,165,1,1,0,4,3,1,3,2,1,1,1,0,1,1,0,0,0,0,1,0,1,384,209,175
29,567,0079,606518,0000,000000,KARNATAKA,Davanagere,VILLAGE,Marenahalli,Rural,249,1264,641,623,126,67,59,185,98,87,970,486,484,770,464,306,494,177,317,634,338,296,454,302,152,96,90,6,259,135,124,2,2,0,97,75,22,180,36,144,48,5,43,64,6,58,1,1,0,67,24,43,154,33,121,47,5,42,51,6,45,0,0,0,56,22,34,26,3,23,1,0,1,13,0,13,1,1,0,11,2,9,630,303,327
29,567,0079,606519,0000,000000,KARNATAKA,Davanagere,VILLAGE,Lingannanahalli,Rural,180,965,479,486,86,40,46,128,66,62,562,282,280,644,358,286,321,121,200,550,320,230,400,301,99,225,193,32,104,48,56,0,0,0,71,60,11,150,19,131,11,2,9,119,13,106,0,0,0,20,4,16,146,18,128,10,1,9,118,13,105,0,0,0,18,4,14,4,1,3,1,1,0,1,0,1,0,0,0,2,0,2,415,159,256
29,567,0079,606520,0000,000000,KARNATAKA,Davanagere,VILLAGE,Gopagondanahalli,Rural,161,853,424,429,87,51,36,137,60,77,506,256,250,538,293,245,315,131,184,392,272,120,385,267,118,264,186,78,62,33,29,1,1,0,58,47,11,7,5,2,3,2,1,0,0,0,1,1,0,3,2,1,7,5,2,3,2,1,0,0,0,1,1,0,3,2,1,0,0,0,0,0,0,0,0,0,0,0,0,0,0,0,461,152,309
29,567,0079,606521,0000,000000,KARNATAKA,Davanagere,VILLAGE,Kullobanahalli,Rural,0,0,0,0,0,0,0,0,0,0,0,0,0,0,0,0,0,0,0,0,0,0,0,0,0,0,0,0,0,0,0,0,0,0,0,0,0,0,0,0,0,0,0,0,0,0,0,0,0,0,0,0,0,0,0,0,0,0,0,0,0,0,0,0,0,0,0,0,0,0,0,0,0,0,0,0,0,0,0,0,0,0,0,0,0
29,567,0079,606522,0000,000000,KARNATAKA,Davanagere,VILLAGE,Bistuvalli,Rural,288,1387,722,665,151,84,67,291,153,138,200,103,97,1033,567,466,354,155,199,611,433,178,610,433,177,384,350,34,187,54,133,4,4,0,35,25,10,1,0,1,0,0,0,0,0,0,0,0,0,1,0,1,1,0,1,0,0,0,0,0,0,0,0,0,1,0,1,0,0,0,0,0,0,0,0,0,0,0,0,0,0,0,776,289,487
29,567,0079,606523,0000,000000,KARNATAKA,Davanagere,VILLAGE,Santhemuddapura,Rural,219,1249,645,604,194,102,92,37,21,16,189,98,91,564,316,248,685,329,356,648,369,279,326,207,119,199,147,52,115,52,63,0,0,0,12,8,4,322,162,160,24,15,9,294,144,150,0,0,0,4,3,1,322,162,160,24,15,9,294,144,150,0,0,0,4,3,1,0,0,0,0,0,0,0,0,0,0,0,0,0,0,0,601,276,325
29,567,0079,606524,0000,000000,KARNATAKA,Davanagere,VILLAGE,Mathadadyamavvanahalli,Rural,59,279,135,144,32,13,19,34,16,18,111,59,52,186,107,79,93,28,65,143,80,63,111,80,31,54,52,2,45,21,24,0,0,0,12,7,5,32,0,32,19,0,19,12,0,12,0,0,0,1,0,1,32,0,32,19,0,19,12,0,12,0,0,0,1,0,1,0,0,0,0,0,0,0,0,0,0,0,0,0,0,0,136,55,81
29,567,0079,606525,0000,000000,KARNATAKA,Davanagere,VILLAGE,Bidarakere,Rural,760,3488,1754,1734,388,200,188,977,492,485,583,298,285,2362,1314,1048,1126,440,686,2231,1188,1043,1313,811,502,588,434,154,498,236,262,59,30,29,168,111,57,918,377,541,178,93,85,406,114,292,100,58,42,234,112,122,533,165,368,95,23,72,282,70,212,49,27,22,107,45,62,385,212,173,83,70,13,124,44,80,51,31,20,127,67,60,1257,566,691
29,567,0079,606526,0000,000000,KARNATAKA,Davanagere,VILLAGE,Rastemakunte,Rural,262,1228,645,583,133,80,53,237,127,110,8,4,4,794,447,347,434,198,236,732,435,297,654,433,221,218,208,10,312,131,181,10,8,2,114,86,28,78,2,76,2,0,2,74,1,73,0,0,0,2,1,1,78,2,76,2,0,2,74,1,73,0,0,0,2,1,1,0,0,0,0,0,0,0,0,0,0,0,0,0,0,0,496,210,286
29,567,0079,606527,0000,000000,KARNATAKA,Davanagere,VILLAGE,Nibagur,Rural,287,1336,638,698,163,71,92,337,175,162,279,129,150,879,465,414,457,173,284,422,334,88,247,233,14,191,183,8,17,16,1,3,3,0,36,31,5,175,101,74,11,9,2,144,81,63,0,0,0,20,11,9,174,101,73,11,9,2,144,81,63,0,0,0,19,11,8,1,0,1,0,0,0,0,0,0,0,0,0,1,0,1,914,304,610
29,567,0079,606528,0000,000000,KARNATAKA,Davanagere,VILLAGE,Kattigehalli,Rural,169,907,460,447,105,62,43,522,260,262,5,2,3,582,328,254,325,132,193,521,261,260,520,261,259,136,73,63,369,179,190,0,0,0,15,9,6,1,0,1,0,0,0,1,0,1,0,0,0,0,0,0,1,0,1,0,0,0,1,0,1,0,0,0,0,0,0,0,0,0,0,0,0,0,0,0,0,0,0,0,0,0,386,199,187
29,567,0079,606529,0000,000000,KARNATAKA,Davanagere,VILLAGE,Arasinagundi,Rural,130,558,274,284,49,23,26,81,41,40,122,55,67,418,227,191,140,47,93,372,186,186,371,185,186,241,130,111,111,42,69,0,0,0,19,13,6,1,1,0,1,1,0,0,0,0,0,0,0,0,0,0,1,1,0,1,1,0,0,0,0,0,0,0,0,0,0,0,0,0,0,0,0,0,0,0,0,0,0,0,0,0,186,88,98
29,567,0079,606530,0000,000000,KARNATAKA,Davanagere,VILLAGE,Maddarasanakatte,Rural,0,0,0,0,0,0,0,0,0,0,0,0,0,0,0,0,0,0,0,0,0,0,0,0,0,0,0,0,0,0,0,0,0,0,0,0,0,0,0,0,0,0,0,0,0,0,0,0,0,0,0,0,0,0,0,0,0,0,0,0,0,0,0,0,0,0,0,0,0,0,0,0,0,0,0,0,0,0,0,0,0,0,0,0,0
29,567,0079,606531,0000,000000,KARNATAKA,Davanagere,VILLAGE,Guheswaranahalli,Rural,0,0,0,0,0,0,0,0,0,0,0,0,0,0,0,0,0,0,0,0,0,0,0,0,0,0,0,0,0,0,0,0,0,0,0,0,0,0,0,0,0,0,0,0,0,0,0,0,0,0,0,0,0,0,0,0,0,0,0,0,0,0,0,0,0,0,0,0,0,0,0,0,0,0,0,0,0,0,0,0,0,0,0,0,0
29,567,0079,606532,0000,000000,KARNATAKA,Davanagere,VILLAGE,Gowrammanahalli,Rural,210,1049,526,523,149,73,76,670,323,347,41,22,19,723,407,316,326,119,207,598,312,286,545,284,261,158,87,71,317,147,170,0,0,0,70,50,20,53,28,25,10,4,6,34,16,18,0,0,0,9,8,1,53,28,25,10,4,6,34,16,18,0,0,0,9,8,1,0,0,0,0,0,0,0,0,0,0,0,0,0,0,0,451,214,237
29,567,0079,606533,0000,000000,KARNATAKA,Davanagere,VILLAGE,Thoranagatte,Rural,551,2691,1398,1293,269,134,135,204,104,100,55,23,32,1896,1111,785,795,287,508,1509,857,652,1345,821,524,539,440,99,640,244,396,2,2,0,164,135,29,164,36,128,5,3,2,143,21,122,0,0,0,16,12,4,156,32,124,4,2,2,138,19,119,0,0,0,14,11,3,8,4,4,1,1,0,5,2,3,0,0,0,2,1,1,1182,541,641
29,567,0079,606534,0000,000000,KARNATAKA,Davanagere,VILLAGE,Jammapura,Rural,325,1583,811,772,190,94,96,185,97,88,258,132,126,1116,632,484,467,179,288,866,476,390,699,409,290,306,194,112,259,108,151,2,2,0,132,105,27,167,67,100,11,6,5,135,45,90,0,0,0,21,16,5,162,65,97,11,6,5,131,44,87,0,0,0,20,15,5,5,2,3,0,0,0,4,1,3,0,0,0,1,1,0,717,335,382
29,567,0079,606535,0000,000000,KARNATAKA,Davanagere,VILLAGE,Bommakkanahalli,Rural,86,444,226,218,66,30,36,0,0,0,444,226,218,278,161,117,166,65,101,273,146,127,249,135,114,134,69,65,86,41,45,0,0,0,29,25,4,24,11,13,9,7,2,13,3,10,0,0,0,2,1,1,3,1,2,0,0,0,2,1,1,0,0,0,1,0,1,21,10,11,9,7,2,11,2,9,0,0,0,1,1,0,171,80,91
29,567,0079,606536,0000,000000,KARNATAKA,Davanagere,VILLAGE,Honnamaradi,Rural,109,556,270,286,78,31,47,97,50,47,242,120,122,327,186,141,229,84,145,363,190,173,311,161,150,195,104,91,87,38,49,1,1,0,28,18,10,52,29,23,23,13,10,21,9,12,0,0,0,8,7,1,31,13,18,8,2,6,16,5,11,0,0,0,7,6,1,21,16,5,15,11,4,5,4,1,0,0,0,1,1,0,193,80,113
29,567,0079,606537,0000,000000,KARNATAKA,Davanagere,VILLAGE,Dyamalinganahalli,Rural,0,0,0,0,0,0,0,0,0,0,0,0,0,0,0,0,0,0,0,0,0,0,0,0,0,0,0,0,0,0,0,0,0,0,0,0,0,0,0,0,0,0,0,0,0,0,0,0,0,0,0,0,0,0,0,0,0,0,0,0,0,0,0,0,0,0,0,0,0,0,0,0,0,0,0,0,0,0,0,0,0,0,0,0,0
29,567,0079,606538,0000,000000,KARNATAKA,Davanagere,VILLAGE,Bennehalli,Rural,280,1241,645,596,147,81,66,202,100,102,14,8,6,763,438,325,478,207,271,614,371,243,612,371,241,354,214,140,154,69,85,0,0,0,104,88,16,2,0,2,0,0,0,1,0,1,0,0,0,1,0,1,1,0,1,0,0,0,0,0,0,0,0,0,1,0,1,1,0,1,0,0,0,1,0,1,0,0,0,0,0,0,627,274,353
29,567,0079,606539,0000,000000,KARNATAKA,Davanagere,VILLAGE,Bommagatta,Rural,0,0,0,0,0,0,0,0,0,0,0,0,0,0,0,0,0,0,0,0,0,0,0,0,0,0,0,0,0,0,0,0,0,0,0,0,0,0,0,0,0,0,0,0,0,0,0,0,0,0,0,0,0,0,0,0,0,0,0,0,0,0,0,0,0,0,0,0,0,0,0,0,0,0,0,0,0,0,0,0,0,0,0,0,0
29,567,0079,606540,0000,000000,KARNATAKA,Davanagere,VILLAGE,Kalledevarapura,Rural,518,2655,1354,1301,327,200,127,601,305,296,1287,649,638,1867,1017,850,788,337,451,1524,823,701,1300,771,529,382,289,93,725,324,401,1,1,0,192,157,35,224,52,172,115,19,96,94,27,67,1,0,1,14,6,8,201,39,162,115,19,96,72,15,57,1,0,1,13,5,8,23,13,10,0,0,0,22,12,10,0,0,0,1,1,0,1131,531,600
29,567,0079,606541,0000,000000,KARNATAKA,Davanagere,VILLAGE,Sangenahalli,Rural,43,199,97,102,20,7,13,16,7,9,127,61,66,117,73,44,82,24,58,159,79,80,145,76,69,26,26,0,118,49,69,0,0,0,1,1,0,14,3,11,0,0,0,14,3,11,0,0,0,0,0,0,14,3,11,0,0,0,14,3,11,0,0,0,0,0,0,0,0,0,0,0,0,0,0,0,0,0,0,0,0,0,40,18,22
29,567,0080,000000,0000,000000,KARNATAKA,Davanagere,CD BLOCK,Davanagere ,Total,53032,247008,124983,122025,26620,13597,13023,59392,29961,29431,35935,17980,17955,163561,90669,72892,83447,34314,49133,117117,76590,40527,97136,67710,29426,35600,30259,5341,41729,22771,18958,1739,1264,475,18068,13416,4652,19981,8880,11101,2111,1065,1046,12157,4914,7243,807,330,477,4906,2571,2335,17193,7679,9514,1901,981,920,11154,4513,6641,599,215,384,3539,1970,1569,2788,1201,1587,210,84,126,1003,401,602,208,115,93,1367,601,766,129891,48393,81498
29,567,0080,000000,0000,000000,KARNATAKA,Davanagere,CD BLOCK,Davanagere ,Rural,53032,247008,124983,122025,26620,13597,13023,59392,29961,29431,35935,17980,17955,163561,90669,72892,83447,34314,49133,117117,76590,40527,97136,67710,29426,35600,30259,5341,41729,22771,18958,1739,1264,475,18068,13416,4652,19981,8880,11101,2111,1065,1046,12157,4914,7243,807,330,477,4906,2571,2335,17193,7679,9514,1901,981,920,11154,4513,6641,599,215,384,3539,1970,1569,2788,1201,1587,210,84,126,1003,401,602,208,115,93,1367,601,766,129891,48393,81498
29,567,0080,000000,0000,000000,KARNATAKA,Davanagere,CD BLOCK,Davanagere ,Urban,0,0,0,0,0,0,0,0,0,0,0,0,0,0,0,0,0,0,0,0,0,0,0,0,0,0,0,0,0,0,0,0,0,0,0,0,0,0,0,0,0,0,0,0,0,0,0,0,0,0,0,0,0,0,0,0,0,0,0,0,0,0,0,0,0,0,0,0,0,0,0,0,0,0,0,0,0,0,0,0,0,0,0,0,0
29,567,0080,606542,0000,000000,KARNATAKA,Davanagere,VILLAGE,Agasanakatte,Rural,0,0,0,0,0,0,0,0,0,0,0,0,0,0,0,0,0,0,0,0,0,0,0,0,0,0,0,0,0,0,0,0,0,0,0,0,0,0,0,0,0,0,0,0,0,0,0,0,0,0,0,0,0,0,0,0,0,0,0,0,0,0,0,0,0,0,0,0,0,0,0,0,0,0,0,0,0,0,0,0,0,0,0,0,0
29,567,0080,606543,0000,000000,KARNATAKA,Davanagere,VILLAGE,Neelanahalli,Rural,198,1343,871,472,51,29,22,84,53,31,120,65,55,1202,813,389,141,58,83,300,246,54,242,205,37,45,43,2,52,32,20,1,1,0,144,129,15,58,41,17,0,0,0,39,35,4,10,4,6,9,2,7,55,40,15,0,0,0,39,35,4,8,3,5,8,2,6,3,1,2,0,0,0,0,0,0,2,1,1,1,0,1,1043,625,418
29,567,0080,606544,0000,000000,KARNATAKA,Davanagere,VILLAGE,Halebathi,Rural,660,3172,1624,1548,344,176,168,776,391,385,164,80,84,2158,1201,957,1014,423,591,1252,992,260,1147,928,219,256,248,8,371,242,129,16,12,4,504,426,78,105,64,41,9,9,0,39,22,17,4,1,3,53,32,21,105,64,41,9,9,0,39,22,17,4,1,3,53,32,21,0,0,0,0,0,0,0,0,0,0,0,0,0,0,0,1920,632,1288
29,567,0080,606545,0000,000000,KARNATAKA,Davanagere,VILLAGE,Doddabathi,Rural,1439,6593,3343,3250,710,379,331,1077,550,527,500,252,248,4884,2621,2263,1709,722,987,2740,1943,797,2533,1812,721,432,401,31,1121,649,472,65,44,21,915,718,197,207,131,76,14,9,5,75,41,34,4,4,0,114,77,37,202,127,75,13,9,4,74,40,34,3,3,0,112,75,37,5,4,1,1,0,1,1,1,0,1,1,0,2,2,0,3853,1400,2453
29,567,0080,606546,0000,000000,KARNATAKA,Davanagere,VILLAGE,Avaragolla,Rural,635,3136,1574,1562,408,221,187,276,137,139,126,62,64,1720,926,794,1416,648,768,1179,931,248,1119,900,219,355,325,30,364,234,130,35,31,4,365,310,55,60,31,29,14,1,13,17,11,6,6,4,2,23,15,8,59,30,29,14,1,13,17,11,6,6,4,2,22,14,8,1,1,0,0,0,0,0,0,0,0,0,0,1,1,0,1957,643,1314
29,567,0080,606547,0000,000000,KARNATAKA,Davanagere,VILLAGE,Kodihalli,Rural,184,891,448,443,96,44,52,309,154,155,55,28,27,466,267,199,425,181,244,399,273,126,397,271,126,70,68,2,232,125,107,1,1,0,94,77,17,2,2,0,0,0,0,0,0,0,0,0,0,2,2,0,1,1,0,0,0,0,0,0,0,0,0,0,1,1,0,1,1,0,0,0,0,0,0,0,0,0,0,1,1,0,492,175,317
29,567,0080,606548,0000,000000,KARNATAKA,Davanagere,VILLAGE,Kakkaragolla,Rural,966,4604,2337,2267,439,221,218,804,415,389,62,29,33,3181,1755,1426,1423,582,841,2050,1478,572,1937,1392,545,526,496,30,938,496,442,42,38,4,431,362,69,113,86,27,24,19,5,46,30,16,1,1,0,42,36,6,111,86,25,24,19,5,45,30,15,1,1,0,41,36,5,2,0,2,0,0,0,1,0,1,0,0,0,1,0,1,2554,859,1695
29,567,0080,606549,0000,000000,KARNATAKA,Davanagere,VILLAGE,Arasapura,Rural,236,1085,555,530,134,74,60,661,341,320,15,5,10,629,345,284,456,210,246,555,322,233,549,319,230,73,51,22,433,231,202,0,0,0,43,37,6,6,3,3,1,1,0,4,1,3,0,0,0,1,1,0,6,3,3,1,1,0,4,1,3,0,0,0,1,1,0,0,0,0,0,0,0,0,0,0,0,0,0,0,0,0,530,233,297
29,567,0080,606550,0000,000000,KARNATAKA,Davanagere,VILLAGE,Obajjihalli,Rural,253,1191,593,598,161,69,92,1126,563,563,2,1,1,574,343,231,617,250,367,621,313,308,603,312,291,30,21,9,554,277,277,2,0,2,17,14,3,18,1,17,0,0,0,15,1,14,0,0,0,3,0,3,6,1,5,0,0,0,3,1,2,0,0,0,3,0,3,12,0,12,0,0,0,12,0,12,0,0,0,0,0,0,570,280,290
29,567,0080,606551,0000,000000,KARNATAKA,Davanagere,VILLAGE,Kadlebalu,Rural,588,2783,1436,1347,295,164,131,1099,568,531,370,188,182,1740,995,745,1043,441,602,1339,849,490,957,684,273,219,203,16,513,298,215,8,8,0,217,175,42,382,165,217,16,6,10,345,145,200,2,2,0,19,12,7,379,165,214,15,6,9,343,145,198,2,2,0,19,12,7,3,0,3,1,0,1,2,0,2,0,0,0,0,0,0,1444,587,857
29,567,0080,606552,0000,000000,KARNATAKA,Davanagere,VILLAGE,Basavanahatti,Rural,4,18,10,8,2,0,2,0,0,0,6,1,5,16,10,6,2,0,2,13,10,3,9,9,0,6,6,0,3,3,0,0,0,0,0,0,0,4,1,3,0,0,0,4,1,3,0,0,0,0,0,0,4,1,3,0,0,0,4,1,3,0,0,0,0,0,0,0,0,0,0,0,0,0,0,0,0,0,0,0,0,0,5,0,5
29,567,0080,606553,0000,000000,KARNATAKA,Davanagere,VILLAGE,Chikkabudihalu,Rural,197,996,493,503,102,45,57,17,12,5,0,0,0,712,404,308,284,89,195,455,321,134,412,310,102,127,115,12,147,74,73,8,7,1,130,114,16,43,11,32,6,3,3,30,4,26,2,0,2,5,4,1,41,10,31,6,3,3,30,4,26,1,0,1,4,3,1,2,1,1,0,0,0,0,0,0,1,0,1,1,1,0,541,172,369
29,567,0080,606554,0000,000000,KARNATAKA,Davanagere,VILLAGE,Devarahatti,Rural,253,1281,631,650,195,90,105,9,4,5,40,19,21,763,403,360,518,228,290,567,385,182,557,381,176,50,41,9,178,79,99,31,1,30,298,260,38,10,4,6,0,0,0,4,1,3,0,0,0,6,3,3,10,4,6,0,0,0,4,1,3,0,0,0,6,3,3,0,0,0,0,0,0,0,0,0,0,0,0,0,0,0,714,246,468
29,567,0080,606555,0000,000000,KARNATAKA,Davanagere,VILLAGE,Malagondanahalli,Rural,759,3492,1792,1700,359,191,168,1026,529,497,171,98,73,2062,1176,886,1430,616,814,1709,1081,628,1474,1001,473,360,305,55,691,390,301,28,18,10,395,288,107,235,80,155,13,8,5,178,44,134,1,1,0,43,27,16,222,74,148,13,8,5,172,41,131,1,1,0,36,24,12,13,6,7,0,0,0,6,3,3,0,0,0,7,3,4,1783,711,1072
29,567,0080,606556,0000,000000,KARNATAKA,Davanagere,VILLAGE,Putakanahalu,Rural,374,1722,876,846,185,89,96,630,320,310,15,6,9,1032,596,436,690,280,410,772,537,235,623,442,181,162,149,13,339,192,147,7,5,2,115,96,19,149,95,54,8,6,2,130,80,50,2,2,0,9,7,2,146,92,54,8,6,2,130,80,50,0,0,0,8,6,2,3,3,0,0,0,0,0,0,0,2,2,0,1,1,0,950,339,611
29,567,0080,606557,0000,000000,KARNATAKA,Davanagere,VILLAGE,Bethuru,Rural,1390,6675,3368,3307,670,357,313,1145,573,572,1316,657,659,4673,2549,2124,2002,819,1183,3047,2165,882,2438,1806,632,838,762,76,872,482,390,50,38,12,678,524,154,609,359,250,80,41,39,363,198,165,47,33,14,119,87,32,435,233,202,72,35,37,253,127,126,19,7,12,91,64,27,174,126,48,8,6,2,110,71,39,28,26,2,28,23,5,3628,1203,2425
29,567,0080,606558,0000,000000,KARNATAKA,Davanagere,VILLAGE,Kadajji,Rural,676,3205,1615,1590,352,175,177,927,462,465,317,150,167,1903,1055,848,1302,560,742,1431,1000,431,1199,858,341,446,373,73,435,222,213,39,37,2,279,226,53,232,142,90,15,6,9,181,112,69,2,1,1,34,23,11,216,133,83,14,5,9,177,111,66,2,1,1,23,16,7,16,9,7,1,1,0,4,1,3,0,0,0,11,7,4,1774,615,1159
29,567,0080,606559,0000,000000,KARNATAKA,Davanagere,VILLAGE,Mallapura,Rural,166,806,395,411,115,57,58,188,93,95,576,280,296,465,263,202,341,132,209,468,234,234,159,123,36,48,43,5,86,65,21,7,3,4,18,12,6,309,111,198,16,3,13,260,81,179,8,7,1,25,20,5,285,90,195,16,3,13,257,79,178,3,2,1,9,6,3,24,21,3,0,0,0,3,2,1,5,5,0,16,14,2,338,161,177
29,567,0080,606560,0000,000000,KARNATAKA,Davanagere,VILLAGE,Nagarakatte,Rural,366,1662,904,758,167,94,73,1105,618,487,32,15,17,938,570,368,724,334,390,837,524,313,505,346,159,186,157,29,199,101,98,7,5,2,113,83,30,332,178,154,3,0,3,191,88,103,4,3,1,134,87,47,310,169,141,3,0,3,183,86,97,4,3,1,120,80,40,22,9,13,0,0,0,8,2,6,0,0,0,14,7,7,825,380,445
29,567,0080,606561,0000,000000,KARNATAKA,Davanagere,VILLAGE,Ramapura,Rural,81,391,185,206,47,22,25,43,25,18,0,0,0,252,130,122,139,55,84,173,114,59,97,86,11,9,9,0,71,66,5,3,3,0,14,8,6,76,28,48,10,1,9,44,11,33,3,1,2,19,15,4,21,13,8,2,1,1,11,5,6,0,0,0,8,7,1,55,15,40,8,0,8,33,6,27,3,1,2,11,8,3,218,71,147
29,567,0080,606562,0000,000000,KARNATAKA,Davanagere,VILLAGE,Kenchavvanahalli,Rural,0,0,0,0,0,0,0,0,0,0,0,0,0,0,0,0,0,0,0,0,0,0,0,0,0,0,0,0,0,0,0,0,0,0,0,0,0,0,0,0,0,0,0,0,0,0,0,0,0,0,0,0,0,0,0,0,0,0,0,0,0,0,0,0,0,0,0,0,0,0,0,0,0,0,0,0,0,0,0,0,0,0,0,0,0
29,567,0080,606563,0000,000000,KARNATAKA,Davanagere,VILLAGE,Lingadahalli,Rural,198,834,436,398,74,38,36,301,162,139,3,2,1,643,355,288,191,81,110,435,284,151,393,281,112,147,135,12,140,69,71,2,0,2,104,77,27,42,3,39,34,2,32,6,1,5,0,0,0,2,0,2,42,3,39,34,2,32,6,1,5,0,0,0,2,0,2,0,0,0,0,0,0,0,0,0,0,0,0,0,0,0,399,152,247
29,567,0080,606564,0000,000000,KARNATAKA,Davanagere,VILLAGE,Shiramagondanahalli,Rural,549,2471,1219,1252,312,158,154,624,314,310,98,51,47,1796,960,836,675,259,416,1056,723,333,1041,712,329,207,175,32,406,211,195,17,12,5,411,314,97,15,11,4,3,2,1,3,2,1,0,0,0,9,7,2,11,7,4,3,2,1,2,1,1,0,0,0,6,4,2,4,4,0,0,0,0,1,1,0,0,0,0,3,3,0,1415,496,919
29,567,0080,606565,0000,000000,KARNATAKA,Davanagere,VILLAGE,Naganur,Rural,578,2694,1378,1316,327,186,141,789,412,377,608,316,292,1573,829,744,1121,549,572,1207,837,370,954,774,180,294,283,11,375,282,93,10,9,1,275,200,75,253,63,190,4,2,2,229,48,181,0,0,0,20,13,7,250,62,188,4,2,2,226,47,179,0,0,0,20,13,7,3,1,2,0,0,0,3,1,2,0,0,0,0,0,0,1487,541,946
29,567,0080,606566,0000,000000,KARNATAKA,Davanagere,VILLAGE,Jarikatte,Rural,664,3033,1529,1504,363,180,183,289,132,157,57,26,31,1599,909,690,1434,620,814,1577,963,614,1420,894,526,293,266,27,767,356,411,50,36,14,310,236,74,157,69,88,19,13,6,44,15,29,7,4,3,87,37,50,151,67,84,19,13,6,40,15,25,6,3,3,86,36,50,6,2,4,0,0,0,4,0,4,1,1,0,1,1,0,1456,566,890
29,567,0080,606567,0000,000000,KARNATAKA,Davanagere,VILLAGE,Mudahadadi,Rural,514,2439,1246,1193,257,128,129,581,301,280,194,89,105,1326,765,561,1113,481,632,1347,816,531,1185,758,427,274,234,40,813,455,358,18,12,6,80,57,23,162,58,104,29,16,13,115,30,85,2,0,2,16,12,4,154,56,98,28,15,13,109,30,79,2,0,2,15,11,4,8,2,6,1,1,0,6,0,6,0,0,0,1,1,0,1092,430,662
29,567,0080,606568,0000,000000,KARNATAKA,Davanagere,VILLAGE,Bisaleri,Rural,372,1795,924,871,186,105,81,417,211,206,183,97,86,1159,656,503,636,268,368,858,613,245,693,519,174,309,285,24,275,146,129,2,2,0,107,86,21,165,94,71,7,3,4,72,32,40,2,1,1,84,58,26,157,87,70,6,3,3,70,30,40,2,1,1,79,53,26,8,7,1,1,0,1,2,2,0,0,0,0,5,5,0,937,311,626
29,567,0080,606569,0000,000000,KARNATAKA,Davanagere,VILLAGE,Belavanur,Rural,1024,4621,2302,2319,500,269,231,956,480,476,811,402,409,2964,1589,1375,1657,713,944,2645,1551,1094,2411,1493,918,751,583,168,1351,704,647,24,21,3,285,185,100,234,58,176,81,17,64,106,26,80,4,1,3,43,14,29,175,37,138,57,11,46,83,15,68,2,1,1,33,10,23,59,21,38,24,6,18,23,11,12,2,0,2,10,4,6,1976,751,1225
29,567,0080,606570,0000,000000,KARNATAKA,Davanagere,VILLAGE,Javalagatta,Rural,109,474,232,242,68,29,39,405,199,206,3,2,1,288,165,123,186,67,119,196,144,52,69,62,7,40,40,0,2,1,1,9,9,0,18,12,6,127,82,45,5,5,0,93,53,40,4,2,2,25,22,3,74,48,26,5,5,0,52,30,22,2,1,1,15,12,3,53,34,19,0,0,0,41,23,18,2,1,1,10,10,0,278,88,190
29,567,0080,606571,0000,000000,KARNATAKA,Davanagere,VILLAGE,Hadadi,Rural,1119,5412,2735,2677,596,300,296,533,256,277,1398,695,703,3336,1904,1432,2076,831,1245,2555,1610,945,2172,1452,720,634,501,133,1093,594,499,37,29,8,408,328,80,383,158,225,49,24,25,222,59,163,28,20,8,84,55,29,360,144,216,47,22,25,220,57,163,21,16,5,72,49,23,23,14,9,2,2,0,2,2,0,7,4,3,12,6,6,2857,1125,1732
29,567,0080,606572,0000,000000,KARNATAKA,Davanagere,VILLAGE,Batlekatte,Rural,179,891,449,442,103,55,48,12,6,6,147,71,76,515,289,226,376,160,216,392,264,128,364,248,116,166,134,32,130,56,74,20,16,4,48,42,6,28,16,12,8,7,1,11,3,8,2,1,1,7,5,2,28,16,12,8,7,1,11,3,8,2,1,1,7,5,2,0,0,0,0,0,0,0,0,0,0,0,0,0,0,0,499,185,314
29,567,0080,606573,0000,000000,KARNATAKA,Davanagere,VILLAGE,Vaderahalli,Rural,32,154,80,74,15,7,8,0,0,0,0,0,0,103,52,51,51,28,23,60,53,7,49,44,5,43,41,2,3,1,2,2,2,0,1,0,1,11,9,2,5,3,2,1,1,0,0,0,0,5,5,0,11,9,2,5,3,2,1,1,0,0,0,0,5,5,0,0,0,0,0,0,0,0,0,0,0,0,0,0,0,0,94,27,67
29,567,0080,606574,0000,000000,KARNATAKA,Davanagere,VILLAGE,Siriganahalli,Rural,75,381,199,182,40,20,20,59,31,28,75,38,37,300,159,141,81,40,41,120,109,11,102,96,6,59,57,2,20,20,0,7,7,0,16,12,4,18,13,5,6,3,3,8,7,1,0,0,0,4,3,1,17,13,4,5,3,2,8,7,1,0,0,0,4,3,1,1,0,1,1,0,1,0,0,0,0,0,0,0,0,0,261,90,171
29,567,0080,606575,0000,000000,KARNATAKA,Davanagere,VILLAGE,Balluru,Rural,292,1242,630,612,140,82,58,296,147,149,207,104,103,777,439,338,465,191,274,523,365,158,476,333,143,156,147,9,276,151,125,2,2,0,42,33,9,47,32,15,12,10,2,21,11,10,0,0,0,14,11,3,45,31,14,12,10,2,21,11,10,0,0,0,12,10,2,2,1,1,0,0,0,0,0,0,0,0,0,2,1,1,719,265,454
29,567,0080,606576,0000,000000,KARNATAKA,Davanagere,VILLAGE,Jadaganahalli,Rural,99,543,264,279,70,36,34,2,1,1,21,10,11,306,173,133,237,91,146,206,158,48,205,157,48,127,111,16,61,34,27,1,0,1,16,12,4,1,1,0,1,1,0,0,0,0,0,0,0,0,0,0,1,1,0,1,1,0,0,0,0,0,0,0,0,0,0,0,0,0,0,0,0,0,0,0,0,0,0,0,0,0,337,106,231
29,567,0080,606577,0000,000000,KARNATAKA,Davanagere,VILLAGE,Kanagondanahalli,Rural,282,1328,669,659,148,70,78,53,24,29,56,30,26,846,481,365,482,188,294,509,398,111,492,384,108,236,219,17,208,131,77,17,17,0,31,17,14,17,14,3,12,10,2,3,2,1,0,0,0,2,2,0,17,14,3,12,10,2,3,2,1,0,0,0,2,2,0,0,0,0,0,0,0,0,0,0,0,0,0,0,0,0,819,271,548
29,567,0080,606578,0000,000000,KARNATAKA,Davanagere,VILLAGE,Kolenahalli,Rural,317,1582,803,779,129,78,51,148,74,74,88,47,41,1090,589,501,492,214,278,866,536,330,809,513,296,406,284,122,302,158,144,29,18,11,72,53,19,57,23,34,34,14,20,16,7,9,1,0,1,6,2,4,55,23,32,32,14,18,16,7,9,1,0,1,6,2,4,2,0,2,2,0,2,0,0,0,0,0,0,0,0,0,716,267,449
29,567,0080,606579,0000,000000,KARNATAKA,Davanagere,VILLAGE,Nagarasanahalli,Rural,205,904,454,450,97,48,49,65,35,30,101,48,53,563,326,237,341,128,213,379,290,89,374,288,86,117,111,6,254,174,80,0,0,0,3,3,0,5,2,3,3,1,2,2,1,1,0,0,0,0,0,0,5,2,3,3,1,2,2,1,1,0,0,0,0,0,0,0,0,0,0,0,0,0,0,0,0,0,0,0,0,0,525,164,361
29,567,0080,606580,0000,000000,KARNATAKA,Davanagere,VILLAGE,Kukkavada,Rural,691,2985,1543,1442,304,157,147,449,223,226,184,92,92,2183,1240,943,802,303,499,1228,961,267,1056,841,215,349,312,37,312,185,127,28,26,2,367,318,49,172,120,52,32,19,13,56,32,24,6,4,2,78,65,13,164,116,48,28,18,10,54,31,23,6,4,2,76,63,13,8,4,4,4,1,3,2,1,1,0,0,0,2,2,0,1757,582,1175
29,567,0080,606581,0000,000000,KARNATAKA,Davanagere,VILLAGE,Giriyapura,Rural,118,528,263,265,57,28,29,43,19,24,48,22,26,337,189,148,191,74,117,252,166,86,209,147,62,65,64,1,124,67,57,0,0,0,20,16,4,43,19,24,4,2,2,39,17,22,0,0,0,0,0,0,43,19,24,4,2,2,39,17,22,0,0,0,0,0,0,0,0,0,0,0,0,0,0,0,0,0,0,0,0,0,276,97,179
29,567,0080,606582,0000,000000,KARNATAKA,Davanagere,VILLAGE,Kaidale,Rural,611,2645,1287,1358,257,121,136,213,103,110,271,136,135,1723,946,777,922,341,581,1220,804,416,1211,798,413,417,327,90,638,354,284,4,4,0,152,113,39,9,6,3,3,3,0,4,2,2,0,0,0,2,1,1,8,5,3,2,2,0,4,2,2,0,0,0,2,1,1,1,1,0,1,1,0,0,0,0,0,0,0,0,0,0,1425,483,942
29,567,0080,606583,0000,000000,KARNATAKA,Davanagere,VILLAGE,Naikanahalli,Rural,174,902,448,454,113,54,59,118,57,61,6,2,4,521,305,216,381,143,238,417,248,169,303,216,87,165,121,44,74,49,25,0,0,0,64,46,18,114,32,82,18,10,8,77,15,62,0,0,0,19,7,12,110,30,80,15,8,7,77,15,62,0,0,0,18,7,11,4,2,2,3,2,1,0,0,0,0,0,0,1,0,1,485,200,285
29,567,0080,606584,0000,000000,KARNATAKA,Davanagere,VILLAGE,Turuchagatta,Rural,809,3928,1967,1961,518,236,282,256,131,125,353,182,171,2550,1403,1147,1378,564,814,1725,1207,518,1634,1157,477,341,321,20,770,450,320,63,45,18,460,341,119,91,50,41,10,9,1,32,15,17,7,5,2,42,21,21,84,45,39,10,9,1,29,14,15,6,4,2,39,18,21,7,5,2,0,0,0,3,1,2,1,1,0,3,3,0,2203,760,1443
29,567,0080,606585,0000,000000,KARNATAKA,Davanagere,VILLAGE,Chandrenahalli,Rural,98,468,228,240,49,26,23,100,46,54,80,46,34,267,147,120,201,81,120,177,138,39,177,138,39,66,62,4,87,55,32,1,1,0,23,20,3,0,0,0,0,0,0,0,0,0,0,0,0,0,0,0,0,0,0,0,0,0,0,0,0,0,0,0,0,0,0,0,0,0,0,0,0,0,0,0,0,0,0,0,0,0,291,90,201
29,567,0080,606586,0000,000000,KARNATAKA,Davanagere,VILLAGE,Bullapura,Rural,221,898,441,457,110,47,63,235,115,120,48,23,25,560,309,251,338,132,206,500,282,218,492,277,215,83,70,13,367,180,187,8,7,1,34,20,14,8,5,3,1,1,0,0,0,0,3,3,0,4,1,3,6,4,2,1,1,0,0,0,0,2,2,0,3,1,2,2,1,1,0,0,0,0,0,0,1,1,0,1,0,1,398,159,239
29,567,0080,606587,0000,000000,KARNATAKA,Davanagere,VILLAGE,Gandamuktenahalli,Rural,11,44,23,21,1,1,0,40,21,19,2,1,1,32,19,13,12,4,8,25,18,7,24,18,6,8,6,2,12,10,2,0,0,0,4,2,2,1,0,1,0,0,0,1,0,1,0,0,0,0,0,0,1,0,1,0,0,0,1,0,1,0,0,0,0,0,0,0,0,0,0,0,0,0,0,0,0,0,0,0,0,0,19,5,14
29,567,0080,606588,0000,000000,KARNATAKA,Davanagere,VILLAGE,Vaddinahalli,Rural,199,913,472,441,96,58,38,372,184,188,55,32,23,662,364,298,251,108,143,465,315,150,417,277,140,167,146,21,208,103,105,2,0,2,40,28,12,48,38,10,4,4,0,7,4,3,2,0,2,35,30,5,46,36,10,4,4,0,7,4,3,2,0,2,33,28,5,2,2,0,0,0,0,0,0,0,0,0,0,2,2,0,448,157,291
29,567,0080,606589,0000,000000,KARNATAKA,Davanagere,VILLAGE,Srikrishnanagara,Rural,221,1142,587,555,113,53,60,228,119,109,0,0,0,763,457,306,379,130,249,617,367,250,602,366,236,146,116,30,289,144,145,46,26,20,121,80,41,15,1,14,1,0,1,8,0,8,2,0,2,4,1,3,14,1,13,1,0,1,8,0,8,2,0,2,3,1,2,1,0,1,0,0,0,0,0,0,0,0,0,1,0,1,525,220,305
29,567,0080,606590,0000,000000,KARNATAKA,Davanagere,VILLAGE,Igoor,Rural,446,2085,1044,1041,215,109,106,300,154,146,608,310,298,1361,737,624,724,307,417,935,650,285,664,555,109,285,262,23,233,171,62,12,8,4,134,114,20,271,95,176,16,7,9,240,77,163,2,1,1,13,10,3,262,93,169,15,7,8,235,76,159,0,0,0,12,10,2,9,2,7,1,0,1,5,1,4,2,1,1,1,0,1,1150,394,756
29,567,0080,606591,0000,000000,KARNATAKA,Davanagere,VILLAGE,Basavanahalu,Rural,349,1599,813,786,170,80,90,353,180,173,14,5,9,1041,603,438,558,210,348,690,515,175,591,463,128,236,227,9,214,121,93,15,12,3,126,103,23,99,52,47,27,25,2,51,16,35,1,0,1,20,11,9,96,50,46,27,25,2,48,14,34,1,0,1,20,11,9,3,2,1,0,0,0,3,2,1,0,0,0,0,0,0,909,298,611
29,567,0080,606592,0000,000000,KARNATAKA,Davanagere,VILLAGE,Giriyavvanahalli,Rural,0,0,0,0,0,0,0,0,0,0,0,0,0,0,0,0,0,0,0,0,0,0,0,0,0,0,0,0,0,0,0,0,0,0,0,0,0,0,0,0,0,0,0,0,0,0,0,0,0,0,0,0,0,0,0,0,0,0,0,0,0,0,0,0,0,0,0,0,0,0,0,0,0,0,0,0,0,0,0,0,0,0,0,0,0
29,567,0080,606593,0000,000000,KARNATAKA,Davanagere,VILLAGE,Boragondanahalli,Rural,177,790,409,381,93,47,46,229,126,103,6,4,2,474,268,206,316,141,175,455,256,199,441,250,191,339,190,149,71,34,37,2,2,0,29,24,5,14,6,8,5,2,3,1,1,0,3,0,3,5,3,2,13,5,8,5,2,3,1,1,0,3,0,3,4,2,2,1,1,0,0,0,0,0,0,0,0,0,0,1,1,0,335,153,182
29,567,0080,606594,0000,000000,KARNATAKA,Davanagere,VILLAGE,Sriramanagara,Rural,353,1916,1009,907,259,129,130,1826,940,886,11,10,1,1081,674,407,835,335,500,943,520,423,908,499,409,118,81,37,499,233,266,4,3,1,287,182,105,35,21,14,2,1,1,16,8,8,0,0,0,17,12,5,33,20,13,2,1,1,15,8,7,0,0,0,16,11,5,2,1,1,0,0,0,1,0,1,0,0,0,1,1,0,973,489,484
29,567,0080,606595,0000,000000,KARNATAKA,Davanagere,VILLAGE,Alur,Rural,776,3899,1977,1922,387,204,183,456,225,231,741,360,381,2617,1411,1206,1282,566,716,1847,1181,666,1487,1067,420,584,475,109,697,429,268,14,12,2,192,151,41,360,114,246,50,21,29,275,79,196,3,1,2,32,13,19,291,88,203,41,17,24,219,60,159,2,0,2,29,11,18,69,26,43,9,4,5,56,19,37,1,1,0,3,2,1,2052,796,1256
29,567,0080,606596,0000,000000,KARNATAKA,Davanagere,VILLAGE,Mallekatte,Rural,417,1842,949,893,177,86,91,188,104,84,170,87,83,1320,748,572,522,201,321,909,606,303,895,598,297,422,325,97,356,177,179,5,5,0,112,91,21,14,8,6,4,3,1,4,0,4,0,0,0,6,5,1,13,7,6,4,3,1,4,0,4,0,0,0,5,4,1,1,1,0,0,0,0,0,0,0,0,0,0,1,1,0,933,343,590
29,567,0080,606597,0000,000000,KARNATAKA,Davanagere,VILLAGE,Gollarahatti,Rural,229,1174,581,593,135,70,65,792,385,407,378,195,183,763,426,337,411,155,256,651,333,318,245,219,26,151,145,6,43,36,7,3,2,1,48,36,12,406,114,292,18,8,10,373,98,275,2,1,1,13,7,6,400,111,289,16,8,8,370,96,274,2,1,1,12,6,6,6,3,3,2,0,2,3,2,1,0,0,0,1,1,0,523,248,275
29,567,0080,606598,0000,000000,KARNATAKA,Davanagere,VILLAGE,Anaji,Rural,693,3258,1610,1648,360,173,187,612,306,306,836,398,438,2238,1190,1048,1020,420,600,1815,1061,754,1583,928,655,536,353,183,719,342,377,57,34,23,271,199,72,232,133,99,116,67,49,75,45,30,3,3,0,38,18,20,231,133,98,116,67,49,74,45,29,3,3,0,38,18,20,1,0,1,0,0,0,1,0,1,0,0,0,0,0,0,1443,549,894
29,567,0080,606599,0000,000000,KARNATAKA,Davanagere,VILLAGE,Kittur,Rural,331,1661,833,828,226,122,104,401,204,197,480,246,234,1116,593,523,545,240,305,655,511,144,651,507,144,338,323,15,261,154,107,3,3,0,49,27,22,4,4,0,0,0,0,3,3,0,0,0,0,1,1,0,4,4,0,0,0,0,3,3,0,0,0,0,1,1,0,0,0,0,0,0,0,0,0,0,0,0,0,0,0,0,1006,322,684
29,567,0080,606600,0000,000000,KARNATAKA,Davanagere,VILLAGE,Kurudi,Rural,178,846,431,415,92,54,38,143,71,72,120,61,59,652,348,304,194,83,111,273,266,7,259,254,5,202,200,2,46,44,2,1,1,0,10,9,1,14,12,2,9,8,1,5,4,1,0,0,0,0,0,0,14,12,2,9,8,1,5,4,1,0,0,0,0,0,0,0,0,0,0,0,0,0,0,0,0,0,0,0,0,0,573,165,408
29,567,0080,606601,0000,000000,KARNATAKA,Davanagere,VILLAGE,Hemmanabethur,Rural,326,1489,770,719,140,79,61,305,161,144,158,78,80,1186,644,542,303,126,177,857,448,409,660,412,248,238,214,24,244,126,118,8,8,0,170,64,106,197,36,161,17,16,1,17,7,10,1,0,1,162,13,149,173,18,155,7,6,1,14,6,8,1,0,1,151,6,145,24,18,6,10,10,0,3,1,2,0,0,0,11,7,4,632,322,310
29,567,0080,606602,0000,000000,KARNATAKA,Davanagere,VILLAGE,Dyamavvanahalli,Rural,82,422,218,204,46,29,17,134,67,67,36,22,14,307,168,139,115,50,65,311,163,148,249,140,109,84,66,18,153,67,86,3,1,2,9,6,3,62,23,39,4,0,4,38,13,25,3,1,2,17,9,8,61,22,39,4,0,4,38,13,25,3,1,2,16,8,8,1,1,0,0,0,0,0,0,0,0,0,0,1,1,0,111,55,56
29,567,0080,606603,0000,000000,KARNATAKA,Davanagere,VILLAGE,Chikkavvanagathihalli,Rural,99,401,199,202,35,20,15,127,67,60,0,0,0,358,176,182,43,23,20,269,125,144,247,117,130,122,62,60,112,47,65,0,0,0,13,8,5,22,8,14,2,0,2,17,6,11,1,1,0,2,1,1,22,8,14,2,0,2,17,6,11,1,1,0,2,1,1,0,0,0,0,0,0,0,0,0,0,0,0,0,0,0,132,74,58
29,567,0080,606604,0000,000000,KARNATAKA,Davanagere,VILLAGE,Hulikatte,Rural,458,2008,989,1019,246,123,123,830,399,431,318,165,153,1126,617,509,882,372,510,1007,593,414,758,551,207,272,250,22,361,221,140,24,5,19,101,75,26,249,42,207,50,9,41,91,19,72,22,3,19,86,11,75,212,39,173,30,7,23,80,18,62,21,3,18,81,11,70,37,3,34,20,2,18,11,1,10,1,0,1,5,0,5,1001,396,605
29,567,0080,606605,0000,000000,KARNATAKA,Davanagere,VILLAGE,Kereyagalahalli,Rural,309,1511,802,709,180,91,89,360,189,171,550,301,249,1033,609,424,478,193,285,628,472,156,542,420,122,265,251,14,216,119,97,9,8,1,52,42,10,86,52,34,16,6,10,25,12,13,8,3,5,37,31,6,83,50,33,16,6,10,25,12,13,7,3,4,35,29,6,3,2,1,0,0,0,0,0,0,1,0,1,2,2,0,883,330,553
29,567,0080,606606,0000,000000,KARNATAKA,Davanagere,VILLAGE,Giriyapura,Rural,100,543,287,256,84,39,45,72,35,37,443,237,206,277,177,100,266,110,156,281,152,129,210,143,67,87,77,10,97,49,48,0,0,0,26,17,9,71,9,62,7,5,2,60,4,56,0,0,0,4,0,4,69,8,61,6,4,2,59,4,55,0,0,0,4,0,4,2,1,1,1,1,0,1,0,1,0,0,0,0,0,0,262,135,127
29,567,0080,606607,0000,000000,KARNATAKA,Davanagere,VILLAGE,Katanaikana Hosahalli,Rural,61,289,149,140,32,16,16,241,127,114,20,8,12,144,85,59,145,64,81,188,103,85,148,97,51,65,54,11,58,26,32,4,4,0,21,13,8,40,6,34,14,2,12,20,2,18,2,1,1,4,1,3,39,6,33,13,2,11,20,2,18,2,1,1,4,1,3,1,0,1,1,0,1,0,0,0,0,0,0,0,0,0,101,46,55
29,567,0080,606608,0000,000000,KARNATAKA,Davanagere,VILLAGE,Lingapura,Rural,89,456,247,209,48,26,22,62,34,28,394,213,181,313,189,124,143,58,85,114,105,9,106,100,6,97,95,2,3,3,0,0,0,0,6,2,4,8,5,3,5,4,1,0,0,0,0,0,0,3,1,2,7,5,2,4,4,0,0,0,0,0,0,0,3,1,2,1,0,1,1,0,1,0,0,0,0,0,0,0,0,0,342,142,200
29,567,0080,606609,0000,000000,KARNATAKA,Davanagere,VILLAGE,Thumbigere,Rural,183,817,414,403,91,39,52,118,61,57,250,134,116,525,302,223,292,112,180,462,301,161,387,285,102,192,156,36,147,89,58,0,0,0,48,40,8,75,16,59,38,4,34,23,2,21,0,0,0,14,10,4,75,16,59,38,4,34,23,2,21,0,0,0,14,10,4,0,0,0,0,0,0,0,0,0,0,0,0,0,0,0,355,113,242
29,567,0080,606610,0000,000000,KARNATAKA,Davanagere,VILLAGE,Neelavvanahalli,Rural,0,0,0,0,0,0,0,0,0,0,0,0,0,0,0,0,0,0,0,0,0,0,0,0,0,0,0,0,0,0,0,0,0,0,0,0,0,0,0,0,0,0,0,0,0,0,0,0,0,0,0,0,0,0,0,0,0,0,0,0,0,0,0,0,0,0,0,0,0,0,0,0,0,0,0,0,0,0,0,0,0,0,0,0,0
29,567,0080,606611,0000,000000,KARNATAKA,Davanagere,VILLAGE,Honnur,Rural,651,3125,1566,1559,348,179,169,1514,766,748,422,206,216,1952,1118,834,1173,448,725,1659,932,727,1355,843,512,412,309,103,669,353,316,52,34,18,222,147,75,304,89,215,33,15,18,216,49,167,8,3,5,47,22,25,251,73,178,26,10,16,177,41,136,7,3,4,41,19,22,53,16,37,7,5,2,39,8,31,1,0,1,6,3,3,1466,634,832
29,567,0080,606612,0000,000000,KARNATAKA,Davanagere,VILLAGE,Kalapanahalli,Rural,234,1056,511,545,119,57,62,420,195,225,109,48,61,759,407,352,297,104,193,439,303,136,435,301,134,174,149,25,147,73,74,1,0,1,113,79,34,4,2,2,0,0,0,0,0,0,0,0,0,4,2,2,4,2,2,0,0,0,0,0,0,0,0,0,4,2,2,0,0,0,0,0,0,0,0,0,0,0,0,0,0,0,617,208,409
29,567,0080,606613,0000,000000,KARNATAKA,Davanagere,VILLAGE,Pamenahalli,Rural,204,1016,488,528,119,55,64,616,298,318,203,98,105,624,347,277,392,141,251,412,296,116,398,287,111,144,131,13,113,44,69,7,7,0,134,105,29,14,9,5,4,2,2,1,0,1,0,0,0,9,7,2,12,7,5,4,2,2,1,0,1,0,0,0,7,5,2,2,2,0,0,0,0,0,0,0,0,0,0,2,2,0,604,192,412
29,567,0080,606614,0000,000000,KARNATAKA,Davanagere,VILLAGE,Tholahunse,Rural,945,4296,2191,2105,449,234,215,2040,1052,988,315,170,145,2892,1613,1279,1404,578,826,1968,1271,697,1038,869,169,218,201,17,155,111,44,12,7,5,653,550,103,930,402,528,14,10,4,210,101,109,32,7,25,674,284,390,443,251,192,13,10,3,199,93,106,21,4,17,210,144,66,487,151,336,1,0,1,11,8,3,11,3,8,464,140,324,2328,920,1408
29,567,0080,606615,0000,000000,KARNATAKA,Davanagere,VILLAGE,Rangavvanahalli,Rural,33,121,57,64,24,10,14,2,1,1,4,3,1,92,45,47,29,12,17,52,36,16,47,34,13,3,3,0,0,0,0,1,1,0,43,30,13,5,2,3,2,1,1,0,0,0,0,0,0,3,1,2,5,2,3,2,1,1,0,0,0,0,0,0,3,1,2,0,0,0,0,0,0,0,0,0,0,0,0,0,0,0,69,21,48
29,567,0080,606616,0000,000000,KARNATAKA,Davanagere,VILLAGE,Kurki,Rural,582,2729,1335,1394,310,146,164,620,298,322,765,366,399,1863,978,885,866,357,509,1125,800,325,910,675,235,348,323,25,315,178,137,22,15,7,225,159,66,215,125,90,10,5,5,109,49,60,16,12,4,80,59,21,140,86,54,8,4,4,65,31,34,11,9,2,56,42,14,75,39,36,2,1,1,44,18,26,5,3,2,24,17,7,1604,535,1069
29,567,0080,606617,0000,000000,KARNATAKA,Davanagere,VILLAGE,Chattobanahalli,Rural,301,1442,738,704,179,97,82,1127,567,560,301,165,136,728,413,315,714,325,389,727,450,277,549,387,162,131,112,19,237,115,122,8,5,3,173,155,18,178,63,115,5,2,3,115,36,79,1,0,1,57,25,32,177,62,115,5,2,3,114,35,79,1,0,1,57,25,32,1,1,0,0,0,0,1,1,0,0,0,0,0,0,0,715,288,427
29,567,0080,606618,0000,000000,KARNATAKA,Davanagere,VILLAGE,Mallashettihalli,Rural,109,483,238,245,70,28,42,231,104,127,10,4,6,276,155,121,207,83,124,265,164,101,264,164,100,159,101,58,86,48,38,3,3,0,16,12,4,1,0,1,1,0,1,0,0,0,0,0,0,0,0,0,1,0,1,1,0,1,0,0,0,0,0,0,0,0,0,0,0,0,0,0,0,0,0,0,0,0,0,0,0,0,218,74,144
29,567,0080,606619,0000,000000,KARNATAKA,Davanagere,VILLAGE,Karilakkanahalli,Rural,125,571,298,273,66,33,33,57,29,28,320,166,154,322,194,128,249,104,145,289,198,91,288,198,90,204,145,59,56,31,25,6,4,2,22,18,4,1,0,1,1,0,1,0,0,0,0,0,0,0,0,0,1,0,1,1,0,1,0,0,0,0,0,0,0,0,0,0,0,0,0,0,0,0,0,0,0,0,0,0,0,0,282,100,182
29,567,0080,606620,0000,000000,KARNATAKA,Davanagere,VILLAGE,Bullapura,Rural,270,1210,616,594,135,73,62,441,214,227,438,230,208,792,436,356,418,180,238,519,358,161,431,334,97,138,135,3,239,154,85,3,3,0,51,42,9,88,24,64,4,3,1,67,12,55,1,0,1,16,9,7,88,24,64,4,3,1,67,12,55,1,0,1,16,9,7,0,0,0,0,0,0,0,0,0,0,0,0,0,0,0,691,258,433
29,567,0080,606621,0000,000000,KARNATAKA,Davanagere,VILLAGE,Kogganur,Rural,173,851,425,426,106,48,58,242,120,122,102,48,54,642,355,287,209,70,139,521,268,253,216,173,43,170,150,20,29,18,11,3,2,1,14,3,11,305,95,210,6,3,3,92,80,12,195,9,186,12,3,9,299,94,205,6,3,3,90,80,10,192,8,184,11,3,8,6,1,5,0,0,0,2,0,2,3,1,2,1,0,1,330,157,173
29,567,0080,606622,0000,000000,KARNATAKA,Davanagere,VILLAGE,Narasipura,Rural,111,502,248,254,72,36,36,62,31,31,0,0,0,226,133,93,276,115,161,331,152,179,322,148,174,138,68,70,164,67,97,9,5,4,11,8,3,9,4,5,4,2,2,2,1,1,1,0,1,2,1,1,9,4,5,4,2,2,2,1,1,1,0,1,2,1,1,0,0,0,0,0,0,0,0,0,0,0,0,0,0,0,171,96,75
29,567,0080,606623,0000,000000,KARNATAKA,Davanagere,VILLAGE,Siddanur,Rural,209,938,479,459,81,43,38,450,225,225,5,2,3,647,348,299,291,131,160,417,300,117,276,261,15,235,229,6,22,17,5,4,4,0,15,11,4,141,39,102,3,1,2,123,28,95,8,4,4,7,6,1,138,36,102,3,1,2,123,28,95,6,2,4,6,5,1,3,3,0,0,0,0,0,0,0,2,2,0,1,1,0,521,179,342
29,567,0080,606624,0000,000000,KARNATAKA,Davanagere,VILLAGE,Agasanakatte,Rural,192,858,439,419,74,42,32,149,79,70,0,0,0,657,357,300,201,82,119,349,286,63,332,277,55,207,195,12,65,44,21,3,2,1,57,36,21,17,9,8,1,1,0,7,2,5,1,1,0,8,5,3,15,7,8,1,1,0,6,1,5,1,1,0,7,4,3,2,2,0,0,0,0,1,1,0,0,0,0,1,1,0,509,153,356
29,567,0080,606625,0000,000000,KARNATAKA,Davanagere,VILLAGE,Rudranakatte,Rural,163,832,442,390,91,49,42,46,29,17,1,1,0,571,342,229,261,100,161,248,230,18,182,177,5,126,123,3,1,1,0,15,13,2,40,40,0,66,53,13,13,13,0,1,1,0,4,3,1,48,36,12,65,53,12,13,13,0,1,1,0,4,3,1,47,36,11,1,0,1,0,0,0,0,0,0,0,0,0,1,0,1,584,212,372
29,567,0080,606626,0000,000000,KARNATAKA,Davanagere,VILLAGE,Jammapura,Rural,94,422,220,202,26,18,8,379,199,180,0,0,0,280,162,118,142,58,84,331,172,159,69,38,31,18,11,7,40,20,20,3,3,0,8,4,4,262,134,128,39,19,20,167,84,83,14,6,8,42,25,17,101,55,46,11,7,4,63,32,31,7,3,4,20,13,7,161,79,82,28,12,16,104,52,52,7,3,4,22,12,10,91,48,43
29,567,0080,606627,0000,000000,KARNATAKA,Davanagere,VILLAGE,Kandanakovi,Rural,220,1103,565,538,99,52,47,195,97,98,23,11,12,809,454,355,294,111,183,621,356,265,272,208,64,184,141,43,23,20,3,3,2,1,62,45,17,349,148,201,15,8,7,113,52,61,25,5,20,196,83,113,268,136,132,13,6,7,90,50,40,21,5,16,144,75,69,81,12,69,2,2,0,23,2,21,4,0,4,52,8,44,482,209,273
29,567,0080,606628,0000,000000,KARNATAKA,Davanagere,VILLAGE,Pavadarangavvanahalli,Rural,94,388,203,185,24,15,9,139,70,69,15,8,7,295,167,128,93,36,57,266,146,120,154,138,16,100,98,2,11,5,6,1,1,0,42,34,8,112,8,104,103,5,98,8,2,6,0,0,0,1,1,0,112,8,104,103,5,98,8,2,6,0,0,0,1,1,0,0,0,0,0,0,0,0,0,0,0,0,0,0,0,0,122,57,65
29,567,0080,606629,0000,000000,KARNATAKA,Davanagere,VILLAGE,Hulapanakatte,Rural,69,287,143,144,23,11,12,80,38,42,1,0,1,248,129,119,39,14,25,94,88,6,86,81,5,74,73,1,0,0,0,0,0,0,12,8,4,8,7,1,7,6,1,0,0,0,0,0,0,1,1,0,8,7,1,7,6,1,0,0,0,0,0,0,1,1,0,0,0,0,0,0,0,0,0,0,0,0,0,0,0,0,193,55,138
29,567,0080,606630,0000,000000,KARNATAKA,Davanagere,VILLAGE,Anagodu,Rural,788,3672,1876,1796,407,215,192,930,499,431,555,275,280,2565,1390,1175,1107,486,621,1496,1094,402,1101,820,281,369,325,44,127,56,71,41,33,8,564,406,158,395,274,121,8,7,1,237,167,70,15,7,8,135,93,42,374,259,115,8,7,1,231,164,67,13,5,8,122,83,39,21,15,6,0,0,0,6,3,3,2,2,0,13,10,3,2176,782,1394
29,567,0080,606631,0000,000000,KARNATAKA,Davanagere,VILLAGE,Doddarangavvanahalli,Rural,50,187,98,89,28,13,15,187,98,89,0,0,0,74,45,29,113,53,60,116,64,52,109,62,47,9,9,0,71,26,45,1,0,1,28,27,1,7,2,5,0,0,0,5,0,5,0,0,0,2,2,0,7,2,5,0,0,0,5,0,5,0,0,0,2,2,0,0,0,0,0,0,0,0,0,0,0,0,0,0,0,0,71,34,37
29,567,0080,606632,0000,000000,KARNATAKA,Davanagere,VILLAGE,Nerlegi,Rural,508,2178,1096,1082,235,113,122,958,488,470,37,20,17,1322,756,566,856,340,516,1066,686,380,1041,675,366,519,392,127,194,73,121,9,7,2,319,203,116,25,11,14,4,3,1,10,1,9,0,0,0,11,7,4,24,11,13,4,3,1,9,1,8,0,0,0,11,7,4,1,0,1,0,0,0,1,0,1,0,0,0,0,0,0,1112,410,702
29,567,0080,606633,0000,000000,KARNATAKA,Davanagere,VILLAGE,Ganganakatte,Rural,310,1449,729,720,166,78,88,150,70,80,178,86,92,1059,582,477,390,147,243,910,471,439,311,280,31,132,129,3,136,122,14,7,6,1,36,23,13,599,191,408,18,5,13,524,151,373,30,15,15,27,20,7,540,161,379,16,5,11,501,145,356,14,5,9,9,6,3,59,30,29,2,0,2,23,6,17,16,10,6,18,14,4,539,258,281
29,567,0080,606634,0000,000000,KARNATAKA,Davanagere,VILLAGE,Halavarthy,Rural,248,1150,599,551,124,67,57,144,81,63,245,122,123,811,469,342,339,130,209,693,383,310,321,294,27,244,235,9,30,23,7,0,0,0,47,36,11,372,89,283,2,1,1,370,88,282,0,0,0,0,0,0,361,86,275,1,0,1,360,86,274,0,0,0,0,0,0,11,3,8,1,1,0,10,2,8,0,0,0,0,0,0,457,216,241
29,567,0080,606635,0000,000000,KARNATAKA,Davanagere,VILLAGE,Hosahalli,Rural,73,354,186,168,41,17,24,354,186,168,0,0,0,215,136,79,139,50,89,127,110,17,124,108,16,69,63,6,45,37,8,0,0,0,10,8,2,3,2,1,0,0,0,3,2,1,0,0,0,0,0,0,3,2,1,0,0,0,3,2,1,0,0,0,0,0,0,0,0,0,0,0,0,0,0,0,0,0,0,0,0,0,227,76,151
29,567,0080,606636,0000,000000,KARNATAKA,Davanagere,VILLAGE,Kenchammanahalli,Rural,76,365,190,175,35,20,15,23,13,10,52,26,26,259,152,107,106,38,68,108,99,9,107,98,9,86,82,4,14,10,4,1,1,0,6,5,1,1,1,0,1,1,0,0,0,0,0,0,0,0,0,0,0,0,0,0,0,0,0,0,0,0,0,0,0,0,0,1,1,0,1,1,0,0,0,0,0,0,0,0,0,0,257,91,166
29,567,0080,606637,0000,000000,KARNATAKA,Davanagere,VILLAGE,Mudenahalli,Rural,110,513,268,245,46,17,29,120,62,58,73,39,34,308,188,120,205,80,125,255,181,74,242,173,69,163,123,40,62,34,28,5,5,0,12,11,1,13,8,5,8,5,3,2,0,2,2,2,0,1,1,0,13,8,5,8,5,3,2,0,2,2,2,0,1,1,0,0,0,0,0,0,0,0,0,0,0,0,0,0,0,0,258,87,171
29,567,0080,606638,0000,000000,KARNATAKA,Davanagere,VILLAGE,Gudalu,Rural,630,2927,1486,1441,317,171,146,468,227,241,990,501,489,1872,1039,833,1055,447,608,1566,951,615,1331,861,470,468,376,92,594,315,279,32,28,4,237,142,95,235,90,145,36,13,23,151,51,100,11,5,6,37,21,16,206,82,124,28,12,16,139,48,91,8,5,3,31,17,14,29,8,21,8,1,7,12,3,9,3,0,3,6,4,2,1361,535,826
29,567,0080,606639,0000,000000,KARNATAKA,Davanagere,VILLAGE,Gummanur,Rural,343,1666,843,823,206,99,107,206,107,99,587,288,299,1119,627,492,547,216,331,974,551,423,868,497,371,499,350,149,112,75,37,19,11,8,238,61,177,106,54,52,80,39,41,5,4,1,2,2,0,19,9,10,93,48,45,67,33,34,5,4,1,2,2,0,19,9,10,13,6,7,13,6,7,0,0,0,0,0,0,0,0,0,692,292,400
29,567,0080,606640,0000,000000,KARNATAKA,Davanagere,VILLAGE,Katihalli,Rural,179,905,424,481,96,51,45,347,153,194,494,237,257,566,298,268,339,126,213,540,261,279,428,227,201,216,152,64,153,33,120,13,9,4,46,33,13,112,34,78,19,13,6,64,13,51,3,1,2,26,7,19,95,29,66,17,12,5,55,10,45,2,1,1,21,6,15,17,5,12,2,1,1,9,3,6,1,0,1,5,1,4,365,163,202
29,567,0080,606641,0000,000000,KARNATAKA,Davanagere,VILLAGE,Mandaluru,Rural,285,1299,667,632,125,60,65,67,32,35,262,137,125,1077,581,496,222,86,136,511,432,79,502,432,70,417,382,35,62,31,31,2,2,0,21,17,4,9,0,9,9,0,9,0,0,0,0,0,0,0,0,0,9,0,9,9,0,9,0,0,0,0,0,0,0,0,0,0,0,0,0,0,0,0,0,0,0,0,0,0,0,0,788,235,553
29,567,0080,606642,0000,000000,KARNATAKA,Davanagere,VILLAGE,Hunasekatte,Rural,222,1017,520,497,116,65,51,199,108,91,193,101,92,687,387,300,330,133,197,382,318,64,363,309,54,169,155,14,144,112,32,0,0,0,50,42,8,19,9,10,1,0,1,14,5,9,0,0,0,4,4,0,19,9,10,1,0,1,14,5,9,0,0,0,4,4,0,0,0,0,0,0,0,0,0,0,0,0,0,0,0,0,635,202,433
29,567,0080,606643,0000,000000,KARNATAKA,Davanagere,VILLAGE,Lakkamuthenahalli,Rural,58,286,142,144,34,17,17,32,17,15,1,1,0,205,111,94,81,31,50,94,83,11,94,83,11,49,49,0,30,24,6,0,0,0,15,10,5,0,0,0,0,0,0,0,0,0,0,0,0,0,0,0,0,0,0,0,0,0,0,0,0,0,0,0,0,0,0,0,0,0,0,0,0,0,0,0,0,0,0,0,0,0,192,59,133
29,567,0080,606644,0000,000000,KARNATAKA,Davanagere,VILLAGE,Neerthadi,Rural,304,1415,734,681,142,79,63,342,181,161,199,101,98,939,535,404,476,199,277,818,443,375,818,443,375,376,205,171,393,197,196,10,7,3,39,34,5,0,0,0,0,0,0,0,0,0,0,0,0,0,0,0,0,0,0,0,0,0,0,0,0,0,0,0,0,0,0,0,0,0,0,0,0,0,0,0,0,0,0,0,0,0,597,291,306
29,567,0080,606645,0000,000000,KARNATAKA,Davanagere,VILLAGE,Panchenahalli,Rural,2,8,3,5,0,0,0,0,0,0,0,0,0,8,3,5,0,0,0,5,2,3,5,2,3,0,0,0,0,0,0,0,0,0,5,2,3,0,0,0,0,0,0,0,0,0,0,0,0,0,0,0,0,0,0,0,0,0,0,0,0,0,0,0,0,0,0,0,0,0,0,0,0,0,0,0,0,0,0,0,0,0,3,1,2
29,567,0080,606646,0000,000000,KARNATAKA,Davanagere,VILLAGE,Hebbalu,Rural,483,2201,1134,1067,215,101,114,485,247,238,260,136,124,1619,913,706,582,221,361,943,717,226,856,646,210,337,301,36,286,162,124,10,7,3,223,176,47,87,71,16,14,14,0,15,7,8,0,0,0,58,50,8,87,71,16,14,14,0,15,7,8,0,0,0,58,50,8,0,0,0,0,0,0,0,0,0,0,0,0,0,0,0,1258,417,841
29,567,0080,606647,0000,000000,KARNATAKA,Davanagere,VILLAGE,Chinnasamudra,Rural,209,952,475,477,91,52,39,685,345,340,0,0,0,607,344,263,345,131,214,529,266,263,297,159,138,71,60,11,173,66,107,7,3,4,46,30,16,232,107,125,7,3,4,172,75,97,9,5,4,44,24,20,225,105,120,7,3,4,170,74,96,9,5,4,39,23,16,7,2,5,0,0,0,2,1,1,0,0,0,5,1,4,423,209,214
29,567,0080,606648,0000,000000,KARNATAKA,Davanagere,VILLAGE,Naraganahalli,Rural,425,1966,987,979,231,123,108,612,323,289,527,266,261,1189,665,524,777,322,455,867,585,282,843,565,278,365,285,80,387,211,176,3,2,1,88,67,21,24,20,4,0,0,0,4,3,1,2,0,2,18,17,1,13,11,2,0,0,0,4,3,1,1,0,1,8,8,0,11,9,2,0,0,0,0,0,0,1,0,1,10,9,1,1099,402,697
29,567,0080,606649,0000,000000,KARNATAKA,Davanagere,VILLAGE,Sri Rangaiahnamatti,Rural,57,252,129,123,27,17,10,252,129,123,0,0,0,115,66,49,137,63,74,143,77,66,142,77,65,106,62,44,33,13,20,1,1,0,2,1,1,1,0,1,1,0,1,0,0,0,0,0,0,0,0,0,1,0,1,1,0,1,0,0,0,0,0,0,0,0,0,0,0,0,0,0,0,0,0,0,0,0,0,0,0,0,109,52,57
29,567,0080,606650,0000,000000,KARNATAKA,Davanagere,VILLAGE,Honnaikanahalli,Rural,201,943,474,469,100,49,51,147,73,74,276,129,147,662,362,300,281,112,169,429,314,115,414,302,112,198,194,4,165,65,100,0,0,0,51,43,8,15,12,3,7,7,0,0,0,0,1,0,1,7,5,2,14,12,2,7,7,0,0,0,0,1,0,1,6,5,1,1,0,1,0,0,0,0,0,0,0,0,0,1,0,1,514,160,354
29,567,0080,606651,0000,000000,KARNATAKA,Davanagere,VILLAGE,Obannanahalli,Rural,54,263,131,132,25,10,15,31,20,11,0,0,0,207,110,97,56,21,35,101,90,11,96,87,9,54,54,0,23,16,7,0,0,0,19,17,2,5,3,2,1,0,1,1,0,1,0,0,0,3,3,0,4,3,1,0,0,0,1,0,1,0,0,0,3,3,0,1,0,1,1,0,1,0,0,0,0,0,0,0,0,0,162,41,121
29,567,0080,606652,0000,000000,KARNATAKA,Davanagere,VILLAGE,Bavihalu,Rural,305,1350,682,668,143,73,70,271,138,133,201,106,95,1016,543,473,334,139,195,803,453,350,789,447,342,472,324,148,268,94,174,24,12,12,25,17,8,14,6,8,1,1,0,5,0,5,4,3,1,4,2,2,13,6,7,1,1,0,5,0,5,3,3,0,4,2,2,1,0,1,0,0,0,0,0,0,1,0,1,0,0,0,547,229,318
29,567,0080,606653,0000,000000,KARNATAKA,Davanagere,VILLAGE,Yaravvanagathihalli,Rural,227,1018,504,514,84,49,35,164,74,90,349,175,174,645,353,292,373,151,222,474,300,174,453,287,166,194,142,52,206,103,103,10,9,1,43,33,10,21,13,8,3,3,0,14,7,7,0,0,0,4,3,1,21,13,8,3,3,0,14,7,7,0,0,0,4,3,1,0,0,0,0,0,0,0,0,0,0,0,0,0,0,0,544,204,340
29,567,0080,606654,0000,000000,KARNATAKA,Davanagere,VILLAGE,Kuntapalanahalli,Rural,185,848,427,421,114,57,57,352,181,171,149,67,82,517,287,230,331,140,191,400,248,152,364,241,123,48,44,4,181,87,94,8,8,0,127,102,25,36,7,29,0,0,0,20,2,18,0,0,0,16,5,11,36,7,29,0,0,0,20,2,18,0,0,0,16,5,11,0,0,0,0,0,0,0,0,0,0,0,0,0,0,0,448,179,269
29,567,0080,606655,0000,000000,KARNATAKA,Davanagere,VILLAGE,Kolkunte,Rural,410,1829,920,909,193,96,97,347,174,173,444,230,214,1125,629,496,704,291,413,934,615,319,897,590,307,302,270,32,530,276,254,19,14,5,46,30,16,37,25,12,1,1,0,5,3,2,3,1,2,28,20,8,36,24,12,1,1,0,5,3,2,3,1,2,27,19,8,1,1,0,0,0,0,0,0,0,0,0,0,1,1,0,895,305,590
29,567,0080,606656,0000,000000,KARNATAKA,Davanagere,VILLAGE,Gopanahal,Rural,641,2914,1464,1450,296,151,145,298,143,155,156,77,79,2052,1100,952,862,364,498,1243,938,305,1148,877,271,465,447,18,581,343,238,15,14,1,87,73,14,95,61,34,0,0,0,69,46,23,8,5,3,18,10,8,90,60,30,0,0,0,69,46,23,8,5,3,13,9,4,5,1,4,0,0,0,0,0,0,0,0,0,5,1,4,1671,526,1145
29,567,0080,606657,0000,000000,KARNATAKA,Davanagere,VILLAGE,Chikkatogaleri,Rural,305,1307,660,647,149,79,70,182,86,96,768,391,377,881,491,390,426,169,257,627,420,207,621,416,205,153,140,13,319,162,157,13,10,3,136,104,32,6,4,2,0,0,0,4,2,2,1,1,0,1,1,0,5,3,2,0,0,0,4,2,2,0,0,0,1,1,0,1,1,0,0,0,0,0,0,0,1,1,0,0,0,0,680,240,440
29,567,0080,606658,0000,000000,KARNATAKA,Davanagere,VILLAGE,Hiretogaleri,Rural,316,1488,741,747,182,91,91,283,138,145,745,364,381,936,505,431,552,236,316,739,452,287,544,321,223,159,124,35,363,185,178,4,3,1,18,9,9,195,131,64,7,5,2,121,78,43,20,16,4,47,32,15,158,104,54,7,5,2,121,78,43,9,6,3,21,15,6,37,27,10,0,0,0,0,0,0,11,10,1,26,17,9,749,289,460
29,567,0080,606659,0000,000000,KARNATAKA,Davanagere,VILLAGE,Lakkavvanahalli,Rural,0,0,0,0,0,0,0,0,0,0,0,0,0,0,0,0,0,0,0,0,0,0,0,0,0,0,0,0,0,0,0,0,0,0,0,0,0,0,0,0,0,0,0,0,0,0,0,0,0,0,0,0,0,0,0,0,0,0,0,0,0,0,0,0,0,0,0,0,0,0,0,0,0,0,0,0,0,0,0,0,0,0,0,0,0
29,567,0080,606660,0000,000000,KARNATAKA,Davanagere,VILLAGE,Hanumanahalli,Rural,183,813,411,402,95,46,49,482,256,226,98,47,51,528,306,222,285,105,180,451,259,192,451,259,192,70,63,7,368,185,183,0,0,0,13,11,2,0,0,0,0,0,0,0,0,0,0,0,0,0,0,0,0,0,0,0,0,0,0,0,0,0,0,0,0,0,0,0,0,0,0,0,0,0,0,0,0,0,0,0,0,0,362,152,210
29,567,0080,606661,0000,000000,KARNATAKA,Davanagere,VILLAGE,Echagatta,Rural,311,1403,696,707,140,72,68,812,399,413,0,0,0,989,530,459,414,166,248,856,430,426,847,425,422,350,177,173,466,225,241,9,7,2,22,16,6,9,5,4,1,1,0,7,3,4,1,1,0,0,0,0,9,5,4,1,1,0,7,3,4,1,1,0,0,0,0,0,0,0,0,0,0,0,0,0,0,0,0,0,0,0,547,266,281
29,567,0080,606662,0000,000000,KARNATAKA,Davanagere,VILLAGE,Jamapannanahalli,Rural,96,476,244,232,66,35,31,476,244,232,0,0,0,223,143,80,253,101,152,309,157,152,273,149,124,40,37,3,188,78,110,4,4,0,41,30,11,36,8,28,0,0,0,19,6,13,0,0,0,17,2,15,25,3,22,0,0,0,8,1,7,0,0,0,17,2,15,11,5,6,0,0,0,11,5,6,0,0,0,0,0,0,167,87,80
29,567,0080,606663,0000,000000,KARNATAKA,Davanagere,VILLAGE,Sultanipura,Rural,61,327,162,165,34,15,19,48,24,24,0,0,0,255,140,115,72,22,50,221,112,109,201,106,95,99,56,43,29,15,14,8,5,3,65,30,35,20,6,14,2,1,1,6,1,5,6,4,2,6,0,6,5,3,2,1,1,0,2,1,1,1,1,0,1,0,1,15,3,12,1,0,1,4,0,4,5,3,2,5,0,5,106,50,56
29,567,0080,606664,0000,000000,KARNATAKA,Davanagere,VILLAGE,Kodaganur,Rural,827,3673,1834,1839,374,201,173,1219,597,622,457,224,233,2633,1420,1213,1040,414,626,1497,1049,448,1336,1001,335,498,479,19,521,264,257,11,11,0,306,247,59,161,48,113,3,3,0,76,12,64,5,3,2,77,30,47,103,36,67,3,3,0,41,9,32,5,3,2,54,21,33,58,12,46,0,0,0,35,3,32,0,0,0,23,9,14,2176,785,1391
29,567,0080,606665,0000,000000,KARNATAKA,Davanagere,VILLAGE,Annapura,Rural,428,1950,957,993,210,97,113,761,377,384,345,165,180,1376,757,619,574,200,374,970,571,399,831,552,279,278,253,25,474,231,243,5,3,2,74,65,9,139,19,120,15,8,7,120,9,111,1,0,1,3,2,1,139,19,120,15,8,7,120,9,111,1,0,1,3,2,1,0,0,0,0,0,0,0,0,0,0,0,0,0,0,0,980,386,594
29,567,0080,606666,0000,000000,KARNATAKA,Davanagere,VILLAGE,Dindadahalli,Rural,219,1120,572,548,160,88,72,89,41,48,395,191,204,656,371,285,464,201,263,528,325,203,291,207,84,118,107,11,137,70,67,0,0,0,36,30,6,237,118,119,4,2,2,221,105,116,0,0,0,12,11,1,230,117,113,4,2,2,215,105,110,0,0,0,11,10,1,7,1,6,0,0,0,6,0,6,0,0,0,1,1,0,592,247,345
29,567,0080,606667,0000,000000,KARNATAKA,Davanagere,VILLAGE,Chikkamagadi,Rural,28,92,50,42,13,9,4,85,46,39,3,1,2,47,33,14,45,17,28,44,18,26,12,7,5,3,2,1,8,4,4,1,1,0,0,0,0,32,11,21,3,2,1,28,9,19,1,0,1,0,0,0,31,10,21,3,2,1,27,8,19,1,0,1,0,0,0,1,1,0,0,0,0,1,1,0,0,0,0,0,0,0,48,32,16
29,567,0080,606668,0000,000000,KARNATAKA,Davanagere,VILLAGE,Doddamagadi,Rural,134,657,330,327,59,32,27,468,237,231,43,20,23,439,248,191,218,82,136,334,156,178,19,9,10,4,1,3,11,4,7,4,4,0,0,0,0,315,147,168,55,31,24,248,111,137,3,1,2,9,4,5,314,147,167,55,31,24,247,111,136,3,1,2,9,4,5,1,0,1,0,0,0,1,0,1,0,0,0,0,0,0,323,174,149
29,567,0080,606669,0000,000000,KARNATAKA,Davanagere,VILLAGE,Hanumanahalli,Rural,0,0,0,0,0,0,0,0,0,0,0,0,0,0,0,0,0,0,0,0,0,0,0,0,0,0,0,0,0,0,0,0,0,0,0,0,0,0,0,0,0,0,0,0,0,0,0,0,0,0,0,0,0,0,0,0,0,0,0,0,0,0,0,0,0,0,0,0,0,0,0,0,0,0,0,0,0,0,0,0,0,0,0,0,0
29,567,0080,606670,0000,000000,KARNATAKA,Davanagere,VILLAGE,Bullapura,Rural,36,165,78,87,20,11,9,165,78,87,0,0,0,86,42,44,79,36,43,84,44,40,56,44,12,25,25,0,31,19,12,0,0,0,0,0,0,28,0,28,1,0,1,27,0,27,0,0,0,0,0,0,28,0,28,1,0,1,27,0,27,0,0,0,0,0,0,0,0,0,0,0,0,0,0,0,0,0,0,0,0,0,81,34,47
29,567,0080,606671,0000,000000,KARNATAKA,Davanagere,VILLAGE,Timmalapura,Rural,0,0,0,0,0,0,0,0,0,0,0,0,0,0,0,0,0,0,0,0,0,0,0,0,0,0,0,0,0,0,0,0,0,0,0,0,0,0,0,0,0,0,0,0,0,0,0,0,0,0,0,0,0,0,0,0,0,0,0,0,0,0,0,0,0,0,0,0,0,0,0,0,0,0,0,0,0,0,0,0,0,0,0,0,0
29,567,0080,606672,0000,000000,KARNATAKA,Davanagere,VILLAGE,Hedne,Rural,252,1112,555,557,125,63,62,775,384,391,180,91,89,706,395,311,406,160,246,569,331,238,388,284,104,190,176,14,119,87,32,56,8,48,23,13,10,181,47,134,7,1,6,172,45,127,1,1,0,1,0,1,160,43,117,6,1,5,153,41,112,1,1,0,0,0,0,21,4,17,1,0,1,19,4,15,0,0,0,1,0,1,543,224,319
29,567,0080,606673,0000,000000,KARNATAKA,Davanagere,VILLAGE,Rampura,Rural,51,236,122,114,22,14,8,23,14,9,51,26,25,175,96,79,61,26,35,118,72,46,102,70,32,28,27,1,63,35,28,3,3,0,8,5,3,16,2,14,5,1,4,11,1,10,0,0,0,0,0,0,16,2,14,5,1,4,11,1,10,0,0,0,0,0,0,0,0,0,0,0,0,0,0,0,0,0,0,0,0,0,118,50,68
29,567,0080,606674,0000,000000,KARNATAKA,Davanagere,VILLAGE,Hutchavvanahalli,Rural,824,3810,1926,1884,375,191,184,1166,562,604,400,215,185,2796,1512,1284,1014,414,600,2117,1183,934,2002,1138,864,333,201,132,1496,803,693,18,15,3,155,119,36,115,45,70,12,5,7,96,34,62,0,0,0,7,6,1,114,45,69,12,5,7,95,34,61,0,0,0,7,6,1,1,0,1,0,0,0,1,0,1,0,0,0,0,0,0,1693,743,950
29,567,0080,606675,0000,000000,KARNATAKA,Davanagere,VILLAGE,Hindasakatte,Rural,218,937,467,470,82,40,42,115,62,53,66,31,35,602,338,264,335,129,206,565,297,268,564,296,268,40,24,16,520,269,251,1,0,1,3,3,0,1,1,0,1,1,0,0,0,0,0,0,0,0,0,0,1,1,0,1,1,0,0,0,0,0,0,0,0,0,0,0,0,0,0,0,0,0,0,0,0,0,0,0,0,0,372,170,202
29,567,0080,606676,0000,000000,KARNATAKA,Davanagere,VILLAGE,Pittanahalli,Rural,0,0,0,0,0,0,0,0,0,0,0,0,0,0,0,0,0,0,0,0,0,0,0,0,0,0,0,0,0,0,0,0,0,0,0,0,0,0,0,0,0,0,0,0,0,0,0,0,0,0,0,0,0,0,0,0,0,0,0,0,0,0,0,0,0,0,0,0,0,0,0,0,0,0,0,0,0,0,0,0,0,0,0,0,0
29,567,0080,606677,0000,000000,KARNATAKA,Davanagere,VILLAGE,Mayakonda ,Rural,1176,5630,2817,2813,553,278,275,577,263,314,575,261,314,3682,2031,1651,1948,786,1162,2474,1748,726,2028,1507,521,795,693,102,679,420,259,54,41,13,500,353,147,446,241,205,141,99,42,105,58,47,17,15,2,183,69,114,405,220,185,131,96,35,94,53,41,16,14,2,164,57,107,41,21,20,10,3,7,11,5,6,1,1,0,19,12,7,3156,1069,2087
29,567,0080,606678,0000,000000,KARNATAKA,Davanagere,VILLAGE,Donkanahalli,Rural,0,0,0,0,0,0,0,0,0,0,0,0,0,0,0,0,0,0,0,0,0,0,0,0,0,0,0,0,0,0,0,0,0,0,0,0,0,0,0,0,0,0,0,0,0,0,0,0,0,0,0,0,0,0,0,0,0,0,0,0,0,0,0,0,0,0,0,0,0,0,0,0,0,0,0,0,0,0,0,0,0,0,0,0,0
29,567,0080,606679,0000,000000,KARNATAKA,Davanagere,VILLAGE,Kabburu,Rural,356,1748,890,858,155,72,83,377,196,181,147,68,79,1310,729,581,438,161,277,972,637,335,503,454,49,343,330,13,82,63,19,9,7,2,69,54,15,469,183,286,9,7,2,148,80,68,8,3,5,304,93,211,229,116,113,8,7,1,138,77,61,5,3,2,78,29,49,240,67,173,1,0,1,10,3,7,3,0,3,226,64,162,776,253,523
29,567,0080,606680,0000,000000,KARNATAKA,Davanagere,VILLAGE,Madakeripura,Rural,134,605,311,294,78,41,37,272,144,128,1,0,1,515,264,251,90,47,43,262,154,108,144,119,25,82,73,9,17,15,2,22,17,5,23,14,9,118,35,83,11,7,4,2,1,1,1,0,1,104,27,77,118,35,83,11,7,4,2,1,1,1,0,1,104,27,77,0,0,0,0,0,0,0,0,0,0,0,0,0,0,0,343,157,186
29,567,0080,606681,0000,000000,KARNATAKA,Davanagere,VILLAGE,Vaderahalli,Rural,51,212,108,104,18,7,11,1,1,0,0,0,0,185,99,86,27,9,18,58,53,5,56,51,5,48,44,4,5,5,0,1,1,0,2,1,1,2,2,0,2,2,0,0,0,0,0,0,0,0,0,0,2,2,0,2,2,0,0,0,0,0,0,0,0,0,0,0,0,0,0,0,0,0,0,0,0,0,0,0,0,0,154,55,99
29,567,0080,606682,0000,000000,KARNATAKA,Davanagere,VILLAGE,Kaluru,Rural,167,803,404,399,108,61,47,188,90,98,29,14,15,582,320,262,221,84,137,410,251,159,287,216,71,145,137,8,116,60,56,1,1,0,25,18,7,123,35,88,81,19,62,34,9,25,4,3,1,4,4,0,116,28,88,76,14,62,34,9,25,4,3,1,2,2,0,7,7,0,5,5,0,0,0,0,0,0,0,2,2,0,393,153,240
29,567,0080,606683,0000,000000,KARNATAKA,Davanagere,VILLAGE,Attigere,Rural,541,2408,1220,1188,224,105,119,742,368,374,137,64,73,1798,977,821,610,243,367,1071,779,292,1017,739,278,340,326,14,565,332,233,7,7,0,105,74,31,54,40,14,5,5,0,33,20,13,2,2,0,14,13,1,52,38,14,5,5,0,33,20,13,2,2,0,12,11,1,2,2,0,0,0,0,0,0,0,0,0,0,2,2,0,1337,441,896
29,567,0080,606684,0000,000000,KARNATAKA,Davanagere,VILLAGE,Ramagondanahalli,Rural,448,2082,1008,1074,229,105,124,403,197,206,38,15,23,1423,746,677,659,262,397,909,619,290,900,614,286,289,255,34,508,278,230,10,7,3,93,74,19,9,5,4,3,1,2,2,0,2,2,2,0,2,2,0,9,5,4,3,1,2,2,0,2,2,2,0,2,2,0,0,0,0,0,0,0,0,0,0,0,0,0,0,0,0,1173,389,784
29,567,0080,606685,0000,000000,KARNATAKA,Davanagere,VILLAGE,Kashipura,Rural,405,1849,954,895,198,103,95,351,184,167,351,165,186,1209,668,541,640,286,354,853,595,258,831,580,251,290,284,6,492,259,233,11,11,0,38,26,12,22,15,7,3,2,1,11,8,3,0,0,0,8,5,3,21,14,7,3,2,1,11,8,3,0,0,0,7,4,3,1,1,0,0,0,0,0,0,0,0,0,0,1,1,0,996,359,637
29,567,0080,606686,0000,000000,KARNATAKA,Davanagere,VILLAGE,Likikere,Rural,1218,5935,3004,2931,642,312,330,728,358,370,1638,820,818,3467,1977,1490,2468,1027,1441,2977,1873,1104,2034,1540,494,767,731,36,974,588,386,68,55,13,225,166,59,943,333,610,44,23,21,773,248,525,17,7,10,109,55,54,880,303,577,42,22,20,723,228,495,15,6,9,100,47,53,63,30,33,2,1,1,50,20,30,2,1,1,9,8,1,2958,1131,1827
29,567,0080,606687,0000,000000,KARNATAKA,Davanagere,VILLAGE,Kalkere,Rural,216,880,429,451,102,56,46,24,12,12,422,203,219,551,278,273,329,151,178,315,243,72,159,149,10,138,135,3,0,0,0,0,0,0,21,14,7,156,94,62,0,0,0,145,87,58,1,1,0,10,6,4,155,93,62,0,0,0,145,87,58,1,1,0,9,5,4,1,1,0,0,0,0,0,0,0,0,0,0,1,1,0,565,186,379
29,567,0080,606688,0000,000000,KARNATAKA,Davanagere,VILLAGE,Turuvanahalu,Rural,0,0,0,0,0,0,0,0,0,0,0,0,0,0,0,0,0,0,0,0,0,0,0,0,0,0,0,0,0,0,0,0,0,0,0,0,0,0,0,0,0,0,0,0,0,0,0,0,0,0,0,0,0,0,0,0,0,0,0,0,0,0,0,0,0,0,0,0,0,0,0,0,0,0,0,0,0,0,0,0,0,0,0,0,0
29,567,0080,606689,0000,000000,KARNATAKA,Davanagere,VILLAGE,Honnamaradi,Rural,304,1439,719,720,138,64,74,413,212,201,94,42,52,1088,603,485,351,116,235,642,433,209,610,418,192,158,145,13,331,179,152,5,4,1,116,90,26,32,15,17,14,5,9,5,2,3,1,0,1,12,8,4,32,15,17,14,5,9,5,2,3,1,0,1,12,8,4,0,0,0,0,0,0,0,0,0,0,0,0,0,0,0,797,286,511
29,567,0080,606690,0000,000000,KARNATAKA,Davanagere,VILLAGE,Gonivada,Rural,297,1436,741,695,174,97,77,268,136,132,473,250,223,881,492,389,555,249,306,518,361,157,193,155,38,127,113,14,26,15,11,0,0,0,40,27,13,325,206,119,20,12,8,99,56,43,21,13,8,185,125,60,183,117,66,15,10,5,68,36,32,11,8,3,89,63,26,142,89,53,5,2,3,31,20,11,10,5,5,96,62,34,918,380,538
29,567,0080,606691,0000,000000,KARNATAKA,Davanagere,VILLAGE,Matti,Rural,496,2470,1228,1242,265,127,138,376,180,196,91,44,47,1559,879,680,911,349,562,1142,771,371,1131,768,363,287,269,18,680,392,288,14,9,5,150,98,52,11,3,8,1,1,0,0,0,0,0,0,0,10,2,8,11,3,8,1,1,0,0,0,0,0,0,0,10,2,8,0,0,0,0,0,0,0,0,0,0,0,0,0,0,0,1328,457,871
29,567,0080,606692,0000,000000,KARNATAKA,Davanagere,VILLAGE,Huvinamadu,Rural,419,1866,954,912,163,75,88,223,113,110,446,223,223,1533,839,694,333,115,218,707,622,85,497,442,55,364,350,14,92,63,29,2,1,1,39,28,11,210,180,30,5,4,1,186,161,25,4,3,1,15,12,3,210,180,30,5,4,1,186,161,25,4,3,1,15,12,3,0,0,0,0,0,0,0,0,0,0,0,0,0,0,0,1159,332,827
29,567,0080,606693,0000,000000,KARNATAKA,Davanagere,VILLAGE,Syagale,Rural,962,4428,2210,2218,443,214,229,247,114,133,562,277,285,3254,1745,1509,1174,465,709,2130,1408,722,1461,982,479,626,590,36,385,224,161,14,11,3,436,157,279,669,426,243,62,58,4,519,328,191,1,1,0,87,39,48,666,424,242,62,58,4,519,328,191,1,1,0,84,37,47,3,2,1,0,0,0,0,0,0,0,0,0,3,2,1,2298,802,1496
29,567,0080,606694,0000,000000,KARNATAKA,Davanagere,VILLAGE,Giddenahalli,Rural,5,18,11,7,0,0,0,0,0,0,0,0,0,15,9,6,3,2,1,7,7,0,7,7,0,7,7,0,0,0,0,0,0,0,0,0,0,0,0,0,0,0,0,0,0,0,0,0,0,0,0,0,0,0,0,0,0,0,0,0,0,0,0,0,0,0,0,0,0,0,0,0,0,0,0,0,0,0,0,0,0,0,11,4,7
29,567,0080,606695,0000,000000,KARNATAKA,Davanagere,VILLAGE,Kandagal,Rural,1049,4512,2278,2234,430,220,210,615,314,301,753,366,387,3031,1663,1368,1481,615,866,2139,1451,688,1566,1116,450,807,697,110,599,296,303,12,11,1,148,112,36,573,335,238,48,39,9,472,256,216,8,7,1,45,33,12,396,257,139,44,38,6,303,180,123,8,7,1,41,32,9,177,78,99,4,1,3,169,76,93,0,0,0,4,1,3,2373,827,1546
29,567,0080,606696,0000,000000,KARNATAKA,Davanagere,VILLAGE,Kodihalli,Rural,305,1247,620,627,112,60,52,122,60,62,667,328,339,801,428,373,446,192,254,575,384,191,471,320,151,236,193,43,176,92,84,3,3,0,56,32,24,104,64,40,0,0,0,83,49,34,2,1,1,19,14,5,100,62,38,0,0,0,82,49,33,1,0,1,17,13,4,4,2,2,0,0,0,1,0,1,1,1,0,2,1,1,672,236,436
29,567,0080,606697,0000,000000,KARNATAKA,Davanagere,VILLAGE,Malalakere,Rural,624,2794,1444,1350,250,155,95,356,188,168,698,348,350,1936,1062,874,858,382,476,1569,881,688,1254,814,440,655,493,162,436,235,201,6,3,3,157,83,74,315,67,248,11,5,6,263,43,220,5,3,2,36,16,20,300,63,237,10,5,5,255,42,213,4,3,1,31,13,18,15,4,11,1,0,1,8,1,7,1,0,1,5,3,2,1225,563,662
29,567,0080,606698,0000,000000,KARNATAKA,Davanagere,VILLAGE,Dyamenahalli,Rural,182,811,406,405,94,56,38,136,65,71,122,61,61,520,288,232,291,118,173,306,226,80,197,160,37,92,91,1,50,26,24,3,3,0,52,40,12,109,66,43,0,0,0,107,64,43,0,0,0,2,2,0,108,66,42,0,0,0,106,64,42,0,0,0,2,2,0,1,0,1,0,0,0,1,0,1,0,0,0,0,0,0,505,180,325
29,567,0080,606699,0000,000000,KARNATAKA,Davanagere,VILLAGE,Bada,Rural,790,3639,1820,1819,447,229,218,709,346,363,387,183,204,2354,1275,1079,1285,545,740,1546,1095,451,1516,1076,440,537,489,48,657,329,328,12,9,3,310,249,61,30,19,11,2,2,0,6,3,3,1,0,1,21,14,7,29,18,11,2,2,0,6,3,3,1,0,1,20,13,7,1,1,0,0,0,0,0,0,0,0,0,0,1,1,0,2093,725,1368
29,567,0080,606700,0000,000000,KARNATAKA,Davanagere,VILLAGE,Vitalapura,Rural,110,488,245,243,49,31,18,42,21,21,357,180,177,342,182,160,146,63,83,202,152,50,198,148,50,93,92,1,92,48,44,2,0,2,11,8,3,4,4,0,0,0,0,0,0,0,1,1,0,3,3,0,4,4,0,0,0,0,0,0,0,1,1,0,3,3,0,0,0,0,0,0,0,0,0,0,0,0,0,0,0,0,286,93,193
29,567,0080,606701,0000,000000,KARNATAKA,Davanagere,VILLAGE,Vantihal,Rural,60,269,131,138,39,20,19,71,37,34,110,54,56,165,85,80,104,46,58,116,81,35,116,81,35,51,51,0,56,27,29,0,0,0,9,3,6,0,0,0,0,0,0,0,0,0,0,0,0,0,0,0,0,0,0,0,0,0,0,0,0,0,0,0,0,0,0,0,0,0,0,0,0,0,0,0,0,0,0,0,0,0,153,50,103
29,567,0080,606702,0000,000000,KARNATAKA,Davanagere,VILLAGE,Gujjikonda,Rural,0,0,0,0,0,0,0,0,0,0,0,0,0,0,0,0,0,0,0,0,0,0,0,0,0,0,0,0,0,0,0,0,0,0,0,0,0,0,0,0,0,0,0,0,0,0,0,0,0,0,0,0,0,0,0,0,0,0,0,0,0,0,0,0,0,0,0,0,0,0,0,0,0,0,0,0,0,0,0,0,0,0,0,0,0
29,567,0080,606703,0000,000000,KARNATAKA,Davanagere,VILLAGE,Shankaranahalli,Rural,45,170,86,84,22,12,10,69,36,33,19,13,6,113,60,53,57,26,31,83,55,28,80,53,27,24,24,0,53,27,26,0,0,0,3,2,1,3,2,1,0,0,0,3,2,1,0,0,0,0,0,0,3,2,1,0,0,0,3,2,1,0,0,0,0,0,0,0,0,0,0,0,0,0,0,0,0,0,0,0,0,0,87,31,56
29,567,0080,606704,0000,000000,KARNATAKA,Davanagere,VILLAGE,Anaberu,Rural,692,3333,1700,1633,343,168,175,653,330,323,86,46,40,2408,1332,1076,925,368,557,1528,1065,463,921,762,159,686,562,124,60,51,9,30,28,2,145,121,24,607,303,304,28,18,10,363,172,191,59,25,34,157,88,69,415,209,206,20,14,6,360,172,188,4,2,2,31,21,10,192,94,98,8,4,4,3,0,3,55,23,32,126,67,59,1805,635,1170
29,567,0080,606705,0000,000000,KARNATAKA,Davanagere,VILLAGE,Gudlahalli,Rural,0,0,0,0,0,0,0,0,0,0,0,0,0,0,0,0,0,0,0,0,0,0,0,0,0,0,0,0,0,0,0,0,0,0,0,0,0,0,0,0,0,0,0,0,0,0,0,0,0,0,0,0,0,0,0,0,0,0,0,0,0,0,0,0,0,0,0,0,0,0,0,0,0,0,0,0,0,0,0,0,0,0,0,0,0
29,567,0080,606706,0000,000000,KARNATAKA,Davanagere,VILLAGE,Nalkunda,Rural,516,2233,1125,1108,233,123,110,791,387,404,388,204,184,1452,818,634,781,307,474,1191,693,498,1189,692,497,542,364,178,585,288,297,9,9,0,53,31,22,2,1,1,2,1,1,0,0,0,0,0,0,0,0,0,1,0,1,1,0,1,0,0,0,0,0,0,0,0,0,1,1,0,1,1,0,0,0,0,0,0,0,0,0,0,1042,432,610
29,567,0080,606707,0000,000000,KARNATAKA,Davanagere,VILLAGE,Kyatanahalli,Rural,171,677,336,341,62,33,29,73,37,36,14,5,9,460,263,197,217,73,144,472,240,232,222,195,27,166,149,17,42,34,8,1,1,0,13,11,2,250,45,205,3,0,3,246,44,202,0,0,0,1,1,0,248,44,204,3,0,3,244,43,201,0,0,0,1,1,0,2,1,1,0,0,0,2,1,1,0,0,0,0,0,0,205,96,109
29,567,0081,000000,0000,000000,KARNATAKA,Davanagere,CD BLOCK,Honnali ,Total,46699,215278,109265,106013,22533,11461,11072,50373,25500,24873,16535,8378,8157,144641,81010,63631,70637,28255,42382,102668,68483,34185,80635,59030,21605,34567,29385,5182,29979,17657,12322,1494,1096,398,14595,10892,3703,22033,9453,12580,2487,1078,1409,13924,5711,8213,899,302,597,4723,2362,2361,20065,8712,11353,2120,999,1121,13006,5360,7646,747,254,493,4192,2099,2093,1968,741,1227,367,79,288,918,351,567,152,48,104,531,263,268,112610,40782,71828
29,567,0081,000000,0000,000000,KARNATAKA,Davanagere,CD BLOCK,Honnali ,Rural,46699,215278,109265,106013,22533,11461,11072,50373,25500,24873,16535,8378,8157,144641,81010,63631,70637,28255,42382,102668,68483,34185,80635,59030,21605,34567,29385,5182,29979,17657,12322,1494,1096,398,14595,10892,3703,22033,9453,12580,2487,1078,1409,13924,5711,8213,899,302,597,4723,2362,2361,20065,8712,11353,2120,999,1121,13006,5360,7646,747,254,493,4192,2099,2093,1968,741,1227,367,79,288,918,351,567,152,48,104,531,263,268,112610,40782,71828
29,567,0081,000000,0000,000000,KARNATAKA,Davanagere,CD BLOCK,Honnali ,Urban,0,0,0,0,0,0,0,0,0,0,0,0,0,0,0,0,0,0,0,0,0,0,0,0,0,0,0,0,0,0,0,0,0,0,0,0,0,0,0,0,0,0,0,0,0,0,0,0,0,0,0,0,0,0,0,0,0,0,0,0,0,0,0,0,0,0,0,0,0,0,0,0,0,0,0,0,0,0,0,0,0,0,0,0,0
29,567,0081,606708,0000,000000,KARNATAKA,Davanagere,VILLAGE,Naraginakere,Rural,43,150,78,72,24,11,13,41,20,21,0,0,0,56,40,16,94,38,56,89,57,32,89,57,32,8,7,1,80,49,31,0,0,0,1,1,0,0,0,0,0,0,0,0,0,0,0,0,0,0,0,0,0,0,0,0,0,0,0,0,0,0,0,0,0,0,0,0,0,0,0,0,0,0,0,0,0,0,0,0,0,0,61,21,40
29,567,0081,606709,0000,000000,KARNATAKA,Davanagere,VILLAGE,Hosakoppa,Rural,92,367,179,188,39,19,20,43,23,20,14,10,4,237,132,105,130,47,83,126,103,23,126,103,23,45,44,1,77,56,21,0,0,0,4,3,1,0,0,0,0,0,0,0,0,0,0,0,0,0,0,0,0,0,0,0,0,0,0,0,0,0,0,0,0,0,0,0,0,0,0,0,0,0,0,0,0,0,0,0,0,0,241,76,165
29,567,0081,606710,0000,000000,KARNATAKA,Davanagere,VILLAGE,Kullahalli,Rural,1,2,1,1,0,0,0,0,0,0,0,0,0,2,1,1,0,0,0,1,1,0,1,1,0,1,1,0,0,0,0,0,0,0,0,0,0,0,0,0,0,0,0,0,0,0,0,0,0,0,0,0,0,0,0,0,0,0,0,0,0,0,0,0,0,0,0,0,0,0,0,0,0,0,0,0,0,0,0,0,0,0,1,0,1
29,567,0081,606711,0000,000000,KARNATAKA,Davanagere,VILLAGE,Guddehalli,Rural,394,1740,861,879,201,102,99,533,259,274,5,2,3,1063,586,477,677,275,402,785,600,185,541,524,17,255,255,0,220,211,9,7,7,0,59,51,8,244,76,168,1,0,1,225,67,158,1,0,1,17,9,8,244,76,168,1,0,1,225,67,158,1,0,1,17,9,8,0,0,0,0,0,0,0,0,0,0,0,0,0,0,0,955,261,694
29,567,0081,606712,0000,000000,KARNATAKA,Davanagere,VILLAGE,Jeenahalli,Rural,490,2136,1055,1081,173,85,88,272,128,144,45,26,19,1479,821,658,657,234,423,1027,633,394,650,510,140,336,289,47,175,112,63,16,14,2,123,95,28,377,123,254,25,10,15,171,77,94,10,3,7,171,33,138,347,115,232,20,9,11,162,74,88,8,3,5,157,29,128,30,8,22,5,1,4,9,3,6,2,0,2,14,4,10,1109,422,687
29,567,0081,606713,0000,000000,KARNATAKA,Davanagere,VILLAGE,Belaguthi,Rural,1200,5492,2826,2666,457,229,228,928,472,456,43,17,26,3856,2188,1668,1636,638,998,2486,1843,643,2098,1645,453,936,777,159,728,545,183,23,23,0,411,300,111,388,198,190,32,17,15,280,127,153,4,1,3,72,53,19,372,194,178,30,15,15,269,126,143,4,1,3,69,52,17,16,4,12,2,2,0,11,1,10,0,0,0,3,1,2,3006,983,2023
29,567,0081,606714,0000,000000,KARNATAKA,Davanagere,VILLAGE,Thirtharampura,Rural,8,26,16,10,1,1,0,26,16,10,0,0,0,16,12,4,10,4,6,14,9,5,14,9,5,1,1,0,12,8,4,0,0,0,1,0,1,0,0,0,0,0,0,0,0,0,0,0,0,0,0,0,0,0,0,0,0,0,0,0,0,0,0,0,0,0,0,0,0,0,0,0,0,0,0,0,0,0,0,0,0,0,12,7,5
29,567,0081,606715,0000,000000,KARNATAKA,Davanagere,VILLAGE,Kyathinkoppa,Rural,9,29,17,12,3,2,1,13,9,4,0,0,0,17,10,7,12,7,5,18,14,4,14,11,3,8,7,1,5,3,2,0,0,0,1,1,0,4,3,1,0,0,0,1,0,1,0,0,0,3,3,0,4,3,1,0,0,0,1,0,1,0,0,0,3,3,0,0,0,0,0,0,0,0,0,0,0,0,0,0,0,0,11,3,8
29,567,0081,606716,0000,000000,KARNATAKA,Davanagere,VILLAGE,Siddapura,Rural,49,194,95,99,36,15,21,176,85,91,0,0,0,91,52,39,103,43,60,101,69,32,54,44,10,3,2,1,45,37,8,0,0,0,6,5,1,47,25,22,4,4,0,8,3,5,0,0,0,35,18,17,47,25,22,4,4,0,8,3,5,0,0,0,35,18,17,0,0,0,0,0,0,0,0,0,0,0,0,0,0,0,93,26,67
29,567,0081,606717,0000,000000,KARNATAKA,Davanagere,VILLAGE,Joga,Rural,528,2398,1227,1171,292,149,143,937,480,457,175,93,82,1519,824,695,879,403,476,953,765,188,723,655,68,397,394,3,279,230,49,2,2,0,45,29,16,230,110,120,80,27,53,137,73,64,0,0,0,13,10,3,129,85,44,35,21,14,84,57,27,0,0,0,10,7,3,101,25,76,45,6,39,53,16,37,0,0,0,3,3,0,1445,462,983
29,567,0081,606718,0000,000000,KARNATAKA,Davanagere,VILLAGE,Belalakatte,Rural,93,375,188,187,40,17,23,294,146,148,30,17,13,210,127,83,165,61,104,191,127,64,157,114,43,61,46,15,32,20,12,0,0,0,64,48,16,34,13,21,5,3,2,12,1,11,0,0,0,17,9,8,28,12,16,4,3,1,9,1,8,0,0,0,15,8,7,6,1,5,1,0,1,3,0,3,0,0,0,2,1,1,184,61,123
29,567,0081,606719,0000,000000,KARNATAKA,Davanagere,VILLAGE,Gundichatnahalli,Rural,16,70,34,36,13,4,9,24,12,12,0,0,0,24,15,9,46,19,27,35,21,14,32,21,11,18,13,5,7,3,4,0,0,0,7,5,2,3,0,3,0,0,0,3,0,3,0,0,0,0,0,0,3,0,3,0,0,0,3,0,3,0,0,0,0,0,0,0,0,0,0,0,0,0,0,0,0,0,0,0,0,0,35,13,22
29,567,0081,606720,0000,000000,KARNATAKA,Davanagere,VILLAGE,Savagondanahalli,Rural,0,0,0,0,0,0,0,0,0,0,0,0,0,0,0,0,0,0,0,0,0,0,0,0,0,0,0,0,0,0,0,0,0,0,0,0,0,0,0,0,0,0,0,0,0,0,0,0,0,0,0,0,0,0,0,0,0,0,0,0,0,0,0,0,0,0,0,0,0,0,0,0,0,0,0,0,0,0,0,0,0,0,0,0,0
29,567,0081,606721,0000,000000,KARNATAKA,Davanagere,VILLAGE,Arekatte,Rural,0,0,0,0,0,0,0,0,0,0,0,0,0,0,0,0,0,0,0,0,0,0,0,0,0,0,0,0,0,0,0,0,0,0,0,0,0,0,0,0,0,0,0,0,0,0,0,0,0,0,0,0,0,0,0,0,0,0,0,0,0,0,0,0,0,0,0,0,0,0,0,0,0,0,0,0,0,0,0,0,0,0,0,0,0
29,567,0081,606722,0000,000000,KARNATAKA,Davanagere,VILLAGE,Suragondanakoppa,Rural,274,1139,575,564,100,46,54,419,195,224,0,0,0,781,449,332,358,126,232,536,380,156,284,247,37,216,201,15,22,11,11,6,5,1,40,30,10,252,133,119,16,12,4,222,108,114,0,0,0,14,13,1,251,132,119,16,12,4,222,108,114,0,0,0,13,12,1,1,1,0,0,0,0,0,0,0,0,0,0,1,1,0,603,195,408
29,567,0081,606723,0000,000000,KARNATAKA,Davanagere,VILLAGE,Lakkienkoppa,Rural,21,78,44,34,5,2,3,66,38,28,0,0,0,44,28,16,34,16,18,29,27,2,25,24,1,21,21,0,4,3,1,0,0,0,0,0,0,4,3,1,2,2,0,1,0,1,0,0,0,1,1,0,4,3,1,2,2,0,1,0,1,0,0,0,1,1,0,0,0,0,0,0,0,0,0,0,0,0,0,0,0,0,49,17,32
29,567,0081,606724,0000,000000,KARNATAKA,Davanagere,VILLAGE,Chinnikatte,Rural,346,1564,788,776,225,123,102,123,57,66,375,187,188,993,517,476,571,271,300,548,485,63,532,477,55,251,248,3,241,200,41,6,6,0,34,23,11,16,8,8,5,4,1,7,3,4,0,0,0,4,1,3,16,8,8,5,4,1,7,3,4,0,0,0,4,1,3,0,0,0,0,0,0,0,0,0,0,0,0,0,0,0,1016,303,713
29,567,0081,606725,0000,000000,KARNATAKA,Davanagere,VILLAGE,Bidarahalli,Rural,180,784,394,390,86,43,43,468,232,236,1,0,1,446,249,197,338,145,193,427,253,174,409,246,163,153,120,33,246,121,125,0,0,0,10,5,5,18,7,11,1,1,0,15,4,11,0,0,0,2,2,0,15,7,8,1,1,0,12,4,8,0,0,0,2,2,0,3,0,3,0,0,0,3,0,3,0,0,0,0,0,0,357,141,216
29,567,0081,606726,0000,000000,KARNATAKA,Davanagere,VILLAGE,Yallapura,Rural,1,4,2,2,0,0,0,0,0,0,0,0,0,4,2,2,0,0,0,2,2,0,2,2,0,2,2,0,0,0,0,0,0,0,0,0,0,0,0,0,0,0,0,0,0,0,0,0,0,0,0,0,0,0,0,0,0,0,0,0,0,0,0,0,0,0,0,0,0,0,0,0,0,0,0,0,0,0,0,0,0,0,2,0,2
29,567,0081,606727,0000,000000,KARNATAKA,Davanagere,VILLAGE,Israpura,Rural,0,0,0,0,0,0,0,0,0,0,0,0,0,0,0,0,0,0,0,0,0,0,0,0,0,0,0,0,0,0,0,0,0,0,0,0,0,0,0,0,0,0,0,0,0,0,0,0,0,0,0,0,0,0,0,0,0,0,0,0,0,0,0,0,0,0,0,0,0,0,0,0,0,0,0,0,0,0,0,0,0,0,0,0,0
29,567,0081,606728,0000,000000,KARNATAKA,Davanagere,VILLAGE,Rameswara,Rural,341,1591,806,785,161,84,77,86,42,44,141,66,75,1166,646,520,425,160,265,555,476,79,529,462,67,230,225,5,209,155,54,5,4,1,85,78,7,26,14,12,3,2,1,5,3,2,12,5,7,6,4,2,26,14,12,3,2,1,5,3,2,12,5,7,6,4,2,0,0,0,0,0,0,0,0,0,0,0,0,0,0,0,1036,330,706
29,567,0081,606729,0000,000000,KARNATAKA,Davanagere,VILLAGE,Yaraganal,Rural,329,1420,723,697,151,74,77,235,119,116,111,65,46,960,564,396,460,159,301,768,468,300,389,366,23,294,290,4,34,25,9,1,1,0,60,50,10,379,102,277,8,4,4,344,83,261,11,5,6,16,10,6,377,101,276,8,4,4,343,83,260,11,5,6,15,9,6,2,1,1,0,0,0,1,0,1,0,0,0,1,1,0,652,255,397
29,567,0081,606730,0000,000000,KARNATAKA,Davanagere,VILLAGE,Madapura,Rural,207,982,500,482,108,54,54,509,259,250,171,78,93,545,323,222,437,177,260,497,304,193,492,303,189,215,180,35,246,99,147,2,2,0,29,22,7,5,1,4,2,1,1,0,0,0,0,0,0,3,0,3,5,1,4,2,1,1,0,0,0,0,0,0,3,0,3,0,0,0,0,0,0,0,0,0,0,0,0,0,0,0,485,196,289
29,567,0081,606731,0000,000000,KARNATAKA,Davanagere,VILLAGE,Machagondanahalli,Rural,168,693,347,346,66,37,29,546,263,283,3,1,2,394,219,175,299,128,171,397,213,184,380,211,169,121,118,3,230,74,156,0,0,0,29,19,10,17,2,15,6,0,6,10,1,9,0,0,0,1,1,0,16,2,14,6,0,6,9,1,8,0,0,0,1,1,0,1,0,1,0,0,0,1,0,1,0,0,0,0,0,0,296,134,162
29,567,0081,606732,0000,000000,KARNATAKA,Davanagere,VILLAGE,Sovalanga,Rural,524,2216,1108,1108,269,134,135,589,293,296,13,6,7,1565,847,718,651,261,390,826,668,158,488,419,69,94,84,10,21,12,9,40,36,4,333,287,46,338,249,89,15,12,3,118,68,50,16,12,4,189,157,32,332,244,88,15,12,3,118,68,50,16,12,4,183,152,31,6,5,1,0,0,0,0,0,0,0,0,0,6,5,1,1390,440,950
29,567,0081,606733,0000,000000,KARNATAKA,Davanagere,VILLAGE,Kodatalu,Rural,194,932,480,452,114,58,56,490,250,240,11,5,6,539,321,218,393,159,234,517,309,208,334,223,111,174,119,55,109,63,46,13,8,5,38,33,5,183,86,97,2,2,0,42,36,6,102,21,81,37,27,10,97,46,51,2,2,0,24,21,3,59,15,44,12,8,4,86,40,46,0,0,0,18,15,3,43,6,37,25,19,6,415,171,244
29,567,0081,606734,0000,000000,KARNATAKA,Davanagere,VILLAGE,Kudurekonda,Rural,110,523,259,264,57,30,27,10,6,4,325,155,170,314,172,142,209,87,122,285,184,101,172,154,18,101,100,1,35,23,12,0,0,0,36,31,5,113,30,83,37,5,32,52,12,40,0,0,0,24,13,11,89,22,67,30,5,25,42,9,33,0,0,0,17,8,9,24,8,16,7,0,7,10,3,7,0,0,0,7,5,2,238,75,163
29,567,0081,606735,0000,000000,KARNATAKA,Davanagere,VILLAGE,Surahonne,Rural,1232,5446,2764,2682,598,308,290,476,236,240,394,185,209,3895,2153,1742,1551,611,940,2192,1679,513,2059,1597,462,654,549,105,501,289,212,66,53,13,838,706,132,133,82,51,3,1,2,33,11,22,21,14,7,76,56,20,122,74,48,3,1,2,33,11,22,20,13,7,66,49,17,11,8,3,0,0,0,0,0,0,1,1,0,10,7,3,3254,1085,2169
29,567,0081,606736,0000,000000,KARNATAKA,Davanagere,VILLAGE,Nyamati,Rural,2082,9288,4676,4612,897,450,447,1028,546,482,1362,673,689,7084,3771,3313,2204,905,1299,3834,2965,869,3426,2699,727,609,560,49,980,647,333,164,138,26,1673,1354,319,408,266,142,21,13,8,46,19,27,39,18,21,302,216,86,394,260,134,21,13,8,42,16,26,37,18,19,294,213,81,14,6,8,0,0,0,4,3,1,2,0,2,8,3,5,5454,1711,3743
29,567,0081,606737,0000,000000,KARNATAKA,Davanagere,VILLAGE,Basavapura,Rural,0,0,0,0,0,0,0,0,0,0,0,0,0,0,0,0,0,0,0,0,0,0,0,0,0,0,0,0,0,0,0,0,0,0,0,0,0,0,0,0,0,0,0,0,0,0,0,0,0,0,0,0,0,0,0,0,0,0,0,0,0,0,0,0,0,0,0,0,0,0,0,0,0,0,0,0,0,0,0,0,0,0,0,0,0
29,567,0081,606738,0000,000000,KARNATAKA,Davanagere,VILLAGE,Danihalli,Rural,331,1498,777,721,133,77,56,535,272,263,0,0,0,1123,620,503,375,157,218,569,433,136,490,372,118,194,183,11,109,63,46,152,100,52,35,26,9,79,61,18,10,7,3,41,31,10,4,3,1,24,20,4,47,32,15,5,3,2,30,20,10,1,0,1,11,9,2,32,29,3,5,4,1,11,11,0,3,3,0,13,11,2,929,344,585
29,567,0081,606739,0000,000000,KARNATAKA,Davanagere,VILLAGE,Doddethenahalli,Rural,368,1615,830,785,168,94,74,237,124,113,86,44,42,1041,595,446,574,235,339,686,504,182,616,498,118,255,241,14,285,197,88,3,3,0,73,57,16,70,6,64,1,0,1,63,3,60,0,0,0,6,3,3,69,6,63,1,0,1,62,3,59,0,0,0,6,3,3,1,0,1,0,0,0,1,0,1,0,0,0,0,0,0,929,326,603
29,567,0081,606740,0000,000000,KARNATAKA,Davanagere,VILLAGE,Chikkethinahalli,Rural,0,0,0,0,0,0,0,0,0,0,0,0,0,0,0,0,0,0,0,0,0,0,0,0,0,0,0,0,0,0,0,0,0,0,0,0,0,0,0,0,0,0,0,0,0,0,0,0,0,0,0,0,0,0,0,0,0,0,0,0,0,0,0,0,0,0,0,0,0,0,0,0,0,0,0,0,0,0,0,0,0,0,0,0,0
29,567,0081,606741,0000,000000,KARNATAKA,Davanagere,VILLAGE,Kodikoppa,Rural,38,207,114,93,24,12,12,0,0,0,11,6,5,180,102,78,27,12,15,78,70,8,74,66,8,54,52,2,0,0,0,0,0,0,20,14,6,4,4,0,0,0,0,0,0,0,0,0,0,4,4,0,4,4,0,0,0,0,0,0,0,0,0,0,4,4,0,0,0,0,0,0,0,0,0,0,0,0,0,0,0,0,129,44,85
29,567,0081,606742,0000,000000,KARNATAKA,Davanagere,VILLAGE,Devekoppa,Rural,0,0,0,0,0,0,0,0,0,0,0,0,0,0,0,0,0,0,0,0,0,0,0,0,0,0,0,0,0,0,0,0,0,0,0,0,0,0,0,0,0,0,0,0,0,0,0,0,0,0,0,0,0,0,0,0,0,0,0,0,0,0,0,0,0,0,0,0,0,0,0,0,0,0,0,0,0,0,0,0,0,0,0,0,0
29,567,0081,606743,0000,000000,KARNATAKA,Davanagere,VILLAGE,Salubalu,Rural,67,339,186,153,47,22,25,339,186,153,0,0,0,195,130,65,144,56,88,145,103,42,86,70,16,7,7,0,53,40,13,0,0,0,26,23,3,59,33,26,1,1,0,33,11,22,0,0,0,25,21,4,47,25,22,1,1,0,28,10,18,0,0,0,18,14,4,12,8,4,0,0,0,5,1,4,0,0,0,7,7,0,194,83,111
29,567,0081,606744,0000,000000,KARNATAKA,Davanagere,VILLAGE,Veerapura,Rural,0,0,0,0,0,0,0,0,0,0,0,0,0,0,0,0,0,0,0,0,0,0,0,0,0,0,0,0,0,0,0,0,0,0,0,0,0,0,0,0,0,0,0,0,0,0,0,0,0,0,0,0,0,0,0,0,0,0,0,0,0,0,0,0,0,0,0,0,0,0,0,0,0,0,0,0,0,0,0,0,0,0,0,0,0
29,567,0081,606745,0000,000000,KARNATAKA,Davanagere,VILLAGE,Sogilu,Rural,442,2003,1030,973,204,103,101,910,464,446,56,31,25,1504,821,683,499,209,290,1145,643,502,535,420,115,366,344,22,150,62,88,0,0,0,19,14,5,610,223,387,43,19,24,557,200,357,1,1,0,9,3,6,610,223,387,43,19,24,557,200,357,1,1,0,9,3,6,0,0,0,0,0,0,0,0,0,0,0,0,0,0,0,858,387,471
29,567,0081,606746,0000,000000,KARNATAKA,Davanagere,VILLAGE,Manganakoppa,Rural,17,81,39,42,5,4,1,0,0,0,0,0,0,65,32,33,16,7,9,32,24,8,31,24,7,17,15,2,7,5,2,1,1,0,6,3,3,1,0,1,0,0,0,1,0,1,0,0,0,0,0,0,0,0,0,0,0,0,0,0,0,0,0,0,0,0,0,1,0,1,0,0,0,1,0,1,0,0,0,0,0,0,49,15,34
29,567,0081,606747,0000,000000,KARNATAKA,Davanagere,VILLAGE,Chatnahalli,Rural,373,1848,980,868,174,90,84,172,111,61,296,152,144,1377,797,580,471,183,288,910,604,306,872,585,287,610,430,180,166,85,81,26,15,11,70,55,15,38,19,19,22,10,12,13,6,7,1,1,0,2,2,0,35,16,19,21,9,12,12,5,7,0,0,0,2,2,0,3,3,0,1,1,0,1,1,0,1,1,0,0,0,0,938,376,562
29,567,0081,606748,0000,000000,KARNATAKA,Davanagere,VILLAGE,Ganjeenahalli,Rural,210,1018,514,504,93,48,45,154,85,69,150,77,73,658,390,268,360,124,236,477,311,166,403,270,133,117,110,7,240,124,116,2,1,1,44,35,9,74,41,33,0,0,0,54,30,24,3,2,1,17,9,8,62,36,26,0,0,0,49,26,23,2,2,0,11,8,3,12,5,7,0,0,0,5,4,1,1,0,1,6,1,5,541,203,338
29,567,0081,606749,0000,000000,KARNATAKA,Davanagere,VILLAGE,Kenchiganahalli,Rural,51,220,115,105,26,10,16,1,1,0,3,2,1,184,102,82,36,13,23,81,75,6,76,70,6,54,54,0,1,1,0,2,2,0,19,13,6,5,5,0,0,0,0,0,0,0,0,0,0,5,5,0,5,5,0,0,0,0,0,0,0,0,0,0,5,5,0,0,0,0,0,0,0,0,0,0,0,0,0,0,0,0,139,40,99
29,567,0081,606750,0000,000000,KARNATAKA,Davanagere,VILLAGE,Palavanahalli,Rural,352,1744,879,865,217,100,117,572,286,286,17,9,8,1079,613,466,665,266,399,743,567,176,729,561,168,416,386,30,264,136,128,2,2,0,47,37,10,14,6,8,3,1,2,4,0,4,0,0,0,7,5,2,13,5,8,3,1,2,4,0,4,0,0,0,6,4,2,1,1,0,0,0,0,0,0,0,0,0,0,1,1,0,1001,312,689
29,567,0081,606751,0000,000000,KARNATAKA,Davanagere,VILLAGE,Mussenalu,Rural,173,695,346,349,94,47,47,668,334,334,17,7,10,306,188,118,389,158,231,360,229,131,355,226,129,156,103,53,181,109,72,0,0,0,18,14,4,5,3,2,1,0,1,0,0,0,0,0,0,4,3,1,5,3,2,1,0,1,0,0,0,0,0,0,4,3,1,0,0,0,0,0,0,0,0,0,0,0,0,0,0,0,335,117,218
29,567,0081,606752,0000,000000,KARNATAKA,Davanagere,VILLAGE,Dasarahatti,Rural,0,0,0,0,0,0,0,0,0,0,0,0,0,0,0,0,0,0,0,0,0,0,0,0,0,0,0,0,0,0,0,0,0,0,0,0,0,0,0,0,0,0,0,0,0,0,0,0,0,0,0,0,0,0,0,0,0,0,0,0,0,0,0,0,0,0,0,0,0,0,0,0,0,0,0,0,0,0,0,0,0,0,0,0,0
29,567,0081,606753,0000,000000,KARNATAKA,Davanagere,VILLAGE,Kallukatte,Rural,0,0,0,0,0,0,0,0,0,0,0,0,0,0,0,0,0,0,0,0,0,0,0,0,0,0,0,0,0,0,0,0,0,0,0,0,0,0,0,0,0,0,0,0,0,0,0,0,0,0,0,0,0,0,0,0,0,0,0,0,0,0,0,0,0,0,0,0,0,0,0,0,0,0,0,0,0,0,0,0,0,0,0,0,0
29,567,0081,606754,0000,000000,KARNATAKA,Davanagere,VILLAGE,Kunkova,Rural,462,2237,1158,1079,202,102,100,327,171,156,503,278,225,1625,916,709,612,242,370,886,746,140,328,299,29,261,250,11,7,5,2,5,3,2,55,41,14,558,447,111,173,163,10,355,263,92,2,2,0,28,19,9,550,444,106,173,163,10,350,260,90,2,2,0,25,19,6,8,3,5,0,0,0,5,3,2,0,0,0,3,0,3,1351,412,939
29,567,0081,606755,0000,000000,KARNATAKA,Davanagere,VILLAGE,Vaderahathur,Rural,345,1653,847,806,172,83,89,252,127,125,185,86,99,1149,641,508,504,206,298,791,496,295,547,309,238,84,69,15,393,208,185,6,4,2,64,28,36,244,187,57,105,99,6,98,61,37,19,16,3,22,11,11,190,142,48,103,97,6,60,29,31,14,12,2,13,4,9,54,45,9,2,2,0,38,32,6,5,4,1,9,7,2,862,351,511
29,567,0081,606756,0000,000000,KARNATAKA,Davanagere,VILLAGE,Kooganahalli,Rural,138,585,308,277,71,44,27,583,306,277,1,1,0,391,233,158,194,75,119,306,187,119,98,75,23,16,11,5,67,52,15,2,2,0,13,10,3,208,112,96,52,24,28,119,64,55,5,3,2,32,21,11,205,111,94,52,24,28,117,63,54,5,3,2,31,21,10,3,1,2,0,0,0,2,1,1,0,0,0,1,0,1,279,121,158
29,567,0081,606757,0000,000000,KARNATAKA,Davanagere,VILLAGE,Gadikatte,Rural,133,604,317,287,63,33,30,49,29,20,284,148,136,418,239,179,186,78,108,381,212,169,359,203,156,160,109,51,150,68,82,3,1,2,46,25,21,22,9,13,6,1,5,3,1,2,1,1,0,12,6,6,22,9,13,6,1,5,3,1,2,1,1,0,12,6,6,0,0,0,0,0,0,0,0,0,0,0,0,0,0,0,223,105,118
29,567,0081,606758,0000,000000,KARNATAKA,Davanagere,VILLAGE,Kathige,Rural,419,1898,947,951,196,95,101,142,66,76,180,93,87,1328,754,574,570,193,377,776,612,164,664,593,71,343,333,10,238,190,48,6,6,0,77,64,13,112,19,93,88,9,79,20,8,12,1,0,1,3,2,1,106,16,90,84,7,77,18,7,11,1,0,1,3,2,1,6,3,3,4,2,2,2,1,1,0,0,0,0,0,0,1122,335,787
29,567,0081,606759,0000,000000,KARNATAKA,Davanagere,VILLAGE,Madenahalli,Rural,336,1610,818,792,147,84,63,297,141,156,81,41,40,1086,630,456,524,188,336,761,525,236,592,461,131,311,276,35,125,55,70,0,0,0,156,130,26,169,64,105,94,21,73,27,15,12,5,1,4,43,27,16,169,64,105,94,21,73,27,15,12,5,1,4,43,27,16,0,0,0,0,0,0,0,0,0,0,0,0,0,0,0,849,293,556
29,567,0081,606760,0000,000000,KARNATAKA,Davanagere,VILLAGE,Boodihalu,Rural,0,0,0,0,0,0,0,0,0,0,0,0,0,0,0,0,0,0,0,0,0,0,0,0,0,0,0,0,0,0,0,0,0,0,0,0,0,0,0,0,0,0,0,0,0,0,0,0,0,0,0,0,0,0,0,0,0,0,0,0,0,0,0,0,0,0,0,0,0,0,0,0,0,0,0,0,0,0,0,0,0,0,0,0,0
29,567,0081,606761,0000,000000,KARNATAKA,Davanagere,VILLAGE,Thuglahalli,Rural,76,350,176,174,19,9,10,48,20,28,0,0,0,255,149,106,95,27,68,144,112,32,144,112,32,98,84,14,35,22,13,0,0,0,11,6,5,0,0,0,0,0,0,0,0,0,0,0,0,0,0,0,0,0,0,0,0,0,0,0,0,0,0,0,0,0,0,0,0,0,0,0,0,0,0,0,0,0,0,0,0,0,206,64,142
29,567,0081,606762,0000,000000,KARNATAKA,Davanagere,VILLAGE,Kenchikoppa,Rural,423,1975,1017,958,164,92,72,338,173,165,34,15,19,1444,815,629,531,202,329,857,680,177,591,538,53,355,342,13,148,119,29,15,15,0,73,62,11,266,142,124,15,7,8,235,122,113,2,2,0,14,11,3,265,141,124,15,7,8,235,122,113,2,2,0,13,10,3,1,1,0,0,0,0,0,0,0,0,0,0,1,1,0,1118,337,781
29,567,0081,606763,0000,000000,KARNATAKA,Davanagere,VILLAGE,Arundi,Rural,509,2256,1148,1108,190,93,97,119,60,59,433,210,223,1430,824,606,826,324,502,1086,769,317,1058,752,306,660,480,180,184,90,94,33,29,4,181,153,28,28,17,11,9,4,5,6,3,3,1,1,0,12,9,3,25,15,10,8,4,4,5,2,3,1,1,0,11,8,3,3,2,1,1,0,1,1,1,0,0,0,0,1,1,0,1170,379,791
29,567,0081,606764,0000,000000,KARNATAKA,Davanagere,VILLAGE,Kodachagondanahalli,Rural,154,710,352,358,44,23,21,38,16,22,11,7,4,530,295,235,180,57,123,312,252,60,299,247,52,192,185,7,84,47,37,1,1,0,22,14,8,13,5,8,1,0,1,11,4,7,0,0,0,1,1,0,10,5,5,1,0,1,8,4,4,0,0,0,1,1,0,3,0,3,0,0,0,3,0,3,0,0,0,0,0,0,398,100,298
29,567,0081,606765,0000,000000,KARNATAKA,Davanagere,VILLAGE,Madanabhavi,Rural,375,1905,993,912,193,96,97,192,99,93,30,17,13,1046,673,373,859,320,539,788,571,217,746,553,193,260,228,32,368,224,144,5,4,1,113,97,16,42,18,24,6,2,4,23,7,16,0,0,0,13,9,4,38,15,23,5,1,4,21,6,15,0,0,0,12,8,4,4,3,1,1,1,0,2,1,1,0,0,0,1,1,0,1117,422,695
29,567,0081,606766,0000,000000,KARNATAKA,Davanagere,VILLAGE,Arabagatte,Rural,657,3121,1598,1523,324,144,180,346,169,177,2,1,1,2001,1216,785,1120,382,738,1669,1024,645,1286,856,430,505,406,99,478,203,275,11,7,4,292,240,52,383,168,215,23,6,17,279,134,145,11,5,6,70,23,47,316,146,170,22,5,17,254,122,132,4,3,1,36,16,20,67,22,45,1,1,0,25,12,13,7,2,5,34,7,27,1452,574,878
29,567,0081,606767,0000,000000,KARNATAKA,Davanagere,VILLAGE,Soratur,Rural,741,3434,1754,1680,367,186,181,484,252,232,162,89,73,2276,1301,975,1158,453,705,1715,1108,607,1650,1080,570,508,404,104,777,434,343,48,29,19,317,213,104,65,28,37,5,2,3,19,8,11,7,3,4,34,15,19,62,26,36,5,2,3,18,7,11,7,3,4,32,14,18,3,2,1,0,0,0,1,1,0,0,0,0,2,1,1,1719,646,1073
29,567,0081,606768,0000,000000,KARNATAKA,Davanagere,VILLAGE,H.Kadadakatte,Rural,246,1067,541,526,92,51,41,160,71,89,9,5,4,743,429,314,324,112,212,388,303,85,382,299,83,130,127,3,176,115,61,14,14,0,62,43,19,6,4,2,0,0,0,3,2,1,0,0,0,3,2,1,6,4,2,0,0,0,3,2,1,0,0,0,3,2,1,0,0,0,0,0,0,0,0,0,0,0,0,0,0,0,679,238,441
29,567,0081,606769,0000,000000,KARNATAKA,Davanagere,VILLAGE,Hosakatte,Rural,97,434,226,208,39,18,21,98,54,44,41,17,24,338,193,145,96,33,63,263,147,116,252,144,108,95,65,30,27,6,21,1,1,0,129,72,57,11,3,8,0,0,0,5,1,4,0,0,0,6,2,4,11,3,8,0,0,0,5,1,4,0,0,0,6,2,4,0,0,0,0,0,0,0,0,0,0,0,0,0,0,0,171,79,92
29,567,0081,606770,0000,000000,KARNATAKA,Davanagere,VILLAGE,Hathur,Rural,126,563,296,267,54,30,24,0,0,0,0,0,0,397,248,149,166,48,118,365,189,176,363,187,176,346,172,174,0,0,0,0,0,0,17,15,2,2,2,0,1,1,0,0,0,0,0,0,0,1,1,0,2,2,0,1,1,0,0,0,0,0,0,0,1,1,0,0,0,0,0,0,0,0,0,0,0,0,0,0,0,0,198,107,91
29,567,0081,606771,0000,000000,KARNATAKA,Davanagere,VILLAGE,Dodderahalli,Rural,300,1385,700,685,113,57,56,137,65,72,36,18,18,1064,592,472,321,108,213,840,462,378,832,458,374,773,423,350,34,14,20,7,7,0,18,14,4,8,4,4,4,2,2,1,1,0,0,0,0,3,1,2,6,2,4,3,1,2,0,0,0,0,0,0,3,1,2,2,2,0,1,1,0,1,1,0,0,0,0,0,0,0,545,238,307
29,567,0081,606772,0000,000000,KARNATAKA,Davanagere,VILLAGE,Chikkerahalli,Rural,95,397,203,194,34,21,13,8,4,4,0,0,0,297,174,123,100,29,71,240,125,115,132,122,10,105,102,3,11,9,2,3,3,0,13,8,5,108,3,105,18,1,17,88,1,87,0,0,0,2,1,1,107,3,104,18,1,17,87,1,86,0,0,0,2,1,1,1,0,1,0,0,0,1,0,1,0,0,0,0,0,0,157,78,79
29,567,0081,606773,0000,000000,KARNATAKA,Davanagere,VILLAGE,Somanamallapura,Rural,165,798,414,384,93,53,40,144,77,67,0,0,0,580,341,239,218,73,145,457,270,187,391,264,127,193,162,31,90,44,46,8,8,0,100,50,50,66,6,60,25,3,22,11,1,10,1,0,1,29,2,27,66,6,60,25,3,22,11,1,10,1,0,1,29,2,27,0,0,0,0,0,0,0,0,0,0,0,0,0,0,0,341,144,197
29,567,0081,606774,0000,000000,KARNATAKA,Davanagere,VILLAGE,Gopagondanahalli,Rural,391,1877,966,911,209,112,97,339,170,169,26,13,13,1165,684,481,712,282,430,1062,588,474,632,561,71,398,385,13,133,87,46,4,4,0,97,85,12,430,27,403,8,1,7,73,10,63,10,0,10,339,16,323,429,27,402,8,1,7,73,10,63,10,0,10,338,16,322,1,0,1,0,0,0,0,0,0,0,0,0,1,0,1,815,378,437
29,567,0081,606775,0000,000000,KARNATAKA,Davanagere,VILLAGE,Hanumasagara,Rural,390,1882,982,900,251,134,117,1796,940,856,0,0,0,947,578,369,935,404,531,887,546,341,529,386,143,159,140,19,304,196,108,1,1,0,65,49,16,358,160,198,26,9,17,263,90,173,2,2,0,67,59,8,314,141,173,22,7,15,236,83,153,1,1,0,55,50,5,44,19,25,4,2,2,27,7,20,1,1,0,12,9,3,995,436,559
29,567,0081,606776,0000,000000,KARNATAKA,Davanagere,VILLAGE,Konanathale,Rural,328,1601,847,754,165,83,82,310,176,134,1016,523,493,982,588,394,619,259,360,712,578,134,596,529,67,443,403,40,124,107,17,3,2,1,26,17,9,116,49,67,24,17,7,62,16,46,1,0,1,29,16,13,116,49,67,24,17,7,62,16,46,1,0,1,29,16,13,0,0,0,0,0,0,0,0,0,0,0,0,0,0,0,889,269,620
29,567,0081,606777,0000,000000,KARNATAKA,Davanagere,VILLAGE,Haraganahalli,Rural,165,858,412,446,93,40,53,34,17,17,337,158,179,563,323,240,295,89,206,458,274,184,446,267,179,160,135,25,283,130,153,1,1,0,2,1,1,12,7,5,0,0,0,3,1,2,1,0,1,8,6,2,8,4,4,0,0,0,3,1,2,0,0,0,5,3,2,4,3,1,0,0,0,0,0,0,1,0,1,3,3,0,400,138,262
29,567,0081,606778,0000,000000,KARNATAKA,Davanagere,VILLAGE,Hiregonigere,Rural,675,3302,1721,1581,443,219,224,955,492,463,554,291,263,2109,1221,888,1193,500,693,1688,1082,606,1269,897,372,457,435,22,607,328,279,36,23,13,169,111,58,419,185,234,30,27,3,200,114,86,15,8,7,174,36,138,416,185,231,30,27,3,200,114,86,15,8,7,171,36,135,3,0,3,0,0,0,0,0,0,0,0,0,3,0,3,1614,639,975
29,567,0081,606779,0000,000000,KARNATAKA,Davanagere,VILLAGE,Chickagonigere,Rural,166,876,444,432,97,46,51,589,295,294,0,0,0,470,272,198,406,172,234,433,279,154,379,266,113,136,118,18,188,104,84,3,2,1,52,42,10,54,13,41,26,5,21,25,8,17,0,0,0,3,0,3,51,12,39,25,5,20,23,7,16,0,0,0,3,0,3,3,1,2,1,0,1,2,1,1,0,0,0,0,0,0,443,165,278
29,567,0081,606780,0000,000000,KARNATAKA,Davanagere,VILLAGE,Kotemallur,Rural,290,1304,659,645,159,77,82,216,107,109,73,37,36,720,425,295,584,234,350,677,426,251,636,408,228,55,50,5,498,293,205,0,0,0,83,65,18,41,18,23,9,3,6,26,13,13,0,0,0,6,2,4,20,6,14,7,2,5,7,2,5,0,0,0,6,2,4,21,12,9,2,1,1,19,11,8,0,0,0,0,0,0,627,233,394
29,567,0081,606781,0000,000000,KARNATAKA,Davanagere,VILLAGE,Vijayapura ,Rural,126,624,317,307,100,53,47,623,316,307,0,0,0,267,153,114,357,164,193,274,178,96,264,173,91,19,17,2,231,145,86,0,0,0,14,11,3,10,5,5,0,0,0,10,5,5,0,0,0,0,0,0,10,5,5,0,0,0,10,5,5,0,0,0,0,0,0,0,0,0,0,0,0,0,0,0,0,0,0,0,0,0,350,139,211
29,567,0081,606782,0000,000000,KARNATAKA,Davanagere,VILLAGE,Arakere,Rural,530,2338,1156,1182,236,128,108,659,311,348,148,74,74,1571,867,704,767,289,478,1035,708,327,683,600,83,339,326,13,270,218,52,5,5,0,69,51,18,352,108,244,42,14,28,284,74,210,7,2,5,19,18,1,337,102,235,38,14,24,277,72,205,6,1,5,16,15,1,15,6,9,4,0,4,7,2,5,1,1,0,3,3,0,1303,448,855
29,567,0081,606783,0000,000000,KARNATAKA,Davanagere,VILLAGE,Narasagondanahalli,Rural,192,849,436,413,75,43,32,65,39,26,27,14,13,639,366,273,210,70,140,393,276,117,375,265,110,167,157,10,157,68,89,0,0,0,51,40,11,18,11,7,4,3,1,6,5,1,0,0,0,8,3,5,17,10,7,4,3,1,5,4,1,0,0,0,8,3,5,1,1,0,0,0,0,1,1,0,0,0,0,0,0,0,456,160,296
29,567,0081,606784,0000,000000,KARNATAKA,Davanagere,VILLAGE,Masadi,Rural,306,1469,739,730,151,86,65,313,164,149,66,29,37,1025,564,461,444,175,269,674,458,216,625,435,190,353,252,101,152,85,67,15,13,2,105,85,20,49,23,26,11,7,4,27,8,19,2,2,0,9,6,3,48,22,26,11,7,4,27,8,19,2,2,0,8,5,3,1,1,0,0,0,0,0,0,0,0,0,0,1,1,0,795,281,514
29,567,0081,606785,0000,000000,KARNATAKA,Davanagere,VILLAGE,Belimallur,Rural,717,3340,1725,1615,404,204,200,425,215,210,368,198,170,1849,1078,771,1491,647,844,1561,1060,501,1267,879,388,400,338,62,747,445,302,18,13,5,102,83,19,294,181,113,31,18,13,206,128,78,12,7,5,45,28,17,239,153,86,28,17,11,169,110,59,4,2,2,38,24,14,55,28,27,3,1,2,37,18,19,8,5,3,7,4,3,1779,665,1114
29,567,0081,606786,0000,000000,KARNATAKA,Davanagere,VILLAGE,Gollarahalli,Rural,299,1276,632,644,148,90,58,171,77,94,100,50,50,926,482,444,350,150,200,625,385,240,583,362,221,125,102,23,296,154,142,30,12,18,132,94,38,42,23,19,6,3,3,17,9,8,3,1,2,16,10,6,35,18,17,5,2,3,12,5,7,2,1,1,16,10,6,7,5,2,1,1,0,5,4,1,1,0,1,0,0,0,651,247,404
29,567,0081,606787,0000,000000,KARNATAKA,Davanagere,VILLAGE,Devarahonnali,Rural,192,921,484,437,81,49,32,124,65,59,17,6,11,628,368,260,293,116,177,599,313,286,567,296,271,121,73,48,383,196,187,10,4,6,53,23,30,32,17,15,3,2,1,2,1,1,0,0,0,27,14,13,32,17,15,3,2,1,2,1,1,0,0,0,27,14,13,0,0,0,0,0,0,0,0,0,0,0,0,0,0,0,322,171,151
29,567,0081,606788,0000,000000,KARNATAKA,Davanagere,VILLAGE,Thakkanahalli,Rural,111,454,212,242,60,31,29,115,49,66,40,19,21,263,142,121,191,70,121,234,146,88,215,134,81,55,48,7,139,73,66,9,7,2,12,6,6,19,12,7,2,2,0,11,5,6,0,0,0,6,5,1,19,12,7,2,2,0,11,5,6,0,0,0,6,5,1,0,0,0,0,0,0,0,0,0,0,0,0,0,0,0,220,66,154
29,567,0081,606789,0000,000000,KARNATAKA,Davanagere,VILLAGE,Kammaragatte,Rural,314,1381,687,694,153,79,74,135,71,64,224,108,116,958,523,435,423,164,259,611,447,164,593,436,157,144,140,4,289,173,116,17,14,3,143,109,34,18,11,7,4,1,3,6,4,2,0,0,0,8,6,2,14,7,7,4,1,3,6,4,2,0,0,0,4,2,2,4,4,0,0,0,0,0,0,0,0,0,0,4,4,0,770,240,530
29,567,0081,606790,0000,000000,KARNATAKA,Davanagere,VILLAGE,Anjaneyapura ,Rural,150,656,326,330,69,34,35,655,325,330,0,0,0,390,240,150,266,86,180,361,192,169,255,161,94,145,109,36,58,21,37,4,1,3,48,30,18,106,31,75,27,4,23,31,6,25,10,4,6,38,17,21,48,21,27,8,2,6,11,2,9,8,4,4,21,13,8,58,10,48,19,2,17,20,4,16,2,0,2,17,4,13,295,134,161
29,567,0081,606791,0000,000000,KARNATAKA,Davanagere,VILLAGE,Basavapura,Rural,7,32,18,14,0,0,0,10,5,5,8,6,2,22,13,9,10,5,5,17,9,8,17,9,8,15,8,7,0,0,0,0,0,0,2,1,1,0,0,0,0,0,0,0,0,0,0,0,0,0,0,0,0,0,0,0,0,0,0,0,0,0,0,0,0,0,0,0,0,0,0,0,0,0,0,0,0,0,0,0,0,0,15,9,6
29,567,0081,606792,0000,000000,KARNATAKA,Davanagere,VILLAGE,Tharaganahalli,Rural,356,1500,741,759,156,80,76,321,153,168,244,122,122,1067,567,500,433,174,259,698,494,204,648,485,163,317,279,38,297,183,114,1,1,0,33,22,11,50,9,41,38,6,32,8,3,5,0,0,0,4,0,4,50,9,41,38,6,32,8,3,5,0,0,0,4,0,4,0,0,0,0,0,0,0,0,0,0,0,0,0,0,0,802,247,555
29,567,0081,606793,0000,000000,KARNATAKA,Davanagere,VILLAGE,Singatagere,Rural,235,1051,543,508,99,44,55,327,172,155,40,19,21,664,399,265,387,144,243,370,331,39,359,324,35,221,202,19,128,115,13,1,1,0,9,6,3,11,7,4,6,5,1,5,2,3,0,0,0,0,0,0,11,7,4,6,5,1,5,2,3,0,0,0,0,0,0,0,0,0,0,0,0,0,0,0,0,0,0,0,0,0,681,212,469
29,567,0081,606794,0000,000000,KARNATAKA,Davanagere,VILLAGE,Gantyapura,Rural,336,1554,779,775,199,104,95,1500,757,743,4,2,2,907,522,385,647,257,390,818,476,342,422,308,114,212,202,10,196,99,97,0,0,0,14,7,7,396,168,228,5,0,5,389,167,222,0,0,0,2,1,1,396,168,228,5,0,5,389,167,222,0,0,0,2,1,1,0,0,0,0,0,0,0,0,0,0,0,0,0,0,0,736,303,433
29,567,0081,606795,0000,000000,KARNATAKA,Davanagere,VILLAGE,Neralagundi,Rural,231,1131,578,553,152,83,69,595,308,287,288,144,144,691,393,298,440,185,255,582,329,253,517,320,197,136,108,28,352,195,157,0,0,0,29,17,12,65,9,56,5,1,4,3,3,0,2,2,0,55,3,52,64,8,56,5,1,4,3,3,0,2,2,0,54,2,52,1,1,0,0,0,0,0,0,0,0,0,0,1,1,0,549,249,300
29,567,0081,606796,0000,000000,KARNATAKA,Davanagere,VILLAGE,Bevinahalli,Rural,228,1161,612,549,134,74,60,51,25,26,99,55,44,797,436,361,364,176,188,599,400,199,454,322,132,186,164,22,95,70,25,45,4,41,128,84,44,145,78,67,7,5,2,121,70,51,9,0,9,8,3,5,144,77,67,7,5,2,120,69,51,9,0,9,8,3,5,1,1,0,0,0,0,1,1,0,0,0,0,0,0,0,562,212,350
29,567,0081,606797,0000,000000,KARNATAKA,Davanagere,VILLAGE,Sevalalnagara ,Rural,150,721,369,352,69,39,30,698,357,341,0,0,0,349,202,147,372,167,205,454,224,230,413,211,202,62,30,32,342,176,166,2,1,1,7,4,3,41,13,28,4,2,2,29,9,20,2,0,2,6,2,4,14,7,7,2,1,1,12,6,6,0,0,0,0,0,0,27,6,21,2,1,1,17,3,14,2,0,2,6,2,4,267,145,122
29,567,0081,606798,0000,000000,KARNATAKA,Davanagere,VILLAGE,Thimalapura,Rural,160,637,311,326,50,25,25,295,146,149,0,0,0,500,264,236,137,47,90,260,223,37,254,223,31,141,139,2,45,40,5,4,3,1,64,41,23,6,0,6,2,0,2,3,0,3,0,0,0,1,0,1,6,0,6,2,0,2,3,0,3,0,0,0,1,0,1,0,0,0,0,0,0,0,0,0,0,0,0,0,0,0,377,88,289
29,567,0081,606799,0000,000000,KARNATAKA,Davanagere,VILLAGE,Kundur,Rural,1249,5857,2989,2868,578,295,283,1544,780,764,171,95,76,3987,2169,1818,1870,820,1050,2441,1859,582,2211,1697,514,581,545,36,924,536,388,53,45,8,653,571,82,230,162,68,24,18,6,149,97,52,6,3,3,51,44,7,210,146,64,23,17,6,138,88,50,1,0,1,48,41,7,20,16,4,1,1,0,11,9,2,5,3,2,3,3,0,3416,1130,2286
29,567,0081,606800,0000,000000,KARNATAKA,Davanagere,VILLAGE,Yakkanahalli,Rural,400,1941,988,953,186,80,106,179,89,90,117,56,61,1456,822,634,485,166,319,807,592,215,800,590,210,327,313,14,409,222,187,5,5,0,59,50,9,7,2,5,4,1,3,2,1,1,0,0,0,1,0,1,7,2,5,4,1,3,2,1,1,0,0,0,1,0,1,0,0,0,0,0,0,0,0,0,0,0,0,0,0,0,1134,396,738
29,567,0081,606801,0000,000000,KARNATAKA,Davanagere,VILLAGE,Chikkahalivana,Rural,148,671,346,325,56,30,26,282,147,135,79,38,41,421,239,182,250,107,143,295,197,98,281,192,89,99,95,4,166,86,80,4,3,1,12,8,4,14,5,9,2,0,2,12,5,7,0,0,0,0,0,0,14,5,9,2,0,2,12,5,7,0,0,0,0,0,0,0,0,0,0,0,0,0,0,0,0,0,0,0,0,0,376,149,227
29,567,0081,606802,0000,000000,KARNATAKA,Davanagere,VILLAGE,Yarehalli,Rural,130,616,306,310,64,30,34,128,64,64,58,22,36,404,235,169,212,71,141,353,191,162,310,187,123,118,87,31,153,81,72,6,3,3,33,16,17,43,4,39,2,2,0,3,1,2,4,0,4,34,1,33,18,3,15,2,2,0,0,0,0,3,0,3,13,1,12,25,1,24,0,0,0,3,1,2,1,0,1,21,0,21,263,115,148
29,567,0081,606803,0000,000000,KARNATAKA,Davanagere,VILLAGE,Yarachikkanahalli,Rural,238,1058,521,537,89,49,40,171,84,87,20,10,10,771,421,350,287,100,187,460,324,136,323,260,63,192,177,15,62,33,29,8,7,1,61,43,18,137,64,73,35,20,15,33,19,14,3,0,3,66,25,41,93,49,44,24,13,11,29,17,12,1,0,1,39,19,20,44,15,29,11,7,4,4,2,2,2,0,2,27,6,21,598,197,401
29,567,0081,606804,0000,000000,KARNATAKA,Davanagere,VILLAGE,Bannikodu,Rural,459,2208,1130,1078,230,124,106,339,179,160,139,71,68,1381,783,598,827,347,480,984,685,299,849,619,230,347,332,15,400,217,183,20,18,2,82,52,30,135,66,69,13,11,2,116,49,67,4,4,0,2,2,0,130,61,69,9,7,2,115,48,67,4,4,0,2,2,0,5,5,0,4,4,0,1,1,0,0,0,0,0,0,0,1224,445,779
29,567,0081,606805,0000,000000,KARNATAKA,Davanagere,VILLAGE,Mukthenahalli,Rural,409,1920,983,937,228,113,115,347,188,159,282,140,142,1161,659,502,759,324,435,1049,628,421,913,551,362,336,269,67,506,240,266,14,5,9,57,37,20,136,77,59,24,17,7,100,51,49,2,2,0,10,7,3,130,72,58,23,16,7,96,48,48,1,1,0,10,7,3,6,5,1,1,1,0,4,3,1,1,1,0,0,0,0,871,355,516
29,567,0081,606806,0000,000000,KARNATAKA,Davanagere,VILLAGE,Thimmenahalli,Rural,125,624,336,288,64,36,28,11,7,4,263,139,124,472,280,192,152,56,96,266,201,65,266,201,65,92,85,7,161,107,54,2,1,1,11,8,3,0,0,0,0,0,0,0,0,0,0,0,0,0,0,0,0,0,0,0,0,0,0,0,0,0,0,0,0,0,0,0,0,0,0,0,0,0,0,0,0,0,0,0,0,0,358,135,223
29,567,0081,606807,0000,000000,KARNATAKA,Davanagere,VILLAGE,Kengalahalli,Rural,366,1688,870,818,151,85,66,239,123,116,48,28,20,1243,698,545,445,172,273,698,540,158,668,530,138,342,328,14,295,181,114,0,0,0,31,21,10,30,10,20,6,3,3,17,4,13,1,1,0,6,2,4,30,10,20,6,3,3,17,4,13,1,1,0,6,2,4,0,0,0,0,0,0,0,0,0,0,0,0,0,0,0,990,330,660
29,567,0081,606808,0000,000000,KARNATAKA,Davanagere,VILLAGE,Kulambi,Rural,825,3737,1860,1877,338,184,154,329,156,173,192,98,94,2672,1423,1249,1065,437,628,1498,1178,320,1137,958,179,608,583,25,319,195,124,25,17,8,185,163,22,361,220,141,53,36,17,186,108,78,11,9,2,111,67,44,306,191,115,53,36,17,181,104,77,7,7,0,65,44,21,55,29,26,0,0,0,5,4,1,4,2,2,46,23,23,2239,682,1557
29,567,0081,606809,0000,000000,KARNATAKA,Davanagere,VILLAGE,Nelahonne,Rural,480,2239,1141,1098,208,109,99,628,331,297,176,82,94,1604,901,703,635,240,395,1364,738,626,1357,734,623,601,352,249,670,330,340,5,5,0,81,47,34,7,4,3,5,3,2,2,1,1,0,0,0,0,0,0,6,3,3,4,2,2,2,1,1,0,0,0,0,0,0,1,1,0,1,1,0,0,0,0,0,0,0,0,0,0,875,403,472
29,567,0081,606810,0000,000000,KARNATAKA,Davanagere,VILLAGE,Kumblur,Rural,736,3537,1804,1733,381,192,189,1165,583,582,558,296,262,2291,1309,982,1246,495,751,1544,1084,460,1070,861,209,398,362,36,290,245,45,38,29,9,344,225,119,474,223,251,38,25,13,215,116,99,17,6,11,204,76,128,435,211,224,34,22,12,195,111,84,16,5,11,190,73,117,39,12,27,4,3,1,20,5,15,1,1,0,14,3,11,1993,720,1273
29,567,0081,606811,0000,000000,KARNATAKA,Davanagere,VILLAGE,Hanumapura,Rural,0,0,0,0,0,0,0,0,0,0,0,0,0,0,0,0,0,0,0,0,0,0,0,0,0,0,0,0,0,0,0,0,0,0,0,0,0,0,0,0,0,0,0,0,0,0,0,0,0,0,0,0,0,0,0,0,0,0,0,0,0,0,0,0,0,0,0,0,0,0,0,0,0,0,0,0,0,0,0,0,0,0,0,0,0
29,567,0081,606812,0000,000000,KARNATAKA,Davanagere,VILLAGE,Marikoppa,Rural,192,783,389,394,92,39,53,196,99,97,21,12,9,488,276,212,295,113,182,367,256,111,316,243,73,97,84,13,115,67,48,4,1,3,100,91,9,51,13,38,27,3,24,15,5,10,0,0,0,9,5,4,44,10,34,24,3,21,13,4,9,0,0,0,7,3,4,7,3,4,3,0,3,2,1,1,0,0,0,2,2,0,416,133,283
29,567,0081,606813,0000,000000,KARNATAKA,Davanagere,VILLAGE,Balamuri,Rural,168,796,406,390,89,47,42,10,4,6,126,62,64,547,311,236,249,95,154,494,267,227,268,253,15,211,208,3,24,20,4,2,2,0,31,23,8,226,14,212,177,1,176,47,11,36,0,0,0,2,2,0,55,10,45,27,0,27,26,8,18,0,0,0,2,2,0,171,4,167,150,1,149,21,3,18,0,0,0,0,0,0,302,139,163
29,567,0081,606814,0000,000000,KARNATAKA,Davanagere,VILLAGE,Holeharalahalli,Rural,396,1854,933,921,205,101,104,208,94,114,496,256,240,1155,667,488,699,266,433,1141,601,540,621,492,129,410,340,70,163,120,43,6,4,2,42,28,14,520,109,411,72,10,62,299,87,212,23,5,18,126,7,119,519,109,410,72,10,62,299,87,212,23,5,18,125,7,118,1,0,1,0,0,0,0,0,0,0,0,0,1,0,1,713,332,381
29,567,0081,606815,0000,000000,KARNATAKA,Davanagere,VILLAGE,Narasimhapura,Rural,4,28,18,10,2,2,0,5,3,2,0,0,0,20,14,6,8,4,4,18,10,8,18,10,8,17,10,7,0,0,0,1,0,1,0,0,0,0,0,0,0,0,0,0,0,0,0,0,0,0,0,0,0,0,0,0,0,0,0,0,0,0,0,0,0,0,0,0,0,0,0,0,0,0,0,0,0,0,0,0,0,0,10,8,2
29,567,0081,606816,0000,000000,KARNATAKA,Davanagere,VILLAGE,Balleshwara,Rural,104,462,235,227,46,16,30,0,0,0,0,0,0,274,150,124,188,85,103,355,189,166,134,124,10,100,95,5,27,23,4,0,0,0,7,6,1,221,65,156,12,7,5,192,44,148,2,1,1,15,13,2,218,63,155,12,7,5,190,43,147,2,1,1,14,12,2,3,2,1,0,0,0,2,1,1,0,0,0,1,1,0,107,46,61
29,567,0081,606817,0000,000000,KARNATAKA,Davanagere,VILLAGE,Konayakanahalli,Rural,94,416,203,213,44,24,20,22,9,13,0,0,0,281,157,124,135,46,89,230,139,91,225,137,88,144,107,37,41,10,31,2,1,1,38,19,19,5,2,3,4,2,2,1,0,1,0,0,0,0,0,0,4,2,2,3,2,1,1,0,1,0,0,0,0,0,0,1,0,1,1,0,1,0,0,0,0,0,0,0,0,0,186,64,122
29,567,0081,606818,0000,000000,KARNATAKA,Davanagere,VILLAGE,Anjanapura,Rural,0,0,0,0,0,0,0,0,0,0,0,0,0,0,0,0,0,0,0,0,0,0,0,0,0,0,0,0,0,0,0,0,0,0,0,0,0,0,0,0,0,0,0,0,0,0,0,0,0,0,0,0,0,0,0,0,0,0,0,0,0,0,0,0,0,0,0,0,0,0,0,0,0,0,0,0,0,0,0,0,0,0,0,0,0
29,567,0081,606819,0000,000000,KARNATAKA,Davanagere,VILLAGE,Honnali(Rural),Rural,0,0,0,0,0,0,0,0,0,0,0,0,0,0,0,0,0,0,0,0,0,0,0,0,0,0,0,0,0,0,0,0,0,0,0,0,0,0,0,0,0,0,0,0,0,0,0,0,0,0,0,0,0,0,0,0,0,0,0,0,0,0,0,0,0,0,0,0,0,0,0,0,0,0,0,0,0,0,0,0,0,0,0,0,0
29,567,0081,606820,0000,000000,KARNATAKA,Davanagere,VILLAGE,Hiremata,Rural,294,1288,667,621,122,61,61,199,115,84,17,10,7,1096,589,507,192,78,114,409,328,81,398,323,75,56,54,2,46,34,12,1,1,0,295,234,61,11,5,6,3,1,2,1,0,1,1,0,1,6,4,2,11,5,6,3,1,2,1,0,1,1,0,1,6,4,2,0,0,0,0,0,0,0,0,0,0,0,0,0,0,0,879,339,540
29,567,0081,606821,0000,000000,KARNATAKA,Davanagere,VILLAGE,Malladevarakatte,Rural,1,7,2,5,2,0,2,0,0,0,0,0,0,4,2,2,3,0,3,2,2,0,2,2,0,2,2,0,0,0,0,0,0,0,0,0,0,0,0,0,0,0,0,0,0,0,0,0,0,0,0,0,0,0,0,0,0,0,0,0,0,0,0,0,0,0,0,0,0,0,0,0,0,0,0,0,0,0,0,0,0,0,5,0,5
29,567,0081,606822,0000,000000,KARNATAKA,Davanagere,VILLAGE,Sunkadakatte,Rural,252,1110,570,540,95,43,52,177,91,86,18,13,5,724,446,278,386,124,262,483,397,86,446,379,67,309,292,17,70,29,41,3,3,0,64,55,9,37,18,19,15,7,8,14,5,9,1,0,1,7,6,1,35,17,18,14,7,7,14,5,9,1,0,1,6,5,1,2,1,1,1,0,1,0,0,0,0,0,0,1,1,0,627,173,454
29,567,0081,606823,0000,000000,KARNATAKA,Davanagere,VILLAGE,Maragondanahalli,Rural,1,6,2,4,2,1,1,0,0,0,0,0,0,4,1,3,2,1,1,3,1,2,3,1,2,0,0,0,3,1,2,0,0,0,0,0,0,0,0,0,0,0,0,0,0,0,0,0,0,0,0,0,0,0,0,0,0,0,0,0,0,0,0,0,0,0,0,0,0,0,0,0,0,0,0,0,0,0,0,0,0,0,3,1,2
29,567,0081,606824,0000,000000,KARNATAKA,Davanagere,VILLAGE,Devanayakanahalli,Rural,638,2922,1470,1452,371,201,170,642,314,328,97,46,51,2023,1051,972,899,419,480,993,830,163,663,546,117,37,35,2,9,7,2,16,13,3,601,491,110,330,284,46,8,4,4,8,4,4,7,5,2,307,271,36,293,257,36,8,4,4,7,4,3,7,5,2,271,244,27,37,27,10,0,0,0,1,0,1,0,0,0,36,27,9,1929,640,1289
29,567,0081,606825,0000,000000,KARNATAKA,Davanagere,VILLAGE,Holemadapura,Rural,101,503,263,240,60,28,32,89,42,47,13,7,6,314,190,124,189,73,116,236,176,60,235,175,60,72,71,1,80,37,43,2,1,1,81,66,15,1,1,0,0,0,0,0,0,0,0,0,0,1,1,0,1,1,0,0,0,0,0,0,0,0,0,0,1,1,0,0,0,0,0,0,0,0,0,0,0,0,0,0,0,0,267,87,180
29,567,0081,606826,0000,000000,KARNATAKA,Davanagere,VILLAGE,Bidaragadde,Rural,207,1042,527,515,111,55,56,280,144,136,29,14,15,749,416,333,293,111,182,679,363,316,255,222,33,118,115,3,79,61,18,8,6,2,50,40,10,424,141,283,25,19,6,261,85,176,13,0,13,125,37,88,408,138,270,23,19,4,255,82,173,9,0,9,121,37,84,16,3,13,2,0,2,6,3,3,4,0,4,4,0,4,363,164,199
29,567,0081,606827,0000,000000,KARNATAKA,Davanagere,VILLAGE,Didagur,Rural,337,1683,849,834,204,105,99,417,212,205,177,98,79,1058,620,438,625,229,396,849,526,323,722,483,239,301,213,88,260,143,117,21,17,4,140,110,30,127,43,84,15,4,11,87,24,63,2,1,1,23,14,9,119,42,77,13,4,9,84,24,60,2,1,1,20,13,7,8,1,7,2,0,2,3,0,3,0,0,0,3,1,2,834,323,511
29,567,0081,606828,0000,000000,KARNATAKA,Davanagere,VILLAGE,Haralahalli,Rural,453,2100,1045,1055,176,79,97,345,170,175,95,49,46,1516,862,654,584,183,401,1102,658,444,722,499,223,308,222,86,338,214,124,2,1,1,74,62,12,380,159,221,81,17,64,289,133,156,1,1,0,9,8,1,378,158,220,81,17,64,288,133,155,0,0,0,9,8,1,2,1,1,0,0,0,1,0,1,1,1,0,0,0,0,998,387,611
29,567,0081,606829,0000,000000,KARNATAKA,Davanagere,VILLAGE,Basavanahalli,Rural,514,2617,1308,1309,304,143,161,336,178,158,38,18,20,1472,848,624,1145,460,685,1547,808,739,797,640,157,599,532,67,164,84,80,5,5,0,29,19,10,750,168,582,39,4,35,678,139,539,9,7,2,24,18,6,749,168,581,39,4,35,678,139,539,9,7,2,23,18,5,1,0,1,0,0,0,0,0,0,0,0,0,1,0,1,1070,500,570
29,567,0081,606830,0000,000000,KARNATAKA,Davanagere,VILLAGE,Govinakovi,Rural,488,2114,1072,1042,197,98,99,357,182,175,12,5,7,1436,801,635,678,271,407,885,645,240,595,439,156,225,199,26,272,164,108,25,23,2,73,53,20,290,206,84,17,11,6,221,159,62,10,5,5,42,31,11,279,201,78,15,10,5,216,157,59,7,4,3,41,30,11,11,5,6,2,1,1,5,2,3,3,1,2,1,1,0,1229,427,802
29,567,0081,606831,0000,000000,KARNATAKA,Davanagere,VILLAGE,Arehalli,Rural,115,507,256,251,62,29,33,76,34,42,143,78,65,307,177,130,200,79,121,315,165,150,235,152,83,95,84,11,112,54,58,18,8,10,10,6,4,80,13,67,1,0,1,64,7,57,1,0,1,14,6,8,78,13,65,1,0,1,63,7,56,1,0,1,13,6,7,2,0,2,0,0,0,1,0,1,0,0,0,1,0,1,192,91,101
29,567,0081,606832,0000,000000,KARNATAKA,Davanagere,VILLAGE,Kankanahalli,Rural,153,637,322,315,85,38,47,375,185,190,0,0,0,444,256,188,193,66,127,308,195,113,306,194,112,133,99,34,162,90,72,0,0,0,11,5,6,2,1,1,1,0,1,1,1,0,0,0,0,0,0,0,2,1,1,1,0,1,1,1,0,0,0,0,0,0,0,0,0,0,0,0,0,0,0,0,0,0,0,0,0,0,329,127,202
29,567,0081,606833,0000,000000,KARNATAKA,Davanagere,VILLAGE,Ganganakote,Rural,110,515,263,252,64,34,30,7,3,4,2,1,1,416,218,198,99,45,54,309,155,154,275,142,133,264,139,125,8,3,5,3,0,3,0,0,0,34,13,21,27,10,17,4,1,3,3,2,1,0,0,0,25,9,16,19,7,12,4,1,3,2,1,1,0,0,0,9,4,5,8,3,5,0,0,0,1,1,0,0,0,0,206,108,98
29,567,0081,606834,0000,000000,KARNATAKA,Davanagere,VILLAGE,Bijogatte,Rural,131,620,316,304,69,36,33,84,39,45,0,0,0,519,275,244,101,41,60,392,206,186,144,137,7,133,129,4,6,5,1,2,2,0,3,1,2,248,69,179,14,6,8,229,62,167,1,0,1,4,1,3,247,68,179,14,6,8,228,61,167,1,0,1,4,1,3,1,1,0,0,0,0,1,1,0,0,0,0,0,0,0,228,110,118
29,567,0081,606835,0000,000000,KARNATAKA,Davanagere,VILLAGE,Sevalal Nagar ,Rural,172,865,427,438,132,67,65,861,425,436,0,0,0,432,254,178,433,173,260,510,256,254,503,254,249,90,73,17,395,169,226,0,0,0,18,12,6,7,2,5,0,0,0,5,1,4,0,0,0,2,1,1,6,2,4,0,0,0,5,1,4,0,0,0,1,1,0,1,0,1,0,0,0,0,0,0,0,0,0,1,0,1,355,171,184
29,567,0081,606836,0000,000000,KARNATAKA,Davanagere,VILLAGE,Kuruva,Rural,339,1609,808,801,156,80,76,364,179,185,79,44,35,1185,644,541,424,164,260,1089,551,538,829,463,366,508,334,174,258,85,173,11,8,3,52,36,16,260,88,172,41,3,38,191,71,120,2,2,0,26,12,14,257,87,170,41,3,38,190,71,119,2,2,0,24,11,13,3,1,2,0,0,0,1,0,1,0,0,0,2,1,1,520,257,263
29,567,0081,606837,0000,000000,KARNATAKA,Davanagere,VILLAGE,Marigondanahalli,Rural,212,970,494,476,92,49,43,118,62,56,209,100,109,764,412,352,206,82,124,593,333,260,573,326,247,377,217,160,166,87,79,0,0,0,30,22,8,20,7,13,4,2,2,8,2,6,1,0,1,7,3,4,18,7,11,4,2,2,8,2,6,0,0,0,6,3,3,2,0,2,0,0,0,0,0,0,1,0,1,1,0,1,377,161,216
29,567,0081,606838,0000,000000,KARNATAKA,Davanagere,VILLAGE,Achuthapura,Rural,0,0,0,0,0,0,0,0,0,0,0,0,0,0,0,0,0,0,0,0,0,0,0,0,0,0,0,0,0,0,0,0,0,0,0,0,0,0,0,0,0,0,0,0,0,0,0,0,0,0,0,0,0,0,0,0,0,0,0,0,0,0,0,0,0,0,0,0,0,0,0,0,0,0,0,0,0,0,0,0,0,0,0,0,0
29,567,0081,606839,0000,000000,KARNATAKA,Davanagere,VILLAGE,Kotehalu,Rural,225,946,467,479,69,36,33,64,30,34,366,189,177,681,371,310,265,96,169,516,307,209,498,306,192,192,164,28,267,120,147,2,1,1,37,21,16,18,1,17,5,0,5,4,0,4,0,0,0,9,1,8,5,0,5,0,0,0,3,0,3,0,0,0,2,0,2,13,1,12,5,0,5,1,0,1,0,0,0,7,1,6,430,160,270
29,567,0081,606840,0000,000000,KARNATAKA,Davanagere,VILLAGE,Goravarakatte,Rural,0,0,0,0,0,0,0,0,0,0,0,0,0,0,0,0,0,0,0,0,0,0,0,0,0,0,0,0,0,0,0,0,0,0,0,0,0,0,0,0,0,0,0,0,0,0,0,0,0,0,0,0,0,0,0,0,0,0,0,0,0,0,0,0,0,0,0,0,0,0,0,0,0,0,0,0,0,0,0,0,0,0,0,0,0
29,567,0081,606841,0000,000000,KARNATAKA,Davanagere,VILLAGE,Chilurkadadakatte,Rural,349,1595,796,799,150,67,83,340,171,169,8,3,5,1154,637,517,441,159,282,1011,537,474,707,447,260,529,331,198,143,90,53,1,0,1,34,26,8,304,90,214,31,9,22,251,69,182,5,3,2,17,9,8,266,76,190,30,8,22,218,58,160,5,3,2,13,7,6,38,14,24,1,1,0,33,11,22,0,0,0,4,2,2,584,259,325
29,567,0081,606842,0000,000000,KARNATAKA,Davanagere,VILLAGE,Kengatte,Rural,156,744,374,370,117,54,63,623,316,307,0,0,0,387,231,156,357,143,214,608,310,298,423,238,185,32,18,14,379,211,168,2,0,2,10,9,1,185,72,113,18,6,12,166,66,100,0,0,0,1,0,1,72,15,57,3,1,2,68,14,54,0,0,0,1,0,1,113,57,56,15,5,10,98,52,46,0,0,0,0,0,0,136,64,72
29,567,0081,606843,0000,000000,KARNATAKA,Davanagere,VILLAGE,Dodderi,Rural,404,1950,975,975,228,111,117,643,312,331,121,63,58,1402,750,652,548,225,323,1261,654,607,943,521,422,288,267,21,221,106,115,4,3,1,430,145,285,318,133,185,8,4,4,34,8,26,3,3,0,273,118,155,281,113,168,8,4,4,29,6,23,2,2,0,242,101,141,37,20,17,0,0,0,5,2,3,1,1,0,31,17,14,689,321,368
29,567,0081,606844,0000,000000,KARNATAKA,Davanagere,VILLAGE,Chilur,Rural,727,3286,1651,1635,387,191,196,857,425,432,27,16,11,2379,1278,1101,907,373,534,1288,1025,263,1118,958,160,200,194,6,313,252,61,11,10,1,594,502,92,170,67,103,8,1,7,134,53,81,5,3,2,23,10,13,162,65,97,8,1,7,128,51,77,5,3,2,21,10,11,8,2,6,0,0,0,6,2,4,0,0,0,2,0,2,1998,626,1372
29,567,0081,606845,0000,000000,KARNATAKA,Davanagere,VILLAGE,Akkathangerakatte,Rural,0,0,0,0,0,0,0,0,0,0,0,0,0,0,0,0,0,0,0,0,0,0,0,0,0,0,0,0,0,0,0,0,0,0,0,0,0,0,0,0,0,0,0,0,0,0,0,0,0,0,0,0,0,0,0,0,0,0,0,0,0,0,0,0,0,0,0,0,0,0,0,0,0,0,0,0,0,0,0,0,0,0,0,0,0
29,567,0081,606846,0000,000000,KARNATAKA,Davanagere,VILLAGE,Tavaragopagondanahalli,Rural,256,1105,548,557,118,62,56,357,175,182,0,0,0,696,401,295,409,147,262,716,373,343,621,349,272,266,157,109,290,149,141,3,2,1,62,41,21,95,24,71,42,10,32,45,9,36,3,1,2,5,4,1,84,21,63,36,8,28,41,8,33,2,1,1,5,4,1,11,3,8,6,2,4,4,1,3,1,0,1,0,0,0,389,175,214
29,567,0081,606847,0000,000000,KARNATAKA,Davanagere,VILLAGE,Thaggehalli,Rural,209,980,522,458,112,53,59,18,7,11,0,0,0,570,354,216,410,168,242,557,361,196,500,331,169,187,148,39,202,100,102,4,2,2,107,81,26,57,30,27,12,7,5,14,7,7,1,1,0,30,15,15,20,8,12,6,3,3,7,2,5,0,0,0,7,3,4,37,22,15,6,4,2,7,5,2,1,1,0,23,12,11,423,161,262
29,567,0081,606848,0000,000000,KARNATAKA,Davanagere,VILLAGE,Malali,Rural,296,1212,605,607,108,56,52,74,34,40,0,0,0,870,479,391,342,126,216,869,443,426,837,425,412,558,295,263,261,121,140,1,1,0,17,8,9,32,18,14,7,6,1,22,10,12,1,1,0,2,1,1,25,14,11,5,4,1,17,8,9,1,1,0,2,1,1,7,4,3,2,2,0,5,2,3,0,0,0,0,0,0,343,162,181
29,567,0081,606849,0000,000000,KARNATAKA,Davanagere,VILLAGE,Hirebasur,Rural,182,819,411,408,79,44,35,181,92,89,87,41,46,527,292,235,292,119,173,303,256,47,138,132,6,125,122,3,0,0,0,0,0,0,13,10,3,165,124,41,5,4,1,92,66,26,2,2,0,66,52,14,158,121,37,5,4,1,91,66,25,1,1,0,61,50,11,7,3,4,0,0,0,1,0,1,1,1,0,5,2,3,516,155,361
29,567,0081,606850,0000,000000,KARNATAKA,Davanagere,VILLAGE,Beeragondanahalli,Rural,372,1681,838,843,171,81,90,299,164,135,164,83,81,1261,668,593,420,170,250,862,446,416,375,313,62,219,208,11,42,40,2,3,1,2,111,64,47,487,133,354,4,2,2,253,113,140,200,3,197,30,15,15,485,132,353,4,2,2,253,113,140,200,3,197,28,14,14,2,1,1,0,0,0,0,0,0,0,0,0,2,1,1,819,392,427
29,567,0081,606851,0000,000000,KARNATAKA,Davanagere,VILLAGE,Chikkabasur,Rural,86,397,210,187,34,11,23,27,14,13,47,24,23,316,181,135,81,29,52,271,152,119,261,148,113,77,50,27,148,72,76,10,7,3,26,19,7,10,4,6,0,0,0,9,4,5,0,0,0,1,0,1,8,4,4,0,0,0,8,4,4,0,0,0,0,0,0,2,0,2,0,0,0,1,0,1,0,0,0,1,0,1,126,58,68
29,567,0081,606852,0000,000000,KARNATAKA,Davanagere,VILLAGE,Hunesehalli,Rural,61,251,131,120,25,13,12,32,14,18,5,4,1,190,105,85,61,26,35,157,84,73,157,84,73,29,25,4,118,54,64,0,0,0,10,5,5,0,0,0,0,0,0,0,0,0,0,0,0,0,0,0,0,0,0,0,0,0,0,0,0,0,0,0,0,0,0,0,0,0,0,0,0,0,0,0,0,0,0,0,0,0,94,47,47
29,567,0081,606853,0000,000000,KARNATAKA,Davanagere,VILLAGE,Benakanahalli,Rural,752,3256,1637,1619,361,178,183,559,281,278,287,149,138,2205,1235,970,1051,402,649,1450,1026,424,953,792,161,603,542,61,191,117,74,5,5,0,154,128,26,497,234,263,11,5,6,453,203,250,3,2,1,30,24,6,493,233,260,10,5,5,451,203,248,3,2,1,29,23,6,4,1,3,1,0,1,2,0,2,0,0,0,1,1,0,1806,611,1195
29,567,0081,606854,0000,000000,KARNATAKA,Davanagere,VILLAGE,Vijayapura ,Rural,403,1820,898,922,154,80,74,1774,877,897,0,0,0,996,572,424,824,326,498,948,496,452,854,467,387,202,179,23,555,225,330,10,9,1,87,54,33,94,29,65,27,12,15,55,14,41,0,0,0,12,3,9,89,26,63,25,11,14,53,13,40,0,0,0,11,2,9,5,3,2,2,1,1,2,1,1,0,0,0,1,1,0,872,402,470
29,567,0081,606855,0000,000000,KARNATAKA,Davanagere,VILLAGE,Ujjanipura,Rural,157,691,370,321,66,33,33,414,215,199,12,7,5,474,293,181,217,77,140,398,208,190,209,141,68,85,76,9,108,51,57,2,2,0,14,12,2,189,67,122,14,13,1,167,50,117,0,0,0,8,4,4,184,65,119,14,13,1,163,49,114,0,0,0,7,3,4,5,2,3,0,0,0,4,1,3,0,0,0,1,1,0,293,162,131
29,567,0081,606856,0000,000000,KARNATAKA,Davanagere,VILLAGE,Sadashivapura,Rural,43,182,89,93,24,11,13,182,89,93,0,0,0,93,58,35,89,31,58,86,53,33,86,53,33,2,2,0,81,50,31,0,0,0,3,1,2,0,0,0,0,0,0,0,0,0,0,0,0,0,0,0,0,0,0,0,0,0,0,0,0,0,0,0,0,0,0,0,0,0,0,0,0,0,0,0,0,0,0,0,0,0,96,36,60
29,567,0081,606857,0000,000000,KARNATAKA,Davanagere,VILLAGE,Hottyapura,Rural,143,601,303,298,54,34,20,159,82,77,0,0,0,457,252,205,144,51,93,267,201,66,266,200,66,156,135,21,92,52,40,0,0,0,18,13,5,1,1,0,1,1,0,0,0,0,0,0,0,0,0,0,1,1,0,1,1,0,0,0,0,0,0,0,0,0,0,0,0,0,0,0,0,0,0,0,0,0,0,0,0,0,334,102,232
29,567,0081,606858,0000,000000,KARNATAKA,Davanagere,VILLAGE,Rampura,Rural,388,1788,912,876,142,65,77,255,136,119,84,42,42,1280,710,570,508,202,306,746,557,189,673,520,153,282,256,26,271,165,106,1,1,0,119,98,21,73,37,36,28,11,17,32,16,16,1,1,0,12,9,3,64,31,33,24,9,15,28,13,15,1,1,0,11,8,3,9,6,3,4,2,2,4,3,1,0,0,0,1,1,0,1042,355,687
29,567,0081,606859,0000,000000,KARNATAKA,Davanagere,VILLAGE,Bullapura,Rural,204,893,458,435,108,55,53,104,53,51,2,1,1,468,279,189,425,179,246,496,289,207,496,289,207,156,117,39,291,142,149,0,0,0,49,30,19,0,0,0,0,0,0,0,0,0,0,0,0,0,0,0,0,0,0,0,0,0,0,0,0,0,0,0,0,0,0,0,0,0,0,0,0,0,0,0,0,0,0,0,0,0,397,169,228
29,567,0081,606860,0000,000000,KARNATAKA,Davanagere,VILLAGE,Iyanoor,Rural,271,1118,574,544,114,68,46,192,103,89,17,9,8,749,402,347,369,172,197,612,370,242,316,230,86,121,117,4,126,69,57,1,1,0,68,43,25,296,140,156,7,6,1,236,107,129,0,0,0,53,27,26,296,140,156,7,6,1,236,107,129,0,0,0,53,27,26,0,0,0,0,0,0,0,0,0,0,0,0,0,0,0,506,204,302
29,567,0081,606861,0000,000000,KARNATAKA,Davanagere,VILLAGE,Sasavehalli,Rural,1085,5252,2647,2605,578,294,284,703,368,335,135,68,67,3952,2068,1884,1300,579,721,1989,1566,423,1628,1404,224,361,344,17,586,478,108,28,22,6,653,560,93,361,162,199,30,5,25,283,128,155,2,2,0,46,27,19,355,161,194,30,5,25,283,128,155,2,2,0,40,26,14,6,1,5,0,0,0,0,0,0,0,0,0,6,1,5,3263,1081,2182
29,567,0081,606862,0000,000000,KARNATAKA,Davanagere,VILLAGE,Mavinakote,Rural,300,1559,807,752,253,123,130,351,187,164,0,0,0,883,505,378,676,302,374,626,480,146,267,230,37,49,46,3,180,159,21,0,0,0,38,25,13,359,250,109,17,12,5,275,187,88,5,4,1,62,47,15,340,241,99,16,11,5,262,181,81,2,2,0,60,47,13,19,9,10,1,1,0,13,6,7,3,2,1,2,0,2,933,327,606
29,567,0081,606863,0000,000000,KARNATAKA,Davanagere,VILLAGE,Hanumanahalli,Rural,212,998,494,504,105,46,59,74,37,37,52,23,29,743,412,331,255,82,173,505,322,183,266,237,29,180,175,5,59,46,13,0,0,0,27,16,11,239,85,154,3,2,1,225,77,148,0,0,0,11,6,5,230,81,149,2,2,0,221,75,146,0,0,0,7,4,3,9,4,5,1,0,1,4,2,2,0,0,0,4,2,2,493,172,321
29,567,0081,606864,0000,000000,KARNATAKA,Davanagere,VILLAGE,Kamalapura,Rural,0,0,0,0,0,0,0,0,0,0,0,0,0,0,0,0,0,0,0,0,0,0,0,0,0,0,0,0,0,0,0,0,0,0,0,0,0,0,0,0,0,0,0,0,0,0,0,0,0,0,0,0,0,0,0,0,0,0,0,0,0,0,0,0,0,0,0,0,0,0,0,0,0,0,0,0,0,0,0,0,0,0,0,0,0
29,567,0081,606865,0000,000000,KARNATAKA,Davanagere,VILLAGE,Kulagatte,Rural,731,3568,1799,1769,330,179,151,458,240,218,1053,513,540,2199,1193,1006,1369,606,763,1421,1155,266,1126,1038,88,841,826,15,169,133,36,16,13,3,100,66,34,295,117,178,14,9,5,159,80,79,6,4,2,116,24,92,276,104,172,13,9,4,156,77,79,5,3,2,102,15,87,19,13,6,1,0,1,3,3,0,1,1,0,14,9,5,2147,644,1503
29,567,0081,606866,0000,000000,KARNATAKA,Davanagere,VILLAGE,Bommenahalli,Rural,0,0,0,0,0,0,0,0,0,0,0,0,0,0,0,0,0,0,0,0,0,0,0,0,0,0,0,0,0,0,0,0,0,0,0,0,0,0,0,0,0,0,0,0,0,0,0,0,0,0,0,0,0,0,0,0,0,0,0,0,0,0,0,0,0,0,0,0,0,0,0,0,0,0,0,0,0,0,0,0,0,0,0,0,0
29,567,0081,606867,0000,000000,KARNATAKA,Davanagere,VILLAGE,Hosahalli,Rural,648,2990,1504,1486,288,148,140,603,306,297,42,21,21,2208,1183,1025,782,321,461,1324,973,351,756,643,113,327,315,12,288,212,76,56,54,2,85,62,23,568,330,238,39,24,15,422,231,191,34,26,8,73,49,24,519,297,222,32,20,12,402,220,182,30,23,7,55,34,21,49,33,16,7,4,3,20,11,9,4,3,1,18,15,3,1666,531,1135
29,567,0081,606868,0000,000000,KARNATAKA,Davanagere,VILLAGE,Huralihalli,Rural,84,414,208,206,51,28,23,63,37,26,53,25,28,275,155,120,139,53,86,229,122,107,120,113,7,47,45,2,68,65,3,2,2,0,3,1,2,109,9,100,4,1,3,103,8,95,0,0,0,2,0,2,109,9,100,4,1,3,103,8,95,0,0,0,2,0,2,0,0,0,0,0,0,0,0,0,0,0,0,0,0,0,185,86,99
29,567,0081,606869,0000,000000,KARNATAKA,Davanagere,VILLAGE,Bagavadi,Rural,156,720,363,357,79,46,33,128,62,66,4,3,1,488,272,216,232,91,141,299,220,79,296,219,77,121,120,1,129,67,62,2,2,0,44,30,14,3,1,2,0,0,0,2,1,1,0,0,0,1,0,1,3,1,2,0,0,0,2,1,1,0,0,0,1,0,1,0,0,0,0,0,0,0,0,0,0,0,0,0,0,0,421,143,278
29,567,0081,606870,0000,000000,KARNATAKA,Davanagere,VILLAGE,Lingapura,Rural,505,2462,1267,1195,227,124,103,740,369,371,76,43,33,1657,924,733,805,343,462,1355,772,583,1262,744,518,372,335,37,592,324,268,45,26,19,253,59,194,93,28,65,8,7,1,65,15,50,3,0,3,17,6,11,64,26,38,7,6,1,41,14,27,3,0,3,13,6,7,29,2,27,1,1,0,24,1,23,0,0,0,4,0,4,1107,495,612
29,567,0081,606871,0000,000000,KARNATAKA,Davanagere,VILLAGE,Hanagavadi,Rural,430,1976,990,986,209,113,96,499,250,249,74,39,35,1254,693,561,722,297,425,1225,637,588,684,448,236,285,272,13,221,115,106,16,13,3,162,48,114,541,189,352,10,7,3,325,125,200,119,32,87,87,25,62,495,180,315,10,7,3,319,124,195,87,27,60,79,22,57,46,9,37,0,0,0,6,1,5,32,5,27,8,3,5,751,353,398
29,567,0081,606872,0000,000000,KARNATAKA,Davanagere,VILLAGE,Channambapura,Rural,126,565,275,290,49,26,23,122,54,68,4,1,3,427,221,206,138,54,84,284,143,141,262,131,131,9,8,1,246,119,127,1,0,1,6,4,2,22,12,10,9,6,3,7,4,3,1,0,1,5,2,3,12,7,5,1,1,0,7,4,3,0,0,0,4,2,2,10,5,5,8,5,3,0,0,0,1,0,1,1,0,1,281,132,149
29,567,0081,606873,0000,000000,KARNATAKA,Davanagere,VILLAGE,Hunsagatta,Rural,467,2304,1204,1100,211,104,107,200,108,92,152,80,72,1522,840,682,782,364,418,862,725,137,806,702,104,384,376,8,219,166,53,31,10,21,172,150,22,56,23,33,0,0,0,35,7,28,6,2,4,15,14,1,56,23,33,0,0,0,35,7,28,6,2,4,15,14,1,0,0,0,0,0,0,0,0,0,0,0,0,0,0,0,1442,479,963
29,567,0081,606874,0000,000000,KARNATAKA,Davanagere,VILLAGE,Jalikatte,Rural,0,0,0,0,0,0,0,0,0,0,0,0,0,0,0,0,0,0,0,0,0,0,0,0,0,0,0,0,0,0,0,0,0,0,0,0,0,0,0,0,0,0,0,0,0,0,0,0,0,0,0,0,0,0,0,0,0,0,0,0,0,0,0,0,0,0,0,0,0,0,0,0,0,0,0,0,0,0,0,0,0,0,0,0,0
29,567,0081,606875,0000,000000,KARNATAKA,Davanagere,VILLAGE,Kyasainakere,Rural,489,2210,1132,1078,183,101,82,653,337,316,215,111,104,1488,825,663,722,307,415,1047,672,375,440,389,51,323,299,24,43,37,6,6,5,1,68,48,20,607,283,324,22,14,8,435,199,236,16,10,6,134,60,74,590,278,312,22,14,8,429,198,231,14,10,4,125,56,69,17,5,12,0,0,0,6,1,5,2,0,2,9,4,5,1163,460,703
29,567,0081,606876,0000,000000,KARNATAKA,Davanagere,VILLAGE,Channanahalli,Rural,88,378,176,202,46,18,28,353,167,186,0,0,0,203,120,83,175,56,119,183,112,71,160,104,56,34,28,6,93,57,36,2,0,2,31,19,12,23,8,15,0,0,0,8,4,4,0,0,0,15,4,11,23,8,15,0,0,0,8,4,4,0,0,0,15,4,11,0,0,0,0,0,0,0,0,0,0,0,0,0,0,0,195,64,131
29,567,0081,606877,0000,000000,KARNATAKA,Davanagere,VILLAGE,Byranahalli,Rural,117,611,298,313,70,27,43,46,26,20,132,63,69,364,203,161,247,95,152,378,198,180,222,190,32,179,168,11,29,12,17,0,0,0,14,10,4,156,8,148,3,1,2,153,7,146,0,0,0,0,0,0,154,8,146,3,1,2,151,7,144,0,0,0,0,0,0,2,0,2,0,0,0,2,0,2,0,0,0,0,0,0,233,100,133
29,567,0081,606878,0000,000000,KARNATAKA,Davanagere,VILLAGE,Chilapura,Rural,163,849,423,426,157,83,74,368,187,181,0,0,0,365,206,159,484,217,267,464,245,219,181,159,22,129,129,0,34,19,15,1,1,0,17,10,7,283,86,197,3,0,3,265,73,192,0,0,0,15,13,2,98,43,55,0,0,0,85,32,53,0,0,0,13,11,2,185,43,142,3,0,3,180,41,139,0,0,0,2,2,0,385,178,207
29,567,0081,606879,0000,000000,KARNATAKA,Davanagere,VILLAGE,Hattehalu,Rural,27,121,61,60,9,6,3,0,0,0,0,0,0,93,50,43,28,11,17,61,45,16,44,41,3,40,38,2,0,0,0,0,0,0,4,3,1,17,4,13,1,1,0,13,2,11,1,0,1,2,1,1,7,3,4,1,1,0,3,1,2,1,0,1,2,1,1,10,1,9,0,0,0,10,1,9,0,0,0,0,0,0,60,16,44
29,567,0081,606880,0000,000000,KARNATAKA,Davanagere,VILLAGE,Thyagadakatte,Rural,150,752,367,385,81,34,47,325,159,166,115,61,54,395,224,171,357,143,214,354,244,110,215,183,32,119,110,9,71,58,13,0,0,0,25,15,10,139,61,78,13,7,6,121,51,70,1,0,1,4,3,1,107,56,51,13,7,6,90,46,44,1,0,1,3,3,0,32,5,27,0,0,0,31,5,26,0,0,0,1,0,1,398,123,275
29,567,0082,000000,0000,000000,KARNATAKA,Davanagere,CD BLOCK,Channagiri ,Total,61354,281004,142027,138977,29119,14955,14164,74071,37358,36713,37898,19020,18878,179449,99475,79974,101555,42552,59003,131329,86975,44354,101976,73760,28216,41476,35470,6006,40576,23408,17168,2209,1680,529,17715,13202,4513,29353,13215,16138,3770,1793,1977,15730,6692,9038,1590,676,914,8263,4054,4209,25452,11625,13827,3401,1652,1749,14510,6193,8317,1004,463,541,6537,3317,3220,3901,1590,2311,369,141,228,1220,499,721,586,213,373,1726,737,989,149675,55052,94623
29,567,0082,000000,0000,000000,KARNATAKA,Davanagere,CD BLOCK,Channagiri ,Rural,61354,281004,142027,138977,29119,14955,14164,74071,37358,36713,37898,19020,18878,179449,99475,79974,101555,42552,59003,131329,86975,44354,101976,73760,28216,41476,35470,6006,40576,23408,17168,2209,1680,529,17715,13202,4513,29353,13215,16138,3770,1793,1977,15730,6692,9038,1590,676,914,8263,4054,4209,25452,11625,13827,3401,1652,1749,14510,6193,8317,1004,463,541,6537,3317,3220,3901,1590,2311,369,141,228,1220,499,721,586,213,373,1726,737,989,149675,55052,94623
29,567,0082,000000,0000,000000,KARNATAKA,Davanagere,CD BLOCK,Channagiri ,Urban,0,0,0,0,0,0,0,0,0,0,0,0,0,0,0,0,0,0,0,0,0,0,0,0,0,0,0,0,0,0,0,0,0,0,0,0,0,0,0,0,0,0,0,0,0,0,0,0,0,0,0,0,0,0,0,0,0,0,0,0,0,0,0,0,0,0,0,0,0,0,0,0,0,0,0,0,0,0,0,0,0,0,0,0,0
29,567,0082,606881,0000,000000,KARNATAKA,Davanagere,VILLAGE,Daginakatte,Rural,902,4307,2214,2093,416,214,202,1179,602,577,1875,966,909,2672,1543,1129,1635,671,964,1906,1375,531,1693,1337,356,790,749,41,509,323,186,17,13,4,377,252,125,213,38,175,8,5,3,42,19,23,22,4,18,141,10,131,200,26,174,7,4,3,35,13,22,21,3,18,137,6,131,13,12,1,1,1,0,7,6,1,1,1,0,4,4,0,2401,839,1562
29,567,0082,606882,0000,000000,KARNATAKA,Davanagere,VILLAGE,Yalodahalli,Rural,461,2120,1072,1048,188,95,93,883,429,454,740,384,356,1197,718,479,923,354,569,1131,679,452,576,461,115,398,367,31,156,82,74,4,3,1,18,9,9,555,218,337,31,11,20,508,196,312,8,7,1,8,4,4,551,215,336,30,10,20,506,195,311,7,6,1,8,4,4,4,3,1,1,1,0,2,1,1,1,1,0,0,0,0,989,393,596
29,567,0082,606883,0000,000000,KARNATAKA,Davanagere,VILLAGE,Hurlihalli,Rural,0,0,0,0,0,0,0,0,0,0,0,0,0,0,0,0,0,0,0,0,0,0,0,0,0,0,0,0,0,0,0,0,0,0,0,0,0,0,0,0,0,0,0,0,0,0,0,0,0,0,0,0,0,0,0,0,0,0,0,0,0,0,0,0,0,0,0,0,0,0,0,0,0,0,0,0,0,0,0,0,0,0,0,0,0
29,567,0082,606884,0000,000000,KARNATAKA,Davanagere,VILLAGE,Harlipura,Rural,370,1897,973,924,205,111,94,56,30,26,98,52,46,1292,722,570,605,251,354,780,579,201,720,558,162,149,144,5,264,194,70,56,18,38,251,202,49,60,21,39,1,0,1,29,8,21,17,2,15,13,11,2,58,21,37,1,0,1,29,8,21,15,2,13,13,11,2,2,0,2,0,0,0,0,0,0,2,0,2,0,0,0,1117,394,723
29,567,0082,606885,0000,000000,KARNATAKA,Davanagere,VILLAGE,Reddihalli ,Rural,58,296,152,144,28,14,14,1,1,0,295,151,144,186,106,80,110,46,64,150,85,65,150,85,65,2,2,0,146,82,64,0,0,0,2,1,1,0,0,0,0,0,0,0,0,0,0,0,0,0,0,0,0,0,0,0,0,0,0,0,0,0,0,0,0,0,0,0,0,0,0,0,0,0,0,0,0,0,0,0,0,0,146,67,79
29,567,0082,606886,0000,000000,KARNATAKA,Davanagere,VILLAGE,Belalagere ,Rural,701,3408,1747,1661,351,184,167,455,218,237,736,380,356,1856,1041,815,1552,706,846,1660,1124,536,1624,1109,515,513,473,40,950,515,435,1,1,0,160,120,40,36,15,21,8,4,4,23,7,16,0,0,0,5,4,1,34,15,19,8,4,4,21,7,14,0,0,0,5,4,1,2,0,2,0,0,0,2,0,2,0,0,0,0,0,0,1748,623,1125
29,567,0082,606887,0000,000000,KARNATAKA,Davanagere,VILLAGE,Kulumenahalli,Rural,0,0,0,0,0,0,0,0,0,0,0,0,0,0,0,0,0,0,0,0,0,0,0,0,0,0,0,0,0,0,0,0,0,0,0,0,0,0,0,0,0,0,0,0,0,0,0,0,0,0,0,0,0,0,0,0,0,0,0,0,0,0,0,0,0,0,0,0,0,0,0,0,0,0,0,0,0,0,0,0,0,0,0,0,0
29,567,0082,606888,0000,000000,KARNATAKA,Davanagere,VILLAGE,Sangahalli,Rural,326,1493,765,728,110,59,51,93,50,43,10,7,3,883,499,384,610,266,344,709,471,238,565,438,127,465,400,65,46,21,25,36,4,32,18,13,5,144,33,111,7,1,6,130,29,101,4,2,2,3,1,2,136,29,107,4,0,4,125,26,99,4,2,2,3,1,2,8,4,4,3,1,2,5,3,2,0,0,0,0,0,0,784,294,490
29,567,0082,606889,0000,000000,KARNATAKA,Davanagere,VILLAGE,Chikkakurubarahalli,Rural,204,996,512,484,86,48,38,320,179,141,60,34,26,633,363,270,363,149,214,420,295,125,210,177,33,56,34,22,135,131,4,1,0,1,18,12,6,210,118,92,1,0,1,172,91,81,5,4,1,32,23,9,167,94,73,0,0,0,145,77,68,0,0,0,22,17,5,43,24,19,1,0,1,27,14,13,5,4,1,10,6,4,576,217,359
29,567,0082,606890,0000,000000,KARNATAKA,Davanagere,VILLAGE,Marabanahalli,Rural,343,1585,796,789,173,89,84,840,411,429,74,44,30,1043,585,458,542,211,331,921,513,408,777,485,292,454,263,191,220,153,67,6,6,0,97,63,34,144,28,116,30,2,28,97,22,75,1,0,1,16,4,12,127,27,100,29,2,27,85,21,64,0,0,0,13,4,9,17,1,16,1,0,1,12,1,11,1,0,1,3,0,3,664,283,381
29,567,0082,606891,0000,000000,KARNATAKA,Davanagere,VILLAGE,Kotehalu,Rural,244,1114,580,534,120,66,54,292,158,134,72,34,38,698,395,303,416,185,231,475,356,119,360,297,63,140,136,4,149,99,50,13,13,0,58,49,9,115,59,56,8,6,2,98,50,48,1,0,1,8,3,5,112,58,54,8,6,2,96,49,47,1,0,1,7,3,4,3,1,2,0,0,0,2,1,1,0,0,0,1,0,1,639,224,415
29,567,0082,606892,0000,000000,KARNATAKA,Davanagere,VILLAGE,Harosagara,Rural,261,1232,612,620,136,66,70,213,109,104,265,127,138,830,449,381,402,163,239,510,375,135,485,364,121,178,169,9,236,135,101,4,4,0,67,56,11,25,11,14,0,0,0,19,5,14,1,1,0,5,5,0,22,9,13,0,0,0,18,5,13,1,1,0,3,3,0,3,2,1,0,0,0,1,0,1,0,0,0,2,2,0,722,237,485
29,567,0082,606893,0000,000000,KARNATAKA,Davanagere,VILLAGE,Sagarapet,Rural,209,974,505,469,116,64,52,151,75,76,58,28,30,714,377,337,260,128,132,455,300,155,418,281,137,61,56,5,213,120,93,6,4,2,138,101,37,37,19,18,3,3,0,21,10,11,2,1,1,11,5,6,36,19,17,3,3,0,20,10,10,2,1,1,11,5,6,1,0,1,0,0,0,1,0,1,0,0,0,0,0,0,519,205,314
29,567,0082,606894,0000,000000,KARNATAKA,Davanagere,VILLAGE,Hosakere,Rural,872,4283,2160,2123,414,216,198,700,352,348,136,67,69,3149,1675,1474,1134,485,649,1696,1245,451,1079,831,248,383,319,64,66,50,16,70,62,8,560,400,160,617,414,203,14,10,4,72,62,10,67,53,14,464,289,175,560,367,193,14,10,4,68,59,9,57,44,13,421,254,167,57,47,10,0,0,0,4,3,1,10,9,1,43,35,8,2587,915,1672
29,567,0082,606895,0000,000000,KARNATAKA,Davanagere,VILLAGE,Sringarabagu,Rural,592,2786,1421,1365,318,165,153,1018,508,510,51,28,23,1596,895,701,1190,526,664,1290,831,459,601,388,213,109,104,5,332,156,176,15,11,4,145,117,28,689,443,246,6,4,2,318,174,144,8,7,1,357,258,99,682,439,243,5,3,2,316,173,143,8,7,1,353,256,97,7,4,3,1,1,0,2,1,1,0,0,0,4,2,2,1496,590,906
29,567,0082,606896,0000,000000,KARNATAKA,Davanagere,VILLAGE,Bulnaikanahalli,Rural,0,0,0,0,0,0,0,0,0,0,0,0,0,0,0,0,0,0,0,0,0,0,0,0,0,0,0,0,0,0,0,0,0,0,0,0,0,0,0,0,0,0,0,0,0,0,0,0,0,0,0,0,0,0,0,0,0,0,0,0,0,0,0,0,0,0,0,0,0,0,0,0,0,0,0,0,0,0,0,0,0,0,0,0,0
29,567,0082,606897,0000,000000,KARNATAKA,Davanagere,VILLAGE,Kanchugaranahalli,Rural,295,1443,725,718,142,72,70,193,103,90,625,308,317,1039,567,472,404,158,246,904,476,428,278,239,39,182,171,11,66,47,19,3,3,0,27,18,9,626,237,389,97,69,28,465,146,319,14,6,8,50,16,34,593,228,365,92,66,26,454,143,311,8,4,4,39,15,24,33,9,24,5,3,2,11,3,8,6,2,4,11,1,10,539,249,290
29,567,0082,606898,0000,000000,KARNATAKA,Davanagere,VILLAGE,Nilogallu,Rural,176,823,430,393,85,50,35,353,191,162,172,88,84,498,295,203,325,135,190,458,248,210,20,14,6,7,6,1,6,4,2,0,0,0,7,4,3,438,234,204,300,164,136,123,64,59,7,3,4,8,3,5,432,232,200,297,163,134,121,63,58,6,3,3,8,3,5,6,2,4,3,1,2,2,1,1,1,0,1,0,0,0,365,182,183
29,567,0082,606899,0000,000000,KARNATAKA,Davanagere,VILLAGE,Benakanahalli,Rural,213,1029,520,509,94,37,57,934,473,461,1,0,1,578,339,239,451,181,270,502,307,195,345,264,81,211,202,9,112,44,68,2,2,0,20,16,4,157,43,114,5,3,2,135,34,101,1,1,0,16,5,11,125,36,89,4,3,1,108,27,81,1,1,0,12,5,7,32,7,25,1,0,1,27,7,20,0,0,0,4,0,4,527,213,314
29,567,0082,606900,0000,000000,KARNATAKA,Davanagere,VILLAGE,Komaranahalli,Rural,350,1802,928,874,173,91,82,471,243,228,162,79,83,1215,700,515,587,228,359,870,525,345,397,366,31,341,326,15,18,13,5,5,4,1,33,23,10,473,159,314,157,19,138,255,101,154,31,16,15,30,23,7,466,156,310,153,16,137,252,101,151,31,16,15,30,23,7,7,3,4,4,3,1,3,0,3,0,0,0,0,0,0,932,403,529
29,567,0082,606901,0000,000000,KARNATAKA,Davanagere,VILLAGE,Malligenahalli,Rural,119,548,291,257,68,40,28,42,23,19,336,175,161,336,196,140,212,95,117,274,174,100,264,168,96,156,112,44,96,47,49,1,1,0,11,8,3,10,6,4,1,1,0,7,4,3,1,0,1,1,1,0,9,6,3,1,1,0,7,4,3,0,0,0,1,1,0,1,0,1,0,0,0,0,0,0,1,0,1,0,0,0,274,117,157
29,567,0082,606902,0000,000000,KARNATAKA,Davanagere,VILLAGE,Madhuranaikanahalli,Rural,79,368,196,172,36,19,17,333,176,157,15,10,5,190,118,72,178,78,100,185,111,74,119,88,31,67,55,12,32,16,16,4,4,0,16,13,3,66,23,43,1,0,1,57,21,36,0,0,0,8,2,6,66,23,43,1,0,1,57,21,36,0,0,0,8,2,6,0,0,0,0,0,0,0,0,0,0,0,0,0,0,0,183,85,98
29,567,0082,606903,0000,000000,KARNATAKA,Davanagere,VILLAGE,Mohidinpura,Rural,0,0,0,0,0,0,0,0,0,0,0,0,0,0,0,0,0,0,0,0,0,0,0,0,0,0,0,0,0,0,0,0,0,0,0,0,0,0,0,0,0,0,0,0,0,0,0,0,0,0,0,0,0,0,0,0,0,0,0,0,0,0,0,0,0,0,0,0,0,0,0,0,0,0,0,0,0,0,0,0,0,0,0,0,0
29,567,0082,606904,0000,000000,KARNATAKA,Davanagere,VILLAGE,Vylipura,Rural,0,0,0,0,0,0,0,0,0,0,0,0,0,0,0,0,0,0,0,0,0,0,0,0,0,0,0,0,0,0,0,0,0,0,0,0,0,0,0,0,0,0,0,0,0,0,0,0,0,0,0,0,0,0,0,0,0,0,0,0,0,0,0,0,0,0,0,0,0,0,0,0,0,0,0,0,0,0,0,0,0,0,0,0,0
29,567,0082,606905,0000,000000,KARNATAKA,Davanagere,VILLAGE,Pillankatte,Rural,0,0,0,0,0,0,0,0,0,0,0,0,0,0,0,0,0,0,0,0,0,0,0,0,0,0,0,0,0,0,0,0,0,0,0,0,0,0,0,0,0,0,0,0,0,0,0,0,0,0,0,0,0,0,0,0,0,0,0,0,0,0,0,0,0,0,0,0,0,0,0,0,0,0,0,0,0,0,0,0,0,0,0,0,0
29,567,0082,606906,0000,000000,KARNATAKA,Davanagere,VILLAGE,Kamsagara,Rural,355,1736,853,883,169,91,78,576,288,288,219,105,114,1055,586,469,681,267,414,912,560,352,880,548,332,89,81,8,776,460,316,1,0,1,14,7,7,32,12,20,0,0,0,23,9,14,1,0,1,8,3,5,27,10,17,0,0,0,19,7,12,0,0,0,8,3,5,5,2,3,0,0,0,4,2,2,1,0,1,0,0,0,824,293,531
29,567,0082,606907,0000,000000,KARNATAKA,Davanagere,VILLAGE,Veerapura,Rural,0,0,0,0,0,0,0,0,0,0,0,0,0,0,0,0,0,0,0,0,0,0,0,0,0,0,0,0,0,0,0,0,0,0,0,0,0,0,0,0,0,0,0,0,0,0,0,0,0,0,0,0,0,0,0,0,0,0,0,0,0,0,0,0,0,0,0,0,0,0,0,0,0,0,0,0,0,0,0,0,0,0,0,0,0
29,567,0082,606908,0000,000000,KARNATAKA,Davanagere,VILLAGE,Chiradoni,Rural,1060,4953,2505,2448,470,238,232,1321,660,661,392,189,203,2913,1616,1297,2040,889,1151,2639,1603,1036,2479,1518,961,696,573,123,1611,817,794,14,9,5,158,119,39,160,85,75,8,5,3,122,56,66,0,0,0,30,24,6,116,71,45,8,5,3,89,49,40,0,0,0,19,17,2,44,14,30,0,0,0,33,7,26,0,0,0,11,7,4,2314,902,1412
29,567,0082,606909,0000,000000,KARNATAKA,Davanagere,VILLAGE,Basavapura,Rural,0,0,0,0,0,0,0,0,0,0,0,0,0,0,0,0,0,0,0,0,0,0,0,0,0,0,0,0,0,0,0,0,0,0,0,0,0,0,0,0,0,0,0,0,0,0,0,0,0,0,0,0,0,0,0,0,0,0,0,0,0,0,0,0,0,0,0,0,0,0,0,0,0,0,0,0,0,0,0,0,0,0,0,0,0
29,567,0082,606910,0000,000000,KARNATAKA,Davanagere,VILLAGE,Laxmisagara,Rural,0,0,0,0,0,0,0,0,0,0,0,0,0,0,0,0,0,0,0,0,0,0,0,0,0,0,0,0,0,0,0,0,0,0,0,0,0,0,0,0,0,0,0,0,0,0,0,0,0,0,0,0,0,0,0,0,0,0,0,0,0,0,0,0,0,0,0,0,0,0,0,0,0,0,0,0,0,0,0,0,0,0,0,0,0
29,567,0082,606911,0000,000000,KARNATAKA,Davanagere,VILLAGE,Hirekurubarahalli,Rural,27,153,74,79,20,10,10,150,73,77,0,0,0,106,55,51,47,19,28,87,47,40,83,44,39,7,6,1,70,35,35,0,0,0,6,3,3,4,3,1,1,1,0,1,0,1,0,0,0,2,2,0,4,3,1,1,1,0,1,0,1,0,0,0,2,2,0,0,0,0,0,0,0,0,0,0,0,0,0,0,0,0,66,27,39
29,567,0082,606912,0000,000000,KARNATAKA,Davanagere,VILLAGE,Haronahalli,Rural,0,0,0,0,0,0,0,0,0,0,0,0,0,0,0,0,0,0,0,0,0,0,0,0,0,0,0,0,0,0,0,0,0,0,0,0,0,0,0,0,0,0,0,0,0,0,0,0,0,0,0,0,0,0,0,0,0,0,0,0,0,0,0,0,0,0,0,0,0,0,0,0,0,0,0,0,0,0,0,0,0,0,0,0,0
29,567,0082,606913,0000,000000,KARNATAKA,Davanagere,VILLAGE,Kengapura,Rural,206,1054,503,551,135,55,80,503,248,255,291,135,156,601,330,271,453,173,280,539,313,226,247,193,54,69,68,1,143,94,49,1,1,0,34,30,4,292,120,172,62,30,32,218,85,133,2,1,1,10,4,6,156,68,88,55,26,29,97,40,57,1,1,0,3,1,2,136,52,84,7,4,3,121,45,76,1,0,1,7,3,4,515,190,325
29,567,0082,606914,0000,000000,KARNATAKA,Davanagere,VILLAGE,Kanivebilchi,Rural,579,2355,1204,1151,224,129,95,609,307,302,235,115,120,1547,830,717,808,374,434,1047,790,257,932,725,207,294,280,14,514,343,171,1,1,0,123,101,22,115,65,50,7,7,0,63,30,33,2,0,2,43,28,15,89,57,32,7,7,0,51,26,25,2,0,2,29,24,5,26,8,18,0,0,0,12,4,8,0,0,0,14,4,10,1308,414,894
29,567,0082,606915,0000,000000,KARNATAKA,Davanagere,VILLAGE,Ramasagara,Rural,0,0,0,0,0,0,0,0,0,0,0,0,0,0,0,0,0,0,0,0,0,0,0,0,0,0,0,0,0,0,0,0,0,0,0,0,0,0,0,0,0,0,0,0,0,0,0,0,0,0,0,0,0,0,0,0,0,0,0,0,0,0,0,0,0,0,0,0,0,0,0,0,0,0,0,0,0,0,0,0,0,0,0,0,0
29,567,0082,606916,0000,000000,KARNATAKA,Davanagere,VILLAGE,Hosahalli,Rural,383,1924,959,965,238,128,110,1462,730,732,64,30,34,1033,587,446,891,372,519,952,573,379,834,536,298,186,159,27,444,248,196,3,2,1,201,127,74,118,37,81,9,6,3,79,29,50,3,0,3,27,2,25,107,33,74,9,6,3,71,25,46,3,0,3,24,2,22,11,4,7,0,0,0,8,4,4,0,0,0,3,0,3,972,386,586
29,567,0082,606917,0000,000000,KARNATAKA,Davanagere,VILLAGE,Rudrapura,Rural,387,1795,898,897,169,95,74,1039,512,527,202,96,106,1011,568,443,784,330,454,879,567,312,367,321,46,283,257,26,4,3,1,35,27,8,45,34,11,512,246,266,5,4,1,493,235,258,7,3,4,7,4,3,506,246,260,5,4,1,489,235,254,7,3,4,5,4,1,6,0,6,0,0,0,4,0,4,0,0,0,2,0,2,916,331,585
29,567,0082,606918,0000,000000,KARNATAKA,Davanagere,VILLAGE,Kavalithanda,Rural,241,1015,531,484,86,50,36,550,288,262,39,22,17,579,334,245,436,197,239,613,327,286,114,89,25,46,42,4,5,4,1,2,1,1,61,42,19,499,238,261,73,70,3,306,132,174,3,2,1,117,34,83,499,238,261,73,70,3,306,132,174,3,2,1,117,34,83,0,0,0,0,0,0,0,0,0,0,0,0,0,0,0,402,204,198
29,567,0082,606919,0000,000000,KARNATAKA,Davanagere,VILLAGE,Kathalgere,Rural,917,4109,2101,2008,416,224,192,764,404,360,503,241,262,2908,1599,1309,1201,502,699,2171,1343,828,1851,1242,609,510,445,65,1133,654,479,42,27,15,166,116,50,320,101,219,51,13,38,138,68,70,55,3,52,76,17,59,249,75,174,32,8,24,106,50,56,48,2,46,63,15,48,71,26,45,19,5,14,32,18,14,7,1,6,13,2,11,1938,758,1180
29,567,0082,606920,0000,000000,KARNATAKA,Davanagere,VILLAGE,Kariganur,Rural,801,3792,1901,1891,338,168,170,1134,553,581,113,59,54,2598,1387,1211,1194,514,680,2037,1235,802,1222,926,296,291,279,12,707,477,230,5,5,0,219,165,54,815,309,506,106,19,87,182,133,49,5,3,2,522,154,368,523,221,302,97,13,84,142,101,41,4,3,1,280,104,176,292,88,204,9,6,3,40,32,8,1,0,1,242,50,192,1755,666,1089
29,567,0082,606921,0000,000000,KARNATAKA,Davanagere,VILLAGE,Kallenahalli,Rural,4,16,10,6,2,2,0,0,0,0,0,0,0,8,6,2,8,4,4,6,4,2,6,4,2,0,0,0,5,3,2,1,1,0,0,0,0,0,0,0,0,0,0,0,0,0,0,0,0,0,0,0,0,0,0,0,0,0,0,0,0,0,0,0,0,0,0,0,0,0,0,0,0,0,0,0,0,0,0,0,0,0,10,6,4
29,567,0082,606922,0000,000000,KARNATAKA,Davanagere,VILLAGE,Kadaranahalli,Rural,137,553,272,281,45,24,21,381,182,199,5,2,3,337,196,141,216,76,140,223,145,78,188,125,63,38,38,0,126,72,54,7,5,2,17,10,7,35,20,15,5,4,1,21,10,11,1,1,0,8,5,3,35,20,15,5,4,1,21,10,11,1,1,0,8,5,3,0,0,0,0,0,0,0,0,0,0,0,0,0,0,0,330,127,203
29,567,0082,606923,0000,000000,KARNATAKA,Davanagere,VILLAGE,Arehalli,Rural,280,1398,723,675,140,81,59,476,242,234,112,58,54,849,487,362,549,236,313,583,425,158,511,390,121,70,66,4,274,176,98,135,130,5,32,18,14,72,35,37,16,12,4,18,5,13,14,5,9,24,13,11,47,27,20,10,10,0,17,5,12,0,0,0,20,12,8,25,8,17,6,2,4,1,0,1,14,5,9,4,1,3,815,298,517
29,567,0082,606924,0000,000000,KARNATAKA,Davanagere,VILLAGE,Kasettihalli,Rural,121,589,298,291,50,23,27,182,92,90,107,51,56,354,198,156,235,100,135,345,198,147,320,190,130,105,94,11,181,92,89,0,0,0,34,4,30,25,8,17,1,1,0,21,6,15,0,0,0,3,1,2,24,7,17,1,1,0,20,5,15,0,0,0,3,1,2,1,1,0,0,0,0,1,1,0,0,0,0,0,0,0,244,100,144
29,567,0082,606925,0000,000000,KARNATAKA,Davanagere,VILLAGE,Thyavanige Thanda,Rural,148,602,305,297,57,30,27,510,259,251,46,22,24,264,155,109,338,150,188,319,188,131,318,187,131,17,16,1,279,155,124,0,0,0,22,16,6,1,1,0,1,1,0,0,0,0,0,0,0,0,0,0,1,1,0,1,1,0,0,0,0,0,0,0,0,0,0,0,0,0,0,0,0,0,0,0,0,0,0,0,0,0,283,117,166
29,567,0082,606926,0000,000000,KARNATAKA,Davanagere,VILLAGE,Thyavanige,Rural,1208,5591,2787,2804,632,326,306,754,368,386,1163,560,603,3715,2015,1700,1876,772,1104,2102,1636,466,1893,1522,371,674,632,42,744,476,268,39,37,2,436,377,59,209,114,95,12,9,3,49,21,28,10,4,6,138,80,58,194,111,83,11,8,3,47,21,26,9,4,5,127,78,49,15,3,12,1,1,0,2,0,2,1,0,1,11,2,9,3489,1151,2338
29,567,0082,606927,0000,000000,KARNATAKA,Davanagere,VILLAGE,Miyapura,Rural,128,612,311,301,66,35,31,592,300,292,14,6,8,332,191,141,280,120,160,208,155,53,207,154,53,11,11,0,178,131,47,0,0,0,18,12,6,1,1,0,0,0,0,1,1,0,0,0,0,0,0,0,1,1,0,0,0,0,1,1,0,0,0,0,0,0,0,0,0,0,0,0,0,0,0,0,0,0,0,0,0,0,404,156,248
29,567,0082,606928,0000,000000,KARNATAKA,Davanagere,VILLAGE,Nalkudre,Rural,854,3683,1855,1828,330,173,157,859,449,410,627,302,325,2430,1336,1094,1253,519,734,1493,1120,373,1246,948,298,516,499,17,538,295,243,30,24,6,162,130,32,247,172,75,6,6,0,131,89,42,18,15,3,92,62,30,143,106,37,6,6,0,74,52,22,5,5,0,58,43,15,104,66,38,0,0,0,57,37,20,13,10,3,34,19,15,2190,735,1455
29,567,0082,606929,0000,000000,KARNATAKA,Davanagere,VILLAGE,Navilehalu,Rural,888,3772,1883,1889,411,200,211,501,248,253,257,126,131,2580,1433,1147,1192,450,742,1486,1122,364,1418,1072,346,592,554,38,627,354,273,5,5,0,194,159,35,68,50,18,5,5,0,37,27,10,0,0,0,26,18,8,67,50,17,5,5,0,37,27,10,0,0,0,25,18,7,1,0,1,0,0,0,0,0,0,0,0,0,1,0,1,2286,761,1525
29,567,0082,606930,0000,000000,KARNATAKA,Davanagere,VILLAGE,Rampura,Rural,0,0,0,0,0,0,0,0,0,0,0,0,0,0,0,0,0,0,0,0,0,0,0,0,0,0,0,0,0,0,0,0,0,0,0,0,0,0,0,0,0,0,0,0,0,0,0,0,0,0,0,0,0,0,0,0,0,0,0,0,0,0,0,0,0,0,0,0,0,0,0,0,0,0,0,0,0,0,0,0,0,0,0,0,0
29,567,0082,606931,0000,000000,KARNATAKA,Davanagere,VILLAGE,Doddaghatta,Rural,589,2727,1345,1382,269,134,135,341,165,176,384,192,192,1705,920,785,1022,425,597,978,772,206,917,721,196,465,454,11,358,193,165,9,7,2,85,67,18,61,51,10,5,5,0,51,41,10,0,0,0,5,5,0,60,50,10,5,5,0,51,41,10,0,0,0,4,4,0,1,1,0,0,0,0,0,0,0,0,0,0,1,1,0,1749,573,1176
29,567,0082,606932,0000,000000,KARNATAKA,Davanagere,VILLAGE,Ramagondanahalli,Rural,103,441,236,205,29,18,11,179,96,83,97,50,47,192,126,66,249,110,139,267,138,129,137,127,10,2,1,1,134,125,9,0,0,0,1,1,0,130,11,119,0,0,0,130,11,119,0,0,0,0,0,0,129,10,119,0,0,0,129,10,119,0,0,0,0,0,0,1,1,0,0,0,0,1,1,0,0,0,0,0,0,0,174,98,76
29,567,0082,606933,0000,000000,KARNATAKA,Davanagere,VILLAGE,Uduva,Rural,42,160,78,82,18,8,10,11,5,6,0,0,0,122,60,62,38,18,20,57,50,7,57,50,7,37,33,4,4,4,0,3,3,0,13,10,3,0,0,0,0,0,0,0,0,0,0,0,0,0,0,0,0,0,0,0,0,0,0,0,0,0,0,0,0,0,0,0,0,0,0,0,0,0,0,0,0,0,0,0,0,0,103,28,75
29,567,0082,606934,0000,000000,KARNATAKA,Davanagere,VILLAGE,Kabbala,Rural,534,2444,1212,1232,248,126,122,1752,869,883,79,40,39,1414,766,648,1030,446,584,996,675,321,713,466,247,226,222,4,382,158,224,16,12,4,89,74,15,283,209,74,118,117,1,155,84,71,0,0,0,10,8,2,283,209,74,118,117,1,155,84,71,0,0,0,10,8,2,0,0,0,0,0,0,0,0,0,0,0,0,0,0,0,1448,537,911
29,567,0082,606935,0000,000000,KARNATAKA,Davanagere,VILLAGE,Byrapura,Rural,0,0,0,0,0,0,0,0,0,0,0,0,0,0,0,0,0,0,0,0,0,0,0,0,0,0,0,0,0,0,0,0,0,0,0,0,0,0,0,0,0,0,0,0,0,0,0,0,0,0,0,0,0,0,0,0,0,0,0,0,0,0,0,0,0,0,0,0,0,0,0,0,0,0,0,0,0,0,0,0,0,0,0,0,0
29,567,0082,606936,0000,000000,KARNATAKA,Davanagere,VILLAGE,Yakkegondi,Rural,0,0,0,0,0,0,0,0,0,0,0,0,0,0,0,0,0,0,0,0,0,0,0,0,0,0,0,0,0,0,0,0,0,0,0,0,0,0,0,0,0,0,0,0,0,0,0,0,0,0,0,0,0,0,0,0,0,0,0,0,0,0,0,0,0,0,0,0,0,0,0,0,0,0,0,0,0,0,0,0,0,0,0,0,0
29,567,0082,606937,0000,000000,KARNATAKA,Davanagere,VILLAGE,Siddapura,Rural,0,0,0,0,0,0,0,0,0,0,0,0,0,0,0,0,0,0,0,0,0,0,0,0,0,0,0,0,0,0,0,0,0,0,0,0,0,0,0,0,0,0,0,0,0,0,0,0,0,0,0,0,0,0,0,0,0,0,0,0,0,0,0,0,0,0,0,0,0,0,0,0,0,0,0,0,0,0,0,0,0,0,0,0,0
29,567,0082,606938,0000,000000,KARNATAKA,Davanagere,VILLAGE,Kogaloor,Rural,870,3782,1875,1907,420,202,218,516,257,259,516,267,249,2481,1360,1121,1301,515,786,1800,1178,622,1526,1031,495,865,639,226,399,217,182,44,31,13,218,144,74,274,147,127,3,2,1,221,114,107,5,3,2,45,28,17,157,84,73,2,2,0,126,67,59,3,1,2,26,14,12,117,63,54,1,0,1,95,47,48,2,2,0,19,14,5,1982,697,1285
29,567,0082,606939,0000,000000,KARNATAKA,Davanagere,VILLAGE,Giriyapura,Rural,130,533,261,272,51,27,24,13,7,6,174,86,88,352,192,160,181,69,112,278,162,116,261,156,105,44,39,5,183,94,89,0,0,0,34,23,11,17,6,11,8,1,7,7,4,3,0,0,0,2,1,1,15,5,10,8,1,7,5,3,2,0,0,0,2,1,1,2,1,1,0,0,0,2,1,1,0,0,0,0,0,0,255,99,156
29,567,0082,606940,0000,000000,KARNATAKA,Davanagere,VILLAGE,Kamanahalli,Rural,0,0,0,0,0,0,0,0,0,0,0,0,0,0,0,0,0,0,0,0,0,0,0,0,0,0,0,0,0,0,0,0,0,0,0,0,0,0,0,0,0,0,0,0,0,0,0,0,0,0,0,0,0,0,0,0,0,0,0,0,0,0,0,0,0,0,0,0,0,0,0,0,0,0,0,0,0,0,0,0,0,0,0,0,0
29,567,0082,606941,0000,000000,KARNATAKA,Davanagere,VILLAGE,Kempanahalli,Rural,456,1834,927,907,193,90,103,273,140,133,430,211,219,1217,654,563,617,273,344,706,583,123,569,496,73,271,262,9,171,139,32,10,9,1,117,86,31,137,87,50,26,24,2,74,40,34,5,1,4,32,22,10,134,85,49,26,24,2,73,39,34,4,1,3,31,21,10,3,2,1,0,0,0,1,1,0,1,0,1,1,1,0,1128,344,784
29,567,0082,606942,0000,000000,KARNATAKA,Davanagere,VILLAGE,Eraganahalli,Rural,206,989,494,495,133,70,63,244,124,120,559,279,280,372,198,174,617,296,321,546,324,222,540,321,219,80,76,4,442,233,209,1,0,1,17,12,5,6,3,3,1,0,1,0,0,0,1,1,0,4,2,2,6,3,3,1,0,1,0,0,0,1,1,0,4,2,2,0,0,0,0,0,0,0,0,0,0,0,0,0,0,0,443,170,273
29,567,0082,606943,0000,000000,KARNATAKA,Davanagere,VILLAGE,Bhimanere,Rural,193,804,410,394,86,46,40,87,46,41,24,12,12,462,270,192,342,140,202,235,190,45,218,179,39,95,91,4,112,82,30,1,1,0,10,5,5,17,11,6,6,3,3,1,1,0,0,0,0,10,7,3,15,10,5,6,3,3,1,1,0,0,0,0,8,6,2,2,1,1,0,0,0,0,0,0,0,0,0,2,1,1,569,220,349
29,567,0082,606944,0000,000000,KARNATAKA,Davanagere,VILLAGE,Tanigere,Rural,584,2604,1298,1306,251,134,117,359,185,174,261,106,155,1518,826,692,1086,472,614,1115,818,297,907,684,223,322,289,33,461,300,161,18,17,1,106,78,28,208,134,74,29,23,6,123,78,45,1,1,0,55,32,23,202,131,71,29,23,6,122,78,44,1,1,0,50,29,21,6,3,3,0,0,0,1,0,1,0,0,0,5,3,2,1489,480,1009
29,567,0082,606945,0000,000000,KARNATAKA,Davanagere,VILLAGE,Maradi,Rural,253,1163,600,563,107,62,45,47,24,23,247,119,128,714,406,308,449,194,255,507,376,131,298,267,31,189,184,5,77,55,22,4,4,0,28,24,4,209,109,100,1,1,0,193,102,91,1,1,0,14,5,9,203,107,96,1,1,0,191,102,89,1,1,0,10,3,7,6,2,4,0,0,0,2,0,2,0,0,0,4,2,2,656,224,432
29,567,0082,606946,0000,000000,KARNATAKA,Davanagere,VILLAGE,Uppanaikanahalli,Rural,190,917,460,457,88,46,42,114,55,59,767,387,380,556,324,232,361,136,225,542,306,236,537,303,234,95,69,26,420,219,201,7,4,3,15,11,4,5,3,2,2,1,1,2,1,1,0,0,0,1,1,0,5,3,2,2,1,1,2,1,1,0,0,0,1,1,0,0,0,0,0,0,0,0,0,0,0,0,0,0,0,0,375,154,221
29,567,0082,606947,0000,000000,KARNATAKA,Davanagere,VILLAGE,Narasipura,Rural,0,0,0,0,0,0,0,0,0,0,0,0,0,0,0,0,0,0,0,0,0,0,0,0,0,0,0,0,0,0,0,0,0,0,0,0,0,0,0,0,0,0,0,0,0,0,0,0,0,0,0,0,0,0,0,0,0,0,0,0,0,0,0,0,0,0,0,0,0,0,0,0,0,0,0,0,0,0,0,0,0,0,0,0,0
29,567,0082,606948,0000,000000,KARNATAKA,Davanagere,VILLAGE,Komaranahalli,Rural,62,288,144,144,37,21,16,46,24,22,82,39,43,187,106,81,101,38,63,127,89,38,126,89,37,50,48,2,67,36,31,0,0,0,9,5,4,1,0,1,0,0,0,1,0,1,0,0,0,0,0,0,1,0,1,0,0,0,1,0,1,0,0,0,0,0,0,0,0,0,0,0,0,0,0,0,0,0,0,0,0,0,161,55,106
29,567,0082,606949,0000,000000,KARNATAKA,Davanagere,VILLAGE,Yekkegondi,Rural,180,754,370,384,85,43,42,47,22,25,183,93,90,497,267,230,257,103,154,317,254,63,311,249,62,165,158,7,117,64,53,9,9,0,20,18,2,6,5,1,1,0,1,2,2,0,1,1,0,2,2,0,3,2,1,1,0,1,2,2,0,0,0,0,0,0,0,3,3,0,0,0,0,0,0,0,1,1,0,2,2,0,437,116,321
29,567,0082,606950,0000,000000,KARNATAKA,Davanagere,VILLAGE,Siddanamatha,Rural,363,1558,785,773,141,72,69,345,171,174,246,124,122,1020,565,455,538,220,318,706,475,231,655,450,205,300,284,16,275,118,157,7,4,3,73,44,29,51,25,26,7,3,4,32,12,20,5,5,0,7,5,2,49,23,26,7,3,4,31,11,20,4,4,0,7,5,2,2,2,0,0,0,0,1,1,0,1,1,0,0,0,0,852,310,542
29,567,0082,606951,0000,000000,KARNATAKA,Davanagere,VILLAGE,Kallenahalli,Rural,29,113,56,57,12,7,5,51,26,25,6,4,2,66,36,30,47,20,27,59,33,26,56,32,24,2,2,0,54,30,24,0,0,0,0,0,0,3,1,2,0,0,0,2,0,2,0,0,0,1,1,0,3,1,2,0,0,0,2,0,2,0,0,0,1,1,0,0,0,0,0,0,0,0,0,0,0,0,0,0,0,0,54,23,31
29,567,0082,606952,0000,000000,KARNATAKA,Davanagere,VILLAGE,Thopenahalli,Rural,182,797,401,396,62,34,28,104,53,51,308,150,158,466,264,202,331,137,194,262,213,49,227,200,27,106,103,3,86,71,15,0,0,0,35,26,9,35,13,22,1,1,0,28,6,22,0,0,0,6,6,0,35,13,22,1,1,0,28,6,22,0,0,0,6,6,0,0,0,0,0,0,0,0,0,0,0,0,0,0,0,0,535,188,347
29,567,0082,606953,0000,000000,KARNATAKA,Davanagere,VILLAGE,Medikere,Rural,488,2201,1101,1100,239,125,114,425,218,207,412,208,204,1229,709,520,972,392,580,964,672,292,830,607,223,226,207,19,539,354,185,2,2,0,63,44,19,134,65,69,2,2,0,122,55,67,1,1,0,9,7,2,133,64,69,2,2,0,122,55,67,0,0,0,9,7,2,1,1,0,0,0,0,0,0,0,1,1,0,0,0,0,1237,429,808
29,567,0082,606954,0000,000000,KARNATAKA,Davanagere,VILLAGE,Mangenahalli,Rural,125,561,274,287,79,43,36,1,1,0,486,237,249,303,165,138,258,109,149,251,156,95,92,75,17,61,58,3,13,8,5,6,3,3,12,6,6,159,81,78,6,4,2,123,57,66,8,3,5,22,17,5,133,65,68,6,4,2,109,50,59,7,2,5,11,9,2,26,16,10,0,0,0,14,7,7,1,1,0,11,8,3,310,118,192
29,567,0082,606955,0000,000000,KARNATAKA,Davanagere,VILLAGE,Belliganodu,Rural,309,1328,672,656,149,75,74,352,184,168,140,66,74,866,486,380,462,186,276,550,404,146,546,402,144,298,269,29,187,89,98,4,3,1,57,41,16,4,2,2,0,0,0,3,1,2,0,0,0,1,1,0,4,2,2,0,0,0,3,1,2,0,0,0,1,1,0,0,0,0,0,0,0,0,0,0,0,0,0,0,0,0,778,268,510
29,567,0082,606956,0000,000000,KARNATAKA,Davanagere,VILLAGE,Chikkakogalur,Rural,191,818,417,401,75,35,40,100,52,48,439,229,210,449,249,200,369,168,201,456,274,182,425,271,154,79,75,4,314,170,144,0,0,0,32,26,6,31,3,28,11,3,8,19,0,19,0,0,0,1,0,1,12,2,10,3,2,1,8,0,8,0,0,0,1,0,1,19,1,18,8,1,7,11,0,11,0,0,0,0,0,0,362,143,219
29,567,0082,606957,0000,000000,KARNATAKA,Davanagere,VILLAGE,Gollarahalli,Rural,239,1128,568,560,103,49,54,79,37,42,70,37,33,729,434,295,399,134,265,700,391,309,625,361,264,294,198,96,207,90,117,1,0,1,123,73,50,75,30,45,10,4,6,31,11,20,4,0,4,30,15,15,68,27,41,9,3,6,31,11,20,4,0,4,24,13,11,7,3,4,1,1,0,0,0,0,0,0,0,6,2,4,428,177,251
29,567,0082,606958,0000,000000,KARNATAKA,Davanagere,VILLAGE,Somanahalu,Rural,44,218,118,100,18,8,10,0,0,0,0,0,0,179,104,75,39,14,25,97,80,17,81,72,9,53,49,4,5,4,1,1,0,1,22,19,3,16,8,8,1,0,1,4,2,2,4,1,3,7,5,2,13,7,6,1,0,1,4,2,2,3,1,2,5,4,1,3,1,2,0,0,0,0,0,0,1,0,1,2,1,1,121,38,83
29,567,0082,606959,0000,000000,KARNATAKA,Davanagere,VILLAGE,Chickkbennur,Rural,159,757,378,379,107,57,50,542,270,272,43,19,24,408,230,178,349,148,201,428,204,224,425,202,223,407,190,217,2,1,1,5,3,2,11,8,3,3,2,1,1,0,1,0,0,0,0,0,0,2,2,0,3,2,1,1,0,1,0,0,0,0,0,0,2,2,0,0,0,0,0,0,0,0,0,0,0,0,0,0,0,0,329,174,155
29,567,0082,606960,0000,000000,KARNATAKA,Davanagere,VILLAGE,Santhebennur,Rural,2294,10239,5163,5076,1105,572,533,1911,957,954,797,394,403,6814,3680,3134,3425,1483,1942,4271,3089,1182,3710,2742,968,714,650,64,1343,725,618,102,79,23,1551,1288,263,561,347,214,57,52,5,336,170,166,18,6,12,150,119,31,544,346,198,57,52,5,329,170,159,13,6,7,145,118,27,17,1,16,0,0,0,7,0,7,5,0,5,5,1,4,5968,2074,3894
29,567,0082,606961,0000,000000,KARNATAKA,Davanagere,VILLAGE,Nagenahalli,Rural,69,308,152,156,28,16,12,0,0,0,0,0,0,269,135,134,39,17,22,90,82,8,79,71,8,63,58,5,6,5,1,0,0,0,10,8,2,11,11,0,0,0,0,8,8,0,0,0,0,3,3,0,10,10,0,0,0,0,7,7,0,0,0,0,3,3,0,1,1,0,0,0,0,1,1,0,0,0,0,0,0,0,218,70,148
29,567,0082,606962,0000,000000,KARNATAKA,Davanagere,VILLAGE,Chikkabbigere,Rural,129,685,354,331,96,46,50,682,352,330,0,0,0,402,241,161,283,113,170,197,183,14,90,86,4,78,77,1,4,3,1,1,0,1,7,6,1,107,97,10,1,1,0,17,16,1,29,26,3,60,54,6,72,64,8,1,1,0,17,16,1,25,22,3,29,25,4,35,33,2,0,0,0,0,0,0,4,4,0,31,29,2,488,171,317
29,567,0082,606963,0000,000000,KARNATAKA,Davanagere,VILLAGE,Hosahalli,Rural,0,0,0,0,0,0,0,0,0,0,0,0,0,0,0,0,0,0,0,0,0,0,0,0,0,0,0,0,0,0,0,0,0,0,0,0,0,0,0,0,0,0,0,0,0,0,0,0,0,0,0,0,0,0,0,0,0,0,0,0,0,0,0,0,0,0,0,0,0,0,0,0,0,0,0,0,0,0,0,0,0,0,0,0,0
29,567,0082,606964,0000,000000,KARNATAKA,Davanagere,VILLAGE,Doddabbigere,Rural,582,2513,1268,1245,241,130,111,1020,507,513,404,197,207,1421,798,623,1092,470,622,911,644,267,888,635,253,319,242,77,191,146,45,5,1,4,373,246,127,23,9,14,5,3,2,8,2,6,0,0,0,10,4,6,23,9,14,5,3,2,8,2,6,0,0,0,10,4,6,0,0,0,0,0,0,0,0,0,0,0,0,0,0,0,1602,624,978
29,567,0082,606965,0000,000000,KARNATAKA,Davanagere,VILLAGE,Hanumanahalli,Rural,0,0,0,0,0,0,0,0,0,0,0,0,0,0,0,0,0,0,0,0,0,0,0,0,0,0,0,0,0,0,0,0,0,0,0,0,0,0,0,0,0,0,0,0,0,0,0,0,0,0,0,0,0,0,0,0,0,0,0,0,0,0,0,0,0,0,0,0,0,0,0,0,0,0,0,0,0,0,0,0,0,0,0,0,0
29,567,0082,606966,0000,000000,KARNATAKA,Davanagere,VILLAGE,Linganagathihalli,Rural,0,0,0,0,0,0,0,0,0,0,0,0,0,0,0,0,0,0,0,0,0,0,0,0,0,0,0,0,0,0,0,0,0,0,0,0,0,0,0,0,0,0,0,0,0,0,0,0,0,0,0,0,0,0,0,0,0,0,0,0,0,0,0,0,0,0,0,0,0,0,0,0,0,0,0,0,0,0,0,0,0,0,0,0,0
29,567,0082,606967,0000,000000,KARNATAKA,Davanagere,VILLAGE,Kulenur,Rural,350,1619,847,772,172,92,80,540,277,263,194,104,90,1029,615,414,590,232,358,709,532,177,481,405,76,251,245,6,152,93,59,9,9,0,69,58,11,228,127,101,24,11,13,142,66,76,6,5,1,56,45,11,203,115,88,22,10,12,126,60,66,5,5,0,50,40,10,25,12,13,2,1,1,16,6,10,1,0,1,6,5,1,910,315,595
29,567,0082,606968,0000,000000,KARNATAKA,Davanagere,VILLAGE,Kakanur,Rural,494,2143,1084,1059,185,95,90,287,142,145,386,191,195,1516,823,693,627,261,366,868,660,208,834,635,199,417,377,40,321,174,147,12,12,0,84,72,12,34,25,9,4,4,0,18,13,5,3,2,1,9,6,3,28,21,7,3,3,0,15,11,4,2,2,0,8,5,3,6,4,2,1,1,0,3,2,1,1,0,1,1,1,0,1275,424,851
29,567,0082,606969,0000,000000,KARNATAKA,Davanagere,VILLAGE,Dodderikatte,Rural,192,984,504,480,122,60,62,243,116,127,35,21,14,665,384,281,319,120,199,363,303,60,345,296,49,157,154,3,54,43,11,1,0,1,133,99,34,18,7,11,4,1,3,1,1,0,0,0,0,13,5,8,18,7,11,4,1,3,1,1,0,0,0,0,13,5,8,0,0,0,0,0,0,0,0,0,0,0,0,0,0,0,621,201,420
29,567,0082,606970,0000,000000,KARNATAKA,Davanagere,VILLAGE,Arlikatte,Rural,173,774,402,372,79,37,42,293,149,144,23,11,12,561,313,248,213,89,124,636,333,303,460,268,192,197,172,25,150,33,117,2,1,1,111,62,49,176,65,111,56,29,27,111,30,81,0,0,0,9,6,3,117,33,84,25,12,13,85,15,70,0,0,0,7,6,1,59,32,27,31,17,14,26,15,11,0,0,0,2,0,2,138,69,69
29,567,0082,606971,0000,000000,KARNATAKA,Davanagere,VILLAGE,Sulekere,Rural,37,338,184,154,22,11,11,54,31,23,66,34,32,262,157,105,76,27,49,71,39,32,71,39,32,0,0,0,53,24,29,0,0,0,18,15,3,0,0,0,0,0,0,0,0,0,0,0,0,0,0,0,0,0,0,0,0,0,0,0,0,0,0,0,0,0,0,0,0,0,0,0,0,0,0,0,0,0,0,0,0,0,267,145,122
29,567,0082,606972,0000,000000,KARNATAKA,Davanagere,VILLAGE,Kerebilachi,Rural,1753,9754,4883,4871,1193,581,612,541,292,249,74,38,36,7310,3694,3616,2444,1189,1255,3112,2692,420,2220,1963,257,463,440,23,438,397,41,116,101,15,1203,1025,178,892,729,163,35,26,9,418,336,82,69,55,14,370,312,58,792,651,141,30,21,9,409,329,80,52,38,14,301,263,38,100,78,22,5,5,0,9,7,2,17,17,0,69,49,20,6642,2191,4451
29,567,0082,606973,0000,000000,KARNATAKA,Davanagere,VILLAGE,Kagathur,Rural,456,1950,980,970,185,93,92,323,149,174,280,151,129,1424,769,655,526,211,315,827,651,176,664,567,97,336,321,15,154,100,54,22,21,1,152,125,27,163,84,79,29,26,3,116,49,67,1,1,0,17,8,9,134,74,60,24,22,2,98,46,52,1,1,0,11,5,6,29,10,19,5,4,1,18,3,15,0,0,0,6,3,3,1123,329,794
29,567,0082,606974,0000,000000,KARNATAKA,Davanagere,VILLAGE,Somlapura,Rural,681,2998,1515,1483,317,157,160,797,411,386,762,380,382,1538,883,655,1460,632,828,1596,895,701,1540,881,659,273,192,81,1042,519,523,72,58,14,153,112,41,56,14,42,0,0,0,42,6,36,2,0,2,12,8,4,51,12,39,0,0,0,41,5,36,2,0,2,8,7,1,5,2,3,0,0,0,1,1,0,0,0,0,4,1,3,1402,620,782
29,567,0082,606975,0000,000000,KARNATAKA,Davanagere,VILLAGE,Kashipura,Rural,328,1461,712,749,142,69,73,1167,562,605,125,67,58,762,431,331,699,281,418,799,435,364,780,423,357,179,121,58,549,265,284,1,0,1,51,37,14,19,12,7,1,1,0,2,1,1,0,0,0,16,10,6,19,12,7,1,1,0,2,1,1,0,0,0,16,10,6,0,0,0,0,0,0,0,0,0,0,0,0,0,0,0,662,277,385
29,567,0082,606976,0000,000000,KARNATAKA,Davanagere,VILLAGE,Mallapura,Rural,435,1960,964,996,188,95,93,132,67,65,187,92,95,1264,689,575,696,275,421,961,663,298,954,657,297,646,476,170,262,145,117,8,8,0,38,28,10,7,6,1,0,0,0,3,3,0,1,0,1,3,3,0,6,5,1,0,0,0,3,3,0,1,0,1,2,2,0,1,1,0,0,0,0,0,0,0,0,0,0,1,1,0,999,301,698
29,567,0082,606977,0000,000000,KARNATAKA,Davanagere,VILLAGE,Karekatte,Rural,928,4572,2331,2241,573,305,268,1498,738,760,141,85,56,2385,1296,1089,2187,1035,1152,1834,1316,518,1710,1264,446,688,581,107,586,452,134,14,12,2,422,219,203,124,52,72,9,6,3,63,9,54,1,1,0,51,36,15,115,43,72,8,5,3,63,9,54,1,1,0,43,28,15,9,9,0,1,1,0,0,0,0,0,0,0,8,8,0,2738,1015,1723
29,567,0082,606978,0000,000000,KARNATAKA,Davanagere,VILLAGE,Alur,Rural,308,1358,707,651,161,85,76,3,1,2,243,128,115,805,457,348,553,250,303,629,425,204,536,385,151,240,226,14,268,139,129,3,2,1,25,18,7,93,40,53,40,11,29,47,26,21,3,1,2,3,2,1,71,36,35,21,9,12,46,25,21,2,1,1,2,1,1,22,4,18,19,2,17,1,1,0,1,0,1,1,1,0,729,282,447
29,567,0082,606979,0000,000000,KARNATAKA,Davanagere,VILLAGE,Kudligere,Rural,0,0,0,0,0,0,0,0,0,0,0,0,0,0,0,0,0,0,0,0,0,0,0,0,0,0,0,0,0,0,0,0,0,0,0,0,0,0,0,0,0,0,0,0,0,0,0,0,0,0,0,0,0,0,0,0,0,0,0,0,0,0,0,0,0,0,0,0,0,0,0,0,0,0,0,0,0,0,0,0,0,0,0,0,0
29,567,0082,606980,0000,000000,KARNATAKA,Davanagere,VILLAGE,Hallimallapura,Rural,166,808,414,394,72,34,38,409,211,198,227,121,106,504,301,203,304,113,191,331,236,95,329,234,95,128,123,5,160,79,81,0,0,0,41,32,9,2,2,0,1,1,0,1,1,0,0,0,0,0,0,0,2,2,0,1,1,0,1,1,0,0,0,0,0,0,0,0,0,0,0,0,0,0,0,0,0,0,0,0,0,0,477,178,299
29,567,0082,606981,0000,000000,KARNATAKA,Davanagere,VILLAGE,Avalaghatta,Rural,0,0,0,0,0,0,0,0,0,0,0,0,0,0,0,0,0,0,0,0,0,0,0,0,0,0,0,0,0,0,0,0,0,0,0,0,0,0,0,0,0,0,0,0,0,0,0,0,0,0,0,0,0,0,0,0,0,0,0,0,0,0,0,0,0,0,0,0,0,0,0,0,0,0,0,0,0,0,0,0,0,0,0,0,0
29,567,0082,606982,0000,000000,KARNATAKA,Davanagere,VILLAGE,Channapura,Rural,336,1517,764,753,196,109,87,166,86,80,107,49,58,857,478,379,660,286,374,929,523,406,918,514,404,553,322,231,211,110,101,4,2,2,150,80,70,11,9,2,1,1,0,3,2,1,2,2,0,5,4,1,9,7,2,1,1,0,3,2,1,1,1,0,4,3,1,2,2,0,0,0,0,0,0,0,1,1,0,1,1,0,588,241,347
29,567,0082,606983,0000,000000,KARNATAKA,Davanagere,VILLAGE,Chikkuda,Rural,261,1250,657,593,132,72,60,150,73,77,317,163,154,750,448,302,500,209,291,559,404,155,507,382,125,254,246,8,153,87,66,29,18,11,71,31,40,52,22,30,5,2,3,21,14,7,11,3,8,15,3,12,50,22,28,5,2,3,20,14,6,11,3,8,14,3,11,2,0,2,0,0,0,1,0,1,0,0,0,1,0,1,691,253,438
29,567,0082,606984,0000,000000,KARNATAKA,Davanagere,VILLAGE,Jakkali,Rural,109,468,240,228,44,20,24,24,13,11,54,27,27,331,187,144,137,53,84,253,152,101,245,148,97,84,80,4,140,55,85,1,0,1,20,13,7,8,4,4,1,1,0,3,1,2,1,0,1,3,2,1,7,4,3,1,1,0,2,1,1,1,0,1,3,2,1,1,0,1,0,0,0,1,0,1,0,0,0,0,0,0,215,88,127
29,567,0082,606985,0000,000000,KARNATAKA,Davanagere,VILLAGE,Hireuda,Rural,381,1721,888,833,219,110,109,744,383,361,256,121,135,894,550,344,827,338,489,963,561,402,933,536,397,299,206,93,595,298,297,1,1,0,38,31,7,30,25,5,8,6,2,13,12,1,1,1,0,8,6,2,28,23,5,8,6,2,13,12,1,1,1,0,6,4,2,2,2,0,0,0,0,0,0,0,0,0,0,2,2,0,758,327,431
29,567,0082,606986,0000,000000,KARNATAKA,Davanagere,VILLAGE,Ramagondanahalli,Rural,111,530,261,269,53,30,23,31,15,16,12,7,5,320,175,145,210,86,124,266,173,93,80,62,18,43,43,0,22,9,13,2,1,1,13,9,4,186,111,75,14,14,0,130,71,59,25,15,10,17,11,6,181,107,74,14,14,0,130,71,59,23,14,9,14,8,6,5,4,1,0,0,0,0,0,0,2,1,1,3,3,0,264,88,176
29,567,0082,606987,0000,000000,KARNATAKA,Davanagere,VILLAGE,Devarahalli,Rural,967,4759,2482,2277,427,230,197,431,243,188,306,165,141,2936,1707,1229,1823,775,1048,2075,1322,753,1839,1231,608,1045,753,292,438,235,203,12,9,3,344,234,110,236,91,145,14,8,6,166,45,121,9,6,3,47,32,15,222,85,137,13,7,6,161,42,119,6,6,0,42,30,12,14,6,8,1,1,0,5,3,2,3,0,3,5,2,3,2684,1160,1524
29,567,0082,606988,0000,000000,KARNATAKA,Davanagere,VILLAGE,Kondadahalli,Rural,360,1620,823,797,121,63,58,105,55,50,348,176,172,1247,677,570,373,146,227,855,592,263,454,324,130,211,196,15,186,83,103,1,1,0,56,44,12,401,268,133,152,146,6,56,26,30,7,6,1,186,90,96,397,265,132,152,146,6,52,23,29,7,6,1,186,90,96,4,3,1,0,0,0,4,3,1,0,0,0,0,0,0,765,231,534
29,567,0082,606989,0000,000000,KARNATAKA,Davanagere,VILLAGE,Nuggehalli,Rural,371,1705,844,861,169,85,84,74,37,37,228,105,123,1254,659,595,451,185,266,656,511,145,331,307,24,176,172,4,24,22,2,20,16,4,111,97,14,325,204,121,20,14,6,23,13,10,15,8,7,267,169,98,231,157,74,19,13,6,14,11,3,11,8,3,187,125,62,94,47,47,1,1,0,9,2,7,4,0,4,80,44,36,1049,333,716
29,567,0082,606990,0000,000000,KARNATAKA,Davanagere,VILLAGE,Honnemaradahalli,Rural,123,504,258,246,50,29,21,112,53,59,4,3,1,367,203,164,137,55,82,226,161,65,133,123,10,30,28,2,13,13,0,0,0,0,90,82,8,93,38,55,7,5,2,6,4,2,0,0,0,80,29,51,74,27,47,5,4,1,6,4,2,0,0,0,63,19,44,19,11,8,2,1,1,0,0,0,0,0,0,17,10,7,278,97,181
29,567,0082,606991,0000,000000,KARNATAKA,Davanagere,VILLAGE,Bommenahalli,Rural,48,221,118,103,9,4,5,0,0,0,10,7,3,195,108,87,26,10,16,87,82,5,74,69,5,47,45,2,8,8,0,2,2,0,17,14,3,13,13,0,4,4,0,0,0,0,1,1,0,8,8,0,10,10,0,4,4,0,0,0,0,1,1,0,5,5,0,3,3,0,0,0,0,0,0,0,0,0,0,3,3,0,134,36,98
29,567,0082,606992,0000,000000,KARNATAKA,Davanagere,VILLAGE,Neethigere,Rural,263,1053,516,537,81,43,38,201,99,102,86,42,44,731,399,332,322,117,205,456,330,126,298,240,58,219,182,37,30,21,9,8,7,1,41,30,11,158,90,68,1,1,0,141,76,65,4,2,2,12,11,1,157,89,68,1,1,0,141,76,65,4,2,2,11,10,1,1,1,0,0,0,0,0,0,0,0,0,0,1,1,0,597,186,411
29,567,0082,606993,0000,000000,KARNATAKA,Davanagere,VILLAGE,Chikkadevarahalli,Rural,18,79,42,37,10,6,4,0,0,0,0,0,0,57,33,24,22,9,13,47,29,18,45,29,16,24,24,0,0,0,0,0,0,0,21,5,16,2,0,2,0,0,0,0,0,0,0,0,0,2,0,2,2,0,2,0,0,0,0,0,0,0,0,0,2,0,2,0,0,0,0,0,0,0,0,0,0,0,0,0,0,0,32,13,19
29,567,0082,606994,0000,000000,KARNATAKA,Davanagere,VILLAGE,Ramenahalli,Rural,217,986,497,489,97,50,47,769,388,381,0,0,0,596,339,257,390,158,232,609,309,300,229,215,14,54,54,0,143,135,8,5,2,3,27,24,3,380,94,286,22,20,2,52,42,10,52,8,44,254,24,230,228,72,156,16,15,1,38,33,5,26,6,20,148,18,130,152,22,130,6,5,1,14,9,5,26,2,24,106,6,100,377,188,189
29,567,0082,606995,0000,000000,KARNATAKA,Davanagere,VILLAGE,Kenchapura,Rural,0,0,0,0,0,0,0,0,0,0,0,0,0,0,0,0,0,0,0,0,0,0,0,0,0,0,0,0,0,0,0,0,0,0,0,0,0,0,0,0,0,0,0,0,0,0,0,0,0,0,0,0,0,0,0,0,0,0,0,0,0,0,0,0,0,0,0,0,0,0,0,0,0,0,0,0,0,0,0,0,0,0,0,0,0
29,567,0082,606996,0000,000000,KARNATAKA,Davanagere,VILLAGE,Yeragattihalli,Rural,177,774,390,384,75,45,30,106,50,56,3,2,1,575,313,262,199,77,122,355,254,101,321,251,70,181,174,7,98,47,51,0,0,0,42,30,12,34,3,31,1,0,1,31,1,30,0,0,0,2,2,0,30,3,27,1,0,1,27,1,26,0,0,0,2,2,0,4,0,4,0,0,0,4,0,4,0,0,0,0,0,0,419,136,283
29,567,0082,606997,0000,000000,KARNATAKA,Davanagere,VILLAGE,Neethigere Camp,Rural,66,324,163,161,24,11,13,317,161,156,0,0,0,220,131,89,104,32,72,169,105,64,167,104,63,110,71,39,45,23,22,0,0,0,12,10,2,2,1,1,1,1,0,1,0,1,0,0,0,0,0,0,2,1,1,1,1,0,1,0,1,0,0,0,0,0,0,0,0,0,0,0,0,0,0,0,0,0,0,0,0,0,155,58,97
29,567,0082,606998,0000,000000,KARNATAKA,Davanagere,VILLAGE,Hiregangoor,Rural,320,1326,655,671,121,74,47,135,69,66,245,118,127,846,440,406,480,215,265,678,404,274,383,364,19,212,208,4,115,113,2,4,4,0,52,39,13,295,40,255,7,3,4,275,33,242,3,2,1,10,2,8,291,39,252,6,2,4,272,33,239,3,2,1,10,2,8,4,1,3,1,1,0,3,0,3,0,0,0,0,0,0,648,251,397
29,567,0082,606999,0000,000000,KARNATAKA,Davanagere,VILLAGE,Chikgangoor,Rural,404,1857,927,930,155,69,86,575,293,282,76,33,43,1235,703,532,622,224,398,896,606,290,850,590,260,334,310,24,380,195,185,1,1,0,135,84,51,46,16,30,7,6,1,6,0,6,0,0,0,33,10,23,43,14,29,7,6,1,6,0,6,0,0,0,30,8,22,3,2,1,0,0,0,0,0,0,0,0,0,3,2,1,961,321,640
29,567,0082,607000,0000,000000,KARNATAKA,Davanagere,VILLAGE,Lakshmisagar,Rural,87,332,169,163,39,22,17,133,60,73,135,75,60,203,119,84,129,50,79,216,111,105,214,110,104,146,78,68,66,30,36,0,0,0,2,2,0,2,1,1,1,0,1,0,0,0,0,0,0,1,1,0,2,1,1,1,0,1,0,0,0,0,0,0,1,1,0,0,0,0,0,0,0,0,0,0,0,0,0,0,0,0,116,58,58
29,567,0082,607001,0000,000000,KARNATAKA,Davanagere,VILLAGE,Kortikere,Rural,358,1385,705,680,128,67,61,152,79,73,37,15,22,925,548,377,460,157,303,756,449,307,657,410,247,429,272,157,138,77,61,7,6,1,83,55,28,99,39,60,58,21,37,27,10,17,4,4,0,10,4,6,79,31,48,42,16,26,26,10,16,2,2,0,9,3,6,20,8,12,16,5,11,1,0,1,2,2,0,1,1,0,629,256,373
29,567,0082,607002,0000,000000,KARNATAKA,Davanagere,VILLAGE,Thimlapura (Jodi),Rural,0,0,0,0,0,0,0,0,0,0,0,0,0,0,0,0,0,0,0,0,0,0,0,0,0,0,0,0,0,0,0,0,0,0,0,0,0,0,0,0,0,0,0,0,0,0,0,0,0,0,0,0,0,0,0,0,0,0,0,0,0,0,0,0,0,0,0,0,0,0,0,0,0,0,0,0,0,0,0,0,0,0,0,0,0
29,567,0082,607003,0000,000000,KARNATAKA,Davanagere,VILLAGE,N.Ganadakatte,Rural,262,1237,616,621,144,72,72,831,417,414,390,190,200,631,363,268,606,253,353,742,391,351,715,379,336,353,199,154,324,153,171,2,0,2,36,27,9,27,12,15,11,5,6,12,5,7,1,0,1,3,2,1,21,12,9,10,5,5,8,5,3,1,0,1,2,2,0,6,0,6,1,0,1,4,0,4,0,0,0,1,0,1,495,225,270
29,567,0082,607004,0000,000000,KARNATAKA,Davanagere,VILLAGE,Lingadahalli,Rural,225,986,489,497,103,43,60,135,61,74,140,71,69,699,387,312,287,102,185,574,348,226,360,282,78,143,134,9,180,118,62,5,4,1,32,26,6,214,66,148,131,31,100,74,30,44,4,2,2,5,3,2,193,57,136,112,22,90,72,30,42,4,2,2,5,3,2,21,9,12,19,9,10,2,0,2,0,0,0,0,0,0,412,141,271
29,567,0082,607005,0000,000000,KARNATAKA,Davanagere,VILLAGE,Siddapura,Rural,74,300,143,157,25,11,14,0,0,0,0,0,0,242,118,124,58,25,33,135,98,37,107,97,10,97,92,5,6,3,3,0,0,0,4,2,2,28,1,27,26,1,25,1,0,1,0,0,0,1,0,1,28,1,27,26,1,25,1,0,1,0,0,0,1,0,1,0,0,0,0,0,0,0,0,0,0,0,0,0,0,0,165,45,120
29,567,0082,607006,0000,000000,KARNATAKA,Davanagere,VILLAGE,Somasettihalli,Rural,195,822,387,435,92,48,44,228,105,123,41,19,22,518,272,246,304,115,189,414,258,156,387,247,140,143,134,9,229,102,127,1,0,1,14,11,3,27,11,16,3,0,3,17,5,12,1,1,0,6,5,1,23,7,16,3,0,3,17,5,12,0,0,0,3,2,1,4,4,0,0,0,0,0,0,0,1,1,0,3,3,0,408,129,279
29,567,0082,607007,0000,000000,KARNATAKA,Davanagere,VILLAGE,Arasinaghatta,Rural,313,1557,768,789,178,86,92,1085,528,557,86,44,42,813,471,342,744,297,447,767,468,299,608,384,224,161,136,25,183,94,89,33,15,18,231,139,92,159,84,75,5,5,0,35,22,13,17,10,7,102,47,55,134,78,56,5,5,0,33,22,11,10,6,4,86,45,41,25,6,19,0,0,0,2,0,2,7,4,3,16,2,14,790,300,490
29,567,0082,607008,0000,000000,KARNATAKA,Davanagere,VILLAGE,Ittige,Rural,335,1429,719,710,143,69,74,366,183,183,205,92,113,882,491,391,547,228,319,770,458,312,667,441,226,120,114,6,448,254,194,11,5,6,88,68,20,103,17,86,24,0,24,52,5,47,3,0,3,24,12,12,90,10,80,24,0,24,49,3,46,2,0,2,15,7,8,13,7,6,0,0,0,3,2,1,1,0,1,9,5,4,659,261,398
29,567,0082,607009,0000,000000,KARNATAKA,Davanagere,VILLAGE,Bulsagara,Rural,265,1289,634,655,144,70,74,243,119,124,156,78,78,792,418,374,497,216,281,672,386,286,482,300,182,246,148,98,125,62,63,10,7,3,101,83,18,190,86,104,25,2,23,0,0,0,1,0,1,164,84,80,132,63,69,22,1,21,0,0,0,0,0,0,110,62,48,58,23,35,3,1,2,0,0,0,1,0,1,54,22,32,617,248,369
29,567,0082,607010,0000,000000,KARNATAKA,Davanagere,VILLAGE,Hatti,Rural,314,1537,779,758,202,107,95,108,56,52,95,47,48,833,458,375,704,321,383,794,490,304,218,174,44,20,10,10,53,31,22,0,0,0,145,133,12,576,316,260,129,72,57,381,188,193,1,1,0,65,55,10,574,315,259,129,72,57,380,187,193,1,1,0,64,55,9,2,1,1,0,0,0,1,1,0,0,0,0,1,0,1,743,289,454
29,567,0082,607011,0000,000000,KARNATAKA,Davanagere,VILLAGE,Rangapura,Rural,54,207,105,102,24,7,17,206,105,101,0,0,0,82,52,30,125,53,72,158,83,75,147,77,70,130,69,61,16,7,9,0,0,0,1,1,0,11,6,5,1,1,0,8,4,4,0,0,0,2,1,1,9,5,4,0,0,0,8,4,4,0,0,0,1,1,0,2,1,1,1,1,0,0,0,0,0,0,0,1,0,1,49,22,27
29,567,0082,607012,0000,000000,KARNATAKA,Davanagere,VILLAGE,Gullehalli,Rural,229,1027,508,519,110,54,56,267,133,134,0,0,0,687,381,306,340,127,213,703,359,344,694,353,341,607,306,301,76,40,36,1,0,1,10,7,3,9,6,3,1,1,0,4,3,1,0,0,0,4,2,2,9,6,3,1,1,0,4,3,1,0,0,0,4,2,2,0,0,0,0,0,0,0,0,0,0,0,0,0,0,0,324,149,175
29,567,0082,607013,0000,000000,KARNATAKA,Davanagere,VILLAGE,Mangenahalli,Rural,0,0,0,0,0,0,0,0,0,0,0,0,0,0,0,0,0,0,0,0,0,0,0,0,0,0,0,0,0,0,0,0,0,0,0,0,0,0,0,0,0,0,0,0,0,0,0,0,0,0,0,0,0,0,0,0,0,0,0,0,0,0,0,0,0,0,0,0,0,0,0,0,0,0,0,0,0,0,0,0,0,0,0,0,0
29,567,0082,607014,0000,000000,KARNATAKA,Davanagere,VILLAGE,Agarabannihatti,Rural,521,2409,1191,1218,254,134,120,353,174,179,333,171,162,1629,860,769,780,331,449,1066,736,330,705,654,51,328,318,10,152,133,19,54,53,1,171,150,21,361,82,279,139,0,139,198,70,128,7,6,1,17,6,11,357,82,275,139,0,139,194,70,124,7,6,1,17,6,11,4,0,4,0,0,0,4,0,4,0,0,0,0,0,0,1343,455,888
29,567,0082,607015,0000,000000,KARNATAKA,Davanagere,VILLAGE,Sripura,Rural,74,408,208,200,37,23,14,25,15,10,29,14,15,324,167,157,84,41,43,274,144,130,73,68,5,71,66,5,0,0,0,0,0,0,2,2,0,201,76,125,151,50,101,50,26,24,0,0,0,0,0,0,199,74,125,149,48,101,50,26,24,0,0,0,0,0,0,2,2,0,2,2,0,0,0,0,0,0,0,0,0,0,134,64,70
29,567,0082,607016,0000,000000,KARNATAKA,Davanagere,VILLAGE,Akalikatti,Rural,0,0,0,0,0,0,0,0,0,0,0,0,0,0,0,0,0,0,0,0,0,0,0,0,0,0,0,0,0,0,0,0,0,0,0,0,0,0,0,0,0,0,0,0,0,0,0,0,0,0,0,0,0,0,0,0,0,0,0,0,0,0,0,0,0,0,0,0,0,0,0,0,0,0,0,0,0,0,0,0,0,0,0,0,0
29,567,0082,607017,0000,000000,KARNATAKA,Davanagere,VILLAGE,Anapura,Rural,92,430,226,204,32,22,10,77,35,42,256,139,117,238,138,100,192,88,104,111,103,8,97,89,8,85,79,6,10,9,1,0,0,0,2,1,1,14,14,0,1,1,0,11,11,0,0,0,0,2,2,0,12,12,0,1,1,0,11,11,0,0,0,0,0,0,0,2,2,0,0,0,0,0,0,0,0,0,0,2,2,0,319,123,196
29,567,0082,607018,0000,000000,KARNATAKA,Davanagere,VILLAGE,Mantraghatta,Rural,231,964,493,471,105,55,50,246,124,122,127,61,66,679,375,304,285,118,167,341,289,52,281,256,25,156,152,4,90,74,16,4,4,0,31,26,5,60,33,27,9,5,4,28,17,11,3,1,2,20,10,10,32,22,10,7,3,4,15,12,3,1,1,0,9,6,3,28,11,17,2,2,0,13,5,8,2,0,2,11,4,7,623,204,419
29,567,0082,607019,0000,000000,KARNATAKA,Davanagere,VILLAGE,Nallur,Rural,2039,10212,5236,4976,1233,619,614,1407,741,666,380,208,172,7044,3759,3285,3168,1477,1691,3679,2966,713,2413,2119,294,480,444,36,274,227,47,85,74,11,1574,1374,200,1266,847,419,57,40,17,395,280,115,48,39,9,766,488,278,1076,715,361,54,38,16,375,269,106,33,30,3,614,378,236,190,132,58,3,2,1,20,11,9,15,9,6,152,110,42,6533,2270,4263
29,567,0082,607020,0000,000000,KARNATAKA,Davanagere,VILLAGE,Belavanthanahalli,Rural,0,0,0,0,0,0,0,0,0,0,0,0,0,0,0,0,0,0,0,0,0,0,0,0,0,0,0,0,0,0,0,0,0,0,0,0,0,0,0,0,0,0,0,0,0,0,0,0,0,0,0,0,0,0,0,0,0,0,0,0,0,0,0,0,0,0,0,0,0,0,0,0,0,0,0,0,0,0,0,0,0,0,0,0,0
29,567,0082,607021,0000,000000,KARNATAKA,Davanagere,VILLAGE,Thilineerkatte,Rural,220,1048,546,502,142,66,76,682,359,323,3,0,3,512,321,191,536,225,311,630,343,287,442,285,157,226,224,2,188,37,151,1,1,0,27,23,4,188,58,130,1,1,0,140,36,104,0,0,0,47,21,26,182,57,125,1,1,0,140,36,104,0,0,0,41,20,21,6,1,5,0,0,0,0,0,0,0,0,0,6,1,5,418,203,215
29,567,0082,607022,0000,000000,KARNATAKA,Davanagere,VILLAGE,Astapanahalli,Rural,105,517,247,270,92,45,47,102,47,55,408,196,212,185,114,71,332,133,199,211,115,96,94,83,11,52,51,1,14,12,2,0,0,0,28,20,8,117,32,85,3,0,3,64,19,45,0,0,0,50,13,37,113,30,83,3,0,3,62,18,44,0,0,0,48,12,36,4,2,2,0,0,0,2,1,1,0,0,0,2,1,1,306,132,174
29,567,0082,607023,0000,000000,KARNATAKA,Davanagere,VILLAGE,Garagadakatte,Rural,0,0,0,0,0,0,0,0,0,0,0,0,0,0,0,0,0,0,0,0,0,0,0,0,0,0,0,0,0,0,0,0,0,0,0,0,0,0,0,0,0,0,0,0,0,0,0,0,0,0,0,0,0,0,0,0,0,0,0,0,0,0,0,0,0,0,0,0,0,0,0,0,0,0,0,0,0,0,0,0,0,0,0,0,0
29,567,0082,607024,0000,000000,KARNATAKA,Davanagere,VILLAGE,N.Basavanahalli,Rural,107,473,232,241,33,20,13,467,229,238,0,0,0,195,113,82,278,119,159,306,152,154,228,133,95,146,93,53,78,38,40,1,1,0,3,1,2,78,19,59,36,6,30,42,13,29,0,0,0,0,0,0,53,12,41,26,3,23,27,9,18,0,0,0,0,0,0,25,7,18,10,3,7,15,4,11,0,0,0,0,0,0,167,80,87
29,567,0082,607025,0000,000000,KARNATAKA,Davanagere,VILLAGE,Shivagangehalli,Rural,42,172,88,84,25,13,12,138,73,65,10,4,6,72,49,23,100,39,61,102,49,53,101,49,52,43,41,2,58,8,50,0,0,0,0,0,0,1,0,1,0,0,0,1,0,1,0,0,0,0,0,0,1,0,1,0,0,0,1,0,1,0,0,0,0,0,0,0,0,0,0,0,0,0,0,0,0,0,0,0,0,0,70,39,31
29,567,0082,607026,0000,000000,KARNATAKA,Davanagere,VILLAGE,Chiradoni,Rural,56,233,119,114,27,13,14,200,102,98,0,0,0,106,64,42,127,55,72,122,76,46,37,33,4,16,15,1,7,6,1,0,0,0,14,12,2,85,43,42,0,0,0,6,2,4,0,0,0,79,41,38,82,41,41,0,0,0,6,2,4,0,0,0,76,39,37,3,2,1,0,0,0,0,0,0,0,0,0,3,2,1,111,43,68
29,567,0082,607027,0000,000000,KARNATAKA,Davanagere,VILLAGE,Melanaikanakatte,Rural,227,1016,508,508,110,60,50,238,113,125,244,112,132,557,321,236,459,187,272,567,342,225,368,281,87,129,124,5,163,98,65,22,16,6,54,43,11,199,61,138,6,4,2,165,44,121,20,11,9,8,2,6,174,47,127,6,4,2,143,31,112,20,11,9,5,1,4,25,14,11,0,0,0,22,13,9,0,0,0,3,1,2,449,166,283
29,567,0082,607028,0000,000000,KARNATAKA,Davanagere,VILLAGE,Byranahalli,Rural,63,329,164,165,41,20,21,8,2,6,11,5,6,212,121,91,117,43,74,133,102,31,111,94,17,70,68,2,22,13,9,0,0,0,19,13,6,22,8,14,3,3,0,1,0,1,0,0,0,18,5,13,22,8,14,3,3,0,1,0,1,0,0,0,18,5,13,0,0,0,0,0,0,0,0,0,0,0,0,0,0,0,196,62,134
29,567,0082,607029,0000,000000,KARNATAKA,Davanagere,VILLAGE,Galihalli,Rural,121,680,341,339,102,60,42,178,92,86,0,0,0,452,234,218,228,107,121,317,197,120,311,194,117,1,1,0,252,139,113,0,0,0,58,54,4,6,3,3,0,0,0,2,1,1,0,0,0,4,2,2,6,3,3,0,0,0,2,1,1,0,0,0,4,2,2,0,0,0,0,0,0,0,0,0,0,0,0,0,0,0,363,144,219
29,567,0082,607030,0000,000000,KARNATAKA,Davanagere,VILLAGE,Billahalli,Rural,280,1354,682,672,116,63,53,138,71,67,15,7,8,984,521,463,370,161,209,680,454,226,419,388,31,346,335,11,20,16,4,1,1,0,52,36,16,261,66,195,9,5,4,225,47,178,7,3,4,20,11,9,248,64,184,9,5,4,214,46,168,6,3,3,19,10,9,13,2,11,0,0,0,11,1,10,1,0,1,1,1,0,674,228,446
29,567,0082,607031,0000,000000,KARNATAKA,Davanagere,VILLAGE,Bussenahalli,Rural,241,1101,562,539,96,50,46,258,127,131,0,0,0,966,504,462,135,58,77,625,409,216,525,321,204,488,297,191,10,6,4,9,7,2,18,11,7,100,88,12,8,6,2,88,79,9,2,2,0,2,1,1,99,87,12,8,6,2,88,79,9,1,1,0,2,1,1,1,1,0,0,0,0,0,0,0,1,1,0,0,0,0,476,153,323
29,567,0082,607032,0000,000000,KARNATAKA,Davanagere,VILLAGE,Donihalli,Rural,160,725,362,363,63,31,32,175,89,86,0,0,0,527,286,241,198,76,122,257,221,36,246,215,31,97,86,11,103,93,10,3,3,0,43,33,10,11,6,5,2,0,2,8,6,2,0,0,0,1,0,1,11,6,5,2,0,2,8,6,2,0,0,0,1,0,1,0,0,0,0,0,0,0,0,0,0,0,0,0,0,0,468,141,327
29,567,0082,607033,0000,000000,KARNATAKA,Davanagere,VILLAGE,Thimlapura,Rural,36,149,70,79,23,8,15,86,38,48,5,4,1,68,36,32,81,34,47,52,42,10,38,34,4,12,11,1,21,18,3,0,0,0,5,5,0,14,8,6,0,0,0,3,3,0,2,1,1,9,4,5,6,3,3,0,0,0,0,0,0,2,1,1,4,2,2,8,5,3,0,0,0,3,3,0,0,0,0,5,2,3,97,28,69
29,567,0082,607034,0000,000000,KARNATAKA,Davanagere,VILLAGE,Mudigere,Rural,282,1192,595,597,103,56,47,252,134,118,157,83,74,781,436,345,411,159,252,444,417,27,414,388,26,314,308,6,74,59,15,0,0,0,26,21,5,30,29,1,2,2,0,6,6,0,0,0,0,22,21,1,23,22,1,2,2,0,5,5,0,0,0,0,16,15,1,7,7,0,0,0,0,1,1,0,0,0,0,6,6,0,748,178,570
29,567,0082,607035,0000,000000,KARNATAKA,Davanagere,VILLAGE,Chennenahalli,Rural,85,388,183,205,46,18,28,378,178,200,0,0,0,213,119,94,175,64,111,174,103,71,65,52,13,35,30,5,20,15,5,0,0,0,10,7,3,109,51,58,12,6,6,77,38,39,0,0,0,20,7,13,96,48,48,11,6,5,74,37,37,0,0,0,11,5,6,13,3,10,1,0,1,3,1,2,0,0,0,9,2,7,214,80,134
29,567,0082,607036,0000,000000,KARNATAKA,Davanagere,VILLAGE,K.Basavanahalli,Rural,0,0,0,0,0,0,0,0,0,0,0,0,0,0,0,0,0,0,0,0,0,0,0,0,0,0,0,0,0,0,0,0,0,0,0,0,0,0,0,0,0,0,0,0,0,0,0,0,0,0,0,0,0,0,0,0,0,0,0,0,0,0,0,0,0,0,0,0,0,0,0,0,0,0,0,0,0,0,0,0,0,0,0,0,0
29,567,0082,607037,0000,000000,KARNATAKA,Davanagere,VILLAGE,Chikkamalali,Rural,0,0,0,0,0,0,0,0,0,0,0,0,0,0,0,0,0,0,0,0,0,0,0,0,0,0,0,0,0,0,0,0,0,0,0,0,0,0,0,0,0,0,0,0,0,0,0,0,0,0,0,0,0,0,0,0,0,0,0,0,0,0,0,0,0,0,0,0,0,0,0,0,0,0,0,0,0,0,0,0,0,0,0,0,0
29,567,0082,607038,0000,000000,KARNATAKA,Davanagere,VILLAGE,Hiremalali,Rural,378,1713,868,845,174,86,88,321,163,158,76,35,41,1132,654,478,581,214,367,787,543,244,548,495,53,309,298,11,144,111,33,12,10,2,83,76,7,239,48,191,61,24,37,166,18,148,7,4,3,5,2,3,161,36,125,56,23,33,97,11,86,4,1,3,4,1,3,78,12,66,5,1,4,69,7,62,3,3,0,1,1,0,926,325,601
29,567,0082,607039,0000,000000,KARNATAKA,Davanagere,VILLAGE,Chikkamadalu,Rural,146,662,327,335,83,45,38,424,212,212,98,50,48,438,244,194,224,83,141,393,198,195,333,168,165,20,16,4,215,110,105,0,0,0,98,42,56,60,30,30,0,0,0,45,27,18,0,0,0,15,3,12,55,29,26,0,0,0,44,27,17,0,0,0,11,2,9,5,1,4,0,0,0,1,0,1,0,0,0,4,1,3,269,129,140
29,567,0082,607040,0000,000000,KARNATAKA,Davanagere,VILLAGE,Basavapura,Rural,304,1390,716,674,169,89,80,412,213,199,609,314,295,772,454,318,618,262,356,490,405,85,457,399,58,285,268,17,154,121,33,0,0,0,18,10,8,33,6,27,20,2,18,12,3,9,1,1,0,0,0,0,31,6,25,20,2,18,10,3,7,1,1,0,0,0,0,2,0,2,0,0,0,2,0,2,0,0,0,0,0,0,900,311,589
29,567,0082,607041,0000,000000,KARNATAKA,Davanagere,VILLAGE,Hagedahalli,Rural,150,656,334,322,62,32,30,629,323,306,14,4,10,339,194,145,317,140,177,387,219,168,382,219,163,4,3,1,365,208,157,1,1,0,12,7,5,5,0,5,0,0,0,5,0,5,0,0,0,0,0,0,4,0,4,0,0,0,4,0,4,0,0,0,0,0,0,1,0,1,0,0,0,1,0,1,0,0,0,0,0,0,269,115,154
29,567,0082,607042,0000,000000,KARNATAKA,Davanagere,VILLAGE,Channeshapura,Rural,289,1385,684,701,131,62,69,143,76,67,287,148,139,828,449,379,557,235,322,577,443,134,572,442,130,79,79,0,436,316,120,2,2,0,55,45,10,5,1,4,0,0,0,4,1,3,0,0,0,1,0,1,5,1,4,0,0,0,4,1,3,0,0,0,1,0,1,0,0,0,0,0,0,0,0,0,0,0,0,0,0,0,808,241,567
29,567,0082,607043,0000,000000,KARNATAKA,Davanagere,VILLAGE,Mavinakatte,Rural,278,1220,622,598,132,67,65,787,397,390,224,114,110,691,405,286,529,217,312,638,382,256,623,373,250,29,27,2,486,278,208,24,12,12,84,56,28,15,9,6,4,2,2,3,2,1,0,0,0,8,5,3,14,9,5,3,2,1,3,2,1,0,0,0,8,5,3,1,0,1,1,0,1,0,0,0,0,0,0,0,0,0,582,240,342
29,567,0082,607044,0000,000000,KARNATAKA,Davanagere,VILLAGE,Madenahalli,Rural,194,904,461,443,94,47,47,779,396,383,9,5,4,482,293,189,422,168,254,457,236,221,439,229,210,292,147,145,111,60,51,3,0,3,33,22,11,18,7,11,4,1,3,8,2,6,1,0,1,5,4,1,17,7,10,4,1,3,8,2,6,0,0,0,5,4,1,1,0,1,0,0,0,0,0,0,1,0,1,0,0,0,447,225,222
29,567,0082,607045,0000,000000,KARNATAKA,Davanagere,VILLAGE,Sarathi,Rural,235,1037,534,503,108,54,54,301,151,150,111,58,53,616,362,254,421,172,249,508,344,164,495,343,152,102,98,4,330,200,130,0,0,0,63,45,18,13,1,12,0,0,0,11,0,11,0,0,0,2,1,1,12,0,12,0,0,0,11,0,11,0,0,0,1,0,1,1,1,0,0,0,0,0,0,0,0,0,0,1,1,0,529,190,339
29,567,0082,607046,0000,000000,KARNATAKA,Davanagere,VILLAGE,Dondraghatta,Rural,0,0,0,0,0,0,0,0,0,0,0,0,0,0,0,0,0,0,0,0,0,0,0,0,0,0,0,0,0,0,0,0,0,0,0,0,0,0,0,0,0,0,0,0,0,0,0,0,0,0,0,0,0,0,0,0,0,0,0,0,0,0,0,0,0,0,0,0,0,0,0,0,0,0,0,0,0,0,0,0,0,0,0,0,0
29,567,0082,607047,0000,000000,KARNATAKA,Davanagere,VILLAGE,Sunnagere,Rural,193,801,397,404,95,43,52,312,155,157,108,56,52,474,254,220,327,143,184,344,263,81,259,200,59,124,123,1,132,74,58,1,1,0,2,2,0,85,63,22,3,1,2,76,58,18,0,0,0,6,4,2,81,62,19,2,1,1,73,57,16,0,0,0,6,4,2,4,1,3,1,0,1,3,1,2,0,0,0,0,0,0,457,134,323
29,567,0082,607048,0000,000000,KARNATAKA,Davanagere,VILLAGE,Pandogere,Rural,0,0,0,0,0,0,0,0,0,0,0,0,0,0,0,0,0,0,0,0,0,0,0,0,0,0,0,0,0,0,0,0,0,0,0,0,0,0,0,0,0,0,0,0,0,0,0,0,0,0,0,0,0,0,0,0,0,0,0,0,0,0,0,0,0,0,0,0,0,0,0,0,0,0,0,0,0,0,0,0,0,0,0,0,0
29,567,0082,607049,0000,000000,KARNATAKA,Davanagere,VILLAGE,Chikkulikere,Rural,204,933,461,472,99,51,48,494,250,244,0,0,0,625,338,287,308,123,185,439,296,143,298,277,21,6,6,0,248,237,11,1,0,1,43,34,9,141,19,122,1,0,1,109,13,96,10,1,9,21,5,16,130,17,113,1,0,1,104,11,93,6,1,5,19,5,14,11,2,9,0,0,0,5,2,3,4,0,4,2,0,2,494,165,329
29,567,0082,607050,0000,000000,KARNATAKA,Davanagere,VILLAGE,Muddenahalli,Rural,119,509,273,236,38,25,13,54,27,27,32,18,14,376,222,154,133,51,82,206,163,43,58,55,3,10,10,0,2,2,0,7,6,1,39,37,2,148,108,40,32,28,4,44,29,15,47,33,14,25,18,7,100,77,23,23,21,2,19,15,4,36,25,11,22,16,6,48,31,17,9,7,2,25,14,11,11,8,3,3,2,1,303,110,193
29,567,0082,607051,0000,000000,KARNATAKA,Davanagere,VILLAGE,Gurupura,Rural,5,25,14,11,3,2,1,4,3,1,5,3,2,16,10,6,9,4,5,8,8,0,8,8,0,3,3,0,4,4,0,0,0,0,1,1,0,0,0,0,0,0,0,0,0,0,0,0,0,0,0,0,0,0,0,0,0,0,0,0,0,0,0,0,0,0,0,0,0,0,0,0,0,0,0,0,0,0,0,0,0,0,17,6,11
29,567,0082,607052,0000,000000,KARNATAKA,Davanagere,VILLAGE,Machanaikanahalli Kaval,Rural,24,85,48,37,3,2,1,20,11,9,8,4,4,75,43,32,10,5,5,33,32,1,33,32,1,9,9,0,11,11,0,0,0,0,13,12,1,0,0,0,0,0,0,0,0,0,0,0,0,0,0,0,0,0,0,0,0,0,0,0,0,0,0,0,0,0,0,0,0,0,0,0,0,0,0,0,0,0,0,0,0,0,52,16,36
29,567,0082,607053,0000,000000,KARNATAKA,Davanagere,VILLAGE,Machanaikanahalli,Rural,206,913,467,446,109,59,50,95,47,48,522,264,258,684,376,308,229,91,138,353,301,52,325,284,41,188,170,18,84,71,13,3,2,1,50,41,9,28,17,11,6,5,1,17,9,8,0,0,0,5,3,2,28,17,11,6,5,1,17,9,8,0,0,0,5,3,2,0,0,0,0,0,0,0,0,0,0,0,0,0,0,0,560,166,394
29,567,0082,607054,0000,000000,KARNATAKA,Davanagere,VILLAGE,Channagiri (Rural),Rural,7,31,13,18,3,2,1,0,0,0,9,5,4,23,10,13,8,3,5,18,7,11,18,7,11,1,0,1,5,5,0,0,0,0,12,2,10,0,0,0,0,0,0,0,0,0,0,0,0,0,0,0,0,0,0,0,0,0,0,0,0,0,0,0,0,0,0,0,0,0,0,0,0,0,0,0,0,0,0,0,0,0,13,6,7
29,567,0082,607055,0000,000000,KARNATAKA,Davanagere,VILLAGE,Laxmisagara,Rural,126,580,290,290,49,19,30,307,155,152,4,1,3,365,211,154,215,79,136,352,185,167,97,94,3,82,80,2,14,13,1,0,0,0,1,1,0,255,91,164,2,1,1,242,83,159,3,1,2,8,6,2,254,91,163,2,1,1,242,83,159,2,1,1,8,6,2,1,0,1,0,0,0,0,0,0,1,0,1,0,0,0,228,105,123
29,567,0082,607056,0000,000000,KARNATAKA,Davanagere,VILLAGE,Ajjihalli,Rural,516,2386,1228,1158,269,145,124,1056,559,497,94,47,47,1500,862,638,886,366,520,1181,749,432,1175,745,430,285,224,61,751,422,329,7,7,0,132,92,40,6,4,2,2,2,0,3,2,1,0,0,0,1,0,1,5,3,2,2,2,0,2,1,1,0,0,0,1,0,1,1,1,0,0,0,0,1,1,0,0,0,0,0,0,0,1205,479,726
29,567,0082,607057,0000,000000,KARNATAKA,Davanagere,VILLAGE,Haronahalli,Rural,223,1036,539,497,122,68,54,584,296,288,36,20,16,654,380,274,382,159,223,492,340,152,436,291,145,156,154,2,227,94,133,11,11,0,42,32,10,56,49,7,1,1,0,39,34,5,5,4,1,11,10,1,48,43,5,1,1,0,36,33,3,5,4,1,6,5,1,8,6,2,0,0,0,3,1,2,0,0,0,5,5,0,544,199,345
29,567,0082,607058,0000,000000,KARNATAKA,Davanagere,VILLAGE,Yarehalli,Rural,278,1198,602,596,124,68,56,414,217,197,411,196,215,712,406,306,486,196,290,684,364,320,545,338,207,268,227,41,231,85,146,7,5,2,39,21,18,139,26,113,39,6,33,58,7,51,2,1,1,40,12,28,128,21,107,36,6,30,57,7,50,1,0,1,34,8,26,11,5,6,3,0,3,1,0,1,1,1,0,6,4,2,514,238,276
29,567,0082,607059,0000,000000,KARNATAKA,Davanagere,VILLAGE,Gopanhal,Rural,69,324,165,159,43,19,24,23,10,13,242,121,121,189,114,75,135,51,84,118,83,35,118,83,35,41,35,6,42,29,13,2,1,1,33,18,15,0,0,0,0,0,0,0,0,0,0,0,0,0,0,0,0,0,0,0,0,0,0,0,0,0,0,0,0,0,0,0,0,0,0,0,0,0,0,0,0,0,0,0,0,0,206,82,124
29,567,0082,607060,0000,000000,KARNATAKA,Davanagere,VILLAGE,K.Ganadakatte,Rural,328,1548,803,745,156,85,71,230,127,103,754,375,379,1076,628,448,472,175,297,586,486,100,530,453,77,250,240,10,158,113,45,50,37,13,72,63,9,56,33,23,2,2,0,28,13,15,9,6,3,17,12,5,55,33,22,2,2,0,28,13,15,9,6,3,16,12,4,1,0,1,0,0,0,0,0,0,0,0,0,1,0,1,962,317,645
29,567,0082,607061,0000,000000,KARNATAKA,Davanagere,VILLAGE,Joladalu,Rural,260,1209,604,605,132,66,66,407,198,209,553,275,278,679,377,302,530,227,303,577,377,200,402,293,109,167,142,25,155,93,62,23,13,10,57,45,12,175,84,91,12,7,5,78,40,38,6,2,4,79,35,44,159,71,88,11,6,5,69,32,37,4,2,2,75,31,44,16,13,3,1,1,0,9,8,1,2,0,2,4,4,0,632,227,405
29,567,0082,607062,0000,000000,KARNATAKA,Davanagere,VILLAGE,Kukwada,Rural,13,58,29,29,0,0,0,10,5,5,34,16,18,41,23,18,17,6,11,39,22,17,25,17,8,2,2,0,13,8,5,0,0,0,10,7,3,14,5,9,0,0,0,5,1,4,0,0,0,9,4,5,14,5,9,0,0,0,5,1,4,0,0,0,9,4,5,0,0,0,0,0,0,0,0,0,0,0,0,0,0,0,19,7,12
29,567,0082,607063,0000,000000,KARNATAKA,Davanagere,VILLAGE,Mandaganahalu,Rural,0,0,0,0,0,0,0,0,0,0,0,0,0,0,0,0,0,0,0,0,0,0,0,0,0,0,0,0,0,0,0,0,0,0,0,0,0,0,0,0,0,0,0,0,0,0,0,0,0,0,0,0,0,0,0,0,0,0,0,0,0,0,0,0,0,0,0,0,0,0,0,0,0,0,0,0,0,0,0,0,0,0,0,0,0
29,567,0082,607064,0000,000000,KARNATAKA,Davanagere,VILLAGE,Hosahalli,Rural,155,716,363,353,114,55,59,348,179,169,246,120,126,383,221,162,333,142,191,269,226,43,136,110,26,80,64,16,29,26,3,0,0,0,27,20,7,133,116,17,0,0,0,113,97,16,0,0,0,20,19,1,131,114,17,0,0,0,113,97,16,0,0,0,18,17,1,2,2,0,0,0,0,0,0,0,0,0,0,2,2,0,447,137,310
29,567,0082,607065,0000,000000,KARNATAKA,Davanagere,VILLAGE,Nagenahalli,Rural,0,0,0,0,0,0,0,0,0,0,0,0,0,0,0,0,0,0,0,0,0,0,0,0,0,0,0,0,0,0,0,0,0,0,0,0,0,0,0,0,0,0,0,0,0,0,0,0,0,0,0,0,0,0,0,0,0,0,0,0,0,0,0,0,0,0,0,0,0,0,0,0,0,0,0,0,0,0,0,0,0,0,0,0,0
29,567,0082,607066,0000,000000,KARNATAKA,Davanagere,VILLAGE,Komaranahalli,Rural,0,0,0,0,0,0,0,0,0,0,0,0,0,0,0,0,0,0,0,0,0,0,0,0,0,0,0,0,0,0,0,0,0,0,0,0,0,0,0,0,0,0,0,0,0,0,0,0,0,0,0,0,0,0,0,0,0,0,0,0,0,0,0,0,0,0,0,0,0,0,0,0,0,0,0,0,0,0,0,0,0,0,0,0,0
29,567,0082,607067,0000,000000,KARNATAKA,Davanagere,VILLAGE,Kablikatte,Rural,0,0,0,0,0,0,0,0,0,0,0,0,0,0,0,0,0,0,0,0,0,0,0,0,0,0,0,0,0,0,0,0,0,0,0,0,0,0,0,0,0,0,0,0,0,0,0,0,0,0,0,0,0,0,0,0,0,0,0,0,0,0,0,0,0,0,0,0,0,0,0,0,0,0,0,0,0,0,0,0,0,0,0,0,0
29,567,0082,607068,0000,000000,KARNATAKA,Davanagere,VILLAGE,Shivpuradal,Rural,0,0,0,0,0,0,0,0,0,0,0,0,0,0,0,0,0,0,0,0,0,0,0,0,0,0,0,0,0,0,0,0,0,0,0,0,0,0,0,0,0,0,0,0,0,0,0,0,0,0,0,0,0,0,0,0,0,0,0,0,0,0,0,0,0,0,0,0,0,0,0,0,0,0,0,0,0,0,0,0,0,0,0,0,0
29,567,0082,607069,0000,000000,KARNATAKA,Davanagere,VILLAGE,Malligere,Rural,225,962,475,487,96,45,51,295,153,142,21,12,9,555,317,238,407,158,249,388,314,74,385,314,71,165,159,6,206,146,60,2,2,0,12,7,5,3,0,3,3,0,3,0,0,0,0,0,0,0,0,0,3,0,3,3,0,3,0,0,0,0,0,0,0,0,0,0,0,0,0,0,0,0,0,0,0,0,0,0,0,0,574,161,413
29,567,0082,607070,0000,000000,KARNATAKA,Davanagere,VILLAGE,Diggenahalli,Rural,258,1160,579,581,101,48,53,418,210,208,101,47,54,890,488,402,270,91,179,673,387,286,532,314,218,89,72,17,342,204,138,3,2,1,98,36,62,141,73,68,0,0,0,104,54,50,0,0,0,37,19,18,141,73,68,0,0,0,104,54,50,0,0,0,37,19,18,0,0,0,0,0,0,0,0,0,0,0,0,0,0,0,487,192,295
29,567,0082,607071,0000,000000,KARNATAKA,Davanagere,VILLAGE,Mavinahole,Rural,96,398,208,190,54,23,31,190,96,94,16,8,8,205,127,78,193,81,112,236,141,95,196,129,67,100,79,21,58,22,36,8,7,1,30,21,9,40,12,28,2,0,2,24,9,15,2,0,2,12,3,9,40,12,28,2,0,2,24,9,15,2,0,2,12,3,9,0,0,0,0,0,0,0,0,0,0,0,0,0,0,0,162,67,95
29,567,0082,607072,0000,000000,KARNATAKA,Davanagere,VILLAGE,Dandigenahalli,Rural,93,430,215,215,71,30,41,15,8,7,413,206,207,199,116,83,231,99,132,252,151,101,136,112,24,80,65,15,42,38,4,3,2,1,11,7,4,116,39,77,11,4,7,92,32,60,2,1,1,11,2,9,112,38,74,11,4,7,88,31,57,2,1,1,11,2,9,4,1,3,0,0,0,4,1,3,0,0,0,0,0,0,178,64,114
29,567,0082,607073,0000,000000,KARNATAKA,Davanagere,VILLAGE,Rajagondanahalli,Rural,382,1766,894,872,201,103,98,1017,528,489,214,108,106,963,553,410,803,341,462,1084,569,515,518,394,124,275,261,14,204,101,103,10,8,2,29,24,5,566,175,391,22,16,6,527,151,376,1,1,0,16,7,9,558,173,385,18,14,4,526,151,375,1,1,0,13,7,6,8,2,6,4,2,2,1,0,1,0,0,0,3,0,3,682,325,357
29,567,0082,607074,0000,000000,KARNATAKA,Davanagere,VILLAGE,Thippagondanahalli,Rural,409,1884,1001,883,176,99,77,438,228,210,103,59,44,979,590,389,905,411,494,874,587,287,752,563,189,287,280,7,390,222,168,6,5,1,69,56,13,122,24,98,1,1,0,88,12,76,3,2,1,30,9,21,111,21,90,1,1,0,81,11,70,1,1,0,28,8,20,11,3,8,0,0,0,7,1,6,2,1,1,2,1,1,1010,414,596
29,567,0082,607075,0000,000000,KARNATAKA,Davanagere,VILLAGE,Honnebagi,Rural,683,3530,1847,1683,455,231,224,203,99,104,53,27,26,2329,1277,1052,1201,570,631,1245,1062,183,999,875,124,399,380,19,309,234,75,106,98,8,185,163,22,246,187,59,21,14,7,75,66,9,27,22,5,123,85,38,204,154,50,20,13,7,71,62,9,17,13,4,96,66,30,42,33,9,1,1,0,4,4,0,10,9,1,27,19,8,2285,785,1500
29,567,0082,607076,0000,000000,KARNATAKA,Davanagere,VILLAGE,Garaga,Rural,386,1712,870,842,183,92,91,754,393,361,371,182,189,1053,612,441,659,258,401,1004,560,444,734,486,248,130,115,15,429,245,184,53,27,26,122,99,23,270,74,196,29,16,13,49,8,41,91,17,74,101,33,68,182,42,140,18,12,6,42,8,34,60,7,53,62,15,47,88,32,56,11,4,7,7,0,7,31,10,21,39,18,21,708,310,398
29,567,0082,607077,0000,000000,KARNATAKA,Davanagere,VILLAGE,Honnaikanahalli,Rural,191,854,428,426,82,34,48,33,15,18,818,411,407,458,255,203,396,173,223,451,283,168,296,252,44,167,160,7,80,53,27,10,7,3,39,32,7,155,31,124,32,10,22,90,13,77,7,0,7,26,8,18,137,23,114,31,9,22,81,10,71,7,0,7,18,4,14,18,8,10,1,1,0,9,3,6,0,0,0,8,4,4,403,145,258
29,567,0082,607078,0000,000000,KARNATAKA,Davanagere,VILLAGE,Hodigere,Rural,865,3936,1975,1961,388,192,196,551,272,279,1122,564,558,2574,1416,1158,1362,559,803,1321,1141,180,1271,1113,158,825,794,31,247,162,85,24,21,3,175,136,39,50,28,22,10,8,2,23,12,11,6,2,4,11,6,5,50,28,22,10,8,2,23,12,11,6,2,4,11,6,5,0,0,0,0,0,0,0,0,0,0,0,0,0,0,0,2615,834,1781
29,567,0082,607079,0000,000000,KARNATAKA,Davanagere,VILLAGE,Settihalli,Rural,205,877,445,432,55,27,28,112,54,58,4,2,2,650,374,276,227,71,156,523,289,234,274,267,7,221,218,3,40,40,0,0,0,0,13,9,4,249,22,227,3,2,1,75,18,57,3,1,2,168,1,167,58,20,38,2,2,0,54,17,37,2,1,1,0,0,0,191,2,189,1,0,1,21,1,20,1,0,1,168,1,167,354,156,198
29,567,0082,607080,0000,000000,KARNATAKA,Davanagere,VILLAGE,Madapura,Rural,87,420,224,196,35,17,18,26,16,10,5,4,1,314,188,126,106,36,70,275,152,123,144,138,6,120,119,1,4,2,2,1,1,0,19,16,3,131,14,117,5,4,1,118,10,108,6,0,6,2,0,2,110,13,97,5,4,1,98,9,89,6,0,6,1,0,1,21,1,20,0,0,0,20,1,19,0,0,0,1,0,1,145,72,73
29,567,0082,607081,0000,000000,KARNATAKA,Davanagere,VILLAGE,Hebbalagere,Rural,453,1978,984,994,170,71,99,638,321,317,451,220,231,1191,685,506,787,299,488,743,596,147,352,323,29,215,209,6,62,55,7,3,2,1,72,57,15,391,273,118,37,27,10,108,81,27,160,107,53,86,58,28,210,160,50,33,25,8,82,65,17,53,40,13,42,30,12,181,113,68,4,2,2,26,16,10,107,67,40,44,28,16,1235,388,847
29,567,0082,607082,0000,000000,KARNATAKA,Davanagere,VILLAGE,Benkikere,Rural,366,1673,849,824,175,99,76,940,478,462,150,78,72,1018,602,416,655,247,408,950,493,457,437,395,42,94,89,5,277,249,28,6,5,1,60,52,8,513,98,415,5,2,3,411,44,367,14,6,8,83,46,37,449,66,383,5,2,3,394,40,354,14,6,8,36,18,18,64,32,32,0,0,0,17,4,13,0,0,0,47,28,19,723,356,367
29,567,0082,607083,0000,000000,KARNATAKA,Davanagere,VILLAGE,Durgadabasavapura,Rural,0,0,0,0,0,0,0,0,0,0,0,0,0,0,0,0,0,0,0,0,0,0,0,0,0,0,0,0,0,0,0,0,0,0,0,0,0,0,0,0,0,0,0,0,0,0,0,0,0,0,0,0,0,0,0,0,0,0,0,0,0,0,0,0,0,0,0,0,0,0,0,0,0,0,0,0,0,0,0,0,0,0,0,0,0
29,567,0082,607084,0000,000000,KARNATAKA,Davanagere,VILLAGE,Ganduganahanklu,Rural,79,333,170,163,30,15,15,279,144,135,50,25,25,180,119,61,153,51,102,205,117,88,157,92,65,113,71,42,33,14,19,0,0,0,11,7,4,48,25,23,10,3,7,29,18,11,0,0,0,9,4,5,48,25,23,10,3,7,29,18,11,0,0,0,9,4,5,0,0,0,0,0,0,0,0,0,0,0,0,0,0,0,128,53,75
29,567,0082,607085,0000,000000,KARNATAKA,Davanagere,VILLAGE,Halakanhalu,Rural,127,563,279,284,51,24,27,168,91,77,15,8,7,377,217,160,186,62,124,176,161,15,173,158,15,111,111,0,48,37,11,5,5,0,9,5,4,3,3,0,3,3,0,0,0,0,0,0,0,0,0,0,3,3,0,3,3,0,0,0,0,0,0,0,0,0,0,0,0,0,0,0,0,0,0,0,0,0,0,0,0,0,387,118,269
29,567,0082,607086,0000,000000,KARNATAKA,Davanagere,VILLAGE,Pandomatti,Rural,828,3799,1936,1863,330,167,163,1391,702,689,248,121,127,2653,1444,1209,1146,492,654,2398,1306,1092,1832,1095,737,713,535,178,915,415,500,31,19,12,173,126,47,566,211,355,38,28,10,150,40,110,225,26,199,153,117,36,339,116,223,24,18,6,130,35,95,121,11,110,64,52,12,227,95,132,14,10,4,20,5,15,104,15,89,89,65,24,1401,630,771
29,567,0082,607087,0000,000000,KARNATAKA,Davanagere,VILLAGE,Savehadlu,Rural,0,0,0,0,0,0,0,0,0,0,0,0,0,0,0,0,0,0,0,0,0,0,0,0,0,0,0,0,0,0,0,0,0,0,0,0,0,0,0,0,0,0,0,0,0,0,0,0,0,0,0,0,0,0,0,0,0,0,0,0,0,0,0,0,0,0,0,0,0,0,0,0,0,0,0,0,0,0,0,0,0,0,0,0,0
29,567,0082,607088,0000,000000,KARNATAKA,Davanagere,VILLAGE,Narashettihalli,Rural,189,824,419,405,57,29,28,12,6,6,3,1,2,664,364,300,160,55,105,276,265,11,272,263,9,212,208,4,22,22,0,4,4,0,34,29,5,4,2,2,2,1,1,1,1,0,0,0,0,1,0,1,4,2,2,2,1,1,1,1,0,0,0,0,1,0,1,0,0,0,0,0,0,0,0,0,0,0,0,0,0,0,548,154,394
29,567,0082,607089,0000,000000,KARNATAKA,Davanagere,VILLAGE,Benakanahalli,Rural,0,0,0,0,0,0,0,0,0,0,0,0,0,0,0,0,0,0,0,0,0,0,0,0,0,0,0,0,0,0,0,0,0,0,0,0,0,0,0,0,0,0,0,0,0,0,0,0,0,0,0,0,0,0,0,0,0,0,0,0,0,0,0,0,0,0,0,0,0,0,0,0,0,0,0,0,0,0,0,0,0,0,0,0,0
29,567,0082,607090,0000,000000,KARNATAKA,Davanagere,VILLAGE,Bannihatti,Rural,336,1416,742,674,116,61,55,234,125,109,85,40,45,1052,601,451,364,141,223,850,467,383,503,346,157,341,244,97,116,70,46,17,15,2,29,17,12,347,121,226,45,18,27,109,71,38,164,24,140,29,8,21,118,60,58,25,14,11,46,31,15,35,9,26,12,6,6,229,61,168,20,4,16,63,40,23,129,15,114,17,2,15,566,275,291
29,567,0082,607091,0000,000000,KARNATAKA,Davanagere,VILLAGE,Haralakatta,Rural,141,595,296,299,63,37,26,106,56,50,177,84,93,420,234,186,175,62,113,231,176,55,146,110,36,140,105,35,0,0,0,3,2,1,3,3,0,85,66,19,8,3,5,70,60,10,1,0,1,6,3,3,85,66,19,8,3,5,70,60,10,1,0,1,6,3,3,0,0,0,0,0,0,0,0,0,0,0,0,0,0,0,364,120,244
29,567,0082,607092,0000,000000,KARNATAKA,Davanagere,VILLAGE,Vaddanalu,Rural,598,2632,1299,1333,298,149,149,303,148,155,350,179,171,1555,861,694,1077,438,639,1281,801,480,830,608,222,406,351,55,247,116,131,6,6,0,171,135,36,451,193,258,8,3,5,324,148,176,2,1,1,117,41,76,377,178,199,7,2,5,292,144,148,2,1,1,76,31,45,74,15,59,1,1,0,32,4,28,0,0,0,41,10,31,1351,498,853
29,567,0082,607093,0000,000000,KARNATAKA,Davanagere,VILLAGE,Komaranahalli,Rural,45,153,78,75,16,9,7,153,78,75,0,0,0,36,18,18,117,60,57,78,50,28,2,2,0,0,0,0,1,1,0,0,0,0,1,1,0,76,48,28,1,1,0,75,47,28,0,0,0,0,0,0,57,35,22,0,0,0,57,35,22,0,0,0,0,0,0,19,13,6,1,1,0,18,12,6,0,0,0,0,0,0,75,28,47
29,567,0082,607094,0000,000000,KARNATAKA,Davanagere,VILLAGE,Kanchiganahalu,Rural,470,1984,982,1002,164,84,80,651,309,342,52,25,27,1304,736,568,680,246,434,946,642,304,897,605,292,571,427,144,277,139,138,7,5,2,42,34,8,49,37,12,23,21,2,19,9,10,3,3,0,4,4,0,49,37,12,23,21,2,19,9,10,3,3,0,4,4,0,0,0,0,0,0,0,0,0,0,0,0,0,0,0,0,1038,340,698
29,567,0082,607095,0000,000000,KARNATAKA,Davanagere,VILLAGE,Mahadevapura,Rural,46,191,91,100,14,7,7,0,0,0,0,0,0,144,74,70,47,17,30,72,55,17,68,52,16,58,48,10,8,2,6,0,0,0,2,2,0,4,3,1,2,1,1,2,2,0,0,0,0,0,0,0,4,3,1,2,1,1,2,2,0,0,0,0,0,0,0,0,0,0,0,0,0,0,0,0,0,0,0,0,0,0,119,36,83
29,567,0082,607096,0000,000000,KARNATAKA,Davanagere,VILLAGE,Bettakaduru,Rural,199,849,452,397,88,50,38,125,66,59,717,382,335,576,343,233,273,109,164,515,274,241,505,267,238,144,127,17,328,119,209,18,14,4,15,7,8,10,7,3,0,0,0,10,7,3,0,0,0,0,0,0,5,3,2,0,0,0,5,3,2,0,0,0,0,0,0,5,4,1,0,0,0,5,4,1,0,0,0,0,0,0,334,178,156
29,567,0082,607097,0000,000000,KARNATAKA,Davanagere,VILLAGE,Penasamudra,Rural,130,595,294,301,55,22,33,262,132,130,47,23,24,337,197,140,258,97,161,269,180,89,181,142,39,5,2,3,93,64,29,0,0,0,83,76,7,88,38,50,0,0,0,77,28,49,0,0,0,11,10,1,88,38,50,0,0,0,77,28,49,0,0,0,11,10,1,0,0,0,0,0,0,0,0,0,0,0,0,0,0,0,326,114,212
29,567,0082,607098,0000,000000,KARNATAKA,Davanagere,VILLAGE,Goppenahalli,Rural,550,2137,1041,1096,175,99,76,224,106,118,203,101,102,1603,844,759,534,197,337,1021,618,403,882,555,327,312,274,38,394,145,249,2,2,0,174,134,40,139,63,76,2,1,1,91,43,48,0,0,0,46,19,27,129,61,68,2,1,1,86,41,45,0,0,0,41,19,22,10,2,8,0,0,0,5,2,3,0,0,0,5,0,5,1116,423,693
29,567,0082,607099,0000,000000,KARNATAKA,Davanagere,VILLAGE,Malahalu,Rural,571,2749,1375,1374,241,124,117,182,84,98,787,387,400,1995,1075,920,754,300,454,1622,917,705,1417,892,525,767,720,47,398,61,337,15,8,7,237,103,134,205,25,180,7,1,6,164,13,151,3,0,3,31,11,20,199,19,180,6,0,6,161,10,151,3,0,3,29,9,20,6,6,0,1,1,0,3,3,0,0,0,0,2,2,0,1127,458,669
29,567,0082,607100,0000,000000,KARNATAKA,Davanagere,VILLAGE,Maravanji,Rural,484,2050,1079,971,196,95,101,1265,660,605,58,32,26,1205,720,485,845,359,486,1149,684,465,666,485,181,337,322,15,109,76,33,9,7,2,211,80,131,483,199,284,27,15,12,393,158,235,2,0,2,61,26,35,427,180,247,21,13,8,372,151,221,2,0,2,32,16,16,56,19,37,6,2,4,21,7,14,0,0,0,29,10,19,901,395,506
29,567,0082,607101,0000,000000,KARNATAKA,Davanagere,VILLAGE,Medugondanahalli,Rural,210,940,460,480,85,43,42,322,151,171,0,0,0,709,370,339,231,90,141,330,236,94,175,163,12,119,113,6,24,23,1,0,0,0,32,27,5,155,73,82,3,2,1,142,68,74,0,0,0,10,3,7,152,71,81,3,2,1,140,67,73,0,0,0,9,2,7,3,2,1,0,0,0,2,1,1,0,0,0,1,1,0,610,224,386
29,567,0082,607102,0000,000000,KARNATAKA,Davanagere,VILLAGE,Beedugondanahalli,Rural,291,1269,599,670,161,78,83,1221,577,644,0,0,0,609,332,277,660,267,393,732,378,354,580,335,245,281,208,73,237,90,147,0,0,0,62,37,25,152,43,109,12,6,6,92,27,65,0,0,0,48,10,38,129,35,94,12,6,6,76,22,54,0,0,0,41,7,34,23,8,15,0,0,0,16,5,11,0,0,0,7,3,4,537,221,316
29,567,0082,607103,0000,000000,KARNATAKA,Davanagere,VILLAGE,Jammapura,Rural,157,767,398,369,67,40,27,213,111,102,332,176,156,580,320,260,187,78,109,472,248,224,116,105,11,91,89,2,12,10,2,0,0,0,13,6,7,356,143,213,20,16,4,301,123,178,3,0,3,32,4,28,356,143,213,20,16,4,301,123,178,3,0,3,32,4,28,0,0,0,0,0,0,0,0,0,0,0,0,0,0,0,295,150,145
29,567,0082,607104,0000,000000,KARNATAKA,Davanagere,VILLAGE,Kalkere,Rural,17,71,34,37,10,5,5,56,27,29,12,5,7,36,18,18,35,16,19,42,24,18,40,23,17,9,5,4,30,17,13,0,0,0,1,1,0,2,1,1,1,1,0,1,0,1,0,0,0,0,0,0,1,1,0,1,1,0,0,0,0,0,0,0,0,0,0,1,0,1,0,0,0,1,0,1,0,0,0,0,0,0,29,10,19
29,567,0082,607105,0000,000000,KARNATAKA,Davanagere,VILLAGE,Hanumalapura,Rural,74,281,124,157,34,15,19,208,92,116,11,4,7,131,63,68,150,61,89,163,86,77,150,83,67,49,33,16,94,47,47,0,0,0,7,3,4,13,3,10,5,1,4,8,2,6,0,0,0,0,0,0,9,1,8,3,0,3,6,1,5,0,0,0,0,0,0,4,2,2,2,1,1,2,1,1,0,0,0,0,0,0,118,38,80
29,567,0082,607106,0000,000000,KARNATAKA,Davanagere,VILLAGE,Megyathanahalli,Rural,0,0,0,0,0,0,0,0,0,0,0,0,0,0,0,0,0,0,0,0,0,0,0,0,0,0,0,0,0,0,0,0,0,0,0,0,0,0,0,0,0,0,0,0,0,0,0,0,0,0,0,0,0,0,0,0,0,0,0,0,0,0,0,0,0,0,0,0,0,0,0,0,0,0,0,0,0,0,0,0,0,0,0,0,0
29,567,0082,607107,0000,000000,KARNATAKA,Davanagere,VILLAGE,Chikkasandi,Rural,80,307,142,165,20,9,11,81,35,46,0,0,0,211,108,103,96,34,62,164,97,67,142,92,50,85,60,25,52,30,22,0,0,0,5,2,3,22,5,17,5,1,4,14,4,10,0,0,0,3,0,3,20,5,15,4,1,3,13,4,9,0,0,0,3,0,3,2,0,2,1,0,1,1,0,1,0,0,0,0,0,0,143,45,98
29,567,0082,607108,0000,000000,KARNATAKA,Davanagere,VILLAGE,Hakkihalli,Rural,0,0,0,0,0,0,0,0,0,0,0,0,0,0,0,0,0,0,0,0,0,0,0,0,0,0,0,0,0,0,0,0,0,0,0,0,0,0,0,0,0,0,0,0,0,0,0,0,0,0,0,0,0,0,0,0,0,0,0,0,0,0,0,0,0,0,0,0,0,0,0,0,0,0,0,0,0,0,0,0,0,0,0,0,0
29,567,0082,607109,0000,000000,KARNATAKA,Davanagere,VILLAGE,Khaggi,Rural,136,495,245,250,30,16,14,134,66,68,0,0,0,386,202,184,109,43,66,289,184,105,233,184,49,144,136,8,80,43,37,0,0,0,9,5,4,56,0,56,24,0,24,32,0,32,0,0,0,0,0,0,56,0,56,24,0,24,32,0,32,0,0,0,0,0,0,0,0,0,0,0,0,0,0,0,0,0,0,0,0,0,206,61,145
29,567,0082,607110,0000,000000,KARNATAKA,Davanagere,VILLAGE,Chikkamalali,Rural,134,584,300,284,85,46,39,476,240,236,0,0,0,309,182,127,275,118,157,361,182,179,150,144,6,49,48,1,90,87,3,0,0,0,11,9,2,211,38,173,13,8,5,44,28,16,0,0,0,154,2,152,209,37,172,13,8,5,43,27,16,0,0,0,153,2,151,2,1,1,0,0,0,1,1,0,0,0,0,1,0,1,223,118,105
29,567,0082,607111,0000,000000,KARNATAKA,Davanagere,VILLAGE,Doddamalali,Rural,0,0,0,0,0,0,0,0,0,0,0,0,0,0,0,0,0,0,0,0,0,0,0,0,0,0,0,0,0,0,0,0,0,0,0,0,0,0,0,0,0,0,0,0,0,0,0,0,0,0,0,0,0,0,0,0,0,0,0,0,0,0,0,0,0,0,0,0,0,0,0,0,0,0,0,0,0,0,0,0,0,0,0,0,0
29,567,0082,607112,0000,000000,KARNATAKA,Davanagere,VILLAGE,Rangapura,Rural,0,0,0,0,0,0,0,0,0,0,0,0,0,0,0,0,0,0,0,0,0,0,0,0,0,0,0,0,0,0,0,0,0,0,0,0,0,0,0,0,0,0,0,0,0,0,0,0,0,0,0,0,0,0,0,0,0,0,0,0,0,0,0,0,0,0,0,0,0,0,0,0,0,0,0,0,0,0,0,0,0,0,0,0,0
29,567,0082,607113,0000,000000,KARNATAKA,Davanagere,VILLAGE,Ubrani,Rural,167,731,371,360,83,43,40,9,4,5,6,2,4,557,294,263,174,77,97,225,203,22,220,200,20,73,69,4,109,103,6,0,0,0,38,28,10,5,3,2,0,0,0,3,2,1,0,0,0,2,1,1,5,3,2,0,0,0,3,2,1,0,0,0,2,1,1,0,0,0,0,0,0,0,0,0,0,0,0,0,0,0,506,168,338
29,567,0082,607114,0000,000000,KARNATAKA,Davanagere,VILLAGE,Dasarahosahalli,Rural,0,0,0,0,0,0,0,0,0,0,0,0,0,0,0,0,0,0,0,0,0,0,0,0,0,0,0,0,0,0,0,0,0,0,0,0,0,0,0,0,0,0,0,0,0,0,0,0,0,0,0,0,0,0,0,0,0,0,0,0,0,0,0,0,0,0,0,0,0,0,0,0,0,0,0,0,0,0,0,0,0,0,0,0,0
29,567,0082,607115,0000,000000,KARNATAKA,Davanagere,VILLAGE,Shankaripura,Rural,118,483,242,241,44,21,23,72,38,34,0,0,0,346,185,161,137,57,80,332,167,165,272,144,128,165,111,54,77,9,68,13,13,0,17,11,6,60,23,37,24,10,14,14,3,11,2,1,1,20,9,11,57,23,34,22,10,12,14,3,11,1,1,0,20,9,11,3,0,3,2,0,2,0,0,0,1,0,1,0,0,0,151,75,76
29,567,0082,607116,0000,000000,KARNATAKA,Davanagere,VILLAGE,Kodagikere,Rural,155,693,332,361,81,38,43,137,75,62,144,68,76,350,191,159,343,141,202,452,223,229,343,214,129,119,108,11,183,71,112,14,13,1,27,22,5,109,9,100,3,2,1,26,0,26,0,0,0,80,7,73,105,9,96,3,2,1,26,0,26,0,0,0,76,7,69,4,0,4,0,0,0,0,0,0,0,0,0,4,0,4,241,109,132
29,567,0082,607117,0000,000000,KARNATAKA,Davanagere,VILLAGE,Basavapura,Rural,40,167,80,87,22,12,10,0,0,0,56,31,25,87,53,34,80,27,53,103,49,54,61,49,12,52,48,4,6,1,5,1,0,1,2,0,2,42,0,42,0,0,0,0,0,0,0,0,0,42,0,42,40,0,40,0,0,0,0,0,0,0,0,0,40,0,40,2,0,2,0,0,0,0,0,0,0,0,0,2,0,2,64,31,33
29,567,0082,607118,0000,000000,KARNATAKA,Davanagere,VILLAGE,Durvigere,Rural,457,1850,931,919,197,98,99,341,168,173,260,146,114,1278,703,575,572,228,344,1134,595,539,938,501,437,323,254,69,323,149,174,120,72,48,172,26,146,196,94,102,29,28,1,49,27,22,17,10,7,101,29,72,175,84,91,29,28,1,43,24,19,13,8,5,90,24,66,21,10,11,0,0,0,6,3,3,4,2,2,11,5,6,716,336,380
29,567,0082,607119,0000,000000,KARNATAKA,Davanagere,VILLAGE,Veerapura,Rural,55,228,115,113,20,10,10,187,96,91,0,0,0,153,87,66,75,28,47,150,80,70,82,66,16,57,53,4,1,1,0,3,3,0,21,9,12,68,14,54,21,5,16,3,0,3,2,1,1,42,8,34,63,12,51,19,5,14,3,0,3,2,1,1,39,6,33,5,2,3,2,0,2,0,0,0,0,0,0,3,2,1,78,35,43
29,567,0082,607120,0000,000000,KARNATAKA,Davanagere,VILLAGE,Thavarekere,Rural,632,2855,1480,1375,297,168,129,448,250,198,28,12,16,2021,1092,929,834,388,446,1230,878,352,784,647,137,244,225,19,148,112,36,124,86,38,268,224,44,446,231,215,146,25,121,89,65,24,14,3,11,197,138,59,403,224,179,136,24,112,83,64,19,10,2,8,174,134,40,43,7,36,10,1,9,6,1,5,4,1,3,23,4,19,1625,602,1023
29,567,0082,607121,0000,000000,KARNATAKA,Davanagere,VILLAGE,Basavanahalli,Rural,0,0,0,0,0,0,0,0,0,0,0,0,0,0,0,0,0,0,0,0,0,0,0,0,0,0,0,0,0,0,0,0,0,0,0,0,0,0,0,0,0,0,0,0,0,0,0,0,0,0,0,0,0,0,0,0,0,0,0,0,0,0,0,0,0,0,0,0,0,0,0,0,0,0,0,0,0,0,0,0,0,0,0,0,0
29,567,0082,607122,0000,000000,KARNATAKA,Davanagere,VILLAGE,Mugalihalli,Rural,194,734,387,347,33,19,14,46,22,24,0,0,0,624,337,287,110,50,60,518,266,252,266,259,7,239,239,0,7,5,2,3,2,1,17,13,4,252,7,245,3,2,1,4,1,3,1,0,1,244,4,240,252,7,245,3,2,1,4,1,3,1,0,1,244,4,240,0,0,0,0,0,0,0,0,0,0,0,0,0,0,0,216,121,95
29,567,0082,607123,0000,000000,KARNATAKA,Davanagere,VILLAGE,Nellihanklu,Rural,112,475,226,249,50,24,26,308,154,154,13,5,8,283,155,128,192,71,121,267,149,118,146,128,18,77,77,0,54,42,12,0,0,0,15,9,6,121,21,100,2,1,1,115,17,98,0,0,0,4,3,1,119,19,100,2,1,1,115,17,98,0,0,0,2,1,1,2,2,0,0,0,0,0,0,0,0,0,0,2,2,0,208,77,131
29,567,0082,607124,0000,000000,KARNATAKA,Davanagere,VILLAGE,Kolkere,Rural,40,182,94,88,27,16,11,182,94,88,0,0,0,76,47,29,106,47,59,102,57,45,102,57,45,4,4,0,12,6,6,0,0,0,86,47,39,0,0,0,0,0,0,0,0,0,0,0,0,0,0,0,0,0,0,0,0,0,0,0,0,0,0,0,0,0,0,0,0,0,0,0,0,0,0,0,0,0,0,0,0,0,80,37,43
29,567,0082,607125,0000,000000,KARNATAKA,Davanagere,VILLAGE,Karkikere,Rural,1,5,2,3,0,0,0,0,0,0,0,0,0,4,1,3,1,1,0,3,2,1,2,2,0,2,2,0,0,0,0,0,0,0,0,0,0,1,0,1,1,0,1,0,0,0,0,0,0,0,0,0,1,0,1,1,0,1,0,0,0,0,0,0,0,0,0,0,0,0,0,0,0,0,0,0,0,0,0,0,0,0,2,0,2
29,567,0082,607126,0000,000000,KARNATAKA,Davanagere,VILLAGE,Masanikere,Rural,168,707,376,331,73,43,30,73,37,36,217,113,104,500,288,212,207,88,119,447,243,204,242,221,21,206,192,14,3,2,1,2,2,0,31,25,6,205,22,183,205,22,183,0,0,0,0,0,0,0,0,0,144,17,127,144,17,127,0,0,0,0,0,0,0,0,0,61,5,56,61,5,56,0,0,0,0,0,0,0,0,0,260,133,127
29,567,0082,607127,0000,000000,KARNATAKA,Davanagere,VILLAGE,Gangondanahalli,Rural,221,910,458,452,90,48,42,340,164,176,317,170,147,592,312,280,318,146,172,606,322,284,304,235,69,222,191,31,68,34,34,2,2,0,12,8,4,302,87,215,25,12,13,223,69,154,6,1,5,48,5,43,301,87,214,25,12,13,222,69,153,6,1,5,48,5,43,1,0,1,0,0,0,1,0,1,0,0,0,0,0,0,304,136,168
29,567,0082,607128,0000,000000,KARNATAKA,Davanagere,VILLAGE,Gondhihosalli,Rural,83,310,146,164,29,15,14,158,75,83,0,0,0,236,117,119,74,29,45,206,104,102,161,81,80,74,43,31,86,38,48,0,0,0,1,0,1,45,23,22,12,5,7,27,14,13,0,0,0,6,4,2,43,22,21,12,5,7,27,14,13,0,0,0,4,3,1,2,1,1,0,0,0,0,0,0,0,0,0,2,1,1,104,42,62
29,567,0082,607129,0000,000000,KARNATAKA,Davanagere,VILLAGE,Athigatta,Rural,0,0,0,0,0,0,0,0,0,0,0,0,0,0,0,0,0,0,0,0,0,0,0,0,0,0,0,0,0,0,0,0,0,0,0,0,0,0,0,0,0,0,0,0,0,0,0,0,0,0,0,0,0,0,0,0,0,0,0,0,0,0,0,0,0,0,0,0,0,0,0,0,0,0,0,0,0,0,0,0,0,0,0,0,0
