State/UTs_Code,District_Code,CD Block_Code,Town/Village_Code,Ward_Code,EB_Code,State/UTs_Name,District_Name,Level,Name,Total/Rural/Urban,No of Households,Total Population Person,Total Population Male,Total Population Female,Population in the age group 0-6 Person,Population in the age group 0-6 Male,Population in the age group 0-6 Female,Scheduled Castes population Person,Scheduled Castes population Male,Scheduled Castes population Female,Scheduled Tribes population Person,Scheduled Tribes population Male,Scheduled Tribes population Female,Literates Population Person,Literates Population Male,Literates Population Female,Illiterate Persons,Illiterate Male,Illiterate Female,Total Worker Population Person,Total Worker Population Male,Total Worker Population Female,Main Working Population Person,Main Working Population Male,Main Working Population Female,Main Cultivator Population Person,Main Cultivator Population Male,Main Cultivator Population Female,Main Agricultural Labourers Population Person,Main Agricultural Labourers Population Male,Main Agricultural Labourers Population Female,Main Household Industries Population Person,Main Household Industries Population Male,Main Household Industries Population Female,Main Other Workers Population Person,Main Other Workers Population Male,Main Other Workers Population Female,Marginal Worker Population Person,Marginal Worker Population Male,Marginal Worker Population Female,Marginal Cultivator Population Person,Marginal Cultivator Population Male,Marginal Cultivator Population Female,Marginal Agriculture Labourers Population Person,Marginal Agriculture Labourers Population Male,Marginal Agriculture Labourers Population Female,Marginal Household Industries Population Person,Marginal Household Industries Population Male,Marginal Household Industries Population Female,Marginal Other Workers Population Person,Marginal Other Workers Population Male,Marginal Other Workers Population Female,Marginal Worker Population 3_6 Person,Marginal Worker Population 3_6 Male,Marginal Worker Population 3_6 Female,Marginal Cultivator Population 3_6 Person,Marginal Cultivator Population 3_6 Male,Marginal Cultivator Population 3_6 Female,Marginal Agriculture Labourers Population 3_6 Person,Marginal Agriculture Labourers Population 3_6 Male,Marginal Agriculture Labourers Population 3_6 Female,Marginal Household Industries Population 3_6 Person,Marginal Household Industries Population 3_6 Male,Marginal Household Industries Population 3-6 Female,Marginal Other Workers Population Person 3_6 Person,Marginal Other Workers Population Person 3_6 Male,Marginal Other Workers Population Person 3_6 Female,Marginal Worker Population 0_3 Person,Marginal Worker Population 0_3 Male,Marginal Worker Population 0_3_Female,Marginal Cultivator Population 0_3 Person,Marginal Cultivator Population 0_3 Male,Marginal Cultivator Population 0_3_Female,Marginal Agriculture Labourers Population 0_3 Person,Marginal Agriculture Labourers Population 0_3 Male,Marginal Agriculture Labourers Population 0_3 Female,Marginal Household Industries Population 0_3 Person,Marginal Household Industries Population 0_3 Male,Marginal Household Industries Population 0_3 Female,Marginal Other Workers Population 0_3 Person,Marginal Other Workers Population 0_3 Male,Marginal Other Workers Population 0_3 Female,Non Working Population Person,Non Working Population Male,Non Working Population Female
29,556,0011,000000,0000,000000,KARNATAKA,Bagalkot,CD BLOCK,Jamkhandi,Total,55639,298146,151059,147087,45338,23391,21947,52059,25789,26270,4711,2360,2351,160026,92434,67592,138120,58625,79495,125318,79836,45482,107583,73969,33614,48911,38922,9989,39614,20551,19063,2691,1933,758,16367,12563,3804,17735,5867,11868,2316,920,1396,11732,3054,8678,858,427,431,2829,1466,1363,15900,5252,10648,1912,783,1129,10909,2851,8058,713,346,367,2366,1272,1094,1835,615,1220,404,137,267,823,203,620,145,81,64,463,194,269,172828,71223,101605
29,556,0011,000000,0000,000000,KARNATAKA,Bagalkot,CD BLOCK,Jamkhandi,Rural,55639,298146,151059,147087,45338,23391,21947,52059,25789,26270,4711,2360,2351,160026,92434,67592,138120,58625,79495,125318,79836,45482,107583,73969,33614,48911,38922,9989,39614,20551,19063,2691,1933,758,16367,12563,3804,17735,5867,11868,2316,920,1396,11732,3054,8678,858,427,431,2829,1466,1363,15900,5252,10648,1912,783,1129,10909,2851,8058,713,346,367,2366,1272,1094,1835,615,1220,404,137,267,823,203,620,145,81,64,463,194,269,172828,71223,101605
29,556,0011,000000,0000,000000,KARNATAKA,Bagalkot,CD BLOCK,Jamkhandi,Urban,0,0,0,0,0,0,0,0,0,0,0,0,0,0,0,0,0,0,0,0,0,0,0,0,0,0,0,0,0,0,0,0,0,0,0,0,0,0,0,0,0,0,0,0,0,0,0,0,0,0,0,0,0,0,0,0,0,0,0,0,0,0,0,0,0,0,0,0,0,0,0,0,0,0,0,0,0,0,0,0,0,0,0,0,0
29,556,0011,598402,0000,000000,KARNATAKA,Bagalkot,VILLAGE,Kalhatti,Rural,84,437,230,207,68,42,26,20,11,9,0,0,0,268,159,109,169,71,98,249,125,124,95,91,4,79,78,1,7,5,2,0,0,0,9,8,1,154,34,120,19,18,1,130,12,118,0,0,0,5,4,1,152,33,119,19,18,1,129,12,117,0,0,0,4,3,1,2,1,1,0,0,0,1,0,1,0,0,0,1,1,0,188,105,83
29,556,0011,598403,0000,000000,KARNATAKA,Bagalkot,VILLAGE,Terdal (Rural),Rural,938,5548,2871,2677,846,437,409,583,305,278,24,12,12,3117,1819,1298,2431,1052,1379,2443,1619,824,2185,1568,617,1286,1123,163,776,332,444,0,0,0,123,113,10,258,51,207,31,21,10,209,16,193,3,2,1,15,12,3,255,49,206,30,21,9,209,16,193,2,1,1,14,11,3,3,2,1,1,0,1,0,0,0,1,1,0,1,1,0,3105,1252,1853
29,556,0011,598404,0000,000000,KARNATAKA,Bagalkot,VILLAGE,Tamadaddi,Rural,653,3101,1548,1553,409,210,199,882,425,457,0,0,0,1754,1025,729,1347,523,824,1368,867,501,1351,863,488,459,403,56,750,381,369,13,12,1,129,67,62,17,4,13,6,1,5,7,0,7,0,0,0,4,3,1,16,4,12,6,1,5,6,0,6,0,0,0,4,3,1,1,0,1,0,0,0,1,0,1,0,0,0,0,0,0,1733,681,1052
29,556,0011,598405,0000,000000,KARNATAKA,Bagalkot,VILLAGE,Halingali,Rural,1455,7363,3845,3518,984,538,446,1856,935,921,9,3,6,4169,2507,1662,3194,1338,1856,2846,1980,866,2734,1927,807,798,766,32,1410,744,666,59,50,9,467,367,100,112,53,59,8,7,1,81,34,47,4,3,1,19,9,10,107,51,56,8,7,1,77,33,44,4,3,1,18,8,10,5,2,3,0,0,0,4,1,3,0,0,0,1,1,0,4517,1865,2652
29,556,0011,598406,0000,000000,KARNATAKA,Bagalkot,VILLAGE,Madanamatti,Rural,224,1207,599,608,189,104,85,130,57,73,0,0,0,660,382,278,547,217,330,337,321,16,332,317,15,167,165,2,52,46,6,1,1,0,112,105,7,5,4,1,0,0,0,0,0,0,0,0,0,5,4,1,4,3,1,0,0,0,0,0,0,0,0,0,4,3,1,1,1,0,0,0,0,0,0,0,0,0,0,1,1,0,870,278,592
29,556,0011,598407,0000,000000,KARNATAKA,Bagalkot,VILLAGE,Asangi,Rural,1004,5787,2953,2834,760,387,373,910,471,439,19,9,10,3263,1906,1357,2524,1047,1477,2233,1633,600,2165,1584,581,660,496,164,702,425,277,230,173,57,573,490,83,68,49,19,2,1,1,52,37,15,2,0,2,12,11,1,63,45,18,2,1,1,47,33,14,2,0,2,12,11,1,5,4,1,0,0,0,5,4,1,0,0,0,0,0,0,3554,1320,2234
29,556,0011,598408,0000,000000,KARNATAKA,Bagalkot,VILLAGE,Kulhalli,Rural,1559,8353,4269,4084,1353,711,642,1702,823,879,42,20,22,4203,2477,1726,4150,1792,2358,3720,2272,1448,2951,2016,935,1317,1029,288,1125,617,508,35,25,10,474,345,129,769,256,513,84,41,43,509,86,423,26,21,5,150,108,42,634,157,477,67,34,33,470,69,401,14,9,5,83,45,38,135,99,36,17,7,10,39,17,22,12,12,0,67,63,4,4633,1997,2636
29,556,0011,598409,0000,000000,KARNATAKA,Bagalkot,VILLAGE,Hipparagi,Rural,1592,8560,4379,4181,1268,668,600,1351,691,660,270,140,130,4740,2713,2027,3820,1666,2154,4338,2414,1924,3625,2242,1383,1963,1419,544,1090,472,618,37,18,19,535,333,202,713,172,541,36,12,24,605,131,474,25,12,13,47,17,30,558,107,451,30,10,20,479,83,396,10,1,9,39,13,26,155,65,90,6,2,4,126,48,78,15,11,4,8,4,4,4222,1965,2257
29,556,0011,598410,0000,000000,KARNATAKA,Bagalkot,VILLAGE,Madarkhandi,Rural,969,5026,2556,2470,765,386,379,1124,587,537,1,1,0,2870,1677,1193,2156,879,1277,2163,1378,785,2017,1329,688,953,690,263,635,320,315,51,21,30,378,298,80,146,49,97,29,14,15,75,12,63,20,9,11,22,14,8,116,33,83,21,12,9,69,9,60,8,2,6,18,10,8,30,16,14,8,2,6,6,3,3,12,7,5,4,4,0,2863,1178,1685
29,556,0011,598411,0000,000000,KARNATAKA,Bagalkot,VILLAGE,Bandigani,Rural,362,2140,1104,1036,376,194,182,585,302,283,210,98,112,940,560,380,1200,544,656,1174,596,578,1164,593,571,528,288,240,576,257,319,2,1,1,58,47,11,10,3,7,3,1,2,3,1,2,1,1,0,3,0,3,7,3,4,3,1,2,2,1,1,1,1,0,1,0,1,3,0,3,0,0,0,1,0,1,0,0,0,2,0,2,966,508,458
29,556,0011,598412,0000,000000,KARNATAKA,Bagalkot,VILLAGE,Yallatti,Rural,611,3338,1662,1676,468,237,231,518,260,258,0,0,0,1787,1045,742,1551,617,934,1574,907,667,1411,811,600,663,421,242,511,198,313,25,18,7,212,174,38,163,96,67,9,3,6,71,16,55,4,4,0,79,73,6,162,96,66,9,3,6,71,16,55,4,4,0,78,73,5,1,0,1,0,0,0,0,0,0,0,0,0,1,0,1,1764,755,1009
29,556,0011,598413,0000,000000,KARNATAKA,Bagalkot,VILLAGE,Jagadal,Rural,1389,7815,3958,3857,1268,645,623,1817,901,916,6,5,1,4045,2354,1691,3770,1604,2166,3884,2249,1635,3004,2033,971,1491,1126,365,1372,794,578,33,26,7,108,87,21,880,216,664,56,10,46,742,168,574,4,0,4,78,38,40,854,200,654,56,10,46,733,163,570,2,0,2,63,27,36,26,16,10,0,0,0,9,5,4,2,0,2,15,11,4,3931,1709,2222
29,556,0011,598414,0000,000000,KARNATAKA,Bagalkot,VILLAGE,Banhatti (Rural),Rural,215,1345,682,663,225,106,119,44,24,20,0,0,0,730,418,312,615,264,351,695,378,317,688,374,314,541,299,242,135,68,67,1,0,1,11,7,4,7,4,3,3,2,1,0,0,0,2,1,1,2,1,1,6,4,2,2,2,0,0,0,0,2,1,1,2,1,1,1,0,1,1,0,1,0,0,0,0,0,0,0,0,0,650,304,346
29,556,0011,598415,0000,000000,KARNATAKA,Bagalkot,VILLAGE,Hosur,Rural,628,3582,1821,1761,607,301,306,441,219,222,7,4,3,1893,1103,790,1689,718,971,1753,1025,728,1541,995,546,1121,874,247,392,98,294,5,4,1,23,19,4,212,30,182,18,11,7,174,7,167,14,8,6,6,4,2,206,26,180,17,10,7,170,5,165,14,8,6,5,3,2,6,4,2,1,1,0,4,2,2,0,0,0,1,1,0,1829,796,1033
29,556,0011,598416,0000,000000,KARNATAKA,Bagalkot,VILLAGE,Rabkavi (Rural),Rural,105,814,422,392,140,74,66,31,13,18,0,0,0,342,194,148,472,228,244,469,236,233,218,213,5,193,190,3,17,15,2,1,1,0,7,7,0,251,23,228,14,5,9,233,16,217,2,1,1,2,1,1,243,20,223,12,4,8,227,14,213,2,1,1,2,1,1,8,3,5,2,1,1,6,2,4,0,0,0,0,0,0,345,186,159
29,556,0011,598417,0000,000000,KARNATAKA,Bagalkot,VILLAGE,Hangandi,Rural,1108,6438,3219,3219,1102,561,541,836,397,439,13,8,5,3485,1976,1509,2953,1243,1710,2099,1724,375,1686,1466,220,699,646,53,587,453,134,141,135,6,259,232,27,413,258,155,86,52,34,179,84,95,50,43,7,98,79,19,316,198,118,8,3,5,168,76,92,46,43,3,94,76,18,97,60,37,78,49,29,11,8,3,4,0,4,4,3,1,4339,1495,2844
29,556,0011,598418,0000,000000,KARNATAKA,Bagalkot,VILLAGE,Sasalatti ,Rural,1311,8226,4251,3975,1156,614,542,974,501,473,23,8,15,4714,2725,1989,3512,1526,1986,2876,2146,730,2703,2073,630,1523,1393,130,973,511,462,29,26,3,178,143,35,173,73,100,37,25,12,92,18,74,4,0,4,40,30,10,151,65,86,33,22,11,79,17,62,4,0,4,35,26,9,22,8,14,4,3,1,13,1,12,0,0,0,5,4,1,5350,2105,3245
29,556,0011,598419,0000,000000,KARNATAKA,Bagalkot,VILLAGE,Kaltippi,Rural,362,2241,1161,1080,361,215,146,167,86,81,0,0,0,1087,618,469,1154,543,611,825,622,203,767,615,152,483,410,73,218,152,66,8,7,1,58,46,12,58,7,51,3,1,2,51,4,47,0,0,0,4,2,2,54,7,47,3,1,2,48,4,44,0,0,0,3,2,1,4,0,4,0,0,0,3,0,3,0,0,0,1,0,1,1416,539,877
29,556,0011,598420,0000,000000,KARNATAKA,Bagalkot,VILLAGE,Golbhavi,Rural,995,5099,2538,2561,829,431,398,894,461,433,3,1,2,2504,1415,1089,2595,1123,1472,2265,1336,929,2250,1327,923,752,605,147,1310,596,714,87,57,30,101,69,32,15,9,6,9,5,4,2,1,1,1,0,1,3,3,0,15,9,6,9,5,4,2,1,1,1,0,1,3,3,0,0,0,0,0,0,0,0,0,0,0,0,0,0,0,0,2834,1202,1632
29,556,0011,598421,0000,000000,KARNATAKA,Bagalkot,VILLAGE,Yaragatti,Rural,537,3005,1542,1463,543,268,275,652,333,319,3,2,1,1526,905,621,1479,637,842,1137,795,342,1089,768,321,381,363,18,666,371,295,6,3,3,36,31,5,48,27,21,24,14,10,12,5,7,1,0,1,11,8,3,33,22,11,11,9,2,10,5,5,1,0,1,11,8,3,15,5,10,13,5,8,2,0,2,0,0,0,0,0,0,1868,747,1121
29,556,0011,598422,0000,000000,KARNATAKA,Bagalkot,VILLAGE,Chimmad,Rural,1902,10839,5426,5413,1750,909,841,2257,1088,1169,32,16,16,5398,3073,2325,5441,2353,3088,4811,2892,1919,4727,2849,1878,1690,1205,485,2271,1102,1169,156,112,44,610,430,180,84,43,41,10,6,4,44,17,27,2,2,0,28,18,10,74,42,32,8,5,3,38,17,21,2,2,0,26,18,8,10,1,9,2,1,1,6,0,6,0,0,0,2,0,2,6028,2534,3494
29,556,0011,598423,0000,000000,KARNATAKA,Bagalkot,VILLAGE,Navalgi,Rural,1480,7875,3924,3951,1292,655,637,1689,793,896,516,251,265,3908,2231,1677,3967,1693,2274,2977,2114,863,2869,2082,787,1224,1108,116,1246,671,575,31,27,4,368,276,92,108,32,76,1,0,1,92,21,71,1,1,0,14,10,4,106,30,76,1,0,1,91,20,71,1,1,0,13,9,4,2,2,0,0,0,0,1,1,0,0,0,0,1,1,0,4898,1810,3088
29,556,0011,598424,0000,000000,KARNATAKA,Bagalkot,VILLAGE,Kalhalli,Rural,626,3441,1720,1721,597,307,290,843,427,416,83,42,41,1674,948,726,1767,772,995,1423,916,507,1355,899,456,279,249,30,925,517,408,0,0,0,151,133,18,68,17,51,0,0,0,60,14,46,0,0,0,8,3,5,64,16,48,0,0,0,58,14,44,0,0,0,6,2,4,4,1,3,0,0,0,2,0,2,0,0,0,2,1,1,2018,804,1214
29,556,0011,598425,0000,000000,KARNATAKA,Bagalkot,VILLAGE,Shiraguppi,Rural,764,3809,1943,1866,561,279,282,595,302,293,598,299,299,2044,1218,826,1765,725,1040,1543,1042,501,1522,1030,492,527,473,54,836,440,396,13,10,3,146,107,39,21,12,9,4,2,2,11,6,5,1,1,0,5,3,2,20,11,9,4,2,2,10,5,5,1,1,0,5,3,2,1,1,0,0,0,0,1,1,0,0,0,0,0,0,0,2266,901,1365
29,556,0011,598426,0000,000000,KARNATAKA,Bagalkot,VILLAGE,Maigur,Rural,988,4419,2251,2168,676,351,325,934,482,452,27,13,14,2410,1415,995,2009,836,1173,1915,1170,745,1813,1109,704,780,549,231,609,295,314,7,7,0,417,258,159,102,61,41,10,6,4,10,2,8,1,1,0,81,52,29,97,60,37,10,6,4,6,2,4,0,0,0,81,52,29,5,1,4,0,0,0,4,0,4,1,1,0,0,0,0,2504,1081,1423
29,556,0011,598427,0000,000000,KARNATAKA,Bagalkot,VILLAGE,Muttur,Rural,759,3589,1784,1805,561,282,279,459,215,244,415,209,206,2088,1205,883,1501,579,922,1382,954,428,1317,909,408,584,500,84,599,316,283,9,6,3,125,87,38,65,45,20,17,13,4,24,14,10,5,5,0,19,13,6,65,45,20,17,13,4,24,14,10,5,5,0,19,13,6,0,0,0,0,0,0,0,0,0,0,0,0,0,0,0,2207,830,1377
29,556,0011,598428,0000,000000,KARNATAKA,Bagalkot,VILLAGE,Kankanawadi,Rural,638,3391,1709,1682,545,290,255,515,252,263,0,0,0,1697,939,758,1694,770,924,1444,918,526,1415,903,512,467,386,81,819,409,410,5,5,0,124,103,21,29,15,14,15,11,4,10,2,8,1,0,1,3,2,1,26,15,11,13,11,2,9,2,7,1,0,1,3,2,1,3,0,3,2,0,2,1,0,1,0,0,0,0,0,0,1947,791,1156
29,556,0011,598429,0000,000000,KARNATAKA,Bagalkot,VILLAGE,Albal,Rural,455,2491,1247,1244,377,185,192,693,346,347,0,0,0,1491,882,609,1000,365,635,926,607,319,532,429,103,277,258,19,172,101,71,6,6,0,77,64,13,394,178,216,50,40,10,322,123,199,4,2,2,18,13,5,388,177,211,49,40,9,317,122,195,4,2,2,18,13,5,6,1,5,1,0,1,5,1,4,0,0,0,0,0,0,1565,640,925
29,556,0011,598430,0000,000000,KARNATAKA,Bagalkot,VILLAGE,Hanchinal,Rural,267,1214,594,620,180,102,78,15,9,6,5,3,2,724,392,332,490,202,288,447,295,152,426,282,144,28,17,11,159,69,90,9,8,1,230,188,42,21,13,8,1,1,0,12,5,7,1,1,0,7,6,1,21,13,8,1,1,0,12,5,7,1,1,0,7,6,1,0,0,0,0,0,0,0,0,0,0,0,0,0,0,0,767,299,468
29,556,0011,598431,0000,000000,KARNATAKA,Bagalkot,VILLAGE,Kadakol,Rural,468,2653,1320,1333,359,183,176,490,229,261,0,0,0,1529,865,664,1124,455,669,914,675,239,788,647,141,500,445,55,224,146,78,17,13,4,47,43,4,126,28,98,9,3,6,109,20,89,2,1,1,6,4,2,119,28,91,8,3,5,103,20,83,2,1,1,6,4,2,7,0,7,1,0,1,6,0,6,0,0,0,0,0,0,1739,645,1094
29,556,0011,598432,0000,000000,KARNATAKA,Bagalkot,VILLAGE,Sanal,Rural,363,2107,1060,1047,339,170,169,296,139,157,157,80,77,1153,683,470,954,377,577,861,533,328,514,364,150,284,215,69,143,77,66,18,12,6,69,60,9,347,169,178,11,6,5,247,122,125,6,2,4,83,39,44,320,161,159,9,6,3,247,122,125,4,1,3,60,32,28,27,8,19,2,0,2,0,0,0,2,1,1,23,7,16,1246,527,719
29,556,0011,598433,0000,000000,KARNATAKA,Bagalkot,VILLAGE,Alagur,Rural,1188,6448,3311,3137,846,470,376,1123,560,563,17,8,9,3633,2061,1572,2815,1250,1565,2242,1591,651,1638,1284,354,930,779,151,491,327,164,54,49,5,163,129,34,604,307,297,136,93,43,137,75,62,28,11,17,303,128,175,502,275,227,119,83,36,120,70,50,23,11,12,240,111,129,102,32,70,17,10,7,17,5,12,5,0,5,63,17,46,4206,1720,2486
29,556,0011,598434,0000,000000,KARNATAKA,Bagalkot,VILLAGE,Kunchanur,Rural,891,4490,2224,2266,591,289,302,833,410,423,24,13,11,2399,1350,1049,2091,874,1217,1838,1221,617,1509,1151,358,822,612,210,432,332,100,16,16,0,239,191,48,329,70,259,9,8,1,251,10,241,32,21,11,37,31,6,308,53,255,8,7,1,251,10,241,14,7,7,35,29,6,21,17,4,1,1,0,0,0,0,18,14,4,2,2,0,2652,1003,1649
29,556,0011,598435,0000,000000,KARNATAKA,Bagalkot,VILLAGE,Kumbarhal,Rural,869,4848,2426,2422,765,380,385,762,366,396,3,0,3,2445,1408,1037,2403,1018,1385,2117,1338,779,2074,1320,754,888,619,269,714,366,348,10,6,4,462,329,133,43,18,25,6,2,4,27,13,14,1,0,1,9,3,6,40,18,22,6,2,4,25,13,12,1,0,1,8,3,5,3,0,3,0,0,0,2,0,2,0,0,0,1,0,1,2731,1088,1643
29,556,0011,598436,0000,000000,KARNATAKA,Bagalkot,VILLAGE,Jamkhandi (Rural),Rural,350,1808,922,886,309,157,152,202,103,99,11,6,5,1021,587,434,787,335,452,884,479,405,740,442,298,329,294,35,336,82,254,11,10,1,64,56,8,144,37,107,23,18,5,107,11,96,2,0,2,12,8,4,131,36,95,20,17,3,99,11,88,2,0,2,10,8,2,13,1,12,3,1,2,8,0,8,0,0,0,2,0,2,924,443,481
29,556,0011,598437,0000,000000,KARNATAKA,Bagalkot,VILLAGE,Kadapatti,Rural,558,2752,1374,1378,362,192,170,775,382,393,14,7,7,1738,995,743,1014,379,635,859,724,135,818,703,115,60,51,9,120,64,56,7,7,0,631,581,50,41,21,20,4,2,2,15,3,12,0,0,0,22,16,6,34,19,15,4,2,2,9,1,8,0,0,0,21,16,5,7,2,5,0,0,0,6,2,4,0,0,0,1,0,1,1893,650,1243
29,556,0011,598438,0000,000000,KARNATAKA,Bagalkot,VILLAGE,Hunnur,Rural,1960,9771,4849,4922,1256,662,594,1400,691,709,35,18,17,6361,3568,2793,3410,1281,2129,3657,2537,1120,3411,2469,942,540,438,102,812,407,405,243,161,82,1816,1463,353,246,68,178,12,6,6,118,8,110,27,5,22,89,49,40,213,61,152,12,6,6,90,5,85,27,5,22,84,45,39,33,7,26,0,0,0,28,3,25,0,0,0,5,4,1,6114,2312,3802
29,556,0011,598439,0000,000000,KARNATAKA,Bagalkot,VILLAGE,Ramateerth,Rural,113,535,266,269,76,40,36,232,115,117,0,0,0,277,156,121,258,110,148,255,128,127,255,128,127,1,1,0,227,108,119,9,8,1,18,11,7,0,0,0,0,0,0,0,0,0,0,0,0,0,0,0,0,0,0,0,0,0,0,0,0,0,0,0,0,0,0,0,0,0,0,0,0,0,0,0,0,0,0,0,0,0,280,138,142
29,556,0011,598440,0000,000000,KARNATAKA,Bagalkot,VILLAGE,Jakanur,Rural,238,1209,608,601,219,118,101,213,108,105,280,142,138,646,359,287,563,249,314,485,291,194,476,285,191,119,89,30,312,161,151,1,1,0,44,34,10,9,6,3,0,0,0,7,4,3,0,0,0,2,2,0,9,6,3,0,0,0,7,4,3,0,0,0,2,2,0,0,0,0,0,0,0,0,0,0,0,0,0,0,0,0,724,317,407
29,556,0011,598441,0000,000000,KARNATAKA,Bagalkot,VILLAGE,Chingundi,Rural,319,1683,818,865,214,110,104,433,211,222,117,54,63,902,495,407,781,323,458,927,487,440,855,463,392,260,248,12,492,134,358,15,11,4,88,70,18,72,24,48,1,0,1,68,22,46,0,0,0,3,2,1,41,6,35,1,0,1,38,5,33,0,0,0,2,1,1,31,18,13,0,0,0,30,17,13,0,0,0,1,1,0,756,331,425
29,556,0011,598442,0000,000000,KARNATAKA,Bagalkot,VILLAGE,Linganur,Rural,666,3421,1711,1710,449,233,216,548,282,266,0,0,0,1756,995,761,1665,716,949,1386,926,460,1143,871,272,408,382,26,455,278,177,196,141,55,84,70,14,243,55,188,89,10,79,116,24,92,22,11,11,16,10,6,228,49,179,89,10,79,113,23,90,13,7,6,13,9,4,15,6,9,0,0,0,3,1,2,9,4,5,3,1,2,2035,785,1250
29,556,0011,598443,0000,000000,KARNATAKA,Bagalkot,VILLAGE,Hunashikatti,Rural,221,1185,594,591,198,97,101,317,156,161,0,0,0,603,350,253,582,244,338,338,318,20,333,314,19,122,119,3,172,165,7,16,15,1,23,15,8,5,4,1,0,0,0,5,4,1,0,0,0,0,0,0,5,4,1,0,0,0,5,4,1,0,0,0,0,0,0,0,0,0,0,0,0,0,0,0,0,0,0,0,0,0,847,276,571
29,556,0011,598444,0000,000000,KARNATAKA,Bagalkot,VILLAGE,Hulyal,Rural,1023,4947,2462,2485,678,341,337,550,274,276,190,96,94,2908,1677,1231,2039,785,1254,2074,1403,671,1539,1091,448,411,315,96,590,315,275,175,144,31,363,317,46,535,312,223,10,3,7,246,170,76,73,64,9,206,75,131,370,253,117,7,2,5,181,131,50,62,53,9,120,67,53,165,59,106,3,1,2,65,39,26,11,11,0,86,8,78,2873,1059,1814
29,556,0011,598445,0000,000000,KARNATAKA,Bagalkot,VILLAGE,Siddapur,Rural,1030,5058,2568,2490,865,464,401,1301,640,661,15,6,9,2718,1550,1168,2340,1018,1322,1956,1324,632,1314,1050,264,349,309,40,254,166,88,92,62,30,619,513,106,642,274,368,10,8,2,163,55,108,277,120,157,192,91,101,606,259,347,10,8,2,159,54,105,265,115,150,172,82,90,36,15,21,0,0,0,4,1,3,12,5,7,20,9,11,3102,1244,1858
29,556,0011,598446,0000,000000,KARNATAKA,Bagalkot,VILLAGE,Mareguddi,Rural,1051,5665,2846,2819,818,431,387,518,246,272,302,155,147,3124,1788,1336,2541,1058,1483,2157,1481,676,1978,1450,528,1081,939,142,595,282,313,52,40,12,250,189,61,179,31,148,109,21,88,61,4,57,0,0,0,9,6,3,82,14,68,49,6,43,26,3,23,0,0,0,7,5,2,97,17,80,60,15,45,35,1,34,0,0,0,2,1,1,3508,1365,2143
29,556,0011,598447,0000,000000,KARNATAKA,Bagalkot,VILLAGE,Konnur,Rural,1515,8989,4471,4518,1585,776,809,2120,994,1126,436,204,232,3867,2240,1627,5122,2231,2891,4129,2351,1778,2776,2113,663,1419,1339,80,1125,589,536,51,38,13,181,147,34,1353,238,1115,21,10,11,969,133,836,67,11,56,296,84,212,1235,214,1021,17,9,8,919,124,795,56,10,46,243,71,172,118,24,94,4,1,3,50,9,41,11,1,10,53,13,40,4860,2120,2740
29,556,0011,598448,0000,000000,KARNATAKA,Bagalkot,VILLAGE,Gani,Rural,551,2811,1416,1395,375,186,189,974,472,502,77,44,33,1506,894,612,1305,522,783,1534,851,683,955,782,173,432,407,25,370,251,119,13,12,1,140,112,28,579,69,510,217,11,206,350,55,295,0,0,0,12,3,9,575,68,507,216,11,205,347,54,293,0,0,0,12,3,9,4,1,3,1,0,1,3,1,2,0,0,0,0,0,0,1277,565,712
29,556,0011,598449,0000,000000,KARNATAKA,Bagalkot,VILLAGE,Budni,Rural,238,1200,590,610,191,90,101,199,92,107,0,0,0,626,382,244,574,208,366,597,351,246,585,343,242,291,186,105,220,100,120,2,2,0,72,55,17,12,8,4,4,2,2,0,0,0,0,0,0,8,6,2,12,8,4,4,2,2,0,0,0,0,0,0,8,6,2,0,0,0,0,0,0,0,0,0,0,0,0,0,0,0,603,239,364
29,556,0011,598450,0000,000000,KARNATAKA,Bagalkot,VILLAGE,Tungal,Rural,1345,7257,3668,3589,1020,521,499,1365,689,676,5,3,2,3778,2157,1621,3479,1511,1968,3233,1978,1255,2121,1748,373,952,884,68,764,564,200,87,46,41,318,254,64,1112,230,882,14,8,6,1064,204,860,4,3,1,30,15,15,1108,229,879,14,8,6,1063,204,859,4,3,1,27,14,13,4,1,3,0,0,0,1,0,1,0,0,0,3,1,2,4024,1690,2334
29,556,0011,598451,0000,000000,KARNATAKA,Bagalkot,VILLAGE,Kuragod,Rural,195,965,505,460,95,54,41,5,2,3,23,13,10,587,341,246,378,164,214,221,207,14,177,167,10,134,130,4,12,8,4,22,20,2,9,9,0,44,40,4,26,25,1,4,3,1,2,1,1,12,11,1,43,39,4,25,24,1,4,3,1,2,1,1,12,11,1,1,1,0,1,1,0,0,0,0,0,0,0,0,0,0,744,298,446
29,556,0011,598452,0000,000000,KARNATAKA,Bagalkot,VILLAGE,Kajibilgi,Rural,697,3809,1935,1874,522,249,273,439,211,228,1,1,0,2039,1208,831,1770,727,1043,1659,1020,639,1343,962,381,855,664,191,289,133,156,16,14,2,183,151,32,316,58,258,3,1,2,263,20,243,18,10,8,32,27,5,200,45,155,3,1,2,161,18,143,11,5,6,25,21,4,116,13,103,0,0,0,102,2,100,7,5,2,7,6,1,2150,915,1235
29,556,0011,598453,0000,000000,KARNATAKA,Bagalkot,VILLAGE,Gothe,Rural,1013,5357,2735,2622,783,400,383,875,434,441,0,0,0,2800,1628,1172,2557,1107,1450,2360,1421,939,2149,1378,771,915,612,303,874,490,384,24,15,9,336,261,75,211,43,168,18,11,7,155,17,138,12,5,7,26,10,16,141,33,108,16,10,6,95,10,85,8,5,3,22,8,14,70,10,60,2,1,1,60,7,53,4,0,4,4,2,2,2997,1314,1683
29,556,0011,598454,0000,000000,KARNATAKA,Bagalkot,VILLAGE,Kalbilagi,Rural,469,2452,1257,1195,393,206,187,247,120,127,135,79,56,1374,813,561,1078,444,634,1200,649,551,844,576,268,305,244,61,413,226,187,5,5,0,121,101,20,356,73,283,87,25,62,253,40,213,1,0,1,15,8,7,340,69,271,83,23,60,243,39,204,1,0,1,13,7,6,16,4,12,4,2,2,10,1,9,0,0,0,2,1,1,1252,608,644
29,556,0011,598455,0000,000000,KARNATAKA,Bagalkot,VILLAGE,Gadyal,Rural,664,3598,1853,1745,524,277,247,336,156,180,0,0,0,1741,1000,741,1857,853,1004,1918,1008,910,1491,869,622,1235,704,531,125,75,50,36,29,7,95,61,34,427,139,288,195,70,125,208,54,154,1,0,1,23,15,8,403,133,270,177,65,112,203,53,150,1,0,1,22,15,7,24,6,18,18,5,13,5,1,4,0,0,0,1,0,1,1680,845,835
29,556,0011,598456,0000,000000,KARNATAKA,Bagalkot,VILLAGE,Kannolli,Rural,661,3815,1997,1818,657,351,306,491,250,241,0,0,0,1816,1100,716,1999,897,1102,1289,1054,235,879,846,33,762,742,20,38,38,0,4,4,0,75,62,13,410,208,202,16,14,2,388,189,199,0,0,0,6,5,1,408,206,202,14,12,2,388,189,199,0,0,0,6,5,1,2,2,0,2,2,0,0,0,0,0,0,0,0,0,0,2526,943,1583
29,556,0011,598457,0000,000000,KARNATAKA,Bagalkot,VILLAGE,Savalagi,Rural,2381,12506,6486,6020,1836,994,842,2077,1043,1034,97,51,46,7063,4034,3029,5443,2452,2991,5784,3341,2443,4846,2970,1876,2338,1521,817,1166,561,605,161,84,77,1181,804,377,938,371,567,259,93,166,524,197,327,35,14,21,120,67,53,860,339,521,229,82,147,504,191,313,27,10,17,100,56,44,78,32,46,30,11,19,20,6,14,8,4,4,20,11,9,6722,3145,3577
29,556,0011,598458,0000,000000,KARNATAKA,Bagalkot,VILLAGE,Tubachi,Rural,434,2251,1166,1085,277,137,140,323,168,155,0,0,0,1466,881,585,785,285,500,1039,629,410,942,624,318,537,445,92,344,129,215,0,0,0,61,50,11,97,5,92,83,1,82,12,2,10,0,0,0,2,2,0,4,3,1,2,1,1,0,0,0,0,0,0,2,2,0,93,2,91,81,0,81,12,2,10,0,0,0,0,0,0,1212,537,675
29,556,0011,598459,0000,000000,KARNATAKA,Bagalkot,VILLAGE,Shurpali,Rural,666,3114,1598,1516,501,261,240,459,241,218,3,2,1,1731,1025,706,1383,573,810,1370,807,563,1247,767,480,455,430,25,659,238,421,12,9,3,121,90,31,123,40,83,6,3,3,104,28,76,3,2,1,10,7,3,121,39,82,6,3,3,104,28,76,2,1,1,9,7,2,2,1,1,0,0,0,0,0,0,1,1,0,1,0,1,1744,791,953
29,556,0011,598460,0000,000000,KARNATAKA,Bagalkot,VILLAGE,Jambagi.(K.D.),Rural,360,1910,944,966,271,118,153,386,193,193,7,5,2,1088,631,457,822,313,509,681,459,222,663,450,213,210,194,16,390,207,183,11,10,1,52,39,13,18,9,9,3,2,1,13,5,8,0,0,0,2,2,0,16,7,9,3,2,1,12,4,8,0,0,0,1,1,0,2,2,0,0,0,0,1,1,0,0,0,0,1,1,0,1229,485,744
29,556,0011,598461,0000,000000,KARNATAKA,Bagalkot,VILLAGE,Jambagi.(B.K.),Rural,693,3982,2075,1907,649,342,307,537,280,257,8,6,2,1984,1194,790,1998,881,1117,1862,1101,761,1782,1084,698,1069,712,357,602,323,279,40,9,31,71,40,31,80,17,63,24,6,18,29,3,26,14,2,12,13,6,7,76,16,60,21,5,16,28,3,25,14,2,12,13,6,7,4,1,3,3,1,2,1,0,1,0,0,0,0,0,0,2120,974,1146
29,556,0011,598462,0000,000000,KARNATAKA,Bagalkot,VILLAGE,Takkod,Rural,285,1583,778,805,242,121,121,529,257,272,0,0,0,835,458,377,748,320,428,466,398,68,426,387,39,341,321,20,39,36,3,14,11,3,32,19,13,40,11,29,9,7,2,5,1,4,4,0,4,22,3,19,35,11,24,9,7,2,4,1,3,2,0,2,20,3,17,5,0,5,0,0,0,1,0,1,2,0,2,2,0,2,1117,380,737
29,556,0011,598463,0000,000000,KARNATAKA,Bagalkot,VILLAGE,Takkalaki,Rural,406,2183,1128,1055,366,206,160,266,146,120,2,1,1,1210,700,510,973,428,545,790,546,244,785,541,244,351,349,2,246,160,86,7,7,0,181,25,156,5,5,0,3,3,0,0,0,0,0,0,0,2,2,0,5,5,0,3,3,0,0,0,0,0,0,0,2,2,0,0,0,0,0,0,0,0,0,0,0,0,0,0,0,0,1393,582,811
29,556,0011,598464,0000,000000,KARNATAKA,Bagalkot,VILLAGE,Adihudi,Rural,1009,5407,2773,2634,920,478,442,479,236,243,5,3,2,2710,1590,1120,2697,1183,1514,2181,1353,828,1759,1302,457,884,759,125,637,342,295,26,21,5,212,180,32,422,51,371,26,7,19,376,34,342,8,4,4,12,6,6,413,47,366,25,6,19,370,33,337,7,3,4,11,5,6,9,4,5,1,1,0,6,1,5,1,1,0,1,1,0,3226,1420,1806
29,556,0011,598465,0000,000000,KARNATAKA,Bagalkot,VILLAGE,Todalbagi,Rural,1630,8598,4352,4246,1388,697,691,1461,727,734,49,23,26,4604,2612,1992,3994,1740,2254,3426,2248,1178,2733,1931,802,1898,1377,521,267,117,150,49,35,14,519,402,117,693,317,376,59,24,35,529,224,305,12,10,2,93,59,34,595,307,288,49,22,27,455,222,233,9,8,1,82,55,27,98,10,88,10,2,8,74,2,72,3,2,1,11,4,7,5172,2104,3068
29,556,0011,598466,0000,000000,KARNATAKA,Bagalkot,VILLAGE,Hirepadasalgi,Rural,1266,7112,3659,3453,1245,652,593,1050,504,546,4,1,3,3405,1966,1439,3707,1693,2014,2924,1865,1059,2773,1784,989,1511,1141,370,895,372,523,97,48,49,270,223,47,151,81,70,30,14,16,86,50,36,14,7,7,21,10,11,130,73,57,25,12,13,75,45,30,14,7,7,16,9,7,21,8,13,5,2,3,11,5,6,0,0,0,5,1,4,4188,1794,2394
29,556,0011,598467,0000,000000,KARNATAKA,Bagalkot,VILLAGE,Naganur,Rural,406,2212,1109,1103,311,145,166,435,216,219,0,0,0,1320,771,549,892,338,554,779,582,197,551,451,100,280,273,7,185,110,75,2,1,1,84,67,17,228,131,97,4,0,4,212,123,89,5,2,3,7,6,1,224,130,94,4,0,4,211,123,88,3,2,1,6,5,1,4,1,3,0,0,0,1,0,1,2,0,2,1,1,0,1433,527,906
29,556,0011,598468,0000,000000,KARNATAKA,Bagalkot,VILLAGE,Chikkalaki,Rural,822,4172,2131,2041,613,333,280,555,263,292,20,12,8,2263,1323,940,1909,808,1101,2050,1101,949,1493,997,496,770,541,229,235,116,119,28,16,12,460,324,136,557,104,453,115,24,91,256,39,217,5,1,4,181,40,141,519,91,428,98,17,81,248,37,211,4,1,3,169,36,133,38,13,25,17,7,10,8,2,6,1,0,1,12,4,8,2122,1030,1092
29,556,0011,598469,0000,000000,KARNATAKA,Bagalkot,VILLAGE,Chikkapadasalgi,Rural,810,4150,2096,2054,520,265,255,834,408,426,4,3,1,2341,1387,954,1809,709,1100,1475,1051,424,1265,933,332,665,600,65,431,198,233,15,14,1,154,121,33,210,118,92,36,21,15,135,68,67,1,1,0,38,28,10,210,118,92,36,21,15,135,68,67,1,1,0,38,28,10,0,0,0,0,0,0,0,0,0,0,0,0,0,0,0,2675,1045,1630
29,556,0011,598470,0000,000000,KARNATAKA,Bagalkot,VILLAGE,Kavatagi,Rural,554,3021,1483,1538,438,210,228,855,425,430,0,0,0,1514,874,640,1507,609,898,1081,724,357,835,590,245,378,346,32,376,183,193,6,4,2,75,57,18,246,134,112,15,10,5,217,111,106,0,0,0,14,13,1,245,134,111,15,10,5,217,111,106,0,0,0,13,13,0,1,0,1,0,0,0,0,0,0,0,0,0,1,0,1,1940,759,1181
29,556,0011,598471,0000,000000,KARNATAKA,Bagalkot,VILLAGE,Janawad,Rural,210,1104,556,548,206,103,103,209,110,99,0,0,0,573,338,235,531,218,313,450,286,164,395,245,150,43,43,0,320,180,140,5,4,1,27,18,9,55,41,14,1,1,0,52,39,13,0,0,0,2,1,1,54,41,13,1,1,0,51,39,12,0,0,0,2,1,1,1,0,1,0,0,0,1,0,1,0,0,0,0,0,0,654,270,384
29,556,0011,598472,0000,000000,KARNATAKA,Bagalkot,VILLAGE,Bidari,Rural,1071,5515,2731,2784,810,393,417,1043,524,519,364,180,184,3041,1719,1322,2474,1012,1462,2554,1468,1086,2431,1400,1031,864,574,290,1283,620,663,26,20,6,258,186,72,123,68,55,28,24,4,39,18,21,3,1,2,53,25,28,107,64,43,26,22,4,38,18,20,2,1,1,41,23,18,16,4,12,2,2,0,1,0,1,1,0,1,12,2,10,2961,1263,1698
29,556,0012,000000,0000,000000,KARNATAKA,Bagalkot,CD BLOCK,Bilgi,Total,27142,142502,71342,71160,21618,11239,10379,27608,13695,13913,15663,7786,7877,76871,45188,31683,65631,26154,39477,68593,37684,30909,53943,32575,21368,18897,13954,4943,25138,10873,14265,1022,700,322,8886,7048,1838,14650,5109,9541,999,487,512,10581,3188,7393,563,243,320,2507,1191,1316,13652,4736,8916,893,434,459,10103,3035,7068,499,211,288,2157,1056,1101,998,373,625,106,53,53,478,153,325,64,32,32,350,135,215,73909,33658,40251
29,556,0012,000000,0000,000000,KARNATAKA,Bagalkot,CD BLOCK,Bilgi,Rural,27142,142502,71342,71160,21618,11239,10379,27608,13695,13913,15663,7786,7877,76871,45188,31683,65631,26154,39477,68593,37684,30909,53943,32575,21368,18897,13954,4943,25138,10873,14265,1022,700,322,8886,7048,1838,14650,5109,9541,999,487,512,10581,3188,7393,563,243,320,2507,1191,1316,13652,4736,8916,893,434,459,10103,3035,7068,499,211,288,2157,1056,1101,998,373,625,106,53,53,478,153,325,64,32,32,350,135,215,73909,33658,40251
29,556,0012,000000,0000,000000,KARNATAKA,Bagalkot,CD BLOCK,Bilgi,Urban,0,0,0,0,0,0,0,0,0,0,0,0,0,0,0,0,0,0,0,0,0,0,0,0,0,0,0,0,0,0,0,0,0,0,0,0,0,0,0,0,0,0,0,0,0,0,0,0,0,0,0,0,0,0,0,0,0,0,0,0,0,0,0,0,0,0,0,0,0,0,0,0,0,0,0,0,0,0,0,0,0,0,0,0,0
29,556,0012,598473,0000,000000,KARNATAKA,Bagalkot,VILLAGE,Amalzari,Rural,655,3278,1627,1651,445,225,220,839,413,426,230,118,112,1788,1024,764,1490,603,887,1567,865,702,1508,838,670,532,370,162,829,356,473,19,15,4,128,97,31,59,27,32,10,7,3,30,12,18,4,0,4,15,8,7,44,21,23,8,6,2,23,8,15,1,0,1,12,7,5,15,6,9,2,1,1,7,4,3,3,0,3,3,1,2,1711,762,949
29,556,0012,598474,0000,000000,KARNATAKA,Bagalkot,VILLAGE,Galagali,Rural,1627,8380,4115,4265,1173,598,575,1485,703,782,115,50,65,5316,2944,2372,3064,1171,1893,3333,2163,1170,3295,2141,1154,407,332,75,1307,502,805,65,41,24,1516,1266,250,38,22,16,6,2,4,12,4,8,0,0,0,20,16,4,35,21,14,6,2,4,10,4,6,0,0,0,19,15,4,3,1,2,0,0,0,2,0,2,0,0,0,1,1,0,5047,1952,3095
29,556,0012,598475,0000,000000,KARNATAKA,Bagalkot,VILLAGE,Rabkavi,Rural,250,1301,677,624,197,113,84,434,223,211,18,10,8,683,400,283,618,277,341,690,378,312,637,370,267,113,85,28,437,215,222,1,0,1,86,70,16,53,8,45,5,0,5,43,6,37,0,0,0,5,2,3,51,7,44,5,0,5,41,5,36,0,0,0,5,2,3,2,1,1,0,0,0,2,1,1,0,0,0,0,0,0,611,299,312
29,556,0012,598476,0000,000000,KARNATAKA,Bagalkot,VILLAGE,Chowdapur,Rural,57,314,162,152,40,22,18,61,35,26,137,66,71,180,106,74,134,56,78,168,93,75,167,92,75,3,3,0,155,84,71,0,0,0,9,5,4,1,1,0,0,0,0,0,0,0,0,0,0,1,1,0,1,1,0,0,0,0,0,0,0,0,0,0,1,1,0,0,0,0,0,0,0,0,0,0,0,0,0,0,0,0,146,69,77
29,556,0012,598477,0000,000000,KARNATAKA,Bagalkot,VILLAGE,Chickhanchinal,Rural,252,1355,681,674,241,116,125,237,119,118,7,5,2,681,414,267,674,267,407,679,352,327,645,351,294,260,155,105,354,171,183,10,8,2,21,17,4,34,1,33,1,1,0,33,0,33,0,0,0,0,0,0,34,1,33,1,1,0,33,0,33,0,0,0,0,0,0,0,0,0,0,0,0,0,0,0,0,0,0,0,0,0,676,329,347
29,556,0012,598478,0000,000000,KARNATAKA,Bagalkot,VILLAGE,Kolur,Rural,493,2726,1369,1357,434,212,222,442,214,228,26,11,15,1521,900,621,1205,469,736,1363,766,597,1360,763,597,924,532,392,329,146,183,4,2,2,103,83,20,3,3,0,2,2,0,0,0,0,0,0,0,1,1,0,2,2,0,1,1,0,0,0,0,0,0,0,1,1,0,1,1,0,1,1,0,0,0,0,0,0,0,0,0,0,1363,603,760
29,556,0012,598479,0000,000000,KARNATAKA,Bagalkot,VILLAGE,Mundaganur,Rural,509,2633,1379,1254,368,208,160,429,228,201,65,31,34,1361,820,541,1272,559,713,1288,685,603,405,305,100,224,200,24,135,74,61,2,1,1,44,30,14,883,380,503,23,13,10,784,322,462,22,13,9,54,32,22,846,360,486,23,13,10,766,315,451,20,11,9,37,21,16,37,20,17,0,0,0,18,7,11,2,2,0,17,11,6,1345,694,651
29,556,0012,598480,0000,000000,KARNATAKA,Bagalkot,VILLAGE,Yadahalli,Rural,753,3920,1916,2004,553,274,279,605,286,319,1321,649,672,2124,1242,882,1796,674,1122,1881,1021,860,1785,981,804,336,227,109,1088,469,619,37,29,8,324,256,68,96,40,56,11,7,4,50,23,27,1,1,0,34,9,25,88,39,49,11,7,4,47,22,25,1,1,0,29,9,20,8,1,7,0,0,0,3,1,2,0,0,0,5,0,5,2039,895,1144
29,556,0012,598481,0000,000000,KARNATAKA,Bagalkot,VILLAGE,Gulbal,Rural,222,1172,590,582,169,90,79,129,65,64,101,49,52,624,382,242,548,208,340,524,295,229,482,268,214,156,113,43,280,118,162,11,7,4,35,30,5,42,27,15,2,1,1,31,18,13,0,0,0,9,8,1,42,27,15,2,1,1,31,18,13,0,0,0,9,8,1,0,0,0,0,0,0,0,0,0,0,0,0,0,0,0,648,295,353
29,556,0012,598482,0000,000000,KARNATAKA,Bagalkot,VILLAGE,Budihal(S.G.),Rural,272,1282,649,633,154,88,66,147,70,77,94,47,47,778,449,329,504,200,304,703,362,341,526,349,177,188,175,13,231,93,138,4,4,0,103,77,26,177,13,164,80,7,73,90,4,86,0,0,0,7,2,5,157,10,147,64,5,59,87,3,84,0,0,0,6,2,4,20,3,17,16,2,14,3,1,2,0,0,0,1,0,1,579,287,292
29,556,0012,598483,0000,000000,KARNATAKA,Bagalkot,VILLAGE,Bisnal,Rural,619,3122,1512,1610,568,301,267,278,128,150,1296,627,669,1251,734,517,1871,778,1093,1706,797,909,486,281,205,148,131,17,296,120,176,7,6,1,35,24,11,1220,516,704,155,96,59,1014,380,634,4,0,4,47,40,7,1147,500,647,154,96,58,943,364,579,4,0,4,46,40,6,73,16,57,1,0,1,71,16,55,0,0,0,1,0,1,1416,715,701
29,556,0012,598484,0000,000000,KARNATAKA,Bagalkot,VILLAGE,Shaktinagar,Rural,158,871,449,422,173,95,78,827,425,402,13,6,7,300,210,90,571,239,332,387,230,157,208,130,78,49,49,0,112,44,68,1,0,1,46,37,9,179,100,79,1,1,0,161,90,71,1,0,1,16,9,7,165,95,70,1,1,0,153,87,66,0,0,0,11,7,4,14,5,9,0,0,0,8,3,5,1,0,1,5,2,3,484,219,265
29,556,0012,598485,0000,000000,KARNATAKA,Bagalkot,VILLAGE,Shivanagar,Rural,112,758,379,379,115,60,55,747,375,372,10,4,6,356,209,147,402,170,232,362,171,191,354,169,185,60,46,14,248,119,129,0,0,0,46,4,42,8,2,6,1,0,1,2,1,1,0,0,0,5,1,4,8,2,6,1,0,1,2,1,1,0,0,0,5,1,4,0,0,0,0,0,0,0,0,0,0,0,0,0,0,0,396,208,188
29,556,0012,598486,0000,000000,KARNATAKA,Bagalkot,VILLAGE,Ramapratappa Nagar,Rural,171,1119,579,540,198,105,93,890,461,429,65,36,29,455,284,171,664,295,369,551,269,282,325,188,137,32,29,3,221,99,122,0,0,0,72,60,12,226,81,145,2,2,0,100,32,68,0,0,0,124,47,77,169,61,108,1,1,0,91,29,62,0,0,0,77,31,46,57,20,37,1,1,0,9,3,6,0,0,0,47,16,31,568,310,258
29,556,0012,598487,0000,000000,KARNATAKA,Bagalkot,VILLAGE,Nagaral,Rural,722,3888,1949,1939,570,274,296,387,201,186,410,214,196,2300,1367,933,1588,582,1006,1860,1001,859,1578,888,690,511,328,183,547,205,342,201,103,98,319,252,67,282,113,169,3,2,1,248,96,152,13,4,9,18,11,7,279,112,167,3,2,1,247,95,152,12,4,8,17,11,6,3,1,2,0,0,0,1,1,0,1,0,1,1,0,1,2028,948,1080
29,556,0012,598488,0000,000000,KARNATAKA,Bagalkot,VILLAGE,Siddapur,Rural,849,4843,2459,2384,741,403,338,843,441,402,1602,802,800,2349,1414,935,2494,1045,1449,2524,1263,1261,1007,550,457,356,205,151,486,212,274,13,9,4,152,124,28,1517,713,804,17,14,3,743,346,397,258,103,155,499,250,249,1408,678,730,16,13,3,736,342,394,249,101,148,407,222,185,109,35,74,1,1,0,7,4,3,9,2,7,92,28,64,2319,1196,1123
29,556,0012,598489,0000,000000,KARNATAKA,Bagalkot,VILLAGE,Teggi,Rural,973,5118,2568,2550,865,451,414,572,287,285,1816,893,923,2457,1456,1001,2661,1112,1549,2477,1335,1142,2276,1243,1033,507,434,73,1479,588,891,13,10,3,277,211,66,201,92,109,3,1,2,129,54,75,3,1,2,66,36,30,164,69,95,3,1,2,128,53,75,3,1,2,30,14,16,37,23,14,0,0,0,1,1,0,0,0,0,36,22,14,2641,1233,1408
29,556,0012,598490,0000,000000,KARNATAKA,Bagalkot,VILLAGE,Badgi,Rural,632,3355,1679,1676,494,259,235,521,263,258,60,29,31,1934,1102,832,1421,577,844,1512,874,638,1493,861,632,487,423,64,914,359,555,7,6,1,85,73,12,19,13,6,6,4,2,4,3,1,0,0,0,9,6,3,18,12,6,6,4,2,4,3,1,0,0,0,8,5,3,1,1,0,0,0,0,0,0,0,0,0,0,1,1,0,1843,805,1038
29,556,0012,598491,0000,000000,KARNATAKA,Bagalkot,VILLAGE,Girgaon,Rural,275,1413,725,688,212,112,100,367,180,187,135,73,62,754,450,304,659,275,384,728,364,364,676,337,339,426,237,189,224,79,145,0,0,0,26,21,5,52,27,25,39,21,18,9,5,4,0,0,0,4,1,3,18,12,6,10,7,3,6,4,2,0,0,0,2,1,1,34,15,19,29,14,15,3,1,2,0,0,0,2,0,2,685,361,324
29,556,0012,598492,0000,000000,KARNATAKA,Bagalkot,VILLAGE,Gudadinni,Rural,37,211,113,98,29,17,12,15,8,7,74,42,32,147,81,66,64,32,32,129,68,61,118,59,59,112,55,57,5,3,2,0,0,0,1,1,0,11,9,2,6,5,1,0,0,0,4,3,1,1,1,0,8,6,2,6,5,1,0,0,0,1,0,1,1,1,0,3,3,0,0,0,0,0,0,0,3,3,0,0,0,0,82,45,37
29,556,0012,598493,0000,000000,KARNATAKA,Bagalkot,VILLAGE,Hanchinal(Inam),Rural,189,963,477,486,136,60,76,113,51,62,213,95,118,566,331,235,397,146,251,372,246,126,368,242,126,162,130,32,167,81,86,3,3,0,36,28,8,4,4,0,1,1,0,1,1,0,0,0,0,2,2,0,4,4,0,1,1,0,1,1,0,0,0,0,2,2,0,0,0,0,0,0,0,0,0,0,0,0,0,0,0,0,591,231,360
29,556,0012,598494,0000,000000,KARNATAKA,Bagalkot,VILLAGE,Ballur,Rural,56,287,147,140,38,18,20,3,2,1,7,4,3,174,105,69,113,42,71,160,90,70,160,90,70,112,63,49,42,22,20,0,0,0,6,5,1,0,0,0,0,0,0,0,0,0,0,0,0,0,0,0,0,0,0,0,0,0,0,0,0,0,0,0,0,0,0,0,0,0,0,0,0,0,0,0,0,0,0,0,0,0,127,57,70
29,556,0012,598495,0000,000000,KARNATAKA,Bagalkot,VILLAGE,Kontikal,Rural,186,969,467,502,164,94,70,305,135,170,71,35,36,464,253,211,505,214,291,550,269,281,550,269,281,140,72,68,401,193,208,0,0,0,9,4,5,0,0,0,0,0,0,0,0,0,0,0,0,0,0,0,0,0,0,0,0,0,0,0,0,0,0,0,0,0,0,0,0,0,0,0,0,0,0,0,0,0,0,0,0,0,419,198,221
29,556,0012,598496,0000,000000,KARNATAKA,Bagalkot,VILLAGE,Sonna,Rural,871,4440,2194,2246,705,370,335,761,371,390,179,85,94,2519,1421,1098,1921,773,1148,1911,1133,778,1712,1089,623,539,428,111,884,422,462,21,19,2,268,220,48,199,44,155,39,8,31,149,29,120,0,0,0,11,7,4,192,38,154,38,7,31,145,26,119,0,0,0,9,5,4,7,6,1,1,1,0,4,3,1,0,0,0,2,2,0,2529,1061,1468
29,556,0012,598497,0000,000000,KARNATAKA,Bagalkot,VILLAGE,Dhawaleshwar,Rural,42,188,100,88,32,16,16,0,0,0,0,0,0,86,57,29,102,43,59,117,63,54,116,62,54,104,58,46,10,3,7,2,1,1,0,0,0,1,1,0,1,1,0,0,0,0,0,0,0,0,0,0,1,1,0,1,1,0,0,0,0,0,0,0,0,0,0,0,0,0,0,0,0,0,0,0,0,0,0,0,0,0,71,37,34
29,556,0012,598498,0000,000000,KARNATAKA,Bagalkot,VILLAGE,Garadadinni,Rural,8,33,19,14,9,6,3,2,1,1,0,0,0,11,7,4,22,12,10,22,12,10,20,12,8,1,1,0,19,11,8,0,0,0,0,0,0,2,0,2,0,0,0,2,0,2,0,0,0,0,0,0,1,0,1,0,0,0,1,0,1,0,0,0,0,0,0,1,0,1,0,0,0,1,0,1,0,0,0,0,0,0,11,7,4
29,556,0012,598499,0000,000000,KARNATAKA,Bagalkot,VILLAGE,Bilgi (Rural),Rural,1069,5414,2680,2734,795,399,396,962,479,483,171,91,80,3306,1897,1409,2108,783,1325,2109,1325,784,1933,1262,671,718,466,252,783,442,341,56,47,9,376,307,69,176,63,113,7,5,2,131,46,85,2,1,1,36,11,25,155,53,102,7,5,2,116,38,78,1,1,0,31,9,22,21,10,11,0,0,0,15,8,7,1,0,1,5,2,3,3305,1355,1950
29,556,0012,598500,0000,000000,KARNATAKA,Bagalkot,VILLAGE,Korti,Rural,132,622,346,276,71,44,27,49,28,21,47,24,23,346,218,128,276,128,148,177,168,9,170,163,7,95,93,2,1,0,1,7,4,3,67,66,1,7,5,2,0,0,0,1,1,0,0,0,0,6,4,2,4,2,2,0,0,0,1,1,0,0,0,0,3,1,2,3,3,0,0,0,0,0,0,0,0,0,0,3,3,0,445,178,267
29,556,0012,598501,0000,000000,KARNATAKA,Bagalkot,VILLAGE,Govinadinni,Rural,50,299,164,135,53,28,25,42,26,16,0,0,0,174,117,57,125,47,78,160,84,76,147,80,67,40,40,0,96,30,66,3,3,0,8,7,1,13,4,9,0,0,0,11,2,9,0,0,0,2,2,0,12,3,9,0,0,0,11,2,9,0,0,0,1,1,0,1,1,0,0,0,0,0,0,0,0,0,0,1,1,0,139,80,59
29,556,0012,598502,0000,000000,KARNATAKA,Bagalkot,VILLAGE,Badagandi,Rural,841,4436,2187,2249,679,363,316,689,326,363,22,11,11,2527,1443,1084,1909,744,1165,2036,1160,876,1872,1095,777,215,171,44,1185,543,642,30,22,8,442,359,83,164,65,99,3,2,1,103,26,77,6,4,2,52,33,19,159,63,96,3,2,1,101,25,76,6,4,2,49,32,17,5,2,3,0,0,0,2,1,1,0,0,0,3,1,2,2400,1027,1373
29,556,0012,598503,0000,000000,KARNATAKA,Bagalkot,VILLAGE,Takkalki,Rural,97,553,283,270,81,38,43,30,15,15,11,8,3,288,174,114,265,109,156,202,155,47,190,148,42,112,101,11,50,32,18,3,2,1,25,13,12,12,7,5,4,3,1,2,1,1,0,0,0,6,3,3,11,6,5,4,3,1,2,1,1,0,0,0,5,2,3,1,1,0,0,0,0,0,0,0,0,0,0,1,1,0,351,128,223
29,556,0012,598504,0000,000000,KARNATAKA,Bagalkot,VILLAGE,Rolli,Rural,422,2630,1306,1324,415,205,210,259,141,118,71,36,35,1409,848,561,1221,458,763,1372,692,680,1064,588,476,527,375,152,446,149,297,27,19,8,64,45,19,308,104,204,102,38,64,185,56,129,14,7,7,7,3,4,275,79,196,90,29,61,169,43,126,11,5,6,5,2,3,33,25,8,12,9,3,16,13,3,3,2,1,2,1,1,1258,614,644
29,556,0012,598505,0000,000000,KARNATAKA,Bagalkot,VILLAGE,Gundanapalli,Rural,0,0,0,0,0,0,0,0,0,0,0,0,0,0,0,0,0,0,0,0,0,0,0,0,0,0,0,0,0,0,0,0,0,0,0,0,0,0,0,0,0,0,0,0,0,0,0,0,0,0,0,0,0,0,0,0,0,0,0,0,0,0,0,0,0,0,0,0,0,0,0,0,0,0,0,0,0,0,0,0,0,0,0,0,0
29,556,0012,598506,0000,000000,KARNATAKA,Bagalkot,VILLAGE,Heggur,Rural,0,0,0,0,0,0,0,0,0,0,0,0,0,0,0,0,0,0,0,0,0,0,0,0,0,0,0,0,0,0,0,0,0,0,0,0,0,0,0,0,0,0,0,0,0,0,0,0,0,0,0,0,0,0,0,0,0,0,0,0,0,0,0,0,0,0,0,0,0,0,0,0,0,0,0,0,0,0,0,0,0,0,0,0,0
29,556,0012,598507,0000,000000,KARNATAKA,Bagalkot,VILLAGE,Lingapur.S.R,Rural,0,0,0,0,0,0,0,0,0,0,0,0,0,0,0,0,0,0,0,0,0,0,0,0,0,0,0,0,0,0,0,0,0,0,0,0,0,0,0,0,0,0,0,0,0,0,0,0,0,0,0,0,0,0,0,0,0,0,0,0,0,0,0,0,0,0,0,0,0,0,0,0,0,0,0,0,0,0,0,0,0,0,0,0,0
29,556,0012,598508,0000,000000,KARNATAKA,Bagalkot,VILLAGE,Godihal,Rural,0,0,0,0,0,0,0,0,0,0,0,0,0,0,0,0,0,0,0,0,0,0,0,0,0,0,0,0,0,0,0,0,0,0,0,0,0,0,0,0,0,0,0,0,0,0,0,0,0,0,0,0,0,0,0,0,0,0,0,0,0,0,0,0,0,0,0,0,0,0,0,0,0,0,0,0,0,0,0,0,0,0,0,0,0
29,556,0012,598509,0000,000000,KARNATAKA,Bagalkot,VILLAGE,Chinvalkoppa,Rural,0,0,0,0,0,0,0,0,0,0,0,0,0,0,0,0,0,0,0,0,0,0,0,0,0,0,0,0,0,0,0,0,0,0,0,0,0,0,0,0,0,0,0,0,0,0,0,0,0,0,0,0,0,0,0,0,0,0,0,0,0,0,0,0,0,0,0,0,0,0,0,0,0,0,0,0,0,0,0,0,0,0,0,0,0
29,556,0012,598510,0000,000000,KARNATAKA,Bagalkot,VILLAGE,Algundi,Rural,632,3244,1659,1585,488,253,235,336,190,146,525,279,246,1776,1051,725,1468,608,860,1449,846,603,1410,831,579,601,391,210,651,320,331,6,4,2,152,116,36,39,15,24,16,8,8,17,4,13,0,0,0,6,3,3,39,15,24,16,8,8,17,4,13,0,0,0,6,3,3,0,0,0,0,0,0,0,0,0,0,0,0,0,0,0,1795,813,982
29,556,0012,598511,0000,000000,KARNATAKA,Bagalkot,VILLAGE,Koppa(S.K),Rural,431,2070,1034,1036,276,143,133,451,204,247,157,88,69,1187,692,495,883,342,541,1098,577,521,938,557,381,375,263,112,455,206,249,1,1,0,107,87,20,160,20,140,0,0,0,157,18,139,0,0,0,3,2,1,159,19,140,0,0,0,156,17,139,0,0,0,3,2,1,1,1,0,0,0,0,1,1,0,0,0,0,0,0,0,972,457,515
29,556,0012,598512,0000,000000,KARNATAKA,Bagalkot,VILLAGE,Katarki,Rural,645,3120,1538,1582,438,221,217,497,235,262,192,85,107,1766,1026,740,1354,512,842,1492,831,661,1113,728,385,323,294,29,520,216,304,13,10,3,257,208,49,379,103,276,5,3,2,289,51,238,7,3,4,78,46,32,367,100,267,5,3,2,284,50,234,3,3,0,75,44,31,12,3,9,0,0,0,5,1,4,4,0,4,3,2,1,1628,707,921
29,556,0012,598513,0000,000000,KARNATAKA,Bagalkot,VILLAGE,Lingapur(S.K),Rural,178,974,502,472,170,93,77,5,3,2,346,169,177,487,306,181,487,196,291,482,254,228,481,254,227,337,178,159,93,36,57,0,0,0,51,40,11,1,0,1,0,0,0,0,0,0,0,0,0,1,0,1,1,0,1,0,0,0,0,0,0,0,0,0,1,0,1,0,0,0,0,0,0,0,0,0,0,0,0,0,0,0,492,248,244
29,556,0012,598514,0000,000000,KARNATAKA,Bagalkot,VILLAGE,Shiraguppi,Rural,466,2599,1292,1307,423,219,204,354,177,177,746,375,371,1325,757,568,1274,535,739,1268,687,581,952,610,342,361,293,68,437,191,246,18,12,6,136,114,22,316,77,239,7,1,6,300,71,229,0,0,0,9,5,4,315,76,239,6,0,6,300,71,229,0,0,0,9,5,4,1,1,0,1,1,0,0,0,0,0,0,0,0,0,0,1331,605,726
29,556,0012,598515,0000,000000,KARNATAKA,Bagalkot,VILLAGE,Arakeri,Rural,918,4634,2297,2337,655,343,312,819,398,421,1429,701,728,2352,1382,970,2282,915,1367,2525,1307,1218,1863,1095,768,596,500,96,1018,430,588,22,10,12,227,155,72,662,212,450,15,11,4,303,56,247,17,16,1,327,129,198,633,199,434,13,10,3,286,49,237,14,13,1,320,127,193,29,13,16,2,1,1,17,7,10,3,3,0,7,2,5,2109,990,1119
29,556,0012,598516,0000,000000,KARNATAKA,Bagalkot,VILLAGE,Durgapura,Rural,146,977,469,508,202,98,104,970,465,505,0,0,0,379,241,138,598,228,370,504,250,254,244,223,21,177,176,1,43,28,15,1,0,1,23,19,4,260,27,233,5,1,4,253,25,228,0,0,0,2,1,1,260,27,233,5,1,4,253,25,228,0,0,0,2,1,1,0,0,0,0,0,0,0,0,0,0,0,0,0,0,0,473,219,254
29,556,0012,598517,0000,000000,KARNATAKA,Bagalkot,VILLAGE,Janamatti,Rural,580,3152,1551,1601,477,255,222,409,209,200,1359,654,705,1625,933,692,1527,618,909,1633,854,779,958,693,265,466,400,66,306,145,161,5,5,0,181,143,38,675,161,514,13,5,8,626,137,489,1,1,0,35,18,17,657,155,502,11,4,7,614,133,481,1,1,0,31,17,14,18,6,12,2,1,1,12,4,8,0,0,0,4,1,3,1519,697,822
29,556,0012,598518,0000,000000,KARNATAKA,Bagalkot,VILLAGE,Sunaga ,Rural,930,4708,2373,2335,710,374,336,546,275,271,594,316,278,2494,1491,1003,2214,882,1332,2315,1274,1041,1986,1214,772,808,555,253,867,406,461,19,13,6,292,240,52,329,60,269,19,9,10,277,28,249,7,6,1,26,17,9,231,40,191,16,7,9,187,13,174,4,3,1,24,17,7,98,20,78,3,2,1,90,15,75,3,3,0,2,0,2,2393,1099,1294
29,556,0012,598519,0000,000000,KARNATAKA,Bagalkot,VILLAGE,Mannikeri,Rural,706,3772,1897,1875,683,353,330,814,389,425,136,73,63,1978,1181,797,1794,716,1078,1878,1003,875,1277,870,407,396,381,15,580,231,349,24,21,3,277,237,40,601,133,468,63,10,53,493,95,398,11,3,8,34,25,9,593,130,463,59,9,50,491,95,396,10,2,8,33,24,9,8,3,5,4,1,3,2,0,2,1,1,0,1,1,0,1894,894,1000
29,556,0012,598520,0000,000000,KARNATAKA,Bagalkot,VILLAGE,Girisagar,Rural,1418,7514,3767,3747,1138,593,545,1252,599,653,57,27,30,4062,2415,1647,3452,1352,2100,3383,1929,1454,3063,1790,1273,794,599,195,1511,616,895,126,90,36,632,485,147,320,139,181,18,12,6,214,87,127,27,9,18,61,31,30,285,127,158,18,12,6,191,80,111,25,8,17,51,27,24,35,12,23,0,0,0,23,7,16,2,1,1,10,4,6,4131,1838,2293
29,556,0012,598521,0000,000000,KARNATAKA,Bagalkot,VILLAGE,Muttaladinni,Rural,95,489,244,245,62,29,33,101,53,48,0,0,0,225,146,79,264,98,166,269,132,137,94,84,10,48,45,3,28,27,1,1,1,0,17,11,6,175,48,127,1,1,0,165,46,119,1,0,1,8,1,7,175,48,127,1,1,0,165,46,119,1,0,1,8,1,7,0,0,0,0,0,0,0,0,0,0,0,0,0,0,0,220,112,108
29,556,0012,598522,0000,000000,KARNATAKA,Bagalkot,VILLAGE,Koppa S.R,Rural,110,496,251,245,67,32,35,40,20,20,0,0,0,246,156,90,250,95,155,277,146,131,263,139,124,114,64,50,112,43,69,0,0,0,37,32,5,14,7,7,5,4,1,7,3,4,0,0,0,2,0,2,13,6,7,5,4,1,6,2,4,0,0,0,2,0,2,1,1,0,0,0,0,1,1,0,0,0,0,0,0,0,219,105,114
29,556,0012,598523,0000,000000,KARNATAKA,Bagalkot,VILLAGE,Hadarihal,Rural,104,652,333,319,113,56,57,114,54,60,67,32,35,308,194,114,344,139,205,299,169,130,259,155,104,45,44,1,162,70,92,5,4,1,47,37,10,40,14,26,4,3,1,28,5,23,4,2,2,4,4,0,37,13,24,4,3,1,26,5,21,4,2,2,3,3,0,3,1,2,0,0,0,2,0,2,0,0,0,1,1,0,353,164,189
29,556,0012,598524,0000,000000,KARNATAKA,Bagalkot,VILLAGE,Beerkabbi,Rural,148,771,359,412,127,63,64,153,64,89,21,10,11,342,184,158,429,175,254,330,200,130,303,192,111,47,37,10,244,146,98,0,0,0,12,9,3,27,8,19,2,2,0,24,5,19,0,0,0,1,1,0,24,8,16,2,2,0,21,5,16,0,0,0,1,1,0,3,0,3,0,0,0,3,0,3,0,0,0,0,0,0,441,159,282
29,556,0012,598525,0000,000000,KARNATAKA,Bagalkot,VILLAGE,Kamadal,Rural,0,0,0,0,0,0,0,0,0,0,0,0,0,0,0,0,0,0,0,0,0,0,0,0,0,0,0,0,0,0,0,0,0,0,0,0,0,0,0,0,0,0,0,0,0,0,0,0,0,0,0,0,0,0,0,0,0,0,0,0,0,0,0,0,0,0,0,0,0,0,0,0,0,0,0,0,0,0,0,0,0,0,0,0,0
29,556,0012,598526,0000,000000,KARNATAKA,Bagalkot,VILLAGE,Mangur,Rural,0,0,0,0,0,0,0,0,0,0,0,0,0,0,0,0,0,0,0,0,0,0,0,0,0,0,0,0,0,0,0,0,0,0,0,0,0,0,0,0,0,0,0,0,0,0,0,0,0,0,0,0,0,0,0,0,0,0,0,0,0,0,0,0,0,0,0,0,0,0,0,0,0,0,0,0,0,0,0,0,0,0,0,0,0
29,556,0012,598527,0000,000000,KARNATAKA,Bagalkot,VILLAGE,Chicksangam,Rural,0,0,0,0,0,0,0,0,0,0,0,0,0,0,0,0,0,0,0,0,0,0,0,0,0,0,0,0,0,0,0,0,0,0,0,0,0,0,0,0,0,0,0,0,0,0,0,0,0,0,0,0,0,0,0,0,0,0,0,0,0,0,0,0,0,0,0,0,0,0,0,0,0,0,0,0,0,0,0,0,0,0,0,0,0
29,556,0012,598528,0000,000000,KARNATAKA,Bagalkot,VILLAGE,Kandagal,Rural,125,588,294,294,85,48,37,122,61,61,0,0,0,380,202,178,208,92,116,326,163,163,67,63,4,63,60,3,0,0,0,1,1,0,3,2,1,259,100,159,0,0,0,256,98,158,0,0,0,3,2,1,256,99,157,0,0,0,253,97,156,0,0,0,3,2,1,3,1,2,0,0,0,3,1,2,0,0,0,0,0,0,262,131,131
29,556,0012,598529,0000,000000,KARNATAKA,Bagalkot,VILLAGE,Honnihal,Rural,178,1166,604,562,183,100,83,487,252,235,1,0,1,703,420,283,463,184,279,463,313,150,277,235,42,179,167,12,59,37,22,6,6,0,33,25,8,186,78,108,15,15,0,157,51,106,2,1,1,12,11,1,182,75,107,14,14,0,156,51,105,2,1,1,10,9,1,4,3,1,1,1,0,1,0,1,0,0,0,2,2,0,703,291,412
29,556,0012,598530,0000,000000,KARNATAKA,Bagalkot,VILLAGE,Badardinni,Rural,305,1661,824,837,249,125,124,268,130,138,57,26,31,938,558,380,723,266,457,883,445,438,848,432,416,267,147,120,495,226,269,25,20,5,61,39,22,35,13,22,12,4,8,16,4,12,0,0,0,7,5,2,33,12,21,12,4,8,14,3,11,0,0,0,7,5,2,2,1,1,0,0,0,2,1,1,0,0,0,0,0,0,778,379,399
29,556,0012,598531,0000,000000,KARNATAKA,Bagalkot,VILLAGE,Yettinatti,Rural,26,117,63,54,6,0,6,0,0,0,6,3,3,69,48,21,48,15,33,63,36,27,63,36,27,47,28,19,16,8,8,0,0,0,0,0,0,0,0,0,0,0,0,0,0,0,0,0,0,0,0,0,0,0,0,0,0,0,0,0,0,0,0,0,0,0,0,0,0,0,0,0,0,0,0,0,0,0,0,0,0,0,54,27,27
29,556,0012,598532,0000,000000,KARNATAKA,Bagalkot,VILLAGE,Herkal,Rural,622,3521,1746,1775,473,235,238,583,282,301,491,243,248,1866,1104,762,1655,642,1013,1564,892,672,672,516,156,337,255,82,180,152,28,51,29,22,104,80,24,892,376,516,75,54,21,330,143,187,88,36,52,399,143,256,865,366,499,74,53,21,326,143,183,77,29,48,388,141,247,27,10,17,1,1,0,4,0,4,11,7,4,11,2,9,1957,854,1103
29,556,0012,598533,0000,000000,KARNATAKA,Bagalkot,VILLAGE,Tolamatti,Rural,484,2565,1282,1283,360,192,168,193,97,96,0,0,0,1379,821,558,1186,461,725,1477,735,742,1001,559,442,824,476,348,149,60,89,6,4,2,22,19,3,476,176,300,8,4,4,443,156,287,7,5,2,18,11,7,453,166,287,7,3,4,429,150,279,6,5,1,11,8,3,23,10,13,1,1,0,14,6,8,1,0,1,7,3,4,1088,547,541
29,556,0012,598534,0000,000000,KARNATAKA,Bagalkot,VILLAGE,Tummarmatti,Rural,221,1037,507,530,140,74,66,229,113,116,0,0,0,575,336,239,462,171,291,332,253,79,244,225,19,116,110,6,15,13,2,0,0,0,113,102,11,88,28,60,0,0,0,75,25,50,0,0,0,13,3,10,86,27,59,0,0,0,75,25,50,0,0,0,11,2,9,2,1,1,0,0,0,0,0,0,0,0,0,2,1,1,705,254,451
29,556,0012,598535,0000,000000,KARNATAKA,Bagalkot,VILLAGE,Dattapura,Rural,373,2191,1124,1067,397,206,191,1906,976,930,97,52,45,851,561,290,1340,563,777,1164,574,590,571,303,268,518,281,237,34,11,23,1,1,0,18,10,8,593,271,322,67,33,34,488,224,264,4,2,2,34,12,22,513,241,272,46,22,24,431,206,225,2,1,1,34,12,22,80,30,50,21,11,10,57,18,39,2,1,1,0,0,0,1027,550,477
29,556,0012,598536,0000,000000,KARNATAKA,Bagalkot,VILLAGE,Venkatapura,Rural,181,1039,516,523,166,94,72,999,493,506,9,3,6,422,253,169,617,263,354,544,270,274,396,244,152,182,169,13,174,42,132,1,1,0,39,32,7,148,26,122,3,0,3,141,23,118,0,0,0,4,3,1,145,24,121,3,0,3,141,23,118,0,0,0,1,1,0,3,2,1,0,0,0,0,0,0,0,0,0,3,2,1,495,246,249
29,556,0012,598537,0000,000000,KARNATAKA,Bagalkot,VILLAGE,Kundargi,Rural,1050,5122,2589,2533,706,370,336,738,365,373,137,75,62,3195,1870,1325,1927,719,1208,2241,1351,890,1613,1130,483,406,351,55,438,166,272,62,45,17,707,568,139,628,221,407,20,5,15,401,128,273,16,2,14,191,86,105,580,209,371,17,4,13,391,127,264,13,1,12,159,77,82,48,12,36,3,1,2,10,1,9,3,1,2,32,9,23,2881,1238,1643
29,556,0012,598538,0000,000000,KARNATAKA,Bagalkot,VILLAGE,Bavalatti,Rural,314,1540,796,744,199,113,86,491,251,240,83,47,36,941,576,365,599,220,379,876,428,448,670,400,270,174,165,9,447,201,246,9,3,6,40,31,9,206,28,178,1,1,0,175,6,169,13,10,3,17,11,6,202,28,174,1,1,0,171,6,165,13,10,3,17,11,6,4,0,4,0,0,0,4,0,4,0,0,0,0,0,0,664,368,296
29,556,0012,598539,0000,000000,KARNATAKA,Bagalkot,VILLAGE,Kovalli,Rural,262,1354,672,682,255,125,130,161,75,86,255,127,128,671,407,264,683,265,418,694,342,352,687,337,350,218,208,10,430,98,332,3,3,0,36,28,8,7,5,2,1,1,0,2,1,1,0,0,0,4,3,1,5,4,1,1,1,0,2,1,1,0,0,0,2,2,0,2,1,1,0,0,0,0,0,0,0,0,0,2,1,1,660,330,330
29,556,0012,598540,0000,000000,KARNATAKA,Bagalkot,VILLAGE,Budhihal(S.H),Rural,540,2639,1373,1266,379,214,165,317,165,152,25,10,15,1567,954,613,1072,419,653,1500,756,744,1458,732,726,717,491,226,596,132,464,12,7,5,133,102,31,42,24,18,5,4,1,15,7,8,2,1,1,20,12,8,38,22,16,3,3,0,14,7,7,2,1,1,19,11,8,4,2,2,2,1,1,1,0,1,0,0,0,1,1,0,1139,617,522
29,556,0012,598541,0000,000000,KARNATAKA,Bagalkot,VILLAGE,Anagawadi,Rural,812,3986,1987,1999,559,302,257,632,325,307,90,41,49,2342,1330,1012,1644,657,987,2185,1114,1071,1712,951,761,314,265,49,1033,433,600,47,38,9,318,215,103,473,163,310,33,18,15,293,78,215,19,8,11,128,59,69,384,127,257,33,18,15,248,58,190,8,2,6,95,49,46,89,36,53,0,0,0,45,20,25,11,6,5,33,10,23,1801,873,928
29,556,0012,598542,0000,000000,KARNATAKA,Bagalkot,VILLAGE,Kadapatti,Rural,273,1321,636,685,215,102,113,151,75,76,0,0,0,580,362,218,741,274,467,665,338,327,359,284,75,187,176,11,124,64,60,9,9,0,39,35,4,306,54,252,28,14,14,272,38,234,4,1,3,2,1,1,302,51,251,27,13,14,269,36,233,4,1,3,2,1,1,4,3,1,1,1,0,3,2,1,0,0,0,0,0,0,656,298,358
29,556,0012,598543,0000,000000,KARNATAKA,Bagalkot,VILLAGE,Yelligutti,Rural,268,1590,816,774,300,150,150,0,0,0,396,199,197,611,372,239,979,444,535,794,466,328,468,429,39,264,258,6,160,135,25,1,1,0,43,35,8,326,37,289,28,20,8,296,17,279,1,0,1,1,0,1,321,37,284,28,20,8,291,17,274,1,0,1,1,0,1,5,0,5,0,0,0,5,0,5,0,0,0,0,0,0,796,350,446
29,556,0013,000000,0000,000000,KARNATAKA,Bagalkot,CD BLOCK,Mudhol,Total,44598,233716,116896,116820,36371,18642,17729,45340,21940,23400,12003,5895,6108,123019,71078,51941,110697,45818,64879,111167,64360,46807,101202,61053,40149,40719,28937,11782,45200,20651,24549,1271,873,398,14012,10592,3420,9965,3307,6658,1398,480,918,6194,1572,4622,333,131,202,2040,1124,916,8796,2871,5925,1308,448,860,5882,1449,4433,249,104,145,1357,870,487,1169,436,733,90,32,58,312,123,189,84,27,57,683,254,429,122549,52536,70013
29,556,0013,000000,0000,000000,KARNATAKA,Bagalkot,CD BLOCK,Mudhol,Rural,44598,233716,116896,116820,36371,18642,17729,45340,21940,23400,12003,5895,6108,123019,71078,51941,110697,45818,64879,111167,64360,46807,101202,61053,40149,40719,28937,11782,45200,20651,24549,1271,873,398,14012,10592,3420,9965,3307,6658,1398,480,918,6194,1572,4622,333,131,202,2040,1124,916,8796,2871,5925,1308,448,860,5882,1449,4433,249,104,145,1357,870,487,1169,436,733,90,32,58,312,123,189,84,27,57,683,254,429,122549,52536,70013
29,556,0013,000000,0000,000000,KARNATAKA,Bagalkot,CD BLOCK,Mudhol,Urban,0,0,0,0,0,0,0,0,0,0,0,0,0,0,0,0,0,0,0,0,0,0,0,0,0,0,0,0,0,0,0,0,0,0,0,0,0,0,0,0,0,0,0,0,0,0,0,0,0,0,0,0,0,0,0,0,0,0,0,0,0,0,0,0,0,0,0,0,0,0,0,0,0,0,0,0,0,0,0,0,0,0,0,0,0
29,556,0013,598544,0000,000000,KARNATAKA,Bagalkot,VILLAGE,Saidapur,Rural,1568,7713,3955,3758,1196,602,594,1646,819,827,74,38,36,5037,2906,2131,2676,1049,1627,2960,2048,912,2852,1978,874,787,476,311,948,523,425,63,51,12,1054,928,126,108,70,38,9,7,2,52,24,28,12,8,4,35,31,4,102,66,36,8,6,2,50,23,27,12,8,4,32,29,3,6,4,2,1,1,0,2,1,1,0,0,0,3,2,1,4753,1907,2846
29,556,0013,598545,0000,000000,KARNATAKA,Bagalkot,VILLAGE,Madhabhavi,Rural,548,3306,1633,1673,601,303,298,463,233,230,14,6,8,1730,1028,702,1576,605,971,1538,826,712,1516,819,697,769,443,326,588,283,305,2,0,2,157,93,64,22,7,15,4,1,3,10,2,8,1,0,1,7,4,3,21,7,14,3,1,2,10,2,8,1,0,1,7,4,3,1,0,1,1,0,1,0,0,0,0,0,0,0,0,0,1768,807,961
29,556,0013,598546,0000,000000,KARNATAKA,Bagalkot,VILLAGE,Bisanal,Rural,533,2967,1499,1468,515,265,250,468,234,234,0,0,0,1610,944,666,1357,555,802,1358,754,604,948,664,284,491,318,173,329,231,98,6,6,0,122,109,13,410,90,320,30,8,22,366,74,292,5,0,5,9,8,1,409,89,320,29,7,22,366,74,292,5,0,5,9,8,1,1,1,0,1,1,0,0,0,0,0,0,0,0,0,0,1609,745,864
29,556,0013,598547,0000,000000,KARNATAKA,Bagalkot,VILLAGE,Kesrakoppa,Rural,754,4604,2304,2300,760,391,369,617,285,332,28,13,15,2257,1303,954,2347,1001,1346,2039,1257,782,2000,1251,749,1143,756,387,744,395,349,7,7,0,106,93,13,39,6,33,25,1,24,9,1,8,0,0,0,5,4,1,39,6,33,25,1,24,9,1,8,0,0,0,5,4,1,0,0,0,0,0,0,0,0,0,0,0,0,0,0,0,2565,1047,1518
29,556,0013,598548,0000,000000,KARNATAKA,Bagalkot,VILLAGE,Budni(P.D),Rural,237,1304,668,636,211,97,114,98,48,50,0,0,0,669,405,264,635,263,372,559,387,172,534,377,157,290,215,75,116,85,31,1,1,0,127,76,51,25,10,15,11,5,6,8,4,4,0,0,0,6,1,5,25,10,15,11,5,6,8,4,4,0,0,0,6,1,5,0,0,0,0,0,0,0,0,0,0,0,0,0,0,0,745,281,464
29,556,0013,598549,0000,000000,KARNATAKA,Bagalkot,VILLAGE,Mahalingapur(Rural),Rural,47,259,122,137,58,25,33,35,18,17,0,0,0,120,65,55,139,57,82,117,74,43,44,34,10,21,18,3,8,6,2,10,7,3,5,3,2,73,40,33,5,1,4,59,33,26,6,3,3,3,3,0,60,35,25,2,1,1,55,31,24,0,0,0,3,3,0,13,5,8,3,0,3,4,2,2,6,3,3,0,0,0,142,48,94
29,556,0013,598550,0000,000000,KARNATAKA,Bagalkot,VILLAGE,Belagali ,Rural,3086,17460,8795,8665,2872,1491,1381,3842,1845,1997,329,153,176,8603,4960,3643,8857,3835,5022,7875,4701,3174,7359,4478,2881,3407,2388,1019,3059,1467,1592,103,70,33,790,553,237,516,223,293,87,37,50,309,118,191,15,6,9,105,62,43,496,211,285,85,37,48,307,118,189,13,5,8,91,51,40,20,12,8,2,0,2,2,0,2,2,1,1,14,11,3,9585,4094,5491
29,556,0013,598551,0000,000000,KARNATAKA,Bagalkot,VILLAGE,Mugalkhod,Rural,1475,8642,4371,4271,1454,747,707,1023,493,530,13,5,8,4141,2411,1730,4501,1960,2541,4307,2452,1855,4165,2411,1754,2278,1581,697,1645,664,981,44,21,23,198,145,53,142,41,101,17,8,9,113,30,83,2,0,2,10,3,7,140,40,100,16,8,8,113,30,83,2,0,2,9,2,7,2,1,1,1,0,1,0,0,0,0,0,0,1,1,0,4335,1919,2416
29,556,0013,598552,0000,000000,KARNATAKA,Bagalkot,VILLAGE,Kulali,Rural,1271,6646,3324,3322,1033,526,507,2332,1146,1186,55,29,26,3194,1871,1323,3452,1453,1999,3518,1775,1743,3342,1703,1639,1042,795,247,2127,799,1328,11,7,4,162,102,60,176,72,104,29,17,12,119,44,75,3,0,3,25,11,14,158,64,94,26,16,10,108,38,70,3,0,3,21,10,11,18,8,10,3,1,2,11,6,5,0,0,0,4,1,3,3128,1549,1579
29,556,0013,598553,0000,000000,KARNATAKA,Bagalkot,VILLAGE,Shirol,Rural,2309,12171,6058,6113,1899,963,936,2080,993,1087,37,17,20,6032,3446,2586,6139,2612,3527,6551,3478,3073,6388,3414,2974,3045,1628,1417,2755,1395,1360,210,104,106,378,287,91,163,64,99,30,16,14,64,17,47,16,2,14,53,29,24,139,58,81,27,14,13,60,17,43,12,2,10,40,25,15,24,6,18,3,2,1,4,0,4,4,0,4,13,4,9,5620,2580,3040
29,556,0013,598554,0000,000000,KARNATAKA,Bagalkot,VILLAGE,Malapur,Rural,545,3082,1540,1542,453,210,243,509,239,270,4,3,1,1739,980,759,1343,560,783,1595,932,663,1533,890,643,1010,589,421,290,136,154,21,14,7,212,151,61,62,42,20,13,7,6,31,23,8,3,3,0,15,9,6,46,31,15,9,4,5,21,16,5,3,3,0,13,8,5,16,11,5,4,3,1,10,7,3,0,0,0,2,1,1,1487,608,879
29,556,0013,598555,0000,000000,KARNATAKA,Bagalkot,VILLAGE,Soragoan,Rural,623,3317,1624,1693,455,225,230,709,327,382,0,0,0,1835,1030,805,1482,594,888,1543,896,647,1296,752,544,529,378,151,657,292,365,28,22,6,82,60,22,247,144,103,6,2,4,205,113,92,1,1,0,35,28,7,215,119,96,5,1,4,203,112,91,0,0,0,7,6,1,32,25,7,1,1,0,2,1,1,1,1,0,28,22,6,1774,728,1046
29,556,0013,598556,0000,000000,KARNATAKA,Bagalkot,VILLAGE,Malali,Rural,1149,5760,2897,2863,843,455,388,1982,987,995,117,61,56,2821,1634,1187,2939,1263,1676,2892,1574,1318,2480,1361,1119,1057,634,423,1094,497,597,21,9,12,308,221,87,412,213,199,26,15,11,62,30,32,22,10,12,302,158,144,111,65,46,19,12,7,50,25,25,7,2,5,35,26,9,301,148,153,7,3,4,12,5,7,15,8,7,267,132,135,2868,1323,1545
29,556,0013,598557,0000,000000,KARNATAKA,Bagalkot,VILLAGE,Nagaral,Rural,1063,6122,3075,3047,980,509,471,1366,669,697,16,12,4,2828,1673,1155,3294,1402,1892,2963,1656,1307,2858,1611,1247,1126,709,417,1103,471,632,19,11,8,610,420,190,105,45,60,46,10,36,18,7,11,0,0,0,41,28,13,104,45,59,46,10,36,18,7,11,0,0,0,40,28,12,1,0,1,0,0,0,0,0,0,0,0,0,1,0,1,3159,1419,1740
29,556,0013,598558,0000,000000,KARNATAKA,Bagalkot,VILLAGE,Akkimaradi,Rural,495,2634,1302,1332,434,213,221,586,285,301,26,10,16,1199,695,504,1435,607,828,1280,740,540,1247,720,527,412,266,146,745,382,363,22,21,1,68,51,17,33,20,13,6,3,3,20,12,8,0,0,0,7,5,2,31,20,11,6,3,3,20,12,8,0,0,0,5,5,0,2,0,2,0,0,0,0,0,0,0,0,0,2,0,2,1354,562,792
29,556,0013,598559,0000,000000,KARNATAKA,Bagalkot,VILLAGE,Nandagoan,Rural,465,2729,1360,1369,428,220,208,828,415,413,104,50,54,1467,825,642,1262,535,727,1396,749,647,1391,746,645,738,405,333,562,278,284,14,11,3,77,52,25,5,3,2,3,2,1,0,0,0,1,0,1,1,1,0,5,3,2,3,2,1,0,0,0,1,0,1,1,1,0,0,0,0,0,0,0,0,0,0,0,0,0,0,0,0,1333,611,722
29,556,0013,598560,0000,000000,KARNATAKA,Bagalkot,VILLAGE,Sanganatti,Rural,413,2301,1123,1178,408,193,215,672,308,364,0,0,0,1059,633,426,1242,490,752,1125,618,507,977,599,378,271,235,36,640,313,327,2,1,1,64,50,14,148,19,129,124,11,113,14,1,13,2,0,2,8,7,1,144,15,129,121,8,113,14,1,13,2,0,2,7,6,1,4,4,0,3,3,0,0,0,0,0,0,0,1,1,0,1176,505,671
29,556,0013,598561,0000,000000,KARNATAKA,Bagalkot,VILLAGE,Marapur,Rural,539,3147,1568,1579,653,312,341,636,304,332,63,30,33,1576,929,647,1571,639,932,1531,764,767,1526,762,764,956,522,434,467,174,293,13,6,7,90,60,30,5,2,3,2,1,1,3,1,2,0,0,0,0,0,0,5,2,3,2,1,1,3,1,2,0,0,0,0,0,0,0,0,0,0,0,0,0,0,0,0,0,0,0,0,0,1616,804,812
29,556,0013,598562,0000,000000,KARNATAKA,Bagalkot,VILLAGE,Dhavaleshwar,Rural,1308,7392,3730,3662,1284,662,622,949,445,504,5,4,1,3703,2162,1541,3689,1568,2121,3257,1995,1262,3197,1967,1230,1690,1161,529,1249,608,641,35,25,10,223,173,50,60,28,32,20,12,8,16,2,14,4,2,2,20,12,8,50,23,27,20,12,8,15,2,13,4,2,2,11,7,4,10,5,5,0,0,0,1,0,1,0,0,0,9,5,4,4135,1735,2400
29,556,0013,598563,0000,000000,KARNATAKA,Bagalkot,VILLAGE,Mallapur(P.J),Rural,152,828,401,427,96,48,48,2,0,2,89,45,44,430,258,172,398,143,255,442,237,205,438,236,202,183,104,79,227,112,115,2,1,1,26,19,7,4,1,3,1,0,1,2,0,2,0,0,0,1,1,0,3,0,3,1,0,1,2,0,2,0,0,0,0,0,0,1,1,0,0,0,0,0,0,0,0,0,0,1,1,0,386,164,222
29,556,0013,598564,0000,000000,KARNATAKA,Bagalkot,VILLAGE,Mirji,Rural,454,2490,1284,1206,324,178,146,501,255,246,32,20,12,1413,841,572,1077,443,634,1203,700,503,1198,699,499,423,297,126,661,313,348,17,14,3,97,75,22,5,1,4,2,1,1,2,0,2,0,0,0,1,0,1,5,1,4,2,1,1,2,0,2,0,0,0,1,0,1,0,0,0,0,0,0,0,0,0,0,0,0,0,0,0,1287,584,703
29,556,0013,598565,0000,000000,KARNATAKA,Bagalkot,VILLAGE,Vantigodi,Rural,519,2593,1304,1289,364,183,181,547,269,278,0,0,0,1333,773,560,1260,531,729,1441,785,656,1407,779,628,529,394,135,642,325,317,18,17,1,218,43,175,34,6,28,5,2,3,12,2,10,0,0,0,17,2,15,33,6,27,4,2,2,12,2,10,0,0,0,17,2,15,1,0,1,1,0,1,0,0,0,0,0,0,0,0,0,1152,519,633
29,556,0013,598566,0000,000000,KARNATAKA,Bagalkot,VILLAGE,Channal,Rural,333,1614,825,789,229,134,95,381,187,194,52,23,29,922,547,375,692,278,414,818,452,366,690,391,299,328,197,131,348,183,165,1,1,0,13,10,3,128,61,67,43,23,20,80,35,45,0,0,0,5,3,2,128,61,67,43,23,20,80,35,45,0,0,0,5,3,2,0,0,0,0,0,0,0,0,0,0,0,0,0,0,0,796,373,423
29,556,0013,598567,0000,000000,KARNATAKA,Bagalkot,VILLAGE,Ranjanagi,Rural,531,2775,1402,1373,443,232,211,765,351,414,2,1,1,1499,875,624,1276,527,749,1373,766,607,1308,738,570,447,392,55,803,299,504,13,13,0,45,34,11,65,28,37,17,11,6,39,15,24,2,1,1,7,1,6,65,28,37,17,11,6,39,15,24,2,1,1,7,1,6,0,0,0,0,0,0,0,0,0,0,0,0,0,0,0,1402,636,766
29,556,0013,598568,0000,000000,KARNATAKA,Bagalkot,VILLAGE,Uttur,Rural,831,4341,2161,2180,675,326,349,979,480,499,8,5,3,2407,1371,1036,1934,790,1144,2114,1240,874,2015,1215,800,641,493,148,1095,496,599,7,6,1,272,220,52,99,25,74,10,3,7,76,14,62,1,0,1,12,8,4,90,24,66,10,3,7,68,13,55,1,0,1,11,8,3,9,1,8,0,0,0,8,1,7,0,0,0,1,0,1,2227,921,1306
29,556,0013,598569,0000,000000,KARNATAKA,Bagalkot,VILLAGE,Jaliber,Rural,267,1446,727,719,223,112,111,250,112,138,2,1,1,822,487,335,624,240,384,672,404,268,670,402,268,224,207,17,388,149,239,0,0,0,58,46,12,2,2,0,0,0,0,1,1,0,0,0,0,1,1,0,2,2,0,0,0,0,1,1,0,0,0,0,1,1,0,0,0,0,0,0,0,0,0,0,0,0,0,0,0,0,774,323,451
29,556,0013,598570,0000,000000,KARNATAKA,Bagalkot,VILLAGE,Rugi,Rural,476,2467,1229,1238,393,205,188,712,327,385,1,1,0,1135,643,492,1332,586,746,1264,702,562,1089,668,421,436,295,141,539,282,257,1,1,0,113,90,23,175,34,141,7,4,3,149,18,131,1,0,1,18,12,6,165,27,138,6,3,3,144,14,130,0,0,0,15,10,5,10,7,3,1,1,0,5,4,1,1,0,1,3,2,1,1203,527,676
29,556,0013,598571,0000,000000,KARNATAKA,Bagalkot,VILLAGE,Zunjarakopp,Rural,324,1695,793,902,256,126,130,467,217,250,151,63,88,1036,530,506,659,263,396,655,422,233,627,403,224,76,70,6,381,210,171,7,6,1,163,117,46,28,19,9,4,4,0,18,10,8,1,1,0,5,4,1,28,19,9,4,4,0,18,10,8,1,1,0,5,4,1,0,0,0,0,0,0,0,0,0,0,0,0,0,0,0,1040,371,669
29,556,0013,598572,0000,000000,KARNATAKA,Bagalkot,VILLAGE,Mudhol(Rural),Rural,387,2104,1085,1019,377,195,182,134,74,60,13,7,6,1162,676,486,942,409,533,663,539,124,575,479,96,406,368,38,26,16,10,6,5,1,137,90,47,88,60,28,11,8,3,2,2,0,2,2,0,73,48,25,86,59,27,11,8,3,2,2,0,2,2,0,71,47,24,2,1,1,0,0,0,0,0,0,0,0,0,2,1,1,1441,546,895
29,556,0013,598573,0000,000000,KARNATAKA,Bagalkot,VILLAGE,Budni(P.M),Rural,625,3349,1709,1640,455,248,207,737,363,374,53,27,26,1722,994,728,1627,715,912,1590,985,605,1484,963,521,720,586,134,663,307,356,16,10,6,85,60,25,106,22,84,18,9,9,71,6,65,2,1,1,15,6,9,102,18,84,17,8,9,70,5,65,2,1,1,13,4,9,4,4,0,1,1,0,1,1,0,0,0,0,2,2,0,1759,724,1035
29,556,0013,598574,0000,000000,KARNATAKA,Bagalkot,VILLAGE,Mantur,Rural,1525,7681,3849,3832,1168,612,556,1596,766,830,814,404,410,3936,2274,1662,3745,1575,2170,3910,1999,1911,3097,1887,1210,1281,936,345,1499,724,775,29,23,6,288,204,84,813,112,701,131,17,114,651,83,568,2,0,2,29,12,17,748,95,653,122,16,106,603,69,534,2,0,2,21,10,11,65,17,48,9,1,8,48,14,34,0,0,0,8,2,6,3771,1850,1921
29,556,0013,598575,0000,000000,KARNATAKA,Bagalkot,VILLAGE,Kishori,Rural,147,635,324,311,92,49,43,198,101,97,199,100,99,322,191,131,313,133,180,368,186,182,365,185,180,129,68,61,207,100,107,10,7,3,19,10,9,3,1,2,3,1,2,0,0,0,0,0,0,0,0,0,3,1,2,3,1,2,0,0,0,0,0,0,0,0,0,0,0,0,0,0,0,0,0,0,0,0,0,0,0,0,267,138,129
29,556,0013,598576,0000,000000,KARNATAKA,Bagalkot,VILLAGE,Melligeri,Rural,536,2922,1448,1474,381,205,176,806,375,431,376,171,205,1490,889,601,1432,559,873,1450,783,667,1442,778,664,428,394,34,892,292,600,4,1,3,118,91,27,8,5,3,4,2,2,3,2,1,1,1,0,0,0,0,8,5,3,4,2,2,3,2,1,1,1,0,0,0,0,0,0,0,0,0,0,0,0,0,0,0,0,0,0,0,1472,665,807
29,556,0013,598577,0000,000000,KARNATAKA,Bagalkot,VILLAGE,Halagali,Rural,1181,5450,2685,2765,744,385,359,499,221,278,2898,1436,1462,2518,1460,1058,2932,1225,1707,3054,1558,1496,2682,1459,1223,555,463,92,2007,908,1099,19,16,3,101,72,29,372,99,273,60,16,44,293,76,217,6,3,3,13,4,9,365,98,267,60,16,44,287,75,212,6,3,3,12,4,8,7,1,6,0,0,0,6,1,5,0,0,0,1,0,1,2396,1127,1269
29,556,0013,598578,0000,000000,KARNATAKA,Bagalkot,VILLAGE,Metgud,Rural,782,3993,2009,1984,590,301,289,533,279,254,2,1,1,2014,1196,818,1979,813,1166,2005,1100,905,1968,1077,891,708,576,132,1002,299,703,2,2,0,256,200,56,37,23,14,13,6,7,6,4,2,0,0,0,18,13,5,35,22,13,12,5,7,6,4,2,0,0,0,17,13,4,2,1,1,1,1,0,0,0,0,0,0,0,1,0,1,1988,909,1079
29,556,0013,598579,0000,000000,KARNATAKA,Bagalkot,VILLAGE,Gulgal Jambagi,Rural,480,2140,1102,1038,264,155,109,422,203,219,36,21,15,1201,699,502,939,403,536,1036,648,388,1007,627,380,382,285,97,523,264,259,7,5,2,95,73,22,29,21,8,10,10,0,13,5,8,0,0,0,6,6,0,28,20,8,10,10,0,12,4,8,0,0,0,6,6,0,1,1,0,0,0,0,1,1,0,0,0,0,0,0,0,1104,454,650
29,556,0013,598580,0000,000000,KARNATAKA,Bagalkot,VILLAGE,Chinchakhandi(B.K),Rural,541,2771,1403,1368,411,218,193,303,151,152,8,6,2,1337,790,547,1434,613,821,1438,798,640,1315,749,566,125,121,4,973,442,531,4,4,0,213,182,31,123,49,74,9,4,5,71,17,54,7,2,5,36,26,10,96,42,54,6,3,3,59,14,45,0,0,0,31,25,6,27,7,20,3,1,2,12,3,9,7,2,5,5,1,4,1333,605,728
29,556,0013,598581,0000,000000,KARNATAKA,Bagalkot,VILLAGE,Chinchakhandi(K.D),Rural,328,1627,808,819,253,142,111,383,184,199,232,114,118,890,496,394,737,312,425,827,428,399,789,417,372,216,133,83,516,241,275,6,5,1,51,38,13,38,11,27,5,1,4,29,10,19,3,0,3,1,0,1,37,10,27,5,1,4,28,9,19,3,0,3,1,0,1,1,1,0,0,0,0,1,1,0,0,0,0,0,0,0,800,380,420
29,556,0013,598582,0000,000000,KARNATAKA,Bagalkot,VILLAGE,Jeeragal,Rural,356,1736,868,868,267,138,129,358,168,190,37,20,17,922,529,393,814,339,475,816,483,333,614,380,234,144,126,18,402,202,200,1,1,0,67,51,16,202,103,99,8,5,3,174,81,93,0,0,0,20,17,3,201,103,98,7,5,2,174,81,93,0,0,0,20,17,3,1,0,1,1,0,1,0,0,0,0,0,0,0,0,0,920,385,535
29,556,0013,598583,0000,000000,KARNATAKA,Bagalkot,VILLAGE,Ingalagi,Rural,805,3954,1961,1993,655,329,326,441,206,235,9,3,6,2065,1183,882,1889,778,1111,1637,1117,520,1510,1103,407,623,584,39,748,404,344,9,9,0,130,106,24,127,14,113,11,2,9,107,9,98,2,0,2,7,3,4,118,13,105,11,2,9,98,8,90,2,0,2,7,3,4,9,1,8,0,0,0,9,1,8,0,0,0,0,0,0,2317,844,1473
29,556,0013,598584,0000,000000,KARNATAKA,Bagalkot,VILLAGE,Yadahalli,Rural,543,2586,1259,1327,368,172,196,326,158,168,556,266,290,1328,759,569,1258,500,758,1211,697,514,739,522,217,200,182,18,459,274,185,12,10,2,68,56,12,472,175,297,20,11,9,423,144,279,17,14,3,12,6,6,470,174,296,20,11,9,422,144,278,17,14,3,11,5,6,2,1,1,0,0,0,1,0,1,0,0,0,1,1,0,1375,562,813
29,556,0013,598585,0000,000000,KARNATAKA,Bagalkot,VILLAGE,Baragi,Rural,637,3121,1540,1581,422,203,219,494,219,275,1,1,0,1676,984,692,1445,556,889,1759,876,883,993,812,181,428,323,105,507,438,69,15,12,3,43,39,4,766,64,702,32,2,30,724,57,667,1,1,0,9,4,5,765,63,702,32,2,30,724,57,667,1,1,0,8,3,5,1,1,0,0,0,0,0,0,0,0,0,0,1,1,0,1362,664,698
29,556,0013,598586,0000,000000,KARNATAKA,Bagalkot,VILLAGE,Marikatti,Rural,151,882,436,446,150,77,73,203,94,109,0,0,0,450,268,182,432,168,264,450,264,186,450,264,186,271,185,86,166,74,92,0,0,0,13,5,8,0,0,0,0,0,0,0,0,0,0,0,0,0,0,0,0,0,0,0,0,0,0,0,0,0,0,0,0,0,0,0,0,0,0,0,0,0,0,0,0,0,0,0,0,0,432,172,260
29,556,0013,598587,0000,000000,KARNATAKA,Bagalkot,VILLAGE,Vajjaramatti,Rural,545,2639,1283,1356,350,172,178,533,257,276,98,56,42,1531,857,674,1108,426,682,1356,761,595,1125,732,393,461,381,80,395,151,244,22,20,2,247,180,67,231,29,202,21,5,16,55,11,44,3,2,1,152,11,141,85,23,62,18,4,14,51,8,43,1,1,0,15,10,5,146,6,140,3,1,2,4,3,1,2,1,1,137,1,136,1283,522,761
29,556,0013,598588,0000,000000,KARNATAKA,Bagalkot,VILLAGE,Alagundi(B.K),Rural,595,2921,1473,1448,456,239,217,350,180,170,140,63,77,1549,885,664,1372,588,784,1197,780,417,1032,713,319,457,390,67,426,202,224,1,0,1,148,121,27,165,67,98,15,10,5,123,37,86,0,0,0,27,20,7,155,60,95,14,9,5,118,34,84,0,0,0,23,17,6,10,7,3,1,1,0,5,3,2,0,0,0,4,3,1,1724,693,1031
29,556,0013,598589,0000,000000,KARNATAKA,Bagalkot,VILLAGE,Budni  (B.K.),Rural,181,1054,520,534,156,79,77,145,60,85,0,0,0,550,322,228,504,198,306,604,301,303,602,299,303,394,202,192,183,77,106,4,4,0,21,16,5,2,2,0,0,0,0,0,0,0,1,1,0,1,1,0,2,2,0,0,0,0,0,0,0,1,1,0,1,1,0,0,0,0,0,0,0,0,0,0,0,0,0,0,0,0,450,219,231
29,556,0013,598590,0000,000000,KARNATAKA,Bagalkot,VILLAGE,Machaknur,Rural,560,2918,1459,1459,433,220,213,501,241,260,598,277,321,1558,882,676,1360,577,783,1731,872,859,1692,866,826,707,534,173,912,279,633,18,12,6,55,41,14,39,6,33,4,1,3,29,3,26,3,1,2,3,1,2,37,6,31,2,1,1,29,3,26,3,1,2,3,1,2,2,0,2,2,0,2,0,0,0,0,0,0,0,0,0,1187,587,600
29,556,0013,598591,0000,000000,KARNATAKA,Bagalkot,VILLAGE,Budni Khurd,Rural,224,1120,550,570,166,86,80,270,134,136,189,92,97,728,396,332,392,154,238,414,295,119,286,241,45,167,160,7,80,49,31,6,6,0,33,26,7,128,54,74,5,1,4,99,44,55,13,2,11,11,7,4,128,54,74,5,1,4,99,44,55,13,2,11,11,7,4,0,0,0,0,0,0,0,0,0,0,0,0,0,0,0,706,255,451
29,556,0013,598592,0000,000000,KARNATAKA,Bagalkot,VILLAGE,Bidri,Rural,343,1701,857,844,251,127,124,179,92,87,237,117,120,925,547,378,776,310,466,941,508,433,910,494,416,572,336,236,288,124,164,1,0,1,49,34,15,31,14,17,11,3,8,10,2,8,0,0,0,10,9,1,31,14,17,11,3,8,10,2,8,0,0,0,10,9,1,0,0,0,0,0,0,0,0,0,0,0,0,0,0,0,760,349,411
29,556,0013,598593,0000,000000,KARNATAKA,Bagalkot,VILLAGE,Antapur,Rural,313,1577,796,781,228,115,113,130,64,66,43,21,22,879,539,340,698,257,441,737,422,315,532,331,201,264,188,76,215,96,119,17,15,2,36,32,4,205,91,114,34,25,9,54,17,37,100,41,59,17,8,9,155,69,86,28,20,8,42,13,29,73,31,42,12,5,7,50,22,28,6,5,1,12,4,8,27,10,17,5,3,2,840,374,466
29,556,0013,598594,0000,000000,KARNATAKA,Bagalkot,VILLAGE,Jambgi(K.D),Rural,257,1169,570,599,141,71,70,137,71,66,11,6,5,634,359,275,535,211,324,494,324,170,420,297,123,167,155,12,209,113,96,1,0,1,43,29,14,74,27,47,21,12,9,13,4,9,19,5,14,21,6,15,49,27,22,17,12,5,12,4,8,7,5,2,13,6,7,25,0,25,4,0,4,1,0,1,12,0,12,8,0,8,675,246,429
29,556,0013,598595,0000,000000,KARNATAKA,Bagalkot,VILLAGE,Kasba Jambgi(B.K),Rural,606,3001,1517,1484,458,243,215,410,198,212,16,7,9,1646,943,703,1355,574,781,1374,828,546,1355,815,540,518,369,149,755,380,375,14,13,1,68,53,15,19,13,6,4,2,2,7,4,3,1,1,0,7,6,1,19,13,6,4,2,2,7,4,3,1,1,0,7,6,1,0,0,0,0,0,0,0,0,0,0,0,0,0,0,0,1627,689,938
29,556,0013,598596,0000,000000,KARNATAKA,Bagalkot,VILLAGE,Muddapur,Rural,455,2318,1162,1156,405,220,185,360,180,180,258,136,122,1140,648,492,1178,514,664,818,630,188,736,561,175,294,269,25,229,126,103,14,8,6,199,158,41,82,69,13,3,1,2,11,6,5,1,0,1,67,62,5,81,69,12,3,1,2,11,6,5,1,0,1,66,62,4,1,0,1,0,0,0,0,0,0,0,0,0,1,0,1,1500,532,968
29,556,0013,598597,0000,000000,KARNATAKA,Bagalkot,VILLAGE,Petlur,Rural,447,2506,1261,1245,490,252,238,1302,653,649,0,0,0,1083,679,404,1423,582,841,870,652,218,632,536,96,323,314,9,144,96,48,2,2,0,163,124,39,238,116,122,9,6,3,135,61,74,1,0,1,93,49,44,66,27,39,9,6,3,30,5,25,0,0,0,27,16,11,172,89,83,0,0,0,105,56,49,1,0,1,66,33,33,1636,609,1027
29,556,0013,598598,0000,000000,KARNATAKA,Bagalkot,VILLAGE,Ningapur,Rural,415,2160,1083,1077,383,212,171,258,133,125,179,91,88,1086,655,431,1074,428,646,987,573,414,973,568,405,419,256,163,328,123,205,18,15,3,208,174,34,14,5,9,5,3,2,6,1,5,0,0,0,3,1,2,13,5,8,4,3,1,6,1,5,0,0,0,3,1,2,1,0,1,1,0,1,0,0,0,0,0,0,0,0,0,1173,510,663
29,556,0013,598599,0000,000000,KARNATAKA,Bagalkot,VILLAGE,Halaki,Rural,299,1651,813,838,259,130,129,238,115,123,9,5,4,851,486,365,800,327,473,685,422,263,641,400,241,192,177,15,380,164,216,3,2,1,66,57,9,44,22,22,8,5,3,28,12,16,2,0,2,6,5,1,44,22,22,8,5,3,28,12,16,2,0,2,6,5,1,0,0,0,0,0,0,0,0,0,0,0,0,0,0,0,966,391,575
29,556,0013,598600,0000,000000,KARNATAKA,Bagalkot,VILLAGE,Bommanbudni,Rural,103,481,232,249,65,31,34,25,11,14,6,4,2,249,143,106,232,89,143,225,141,84,201,139,62,90,73,17,27,5,22,1,1,0,83,60,23,24,2,22,3,0,3,7,0,7,1,0,1,13,2,11,24,2,22,3,0,3,7,0,7,1,0,1,13,2,11,0,0,0,0,0,0,0,0,0,0,0,0,0,0,0,256,91,165
29,556,0013,598601,0000,000000,KARNATAKA,Bagalkot,VILLAGE,Timmapur,Rural,227,1042,493,549,191,91,100,285,133,152,96,44,52,610,333,277,432,160,272,379,271,108,357,258,99,116,96,20,131,68,63,0,0,0,110,94,16,22,13,9,1,1,0,15,8,7,0,0,0,6,4,2,22,13,9,1,1,0,15,8,7,0,0,0,6,4,2,0,0,0,0,0,0,0,0,0,0,0,0,0,0,0,663,222,441
29,556,0013,598602,0000,000000,KARNATAKA,Bagalkot,VILLAGE,Hebbal,Rural,532,2911,1343,1568,416,209,207,611,261,350,17,3,14,1623,834,789,1288,509,779,1338,761,577,1134,660,474,463,321,142,487,198,289,3,2,1,181,139,42,204,101,103,46,27,19,117,46,71,1,0,1,40,28,12,204,101,103,46,27,19,117,46,71,1,0,1,40,28,12,0,0,0,0,0,0,0,0,0,0,0,0,0,0,0,1573,582,991
29,556,0013,598603,0000,000000,KARNATAKA,Bagalkot,VILLAGE,Chitrabanukoti,Rural,294,1459,730,729,233,113,120,87,41,46,633,324,309,680,416,264,779,314,465,812,434,378,808,432,376,82,66,16,690,340,350,4,3,1,32,23,9,4,2,2,0,0,0,3,2,1,0,0,0,1,0,1,4,2,2,0,0,0,3,2,1,0,0,0,1,0,1,0,0,0,0,0,0,0,0,0,0,0,0,0,0,0,647,296,351
29,556,0013,598604,0000,000000,KARNATAKA,Bagalkot,VILLAGE,Chikkur,Rural,514,2501,1204,1297,414,200,214,945,462,483,431,219,212,1168,684,484,1333,520,813,1192,713,479,959,609,350,320,280,40,545,252,293,1,1,0,93,76,17,233,104,129,10,7,3,203,85,118,0,0,0,20,12,8,227,101,126,10,7,3,200,85,115,0,0,0,17,9,8,6,3,3,0,0,0,3,0,3,0,0,0,3,3,0,1309,491,818
29,556,0013,598605,0000,000000,KARNATAKA,Bagalkot,VILLAGE,Bhantnur,Rural,526,2638,1323,1315,417,229,188,623,325,298,679,327,352,1468,854,614,1170,469,701,1313,747,566,1169,731,438,386,371,15,561,172,389,3,1,2,219,187,32,144,16,128,40,2,38,93,8,85,3,0,3,8,6,2,139,13,126,40,2,38,90,6,84,3,0,3,6,5,1,5,3,2,0,0,0,3,2,1,0,0,0,2,1,1,1325,576,749
29,556,0013,598606,0000,000000,KARNATAKA,Bagalkot,VILLAGE,Junnur,Rural,221,1025,496,529,134,74,60,58,29,29,213,109,104,609,333,276,416,163,253,611,305,306,317,285,32,217,215,2,61,39,22,4,3,1,35,28,7,294,20,274,7,3,4,282,14,268,1,0,1,4,3,1,293,20,273,7,3,4,281,14,267,1,0,1,4,3,1,1,0,1,0,0,0,1,0,1,0,0,0,0,0,0,414,191,223
29,556,0013,598607,0000,000000,KARNATAKA,Bagalkot,VILLAGE,Badnur,Rural,253,1238,618,620,222,118,104,348,174,174,114,58,56,628,373,255,610,245,365,584,354,230,462,332,130,182,174,8,235,118,117,21,20,1,24,20,4,122,22,100,12,3,9,39,9,30,3,2,1,68,8,60,30,17,13,4,3,1,15,5,10,3,2,1,8,7,1,92,5,87,8,0,8,24,4,20,0,0,0,60,1,59,654,264,390
29,556,0013,598608,0000,000000,KARNATAKA,Bagalkot,VILLAGE,Chawadapur,Rural,211,1164,587,577,194,100,94,524,270,254,44,24,20,543,315,228,621,272,349,606,342,264,603,342,261,224,133,91,190,68,122,2,1,1,187,140,47,3,0,3,0,0,0,2,0,2,0,0,0,1,0,1,3,0,3,0,0,0,2,0,2,0,0,0,1,0,1,0,0,0,0,0,0,0,0,0,0,0,0,0,0,0,558,245,313
29,556,0013,598609,0000,000000,KARNATAKA,Bagalkot,VILLAGE,Naganapur,Rural,239,1102,539,563,160,77,83,292,129,163,0,0,0,655,382,273,447,157,290,502,307,195,453,303,150,150,142,8,149,61,88,2,2,0,152,98,54,49,4,45,3,3,0,44,0,44,0,0,0,2,1,1,49,4,45,3,3,0,44,0,44,0,0,0,2,1,1,0,0,0,0,0,0,0,0,0,0,0,0,0,0,0,600,232,368
29,556,0013,598610,0000,000000,KARNATAKA,Bagalkot,VILLAGE,Kanasageri,Rural,126,656,336,320,80,40,40,124,64,60,1,0,1,331,204,127,325,132,193,360,177,183,349,177,172,96,94,2,239,70,169,0,0,0,14,13,1,11,0,11,0,0,0,10,0,10,0,0,0,1,0,1,11,0,11,0,0,0,10,0,10,0,0,0,1,0,1,0,0,0,0,0,0,0,0,0,0,0,0,0,0,0,296,159,137
29,556,0013,598611,0000,000000,KARNATAKA,Bagalkot,VILLAGE,Dadanatti,Rural,435,2313,1228,1085,314,165,149,203,104,99,23,17,6,1330,841,489,983,387,596,1175,662,513,1167,657,510,448,416,32,582,127,455,20,12,8,117,102,15,8,5,3,3,0,3,0,0,0,0,0,0,5,5,0,6,4,2,2,0,2,0,0,0,0,0,0,4,4,0,2,1,1,1,0,1,0,0,0,0,0,0,1,1,0,1138,566,572
29,556,0013,598612,0000,000000,KARNATAKA,Bagalkot,VILLAGE,Hosakoti,Rural,266,1364,656,708,185,86,99,328,136,192,15,7,8,792,466,326,572,190,382,595,363,232,533,340,193,251,182,69,150,53,97,0,0,0,132,105,27,62,23,39,3,2,1,34,5,29,2,0,2,23,16,7,60,21,39,3,2,1,34,5,29,2,0,2,21,14,7,2,2,0,0,0,0,0,0,0,0,0,0,2,2,0,769,293,476
29,556,0013,598613,0000,000000,KARNATAKA,Bagalkot,VILLAGE,Mallapur(P.L),Rural,160,809,417,392,121,63,58,128,65,63,0,0,0,494,306,188,315,111,204,399,210,189,394,207,187,272,154,118,104,41,63,2,1,1,16,11,5,5,3,2,1,1,0,0,0,0,0,0,0,4,2,2,5,3,2,1,1,0,0,0,0,0,0,0,4,2,2,0,0,0,0,0,0,0,0,0,0,0,0,0,0,0,410,207,203
29,556,0013,598614,0000,000000,KARNATAKA,Bagalkot,VILLAGE,Laxanatti,Rural,320,1550,797,753,230,126,104,129,66,63,47,21,26,915,536,379,635,261,374,800,458,342,641,436,205,317,243,74,232,118,114,1,1,0,91,74,17,159,22,137,110,18,92,44,1,43,0,0,0,5,3,2,140,18,122,95,15,80,40,0,40,0,0,0,5,3,2,19,4,15,15,3,12,4,1,3,0,0,0,0,0,0,750,339,411
29,556,0013,598615,0000,000000,KARNATAKA,Bagalkot,VILLAGE,Lokapur,Rural,2565,12790,6410,6380,1937,1012,925,1834,900,934,873,409,464,7930,4440,3490,4860,1970,2890,5243,3505,1738,4773,3303,1470,764,573,191,1036,437,599,139,94,45,2834,2199,635,470,202,268,55,24,31,167,51,116,17,8,9,231,119,112,449,192,257,54,23,31,160,51,109,15,7,8,220,111,109,21,10,11,1,1,0,7,0,7,2,1,1,11,8,3,7547,2905,4642
29,556,0013,598616,0000,000000,KARNATAKA,Bagalkot,VILLAGE,Jalikatti(B.K),Rural,217,912,442,470,133,65,68,215,102,113,52,26,26,578,308,270,334,134,200,438,257,181,398,236,162,47,33,14,73,13,60,96,62,34,182,128,54,40,21,19,1,0,1,2,0,2,7,2,5,30,19,11,39,21,18,1,0,1,2,0,2,6,2,4,30,19,11,1,0,1,0,0,0,0,0,0,1,0,1,0,0,0,474,185,289
29,556,0013,598617,0000,000000,KARNATAKA,Bagalkot,VILLAGE,Jadar-Aralikatti,Rural,157,949,480,469,97,46,51,217,110,107,155,75,80,644,365,279,305,115,190,242,192,50,156,129,27,32,30,2,5,3,2,8,6,2,111,90,21,86,63,23,6,4,2,5,5,0,2,0,2,73,54,19,84,63,21,6,4,2,5,5,0,0,0,0,73,54,19,2,0,2,0,0,0,0,0,0,2,0,2,0,0,0,707,288,419
29,556,0013,598618,0000,000000,KARNATAKA,Bagalkot,VILLAGE,Varchagal,Rural,296,1644,816,828,282,141,141,256,128,128,157,79,78,949,544,405,695,272,423,842,472,370,676,461,215,261,215,46,249,108,141,5,3,2,161,135,26,166,11,155,30,1,29,119,5,114,6,1,5,11,4,7,162,10,152,29,0,29,119,5,114,5,1,4,9,4,5,4,1,3,1,1,0,0,0,0,1,0,1,2,0,2,802,344,458
29,556,0013,598619,0000,000000,KARNATAKA,Bagalkot,VILLAGE,Palkimanya,Rural,126,637,318,319,94,40,54,154,74,80,180,92,88,371,218,153,266,100,166,197,161,36,122,98,24,14,14,0,2,1,1,0,0,0,106,83,23,75,63,12,6,3,3,3,3,0,4,3,1,62,54,8,67,57,10,6,3,3,3,3,0,4,3,1,54,48,6,8,6,2,0,0,0,0,0,0,0,0,0,8,6,2,440,157,283
29,556,0013,598620,0000,000000,KARNATAKA,Bagalkot,VILLAGE,Byadar-Aralikatti,Rural,27,137,74,63,8,4,4,0,0,0,25,14,11,95,58,37,42,16,26,39,34,5,24,20,4,1,1,0,0,0,0,0,0,0,23,19,4,15,14,1,0,0,0,0,0,0,1,1,0,14,13,1,15,14,1,0,0,0,0,0,0,1,1,0,14,13,1,0,0,0,0,0,0,0,0,0,0,0,0,0,0,0,98,40,58
29,556,0013,598621,0000,000000,KARNATAKA,Bagalkot,VILLAGE,Jalikatti(K.D),Rural,204,903,453,450,131,64,67,263,125,138,8,5,3,547,314,233,356,139,217,467,281,186,445,275,170,86,84,2,108,26,82,0,0,0,251,165,86,22,6,16,4,1,3,11,1,10,0,0,0,7,4,3,17,4,13,4,1,3,8,0,8,0,0,0,5,3,2,5,2,3,0,0,0,3,1,2,0,0,0,2,1,1,436,172,264
29,556,0014,000000,0000,000000,KARNATAKA,Bagalkot,CD BLOCK,Badami,Total,45260,246804,124649,122155,36789,19030,17759,37479,18837,18642,26605,13367,13238,135869,82055,53814,110935,42594,68341,120249,69210,51039,93341,59290,34051,31536,25494,6042,41546,18190,23356,1911,1359,552,18348,14247,4101,26908,9920,16988,2145,805,1340,18314,5665,12649,802,330,472,5647,3120,2527,24130,8948,15182,1909,704,1205,16785,5248,11537,693,291,402,4743,2705,2038,2778,972,1806,236,101,135,1529,417,1112,109,39,70,904,415,489,126555,55439,71116
29,556,0014,000000,0000,000000,KARNATAKA,Bagalkot,CD BLOCK,Badami,Rural,45260,246804,124649,122155,36789,19030,17759,37479,18837,18642,26605,13367,13238,135869,82055,53814,110935,42594,68341,120249,69210,51039,93341,59290,34051,31536,25494,6042,41546,18190,23356,1911,1359,552,18348,14247,4101,26908,9920,16988,2145,805,1340,18314,5665,12649,802,330,472,5647,3120,2527,24130,8948,15182,1909,704,1205,16785,5248,11537,693,291,402,4743,2705,2038,2778,972,1806,236,101,135,1529,417,1112,109,39,70,904,415,489,126555,55439,71116
29,556,0014,000000,0000,000000,KARNATAKA,Bagalkot,CD BLOCK,Badami,Urban,0,0,0,0,0,0,0,0,0,0,0,0,0,0,0,0,0,0,0,0,0,0,0,0,0,0,0,0,0,0,0,0,0,0,0,0,0,0,0,0,0,0,0,0,0,0,0,0,0,0,0,0,0,0,0,0,0,0,0,0,0,0,0,0,0,0,0,0,0,0,0,0,0,0,0,0,0,0,0,0,0,0,0,0,0
29,556,0014,598622,0000,000000,KARNATAKA,Bagalkot,VILLAGE,Kadarakoppa,Rural,450,2268,1107,1161,323,174,149,218,107,111,54,26,28,1294,724,570,974,383,591,1213,670,543,650,571,79,465,449,16,134,81,53,4,4,0,47,37,10,563,99,464,22,11,11,510,74,436,8,2,6,23,12,11,417,68,349,20,11,9,372,49,323,7,1,6,18,7,11,146,31,115,2,0,2,138,25,113,1,1,0,5,5,0,1055,437,618
29,556,0014,598623,0000,000000,KARNATAKA,Bagalkot,VILLAGE,Hanamaneri Inam,Rural,132,769,393,376,119,60,59,26,10,16,11,5,6,349,216,133,420,177,243,610,311,299,251,239,12,221,216,5,2,1,1,0,0,0,28,22,6,359,72,287,345,71,274,5,0,5,0,0,0,9,1,8,358,72,286,344,71,273,5,0,5,0,0,0,9,1,8,1,0,1,1,0,1,0,0,0,0,0,0,0,0,0,159,82,77
29,556,0014,598624,0000,000000,KARNATAKA,Bagalkot,VILLAGE,Yandigeri,Rural,410,2035,1042,993,286,149,137,245,110,135,60,31,29,1190,720,470,845,322,523,873,585,288,854,569,285,300,239,61,299,129,170,32,21,11,223,180,43,19,16,3,5,5,0,4,2,2,2,2,0,8,7,1,18,15,3,5,5,0,4,2,2,1,1,0,8,7,1,1,1,0,0,0,0,0,0,0,1,1,0,0,0,0,1162,457,705
29,556,0014,598625,0000,000000,KARNATAKA,Bagalkot,VILLAGE,Karadigudd S.A.,Rural,121,593,295,298,82,39,43,25,11,14,63,33,30,352,219,133,241,76,165,464,241,223,321,165,156,245,118,127,29,11,18,0,0,0,47,36,11,143,76,67,116,65,51,25,11,14,0,0,0,2,0,2,14,8,6,5,3,2,9,5,4,0,0,0,0,0,0,129,68,61,111,62,49,16,6,10,0,0,0,2,0,2,129,54,75
29,556,0014,598626,0000,000000,KARNATAKA,Bagalkot,VILLAGE,Neerabudihal,Rural,488,2452,1230,1222,329,158,171,166,88,78,11,9,2,1581,935,646,871,295,576,1138,681,457,447,299,148,213,139,74,129,69,60,6,5,1,99,86,13,691,382,309,128,88,40,398,162,236,3,2,1,162,130,32,657,366,291,127,87,40,377,156,221,2,2,0,151,121,30,34,16,18,1,1,0,21,6,15,1,0,1,11,9,2,1314,549,765
29,556,0014,598627,0000,000000,KARNATAKA,Bagalkot,VILLAGE,Ganganabudihal,Rural,194,1016,502,514,144,79,65,112,56,56,14,6,8,475,290,185,541,212,329,549,300,249,423,258,165,152,110,42,150,49,101,5,4,1,116,95,21,126,42,84,6,1,5,97,25,72,3,2,1,20,14,6,113,36,77,4,0,4,90,23,67,2,2,0,17,11,6,13,6,7,2,1,1,7,2,5,1,0,1,3,3,0,467,202,265
29,556,0014,598628,0000,000000,KARNATAKA,Bagalkot,VILLAGE,Kerakalamatti,Rural,479,2533,1278,1255,370,201,169,289,145,144,289,136,153,1317,788,529,1216,490,726,1159,706,453,842,597,245,333,254,79,220,99,121,20,14,6,269,230,39,317,109,208,11,6,5,253,66,187,4,1,3,49,36,13,313,108,205,11,6,5,252,66,186,4,1,3,46,35,11,4,1,3,0,0,0,1,0,1,0,0,0,3,1,2,1374,572,802
29,556,0014,598629,0000,000000,KARNATAKA,Bagalkot,VILLAGE,Kagalagomba,Rural,526,2656,1357,1299,353,195,158,551,264,287,98,47,51,1731,1025,706,925,332,593,1257,722,535,1175,707,468,336,239,97,512,195,317,20,18,2,307,255,52,82,15,67,3,1,2,70,8,62,0,0,0,9,6,3,80,13,67,2,0,2,70,8,62,0,0,0,8,5,3,2,2,0,1,1,0,0,0,0,0,0,0,1,1,0,1399,635,764
29,556,0014,598630,0000,000000,KARNATAKA,Bagalkot,VILLAGE,Sulikeri,Rural,518,2873,1415,1458,423,222,201,455,212,243,391,202,189,1651,962,689,1222,453,769,1450,778,672,1400,752,648,277,188,89,926,407,519,20,15,5,177,142,35,50,26,24,6,2,4,26,8,18,0,0,0,18,16,2,43,22,21,3,2,1,24,6,18,0,0,0,16,14,2,7,4,3,3,0,3,2,2,0,0,0,0,2,2,0,1423,637,786
29,556,0014,598631,0000,000000,KARNATAKA,Bagalkot,VILLAGE,Hoolageri,Rural,404,1928,937,991,225,110,115,352,159,193,597,301,296,1133,664,469,795,273,522,1161,589,572,721,518,203,288,257,31,318,161,157,3,3,0,112,97,15,440,71,369,273,22,251,139,29,110,0,0,0,28,20,8,431,68,363,268,21,247,137,29,108,0,0,0,26,18,8,9,3,6,5,1,4,2,0,2,0,0,0,2,2,0,767,348,419
29,556,0014,598632,0000,000000,KARNATAKA,Bagalkot,VILLAGE,Bandakeri,Rural,182,956,483,473,140,76,64,157,73,84,196,97,99,496,307,189,460,176,284,373,257,116,312,226,86,102,101,1,129,56,73,7,7,0,74,62,12,61,31,30,3,1,2,39,13,26,1,0,1,18,17,1,54,28,26,3,1,2,37,13,24,0,0,0,14,14,0,7,3,4,0,0,0,2,0,2,1,0,1,4,3,1,583,226,357
29,556,0014,598633,0000,000000,KARNATAKA,Bagalkot,VILLAGE,Krishnapur,Rural,272,1458,747,711,207,111,96,1413,724,689,0,0,0,656,414,242,802,333,469,682,403,279,667,394,273,136,78,58,304,172,132,8,6,2,219,138,81,15,9,6,0,0,0,5,3,2,2,1,1,8,5,3,15,9,6,0,0,0,5,3,2,2,1,1,8,5,3,0,0,0,0,0,0,0,0,0,0,0,0,0,0,0,776,344,432
29,556,0014,598634,0000,000000,KARNATAKA,Bagalkot,VILLAGE,Jalageri,Rural,339,1871,975,896,348,202,146,152,73,79,219,113,106,849,532,317,1022,443,579,1043,570,473,723,457,266,212,174,38,361,152,209,9,9,0,141,122,19,320,113,207,14,10,4,290,91,199,0,0,0,16,12,4,301,108,193,14,10,4,274,88,186,0,0,0,13,10,3,19,5,14,0,0,0,16,3,13,0,0,0,3,2,1,828,405,423
29,556,0014,598635,0000,000000,KARNATAKA,Bagalkot,VILLAGE,Kalabandakeri,Rural,237,1215,597,618,219,115,104,61,30,31,193,91,102,449,300,149,766,297,469,631,330,301,412,268,144,156,143,13,216,90,126,6,5,1,34,30,4,219,62,157,7,7,0,190,38,152,0,0,0,22,17,5,211,57,154,6,6,0,184,35,149,0,0,0,21,16,5,8,5,3,1,1,0,6,3,3,0,0,0,1,1,0,584,267,317
29,556,0014,598636,0000,000000,KARNATAKA,Bagalkot,VILLAGE,Anawal,Rural,651,3102,1576,1526,427,214,213,304,158,146,570,293,277,1381,856,525,1721,720,1001,1597,911,686,1335,865,470,320,242,78,830,463,367,23,21,2,162,139,23,262,46,216,20,5,15,224,29,195,1,0,1,17,12,5,242,30,212,20,5,15,217,24,193,0,0,0,5,1,4,20,16,4,0,0,0,7,5,2,1,0,1,12,11,1,1505,665,840
29,556,0014,598637,0000,000000,KARNATAKA,Bagalkot,VILLAGE,Hosakoti,Rural,192,965,478,487,133,68,65,88,46,42,281,142,139,521,301,220,444,177,267,537,306,231,529,306,223,368,239,129,97,27,70,1,1,0,63,39,24,8,0,8,0,0,0,7,0,7,0,0,0,1,0,1,6,0,6,0,0,0,6,0,6,0,0,0,0,0,0,2,0,2,0,0,0,1,0,1,0,0,0,1,0,1,428,172,256
29,556,0014,598638,0000,000000,KARNATAKA,Bagalkot,VILLAGE,Kainakatti,Rural,156,805,408,397,111,53,58,43,23,20,149,84,65,400,251,149,405,157,248,413,256,157,392,250,142,152,109,43,139,57,82,1,1,0,100,83,17,21,6,15,7,1,6,11,4,7,1,0,1,2,1,1,7,0,7,1,0,1,5,0,5,0,0,0,1,0,1,14,6,8,6,1,5,6,4,2,1,0,1,1,1,0,392,152,240
29,556,0014,598639,0000,000000,KARNATAKA,Bagalkot,VILLAGE,Sheeparamatti,Rural,121,729,394,335,84,50,34,10,4,6,0,0,0,472,291,181,257,103,154,438,234,204,431,232,199,194,193,1,212,23,189,0,0,0,25,16,9,7,2,5,1,1,0,4,0,4,0,0,0,2,1,1,5,1,4,1,1,0,3,0,3,0,0,0,1,0,1,2,1,1,0,0,0,1,0,1,0,0,0,1,1,0,291,160,131
29,556,0014,598640,0000,000000,KARNATAKA,Bagalkot,VILLAGE,Jangawad,Rural,120,674,334,340,95,52,43,106,54,52,0,0,0,373,222,151,301,112,189,227,191,36,208,187,21,109,109,0,44,28,16,0,0,0,55,50,5,19,4,15,0,0,0,17,2,15,0,0,0,2,2,0,18,3,15,0,0,0,17,2,15,0,0,0,1,1,0,1,1,0,0,0,0,0,0,0,0,0,0,1,1,0,447,143,304
29,556,0014,598641,0000,000000,KARNATAKA,Bagalkot,VILLAGE,Bellikindi,Rural,93,607,320,287,81,50,31,43,20,23,6,3,3,310,192,118,297,128,169,316,185,131,313,182,131,83,73,10,221,104,117,2,2,0,7,3,4,3,3,0,2,2,0,0,0,0,0,0,0,1,1,0,3,3,0,2,2,0,0,0,0,0,0,0,1,1,0,0,0,0,0,0,0,0,0,0,0,0,0,0,0,0,291,135,156
29,556,0014,598642,0000,000000,KARNATAKA,Bagalkot,VILLAGE,Hawalakhod,Rural,168,1009,507,502,157,76,81,166,88,78,0,0,0,458,293,165,551,214,337,576,296,280,555,294,261,193,140,53,288,92,196,4,4,0,70,58,12,21,2,19,1,1,0,17,1,16,1,0,1,2,0,2,21,2,19,1,1,0,17,1,16,1,0,1,2,0,2,0,0,0,0,0,0,0,0,0,0,0,0,0,0,0,433,211,222
29,556,0014,598643,0000,000000,KARNATAKA,Bagalkot,VILLAGE,Fakeerabudihal,Rural,118,617,328,289,65,36,29,49,24,25,0,0,0,359,228,131,258,100,158,331,202,129,109,97,12,66,63,3,5,5,0,2,1,1,36,28,8,222,105,117,4,2,2,210,98,112,0,0,0,8,5,3,191,91,100,4,2,2,181,84,97,0,0,0,6,5,1,31,14,17,0,0,0,29,14,15,0,0,0,2,0,2,286,126,160
29,556,0014,598644,0000,000000,KARNATAKA,Bagalkot,VILLAGE,Narenur,Rural,493,3205,1636,1569,586,298,288,1901,976,925,102,54,48,1547,1000,547,1658,636,1022,1679,897,782,1313,740,573,362,330,32,655,182,473,18,11,7,278,217,61,366,157,209,10,5,5,168,49,119,5,2,3,183,101,82,311,129,182,10,5,5,162,48,114,5,2,3,134,74,60,55,28,27,0,0,0,6,1,5,0,0,0,49,27,22,1526,739,787
29,556,0014,598645,0000,000000,KARNATAKA,Bagalkot,VILLAGE,Malagi,Rural,198,1161,614,547,175,97,78,111,63,48,196,103,93,699,415,284,462,199,263,682,375,307,613,364,249,151,148,3,237,51,186,15,10,5,210,155,55,69,11,58,0,0,0,52,5,47,6,0,6,11,6,5,67,9,58,0,0,0,52,5,47,6,0,6,9,4,5,2,2,0,0,0,0,0,0,0,0,0,0,2,2,0,479,239,240
29,556,0014,598646,0000,000000,KARNATAKA,Bagalkot,VILLAGE,Yaragoppa Inam,Rural,232,1180,604,576,162,86,76,316,164,152,386,199,187,657,405,252,523,199,324,464,350,114,275,248,27,133,119,14,31,24,7,5,5,0,106,100,6,189,102,87,24,16,8,95,37,58,1,1,0,69,48,21,169,93,76,23,16,7,92,35,57,1,1,0,53,41,12,20,9,11,1,0,1,3,2,1,0,0,0,16,7,9,716,254,462
29,556,0014,598647,0000,000000,KARNATAKA,Bagalkot,VILLAGE,Agasarakoppa,Rural,179,869,428,441,106,59,47,173,83,90,78,40,38,553,317,236,316,111,205,483,246,237,287,209,78,130,129,1,108,43,65,3,3,0,46,34,12,196,37,159,6,0,6,186,34,152,0,0,0,4,3,1,191,37,154,5,0,5,182,34,148,0,0,0,4,3,1,5,0,5,1,0,1,4,0,4,0,0,0,0,0,0,386,182,204
29,556,0014,598648,0000,000000,KARNATAKA,Bagalkot,VILLAGE,Yankanchi,Rural,289,1620,732,888,201,106,95,188,84,104,71,29,42,1037,541,496,583,191,392,773,422,351,341,274,67,137,127,10,76,36,40,6,6,0,122,105,17,432,148,284,11,10,1,376,118,258,4,0,4,41,20,21,370,130,240,11,10,1,318,102,216,3,0,3,38,18,20,62,18,44,0,0,0,58,16,42,1,0,1,3,2,1,847,310,537
29,556,0014,598649,0000,000000,KARNATAKA,Bagalkot,VILLAGE,Gubberakoppa,Rural,72,321,149,172,54,24,30,31,13,18,13,4,9,132,89,43,189,60,129,160,78,82,138,72,66,12,11,1,102,41,61,0,0,0,24,20,4,22,6,16,0,0,0,21,6,15,0,0,0,1,0,1,21,5,16,0,0,0,20,5,15,0,0,0,1,0,1,1,1,0,0,0,0,1,1,0,0,0,0,0,0,0,161,71,90
29,556,0014,598650,0000,000000,KARNATAKA,Bagalkot,VILLAGE,Maninagar,Rural,193,814,407,407,91,52,39,102,48,54,8,3,5,477,292,185,337,115,222,443,227,216,252,162,90,66,64,2,152,75,77,0,0,0,34,23,11,191,65,126,0,0,0,189,64,125,1,0,1,1,1,0,190,65,125,0,0,0,189,64,125,0,0,0,1,1,0,1,0,1,0,0,0,0,0,0,1,0,1,0,0,0,371,180,191
29,556,0014,598651,0000,000000,KARNATAKA,Bagalkot,VILLAGE,Mattikatti,Rural,183,1023,546,477,116,58,58,105,57,48,81,42,39,617,392,225,406,154,252,597,336,261,514,327,187,252,185,67,210,96,114,4,4,0,48,42,6,83,9,74,5,3,2,74,3,71,0,0,0,4,3,1,82,8,74,5,3,2,73,2,71,0,0,0,4,3,1,1,1,0,0,0,0,1,1,0,0,0,0,0,0,0,426,210,216
29,556,0014,598652,0000,000000,KARNATAKA,Bagalkot,VILLAGE,Kerur (Rural),Rural,1,10,5,5,2,1,1,5,3,2,0,0,0,6,3,3,4,2,2,5,2,3,5,2,3,0,0,0,5,2,3,0,0,0,0,0,0,0,0,0,0,0,0,0,0,0,0,0,0,0,0,0,0,0,0,0,0,0,0,0,0,0,0,0,0,0,0,0,0,0,0,0,0,0,0,0,0,0,0,0,0,0,5,3,2
29,556,0014,598653,0000,000000,KARNATAKA,Bagalkot,VILLAGE,Saganur,Rural,81,483,254,229,77,39,38,10,5,5,10,5,5,265,163,102,218,91,127,265,153,112,265,153,112,199,116,83,23,0,23,6,6,0,37,31,6,0,0,0,0,0,0,0,0,0,0,0,0,0,0,0,0,0,0,0,0,0,0,0,0,0,0,0,0,0,0,0,0,0,0,0,0,0,0,0,0,0,0,0,0,0,218,101,117
29,556,0014,598654,0000,000000,KARNATAKA,Bagalkot,VILLAGE,Chinchalakatti,Rural,293,1646,843,803,314,160,154,1119,574,545,113,59,54,697,432,265,949,411,538,818,414,404,513,286,227,139,98,41,205,40,165,1,0,1,168,148,20,305,128,177,12,8,4,123,33,90,28,11,17,142,76,66,288,126,162,11,8,3,110,33,77,27,11,16,140,74,66,17,2,15,1,0,1,13,0,13,1,0,1,2,2,0,828,429,399
29,556,0014,598655,0000,000000,KARNATAKA,Bagalkot,VILLAGE,Hanamaneri (G),Rural,38,222,110,112,29,15,14,10,4,6,0,0,0,119,64,55,103,46,57,109,59,50,41,27,14,7,7,0,34,20,14,0,0,0,0,0,0,68,32,36,0,0,0,65,32,33,0,0,0,3,0,3,40,22,18,0,0,0,39,22,17,0,0,0,1,0,1,28,10,18,0,0,0,26,10,16,0,0,0,2,0,2,113,51,62
29,556,0014,598656,0000,000000,KARNATAKA,Bagalkot,VILLAGE,Kadapatti S.K,Rural,68,361,174,187,59,23,36,79,35,44,23,12,11,194,116,78,167,58,109,191,98,93,86,62,24,9,9,0,64,43,21,2,1,1,11,9,2,105,36,69,7,3,4,75,24,51,0,0,0,23,9,14,67,23,44,1,1,0,58,20,38,0,0,0,8,2,6,38,13,25,6,2,4,17,4,13,0,0,0,15,7,8,170,76,94
29,556,0014,598657,0000,000000,KARNATAKA,Bagalkot,VILLAGE,Hullikeri Inam,Rural,437,2586,1306,1280,346,191,155,512,255,257,360,184,176,1324,810,514,1262,496,766,1358,723,635,539,388,151,152,149,3,274,138,136,15,15,0,98,86,12,819,335,484,11,6,5,558,198,360,2,0,2,248,131,117,738,307,431,10,5,5,537,193,344,0,0,0,191,109,82,81,28,53,1,1,0,21,5,16,2,0,2,57,22,35,1228,583,645
29,556,0014,598658,0000,000000,KARNATAKA,Bagalkot,VILLAGE,Halakurki,Rural,737,3894,1967,1927,591,309,282,426,211,215,1806,924,882,2209,1329,880,1685,638,1047,1941,1113,828,1599,983,616,340,305,35,983,445,538,20,18,2,256,215,41,342,130,212,4,0,4,291,98,193,7,2,5,40,30,10,317,121,196,4,0,4,277,98,179,7,2,5,29,21,8,25,9,16,0,0,0,14,0,14,0,0,0,11,9,2,1953,854,1099
29,556,0014,598659,0000,000000,KARNATAKA,Bagalkot,VILLAGE,Jammanakatti,Rural,384,2100,1080,1020,291,165,126,110,54,56,412,207,205,1130,748,382,970,332,638,1233,629,604,1211,621,590,473,280,193,559,187,372,15,13,2,164,141,23,22,8,14,5,3,2,2,1,1,0,0,0,15,4,11,17,4,13,4,2,2,0,0,0,0,0,0,13,2,11,5,4,1,1,1,0,2,1,1,0,0,0,2,2,0,867,451,416
29,556,0014,598660,0000,000000,KARNATAKA,Bagalkot,VILLAGE,Hulasageri,Rural,115,762,391,371,95,52,43,8,5,3,0,0,0,445,278,167,317,113,204,416,204,212,365,184,181,281,139,142,52,23,29,9,5,4,23,17,6,51,20,31,0,0,0,49,18,31,0,0,0,2,2,0,50,19,31,0,0,0,49,18,31,0,0,0,1,1,0,1,1,0,0,0,0,0,0,0,0,0,0,1,1,0,346,187,159
29,556,0014,598661,0000,000000,KARNATAKA,Bagalkot,VILLAGE,Katageri,Rural,733,3864,1943,1921,451,258,193,442,233,209,259,133,126,2422,1362,1060,1442,581,861,1627,1012,615,1220,854,366,168,159,9,726,466,260,46,30,16,280,199,81,407,158,249,44,9,35,302,126,176,36,7,29,25,16,9,314,140,174,10,6,4,258,115,143,28,6,22,18,13,5,93,18,75,34,3,31,44,11,33,8,1,7,7,3,4,2237,931,1306
29,556,0014,598662,0000,000000,KARNATAKA,Bagalkot,VILLAGE,Hangaragi,Rural,413,2445,1240,1205,364,183,181,295,143,152,0,0,0,1411,887,524,1034,353,681,1232,668,564,709,465,244,213,185,28,222,88,134,82,44,38,192,148,44,523,203,320,13,8,5,258,106,152,74,16,58,178,73,105,455,185,270,12,7,5,227,100,127,69,14,55,147,64,83,68,18,50,1,1,0,31,6,25,5,2,3,31,9,22,1213,572,641
29,556,0014,598663,0000,000000,KARNATAKA,Bagalkot,VILLAGE,Khazibudihal,Rural,205,1184,606,578,173,97,76,14,7,7,39,26,13,752,431,321,432,175,257,413,334,79,385,314,71,81,72,9,188,137,51,0,0,0,116,105,11,28,20,8,1,1,0,16,12,4,3,0,3,8,7,1,23,18,5,1,1,0,16,12,4,0,0,0,6,5,1,5,2,3,0,0,0,0,0,0,3,0,3,2,2,0,771,272,499
29,556,0014,598664,0000,000000,KARNATAKA,Bagalkot,VILLAGE,Kelawadi,Rural,367,1640,788,852,246,124,122,170,79,91,368,175,193,980,562,418,660,226,434,768,447,321,422,332,90,115,108,7,55,28,27,35,32,3,217,164,53,346,115,231,2,1,1,282,86,196,13,3,10,49,25,24,343,113,230,2,1,1,281,86,195,13,3,10,47,23,24,3,2,1,0,0,0,1,0,1,0,0,0,2,2,0,872,341,531
29,556,0014,598665,0000,000000,KARNATAKA,Bagalkot,VILLAGE,Lingapur,Rural,191,1002,494,508,144,66,78,198,91,107,1,0,1,518,324,194,484,170,314,344,280,64,320,274,46,135,131,4,69,50,19,10,6,4,106,87,19,24,6,18,0,0,0,18,4,14,2,0,2,4,2,2,24,6,18,0,0,0,18,4,14,2,0,2,4,2,2,0,0,0,0,0,0,0,0,0,0,0,0,0,0,0,658,214,444
29,556,0014,598666,0000,000000,KARNATAKA,Bagalkot,VILLAGE,Timasagar,Rural,287,1502,773,729,192,97,95,8,4,4,102,45,57,796,500,296,706,273,433,652,442,210,614,417,197,115,85,30,401,246,155,10,10,0,88,76,12,38,25,13,2,1,1,29,20,9,3,1,2,4,3,1,36,23,13,2,1,1,28,19,9,2,0,2,4,3,1,2,2,0,0,0,0,1,1,0,1,1,0,0,0,0,850,331,519
29,556,0014,598667,0000,000000,KARNATAKA,Bagalkot,VILLAGE,Kotikall,Rural,604,3156,1518,1638,411,198,213,413,195,218,436,206,230,2019,1121,898,1137,397,740,1169,805,364,1011,766,245,88,79,9,120,36,84,70,48,22,733,603,130,158,39,119,13,6,7,63,6,57,5,1,4,77,26,51,146,36,110,11,6,5,57,5,52,5,1,4,73,24,49,12,3,9,2,0,2,6,1,5,0,0,0,4,2,2,1987,713,1274
29,556,0014,598668,0000,000000,KARNATAKA,Bagalkot,VILLAGE,Haradolli,Rural,1,5,1,4,1,0,1,0,0,0,0,0,0,4,1,3,1,0,1,1,1,0,1,1,0,0,0,0,0,0,0,0,0,0,1,1,0,0,0,0,0,0,0,0,0,0,0,0,0,0,0,0,0,0,0,0,0,0,0,0,0,0,0,0,0,0,0,0,0,0,0,0,0,0,0,0,0,0,0,0,0,0,4,0,4
29,556,0014,598669,0000,000000,KARNATAKA,Bagalkot,VILLAGE,Budanagad,Rural,248,1493,746,747,275,146,129,149,69,80,0,0,0,534,326,208,959,420,539,833,424,409,530,288,242,56,44,12,428,210,218,3,3,0,43,31,12,303,136,167,11,6,5,289,128,161,0,0,0,3,2,1,303,136,167,11,6,5,289,128,161,0,0,0,3,2,1,0,0,0,0,0,0,0,0,0,0,0,0,0,0,0,660,322,338
29,556,0014,598670,0000,000000,KARNATAKA,Bagalkot,VILLAGE,Injanawari,Rural,85,517,273,244,96,55,41,33,18,15,8,4,4,289,186,103,228,87,141,262,138,124,140,135,5,78,78,0,2,2,0,2,2,0,58,53,5,122,3,119,0,0,0,117,1,116,0,0,0,5,2,3,120,3,117,0,0,0,116,1,115,0,0,0,4,2,2,2,0,2,0,0,0,1,0,1,0,0,0,1,0,1,255,135,120
29,556,0014,598671,0000,000000,KARNATAKA,Bagalkot,VILLAGE,Haladur,Rural,307,1641,819,822,240,122,118,214,109,105,13,5,8,901,546,355,740,273,467,688,462,226,333,277,56,111,107,4,85,43,42,32,31,1,105,96,9,355,185,170,2,2,0,255,109,146,40,25,15,58,49,9,346,177,169,2,2,0,249,104,145,38,23,15,57,48,9,9,8,1,0,0,0,6,5,1,2,2,0,1,1,0,953,357,596
29,556,0014,598672,0000,000000,KARNATAKA,Bagalkot,VILLAGE,Allur. S.P.,Rural,149,710,367,343,99,51,48,115,64,51,18,12,6,375,242,133,335,125,210,352,207,145,347,207,140,38,36,2,258,126,132,6,6,0,45,39,6,5,0,5,0,0,0,5,0,5,0,0,0,0,0,0,5,0,5,0,0,0,5,0,5,0,0,0,0,0,0,0,0,0,0,0,0,0,0,0,0,0,0,0,0,0,358,160,198
29,556,0014,598673,0000,000000,KARNATAKA,Bagalkot,VILLAGE,Asangi,Rural,136,855,430,425,119,55,64,150,81,69,203,94,109,599,358,241,256,72,184,487,241,246,410,207,203,78,69,9,326,135,191,4,2,2,2,1,1,77,34,43,4,2,2,38,14,24,9,2,7,26,16,10,71,31,40,4,2,2,37,14,23,9,2,7,21,13,8,6,3,3,0,0,0,1,0,1,0,0,0,5,3,2,368,189,179
29,556,0014,598674,0000,000000,KARNATAKA,Bagalkot,VILLAGE,Padanakatti,Rural,237,1364,706,658,232,128,104,55,32,23,18,6,12,710,449,261,654,257,397,659,363,296,427,277,150,160,96,64,145,72,73,5,5,0,117,104,13,232,86,146,5,3,2,190,54,136,0,0,0,37,29,8,179,70,109,5,3,2,145,45,100,0,0,0,29,22,7,53,16,37,0,0,0,45,9,36,0,0,0,8,7,1,705,343,362
29,556,0014,598675,0000,000000,KARNATAKA,Bagalkot,VILLAGE,Parwati,Rural,409,2320,1147,1173,379,187,192,247,115,132,195,99,96,1214,739,475,1106,408,698,1154,634,520,733,445,288,163,100,63,204,66,138,12,8,4,354,271,83,421,189,232,10,5,5,95,33,62,10,3,7,306,148,158,406,184,222,9,5,4,91,31,60,10,3,7,296,145,151,15,5,10,1,0,1,4,2,2,0,0,0,10,3,7,1166,513,653
29,556,0014,598676,0000,000000,KARNATAKA,Bagalkot,VILLAGE,Khanapur.S.P.,Rural,149,988,498,490,184,90,94,31,16,15,944,476,468,398,230,168,590,268,322,551,287,264,517,261,256,115,112,3,279,44,235,0,0,0,123,105,18,34,26,8,1,1,0,5,1,4,0,0,0,28,24,4,34,26,8,1,1,0,5,1,4,0,0,0,28,24,4,0,0,0,0,0,0,0,0,0,0,0,0,0,0,0,437,211,226
29,556,0014,598677,0000,000000,KARNATAKA,Bagalkot,VILLAGE,Murudi,Rural,200,1213,572,641,253,127,126,96,40,56,700,346,354,586,301,285,627,271,356,465,316,149,463,315,148,23,21,2,153,104,49,2,2,0,285,188,97,2,1,1,1,1,0,0,0,0,0,0,0,1,0,1,2,1,1,1,1,0,0,0,0,0,0,0,1,0,1,0,0,0,0,0,0,0,0,0,0,0,0,0,0,0,748,256,492
29,556,0014,598678,0000,000000,KARNATAKA,Bagalkot,VILLAGE,Thogunashi,Rural,414,2209,1121,1088,355,173,182,710,364,346,162,80,82,1240,765,475,969,356,613,1073,609,464,785,459,326,138,109,29,480,229,251,19,12,7,148,109,39,288,150,138,6,2,4,31,12,19,5,1,4,246,135,111,283,147,136,5,2,3,30,11,19,4,1,3,244,133,111,5,3,2,1,0,1,1,1,0,1,0,1,2,2,0,1136,512,624
29,556,0014,598679,0000,000000,KARNATAKA,Bagalkot,VILLAGE,Teggi,Rural,224,1342,680,662,175,88,87,72,31,41,12,6,6,711,469,242,631,211,420,556,383,173,469,351,118,98,92,6,159,94,65,18,9,9,194,156,38,87,32,55,4,0,4,29,10,19,8,4,4,46,18,28,60,19,41,4,0,4,23,7,16,5,1,4,28,11,17,27,13,14,0,0,0,6,3,3,3,3,0,18,7,11,786,297,489
29,556,0014,598680,0000,000000,KARNATAKA,Bagalkot,VILLAGE,Hirebudihal,Rural,219,1364,685,679,223,122,101,34,17,17,0,0,0,742,460,282,622,225,397,722,349,373,584,331,253,253,215,38,266,57,209,20,19,1,45,40,5,138,18,120,6,3,3,116,1,115,0,0,0,16,14,2,130,13,117,6,3,3,114,1,113,0,0,0,10,9,1,8,5,3,0,0,0,2,0,2,0,0,0,6,5,1,642,336,306
29,556,0014,598681,0000,000000,KARNATAKA,Bagalkot,VILLAGE,Lakkasakoppa,Rural,161,891,438,453,87,45,42,98,50,48,58,28,30,506,305,201,385,133,252,469,252,217,463,248,215,189,98,91,229,112,117,4,3,1,41,35,6,6,4,2,4,3,1,1,0,1,0,0,0,1,1,0,3,2,1,2,2,0,1,0,1,0,0,0,0,0,0,3,2,1,2,1,1,0,0,0,0,0,0,1,1,0,422,186,236
29,556,0014,598682,0000,000000,KARNATAKA,Bagalkot,VILLAGE,Konkanakoppa,Rural,359,1744,867,877,232,103,129,53,28,25,0,0,0,1047,646,401,697,221,476,1030,487,543,877,418,459,211,114,97,297,90,207,72,37,35,297,177,120,153,69,84,5,2,3,11,7,4,23,10,13,114,50,64,81,39,42,5,2,3,9,5,4,21,8,13,46,24,22,72,30,42,0,0,0,2,2,0,2,2,0,68,26,42,714,380,334
29,556,0014,598683,0000,000000,KARNATAKA,Bagalkot,VILLAGE,Hansanoor,Rural,466,2493,1271,1222,388,221,167,528,261,267,214,115,99,1398,825,573,1095,446,649,1224,683,541,1079,621,458,214,185,29,751,372,379,39,21,18,75,43,32,145,62,83,14,3,11,65,32,33,4,3,1,62,24,38,103,48,55,5,2,3,41,26,15,4,3,1,53,17,36,42,14,28,9,1,8,24,6,18,0,0,0,9,7,2,1269,588,681
29,556,0014,598684,0000,000000,KARNATAKA,Bagalkot,VILLAGE,Raghapur,Rural,262,1545,754,791,240,120,120,176,86,90,271,134,137,825,504,321,720,250,470,822,418,404,528,345,183,280,141,139,159,126,33,1,1,0,88,77,11,294,73,221,5,3,2,269,53,216,0,0,0,20,17,3,292,73,219,5,3,2,268,53,215,0,0,0,19,17,2,2,0,2,0,0,0,1,0,1,0,0,0,1,0,1,723,336,387
29,556,0014,598685,0000,000000,KARNATAKA,Bagalkot,VILLAGE,Hanapur.S.P.,Rural,247,1662,856,806,306,153,153,855,443,412,36,19,17,924,597,327,738,259,479,861,440,421,839,433,406,3,2,1,807,411,396,0,0,0,29,20,9,22,7,15,0,0,0,20,6,14,2,1,1,0,0,0,22,7,15,0,0,0,20,6,14,2,1,1,0,0,0,0,0,0,0,0,0,0,0,0,0,0,0,0,0,0,801,416,385
29,556,0014,598686,0000,000000,KARNATAKA,Bagalkot,VILLAGE,Saraswathinagar,Rural,226,1599,822,777,241,120,121,1596,822,774,1,0,1,918,576,342,681,246,435,447,355,92,417,338,79,190,170,20,74,50,24,0,0,0,153,118,35,30,17,13,1,1,0,0,0,0,0,0,0,29,16,13,30,17,13,1,1,0,0,0,0,0,0,0,29,16,13,0,0,0,0,0,0,0,0,0,0,0,0,0,0,0,1152,467,685
29,556,0014,598687,0000,000000,KARNATAKA,Bagalkot,VILLAGE,Hullikeri.S.P.,Rural,392,2843,1438,1405,519,257,262,1370,677,693,24,14,10,1516,912,604,1327,526,801,1393,694,699,1073,676,397,732,548,184,322,116,206,1,0,1,18,12,6,320,18,302,29,14,15,285,3,282,1,0,1,5,1,4,318,17,301,29,14,15,285,3,282,1,0,1,3,0,3,2,1,1,0,0,0,0,0,0,0,0,0,2,1,1,1450,744,706
29,556,0014,598688,0000,000000,KARNATAKA,Bagalkot,VILLAGE,Kotnalli,Rural,155,957,488,469,145,71,74,65,39,26,204,99,105,483,296,187,474,192,282,537,280,257,228,202,26,181,165,16,20,14,6,1,1,0,26,22,4,309,78,231,5,3,2,279,65,214,13,1,12,12,9,3,297,74,223,5,3,2,270,61,209,11,1,10,11,9,2,12,4,8,0,0,0,9,4,5,2,0,2,1,0,1,420,208,212
29,556,0014,598689,0000,000000,KARNATAKA,Bagalkot,VILLAGE,Kataginahalli,Rural,207,1207,626,581,226,117,109,103,56,47,246,128,118,598,340,258,609,286,323,620,340,280,396,232,164,124,74,50,178,79,99,1,1,0,93,78,15,224,108,116,6,2,4,182,86,96,2,1,1,34,19,15,46,22,24,6,2,4,6,1,5,2,1,1,32,18,14,178,86,92,0,0,0,176,85,91,0,0,0,2,1,1,587,286,301
29,556,0014,598690,0000,000000,KARNATAKA,Bagalkot,VILLAGE,Layadagundi,Rural,377,2401,1234,1167,387,203,184,448,217,231,2,0,2,1414,850,564,987,384,603,1196,697,499,1026,589,437,542,335,207,267,132,135,37,28,9,180,94,86,170,108,62,10,8,2,124,67,57,4,2,2,32,31,1,119,89,30,6,6,0,82,53,29,1,0,1,30,30,0,51,19,32,4,2,2,42,14,28,3,2,1,2,1,1,1205,537,668
29,556,0014,598691,0000,000000,KARNATAKA,Bagalkot,VILLAGE,Subbalahunashi,Rural,65,456,245,211,107,63,44,26,13,13,134,68,66,236,153,83,220,92,128,241,126,115,241,126,115,184,93,91,37,18,19,0,0,0,20,15,5,0,0,0,0,0,0,0,0,0,0,0,0,0,0,0,0,0,0,0,0,0,0,0,0,0,0,0,0,0,0,0,0,0,0,0,0,0,0,0,0,0,0,0,0,0,215,119,96
29,556,0014,598692,0000,000000,KARNATAKA,Bagalkot,VILLAGE,Nagaral.S.P.,Rural,354,2413,1216,1197,387,202,185,156,83,73,292,144,148,1154,731,423,1259,485,774,1326,688,638,778,468,310,525,313,212,186,100,86,7,6,1,60,49,11,548,220,328,1,1,0,545,217,328,0,0,0,2,2,0,443,214,229,1,1,0,440,211,229,0,0,0,2,2,0,105,6,99,0,0,0,105,6,99,0,0,0,0,0,0,1087,528,559
29,556,0014,598693,0000,000000,KARNATAKA,Bagalkot,VILLAGE,Chimmalagi,Rural,316,1606,824,782,297,169,128,316,172,144,54,30,24,745,467,278,861,357,504,863,471,392,345,305,40,168,166,2,74,65,9,6,5,1,97,69,28,518,166,352,17,11,6,102,24,78,16,5,11,383,126,257,465,152,313,15,11,4,97,24,73,16,5,11,337,112,225,53,14,39,2,0,2,5,0,5,0,0,0,46,14,32,743,353,390
29,556,0014,598694,0000,000000,KARNATAKA,Bagalkot,VILLAGE,Mangalagudda,Rural,362,2062,1018,1044,294,137,157,329,164,165,112,51,61,1075,647,428,987,371,616,1192,597,595,1102,584,518,308,298,10,716,216,500,24,23,1,54,47,7,90,13,77,4,1,3,81,7,74,0,0,0,5,5,0,81,10,71,4,1,3,73,5,68,0,0,0,4,4,0,9,3,6,0,0,0,8,2,6,0,0,0,1,1,0,870,421,449
29,556,0014,598695,0000,000000,KARNATAKA,Bagalkot,VILLAGE,Katapur,Rural,294,1652,847,805,264,129,135,502,251,251,130,62,68,989,613,376,663,234,429,755,458,297,494,326,168,93,90,3,173,62,111,13,10,3,215,164,51,261,132,129,1,0,1,7,3,4,8,4,4,245,125,120,162,99,63,1,0,1,3,2,1,7,4,3,151,93,58,99,33,66,0,0,0,4,1,3,1,0,1,94,32,62,897,389,508
29,556,0014,598696,0000,000000,KARNATAKA,Bagalkot,VILLAGE,Neeralakeri,Rural,552,3085,1578,1507,540,275,265,152,81,71,94,46,48,1377,882,495,1708,696,1012,1597,906,691,1543,892,651,510,433,77,901,352,549,16,14,2,116,93,23,54,14,40,1,0,1,43,9,34,2,0,2,8,5,3,48,11,37,1,0,1,39,7,32,1,0,1,7,4,3,6,3,3,0,0,0,4,2,2,1,0,1,1,1,0,1488,672,816
29,556,0014,598697,0000,000000,KARNATAKA,Bagalkot,VILLAGE,Raddera Timmapur,Rural,380,1771,885,886,249,110,139,150,91,59,140,67,73,1100,645,455,671,240,431,653,500,153,391,365,26,301,291,10,21,16,5,5,5,0,64,53,11,262,135,127,6,4,2,239,118,121,10,7,3,7,6,1,261,134,127,5,3,2,239,118,121,10,7,3,7,6,1,1,1,0,1,1,0,0,0,0,0,0,0,0,0,0,1118,385,733
29,556,0014,598698,0000,000000,KARNATAKA,Bagalkot,VILLAGE,Haligeri,Rural,470,2685,1394,1291,456,253,203,273,148,125,236,126,110,1440,884,556,1245,510,735,1372,747,625,952,685,267,568,545,23,325,97,228,20,9,11,39,34,5,420,62,358,21,11,10,375,36,339,9,5,4,15,10,5,414,60,354,20,10,10,371,35,336,9,5,4,14,10,4,6,2,4,1,1,0,4,1,3,0,0,0,1,0,1,1313,647,666
29,556,0014,598699,0000,000000,KARNATAKA,Bagalkot,VILLAGE,Halageri,Rural,352,2060,1028,1032,337,165,172,884,420,464,276,145,131,1036,638,398,1024,390,634,731,531,200,528,477,51,214,211,3,53,47,6,15,14,1,246,205,41,203,54,149,3,2,1,0,0,0,2,2,0,198,50,148,202,53,149,3,2,1,0,0,0,2,2,0,197,49,148,1,1,0,0,0,0,0,0,0,0,0,0,1,1,0,1329,497,832
29,556,0014,598700,0000,000000,KARNATAKA,Bagalkot,VILLAGE,Ugalawat,Rural,436,2265,1177,1088,290,153,137,136,72,64,92,40,52,1283,801,482,982,376,606,917,600,317,594,481,113,301,293,8,187,105,82,6,3,3,100,80,20,323,119,204,11,9,2,199,51,148,16,9,7,97,50,47,317,115,202,11,9,2,198,51,147,16,9,7,92,46,46,6,4,2,0,0,0,1,0,1,0,0,0,5,4,1,1348,577,771
29,556,0014,598701,0000,000000,KARNATAKA,Bagalkot,VILLAGE,Mustigeri,Rural,597,3261,1655,1606,470,242,228,296,145,151,135,62,73,2020,1154,866,1241,501,740,1686,962,724,1460,867,593,577,386,191,658,321,337,29,19,10,196,141,55,226,95,131,25,10,15,153,61,92,4,1,3,44,23,21,217,92,125,24,10,14,151,60,91,3,1,2,39,21,18,9,3,6,1,0,1,2,1,1,1,0,1,5,2,3,1575,693,882
29,556,0014,598702,0000,000000,KARNATAKA,Bagalkot,VILLAGE,Karadigudda.S.N.,Rural,510,3672,1902,1770,738,363,375,24,10,14,950,505,445,1460,935,525,2212,967,1245,1945,1072,873,1867,1015,852,493,423,70,1164,426,738,15,7,8,195,159,36,78,57,21,3,0,3,14,4,10,7,3,4,54,50,4,74,54,20,3,0,3,13,3,10,6,3,3,52,48,4,4,3,1,0,0,0,1,1,0,1,0,1,2,2,0,1727,830,897
29,556,0014,598703,0000,000000,KARNATAKA,Bagalkot,VILLAGE,Neelagund,Rural,775,3803,1935,1868,453,247,206,494,271,223,690,321,369,2231,1329,902,1572,606,966,1883,1094,789,1838,1081,757,697,525,172,937,409,528,38,26,12,166,121,45,45,13,32,6,4,2,32,6,26,0,0,0,7,3,4,44,13,31,6,4,2,32,6,26,0,0,0,6,3,3,1,0,1,0,0,0,0,0,0,0,0,0,1,0,1,1920,841,1079
29,556,0014,598704,0000,000000,KARNATAKA,Bagalkot,VILLAGE,Mamatageri,Rural,235,1281,654,627,201,103,98,53,32,21,223,110,113,667,420,247,614,234,380,748,384,364,732,376,356,480,330,150,152,16,136,7,5,2,93,25,68,16,8,8,1,1,0,2,2,0,7,3,4,6,2,4,16,8,8,1,1,0,2,2,0,7,3,4,6,2,4,0,0,0,0,0,0,0,0,0,0,0,0,0,0,0,533,270,263
29,556,0014,598705,0000,000000,KARNATAKA,Bagalkot,VILLAGE,Hanamasagar,Rural,165,911,468,443,132,79,53,71,33,38,140,76,64,544,340,204,367,128,239,382,257,125,370,252,118,145,137,8,145,45,100,0,0,0,80,70,10,12,5,7,1,0,1,10,4,6,0,0,0,1,1,0,10,5,5,0,0,0,9,4,5,0,0,0,1,1,0,2,0,2,1,0,1,1,0,1,0,0,0,0,0,0,529,211,318
29,556,0014,598706,0000,000000,KARNATAKA,Bagalkot,VILLAGE,Kallapur.S.K,Rural,217,1257,611,646,265,139,126,47,23,24,0,0,0,587,345,242,670,266,404,594,318,276,540,310,230,160,154,6,343,126,217,2,2,0,35,28,7,54,8,46,5,2,3,49,6,43,0,0,0,0,0,0,37,6,31,4,2,2,33,4,29,0,0,0,0,0,0,17,2,15,1,0,1,16,2,14,0,0,0,0,0,0,663,293,370
29,556,0014,598707,0000,000000,KARNATAKA,Bagalkot,VILLAGE,Tappasakatti,Rural,182,1235,627,608,187,102,85,179,93,86,0,0,0,582,364,218,653,263,390,648,324,324,574,308,266,177,162,15,341,95,246,3,3,0,53,48,5,74,16,58,11,0,11,52,9,43,0,0,0,11,7,4,65,12,53,11,0,11,47,7,40,0,0,0,7,5,2,9,4,5,0,0,0,5,2,3,0,0,0,4,2,2,587,303,284
29,556,0014,598708,0000,000000,KARNATAKA,Bagalkot,VILLAGE,Kakanur,Rural,527,2763,1345,1418,453,216,237,761,344,417,153,79,74,1539,899,640,1224,446,778,1326,741,585,1137,718,419,376,330,46,536,217,319,51,33,18,174,138,36,189,23,166,5,1,4,179,18,161,0,0,0,5,4,1,20,11,9,3,1,2,13,7,6,0,0,0,4,3,1,169,12,157,2,0,2,166,11,155,0,0,0,1,1,0,1437,604,833
29,556,0014,598709,0000,000000,KARNATAKA,Bagalkot,VILLAGE,Chimmanakatti,Rural,342,2072,1015,1057,304,140,164,112,55,57,9,4,5,1164,697,467,908,318,590,837,578,259,545,424,121,244,240,4,179,75,104,3,1,2,119,108,11,292,154,138,57,53,4,94,23,71,11,2,9,130,76,54,249,138,111,56,52,4,85,19,66,11,2,9,97,65,32,43,16,27,1,1,0,9,4,5,0,0,0,33,11,22,1235,437,798
29,556,0014,598710,0000,000000,KARNATAKA,Bagalkot,VILLAGE,Chirlakoppa,Rural,253,1337,680,657,193,94,99,37,21,16,28,14,14,750,456,294,587,224,363,681,384,297,672,381,291,338,200,138,273,129,144,0,0,0,61,52,9,9,3,6,3,0,3,5,3,2,0,0,0,1,0,1,9,3,6,3,0,3,5,3,2,0,0,0,1,0,1,0,0,0,0,0,0,0,0,0,0,0,0,0,0,0,656,296,360
29,556,0014,598711,0000,000000,KARNATAKA,Bagalkot,VILLAGE,Khanapur S.K.,Rural,583,2964,1563,1401,400,213,187,338,187,151,213,106,107,1920,1132,788,1044,431,613,1288,834,454,617,510,107,186,176,10,16,12,4,19,13,6,396,309,87,671,324,347,7,3,4,538,237,301,4,4,0,122,80,42,663,321,342,7,3,4,536,237,299,4,4,0,116,77,39,8,3,5,0,0,0,2,0,2,0,0,0,6,3,3,1676,729,947
29,556,0014,598712,0000,000000,KARNATAKA,Bagalkot,VILLAGE,Somanakoppa,Rural,233,1446,732,714,218,103,115,43,20,23,14,8,6,680,435,245,766,297,469,535,409,126,510,396,114,224,222,2,261,158,103,2,2,0,23,14,9,25,13,12,1,0,1,23,13,10,0,0,0,1,0,1,25,13,12,1,0,1,23,13,10,0,0,0,1,0,1,0,0,0,0,0,0,0,0,0,0,0,0,0,0,0,911,323,588
29,556,0014,598713,0000,000000,KARNATAKA,Bagalkot,VILLAGE,Aladakatti,Rural,143,873,448,425,162,84,78,18,9,9,68,28,40,406,263,143,467,185,282,490,249,241,477,247,230,230,165,65,190,37,153,0,0,0,57,45,12,13,2,11,0,0,0,10,0,10,0,0,0,3,2,1,9,1,8,0,0,0,8,0,8,0,0,0,1,1,0,4,1,3,0,0,0,2,0,2,0,0,0,2,1,1,383,199,184
29,556,0014,598714,0000,000000,KARNATAKA,Bagalkot,VILLAGE,Muttalageri,Rural,729,4503,2233,2270,745,375,370,256,128,128,1400,662,738,2111,1275,836,2392,958,1434,1730,1119,611,1657,1082,575,690,598,92,798,344,454,17,14,3,152,126,26,73,37,36,17,10,7,32,15,17,3,1,2,21,11,10,72,36,36,17,10,7,32,15,17,3,1,2,20,10,10,1,1,0,0,0,0,0,0,0,0,0,0,1,1,0,2773,1114,1659
29,556,0014,598715,0000,000000,KARNATAKA,Bagalkot,VILLAGE,Mallapur,Rural,196,1121,575,546,174,95,79,301,152,149,0,0,0,627,374,253,494,201,293,649,339,310,517,289,228,194,155,39,294,111,183,8,7,1,21,16,5,132,50,82,15,11,4,96,24,72,3,1,2,18,14,4,127,45,82,15,11,4,96,24,72,3,1,2,13,9,4,5,5,0,0,0,0,0,0,0,0,0,0,5,5,0,472,236,236
29,556,0014,598716,0000,000000,KARNATAKA,Bagalkot,VILLAGE,Lakhamapur,Rural,308,1577,772,805,213,84,129,110,53,57,269,120,149,899,569,330,678,203,475,831,440,391,819,433,386,301,272,29,413,79,334,3,3,0,102,79,23,12,7,5,4,1,3,1,0,1,0,0,0,7,6,1,12,7,5,4,1,3,1,0,1,0,0,0,7,6,1,0,0,0,0,0,0,0,0,0,0,0,0,0,0,0,746,332,414
29,556,0014,598717,0000,000000,KARNATAKA,Bagalkot,VILLAGE,Belawalakoppa,Rural,282,1475,751,724,205,106,99,109,61,48,220,116,104,741,444,297,734,307,427,719,418,301,690,404,286,157,139,18,482,221,261,5,5,0,46,39,7,29,14,15,0,0,0,19,8,11,6,4,2,4,2,2,26,13,13,0,0,0,19,8,11,3,3,0,4,2,2,3,1,2,0,0,0,0,0,0,3,1,2,0,0,0,756,333,423
29,556,0014,598718,0000,000000,KARNATAKA,Bagalkot,VILLAGE,Bankaneri,Rural,147,907,466,441,128,64,64,61,29,32,509,260,249,388,239,149,519,227,292,390,251,139,387,250,137,58,52,6,322,193,129,2,2,0,5,3,2,3,1,2,0,0,0,3,1,2,0,0,0,0,0,0,3,1,2,0,0,0,3,1,2,0,0,0,0,0,0,0,0,0,0,0,0,0,0,0,0,0,0,0,0,0,517,215,302
29,556,0014,598719,0000,000000,KARNATAKA,Bagalkot,VILLAGE,Timmapur S.N.,Rural,190,960,498,462,141,85,56,130,71,59,60,28,32,568,338,230,392,160,232,532,290,242,260,247,13,198,195,3,7,3,4,5,3,2,50,46,4,272,43,229,7,3,4,258,34,224,1,1,0,6,5,1,271,42,229,7,3,4,258,34,224,1,1,0,5,4,1,1,1,0,0,0,0,0,0,0,0,0,0,1,1,0,428,208,220
29,556,0014,598720,0000,000000,KARNATAKA,Bagalkot,VILLAGE,Narasapur,Rural,298,1694,868,826,228,119,109,137,73,64,218,104,114,982,606,376,712,262,450,662,495,167,633,480,153,273,259,14,209,93,116,7,5,2,144,123,21,29,15,14,0,0,0,22,8,14,1,1,0,6,6,0,22,10,12,0,0,0,16,4,12,1,1,0,5,5,0,7,5,2,0,0,0,6,4,2,0,0,0,1,1,0,1032,373,659
29,556,0014,598721,0000,000000,KARNATAKA,Bagalkot,VILLAGE,Kulageri,Rural,252,1523,795,728,256,139,117,149,86,63,27,11,16,724,456,268,799,339,460,763,434,329,612,423,189,226,179,47,300,174,126,5,5,0,81,65,16,151,11,140,7,4,3,141,5,136,1,1,0,2,1,1,151,11,140,7,4,3,141,5,136,1,1,0,2,1,1,0,0,0,0,0,0,0,0,0,0,0,0,0,0,0,760,361,399
29,556,0014,598722,0000,000000,KARNATAKA,Bagalkot,VILLAGE,Karalakoppa,Rural,108,604,296,308,74,33,41,82,41,41,14,8,6,352,213,139,252,83,169,351,185,166,346,184,162,261,137,124,47,14,33,0,0,0,38,33,5,5,1,4,0,0,0,0,0,0,0,0,0,5,1,4,5,1,4,0,0,0,0,0,0,0,0,0,5,1,4,0,0,0,0,0,0,0,0,0,0,0,0,0,0,0,253,111,142
29,556,0014,598723,0000,000000,KARNATAKA,Bagalkot,VILLAGE,Haganur,Rural,134,806,416,390,146,75,71,126,62,64,7,3,4,404,251,153,402,165,237,443,224,219,411,202,209,144,70,74,239,111,128,5,4,1,23,17,6,32,22,10,1,1,0,4,2,2,4,1,3,23,18,5,31,22,9,1,1,0,4,2,2,4,1,3,22,18,4,1,0,1,0,0,0,0,0,0,0,0,0,1,0,1,363,192,171
29,556,0014,598724,0000,000000,KARNATAKA,Bagalkot,VILLAGE,Alur .S.K.,Rural,244,1304,667,637,217,107,110,56,25,31,62,33,29,631,395,236,673,272,401,708,360,348,338,263,75,235,218,17,72,20,52,18,15,3,13,10,3,370,97,273,11,10,1,339,74,265,8,6,2,12,7,5,364,95,269,10,9,1,335,74,261,7,5,2,12,7,5,6,2,4,1,1,0,4,0,4,1,1,0,0,0,0,596,307,289
29,556,0014,598725,0000,000000,KARNATAKA,Bagalkot,VILLAGE,Talakawad,Rural,115,651,339,312,101,60,41,28,14,14,0,0,0,368,231,137,283,108,175,296,193,103,296,193,103,131,131,0,100,11,89,21,19,2,44,32,12,0,0,0,0,0,0,0,0,0,0,0,0,0,0,0,0,0,0,0,0,0,0,0,0,0,0,0,0,0,0,0,0,0,0,0,0,0,0,0,0,0,0,0,0,0,355,146,209
29,556,0014,598726,0000,000000,KARNATAKA,Bagalkot,VILLAGE,Beeranur,Rural,171,844,417,427,117,61,56,34,18,16,20,10,10,441,266,175,403,151,252,508,251,257,505,250,255,190,175,15,287,57,230,4,4,0,24,14,10,3,1,2,0,0,0,3,1,2,0,0,0,0,0,0,3,1,2,0,0,0,3,1,2,0,0,0,0,0,0,0,0,0,0,0,0,0,0,0,0,0,0,0,0,0,336,166,170
29,556,0014,598727,0000,000000,KARNATAKA,Bagalkot,VILLAGE,Govanakoppa,Rural,299,1533,803,730,222,125,97,312,163,149,204,108,96,1043,622,421,490,181,309,724,427,297,688,411,277,193,182,11,115,54,61,68,65,3,312,110,202,36,16,20,2,2,0,6,3,3,2,0,2,26,11,15,36,16,20,2,2,0,6,3,3,2,0,2,26,11,15,0,0,0,0,0,0,0,0,0,0,0,0,0,0,0,809,376,433
29,556,0014,598728,0000,000000,KARNATAKA,Bagalkot,VILLAGE,Wadawatti,Rural,117,636,301,335,105,47,58,82,42,40,7,4,3,333,194,139,303,107,196,353,179,174,323,164,159,43,37,6,263,114,149,0,0,0,17,13,4,30,15,15,0,0,0,28,14,14,0,0,0,2,1,1,28,13,15,0,0,0,27,13,14,0,0,0,1,0,1,2,2,0,0,0,0,1,1,0,0,0,0,1,1,0,283,122,161
29,556,0014,598729,0000,000000,KARNATAKA,Bagalkot,VILLAGE,Kalas,Rural,140,825,414,411,113,56,57,78,40,38,316,157,159,463,287,176,362,127,235,459,228,231,458,228,230,48,45,3,400,178,222,0,0,0,10,5,5,1,0,1,0,0,0,1,0,1,0,0,0,0,0,0,1,0,1,0,0,0,1,0,1,0,0,0,0,0,0,0,0,0,0,0,0,0,0,0,0,0,0,0,0,0,366,186,180
29,556,0014,598730,0000,000000,KARNATAKA,Bagalkot,VILLAGE,Kittali,Rural,384,1940,997,943,235,131,104,296,152,144,94,47,47,1203,742,461,737,255,482,1002,571,431,959,555,404,318,272,46,494,165,329,19,14,5,128,104,24,43,16,27,18,4,14,12,4,8,2,1,1,11,7,4,37,14,23,18,4,14,8,3,5,2,1,1,9,6,3,6,2,4,0,0,0,4,1,3,0,0,0,2,1,1,938,426,512
29,556,0014,598731,0000,000000,KARNATAKA,Bagalkot,VILLAGE,Sulla,Rural,327,1517,758,759,190,101,89,268,139,129,108,56,52,839,502,337,678,256,422,763,457,306,501,350,151,416,292,124,47,28,19,10,9,1,28,21,7,262,107,155,80,30,50,138,53,85,35,20,15,9,4,5,188,73,115,77,28,49,91,33,58,15,10,5,5,2,3,74,34,40,3,2,1,47,20,27,20,10,10,4,2,2,754,301,453
29,556,0014,598732,0000,000000,KARNATAKA,Bagalkot,VILLAGE,Hebballi,Rural,687,3497,1778,1719,457,242,215,203,97,106,65,25,40,2140,1251,889,1357,527,830,1836,991,845,1097,809,288,503,472,31,361,149,212,28,21,7,205,167,38,739,182,557,17,7,10,671,146,525,8,1,7,43,28,15,722,179,543,15,6,9,664,146,518,6,1,5,37,26,11,17,3,14,2,1,1,7,0,7,2,0,2,6,2,4,1661,787,874
29,556,0014,598733,0000,000000,KARNATAKA,Bagalkot,VILLAGE,Mumaraddikoppa,Rural,107,435,207,228,46,26,20,58,27,31,35,15,20,283,158,125,152,49,103,278,133,145,265,126,139,30,18,12,195,80,115,2,1,1,38,27,11,13,7,6,1,0,1,5,3,2,2,1,1,5,3,2,13,7,6,1,0,1,5,3,2,2,1,1,5,3,2,0,0,0,0,0,0,0,0,0,0,0,0,0,0,0,157,74,83
29,556,0014,598734,0000,000000,KARNATAKA,Bagalkot,VILLAGE,Hiremuchalagudda,Rural,280,1728,907,821,255,136,119,44,23,21,20,8,12,998,647,351,730,260,470,813,454,359,262,241,21,94,92,2,25,23,2,1,1,0,142,125,17,551,213,338,2,0,2,528,194,334,0,0,0,21,19,2,548,212,336,2,0,2,525,193,332,0,0,0,21,19,2,3,1,2,0,0,0,3,1,2,0,0,0,0,0,0,915,453,462
29,556,0014,598735,0000,000000,KARNATAKA,Bagalkot,VILLAGE,Chikkamuchalagudda,Rural,202,1097,588,509,149,88,61,153,102,51,99,53,46,674,427,247,423,161,262,531,271,260,410,261,149,116,99,17,172,59,113,1,1,0,121,102,19,121,10,111,1,1,0,118,9,109,0,0,0,2,0,2,91,5,86,0,0,0,90,5,85,0,0,0,1,0,1,30,5,25,1,1,0,28,4,24,0,0,0,1,0,1,566,317,249
29,556,0014,598736,0000,000000,KARNATAKA,Bagalkot,VILLAGE,Bedarabudihal,Rural,96,542,269,273,77,41,36,81,46,35,116,52,64,314,182,132,228,87,141,199,141,58,139,116,23,55,53,2,39,24,15,0,0,0,45,39,6,60,25,35,1,0,1,53,19,34,0,0,0,6,6,0,59,24,35,1,0,1,53,19,34,0,0,0,5,5,0,1,1,0,0,0,0,0,0,0,0,0,0,1,1,0,343,128,215
29,556,0014,598737,0000,000000,KARNATAKA,Bagalkot,VILLAGE,Kutakanakeri,Rural,512,2664,1343,1321,415,203,212,103,44,59,590,310,280,1427,872,555,1237,471,766,1357,733,624,1218,695,523,426,359,67,662,241,421,6,4,2,124,91,33,139,38,101,15,5,10,97,20,77,7,2,5,20,11,9,100,32,68,13,4,9,70,18,52,6,2,4,11,8,3,39,6,33,2,1,1,27,2,25,1,0,1,9,3,6,1307,610,697
29,556,0014,598738,0000,000000,KARNATAKA,Bagalkot,VILLAGE,Kendur,Rural,515,2872,1444,1428,463,239,224,692,340,352,278,142,136,1602,959,643,1270,485,785,1560,809,751,973,628,345,365,248,117,439,244,195,17,16,1,152,120,32,587,181,406,29,9,20,526,156,370,2,1,1,30,15,15,577,177,400,28,9,19,521,155,366,2,1,1,26,12,14,10,4,6,1,0,1,5,1,4,0,0,0,4,3,1,1312,635,677
29,556,0014,598739,0000,000000,KARNATAKA,Bagalkot,VILLAGE,Nandikeshwar,Rural,941,5188,2631,2557,792,420,372,487,251,236,259,144,115,2851,1702,1149,2337,929,1408,2530,1520,1010,1231,991,240,550,529,21,278,106,172,13,12,1,390,344,46,1299,529,770,18,12,6,937,326,611,20,12,8,324,179,145,1054,438,616,14,11,3,824,280,544,14,8,6,202,139,63,245,91,154,4,1,3,113,46,67,6,4,2,122,40,82,2658,1111,1547
29,556,0014,598740,0000,000000,KARNATAKA,Bagalkot,VILLAGE,Bhadra Nayakan Jalihal,Rural,310,1448,715,733,190,102,88,106,49,57,72,37,35,883,508,375,565,207,358,580,388,192,290,238,52,180,162,18,50,29,21,7,7,0,53,40,13,290,150,140,25,21,4,220,94,126,11,8,3,34,27,7,273,139,134,24,20,4,219,93,126,7,7,0,23,19,4,17,11,6,1,1,0,1,1,0,4,1,3,11,8,3,868,327,541
29,556,0014,598741,0000,000000,KARNATAKA,Bagalkot,VILLAGE,Bachinagudd,Rural,272,1520,768,752,236,125,111,66,37,29,24,13,11,799,492,307,721,276,445,830,442,388,692,420,272,156,153,3,458,199,259,11,9,2,67,59,8,138,22,116,5,1,4,121,13,108,0,0,0,12,8,4,135,22,113,5,1,4,118,13,105,0,0,0,12,8,4,3,0,3,0,0,0,3,0,3,0,0,0,0,0,0,690,326,364
29,556,0014,598742,0000,000000,KARNATAKA,Bagalkot,VILLAGE,Pattadakall,Rural,533,2573,1260,1313,331,168,163,295,150,145,215,99,116,1604,924,680,969,336,633,1112,723,389,933,637,296,526,383,143,236,136,100,8,8,0,163,110,53,179,86,93,18,10,8,30,4,26,5,2,3,126,70,56,174,82,92,18,10,8,30,4,26,5,2,3,121,66,55,5,4,1,0,0,0,0,0,0,0,0,0,5,4,1,1461,537,924
29,556,0014,598743,0000,000000,KARNATAKA,Bagalkot,VILLAGE,Gonal,Rural,136,798,416,382,122,66,56,84,41,43,41,22,19,447,291,156,351,125,226,451,232,219,434,224,210,124,94,30,205,64,141,19,12,7,86,54,32,17,8,9,2,0,2,4,3,1,3,1,2,8,4,4,16,7,9,2,0,2,4,3,1,3,1,2,7,3,4,1,1,0,0,0,0,0,0,0,0,0,0,1,1,0,347,184,163
29,556,0014,598744,0000,000000,KARNATAKA,Bagalkot,VILLAGE,Shirabadagi,Rural,218,1095,554,541,170,91,79,73,45,28,13,7,6,554,347,207,541,207,334,552,328,224,276,258,18,195,188,7,15,10,5,3,3,0,63,57,6,276,70,206,149,30,119,111,27,84,0,0,0,16,13,3,262,59,203,144,25,119,108,26,82,0,0,0,10,8,2,14,11,3,5,5,0,3,1,2,0,0,0,6,5,1,543,226,317
29,556,0014,598745,0000,000000,KARNATAKA,Bagalkot,VILLAGE,Mangalur,Rural,238,1116,561,555,145,66,79,75,38,37,17,10,7,653,401,252,463,160,303,682,363,319,680,362,318,216,201,15,407,122,285,17,14,3,40,25,15,2,1,1,1,0,1,0,0,0,0,0,0,1,1,0,2,1,1,1,0,1,0,0,0,0,0,0,1,1,0,0,0,0,0,0,0,0,0,0,0,0,0,0,0,0,434,198,236
29,556,0014,598746,0000,000000,KARNATAKA,Bagalkot,VILLAGE,Govanaki,Rural,39,278,201,77,23,14,9,9,9,0,86,43,43,209,174,35,69,27,42,106,58,48,105,57,48,10,5,5,59,27,32,3,1,2,33,24,9,1,1,0,0,0,0,0,0,0,0,0,0,1,1,0,1,1,0,0,0,0,0,0,0,0,0,0,1,1,0,0,0,0,0,0,0,0,0,0,0,0,0,0,0,0,172,143,29
29,556,0014,598747,0000,000000,KARNATAKA,Bagalkot,VILLAGE,Nelwagi,Rural,214,1125,556,569,193,95,98,46,26,20,299,152,147,636,371,265,489,185,304,555,292,263,411,249,162,94,76,18,188,85,103,13,6,7,116,82,34,144,43,101,9,6,3,78,15,63,10,2,8,47,20,27,123,35,88,6,4,2,66,11,55,9,1,8,42,19,23,21,8,13,3,2,1,12,4,8,1,1,0,5,1,4,570,264,306
29,556,0014,598748,0000,000000,KARNATAKA,Bagalkot,VILLAGE,Adagal ,Rural,726,4138,2107,2031,693,349,344,710,356,354,2276,1172,1104,2110,1295,815,2028,812,1216,1888,1165,723,1353,919,434,171,137,34,763,408,355,7,6,1,412,368,44,535,246,289,6,4,2,484,212,272,1,0,1,44,30,14,509,230,279,5,3,2,472,205,267,1,0,1,31,22,9,26,16,10,1,1,0,12,7,5,0,0,0,13,8,5,2250,942,1308
29,556,0014,598749,0000,000000,KARNATAKA,Bagalkot,VILLAGE,Kabbalageri,Rural,350,2064,1060,1004,316,153,163,146,75,71,846,443,403,1113,685,428,951,375,576,1081,589,492,1073,581,492,171,159,12,780,323,457,9,3,6,113,96,17,8,8,0,0,0,0,2,2,0,0,0,0,6,6,0,8,8,0,0,0,0,2,2,0,0,0,0,6,6,0,0,0,0,0,0,0,0,0,0,0,0,0,0,0,0,983,471,512
29,556,0014,598750,0000,000000,KARNATAKA,Bagalkot,VILLAGE,Badami (Rural) * ,Rural,18,83,51,32,15,11,4,5,3,2,0,0,0,59,35,24,24,16,8,20,20,0,18,18,0,16,16,0,0,0,0,0,0,0,2,2,0,2,2,0,0,0,0,2,2,0,0,0,0,0,0,0,2,2,0,0,0,0,2,2,0,0,0,0,0,0,0,0,0,0,0,0,0,0,0,0,0,0,0,0,0,0,63,31,32
29,556,0014,598751,0000,000000,KARNATAKA,Bagalkot,VILLAGE,Nagaral [S.B],Rural,87,540,277,263,111,62,49,93,47,46,217,114,103,242,141,101,298,136,162,189,161,28,103,98,5,84,82,2,1,1,0,0,0,0,18,15,3,86,63,23,2,0,2,79,59,20,0,0,0,5,4,1,86,63,23,2,0,2,79,59,20,0,0,0,5,4,1,0,0,0,0,0,0,0,0,0,0,0,0,0,0,0,351,116,235
29,556,0014,598752,0000,000000,KARNATAKA,Bagalkot,VILLAGE,Navilahole,Rural,99,615,312,303,91,43,48,12,5,7,0,0,0,272,176,96,343,136,207,343,179,164,106,74,32,69,48,21,3,2,1,2,1,1,32,23,9,237,105,132,10,4,6,224,100,124,0,0,0,3,1,2,237,105,132,10,4,6,224,100,124,0,0,0,3,1,2,0,0,0,0,0,0,0,0,0,0,0,0,0,0,0,272,133,139
29,556,0014,598753,0000,000000,KARNATAKA,Bagalkot,VILLAGE,Hosur,Rural,865,5111,2599,2512,777,397,380,515,264,251,179,97,82,2591,1618,973,2520,981,1539,2565,1448,1117,2514,1425,1089,1019,766,253,1183,398,785,27,20,7,285,241,44,51,23,28,3,1,2,37,14,23,0,0,0,11,8,3,33,15,18,3,1,2,24,9,15,0,0,0,6,5,1,18,8,10,0,0,0,13,5,8,0,0,0,5,3,2,2546,1151,1395
29,556,0014,598754,0000,000000,KARNATAKA,Bagalkot,VILLAGE,Hirenasabi,Rural,304,1333,673,660,193,105,88,281,140,141,25,12,13,723,442,281,610,231,379,629,355,274,616,350,266,156,115,41,301,109,192,1,0,1,158,126,32,13,5,8,1,0,1,5,1,4,0,0,0,7,4,3,13,5,8,1,0,1,5,1,4,0,0,0,7,4,3,0,0,0,0,0,0,0,0,0,0,0,0,0,0,0,704,318,386
29,556,0014,598755,0000,000000,KARNATAKA,Bagalkot,VILLAGE,Chikkanasabi,Rural,52,236,109,127,35,12,23,60,27,33,17,8,9,117,68,49,119,41,78,140,64,76,135,62,73,7,6,1,114,47,67,0,0,0,14,9,5,5,2,3,0,0,0,3,1,2,0,0,0,2,1,1,5,2,3,0,0,0,3,1,2,0,0,0,2,1,1,0,0,0,0,0,0,0,0,0,0,0,0,0,0,0,96,45,51
29,556,0014,598756,0000,000000,KARNATAKA,Bagalkot,VILLAGE,Cholachagudda,Rural,1050,4936,2457,2479,624,311,313,801,403,398,175,85,90,3329,1868,1461,1607,589,1018,2052,1365,687,1759,1207,552,389,338,51,729,403,326,26,18,8,615,448,167,293,158,135,21,17,4,174,66,108,2,0,2,96,75,21,271,153,118,20,16,4,161,66,95,1,0,1,89,71,18,22,5,17,1,1,0,13,0,13,1,0,1,7,4,3,2884,1092,1792
29,556,0014,598757,0000,000000,KARNATAKA,Bagalkot,VILLAGE,Yaragoppa.S.B,Rural,613,3548,1789,1759,629,339,290,531,248,283,238,116,122,1572,997,575,1976,792,1184,1807,945,862,1027,763,264,190,164,26,693,481,212,23,14,9,121,104,17,780,182,598,87,14,73,543,110,433,88,30,58,62,28,34,766,177,589,87,14,73,537,108,429,84,29,55,58,26,32,14,5,9,0,0,0,6,2,4,4,1,3,4,2,2,1741,844,897
29,556,0014,598758,0000,000000,KARNATAKA,Bagalkot,VILLAGE,Budihal,Rural,106,516,255,261,62,26,36,84,34,50,36,18,18,348,210,138,168,45,123,231,134,97,121,105,16,35,34,1,12,11,1,2,2,0,72,58,14,110,29,81,11,4,7,74,20,54,0,0,0,25,5,20,110,29,81,11,4,7,74,20,54,0,0,0,25,5,20,0,0,0,0,0,0,0,0,0,0,0,0,0,0,0,285,121,164
29,556,0014,598759,0000,000000,KARNATAKA,Bagalkot,VILLAGE,Jakanur,Rural,80,340,149,191,35,18,17,67,31,36,19,6,13,225,115,110,115,34,81,121,78,43,119,78,41,44,31,13,31,13,18,1,1,0,43,33,10,2,0,2,0,0,0,1,0,1,0,0,0,1,0,1,1,0,1,0,0,0,1,0,1,0,0,0,0,0,0,1,0,1,0,0,0,0,0,0,0,0,0,1,0,1,219,71,148
29,556,0014,598760,0000,000000,KARNATAKA,Bagalkot,VILLAGE,Neeralagi,Rural,187,947,446,501,119,57,62,76,32,44,14,4,10,539,316,223,408,130,278,332,270,62,197,162,35,132,113,19,24,14,10,6,6,0,35,29,6,135,108,27,16,3,13,41,28,13,32,32,0,46,45,1,129,103,26,16,3,13,38,26,12,30,30,0,45,44,1,6,5,1,0,0,0,3,2,1,2,2,0,1,1,0,615,176,439
29,556,0014,598761,0000,000000,KARNATAKA,Bagalkot,VILLAGE,Thaminal,Rural,131,641,327,314,78,43,35,175,95,80,0,0,0,402,254,148,239,73,166,355,184,171,346,181,165,8,8,0,292,141,151,6,4,2,40,28,12,9,3,6,3,1,2,5,2,3,0,0,0,1,0,1,8,3,5,3,1,2,4,2,2,0,0,0,1,0,1,1,0,1,0,0,0,1,0,1,0,0,0,0,0,0,286,143,143
29,556,0014,598762,0000,000000,KARNATAKA,Bagalkot,VILLAGE,Katharaki,Rural,286,1539,778,761,211,111,100,193,97,96,27,17,10,850,514,336,689,264,425,580,402,178,516,370,146,226,210,16,210,95,115,24,22,2,56,43,13,64,32,32,9,0,9,27,14,13,14,10,4,14,8,6,48,25,23,9,0,9,22,12,10,10,8,2,7,5,2,16,7,9,0,0,0,5,2,3,4,2,2,7,3,4,959,376,583
29,556,0014,598763,0000,000000,KARNATAKA,Bagalkot,VILLAGE,Khyad,Rural,358,1794,885,909,234,120,114,380,187,193,132,70,62,1023,613,410,771,272,499,1019,548,471,990,536,454,129,95,34,808,398,410,4,3,1,49,40,9,29,12,17,1,1,0,4,2,2,2,1,1,22,8,14,16,12,4,1,1,0,4,2,2,2,1,1,9,8,1,13,0,13,0,0,0,0,0,0,0,0,0,13,0,13,775,337,438
29,556,0014,598764,0000,000000,KARNATAKA,Bagalkot,VILLAGE,Manneri,Rural,217,1153,585,568,159,88,71,314,153,161,0,0,0,692,417,275,461,168,293,643,320,323,52,42,10,18,17,1,23,17,6,1,1,0,10,7,3,591,278,313,8,4,4,573,269,304,2,1,1,8,4,4,590,278,312,8,4,4,573,269,304,1,1,0,8,4,4,1,0,1,0,0,0,0,0,0,1,0,1,0,0,0,510,265,245
29,556,0014,598765,0000,000000,KARNATAKA,Bagalkot,VILLAGE,Dhanakashirur,Rural,280,1173,573,600,128,68,60,236,118,118,60,34,26,723,431,292,450,142,308,597,324,273,519,302,217,113,104,9,347,153,194,9,5,4,50,40,10,78,22,56,1,0,1,74,20,54,0,0,0,3,2,1,78,22,56,1,0,1,74,20,54,0,0,0,3,2,1,0,0,0,0,0,0,0,0,0,0,0,0,0,0,0,576,249,327
29,556,0014,598766,0000,000000,KARNATAKA,Bagalkot,VILLAGE,Belur,Rural,1105,5481,2726,2755,680,350,330,1114,541,573,555,255,300,3531,2005,1526,1950,721,1229,2240,1482,758,1744,1248,496,180,160,20,258,152,106,222,106,116,1084,830,254,496,234,262,33,11,22,111,39,72,51,15,36,301,169,132,416,200,216,32,10,22,88,34,54,45,14,31,251,142,109,80,34,46,1,1,0,23,5,18,6,1,5,50,27,23,3241,1244,1997
29,556,0014,598767,0000,000000,KARNATAKA,Bagalkot,VILLAGE,Jalihal,Rural,1160,5917,2989,2928,812,430,382,1572,781,791,262,136,126,3614,2140,1474,2303,849,1454,2594,1601,993,2126,1335,791,200,160,40,946,478,468,90,58,32,890,639,251,468,266,202,14,4,10,256,152,104,43,22,21,155,88,67,414,247,167,12,4,8,226,138,88,36,22,14,140,83,57,54,19,35,2,0,2,30,14,16,7,0,7,15,5,10,3323,1388,1935
29,556,0014,598768,0000,000000,KARNATAKA,Bagalkot,VILLAGE,Guddada Mallapur,Rural,103,629,313,316,90,42,48,23,12,11,16,7,9,336,199,137,293,114,179,385,191,194,383,190,193,103,75,28,229,79,150,0,0,0,51,36,15,2,1,1,1,0,1,0,0,0,0,0,0,1,1,0,2,1,1,1,0,1,0,0,0,0,0,0,1,1,0,0,0,0,0,0,0,0,0,0,0,0,0,0,0,0,244,122,122
29,556,0014,598769,0000,000000,KARNATAKA,Bagalkot,VILLAGE,Anantagiri,Rural,116,736,381,355,168,92,76,507,265,242,43,18,25,301,186,115,435,195,240,350,177,173,348,177,171,120,65,55,62,17,45,0,0,0,166,95,71,2,0,2,0,0,0,2,0,2,0,0,0,0,0,0,2,0,2,0,0,0,2,0,2,0,0,0,0,0,0,0,0,0,0,0,0,0,0,0,0,0,0,0,0,0,386,204,182
29,556,0014,598770,0000,000000,KARNATAKA,Bagalkot,VILLAGE,Nasagunni,Rural,89,464,247,217,59,35,24,22,11,11,126,70,56,246,156,90,218,91,127,281,141,140,280,140,140,85,49,36,186,86,100,0,0,0,9,5,4,1,1,0,0,0,0,0,0,0,0,0,0,1,1,0,1,1,0,0,0,0,0,0,0,0,0,0,1,1,0,0,0,0,0,0,0,0,0,0,0,0,0,0,0,0,183,106,77
29,556,0015,000000,0000,000000,KARNATAKA,Bagalkot,CD BLOCK,Bagalkot,Total,33316,173181,86842,86339,24980,12979,12001,35604,17734,17870,14000,6920,7080,98346,58463,39883,74835,28379,46456,78654,46473,32181,60415,39490,20925,15706,13125,2581,26847,12333,14514,1657,1128,529,16205,12904,3301,18239,6983,11256,985,481,504,11985,3461,8524,671,287,384,4598,2754,1844,16058,5984,10074,881,420,461,11139,3156,7983,577,252,325,3461,2156,1305,2181,999,1182,104,61,43,846,305,541,94,35,59,1137,598,539,94527,40369,54158
29,556,0015,000000,0000,000000,KARNATAKA,Bagalkot,CD BLOCK,Bagalkot,Rural,33316,173181,86842,86339,24980,12979,12001,35604,17734,17870,14000,6920,7080,98346,58463,39883,74835,28379,46456,78654,46473,32181,60415,39490,20925,15706,13125,2581,26847,12333,14514,1657,1128,529,16205,12904,3301,18239,6983,11256,985,481,504,11985,3461,8524,671,287,384,4598,2754,1844,16058,5984,10074,881,420,461,11139,3156,7983,577,252,325,3461,2156,1305,2181,999,1182,104,61,43,846,305,541,94,35,59,1137,598,539,94527,40369,54158
29,556,0015,000000,0000,000000,KARNATAKA,Bagalkot,CD BLOCK,Bagalkot,Urban,0,0,0,0,0,0,0,0,0,0,0,0,0,0,0,0,0,0,0,0,0,0,0,0,0,0,0,0,0,0,0,0,0,0,0,0,0,0,0,0,0,0,0,0,0,0,0,0,0,0,0,0,0,0,0,0,0,0,0,0,0,0,0,0,0,0,0,0,0,0,0,0,0,0,0,0,0,0,0,0,0,0,0,0,0
29,556,0015,598771,0000,000000,KARNATAKA,Bagalkot,VILLAGE,Udagatti,Rural,249,1284,649,635,164,89,75,96,49,47,24,10,14,792,456,336,492,193,299,562,379,183,558,377,181,244,201,43,276,144,132,7,7,0,31,25,6,4,2,2,2,0,2,0,0,0,0,0,0,2,2,0,2,1,1,1,0,1,0,0,0,0,0,0,1,1,0,2,1,1,1,0,1,0,0,0,0,0,0,1,1,0,722,270,452
29,556,0015,598772,0000,000000,KARNATAKA,Bagalkot,VILLAGE,Sharadal,Rural,144,825,413,412,97,50,47,13,6,7,102,50,52,498,289,209,327,124,203,431,249,182,424,247,177,264,169,95,112,42,70,0,0,0,48,36,12,7,2,5,4,1,3,1,0,1,0,0,0,2,1,1,5,2,3,3,1,2,1,0,1,0,0,0,1,1,0,2,0,2,1,0,1,0,0,0,0,0,0,1,0,1,394,164,230
29,556,0015,598773,0000,000000,KARNATAKA,Bagalkot,VILLAGE,Ankalagi,Rural,253,1201,609,592,186,98,88,323,154,169,76,38,38,722,431,291,479,178,301,540,357,183,530,353,177,194,183,11,94,49,45,193,89,104,49,32,17,10,4,6,3,2,1,4,1,3,1,0,1,2,1,1,10,4,6,3,2,1,4,1,3,1,0,1,2,1,1,0,0,0,0,0,0,0,0,0,0,0,0,0,0,0,661,252,409
29,556,0015,598774,0000,000000,KARNATAKA,Bagalkot,VILLAGE,Kaladgi,Rural,2742,13676,6906,6770,1854,979,875,1682,788,894,1044,505,539,8588,4839,3749,5088,2067,3021,5288,3734,1554,4760,3388,1372,586,510,76,1946,1077,869,154,113,41,2074,1688,386,528,346,182,43,24,19,242,147,95,21,19,2,222,156,66,486,336,150,33,21,12,225,144,81,21,19,2,207,152,55,42,10,32,10,3,7,17,3,14,0,0,0,15,4,11,8388,3172,5216
29,556,0015,598775,0000,000000,KARNATAKA,Bagalkot,VILLAGE,Govindkopp,Rural,191,1247,644,603,221,116,105,81,33,48,14,8,6,677,418,259,570,226,344,691,375,316,686,374,312,389,274,115,254,76,178,5,1,4,38,23,15,5,1,4,0,0,0,3,0,3,0,0,0,2,1,1,4,1,3,0,0,0,3,0,3,0,0,0,1,1,0,1,0,1,0,0,0,0,0,0,0,0,0,1,0,1,556,269,287
29,556,0015,598776,0000,000000,KARNATAKA,Bagalkot,VILLAGE,Hire-Sansi,Rural,222,1278,621,657,194,95,99,61,30,31,0,0,0,680,398,282,598,223,375,670,356,314,473,325,148,299,199,100,130,91,39,7,6,1,37,29,8,197,31,166,58,20,38,135,11,124,1,0,1,3,0,3,147,4,143,25,0,25,118,4,114,1,0,1,3,0,3,50,27,23,33,20,13,17,7,10,0,0,0,0,0,0,608,265,343
29,556,0015,598777,0000,000000,KARNATAKA,Bagalkot,VILLAGE,Chikk-Sansi,Rural,144,672,336,336,104,49,55,146,73,73,58,27,31,438,250,188,234,86,148,292,198,94,288,194,94,125,102,23,116,59,57,4,3,1,43,30,13,4,4,0,2,2,0,0,0,0,0,0,0,2,2,0,2,2,0,2,2,0,0,0,0,0,0,0,0,0,0,2,2,0,0,0,0,0,0,0,0,0,0,2,2,0,380,138,242
29,556,0015,598778,0000,000000,KARNATAKA,Bagalkot,VILLAGE,Devanal,Rural,314,1601,812,789,228,134,94,159,73,86,57,29,28,871,511,360,730,301,429,760,449,311,281,246,35,200,191,9,20,11,9,23,19,4,38,25,13,479,203,276,48,38,10,122,48,74,25,4,21,284,113,171,118,35,83,25,17,8,62,2,60,9,2,7,22,14,8,361,168,193,23,21,2,60,46,14,16,2,14,262,99,163,841,363,478
29,556,0015,598779,0000,000000,KARNATAKA,Bagalkot,VILLAGE,Sokanadgi,Rural,311,1828,946,882,293,165,128,266,131,135,538,279,259,997,611,386,831,335,496,964,524,440,714,461,253,533,357,176,135,71,64,6,6,0,40,27,13,250,63,187,53,6,47,185,45,140,10,10,0,2,2,0,247,60,187,53,6,47,185,45,140,7,7,0,2,2,0,3,3,0,0,0,0,0,0,0,3,3,0,0,0,0,864,422,442
29,556,0015,598780,0000,000000,KARNATAKA,Bagalkot,VILLAGE,Chebbi,Rural,342,1884,946,938,272,142,130,160,77,83,98,50,48,1130,688,442,754,258,496,1003,515,488,842,498,344,236,176,60,439,189,250,32,23,9,135,110,25,161,17,144,4,1,3,147,12,135,2,0,2,8,4,4,159,17,142,4,1,3,146,12,134,2,0,2,7,4,3,2,0,2,0,0,0,1,0,1,0,0,0,1,0,1,881,431,450
29,556,0015,598781,0000,000000,KARNATAKA,Bagalkot,VILLAGE,Yadahalli,Rural,308,1601,786,815,217,128,89,185,82,103,94,47,47,879,508,371,722,278,444,823,436,387,822,436,386,175,142,33,557,215,342,3,3,0,87,76,11,1,0,1,0,0,0,1,0,1,0,0,0,0,0,0,1,0,1,0,0,0,1,0,1,0,0,0,0,0,0,0,0,0,0,0,0,0,0,0,0,0,0,0,0,0,778,350,428
29,556,0015,598782,0000,000000,KARNATAKA,Bagalkot,VILLAGE,Anadinni,Rural,426,2182,1101,1081,314,155,159,208,93,115,27,14,13,1366,795,571,816,306,510,863,597,266,608,482,126,140,132,8,18,13,5,41,20,21,409,317,92,255,115,140,4,0,4,90,7,83,43,15,28,118,93,25,231,102,129,4,0,4,87,6,81,32,11,21,108,85,23,24,13,11,0,0,0,3,1,2,11,4,7,10,8,2,1319,504,815
29,556,0015,598783,0000,000000,KARNATAKA,Bagalkot,VILLAGE,Bannidinni,Rural,94,483,248,235,68,41,27,35,15,20,97,49,48,277,171,106,206,77,129,258,137,121,125,120,5,112,112,0,8,4,4,0,0,0,5,4,1,133,17,116,1,0,1,132,17,115,0,0,0,0,0,0,132,17,115,1,0,1,131,17,114,0,0,0,0,0,0,1,0,1,0,0,0,1,0,1,0,0,0,0,0,0,225,111,114
29,556,0015,598784,0000,000000,KARNATAKA,Bagalkot,VILLAGE,Honaralli,Rural,62,383,187,196,62,30,32,79,37,42,0,0,0,227,138,89,156,49,107,201,99,102,173,93,80,58,58,0,95,19,76,0,0,0,20,16,4,28,6,22,3,3,0,23,1,22,0,0,0,2,2,0,23,3,20,1,1,0,20,0,20,0,0,0,2,2,0,5,3,2,2,2,0,3,1,2,0,0,0,0,0,0,182,88,94
29,556,0015,598785,0000,000000,KARNATAKA,Bagalkot,VILLAGE,Sorakopp,Rural,195,1046,554,492,140,79,61,376,195,181,0,0,0,612,406,206,434,148,286,577,293,284,326,280,46,195,191,4,45,11,34,1,1,0,85,77,8,251,13,238,2,1,1,240,7,233,0,0,0,9,5,4,251,13,238,2,1,1,240,7,233,0,0,0,9,5,4,0,0,0,0,0,0,0,0,0,0,0,0,0,0,0,469,261,208
29,556,0015,598786,0000,000000,KARNATAKA,Bagalkot,VILLAGE,Kesanur *,Rural,69,393,199,194,46,21,25,47,19,28,128,70,58,264,157,107,129,42,87,207,106,101,82,79,3,77,74,3,3,3,0,0,0,0,2,2,0,125,27,98,2,1,1,123,26,97,0,0,0,0,0,0,125,27,98,2,1,1,123,26,97,0,0,0,0,0,0,0,0,0,0,0,0,0,0,0,0,0,0,0,0,0,186,93,93
29,556,0015,598787,0000,000000,KARNATAKA,Bagalkot,VILLAGE,Nakargundi,Rural,137,753,368,385,120,65,55,20,9,11,33,16,17,311,181,130,442,187,255,492,232,260,318,195,123,162,117,45,83,16,67,0,0,0,73,62,11,174,37,137,112,18,94,23,4,19,0,0,0,39,15,24,153,29,124,102,15,87,21,2,19,0,0,0,30,12,18,21,8,13,10,3,7,2,2,0,0,0,0,9,3,6,261,136,125
29,556,0015,598788,0000,000000,KARNATAKA,Bagalkot,VILLAGE,Sindagi,Rural,70,402,210,192,54,32,22,10,4,6,21,9,12,222,136,86,180,74,106,192,115,77,136,108,28,91,89,2,35,9,26,0,0,0,10,10,0,56,7,49,1,0,1,48,3,45,1,1,0,6,3,3,55,6,49,1,0,1,48,3,45,1,1,0,5,2,3,1,1,0,0,0,0,0,0,0,0,0,0,1,1,0,210,95,115
29,556,0015,598789,0000,000000,KARNATAKA,Bagalkot,VILLAGE,Kadampur,Rural,190,992,498,494,142,71,71,64,33,31,31,15,16,503,319,184,489,179,310,459,245,214,397,238,159,105,83,22,94,18,76,1,0,1,197,137,60,62,7,55,3,3,0,0,0,0,0,0,0,59,4,55,62,7,55,3,3,0,0,0,0,0,0,0,59,4,55,0,0,0,0,0,0,0,0,0,0,0,0,0,0,0,533,253,280
29,556,0015,598790,0000,000000,KARNATAKA,Bagalkot,VILLAGE,Yankachi ,Rural,181,915,462,453,125,63,62,137,70,67,30,16,14,503,307,196,412,155,257,509,259,250,509,259,250,109,108,1,373,133,240,0,0,0,27,18,9,0,0,0,0,0,0,0,0,0,0,0,0,0,0,0,0,0,0,0,0,0,0,0,0,0,0,0,0,0,0,0,0,0,0,0,0,0,0,0,0,0,0,0,0,0,406,203,203
29,556,0015,598791,0000,000000,KARNATAKA,Bagalkot,VILLAGE,Sidnal,Rural,12,54,30,24,6,4,2,0,0,0,0,0,0,25,18,7,29,12,17,37,19,18,37,19,18,20,19,1,17,0,17,0,0,0,0,0,0,0,0,0,0,0,0,0,0,0,0,0,0,0,0,0,0,0,0,0,0,0,0,0,0,0,0,0,0,0,0,0,0,0,0,0,0,0,0,0,0,0,0,0,0,0,17,11,6
29,556,0015,598792,0000,000000,KARNATAKA,Bagalkot,VILLAGE,Andamuranal,Rural,16,81,46,35,9,6,3,0,0,0,0,0,0,43,28,15,38,18,20,42,22,20,42,22,20,19,19,0,23,3,20,0,0,0,0,0,0,0,0,0,0,0,0,0,0,0,0,0,0,0,0,0,0,0,0,0,0,0,0,0,0,0,0,0,0,0,0,0,0,0,0,0,0,0,0,0,0,0,0,0,0,0,39,24,15
29,556,0015,598793,0000,000000,KARNATAKA,Bagalkot,VILLAGE,Salagundi,Rural,78,360,185,175,44,19,25,50,23,27,0,0,0,221,133,88,139,52,87,195,107,88,194,106,88,62,60,2,100,22,78,1,1,0,31,23,8,1,1,0,0,0,0,0,0,0,1,1,0,0,0,0,1,1,0,0,0,0,0,0,0,1,1,0,0,0,0,0,0,0,0,0,0,0,0,0,0,0,0,0,0,0,165,78,87
29,556,0015,598794,0000,000000,KARNATAKA,Bagalkot,VILLAGE,Veerapur ,Rural,235,1139,575,564,133,69,64,104,50,54,139,67,72,712,440,272,427,135,292,561,333,228,377,248,129,69,61,8,165,56,109,3,3,0,140,128,12,184,85,99,1,1,0,163,64,99,0,0,0,20,20,0,146,75,71,1,1,0,125,54,71,0,0,0,20,20,0,38,10,28,0,0,0,38,10,28,0,0,0,0,0,0,578,242,336
29,556,0015,598795,0000,000000,KARNATAKA,Bagalkot,VILLAGE,Muranal,Rural,222,1147,581,566,166,102,64,222,99,123,168,85,83,673,398,275,474,183,291,508,330,178,98,78,20,78,62,16,9,8,1,2,1,1,9,7,2,410,252,158,6,6,0,288,158,130,9,5,4,107,83,24,400,248,152,6,6,0,287,158,129,9,5,4,98,79,19,10,4,6,0,0,0,1,0,1,0,0,0,9,4,5,639,251,388
29,556,0015,598796,0000,000000,KARNATAKA,Bagalkot,VILLAGE,Gaddankeri,Rural,1187,5603,2794,2809,751,408,343,469,230,239,293,142,151,3928,2145,1783,1675,649,1026,1893,1449,444,851,732,119,113,98,15,13,9,4,13,11,2,712,614,98,1042,717,325,22,15,7,209,121,88,18,12,6,793,569,224,713,498,215,19,14,5,167,97,70,7,3,4,520,384,136,329,219,110,3,1,2,42,24,18,11,9,2,273,185,88,3710,1345,2365
29,556,0015,598797,0000,000000,KARNATAKA,Bagalkot,VILLAGE,Simikeri,Rural,1518,7653,3809,3844,1076,574,502,1201,576,625,1233,606,627,4636,2676,1960,3017,1133,1884,3098,1997,1101,2383,1631,752,374,315,59,1056,546,510,46,30,16,907,740,167,715,366,349,36,23,13,408,130,278,17,13,4,254,200,54,710,366,344,36,23,13,404,130,274,17,13,4,253,200,53,5,0,5,0,0,0,4,0,4,0,0,0,1,0,1,4555,1812,2743
29,556,0015,598798,0000,000000,KARNATAKA,Bagalkot,VILLAGE,Tulasigeri,Rural,875,4612,2332,2280,746,389,357,786,374,412,768,361,407,2467,1448,1019,2145,884,1261,1862,1227,635,1556,1110,446,613,526,87,756,442,314,42,29,13,145,113,32,306,117,189,15,8,7,259,87,172,12,7,5,20,15,5,285,110,175,15,8,7,241,81,160,11,7,4,18,14,4,21,7,14,0,0,0,18,6,12,1,0,1,2,1,1,2750,1105,1645
29,556,0015,598799,0000,000000,KARNATAKA,Bagalkot,VILLAGE,Khajjidoni,Rural,534,2549,1217,1332,322,151,171,386,182,204,244,121,123,1509,853,656,1040,364,676,1205,720,485,1142,706,436,346,323,23,641,263,378,23,19,4,132,101,31,63,14,49,3,2,1,44,2,42,9,5,4,7,5,2,61,13,48,2,1,1,43,2,41,9,5,4,7,5,2,2,1,1,1,1,0,1,0,1,0,0,0,0,0,0,1344,497,847
29,556,0015,598800,0000,000000,KARNATAKA,Bagalkot,VILLAGE,Kalasakopp,Rural,151,690,357,333,121,62,59,153,82,71,69,39,30,351,225,126,339,132,207,264,187,77,264,187,77,89,77,12,141,84,57,8,7,1,26,19,7,0,0,0,0,0,0,0,0,0,0,0,0,0,0,0,0,0,0,0,0,0,0,0,0,0,0,0,0,0,0,0,0,0,0,0,0,0,0,0,0,0,0,0,0,0,426,170,256
29,556,0015,598801,0000,000000,KARNATAKA,Bagalkot,VILLAGE,Chickka-Shellikeri,Rural,391,1904,921,983,340,158,182,289,139,150,44,20,24,978,588,390,926,333,593,898,488,410,757,466,291,137,131,6,420,177,243,36,23,13,164,135,29,141,22,119,3,2,1,110,12,98,5,2,3,23,6,17,139,21,118,3,2,1,110,12,98,3,1,2,23,6,17,2,1,1,0,0,0,0,0,0,2,1,1,0,0,0,1006,433,573
29,556,0015,598802,0000,000000,KARNATAKA,Bagalkot,VILLAGE,Hire-Shellikeri,Rural,418,2158,1079,1079,383,186,197,159,80,79,491,245,246,1004,610,394,1154,469,685,1202,631,571,723,418,305,337,226,111,263,104,159,3,2,1,120,86,34,479,213,266,7,2,5,360,131,229,23,16,7,89,64,25,453,197,256,6,2,4,355,129,226,22,15,7,70,51,19,26,16,10,1,0,1,5,2,3,1,1,0,19,13,6,956,448,508
29,556,0015,598803,0000,000000,KARNATAKA,Bagalkot,VILLAGE,Durganagar,Rural,270,1658,831,827,278,132,146,1639,822,817,0,0,0,894,550,344,764,281,483,630,376,254,441,344,97,77,62,15,65,37,28,2,2,0,297,243,54,189,32,157,23,3,20,86,7,79,2,2,0,78,20,58,175,28,147,23,3,20,80,7,73,0,0,0,72,18,54,14,4,10,0,0,0,6,0,6,2,2,0,6,2,4,1028,455,573
29,556,0015,598804,0000,000000,KARNATAKA,Bagalkot,VILLAGE,Talagihal,Rural,26,148,78,70,21,9,12,21,14,7,0,0,0,86,57,29,62,21,41,44,42,2,43,41,2,21,21,0,16,14,2,0,0,0,6,6,0,1,1,0,1,1,0,0,0,0,0,0,0,0,0,0,1,1,0,1,1,0,0,0,0,0,0,0,0,0,0,0,0,0,0,0,0,0,0,0,0,0,0,0,0,0,104,36,68
29,556,0015,598805,0000,000000,KARNATAKA,Bagalkot,VILLAGE,Ilal,Rural,21,98,49,49,11,4,7,46,21,25,0,0,0,52,37,15,46,12,34,29,23,6,26,20,6,12,12,0,12,6,6,0,0,0,2,2,0,3,3,0,1,1,0,2,2,0,0,0,0,0,0,0,3,3,0,1,1,0,2,2,0,0,0,0,0,0,0,0,0,0,0,0,0,0,0,0,0,0,0,0,0,0,69,26,43
29,556,0015,598806,0000,000000,KARNATAKA,Bagalkot,VILLAGE,Hire-Hodlur,Rural,84,440,223,217,51,28,23,106,56,50,6,2,4,245,150,95,195,73,122,227,115,112,217,109,108,8,5,3,190,88,102,8,6,2,11,10,1,10,6,4,0,0,0,9,6,3,0,0,0,1,0,1,10,6,4,0,0,0,9,6,3,0,0,0,1,0,1,0,0,0,0,0,0,0,0,0,0,0,0,0,0,0,213,108,105
29,556,0015,598807,0000,000000,KARNATAKA,Bagalkot,VILLAGE,Chick Hodlur,Rural,75,493,253,240,70,40,30,85,44,41,0,0,0,281,171,110,212,82,130,301,143,158,6,3,3,0,0,0,6,3,3,0,0,0,0,0,0,295,140,155,46,35,11,229,95,134,9,5,4,11,5,6,294,140,154,46,35,11,229,95,134,9,5,4,10,5,5,1,0,1,0,0,0,0,0,0,0,0,0,1,0,1,192,110,82
29,556,0015,598808,0000,000000,KARNATAKA,Bagalkot,VILLAGE,Chikkmuramatti,Rural,13,88,43,45,10,6,4,4,2,2,0,0,0,43,26,17,45,17,28,57,27,30,57,27,30,25,25,0,31,1,30,0,0,0,1,1,0,0,0,0,0,0,0,0,0,0,0,0,0,0,0,0,0,0,0,0,0,0,0,0,0,0,0,0,0,0,0,0,0,0,0,0,0,0,0,0,0,0,0,0,0,0,31,16,15
29,556,0015,598809,0000,000000,KARNATAKA,Bagalkot,VILLAGE,Hiremuramatti,Rural,0,0,0,0,0,0,0,0,0,0,0,0,0,0,0,0,0,0,0,0,0,0,0,0,0,0,0,0,0,0,0,0,0,0,0,0,0,0,0,0,0,0,0,0,0,0,0,0,0,0,0,0,0,0,0,0,0,0,0,0,0,0,0,0,0,0,0,0,0,0,0,0,0,0,0,0,0,0,0,0,0,0,0,0,0
29,556,0015,598810,0000,000000,KARNATAKA,Bagalkot,VILLAGE,Muttatti,Rural,108,560,272,288,66,35,31,163,83,80,0,0,0,315,183,132,245,89,156,313,158,155,303,153,150,14,14,0,275,128,147,0,0,0,14,11,3,10,5,5,5,3,2,4,2,2,0,0,0,1,0,1,10,5,5,5,3,2,4,2,2,0,0,0,1,0,1,0,0,0,0,0,0,0,0,0,0,0,0,0,0,0,247,114,133
29,556,0015,598811,0000,000000,KARNATAKA,Bagalkot,VILLAGE,Hiregulabal,Rural,73,554,277,277,103,53,50,551,276,275,3,1,2,284,187,97,270,90,180,242,143,99,207,128,79,55,34,21,50,16,34,2,0,2,100,78,22,35,15,20,1,1,0,19,3,16,0,0,0,15,11,4,33,14,19,1,1,0,18,3,15,0,0,0,14,10,4,2,1,1,0,0,0,1,0,1,0,0,0,1,1,0,312,134,178
29,556,0015,598812,0000,000000,KARNATAKA,Bagalkot,VILLAGE,Basavanagar,Rural,34,315,165,150,73,38,35,314,165,149,0,0,0,154,107,47,161,58,103,124,88,36,78,63,15,46,42,4,13,7,6,1,1,0,18,13,5,46,25,21,4,2,2,20,5,15,0,0,0,22,18,4,40,23,17,4,2,2,16,5,11,0,0,0,20,16,4,6,2,4,0,0,0,4,0,4,0,0,0,2,2,0,191,77,114
29,556,0015,598813,0000,000000,KARNATAKA,Bagalkot,VILLAGE,Chikkgulabal,Rural,346,1661,807,854,232,109,123,521,264,257,318,143,175,900,538,362,761,269,492,785,410,375,349,215,134,59,53,6,183,88,95,4,0,4,103,74,29,436,195,241,11,10,1,356,154,202,4,1,3,65,30,35,239,98,141,11,10,1,186,72,114,3,1,2,39,15,24,197,97,100,0,0,0,170,82,88,1,0,1,26,15,11,876,397,479
29,556,0015,598814,0000,000000,KARNATAKA,Bagalkot,VILLAGE,Mastihal,Rural,50,245,118,127,39,17,22,44,21,23,21,9,12,121,79,42,124,39,85,87,56,31,31,25,6,5,5,0,19,15,4,0,0,0,7,5,2,56,31,25,0,0,0,32,11,21,4,2,2,20,18,2,42,26,16,0,0,0,24,10,14,2,2,0,16,14,2,14,5,9,0,0,0,8,1,7,2,0,2,4,4,0,158,62,96
29,556,0015,598815,0000,000000,KARNATAKA,Bagalkot,VILLAGE,Alur,Rural,11,73,37,36,7,2,5,1,1,0,0,0,0,34,24,10,39,13,26,20,19,1,15,15,0,11,11,0,2,2,0,0,0,0,2,2,0,5,4,1,0,0,0,5,4,1,0,0,0,0,0,0,5,4,1,0,0,0,5,4,1,0,0,0,0,0,0,0,0,0,0,0,0,0,0,0,0,0,0,0,0,0,53,18,35
29,556,0015,598816,0000,000000,KARNATAKA,Bagalkot,VILLAGE,Dharmnagar,Rural,174,977,492,485,140,73,67,947,476,471,1,1,0,571,362,209,406,130,276,288,217,71,168,146,22,34,31,3,15,11,4,0,0,0,119,104,15,120,71,49,4,3,1,72,33,39,1,1,0,43,34,9,92,58,34,3,3,0,53,26,27,1,1,0,35,28,7,28,13,15,1,0,1,19,7,12,0,0,0,8,6,2,689,275,414
29,556,0015,598817,0000,000000,KARNATAKA,Bagalkot,VILLAGE,Chick Sitimani,Rural,136,676,358,318,84,51,33,623,331,292,3,1,2,309,203,106,367,155,212,363,179,184,19,14,5,4,3,1,2,1,1,0,0,0,13,10,3,344,165,179,1,0,1,1,1,0,3,1,2,339,163,176,340,162,178,1,0,1,1,1,0,3,1,2,335,160,175,4,3,1,0,0,0,0,0,0,0,0,0,4,3,1,313,179,134
29,556,0015,598818,0000,000000,KARNATAKA,Bagalkot,VILLAGE,Sitimani,Rural,76,324,157,167,47,23,24,86,41,45,7,4,3,198,115,83,126,42,84,184,98,86,116,81,35,26,21,5,35,18,17,0,0,0,55,42,13,68,17,51,2,0,2,51,10,41,1,0,1,14,7,7,55,12,43,2,0,2,42,7,35,1,0,1,10,5,5,13,5,8,0,0,0,9,3,6,0,0,0,4,2,2,140,59,81
29,556,0015,598819,0000,000000,KARNATAKA,Bagalkot,VILLAGE,Rampur,Rural,963,4816,2361,2455,599,302,297,913,440,473,178,87,91,2976,1741,1235,1840,620,1220,2071,1263,808,1673,1122,551,305,270,35,687,295,392,17,12,5,664,545,119,398,141,257,18,12,6,258,60,198,14,1,13,108,68,40,368,128,240,18,12,6,246,58,188,10,0,10,94,58,36,30,13,17,0,0,0,12,2,10,4,1,3,14,10,4,2745,1098,1647
29,556,0015,598820,0000,000000,KARNATAKA,Bagalkot,VILLAGE,Timmapur,Rural,416,2123,1016,1107,352,174,178,591,293,298,3,0,3,1061,633,428,1062,383,679,954,540,414,522,363,159,182,145,37,196,94,102,12,9,3,132,115,17,432,177,255,7,5,2,399,153,246,1,0,1,25,19,6,389,168,221,7,5,2,357,144,213,1,0,1,24,19,5,43,9,34,0,0,0,42,9,33,0,0,0,1,0,1,1169,476,693
29,556,0015,598821,0000,000000,KARNATAKA,Bagalkot,VILLAGE,Jadramakunti,Rural,344,2112,1056,1056,339,171,168,436,214,222,44,21,23,1059,658,401,1053,398,655,988,601,387,958,588,370,326,285,41,560,248,312,5,2,3,67,53,14,30,13,17,5,3,2,19,8,11,6,2,4,0,0,0,28,12,16,5,3,2,18,7,11,5,2,3,0,0,0,2,1,1,0,0,0,1,1,0,1,0,1,0,0,0,1124,455,669
29,556,0015,598822,0000,000000,KARNATAKA,Bagalkot,VILLAGE,Siraguppi,Rural,501,2429,1197,1232,328,174,154,660,320,340,24,13,11,1219,750,469,1210,447,763,1159,628,531,1037,569,468,119,105,14,744,320,424,16,13,3,158,131,27,122,59,63,14,10,4,69,23,46,4,2,2,35,24,11,112,52,60,14,10,4,67,23,44,4,2,2,27,17,10,10,7,3,0,0,0,2,0,2,0,0,0,8,7,1,1270,569,701
29,556,0015,598823,0000,000000,KARNATAKA,Bagalkot,VILLAGE,Bennur,Rural,466,2185,1149,1036,256,145,111,340,198,142,44,25,19,1300,836,464,885,313,572,1369,668,701,752,467,285,29,26,3,605,353,252,6,6,0,112,82,30,617,201,416,27,12,15,558,180,378,2,1,1,30,8,22,569,187,382,27,12,15,528,170,358,2,1,1,12,4,8,48,14,34,0,0,0,30,10,20,0,0,0,18,4,14,816,481,335
29,556,0015,598824,0000,000000,KARNATAKA,Bagalkot,VILLAGE,Sangondi,Rural,66,423,208,215,95,45,50,93,43,50,4,2,2,163,101,62,260,107,153,203,107,96,164,104,60,55,54,1,91,35,56,0,0,0,18,15,3,39,3,36,0,0,0,39,3,36,0,0,0,0,0,0,36,3,33,0,0,0,36,3,33,0,0,0,0,0,0,3,0,3,0,0,0,3,0,3,0,0,0,0,0,0,220,101,119
29,556,0015,598825,0000,000000,KARNATAKA,Bagalkot,VILLAGE,Mugalalli,Rural,525,2921,1481,1440,408,218,190,1040,534,506,180,91,89,1674,1015,659,1247,466,781,1444,758,686,945,540,405,240,158,82,369,138,231,21,16,5,315,228,87,499,218,281,16,9,7,423,180,243,6,4,2,54,25,29,497,216,281,16,9,7,423,180,243,6,4,2,52,23,29,2,2,0,0,0,0,0,0,0,0,0,0,2,2,0,1477,723,754
29,556,0015,598826,0000,000000,KARNATAKA,Bagalkot,VILLAGE,Lavaleshavar,Rural,69,398,192,206,74,29,45,398,192,206,0,0,0,194,128,66,204,64,140,181,91,90,19,12,7,0,0,0,0,0,0,0,0,0,19,12,7,162,79,83,3,3,0,87,31,56,0,0,0,72,45,27,31,20,11,3,3,0,12,6,6,0,0,0,16,11,5,131,59,72,0,0,0,75,25,50,0,0,0,56,34,22,217,101,116
29,556,0015,598827,0000,000000,KARNATAKA,Bagalkot,VILLAGE,Achanur,Rural,345,1844,916,928,261,130,131,610,306,304,8,3,5,1027,632,395,817,284,533,963,497,466,498,409,89,177,168,9,172,119,53,11,11,0,138,111,27,465,88,377,35,6,29,385,54,331,10,4,6,35,24,11,458,87,371,35,6,29,379,54,325,10,4,6,34,23,11,7,1,6,0,0,0,6,0,6,0,0,0,1,1,0,881,419,462
29,556,0015,598828,0000,000000,KARNATAKA,Bagalkot,VILLAGE,Bilkerur,Rural,431,2011,1040,971,264,153,111,380,211,169,221,114,107,1033,662,371,978,378,600,1177,561,616,619,477,142,280,263,17,159,71,88,4,4,0,176,139,37,558,84,474,8,4,4,530,64,466,1,1,0,19,15,4,553,82,471,8,4,4,528,64,464,0,0,0,17,14,3,5,2,3,0,0,0,2,0,2,1,1,0,2,1,1,834,479,355
29,556,0015,598829,0000,000000,KARNATAKA,Bagalkot,VILLAGE,Manahalli,Rural,129,658,340,318,96,51,45,78,48,30,0,0,0,425,259,166,233,81,152,240,185,55,190,150,40,74,70,4,59,30,29,6,5,1,51,45,6,50,35,15,8,4,4,6,3,3,3,3,0,33,25,8,26,17,9,8,4,4,6,3,3,2,2,0,10,8,2,24,18,6,0,0,0,0,0,0,1,1,0,23,17,6,418,155,263
29,556,0015,598830,0000,000000,KARNATAKA,Bagalkot,VILLAGE,Hosur,Rural,162,874,436,438,115,51,64,104,54,50,0,0,0,541,348,193,333,88,245,473,260,213,443,260,183,108,104,4,249,80,169,1,1,0,85,75,10,30,0,30,0,0,0,23,0,23,0,0,0,7,0,7,29,0,29,0,0,0,23,0,23,0,0,0,6,0,6,1,0,1,0,0,0,0,0,0,0,0,0,1,0,1,401,176,225
29,556,0015,598831,0000,000000,KARNATAKA,Bagalkot,VILLAGE,Nagasampagi,Rural,127,734,378,356,126,73,53,63,28,35,0,0,0,436,263,173,298,115,183,383,206,177,350,186,164,66,53,13,161,37,124,0,0,0,123,96,27,33,20,13,8,6,2,11,4,7,0,0,0,14,10,4,32,20,12,8,6,2,10,4,6,0,0,0,14,10,4,1,0,1,0,0,0,1,0,1,0,0,0,0,0,0,351,172,179
29,556,0015,598832,0000,000000,KARNATAKA,Bagalkot,VILLAGE,Nagaral,Rural,147,804,418,386,126,74,52,123,66,57,0,0,0,404,259,145,400,159,241,440,230,210,264,188,76,73,65,8,87,30,57,17,15,2,87,78,9,176,42,134,4,2,2,114,9,105,8,3,5,50,28,22,134,19,115,4,2,2,111,7,104,8,3,5,11,7,4,42,23,19,0,0,0,3,2,1,0,0,0,39,21,18,364,188,176
29,556,0015,598833,0000,000000,KARNATAKA,Bagalkot,VILLAGE,Nainegali,Rural,494,2547,1291,1256,393,206,187,704,361,343,16,7,9,1400,848,552,1147,443,704,1241,655,586,936,611,325,267,213,54,339,152,187,12,9,3,318,237,81,305,44,261,1,0,1,279,22,257,0,0,0,25,22,3,291,32,259,1,0,1,277,20,257,0,0,0,13,12,1,14,12,2,0,0,0,2,2,0,0,0,0,12,10,2,1306,636,670
29,556,0015,598834,0000,000000,KARNATAKA,Bagalkot,VILLAGE,Mankani,Rural,308,1666,816,850,299,141,158,328,164,164,1,0,1,893,534,359,773,282,491,935,440,495,209,193,16,127,121,6,19,17,2,1,1,0,62,54,8,726,247,479,23,14,9,692,224,468,0,0,0,11,9,2,719,241,478,23,14,9,687,220,467,0,0,0,9,7,2,7,6,1,0,0,0,5,4,1,0,0,0,2,2,0,731,376,355
29,556,0015,598835,0000,000000,KARNATAKA,Bagalkot,VILLAGE,Sutagundar,Rural,384,2107,1076,1031,336,179,157,103,56,47,29,16,13,1140,700,440,967,376,591,1060,557,503,424,392,32,171,169,2,127,117,10,6,5,1,120,101,19,636,165,471,6,1,5,623,159,464,0,0,0,7,5,2,621,159,462,6,1,5,608,153,455,0,0,0,7,5,2,15,6,9,0,0,0,15,6,9,0,0,0,0,0,0,1047,519,528
29,556,0015,598836,0000,000000,KARNATAKA,Bagalkot,VILLAGE,Domanal,Rural,240,1264,618,646,164,84,80,160,81,79,0,0,0,696,437,259,568,181,387,685,337,348,622,323,299,106,104,2,464,174,290,9,8,1,43,37,6,63,14,49,2,1,1,59,11,48,0,0,0,2,2,0,61,14,47,2,1,1,57,11,46,0,0,0,2,2,0,2,0,2,0,0,0,2,0,2,0,0,0,0,0,0,579,281,298
29,556,0015,598837,0000,000000,KARNATAKA,Bagalkot,VILLAGE,Bommanagi,Rural,285,1698,875,823,260,129,131,154,71,83,54,31,23,846,525,321,852,350,502,890,451,439,868,439,429,208,203,5,632,218,414,3,2,1,25,16,9,22,12,10,6,6,0,12,4,8,1,0,1,3,2,1,22,12,10,6,6,0,12,4,8,1,0,1,3,2,1,0,0,0,0,0,0,0,0,0,0,0,0,0,0,0,808,424,384
29,556,0015,598838,0000,000000,KARNATAKA,Bagalkot,VILLAGE,Chick Myageri,Rural,258,1186,614,572,163,87,76,107,58,49,21,11,10,702,422,280,484,192,292,667,327,340,421,293,128,194,189,5,147,32,115,4,3,1,76,69,7,246,34,212,1,1,0,236,27,209,0,0,0,9,6,3,245,34,211,1,1,0,236,27,209,0,0,0,8,6,2,1,0,1,0,0,0,0,0,0,0,0,0,1,0,1,519,287,232
29,556,0015,598839,0000,000000,KARNATAKA,Bagalkot,VILLAGE,Handaragala,Rural,121,733,371,362,117,53,64,92,53,39,0,0,0,377,253,124,356,118,238,426,217,209,420,214,206,68,59,9,301,114,187,5,5,0,46,36,10,6,3,3,0,0,0,2,1,1,0,0,0,4,2,2,6,3,3,0,0,0,2,1,1,0,0,0,4,2,2,0,0,0,0,0,0,0,0,0,0,0,0,0,0,0,307,154,153
29,556,0015,598840,0000,000000,KARNATAKA,Bagalkot,VILLAGE,Hire Myageri,Rural,163,862,430,432,131,58,73,147,68,79,0,0,0,469,281,188,393,149,244,466,251,215,453,247,206,189,104,85,228,115,113,10,7,3,26,21,5,13,4,9,3,1,2,5,1,4,0,0,0,5,2,3,13,4,9,3,1,2,5,1,4,0,0,0,5,2,3,0,0,0,0,0,0,0,0,0,0,0,0,0,0,0,396,179,217
29,556,0015,598841,0000,000000,KARNATAKA,Bagalkot,VILLAGE,Mudavinkopp,Rural,106,630,320,310,108,62,46,153,76,77,0,0,0,324,200,124,306,120,186,348,174,174,201,137,64,41,41,0,84,36,48,42,36,6,34,24,10,147,37,110,7,5,2,118,15,103,12,8,4,10,9,1,144,34,110,7,5,2,118,15,103,12,8,4,7,6,1,3,3,0,0,0,0,0,0,0,0,0,0,3,3,0,282,146,136
29,556,0015,598842,0000,000000,KARNATAKA,Bagalkot,VILLAGE,Chitaginakopp,Rural,143,821,417,404,148,74,74,290,144,146,5,3,2,388,256,132,433,161,272,415,201,214,159,110,49,147,103,44,2,1,1,6,4,2,4,2,2,256,91,165,1,1,0,69,22,47,119,32,87,67,36,31,231,80,151,1,1,0,64,19,45,110,29,81,56,31,25,25,11,14,0,0,0,5,3,2,9,3,6,11,5,6,406,216,190
29,556,0015,598843,0000,000000,KARNATAKA,Bagalkot,VILLAGE,Devalapur (S.M.),Rural,168,978,473,505,140,68,72,88,46,42,0,0,0,534,319,215,444,154,290,512,258,254,177,162,15,116,111,5,19,17,2,4,4,0,38,30,8,335,96,239,2,1,1,298,70,228,11,8,3,24,17,7,327,91,236,2,1,1,296,69,227,11,8,3,18,13,5,8,5,3,0,0,0,2,1,1,0,0,0,6,4,2,466,215,251
29,556,0015,598844,0000,000000,KARNATAKA,Bagalkot,VILLAGE,Bagalkot (Rural),Rural,0,0,0,0,0,0,0,0,0,0,0,0,0,0,0,0,0,0,0,0,0,0,0,0,0,0,0,0,0,0,0,0,0,0,0,0,0,0,0,0,0,0,0,0,0,0,0,0,0,0,0,0,0,0,0,0,0,0,0,0,0,0,0,0,0,0,0,0,0,0,0,0,0,0,0,0,0,0,0,0,0,0,0,0,0
29,556,0015,598845,0000,000000,KARNATAKA,Bagalkot,VILLAGE,Mallapur,Rural,35,177,99,78,23,16,7,10,6,4,24,12,12,98,63,35,79,36,43,48,44,4,47,43,4,15,15,0,17,17,0,0,0,0,15,11,4,1,1,0,1,1,0,0,0,0,0,0,0,0,0,0,1,1,0,1,1,0,0,0,0,0,0,0,0,0,0,0,0,0,0,0,0,0,0,0,0,0,0,0,0,0,129,55,74
29,556,0015,598846,0000,000000,KARNATAKA,Bagalkot,VILLAGE,Kirasur,Rural,544,2782,1396,1386,425,227,198,384,201,183,263,132,131,1429,847,582,1353,549,804,1297,788,509,1213,750,463,270,206,64,655,296,359,27,22,5,261,226,35,84,38,46,9,3,6,48,17,31,3,3,0,24,15,9,80,38,42,9,3,6,47,17,30,3,3,0,21,15,6,4,0,4,0,0,0,1,0,1,0,0,0,3,0,3,1485,608,877
29,556,0015,598847,0000,000000,KARNATAKA,Bagalkot,VILLAGE,Bhagavati,Rural,581,2740,1337,1403,320,155,165,519,261,258,346,174,172,1757,1029,728,983,308,675,1130,728,402,964,620,344,156,112,44,558,312,246,39,27,12,211,169,42,166,108,58,18,12,6,42,17,25,33,20,13,73,59,14,159,105,54,17,11,6,40,15,25,30,20,10,72,59,13,7,3,4,1,1,0,2,2,0,3,0,3,1,0,1,1610,609,1001
29,556,0015,598848,0000,000000,KARNATAKA,Bagalkot,VILLAGE,Kadalimatti,Rural,292,1663,799,864,247,122,125,279,132,147,114,55,59,864,518,346,799,281,518,953,443,510,710,409,301,106,95,11,446,191,255,2,2,0,156,121,35,243,34,209,3,3,0,198,26,172,0,0,0,42,5,37,243,34,209,3,3,0,198,26,172,0,0,0,42,5,37,0,0,0,0,0,0,0,0,0,0,0,0,0,0,0,710,356,354
29,556,0015,598849,0000,000000,KARNATAKA,Bagalkot,VILLAGE,Mudapaljivi,Rural,151,893,453,440,146,80,66,276,139,137,133,66,67,511,304,207,382,149,233,372,225,147,350,213,137,53,42,11,128,30,98,3,2,1,166,139,27,22,12,10,5,3,2,11,5,6,1,1,0,5,3,2,13,7,6,3,1,2,6,3,3,0,0,0,4,3,1,9,5,4,2,2,0,5,2,3,1,1,0,1,0,1,521,228,293
29,556,0015,598850,0000,000000,KARNATAKA,Bagalkot,VILLAGE,Hallur,Rural,717,3343,1670,1673,417,201,216,451,217,234,164,78,86,2090,1220,870,1253,450,803,1826,972,854,1462,909,553,237,204,33,888,435,453,26,21,5,311,249,62,364,63,301,28,9,19,100,15,85,5,3,2,231,36,195,357,59,298,27,9,18,96,13,83,4,2,2,230,35,195,7,4,3,1,0,1,4,2,2,1,1,0,1,1,0,1517,698,819
29,556,0015,598851,0000,000000,KARNATAKA,Bagalkot,VILLAGE,Sangapur,Rural,283,1532,785,747,227,123,104,170,81,89,74,33,41,725,457,268,807,328,479,410,367,43,234,194,40,153,149,4,61,27,34,2,1,1,18,17,1,176,173,3,19,17,2,152,151,1,2,2,0,3,3,0,175,172,3,19,17,2,152,151,1,1,1,0,3,3,0,1,1,0,0,0,0,0,0,0,1,1,0,0,0,0,1122,418,704
29,556,0015,598852,0000,000000,KARNATAKA,Bagalkot,VILLAGE,Bodanayakdinni,Rural,388,1815,875,940,247,118,129,180,84,96,0,0,0,1016,618,398,799,257,542,798,480,318,789,474,315,218,205,13,458,173,285,12,8,4,101,88,13,9,6,3,2,1,1,4,2,2,0,0,0,3,3,0,9,6,3,2,1,1,4,2,2,0,0,0,3,3,0,0,0,0,0,0,0,0,0,0,0,0,0,0,0,0,1017,395,622
29,556,0015,598853,0000,000000,KARNATAKA,Bagalkot,VILLAGE,Bevoor,Rural,1096,5881,2947,2934,805,404,401,1102,556,546,760,382,378,3450,2044,1406,2431,903,1528,2462,1529,933,2215,1384,831,522,425,97,969,424,545,22,19,3,702,516,186,247,145,102,14,10,4,122,61,61,1,1,0,110,73,37,221,132,89,13,10,3,109,55,54,1,1,0,98,66,32,26,13,13,1,0,1,13,6,7,0,0,0,12,7,5,3419,1418,2001
29,556,0015,598854,0000,000000,KARNATAKA,Bagalkot,VILLAGE,Choudapur,Rural,299,1781,890,891,276,140,136,193,94,99,51,28,23,930,586,344,851,304,547,968,491,477,697,443,254,202,178,24,409,192,217,15,11,4,71,62,9,271,48,223,13,7,6,232,22,210,4,1,3,22,18,4,267,47,220,13,7,6,230,22,208,3,1,2,21,17,4,4,1,3,0,0,0,2,0,2,1,0,1,1,1,0,813,399,414
29,556,0015,598855,0000,000000,KARNATAKA,Bagalkot,VILLAGE,Ingalagi,Rural,144,697,359,338,105,63,42,71,33,38,66,33,33,434,264,170,263,95,168,422,203,219,244,190,54,133,123,10,74,44,30,3,2,1,34,21,13,178,13,165,5,3,2,97,9,88,1,0,1,75,1,74,113,12,101,5,3,2,93,9,84,0,0,0,15,0,15,65,1,64,0,0,0,4,0,4,1,0,1,60,1,59,275,156,119
29,556,0015,598856,0000,000000,KARNATAKA,Bagalkot,VILLAGE,Bhairamatti,Rural,323,1760,881,879,243,114,129,263,129,134,125,56,69,1052,635,417,708,246,462,852,486,366,798,456,342,302,197,105,412,195,217,4,1,3,80,63,17,54,30,24,19,12,7,25,9,16,2,2,0,8,7,1,54,30,24,19,12,7,25,9,16,2,2,0,8,7,1,0,0,0,0,0,0,0,0,0,0,0,0,0,0,0,908,395,513
29,556,0015,598857,0000,000000,KARNATAKA,Bagalkot,VILLAGE,Benakatti,Rural,740,3203,1590,1613,363,207,156,890,455,435,21,8,13,1795,1036,759,1408,554,854,1470,847,623,955,640,315,328,295,33,492,230,262,43,40,3,92,75,17,515,207,308,10,4,6,476,184,292,15,7,8,14,12,2,504,201,303,9,3,6,473,183,290,12,6,6,10,9,1,11,6,5,1,1,0,3,1,2,3,1,2,4,3,1,1733,743,990
29,556,0015,598858,0000,000000,KARNATAKA,Bagalkot,VILLAGE,Mannikatti,Rural,301,1593,753,840,282,141,141,198,87,111,38,20,18,802,458,344,791,295,496,716,397,319,651,370,281,179,135,44,370,147,223,5,4,1,97,84,13,65,27,38,5,4,1,54,18,36,1,1,0,5,4,1,64,27,37,5,4,1,53,18,35,1,1,0,5,4,1,1,0,1,0,0,0,1,0,1,0,0,0,0,0,0,877,356,521
29,556,0015,598859,0000,000000,KARNATAKA,Bagalkot,VILLAGE,Honnakatti,Rural,423,2359,1189,1170,384,191,193,86,36,50,1001,516,485,1178,684,494,1181,505,676,1042,636,406,1012,624,388,165,133,32,646,316,330,17,11,6,184,164,20,30,12,18,3,3,0,15,5,10,7,2,5,5,2,3,28,12,16,3,3,0,14,5,9,6,2,4,5,2,3,2,0,2,0,0,0,1,0,1,1,0,1,0,0,0,1317,553,764
29,556,0015,598860,0000,000000,KARNATAKA,Bagalkot,VILLAGE,Bevinamatti-S.Haveli,Rural,783,4047,2007,2040,637,313,324,292,147,145,1565,755,810,2104,1261,843,1943,746,1197,1813,1050,763,1489,931,558,260,211,49,762,327,435,59,35,24,408,358,50,324,119,205,25,15,10,238,71,167,27,9,18,34,24,10,290,115,175,24,15,9,228,69,159,16,9,7,22,22,0,34,4,30,1,0,1,10,2,8,11,0,11,12,2,10,2234,957,1277
29,556,0015,598861,0000,000000,KARNATAKA,Bagalkot,VILLAGE,Sigikeri,Rural,827,4148,2095,2053,591,309,282,1036,529,507,246,116,130,2474,1457,1017,1674,638,1036,1762,1062,700,1615,1028,587,186,160,26,603,245,358,20,16,4,806,607,199,147,34,113,4,0,4,82,10,72,5,1,4,56,23,33,123,30,93,3,0,3,81,10,71,4,1,3,35,19,16,24,4,20,1,0,1,1,0,1,1,0,1,21,4,17,2386,1033,1353
29,556,0015,598862,0000,000000,KARNATAKA,Bagalkot,VILLAGE,Muchakhandi,Rural,521,2692,1353,1339,408,218,190,859,419,440,654,317,337,1572,918,654,1120,435,685,990,657,333,928,617,311,70,47,23,95,41,54,20,9,11,743,520,223,62,40,22,2,0,2,9,3,6,2,0,2,49,37,12,60,40,20,2,0,2,8,3,5,2,0,2,48,37,11,2,0,2,0,0,0,1,0,1,0,0,0,1,0,1,1702,696,1006
29,556,0015,598863,0000,000000,KARNATAKA,Bagalkot,VILLAGE,Durgadevinagar,Rural,260,1541,769,772,230,134,96,1541,769,772,0,0,0,789,468,321,752,301,451,555,348,207,188,143,45,135,94,41,2,2,0,1,1,0,50,46,4,367,205,162,3,1,2,151,32,119,0,0,0,213,172,41,109,94,15,0,0,0,17,11,6,0,0,0,92,83,9,258,111,147,3,1,2,134,21,113,0,0,0,121,89,32,986,421,565
29,556,0015,598864,0000,000000,KARNATAKA,Bagalkot,VILLAGE,Niralkeri,Rural,513,2737,1386,1351,410,227,183,312,155,157,839,425,414,1345,816,529,1392,570,822,1449,785,664,1220,730,490,178,136,42,422,176,246,84,48,36,536,370,166,229,55,174,6,5,1,101,9,92,80,12,68,42,29,13,220,53,167,4,4,0,97,8,89,80,12,68,39,29,10,9,2,7,2,1,1,4,1,3,0,0,0,3,0,3,1288,601,687
29,556,0015,598865,0000,000000,KARNATAKA,Bagalkot,VILLAGE,Sirur,Rural,2434,12623,6345,6278,1748,910,838,1798,871,927,404,211,193,7573,4383,3190,5050,1962,3088,5268,3439,1829,4665,3144,1521,1015,855,160,1888,931,957,358,239,119,1404,1119,285,603,295,308,45,21,24,258,96,162,61,31,30,239,147,92,542,267,275,40,17,23,236,88,148,57,28,29,209,134,75,61,28,33,5,4,1,22,8,14,4,3,1,30,13,17,7355,2906,4449
29,556,0015,598866,0000,000000,KARNATAKA,Bagalkot,VILLAGE,Neelanagar,Rural,522,3444,1794,1650,518,285,233,3421,1785,1636,0,0,0,1486,977,509,1958,817,1141,1120,774,346,1093,762,331,207,201,6,640,340,300,6,5,1,240,216,24,27,12,15,4,2,2,10,4,6,1,0,1,12,6,6,24,12,12,4,2,2,10,4,6,1,0,1,9,6,3,3,0,3,0,0,0,0,0,0,0,0,0,3,0,3,2324,1020,1304
29,556,0016,000000,0000,000000,KARNATAKA,Bagalkot,CD BLOCK,Hungund,Total,44681,240219,120913,119306,34356,17705,16651,45585,22834,22751,9938,5056,4882,137960,83362,54598,102259,37551,64708,109568,65335,44233,83224,55654,27570,23375,18658,4717,27132,12423,14709,7016,4632,2384,25701,19941,5760,26344,9681,16663,1438,715,723,17192,5064,12128,1918,784,1134,5796,3118,2678,24017,8812,15205,1336,670,666,16258,4835,11423,1612,679,933,4811,2628,2183,2327,869,1458,102,45,57,934,229,705,306,105,201,985,490,495,130651,55578,75073
29,556,0016,000000,0000,000000,KARNATAKA,Bagalkot,CD BLOCK,Hungund,Rural,36735,197557,99479,98078,28797,14869,13928,39924,20059,19865,7838,3994,3844,110781,67628,43153,86776,31851,54925,91411,53733,37678,68530,45632,22898,22315,17796,4519,24727,11243,13484,2680,1925,755,18808,14668,4140,22881,8101,14780,1375,677,698,16524,4832,11692,949,398,551,4033,2194,1839,21155,7447,13708,1277,634,643,15646,4628,11018,811,332,479,3421,1853,1568,1726,654,1072,98,43,55,878,204,674,138,66,72,612,341,271,106146,45746,60400
29,556,0016,000000,0000,000000,KARNATAKA,Bagalkot,CD BLOCK,Hungund,Urban,7946,42662,21434,21228,5559,2836,2723,5661,2775,2886,2100,1062,1038,27179,15734,11445,15483,5700,9783,18157,11602,6555,14694,10022,4672,1060,862,198,2405,1180,1225,4336,2707,1629,6893,5273,1620,3463,1580,1883,63,38,25,668,232,436,969,386,583,1763,924,839,2862,1365,1497,59,36,23,612,207,405,801,347,454,1390,775,615,601,215,386,4,2,2,56,25,31,168,39,129,373,149,224,24505,9832,14673
29,556,0016,598867,0000,000000,KARNATAKA,Bagalkot,VILLAGE,Basarikatti,Rural,129,759,386,373,141,66,75,198,97,101,6,4,2,332,222,110,427,164,263,306,210,96,300,206,94,37,36,1,197,116,81,27,24,3,39,30,9,6,4,2,0,0,0,2,1,1,3,2,1,1,1,0,6,4,2,0,0,0,2,1,1,3,2,1,1,1,0,0,0,0,0,0,0,0,0,0,0,0,0,0,0,0,453,176,277
29,556,0016,598868,0000,000000,KARNATAKA,Bagalkot,VILLAGE,Kadiwal Kallapur,Rural,142,962,495,467,185,101,84,60,28,32,0,0,0,410,253,157,552,242,310,335,254,81,272,225,47,111,99,12,135,104,31,2,2,0,24,20,4,63,29,34,7,6,1,45,20,25,1,0,1,10,3,7,55,29,26,6,6,0,42,20,22,0,0,0,7,3,4,8,0,8,1,0,1,3,0,3,1,0,1,3,0,3,627,241,386
29,556,0016,598869,0000,000000,KARNATAKA,Bagalkot,VILLAGE,Yeranaikanal,Rural,83,515,263,252,88,50,38,105,50,55,0,0,0,282,182,100,233,81,152,161,135,26,128,123,5,38,37,1,61,59,2,0,0,0,29,27,2,33,12,21,28,8,20,2,1,1,0,0,0,3,3,0,33,12,21,28,8,20,2,1,1,0,0,0,3,3,0,0,0,0,0,0,0,0,0,0,0,0,0,0,0,0,354,128,226
29,556,0016,598870,0000,000000,KARNATAKA,Bagalkot,VILLAGE,Suralikal,Rural,162,954,493,461,120,63,57,29,15,14,0,0,0,531,349,182,423,144,279,420,232,188,406,227,179,360,200,160,20,8,12,3,1,2,23,18,5,14,5,9,5,1,4,6,2,4,0,0,0,3,2,1,12,5,7,4,1,3,5,2,3,0,0,0,3,2,1,2,0,2,1,0,1,1,0,1,0,0,0,0,0,0,534,261,273
29,556,0016,598871,0000,000000,KARNATAKA,Bagalkot,VILLAGE,Basawanal,Rural,131,709,369,340,113,55,58,78,34,44,62,34,28,391,253,138,318,116,202,380,192,188,218,166,52,109,108,1,80,34,46,0,0,0,29,24,5,162,26,136,3,2,1,158,23,135,0,0,0,1,1,0,162,26,136,3,2,1,158,23,135,0,0,0,1,1,0,0,0,0,0,0,0,0,0,0,0,0,0,0,0,0,329,177,152
29,556,0016,598872,0000,000000,KARNATAKA,Bagalkot,VILLAGE,Amblikoppa,Rural,151,747,376,371,93,49,44,41,18,23,0,0,0,432,284,148,315,92,223,412,221,191,280,160,120,220,129,91,36,18,18,2,0,2,22,13,9,132,61,71,21,11,10,69,29,40,10,6,4,32,15,17,114,54,60,19,9,10,59,26,33,9,5,4,27,14,13,18,7,11,2,2,0,10,3,7,1,1,0,5,1,4,335,155,180
29,556,0016,598873,0000,000000,KARNATAKA,Bagalkot,VILLAGE,Muganur,Rural,211,1003,495,508,129,62,67,139,66,73,64,31,33,583,365,218,420,130,290,557,291,266,318,258,60,112,109,3,72,37,35,5,4,1,129,108,21,239,33,206,6,4,2,218,24,194,1,1,0,14,4,10,234,32,202,6,4,2,217,24,193,1,1,0,10,3,7,5,1,4,0,0,0,1,0,1,0,0,0,4,1,3,446,204,242
29,556,0016,598874,0000,000000,KARNATAKA,Bagalkot,VILLAGE,Budihal (S.K.),Rural,107,569,290,279,82,46,36,119,62,57,8,4,4,356,210,146,213,80,133,324,162,162,277,140,137,101,74,27,7,2,5,5,2,3,164,62,102,47,22,25,10,7,3,3,3,0,0,0,0,34,12,22,47,22,25,10,7,3,3,3,0,0,0,0,34,12,22,0,0,0,0,0,0,0,0,0,0,0,0,0,0,0,245,128,117
29,556,0016,598875,0000,000000,KARNATAKA,Bagalkot,VILLAGE,Budihal (Inam),Rural,93,445,237,208,65,33,32,101,57,44,27,11,16,267,175,92,178,62,116,197,132,65,89,80,9,66,63,3,1,1,0,3,2,1,19,14,5,108,52,56,1,0,1,104,50,54,1,1,0,2,1,1,106,50,56,1,0,1,102,48,54,1,1,0,2,1,1,2,2,0,0,0,0,2,2,0,0,0,0,0,0,0,248,105,143
29,556,0016,598876,0000,000000,KARNATAKA,Bagalkot,VILLAGE,Bevinal,Rural,245,1458,746,712,248,122,126,54,26,28,30,12,18,658,440,218,800,306,494,750,399,351,411,251,160,308,191,117,53,24,29,4,4,0,46,32,14,339,148,191,7,4,3,306,132,174,6,3,3,20,9,11,332,146,186,7,4,3,301,130,171,5,3,2,19,9,10,7,2,5,0,0,0,5,2,3,1,0,1,1,0,1,708,347,361
29,556,0016,598877,0000,000000,KARNATAKA,Bagalkot,VILLAGE,Hiremagi,Rural,443,2300,1187,1113,359,181,178,532,269,263,13,6,7,1292,815,477,1008,372,636,646,569,77,599,551,48,346,332,14,81,69,12,17,13,4,155,137,18,47,18,29,5,5,0,29,6,23,2,1,1,11,6,5,47,18,29,5,5,0,29,6,23,2,1,1,11,6,5,0,0,0,0,0,0,0,0,0,0,0,0,0,0,0,1654,618,1036
29,556,0016,598878,0000,000000,KARNATAKA,Bagalkot,VILLAGE,Madapur,Rural,89,513,262,251,80,40,40,166,87,79,0,0,0,257,172,85,256,90,166,279,147,132,49,49,0,1,1,0,0,0,0,0,0,0,48,48,0,230,98,132,2,2,0,25,10,15,0,0,0,203,86,117,230,98,132,2,2,0,25,10,15,0,0,0,203,86,117,0,0,0,0,0,0,0,0,0,0,0,0,0,0,0,234,115,119
29,556,0016,598879,0000,000000,KARNATAKA,Bagalkot,VILLAGE,Ramathal,Rural,219,1198,611,587,203,108,95,169,84,85,611,315,296,625,406,219,573,205,368,555,312,243,508,291,217,43,39,4,38,23,15,3,2,1,424,227,197,47,21,26,0,0,0,2,1,1,0,0,0,45,20,25,47,21,26,0,0,0,2,1,1,0,0,0,45,20,25,0,0,0,0,0,0,0,0,0,0,0,0,0,0,0,643,299,344
29,556,0016,598880,0000,000000,KARNATAKA,Bagalkot,VILLAGE,Huvinahalli,Rural,263,1576,804,772,301,149,152,330,180,150,17,6,11,710,461,249,866,343,523,792,446,346,655,427,228,170,123,47,256,117,139,14,14,0,215,173,42,137,19,118,32,5,27,83,8,75,2,0,2,20,6,14,136,19,117,32,5,27,82,8,74,2,0,2,20,6,14,1,0,1,0,0,0,1,0,1,0,0,0,0,0,0,784,358,426
29,556,0016,598881,0000,000000,KARNATAKA,Bagalkot,VILLAGE,Mullur,Rural,184,1277,639,638,222,105,117,61,31,30,59,28,31,612,368,244,665,271,394,632,328,304,364,285,79,209,203,6,93,47,46,4,4,0,58,31,27,268,43,225,1,1,0,225,31,194,5,5,0,37,6,31,263,42,221,1,1,0,221,31,190,5,5,0,36,5,31,5,1,4,0,0,0,4,0,4,0,0,0,1,1,0,645,311,334
29,556,0016,598882,0000,000000,KARNATAKA,Bagalkot,VILLAGE,Kalligudda,Rural,181,1007,508,499,131,69,62,168,80,88,71,36,35,595,370,225,412,138,274,486,267,219,477,260,217,30,24,6,340,146,194,4,2,2,103,88,15,9,7,2,0,0,0,1,0,1,1,1,0,7,6,1,8,7,1,0,0,0,0,0,0,1,1,0,7,6,1,1,0,1,0,0,0,1,0,1,0,0,0,0,0,0,521,241,280
29,556,0016,598883,0000,000000,KARNATAKA,Bagalkot,VILLAGE,Nimbalgundi,Rural,234,1232,609,623,192,88,104,164,90,74,14,6,8,687,431,256,545,178,367,630,361,269,535,344,191,236,195,41,243,102,141,0,0,0,56,47,9,95,17,78,12,7,5,78,5,73,0,0,0,5,5,0,89,12,77,8,3,5,77,5,72,0,0,0,4,4,0,6,5,1,4,4,0,1,0,1,0,0,0,1,1,0,602,248,354
29,556,0016,598884,0000,000000,KARNATAKA,Bagalkot,VILLAGE,Aiahole,Rural,628,3403,1696,1707,520,268,252,427,203,224,37,17,20,1747,1050,697,1656,646,1010,1524,836,688,973,652,321,325,245,80,360,181,179,63,40,23,225,186,39,551,184,367,9,5,4,460,137,323,13,5,8,69,37,32,525,171,354,9,5,4,446,131,315,12,4,8,58,31,27,26,13,13,0,0,0,14,6,8,1,1,0,11,6,5,1879,860,1019
29,556,0016,598885,0000,000000,KARNATAKA,Bagalkot,VILLAGE,Kyadiggeri,Rural,125,629,326,303,78,46,32,22,12,10,34,14,20,330,202,128,299,124,175,385,194,191,113,108,5,42,42,0,59,57,2,0,0,0,12,9,3,272,86,186,2,1,1,250,69,181,7,7,0,13,9,4,272,86,186,2,1,1,250,69,181,7,7,0,13,9,4,0,0,0,0,0,0,0,0,0,0,0,0,0,0,0,244,132,112
29,556,0016,598886,0000,000000,KARNATAKA,Bagalkot,VILLAGE,Kunabenchi,Rural,260,1480,744,736,274,136,138,239,117,122,7,3,4,746,463,283,734,281,453,614,394,220,149,135,14,104,103,1,6,2,4,1,1,0,38,29,9,465,259,206,1,1,0,380,185,195,1,0,1,83,73,10,455,253,202,1,1,0,375,184,191,1,0,1,78,68,10,10,6,4,0,0,0,5,1,4,0,0,0,5,5,0,866,350,516
29,556,0016,598887,0000,000000,KARNATAKA,Bagalkot,VILLAGE,Rakkasagi,Rural,356,1860,910,950,264,124,140,424,192,232,0,0,0,1106,675,431,754,235,519,952,493,459,847,452,395,139,120,19,444,139,305,45,22,23,219,171,48,105,41,64,8,5,3,78,25,53,2,2,0,17,9,8,83,27,56,5,3,2,62,15,47,2,2,0,14,7,7,22,14,8,3,2,1,16,10,6,0,0,0,3,2,1,908,417,491
29,556,0016,598888,0000,000000,KARNATAKA,Bagalkot,VILLAGE,Sulibhavi,Rural,1844,10176,5140,5036,1372,691,681,1003,526,477,163,80,83,6210,3624,2586,3966,1516,2450,3960,2692,1268,3466,2422,1044,484,369,115,856,490,366,1141,833,308,985,730,255,494,270,224,32,14,18,83,28,55,79,20,59,300,208,92,471,259,212,30,12,18,77,25,52,74,19,55,290,203,87,23,11,12,2,2,0,6,3,3,5,1,4,10,5,5,6216,2448,3768
29,556,0016,598889,0000,000000,KARNATAKA,Bagalkot,VILLAGE,Gorjnal,Rural,180,963,496,467,137,72,65,195,103,92,280,143,137,505,327,178,458,169,289,394,271,123,196,180,16,83,81,2,54,48,6,4,4,0,55,47,8,198,91,107,0,0,0,191,85,106,0,0,0,7,6,1,131,85,46,0,0,0,124,79,45,0,0,0,7,6,1,67,6,61,0,0,0,67,6,61,0,0,0,0,0,0,569,225,344
29,556,0016,598890,0000,000000,KARNATAKA,Bagalkot,VILLAGE,Tallikeri,Rural,280,1353,674,679,189,87,102,222,114,108,25,13,12,772,488,284,581,186,395,649,375,274,455,326,129,369,259,110,29,22,7,8,4,4,49,41,8,194,49,145,6,2,4,183,44,139,2,0,2,3,3,0,132,35,97,5,2,3,125,32,93,1,0,1,1,1,0,62,14,48,1,0,1,58,12,46,1,0,1,2,2,0,704,299,405
29,556,0016,598891,0000,000000,KARNATAKA,Bagalkot,VILLAGE,Kelur,Rural,711,3913,1944,1969,565,301,264,634,319,315,100,44,56,2085,1266,819,1828,678,1150,2013,1115,898,878,785,93,363,357,6,120,70,50,37,34,3,358,324,34,1135,330,805,5,3,2,1096,310,786,11,3,8,23,14,9,1122,325,797,5,3,2,1085,306,779,10,3,7,22,13,9,13,5,8,0,0,0,11,4,7,1,0,1,1,1,0,1900,829,1071
29,556,0016,598892,0000,000000,KARNATAKA,Bagalkot,VILLAGE,Chilapur,Rural,155,831,425,406,120,68,52,110,53,57,30,17,13,437,280,157,394,145,249,432,237,195,239,181,58,130,85,45,34,30,4,7,7,0,68,59,9,193,56,137,0,0,0,174,47,127,1,0,1,18,9,9,185,54,131,0,0,0,167,45,122,1,0,1,17,9,8,8,2,6,0,0,0,7,2,5,0,0,0,1,0,1,399,188,211
29,556,0016,598893,0000,000000,KARNATAKA,Bagalkot,VILLAGE,Benakanavari,Rural,97,650,317,333,107,41,66,73,37,36,21,10,11,345,225,120,305,92,213,271,184,87,138,134,4,86,85,1,18,18,0,2,2,0,32,29,3,133,50,83,0,0,0,130,48,82,2,2,0,1,0,1,132,49,83,0,0,0,129,47,82,2,2,0,1,0,1,1,1,0,0,0,0,1,1,0,0,0,0,0,0,0,379,133,246
29,556,0016,598894,0000,000000,KARNATAKA,Bagalkot,VILLAGE,Siddanakolla,Rural,113,699,355,344,100,53,47,7,5,2,47,27,20,434,257,177,265,98,167,416,209,207,254,196,58,109,105,4,109,61,48,11,10,1,25,20,5,162,13,149,3,0,3,156,12,144,2,0,2,1,1,0,159,12,147,1,0,1,155,11,144,2,0,2,1,1,0,3,1,2,2,0,2,1,1,0,0,0,0,0,0,0,283,146,137
29,556,0016,598895,0000,000000,KARNATAKA,Bagalkot,VILLAGE,Upnal (S.C.),Rural,72,487,244,243,91,51,40,148,73,75,23,9,14,192,114,78,295,130,165,256,127,129,255,126,129,26,18,8,226,106,120,0,0,0,3,2,1,1,1,0,0,0,0,1,1,0,0,0,0,0,0,0,1,1,0,0,0,0,1,1,0,0,0,0,0,0,0,0,0,0,0,0,0,0,0,0,0,0,0,0,0,0,231,117,114
29,556,0016,598896,0000,000000,KARNATAKA,Bagalkot,VILLAGE,Bhimanagad,Rural,263,1555,817,738,237,125,112,138,77,61,321,170,151,802,526,276,753,291,462,849,444,405,413,358,55,206,196,10,170,131,39,6,3,3,31,28,3,436,86,350,2,1,1,420,83,337,2,0,2,12,2,10,433,85,348,2,1,1,417,82,335,2,0,2,12,2,10,3,1,2,0,0,0,3,1,2,0,0,0,0,0,0,706,373,333
29,556,0016,598897,0000,000000,KARNATAKA,Bagalkot,VILLAGE,Chikanal,Rural,382,2203,1144,1059,334,179,155,146,81,65,209,106,103,1101,692,409,1102,452,650,1103,603,500,728,458,270,379,314,65,280,95,185,14,9,5,55,40,15,375,145,230,22,5,17,339,131,208,8,5,3,6,4,2,352,139,213,18,4,14,323,129,194,7,4,3,4,2,2,23,6,17,4,1,3,16,2,14,1,1,0,2,2,0,1100,541,559
29,556,0016,598898,0000,000000,KARNATAKA,Bagalkot,VILLAGE,Muradi,Rural,458,2291,1175,1116,370,209,161,192,97,95,231,111,120,1017,635,382,1274,540,734,1184,634,550,1169,627,542,475,286,189,574,259,315,13,8,5,107,74,33,15,7,8,0,0,0,10,6,4,1,0,1,4,1,3,15,7,8,0,0,0,10,6,4,1,0,1,4,1,3,0,0,0,0,0,0,0,0,0,0,0,0,0,0,0,1107,541,566
29,556,0016,598899,0000,000000,KARNATAKA,Bagalkot,VILLAGE,Gandal,Rural,179,1039,553,486,186,107,79,357,195,162,610,321,289,534,344,190,505,209,296,555,275,280,408,258,150,176,174,2,167,39,128,6,4,2,59,41,18,147,17,130,0,0,0,141,15,126,0,0,0,6,2,4,147,17,130,0,0,0,141,15,126,0,0,0,6,2,4,0,0,0,0,0,0,0,0,0,0,0,0,0,0,0,484,278,206
29,556,0016,598900,0000,000000,KARNATAKA,Bagalkot,VILLAGE,Dammur,Rural,269,1566,812,754,284,141,143,84,44,40,189,95,94,701,483,218,865,329,536,850,444,406,831,434,397,172,131,41,482,173,309,12,7,5,165,123,42,19,10,9,5,2,3,12,6,6,0,0,0,2,2,0,15,8,7,4,2,2,9,4,5,0,0,0,2,2,0,4,2,2,1,0,1,3,2,1,0,0,0,0,0,0,716,368,348
29,556,0016,598901,0000,000000,KARNATAKA,Bagalkot,VILLAGE,Vadageri,Rural,407,2402,1262,1140,414,219,195,413,222,191,81,42,39,1067,688,379,1335,574,761,1321,671,650,1274,643,631,480,278,202,497,168,329,9,4,5,288,193,95,47,28,19,7,5,2,13,5,8,8,5,3,19,13,6,38,23,15,4,3,1,11,5,6,8,5,3,15,10,5,9,5,4,3,2,1,2,0,2,0,0,0,4,3,1,1081,591,490
29,556,0016,598902,0000,000000,KARNATAKA,Bagalkot,VILLAGE,Ilal,Rural,307,1706,871,835,268,143,125,154,78,76,54,29,25,831,545,286,875,326,549,944,442,502,845,428,417,643,314,329,108,39,69,10,5,5,84,70,14,99,14,85,17,0,17,60,7,53,2,0,2,20,7,13,97,14,83,16,0,16,60,7,53,1,0,1,20,7,13,2,0,2,1,0,1,0,0,0,1,0,1,0,0,0,762,429,333
29,556,0016,598903,0000,000000,KARNATAKA,Bagalkot,VILLAGE,Chickmagi,Rural,324,1777,914,863,236,132,104,519,267,252,44,26,18,955,591,364,822,323,499,792,499,293,567,428,139,297,291,6,161,49,112,9,4,5,100,84,16,225,71,154,4,2,2,43,9,34,105,21,84,73,39,34,190,57,133,4,2,2,41,9,32,97,20,77,48,26,22,35,14,21,0,0,0,2,0,2,8,1,7,25,13,12,985,415,570
29,556,0016,598904,0000,000000,KARNATAKA,Bagalkot,VILLAGE,Khairwadgi,Rural,127,700,360,340,82,47,35,80,45,35,19,10,9,383,239,144,317,121,196,461,226,235,233,220,13,219,211,8,7,7,0,0,0,0,7,2,5,228,6,222,1,0,1,226,6,220,0,0,0,1,0,1,228,6,222,1,0,1,226,6,220,0,0,0,1,0,1,0,0,0,0,0,0,0,0,0,0,0,0,0,0,0,239,134,105
29,556,0016,598905,0000,000000,KARNATAKA,Bagalkot,VILLAGE,Papathanal,Rural,51,239,116,123,45,18,27,44,27,17,0,0,0,130,81,49,109,35,74,109,68,41,102,67,35,26,26,0,66,35,31,0,0,0,10,6,4,7,1,6,0,0,0,7,1,6,0,0,0,0,0,0,7,1,6,0,0,0,7,1,6,0,0,0,0,0,0,0,0,0,0,0,0,0,0,0,0,0,0,0,0,0,130,48,82
29,556,0016,598906,0000,000000,KARNATAKA,Bagalkot,VILLAGE,Hiremalagavi,Rural,315,1519,732,787,230,105,125,304,138,166,0,0,0,844,504,340,675,228,447,909,455,454,909,455,454,340,337,3,499,56,443,16,15,1,54,47,7,0,0,0,0,0,0,0,0,0,0,0,0,0,0,0,0,0,0,0,0,0,0,0,0,0,0,0,0,0,0,0,0,0,0,0,0,0,0,0,0,0,0,0,0,0,610,277,333
29,556,0016,598907,0000,000000,KARNATAKA,Bagalkot,VILLAGE,Chickmalagavi,Rural,87,375,193,182,60,32,28,60,31,29,0,0,0,244,145,99,131,48,83,245,132,113,109,79,30,58,54,4,8,7,1,5,4,1,38,14,24,136,53,83,10,9,1,18,17,1,68,7,61,40,20,20,124,47,77,9,8,1,18,17,1,61,5,56,36,17,19,12,6,6,1,1,0,0,0,0,7,2,5,4,3,1,130,61,69
29,556,0016,598908,0000,000000,KARNATAKA,Bagalkot,VILLAGE,Ganjihal,Rural,609,3442,1731,1711,579,286,293,607,305,302,92,48,44,1918,1178,740,1524,553,971,1773,976,797,1318,844,474,407,363,44,570,217,353,55,39,16,286,225,61,455,132,323,4,1,3,419,106,313,8,7,1,24,18,6,444,126,318,3,1,2,411,101,310,8,7,1,22,17,5,11,6,5,1,0,1,8,5,3,0,0,0,2,1,1,1669,755,914
29,556,0016,598909,0000,000000,KARNATAKA,Bagalkot,VILLAGE,Nandanoor,Rural,101,441,232,209,57,27,30,52,32,20,81,43,38,304,188,116,137,44,93,217,133,84,216,133,83,63,55,8,101,37,64,3,3,0,49,38,11,1,0,1,0,0,0,1,0,1,0,0,0,0,0,0,1,0,1,0,0,0,1,0,1,0,0,0,0,0,0,0,0,0,0,0,0,0,0,0,0,0,0,0,0,0,224,99,125
29,556,0016,598910,0000,000000,KARNATAKA,Bagalkot,VILLAGE,Huvanur,Rural,353,1678,864,814,247,144,103,485,253,232,0,0,0,898,573,325,780,291,489,995,472,523,521,286,235,118,92,26,293,119,174,4,4,0,106,71,35,474,186,288,1,1,0,429,147,282,6,6,0,38,32,6,444,166,278,1,1,0,416,143,273,0,0,0,27,22,5,30,20,10,0,0,0,13,4,9,6,6,0,11,10,1,683,392,291
29,556,0016,598911,0000,000000,KARNATAKA,Bagalkot,VILLAGE,Varagodadinni,Rural,163,835,437,398,134,83,51,119,65,54,3,2,1,449,287,162,386,150,236,470,246,224,152,135,17,85,83,2,2,2,0,4,4,0,61,46,15,318,111,207,7,4,3,14,9,5,63,43,20,234,55,179,301,99,202,7,4,3,14,9,5,56,37,19,224,49,175,17,12,5,0,0,0,0,0,0,7,6,1,10,6,4,365,191,174
29,556,0016,598912,0000,000000,KARNATAKA,Bagalkot,VILLAGE,Kengalkadapatti,Rural,77,399,189,210,36,14,22,43,16,27,0,0,0,280,156,124,119,33,86,201,103,98,95,59,36,57,36,21,18,7,11,0,0,0,20,16,4,106,44,62,5,1,4,81,34,47,10,2,8,10,7,3,100,43,57,4,0,4,78,34,44,9,2,7,9,7,2,6,1,5,1,1,0,3,0,3,1,0,1,1,0,1,198,86,112
29,556,0016,598913,0000,000000,KARNATAKA,Bagalkot,VILLAGE,Katagur,Rural,193,1197,601,596,150,76,74,362,181,181,0,0,0,675,429,246,522,172,350,616,337,279,609,336,273,168,94,74,337,151,186,9,9,0,95,82,13,7,1,6,0,0,0,4,1,3,3,0,3,0,0,0,7,1,6,0,0,0,4,1,3,3,0,3,0,0,0,0,0,0,0,0,0,0,0,0,0,0,0,0,0,0,581,264,317
29,556,0016,598914,0000,000000,KARNATAKA,Bagalkot,VILLAGE,Turadagi,Rural,164,999,491,508,155,78,77,104,50,54,0,0,0,506,332,174,493,159,334,426,249,177,377,244,133,133,126,7,159,55,104,6,3,3,79,60,19,49,5,44,1,1,0,45,3,42,0,0,0,3,1,2,42,5,37,1,1,0,39,3,36,0,0,0,2,1,1,7,0,7,0,0,0,6,0,6,0,0,0,1,0,1,573,242,331
29,556,0016,598915,0000,000000,KARNATAKA,Bagalkot,VILLAGE,Bisaladinni,Rural,254,1789,898,891,325,172,153,472,239,233,0,0,0,1008,599,409,781,299,482,871,499,372,748,489,259,205,199,6,273,110,163,4,3,1,266,177,89,123,10,113,4,0,4,108,5,103,0,0,0,11,5,6,123,10,113,4,0,4,108,5,103,0,0,0,11,5,6,0,0,0,0,0,0,0,0,0,0,0,0,0,0,0,918,399,519
29,556,0016,598916,0000,000000,KARNATAKA,Bagalkot,VILLAGE,Valakaladinni,Rural,91,506,226,280,79,27,52,39,14,25,0,0,0,293,175,118,213,51,162,272,132,140,140,122,18,87,82,5,31,23,8,0,0,0,22,17,5,132,10,122,75,3,72,55,5,50,1,1,0,1,1,0,130,10,120,75,3,72,53,5,48,1,1,0,1,1,0,2,0,2,0,0,0,2,0,2,0,0,0,0,0,0,234,94,140
29,556,0016,598917,0000,000000,KARNATAKA,Bagalkot,VILLAGE,Chowdakamaladinni,Rural,36,143,73,70,17,11,6,21,8,13,0,0,0,66,41,25,77,32,45,81,37,44,13,11,2,8,8,0,2,1,1,0,0,0,3,2,1,68,26,42,0,0,0,66,24,42,1,1,0,1,1,0,68,26,42,0,0,0,66,24,42,1,1,0,1,1,0,0,0,0,0,0,0,0,0,0,0,0,0,0,0,0,62,36,26
29,556,0016,598918,0000,000000,KARNATAKA,Bagalkot,VILLAGE,Sangam,Rural,846,4013,1927,2086,543,282,261,696,314,382,23,10,13,2785,1502,1283,1228,425,803,1480,985,495,1275,904,371,180,144,36,388,193,195,26,23,3,681,544,137,205,81,124,5,2,3,155,53,102,1,1,0,44,25,19,177,77,100,4,2,2,129,49,80,1,1,0,43,25,18,28,4,24,1,0,1,26,4,22,0,0,0,1,0,1,2533,942,1591
29,556,0016,598919,0000,000000,KARNATAKA,Bagalkot,VILLAGE,Khajagal,Rural,76,421,206,215,75,37,38,42,20,22,1,1,0,238,146,92,183,60,123,118,112,6,100,95,5,40,40,0,31,30,1,0,0,0,29,25,4,18,17,1,0,0,0,7,6,1,1,1,0,10,10,0,15,14,1,0,0,0,7,6,1,1,1,0,7,7,0,3,3,0,0,0,0,0,0,0,0,0,0,3,3,0,303,94,209
29,556,0016,598920,0000,000000,KARNATAKA,Bagalkot,VILLAGE,Iddalgi,Rural,446,2025,999,1026,287,153,134,289,146,143,15,6,9,1223,723,500,802,276,526,915,561,354,820,510,310,203,135,68,450,244,206,23,18,5,144,113,31,95,51,44,5,3,2,57,29,28,6,2,4,27,17,10,85,50,35,4,3,1,55,28,27,3,2,1,23,17,6,10,1,9,1,0,1,2,1,1,3,0,3,4,0,4,1110,438,672
29,556,0016,598921,0000,000000,KARNATAKA,Bagalkot,VILLAGE,Bisanalkoppa,Rural,157,760,383,377,116,64,52,176,82,94,1,1,0,434,266,168,326,117,209,387,205,182,286,166,120,86,80,6,142,46,96,2,1,1,56,39,17,101,39,62,1,1,0,93,36,57,0,0,0,7,2,5,97,38,59,1,1,0,89,35,54,0,0,0,7,2,5,4,1,3,0,0,0,4,1,3,0,0,0,0,0,0,373,178,195
29,556,0016,598922,0000,000000,KARNATAKA,Bagalkot,VILLAGE,Belgal,Rural,369,2048,1031,1017,331,176,155,517,272,245,21,13,8,1022,635,387,1026,396,630,811,549,262,789,538,251,253,227,26,319,150,169,17,10,7,200,151,49,22,11,11,0,0,0,18,7,11,1,1,0,3,3,0,17,9,8,0,0,0,13,5,8,1,1,0,3,3,0,5,2,3,0,0,0,5,2,3,0,0,0,0,0,0,1237,482,755
29,556,0016,598923,0000,000000,KARNATAKA,Bagalkot,VILLAGE,Medinapur,Rural,87,408,216,192,51,24,27,39,25,14,66,37,29,232,154,78,176,62,114,210,119,91,181,111,70,64,61,3,81,21,60,0,0,0,36,29,7,29,8,21,0,0,0,29,8,21,0,0,0,0,0,0,28,8,20,0,0,0,28,8,20,0,0,0,0,0,0,1,0,1,0,0,0,1,0,1,0,0,0,0,0,0,198,97,101
29,556,0016,598924,0000,000000,KARNATAKA,Bagalkot,VILLAGE,Hadagali,Rural,250,1219,566,653,192,85,107,157,72,85,49,23,26,631,365,266,588,201,387,706,380,326,380,260,120,189,141,48,154,90,64,13,8,5,24,21,3,326,120,206,18,10,8,182,53,129,55,26,29,71,31,40,276,100,176,15,10,5,160,47,113,38,17,21,63,26,37,50,20,30,3,0,3,22,6,16,17,9,8,8,5,3,513,186,327
29,556,0016,598925,0000,000000,KARNATAKA,Bagalkot,VILLAGE,Kirasur,Rural,93,520,248,272,94,48,46,62,25,37,0,0,0,251,147,104,269,101,168,294,139,155,293,138,155,96,49,47,179,77,102,1,1,0,17,11,6,1,1,0,1,1,0,0,0,0,0,0,0,0,0,0,1,1,0,1,1,0,0,0,0,0,0,0,0,0,0,0,0,0,0,0,0,0,0,0,0,0,0,0,0,0,226,109,117
29,556,0016,598926,0000,000000,KARNATAKA,Bagalkot,VILLAGE,Timmapur,Rural,343,1694,873,821,237,130,107,844,431,413,76,38,38,981,588,393,713,285,428,804,483,321,683,474,209,138,120,18,380,225,155,2,2,0,163,127,36,121,9,112,29,3,26,90,6,84,0,0,0,2,0,2,121,9,112,29,3,26,90,6,84,0,0,0,2,0,2,0,0,0,0,0,0,0,0,0,0,0,0,0,0,0,890,390,500
29,556,0016,598927,0000,000000,KARNATAKA,Bagalkot,VILLAGE,Chittaragi,Rural,470,2196,1071,1125,287,140,147,380,191,189,0,0,0,1237,738,499,959,333,626,1022,602,420,740,545,195,286,217,69,259,163,96,17,16,1,178,149,29,282,57,225,30,7,23,240,42,198,4,1,3,8,7,1,245,52,193,22,6,16,212,38,174,3,1,2,8,7,1,37,5,32,8,1,7,28,4,24,1,0,1,0,0,0,1174,469,705
29,556,0016,598928,0000,000000,KARNATAKA,Bagalkot,VILLAGE,Gangur,Rural,333,1817,881,936,280,144,136,308,150,158,2,1,1,1046,604,442,771,277,494,974,485,489,658,414,244,170,163,7,287,114,173,1,1,0,200,136,64,316,71,245,2,2,0,235,57,178,0,0,0,79,12,67,205,65,140,1,1,0,137,52,85,0,0,0,67,12,55,111,6,105,1,1,0,98,5,93,0,0,0,12,0,12,843,396,447
29,556,0016,598929,0000,000000,KARNATAKA,Bagalkot,VILLAGE,Huliginal,Rural,333,1870,954,916,272,141,131,310,156,154,0,0,0,924,595,329,946,359,587,1010,535,475,1004,530,474,71,57,14,858,403,455,3,3,0,72,67,5,6,5,1,1,1,0,1,1,0,0,0,0,4,3,1,6,5,1,1,1,0,1,1,0,0,0,0,4,3,1,0,0,0,0,0,0,0,0,0,0,0,0,0,0,0,860,419,441
29,556,0016,598930,0000,000000,KARNATAKA,Bagalkot,VILLAGE,Kalagonal,Rural,42,240,132,108,41,26,15,22,13,9,12,6,6,111,79,32,129,53,76,143,75,68,143,75,68,1,1,0,129,64,65,0,0,0,13,10,3,0,0,0,0,0,0,0,0,0,0,0,0,0,0,0,0,0,0,0,0,0,0,0,0,0,0,0,0,0,0,0,0,0,0,0,0,0,0,0,0,0,0,0,0,0,97,57,40
29,556,0016,598931,0000,000000,KARNATAKA,Bagalkot,VILLAGE,Bevinamatti,Rural,145,863,419,444,104,54,50,207,107,100,0,0,0,542,315,227,321,104,217,448,232,216,184,146,38,54,47,7,53,44,9,12,9,3,65,46,19,264,86,178,31,21,10,45,24,21,53,11,42,135,30,105,245,80,165,30,21,9,40,22,18,44,9,35,131,28,103,19,6,13,1,0,1,5,2,3,9,2,7,4,2,2,415,187,228
29,556,0016,598932,0000,000000,KARNATAKA,Bagalkot,VILLAGE,Hireyaranakeri,Rural,78,415,210,205,45,24,21,2,0,2,14,6,8,288,177,111,127,33,94,177,105,72,27,21,6,0,0,0,0,0,0,0,0,0,27,21,6,150,84,66,90,61,29,39,8,31,0,0,0,21,15,6,150,84,66,90,61,29,39,8,31,0,0,0,21,15,6,0,0,0,0,0,0,0,0,0,0,0,0,0,0,0,238,105,133
29,556,0016,598933,0000,000000,KARNATAKA,Bagalkot,VILLAGE,Chickyaranakeri,Rural,68,420,212,208,60,28,32,0,0,0,420,212,208,234,146,88,186,66,120,204,114,90,31,21,10,18,11,7,2,1,1,0,0,0,11,9,2,173,93,80,120,74,46,47,13,34,0,0,0,6,6,0,173,93,80,120,74,46,47,13,34,0,0,0,6,6,0,0,0,0,0,0,0,0,0,0,0,0,0,0,0,0,216,98,118
29,556,0016,598934,0000,000000,KARNATAKA,Bagalkot,VILLAGE,Honnarahalli,Rural,232,1184,592,592,175,93,82,166,84,82,2,2,0,611,387,224,573,205,368,540,277,263,341,207,134,74,62,12,211,98,113,2,2,0,54,45,9,199,70,129,9,6,3,177,54,123,2,1,1,11,9,2,184,64,120,9,6,3,164,50,114,1,0,1,10,8,2,15,6,9,0,0,0,13,4,9,1,1,0,1,1,0,644,315,329
29,556,0016,598935,0000,000000,KARNATAKA,Bagalkot,VILLAGE,Nagur,Rural,492,2550,1302,1248,306,149,157,325,171,154,0,0,0,1603,982,621,947,320,627,1250,785,465,1001,675,326,298,229,69,483,271,212,23,20,3,197,155,42,249,110,139,8,4,4,199,72,127,8,4,4,34,30,4,236,97,139,6,2,4,192,65,127,7,3,4,31,27,4,13,13,0,2,2,0,7,7,0,1,1,0,3,3,0,1300,517,783
29,556,0016,598936,0000,000000,KARNATAKA,Bagalkot,VILLAGE,Yadahalli,Rural,80,439,249,190,47,25,22,7,5,2,0,0,0,337,220,117,102,29,73,157,129,28,112,99,13,51,49,2,16,9,7,0,0,0,45,41,4,45,30,15,0,0,0,4,4,0,0,0,0,41,26,15,44,29,15,0,0,0,4,4,0,0,0,0,40,25,15,1,1,0,0,0,0,0,0,0,0,0,0,1,1,0,282,120,162
29,556,0016,598937,0000,000000,KARNATAKA,Bagalkot,VILLAGE,Chittawadgi,Rural,261,1412,714,698,202,111,91,341,175,166,19,11,8,874,521,353,538,193,345,450,311,139,170,111,59,100,72,28,30,17,13,26,10,16,14,12,2,280,200,80,122,110,12,58,32,26,59,35,24,41,23,18,240,174,66,122,110,12,52,27,25,41,27,14,25,10,15,40,26,14,0,0,0,6,5,1,18,8,10,16,13,3,962,403,559
29,556,0016,598938,0000,000000,KARNATAKA,Bagalkot,VILLAGE,Chickbadawadgi,Rural,95,490,229,261,75,41,34,0,0,0,9,3,6,275,161,114,215,68,147,279,129,150,265,122,143,52,49,3,181,53,128,0,0,0,32,20,12,14,7,7,2,2,0,7,3,4,0,0,0,5,2,3,14,7,7,2,2,0,7,3,4,0,0,0,5,2,3,0,0,0,0,0,0,0,0,0,0,0,0,0,0,0,211,100,111
29,556,0016,598939,0000,000000,KARNATAKA,Bagalkot,VILLAGE,Virapur,Rural,127,660,310,350,103,44,59,6,3,3,0,0,0,366,213,153,294,97,197,337,163,174,66,53,13,21,17,4,8,5,3,14,14,0,23,17,6,271,110,161,0,0,0,264,107,157,4,2,2,3,1,2,270,110,160,0,0,0,264,107,157,4,2,2,2,1,1,1,0,1,0,0,0,0,0,0,0,0,0,1,0,1,323,147,176
29,556,0016,598940,0000,000000,KARNATAKA,Bagalkot,VILLAGE,Bannihatti,Rural,172,854,446,408,116,65,51,269,138,131,57,34,23,526,333,193,328,113,215,351,205,146,169,152,17,54,52,2,40,36,4,7,6,1,68,58,10,182,53,129,6,4,2,147,29,118,5,2,3,24,18,6,175,49,126,6,4,2,147,29,118,5,2,3,17,14,3,7,4,3,0,0,0,0,0,0,0,0,0,7,4,3,503,241,262
29,556,0016,598941,0000,000000,KARNATAKA,Bagalkot,VILLAGE,Hirebadawadgi,Rural,270,1488,748,740,188,102,86,254,126,128,1,0,1,1050,605,445,438,143,295,682,487,195,609,445,164,288,237,51,190,102,88,38,33,5,93,73,20,73,42,31,10,6,4,46,22,24,0,0,0,17,14,3,73,42,31,10,6,4,46,22,24,0,0,0,17,14,3,0,0,0,0,0,0,0,0,0,0,0,0,0,0,0,806,261,545
29,556,0016,598942,0000,000000,KARNATAKA,Bagalkot,VILLAGE,Hungund (Rural),Rural,2,8,5,3,0,0,0,0,0,0,0,0,0,7,5,2,1,0,1,2,2,0,2,2,0,0,0,0,0,0,0,0,0,0,2,2,0,0,0,0,0,0,0,0,0,0,0,0,0,0,0,0,0,0,0,0,0,0,0,0,0,0,0,0,0,0,0,0,0,0,0,0,0,0,0,0,0,0,0,0,0,0,6,3,3
29,556,0016,598943,0000,000000,KARNATAKA,Bagalkot,VILLAGE,Kamadatta,Rural,78,398,198,200,72,33,39,67,36,31,0,0,0,227,145,82,171,53,118,208,100,108,171,93,78,29,29,0,108,39,69,3,3,0,31,22,9,37,7,30,1,1,0,31,5,26,0,0,0,5,1,4,33,6,27,1,1,0,28,4,24,0,0,0,4,1,3,4,1,3,0,0,0,3,1,2,0,0,0,1,0,1,190,98,92
29,556,0016,598944,0000,000000,KARNATAKA,Bagalkot,VILLAGE,Adihal,Rural,136,617,322,295,100,53,47,82,44,38,3,1,2,362,231,131,255,91,164,291,129,162,208,117,91,20,20,0,176,88,88,1,0,1,11,9,2,83,12,71,3,3,0,27,9,18,52,0,52,1,0,1,76,11,65,3,3,0,25,8,17,47,0,47,1,0,1,7,1,6,0,0,0,2,1,1,5,0,5,0,0,0,326,193,133
29,556,0016,598945,0000,000000,KARNATAKA,Bagalkot,VILLAGE,Yemmihatti,Rural,97,564,279,285,96,43,53,13,6,7,30,16,14,335,209,126,229,70,159,242,162,80,76,65,11,48,45,3,7,4,3,1,1,0,20,15,5,166,97,69,7,4,3,156,91,65,0,0,0,3,2,1,166,97,69,7,4,3,156,91,65,0,0,0,3,2,1,0,0,0,0,0,0,0,0,0,0,0,0,0,0,0,322,117,205
29,556,0016,598946,0000,000000,KARNATAKA,Bagalkot,VILLAGE,Dhannur,Rural,416,2314,1267,1047,276,155,121,399,224,175,158,86,72,1599,1031,568,715,236,479,742,510,232,417,343,74,103,84,19,46,24,22,6,5,1,262,230,32,325,167,158,15,5,10,221,105,116,5,3,2,84,54,30,280,148,132,14,4,10,200,102,98,5,3,2,61,39,22,45,19,26,1,1,0,21,3,18,0,0,0,23,15,8,1572,757,815
29,556,0016,598947,0000,000000,KARNATAKA,Bagalkot,VILLAGE,Hullalli,Rural,188,884,449,435,133,75,58,229,112,117,0,0,0,488,310,178,396,139,257,333,244,89,114,112,2,97,97,0,5,3,2,0,0,0,12,12,0,219,132,87,0,0,0,218,132,86,0,0,0,1,0,1,203,122,81,0,0,0,202,122,80,0,0,0,1,0,1,16,10,6,0,0,0,16,10,6,0,0,0,0,0,0,551,205,346
29,556,0016,598948,0000,000000,KARNATAKA,Bagalkot,VILLAGE,Koppa(S.M.),Rural,244,1212,635,577,144,75,69,54,26,28,39,20,19,744,458,286,468,177,291,500,364,136,376,314,62,235,203,32,58,46,12,6,3,3,77,62,15,124,50,74,10,8,2,82,33,49,2,1,1,30,8,22,122,49,73,10,8,2,82,33,49,2,1,1,28,7,21,2,1,1,0,0,0,0,0,0,0,0,0,2,1,1,712,271,441
29,556,0016,598949,0000,000000,KARNATAKA,Bagalkot,VILLAGE,Marol,Rural,415,2233,1119,1114,363,206,157,684,343,341,36,20,16,1149,690,459,1084,429,655,942,581,361,508,375,133,169,144,25,35,20,15,26,18,8,278,193,85,434,206,228,4,2,2,394,181,213,2,1,1,34,22,12,428,203,225,4,2,2,391,181,210,2,1,1,31,19,12,6,3,3,0,0,0,3,0,3,0,0,0,3,3,0,1291,538,753
29,556,0016,598950,0000,000000,KARNATAKA,Bagalkot,VILLAGE,Havaragi,Rural,277,1311,650,661,168,82,86,202,94,108,8,4,4,755,464,291,556,186,370,745,374,371,403,236,167,81,74,7,269,118,151,5,5,0,48,39,9,342,138,204,2,0,2,328,130,198,4,3,1,8,5,3,341,138,203,1,0,1,328,130,198,4,3,1,8,5,3,1,0,1,1,0,1,0,0,0,0,0,0,0,0,0,566,276,290
29,556,0016,598951,0000,000000,KARNATAKA,Bagalkot,VILLAGE,Koujaganur,Rural,161,918,455,463,179,93,86,38,16,22,0,0,0,531,329,202,387,126,261,470,238,232,60,53,7,31,30,1,10,8,2,3,3,0,16,12,4,410,185,225,17,15,2,356,142,214,3,2,1,34,26,8,409,185,224,17,15,2,356,142,214,3,2,1,33,26,7,1,0,1,0,0,0,0,0,0,0,0,0,1,0,1,448,217,231
29,556,0016,598952,0000,000000,KARNATAKA,Bagalkot,VILLAGE,Anapakatti,Rural,115,582,298,284,81,38,43,67,38,29,12,6,6,266,173,93,316,125,191,265,156,109,236,150,86,96,79,17,85,27,58,0,0,0,55,44,11,29,6,23,2,0,2,25,6,19,1,0,1,1,0,1,29,6,23,2,0,2,25,6,19,1,0,1,1,0,1,0,0,0,0,0,0,0,0,0,0,0,0,0,0,0,317,142,175
29,556,0016,598953,0000,000000,KARNATAKA,Bagalkot,VILLAGE,Indawar,Rural,77,446,212,234,85,41,44,102,51,51,0,0,0,209,131,78,237,81,156,237,114,123,59,50,9,39,34,5,3,3,0,1,1,0,16,12,4,178,64,114,1,0,1,5,1,4,1,0,1,171,63,108,150,57,93,1,0,1,3,0,3,1,0,1,145,57,88,28,7,21,0,0,0,2,1,1,0,0,0,26,6,20,209,98,111
29,556,0016,598954,0000,000000,KARNATAKA,Bagalkot,VILLAGE,Islampur,Rural,135,759,370,389,100,58,42,144,66,78,27,13,14,474,276,198,285,94,191,377,199,178,101,91,10,22,22,0,40,39,1,4,4,0,35,26,9,276,108,168,6,6,0,265,98,167,1,1,0,4,3,1,272,107,165,6,6,0,262,98,164,0,0,0,4,3,1,4,1,3,0,0,0,3,0,3,1,1,0,0,0,0,382,171,211
29,556,0016,598955,0000,000000,KARNATAKA,Bagalkot,VILLAGE,Amarawadgi,Rural,186,1000,493,507,150,81,69,203,109,94,27,13,14,595,351,244,405,142,263,366,260,106,132,121,11,61,58,3,0,0,0,0,0,0,71,63,8,234,139,95,0,0,0,0,0,0,7,6,1,227,133,94,63,47,16,0,0,0,0,0,0,2,2,0,61,45,16,171,92,79,0,0,0,0,0,0,5,4,1,166,88,78,634,233,401
29,556,0016,598956,0000,000000,KARNATAKA,Bagalkot,VILLAGE,Chinnapur (S.K.),Rural,131,664,321,343,84,38,46,67,28,39,9,5,4,438,262,176,226,59,167,296,162,134,91,82,9,51,49,2,18,15,3,5,3,2,17,15,2,205,80,125,8,7,1,129,23,106,38,28,10,30,22,8,184,73,111,7,6,1,109,17,92,38,28,10,30,22,8,21,7,14,1,1,0,20,6,14,0,0,0,0,0,0,368,159,209
29,556,0016,598957,0000,000000,KARNATAKA,Bagalkot,VILLAGE,Dasbal,Rural,96,556,294,262,86,49,37,114,56,58,3,1,2,309,212,97,247,82,165,251,141,110,102,93,9,41,41,0,1,1,0,0,0,0,60,51,9,149,48,101,4,3,1,124,29,95,0,0,0,21,16,5,72,45,27,4,3,1,48,26,22,0,0,0,20,16,4,77,3,74,0,0,0,76,3,73,0,0,0,1,0,1,305,153,152
29,556,0016,598958,0000,000000,KARNATAKA,Bagalkot,VILLAGE,Kesarapenti,Rural,26,112,57,55,16,12,4,27,14,13,0,0,0,46,29,17,66,28,38,49,27,22,10,10,0,5,5,0,0,0,0,0,0,0,5,5,0,39,17,22,6,6,0,20,2,18,0,0,0,13,9,4,21,17,4,6,6,0,2,2,0,0,0,0,13,9,4,18,0,18,0,0,0,18,0,18,0,0,0,0,0,0,63,30,33
29,556,0016,598959,0000,000000,KARNATAKA,Bagalkot,VILLAGE,Vadergonal,Rural,15,86,44,42,8,4,4,16,8,8,0,0,0,43,31,12,43,13,30,50,28,22,12,11,1,3,3,0,0,0,0,0,0,0,9,8,1,38,17,21,1,1,0,26,9,17,0,0,0,11,7,4,25,16,9,1,1,0,13,8,5,0,0,0,11,7,4,13,1,12,0,0,0,13,1,12,0,0,0,0,0,0,36,16,20
29,556,0016,598960,0000,000000,KARNATAKA,Bagalkot,VILLAGE,Kamaladinni,Rural,145,714,372,342,89,51,38,81,37,44,0,0,0,419,265,154,295,107,188,338,190,148,183,169,14,69,69,0,17,15,2,1,1,0,96,84,12,155,21,134,2,1,1,147,14,133,0,0,0,6,6,0,154,20,134,2,1,1,147,14,133,0,0,0,5,5,0,1,1,0,0,0,0,0,0,0,0,0,0,1,1,0,376,182,194
29,556,0016,598961,0000,000000,KARNATAKA,Bagalkot,VILLAGE,Kadiwal(Inam),Rural,174,896,427,469,127,55,72,226,115,111,10,7,3,513,300,213,383,127,256,450,238,212,330,215,115,100,89,11,187,91,96,13,12,1,30,23,7,120,23,97,3,1,2,108,13,95,2,2,0,7,7,0,118,21,97,2,0,2,108,13,95,2,2,0,6,6,0,2,2,0,1,1,0,0,0,0,0,0,0,1,1,0,446,189,257
29,556,0016,598962,0000,000000,KARNATAKA,Bagalkot,VILLAGE,Jalakamaladinni,Rural,186,1088,538,550,174,92,82,208,109,99,34,15,19,632,392,240,456,146,310,404,269,135,182,166,16,97,94,3,18,17,1,17,15,2,50,40,10,222,103,119,4,3,1,178,66,112,5,4,1,35,30,5,214,97,117,4,3,1,176,65,111,3,3,0,31,26,5,8,6,2,0,0,0,2,1,1,2,1,1,4,4,0,684,269,415
29,556,0016,598963,0000,000000,KARNATAKA,Bagalkot,VILLAGE,Lavalasar,Rural,80,496,263,233,61,30,31,112,55,57,78,41,37,302,202,100,194,61,133,138,121,17,119,109,10,34,32,2,11,10,1,0,0,0,74,67,7,19,12,7,1,1,0,7,3,4,0,0,0,11,8,3,17,12,5,1,1,0,7,3,4,0,0,0,9,8,1,2,0,2,0,0,0,0,0,0,0,0,0,2,0,2,358,142,216
29,556,0016,598964,0000,000000,KARNATAKA,Bagalkot,VILLAGE,Manmathanal,Rural,113,538,269,269,71,35,36,99,54,45,63,32,31,338,211,127,200,58,142,271,147,124,121,104,17,60,57,3,36,26,10,0,0,0,25,21,4,150,43,107,11,2,9,134,40,94,2,0,2,3,1,2,144,42,102,10,2,8,131,39,92,1,0,1,2,1,1,6,1,5,1,0,1,3,1,2,1,0,1,1,0,1,267,122,145
29,556,0016,598965,0000,000000,KARNATAKA,Bagalkot,VILLAGE,Pochapur,Rural,109,636,330,306,85,42,43,149,70,79,0,0,0,337,228,109,299,102,197,423,212,211,383,182,201,77,69,8,282,90,192,2,2,0,22,21,1,40,30,10,2,2,0,13,4,9,2,2,0,23,22,1,26,17,9,2,2,0,13,4,9,0,0,0,11,11,0,14,13,1,0,0,0,0,0,0,2,2,0,12,11,1,213,118,95
29,556,0016,598966,0000,000000,KARNATAKA,Bagalkot,VILLAGE,Kodihal,Rural,586,2723,1303,1420,309,148,161,289,135,154,97,49,48,1722,1000,722,1001,303,698,1359,755,604,1072,672,400,278,243,35,331,132,199,113,65,48,350,232,118,287,83,204,45,15,30,193,48,145,27,4,23,22,16,6,268,73,195,45,15,30,177,40,137,27,4,23,19,14,5,19,10,9,0,0,0,16,8,8,0,0,0,3,2,1,1364,548,816
29,556,0016,598967,0000,000000,KARNATAKA,Bagalkot,VILLAGE,Karadi,Rural,701,3625,1820,1805,468,230,238,786,406,380,1,0,1,2209,1316,893,1416,504,912,1533,938,595,1262,820,442,356,238,118,377,160,217,70,45,25,459,377,82,271,118,153,6,4,2,174,61,113,34,15,19,57,38,19,251,110,141,6,4,2,163,57,106,30,14,16,52,35,17,20,8,12,0,0,0,11,4,7,4,1,3,5,3,2,2092,882,1210
29,556,0016,598968,0000,000000,KARNATAKA,Bagalkot,VILLAGE,Palti,Rural,107,639,322,317,103,50,53,92,46,46,0,0,0,357,225,132,282,97,185,284,173,111,202,157,45,86,78,8,67,37,30,2,2,0,47,40,7,82,16,66,5,4,1,67,10,57,0,0,0,10,2,8,80,16,64,5,4,1,66,10,56,0,0,0,9,2,7,2,0,2,0,0,0,1,0,1,0,0,0,1,0,1,355,149,206
29,556,0016,598969,0000,000000,KARNATAKA,Bagalkot,VILLAGE,Konnur,Rural,53,314,149,165,56,23,33,66,32,34,34,17,17,167,106,61,147,43,104,153,84,69,146,84,62,20,12,8,90,40,50,0,0,0,36,32,4,7,0,7,0,0,0,7,0,7,0,0,0,0,0,0,5,0,5,0,0,0,5,0,5,0,0,0,0,0,0,2,0,2,0,0,0,2,0,2,0,0,0,0,0,0,161,65,96
29,556,0016,598970,0000,000000,KARNATAKA,Bagalkot,VILLAGE,Chintakamaladinni,Rural,101,586,294,292,97,56,41,167,78,89,0,0,0,375,219,156,211,75,136,323,160,163,164,158,6,108,108,0,5,5,0,0,0,0,51,45,6,159,2,157,1,0,1,157,1,156,0,0,0,1,1,0,159,2,157,1,0,1,157,1,156,0,0,0,1,1,0,0,0,0,0,0,0,0,0,0,0,0,0,0,0,0,263,134,129
29,556,0016,598971,0000,000000,KARNATAKA,Bagalkot,VILLAGE,Revadihal,Rural,50,259,126,133,34,16,18,14,8,6,4,3,1,170,104,66,89,22,67,72,60,12,51,46,5,37,34,3,5,5,0,0,0,0,9,7,2,21,14,7,2,2,0,14,8,6,0,0,0,5,4,1,21,14,7,2,2,0,14,8,6,0,0,0,5,4,1,0,0,0,0,0,0,0,0,0,0,0,0,0,0,0,187,66,121
29,556,0016,598972,0000,000000,KARNATAKA,Bagalkot,VILLAGE,Bekamaladinni,Rural,59,355,178,177,54,31,23,39,22,17,0,0,0,183,117,66,172,61,111,86,75,11,58,53,5,44,41,3,0,0,0,0,0,0,14,12,2,28,22,6,0,0,0,17,13,4,0,0,0,11,9,2,28,22,6,0,0,0,17,13,4,0,0,0,11,9,2,0,0,0,0,0,0,0,0,0,0,0,0,0,0,0,269,103,166
29,556,0016,598973,0000,000000,KARNATAKA,Bagalkot,VILLAGE,Hagedal,Rural,118,503,242,261,50,24,26,61,32,29,10,2,8,338,205,133,165,37,128,151,105,46,90,70,20,37,28,9,10,6,4,1,1,0,42,35,7,61,35,26,40,25,15,18,9,9,0,0,0,3,1,2,20,11,9,15,8,7,5,3,2,0,0,0,0,0,0,41,24,17,25,17,8,13,6,7,0,0,0,3,1,2,352,137,215
29,556,0016,598974,0000,000000,KARNATAKA,Bagalkot,VILLAGE,Ramawadgi,Rural,186,895,457,438,116,58,58,276,153,123,61,31,30,538,328,210,357,129,228,536,273,263,406,211,195,131,97,34,206,61,145,4,3,1,65,50,15,130,62,68,2,0,2,115,56,59,5,3,2,8,3,5,125,61,64,1,0,1,113,56,57,5,3,2,6,2,4,5,1,4,1,0,1,2,0,2,0,0,0,2,1,1,359,184,175
29,556,0016,598975,0000,000000,KARNATAKA,Bagalkot,VILLAGE,Amarawati,Rural,627,3011,1477,1534,420,210,210,639,312,327,70,39,31,1752,1045,707,1259,432,827,1475,843,632,1236,751,485,168,153,15,802,389,413,10,9,1,256,200,56,239,92,147,36,16,20,184,64,120,7,6,1,12,6,6,224,83,141,34,16,18,172,55,117,7,6,1,11,6,5,15,9,6,2,0,2,12,9,3,0,0,0,1,0,1,1536,634,902
29,556,0016,598976,0000,000000,KARNATAKA,Bagalkot,VILLAGE,Binjawadgi,Rural,178,844,406,438,111,58,53,225,115,110,4,3,1,537,303,234,307,103,204,326,213,113,317,205,112,80,61,19,164,82,82,5,5,0,68,57,11,9,8,1,0,0,0,2,2,0,2,1,1,5,5,0,9,8,1,0,0,0,2,2,0,2,1,1,5,5,0,0,0,0,0,0,0,0,0,0,0,0,0,0,0,0,518,193,325
29,556,0016,598977,0000,000000,KARNATAKA,Bagalkot,VILLAGE,Ghattiganur,Rural,198,1074,579,495,125,70,55,110,56,54,1,1,0,673,443,230,401,136,265,454,285,169,286,249,37,121,117,4,70,49,21,7,7,0,88,76,12,168,36,132,4,2,2,144,22,122,3,1,2,17,11,6,139,24,115,2,1,1,123,15,108,2,1,1,12,7,5,29,12,17,2,1,1,21,7,14,1,0,1,5,4,1,620,294,326
29,556,0016,598978,0000,000000,KARNATAKA,Bagalkot,VILLAGE,Hemawadgi,Rural,96,579,292,287,104,55,49,123,67,56,7,4,3,311,191,120,268,101,167,357,174,183,329,160,169,41,40,1,265,99,166,10,10,0,13,11,2,28,14,14,3,3,0,17,4,13,3,3,0,5,4,1,26,13,13,3,3,0,17,4,13,3,3,0,3,3,0,2,1,1,0,0,0,0,0,0,0,0,0,2,1,1,222,118,104
29,556,0016,598979,0000,000000,KARNATAKA,Bagalkot,VILLAGE,Turamari,Rural,89,585,294,291,94,49,45,41,20,21,15,8,7,358,220,138,227,74,153,298,156,142,55,43,12,17,16,1,2,0,2,3,1,2,33,26,7,243,113,130,1,1,0,238,110,128,0,0,0,4,2,2,242,112,130,1,1,0,237,109,128,0,0,0,4,2,2,1,1,0,0,0,0,1,1,0,0,0,0,0,0,0,287,138,149
29,556,0016,598980,0000,000000,KARNATAKA,Bagalkot,VILLAGE,Tariwal,Rural,123,683,336,347,95,53,42,153,79,74,51,23,28,468,270,198,215,66,149,295,183,112,208,166,42,46,40,6,29,16,13,1,1,0,132,109,23,87,17,70,4,1,3,61,7,54,0,0,0,22,9,13,75,13,62,4,1,3,52,6,46,0,0,0,19,6,13,12,4,8,0,0,0,9,1,8,0,0,0,3,3,0,388,153,235
29,556,0016,598981,0000,000000,KARNATAKA,Bagalkot,VILLAGE,Budihal (S.K.),Rural,180,1005,522,483,143,74,69,263,136,127,0,0,0,595,378,217,410,144,266,472,287,185,388,241,147,59,52,7,280,146,134,16,14,2,33,29,4,84,46,38,0,0,0,68,33,35,12,11,1,4,2,2,80,43,37,0,0,0,67,32,35,10,9,1,3,2,1,4,3,1,0,0,0,1,1,0,2,2,0,1,0,1,533,235,298
29,556,0016,598982,0000,000000,KARNATAKA,Bagalkot,VILLAGE,Benakanadoni,Rural,192,927,462,465,126,61,65,289,142,147,36,18,18,533,337,196,394,125,269,654,316,338,609,297,312,101,94,7,473,175,298,9,7,2,26,21,5,45,19,26,6,4,2,33,9,24,0,0,0,6,6,0,42,16,26,6,4,2,33,9,24,0,0,0,3,3,0,3,3,0,0,0,0,0,0,0,0,0,0,3,3,0,273,146,127
29,556,0016,598983,0000,000000,KARNATAKA,Bagalkot,VILLAGE,Chamalapur,Rural,112,631,302,329,112,46,66,191,96,95,18,8,10,297,180,117,334,122,212,256,155,101,228,153,75,127,122,5,54,7,47,1,0,1,46,24,22,28,2,26,1,0,1,2,0,2,0,0,0,25,2,23,13,1,12,1,0,1,2,0,2,0,0,0,10,1,9,15,1,14,0,0,0,0,0,0,0,0,0,15,1,14,375,147,228
29,556,0016,598984,0000,000000,KARNATAKA,Bagalkot,VILLAGE,Kambalihal,Rural,183,992,506,486,134,74,60,151,81,70,40,22,18,578,347,231,414,159,255,471,296,175,414,283,131,271,175,96,36,21,15,3,2,1,104,85,19,57,13,44,39,6,33,8,3,5,0,0,0,10,4,6,55,13,42,38,6,32,8,3,5,0,0,0,9,4,5,2,0,2,1,0,1,0,0,0,0,0,0,1,0,1,521,210,311
29,556,0016,598985,0000,000000,KARNATAKA,Bagalkot,VILLAGE,Hirehunakunti,Rural,74,322,166,156,41,20,21,41,20,21,6,1,5,181,123,58,141,43,98,156,92,64,115,75,40,32,28,4,36,12,24,2,2,0,45,33,12,41,17,24,0,0,0,19,2,17,1,0,1,21,15,6,41,17,24,0,0,0,19,2,17,1,0,1,21,15,6,0,0,0,0,0,0,0,0,0,0,0,0,0,0,0,166,74,92
29,556,0016,598986,0000,000000,KARNATAKA,Bagalkot,VILLAGE,Chatnihal,Rural,172,1042,524,518,183,97,86,38,24,14,54,27,27,425,245,180,617,279,338,512,295,217,385,282,103,89,88,1,107,37,70,0,0,0,189,157,32,127,13,114,4,1,3,113,6,107,1,1,0,9,5,4,122,11,111,4,1,3,110,6,104,0,0,0,8,4,4,5,2,3,0,0,0,3,0,3,1,1,0,1,1,0,530,229,301
29,556,0016,598987,0000,000000,KARNATAKA,Bagalkot,VILLAGE,Malagihal,Rural,38,220,112,108,37,17,20,0,0,0,0,0,0,92,62,30,128,50,78,104,67,37,72,56,16,27,27,0,20,8,12,0,0,0,25,21,4,32,11,21,1,0,1,19,0,19,0,0,0,12,11,1,30,9,21,1,0,1,19,0,19,0,0,0,10,9,1,2,2,0,0,0,0,0,0,0,0,0,0,2,2,0,116,45,71
29,556,0016,598988,0000,000000,KARNATAKA,Bagalkot,VILLAGE,Nidasanur,Rural,109,556,288,268,62,28,34,146,71,75,0,0,0,323,214,109,233,74,159,165,141,24,157,134,23,70,67,3,63,48,15,1,0,1,23,19,4,8,7,1,2,2,0,3,2,1,1,1,0,2,2,0,7,6,1,2,2,0,3,2,1,0,0,0,2,2,0,1,1,0,0,0,0,0,0,0,1,1,0,0,0,0,391,147,244
29,556,0016,598989,0000,000000,KARNATAKA,Bagalkot,VILLAGE,Jambaladinni,Rural,223,1146,587,559,146,81,65,334,162,172,137,67,70,680,427,253,466,160,306,551,326,225,420,291,129,54,48,6,165,78,87,6,3,3,195,162,33,131,35,96,18,2,16,71,8,63,2,1,1,40,24,16,124,35,89,13,2,11,70,8,62,2,1,1,39,24,15,7,0,7,5,0,5,1,0,1,0,0,0,1,0,1,595,261,334
29,556,0016,598990,0000,000000,KARNATAKA,Bagalkot,VILLAGE,Gadisunkapur,Rural,130,608,325,283,61,41,20,139,66,73,5,4,1,345,231,114,263,94,169,264,173,91,257,172,85,52,48,4,139,70,69,0,0,0,66,54,12,7,1,6,0,0,0,3,0,3,1,1,0,3,0,3,7,1,6,0,0,0,3,0,3,1,1,0,3,0,3,0,0,0,0,0,0,0,0,0,0,0,0,0,0,0,344,152,192
29,556,0016,598991,0000,000000,KARNATAKA,Bagalkot,VILLAGE,Chikadapur,Rural,348,1749,865,884,191,95,96,514,250,264,53,28,25,1049,635,414,700,230,470,952,533,419,882,511,371,226,191,35,502,181,321,12,12,0,142,127,15,70,22,48,2,2,0,51,11,40,2,1,1,15,8,7,58,18,40,2,2,0,45,9,36,0,0,0,11,7,4,12,4,8,0,0,0,6,2,4,2,1,1,4,1,3,797,332,465
29,556,0016,598992,0000,000000,KARNATAKA,Bagalkot,VILLAGE,Nandavadgi,Rural,721,3917,2000,1917,535,279,256,545,278,267,60,33,27,2080,1264,816,1837,736,1101,1517,1038,479,1280,984,296,552,504,48,445,241,204,21,21,0,262,218,44,237,54,183,9,7,2,214,38,176,4,1,3,10,8,2,234,53,181,9,7,2,211,37,174,4,1,3,10,8,2,3,1,2,0,0,0,3,1,2,0,0,0,0,0,0,2400,962,1438
29,556,0016,598993,0000,000000,KARNATAKA,Bagalkot,VILLAGE,Harnapur,Rural,52,325,181,144,47,29,18,49,24,25,5,2,3,209,139,70,116,42,74,210,121,89,112,81,31,58,58,0,22,5,17,1,1,0,31,17,14,98,40,58,2,1,1,74,29,45,0,0,0,22,10,12,61,21,40,2,1,1,45,11,34,0,0,0,14,9,5,37,19,18,0,0,0,29,18,11,0,0,0,8,1,7,115,60,55
29,556,0016,598994,0000,000000,KARNATAKA,Bagalkot,VILLAGE,Hireadapur,Rural,126,548,276,272,60,35,25,78,38,40,27,16,11,343,215,128,205,61,144,290,155,135,284,154,130,129,73,56,97,34,63,0,0,0,58,47,11,6,1,5,0,0,0,5,0,5,0,0,0,1,1,0,3,1,2,0,0,0,2,0,2,0,0,0,1,1,0,3,0,3,0,0,0,3,0,3,0,0,0,0,0,0,258,121,137
29,556,0016,598995,0000,000000,KARNATAKA,Bagalkot,VILLAGE,Hiresinganagutti,Rural,532,2598,1294,1304,334,162,172,491,249,242,134,73,61,1642,958,684,956,336,620,1218,745,473,1089,708,381,676,411,265,118,110,8,35,20,15,260,167,93,129,37,92,7,3,4,32,5,27,2,0,2,88,29,59,96,24,72,6,3,3,19,4,15,2,0,2,69,17,52,33,13,20,1,0,1,13,1,12,0,0,0,19,12,7,1380,549,831
29,556,0016,598996,0000,000000,KARNATAKA,Bagalkot,VILLAGE,Tumba,Rural,272,1346,689,657,181,88,93,343,176,167,59,33,26,838,513,325,508,176,332,490,350,140,464,344,120,123,118,5,105,44,61,49,44,5,187,138,49,26,6,20,3,3,0,11,1,10,4,1,3,8,1,7,25,5,20,3,3,0,11,1,10,4,1,3,7,0,7,1,1,0,0,0,0,0,0,0,0,0,0,1,1,0,856,339,517
29,556,0016,598997,0000,000000,KARNATAKA,Bagalkot,VILLAGE,Kesarabhavi,Rural,158,875,459,416,115,59,56,388,202,186,0,0,0,577,359,218,298,100,198,326,221,105,323,219,104,101,99,2,188,97,91,0,0,0,34,23,11,3,2,1,1,1,0,2,1,1,0,0,0,0,0,0,3,2,1,1,1,0,2,1,1,0,0,0,0,0,0,0,0,0,0,0,0,0,0,0,0,0,0,0,0,0,549,238,311
29,556,0016,598998,0000,000000,KARNATAKA,Bagalkot,VILLAGE,Chinnapur (S.T.),Rural,191,1044,509,535,139,74,65,299,137,162,0,0,0,646,369,277,398,140,258,538,281,257,537,280,257,260,139,121,173,53,120,2,2,0,102,86,16,1,1,0,0,0,0,0,0,0,0,0,0,1,1,0,0,0,0,0,0,0,0,0,0,0,0,0,0,0,0,1,1,0,0,0,0,0,0,0,0,0,0,1,1,0,506,228,278
29,556,0016,598999,0000,000000,KARNATAKA,Bagalkot,VILLAGE,Herur,Rural,360,1840,928,912,249,122,127,290,143,147,19,9,10,1183,713,470,657,215,442,652,518,134,635,509,126,105,88,17,203,124,79,12,12,0,315,285,30,17,9,8,0,0,0,7,2,5,0,0,0,10,7,3,14,7,7,0,0,0,7,2,5,0,0,0,7,5,2,3,2,1,0,0,0,0,0,0,0,0,0,3,2,1,1188,410,778
29,556,0016,599000,0000,000000,KARNATAKA,Bagalkot,VILLAGE,Gopsani,Rural,45,268,123,145,46,18,28,27,13,14,0,0,0,157,89,68,111,34,77,123,66,57,121,66,55,32,27,5,52,10,42,1,1,0,36,28,8,2,0,2,0,0,0,1,0,1,1,0,1,0,0,0,2,0,2,0,0,0,1,0,1,1,0,1,0,0,0,0,0,0,0,0,0,0,0,0,0,0,0,0,0,0,145,57,88
29,556,0016,599001,0000,000000,KARNATAKA,Bagalkot,VILLAGE,Chicksinganagutti,Rural,156,814,409,405,90,44,46,62,29,33,5,2,3,577,352,225,237,57,180,254,222,32,246,216,30,94,89,5,34,19,15,1,1,0,117,107,10,8,6,2,1,1,0,5,3,2,2,2,0,0,0,0,6,6,0,1,1,0,3,3,0,2,2,0,0,0,0,2,0,2,0,0,0,2,0,2,0,0,0,0,0,0,560,187,373
29,556,0016,599002,0000,000000,KARNATAKA,Bagalkot,VILLAGE,Krishnapur,Rural,340,1852,913,939,261,131,130,575,274,301,94,49,45,1034,633,401,818,280,538,864,513,351,480,381,99,189,183,6,160,91,69,16,15,1,115,92,23,384,132,252,7,4,3,370,124,246,0,0,0,7,4,3,380,131,249,6,3,3,367,124,243,0,0,0,7,4,3,4,1,3,1,1,0,3,0,3,0,0,0,0,0,0,988,400,588
29,556,0016,599003,0000,000000,KARNATAKA,Bagalkot,VILLAGE,Gonal (S.K.),Rural,211,1290,653,637,206,96,110,344,158,186,6,3,3,613,386,227,677,267,410,605,360,245,563,350,213,210,146,64,155,31,124,10,5,5,188,168,20,42,10,32,3,0,3,26,2,24,2,2,0,11,6,5,40,9,31,3,0,3,25,2,23,2,2,0,10,5,5,2,1,1,0,0,0,1,0,1,0,0,0,1,1,0,685,293,392
29,556,0016,599004,0000,000000,KARNATAKA,Bagalkot,VILLAGE,Kandgal,Rural,1132,6486,3265,3221,906,488,418,706,348,358,393,207,186,3399,2066,1333,3087,1199,1888,3114,1774,1340,2728,1608,1120,675,494,181,1332,517,815,76,48,28,645,549,96,386,166,220,21,13,8,331,130,201,7,6,1,27,17,10,379,164,215,21,13,8,325,129,196,7,6,1,26,16,10,7,2,5,0,0,0,6,1,5,0,0,0,1,1,0,3372,1491,1881
29,556,0016,599005,0000,000000,KARNATAKA,Bagalkot,VILLAGE,Chick-Otageri,Rural,182,945,485,460,111,61,50,157,83,74,111,49,62,562,343,219,383,142,241,421,275,146,241,209,32,57,53,4,177,153,24,1,0,1,6,3,3,180,66,114,6,3,3,153,46,107,6,5,1,15,12,3,167,54,113,6,3,3,153,46,107,1,1,0,7,4,3,13,12,1,0,0,0,0,0,0,5,4,1,8,8,0,524,210,314
29,556,0016,599006,0000,000000,KARNATAKA,Bagalkot,VILLAGE,Vajjal,Rural,177,955,493,462,124,70,54,187,96,91,2,1,1,562,341,221,393,152,241,588,305,283,306,286,20,169,169,0,20,9,11,5,4,1,112,104,8,282,19,263,22,2,20,259,17,242,0,0,0,1,0,1,282,19,263,22,2,20,259,17,242,0,0,0,1,0,1,0,0,0,0,0,0,0,0,0,0,0,0,0,0,0,367,188,179
29,556,0016,599007,0000,000000,KARNATAKA,Bagalkot,VILLAGE,Ingalgi,Rural,185,922,456,466,111,62,49,135,65,70,111,54,57,594,344,250,328,112,216,307,235,72,231,180,51,47,34,13,119,96,23,1,1,0,64,49,15,76,55,21,2,2,0,17,10,7,5,5,0,52,38,14,61,45,16,2,2,0,15,8,7,5,5,0,39,30,9,15,10,5,0,0,0,2,2,0,0,0,0,13,8,5,615,221,394
29,556,0016,599008,0000,000000,KARNATAKA,Bagalkot,VILLAGE,Tondihal,Rural,122,703,360,343,120,62,58,190,101,89,47,21,26,361,223,138,342,137,205,294,178,116,278,173,105,19,13,6,17,5,12,8,5,3,234,150,84,16,5,11,5,0,5,0,0,0,0,0,0,11,5,6,15,4,11,5,0,5,0,0,0,0,0,0,10,4,6,1,1,0,0,0,0,0,0,0,0,0,0,1,1,0,409,182,227
29,556,0016,599009,0000,000000,KARNATAKA,Bagalkot,VILLAGE,Ilkal (Rural),Rural,0,0,0,0,0,0,0,0,0,0,0,0,0,0,0,0,0,0,0,0,0,0,0,0,0,0,0,0,0,0,0,0,0,0,0,0,0,0,0,0,0,0,0,0,0,0,0,0,0,0,0,0,0,0,0,0,0,0,0,0,0,0,0,0,0,0,0,0,0,0,0,0,0,0,0,0,0,0,0,0,0,0,0,0,0
29,556,0016,599010,0000,000000,KARNATAKA,Bagalkot,VILLAGE,Gorbal,Rural,465,2510,1236,1274,334,164,170,220,110,110,63,29,34,1455,850,605,1055,386,669,1177,665,512,966,610,356,174,130,44,228,62,166,14,11,3,550,407,143,211,55,156,5,0,5,142,17,125,1,0,1,63,38,25,203,53,150,5,0,5,139,17,122,1,0,1,58,36,22,8,2,6,0,0,0,3,0,3,0,0,0,5,2,3,1333,571,762
29,556,0016,599011,0000,000000,KARNATAKA,Bagalkot,VILLAGE,Hire-Otageri,Rural,277,1418,725,693,163,76,87,222,113,109,130,71,59,922,559,363,496,166,330,606,405,201,587,399,188,164,116,48,67,31,36,60,20,40,296,232,64,19,6,13,2,0,2,3,1,2,2,0,2,12,5,7,14,4,10,1,0,1,2,1,1,2,0,2,9,3,6,5,2,3,1,0,1,1,0,1,0,0,0,3,2,1,812,320,492
29,556,0016,599012,0000,000000,KARNATAKA,Bagalkot,VILLAGE,Gudur (S.B.),Rural,134,647,326,321,66,36,30,55,31,24,43,23,20,443,265,178,204,61,143,186,152,34,98,88,10,45,43,2,3,2,1,5,5,0,45,38,7,88,64,24,4,3,1,17,10,7,4,2,2,63,49,14,81,60,21,4,3,1,17,10,7,3,2,1,57,45,12,7,4,3,0,0,0,0,0,0,1,0,1,6,4,2,461,174,287
29,556,0016,599013,0000,000000,KARNATAKA,Bagalkot,VILLAGE,Hanamanal,Rural,86,423,215,208,56,28,28,30,15,15,0,0,0,261,153,108,162,62,100,217,130,87,67,56,11,28,26,2,1,0,1,13,12,1,25,18,7,150,74,76,8,8,0,9,5,4,22,19,3,111,42,69,133,65,68,7,7,0,6,3,3,20,17,3,100,38,62,17,9,8,1,1,0,3,2,1,2,2,0,11,4,7,206,85,121
29,556,0016,599014,0000,000000,KARNATAKA,Bagalkot,VILLAGE,Gonal (S.B.),Rural,78,424,201,223,47,26,21,135,68,67,6,3,3,256,144,112,168,57,111,231,107,124,225,104,121,13,6,7,123,44,79,2,0,2,87,54,33,6,3,3,0,0,0,3,2,1,0,0,0,3,1,2,6,3,3,0,0,0,3,2,1,0,0,0,3,1,2,0,0,0,0,0,0,0,0,0,0,0,0,0,0,0,193,94,99
29,556,0016,599015,0000,000000,KARNATAKA,Bagalkot,VILLAGE,Hireupnal,Rural,185,966,464,502,138,67,71,110,58,52,3,1,2,514,309,205,452,155,297,423,254,169,398,242,156,44,29,15,48,16,32,80,46,34,226,151,75,25,12,13,1,0,1,6,4,2,1,0,1,17,8,9,20,9,11,1,0,1,6,4,2,1,0,1,12,5,7,5,3,2,0,0,0,0,0,0,0,0,0,5,3,2,543,210,333
29,556,0016,599016,0000,000000,KARNATAKA,Bagalkot,VILLAGE,Balakundi,Rural,392,1923,949,974,275,147,128,451,220,231,190,89,101,1189,679,510,734,270,464,697,515,182,674,511,163,98,90,8,125,32,93,4,3,1,447,386,61,23,4,19,0,0,0,15,1,14,0,0,0,8,3,5,23,4,19,0,0,0,15,1,14,0,0,0,8,3,5,0,0,0,0,0,0,0,0,0,0,0,0,0,0,0,1226,434,792
29,556,0016,599017,0000,000000,KARNATAKA,Bagalkot,VILLAGE,Ishwarnagar,Rural,639,3891,1942,1949,775,404,371,3742,1859,1883,41,24,17,1600,967,633,2291,975,1316,1499,970,529,1309,934,375,175,108,67,340,145,195,4,3,1,790,678,112,190,36,154,9,1,8,155,16,139,0,0,0,26,19,7,157,26,131,7,1,6,134,15,119,0,0,0,16,10,6,33,10,23,2,0,2,21,1,20,0,0,0,10,9,1,2392,972,1420
29,556,0016,599018,0000,000000,KARNATAKA,Bagalkot,VILLAGE,Sankalapur,Rural,133,685,349,336,122,65,57,45,21,24,1,0,1,361,214,147,324,135,189,359,210,149,355,208,147,36,19,17,6,0,6,1,1,0,312,188,124,4,2,2,0,0,0,0,0,0,0,0,0,4,2,2,4,2,2,0,0,0,0,0,0,0,0,0,4,2,2,0,0,0,0,0,0,0,0,0,0,0,0,0,0,0,326,139,187
29,556,0016,599019,0000,000000,KARNATAKA,Bagalkot,VILLAGE,Sevalalnagar,Rural,238,1573,791,782,287,154,133,1570,789,781,0,0,0,511,315,196,1062,476,586,769,404,365,524,318,206,301,138,163,22,15,7,7,2,5,194,163,31,245,86,159,3,0,3,159,10,149,4,0,4,79,76,3,243,86,157,3,0,3,159,10,149,3,0,3,78,76,2,2,0,2,0,0,0,0,0,0,1,0,1,1,0,1,804,387,417
29,556,0016,599020,0000,000000,KARNATAKA,Bagalkot,VILLAGE,Chickkodagali,Rural,309,1744,870,874,277,135,142,1333,671,662,36,18,18,861,521,340,883,349,534,783,458,325,527,369,158,174,95,79,61,34,27,13,10,3,279,230,49,256,89,167,41,7,34,107,24,83,2,0,2,106,58,48,220,76,144,37,7,30,98,22,76,1,0,1,84,47,37,36,13,23,4,0,4,9,2,7,1,0,1,22,11,11,961,412,549
29,556,0016,599021,0000,000000,KARNATAKA,Bagalkot,VILLAGE,Hirekodagali,Rural,457,2532,1257,1275,362,189,173,1221,604,617,75,40,35,1334,816,518,1198,441,757,1029,672,357,819,630,189,186,170,16,84,37,47,31,26,5,518,397,121,210,42,168,3,1,2,147,10,137,8,4,4,52,27,25,193,37,156,3,1,2,139,9,130,6,3,3,45,24,21,17,5,12,0,0,0,8,1,7,2,1,1,7,3,4,1503,585,918
29,556,0016,599022,0000,000000,KARNATAKA,Bagalkot,VILLAGE,Gugalmari,Rural,163,934,462,472,167,93,74,298,149,149,404,202,202,454,276,178,480,186,294,417,240,177,385,224,161,130,95,35,141,35,106,0,0,0,114,94,20,32,16,16,11,7,4,15,5,10,0,0,0,6,4,2,32,16,16,11,7,4,15,5,10,0,0,0,6,4,2,0,0,0,0,0,0,0,0,0,0,0,0,0,0,0,517,222,295
29,556,0016,599023,0000,000000,KARNATAKA,Bagalkot,VILLAGE,Gonal (S.T.),Rural,132,819,411,408,119,67,52,177,86,91,16,7,9,544,317,227,275,94,181,373,207,166,248,150,98,158,103,55,77,41,36,1,1,0,12,5,7,125,57,68,2,2,0,115,49,66,7,5,2,1,1,0,117,51,66,1,1,0,115,49,66,0,0,0,1,1,0,8,6,2,1,1,0,0,0,0,7,5,2,0,0,0,446,204,242
29,556,0016,599024,0000,000000,KARNATAKA,Bagalkot,VILLAGE,Maratgeri,Rural,344,1982,1032,950,297,175,122,419,221,198,45,23,22,996,616,380,986,416,570,950,548,402,798,503,295,304,291,13,417,150,267,9,4,5,68,58,10,152,45,107,2,0,2,116,18,98,0,0,0,34,27,7,132,26,106,2,0,2,116,18,98,0,0,0,14,8,6,20,19,1,0,0,0,0,0,0,0,0,0,20,19,1,1032,484,548
29,556,0016,599025,0000,000000,KARNATAKA,Bagalkot,VILLAGE,Somalapur,Rural,143,978,505,473,136,71,65,228,111,117,0,0,0,573,354,219,405,151,254,514,284,230,474,269,205,197,124,73,153,45,108,3,0,3,121,100,21,40,15,25,2,0,2,27,4,23,0,0,0,11,11,0,39,15,24,1,0,1,27,4,23,0,0,0,11,11,0,1,0,1,1,0,1,0,0,0,0,0,0,0,0,0,464,221,243
29,556,0016,599026,0000,000000,KARNATAKA,Bagalkot,TOWN,Kamatgi (CT),Urban,2885,15620,7925,7695,1987,1020,967,1734,860,874,1514,768,746,9961,5911,4050,5659,2014,3645,7375,4454,2921,6131,3957,2174,452,357,95,1143,497,646,2311,1387,924,2225,1716,509,1244,497,747,20,10,10,271,94,177,507,166,341,446,227,219,1007,438,569,19,10,9,254,85,169,413,152,261,321,191,130,237,59,178,1,0,1,17,9,8,94,14,80,125,36,89,8245,3471,4774
29,556,0016,599027,0000,000000,KARNATAKA,Bagalkot,TOWN,Aminagad (CT),Urban,2925,15073,7627,7446,2004,1044,960,2570,1261,1309,172,95,77,9850,5685,4165,5223,1942,3281,6096,3935,2161,4395,3123,1272,299,251,48,292,140,152,1467,946,521,2337,1786,551,1701,812,889,30,16,14,320,99,221,317,155,162,1034,542,492,1402,684,718,27,14,13,291,90,201,265,136,129,819,444,375,299,128,171,3,2,1,29,9,20,52,19,33,215,98,117,8977,3692,5285
29,556,0016,599028,0000,000000,KARNATAKA,Bagalkot,TOWN,Gudur (CT),Urban,2136,11969,5882,6087,1568,772,796,1357,654,703,414,199,215,7368,4138,3230,4601,1744,2857,4686,3213,1473,4168,2942,1226,309,254,55,970,543,427,558,374,184,2331,1771,560,518,271,247,13,12,1,77,39,38,145,65,80,283,155,128,453,243,210,13,12,1,67,32,35,123,59,64,250,140,110,65,28,37,0,0,0,10,7,3,22,6,16,33,15,18,7283,2669,4614
