DISTRICT,YEAR,MURDER,ATTEMPT TO MURDER,CULPABLE HOMICIDE NOT AMOUNTING TO MURDER,RAPE,CUSTODIAL RAPE,OTHER RAPE,KIDNAPPING & ABDUCTION,KIDNAPPING AND ABDUCTION OF WOMEN AND GIRLS,KIDNAPPING AND ABDUCTION OF OTHERS,DACOITY,PREPARATION AND ASSEMBLY FOR DACOITY,ROBBERY,BURGLARY,THEFT,AUTO THEFT,OTHER THEFT,RIOTS,CRIMINAL BREACH OF TRUST,CHEATING,COUNTERFIETING,ARSON,HURT/GREVIOUS HURT,DOWRY DEATHS,ASSAULT ON WOMEN WITH INTENT TO OUTRAGE HER MODESTY,INSULT TO MODESTY OF WOMEN,CRUELTY BY HUSBAND OR HIS RELATIVES,IMPORTATION OF GIRLS FROM FOREIGN COUNTRIES,CAUSING DEATH BY NEGLIGENCE,OTHER IPC CRIMES,TOTAL IPC CRIMES,,,,,,,,,,,,,,,,,,,,,,,,,,,,,,,,,,,,,,,,,,,,,,,,,,,,,,,,,,,,,,,,,,,,,,,,,,,,,,,,,,,,,,,,,,,,
BAGALKOT,2013,52,33,1,30,0,30,18,11,7,9,5,22,147,197,113,84,292,4,84,0,7,231,3,86,2,46,0,0,1071,2340,,,,,,,,,,,,,,,,,,,,,,,,,,,,,,,,,,,,,,,,,,,,,,,,,,,,,,,,,,,,,,,,,,,,,,,,,,,,,,,,,,,,,,,,,,,,
BANGALORE COMMR.,2013,217,442,26,80,0,80,642,538,104,40,425,619,1404,10643,5356,5287,362,133,2987,33,16,3132,52,378,73,482,0,160,7972,30318,,,,,,,,,,,,,,,,,,,,,,,,,,,,,,,,,,,,,,,,,,,,,,,,,,,,,,,,,,,,,,,,,,,,,,,,,,,,,,,,,,,,,,,,,,,,
BANGALORE RURAL,2013,69,76,3,57,0,57,93,85,8,30,7,129,311,596,305,291,246,35,281,1,10,562,22,130,0,112,0,24,2869,5663,,,,,,,,,,,,,,,,,,,,,,,,,,,,,,,,,,,,,,,,,,,,,,,,,,,,,,,,,,,,,,,,,,,,,,,,,,,,,,,,,,,,,,,,,,,,
BELGAUM,2013,113,103,0,61,0,61,40,25,15,8,4,67,310,472,268,204,473,20,296,0,16,775,7,246,12,200,0,36,3335,6594,,,,,,,,,,,,,,,,,,,,,,,,,,,,,,,,,,,,,,,,,,,,,,,,,,,,,,,,,,,,,,,,,,,,,,,,,,,,,,,,,,,,,,,,,,,,
BELLARY,2013,57,41,0,36,0,36,58,23,35,7,1,53,177,351,205,146,206,25,214,0,3,414,5,99,0,58,0,3,1461,3269,,,,,,,,,,,,,,,,,,,,,,,,,,,,,,,,,,,,,,,,,,,,,,,,,,,,,,,,,,,,,,,,,,,,,,,,,,,,,,,,,,,,,,,,,,,,
BIDAR,2013,40,47,7,18,0,18,34,31,3,3,2,30,107,171,75,96,207,4,53,3,15,941,7,82,9,112,0,13,2058,3963,,,,,,,,,,,,,,,,,,,,,,,,,,,,,,,,,,,,,,,,,,,,,,,,,,,,,,,,,,,,,,,,,,,,,,,,,,,,,,,,,,,,,,,,,,,,
BIJAPUR,2013,66,45,3,28,0,28,37,21,16,6,4,27,118,145,84,61,205,4,54,0,11,383,2,94,0,92,0,0,1245,2569,,,,,,,,,,,,,,,,,,,,,,,,,,,,,,,,,,,,,,,,,,,,,,,,,,,,,,,,,,,,,,,,,,,,,,,,,,,,,,,,,,,,,,,,,,,,
CBPURA,2013,43,32,12,33,0,33,26,16,10,1,0,26,76,211,92,119,228,23,56,1,0,472,17,57,0,51,0,0,1007,2372,,,,,,,,,,,,,,,,,,,,,,,,,,,,,,,,,,,,,,,,,,,,,,,,,,,,,,,,,,,,,,,,,,,,,,,,,,,,,,,,,,,,,,,,,,,,
CHAMARAJNAGAR,2013,27,63,4,16,0,16,17,15,2,5,0,11,54,137,58,79,141,3,41,0,3,515,4,95,0,25,0,0,705,1866,,,,,,,,,,,,,,,,,,,,,,,,,,,,,,,,,,,,,,,,,,,,,,,,,,,,,,,,,,,,,,,,,,,,,,,,,,,,,,,,,,,,,,,,,,,,
CHICKMAGALUR,2013,38,37,6,21,1,20,36,36,0,7,0,20,106,162,75,87,154,13,71,1,0,577,7,141,0,69,0,0,1292,2758,,,,,,,,,,,,,,,,,,,,,,,,,,,,,,,,,,,,,,,,,,,,,,,,,,,,,,,,,,,,,,,,,,,,,,,,,,,,,,,,,,,,,,,,,,,,
CHITRADURGA,2013,31,42,1,31,0,31,28,27,1,4,1,25,130,213,98,115,193,7,62,0,17,782,7,178,0,64,0,4,2150,3970,,,,,,,,,,,,,,,,,,,,,,,,,,,,,,,,,,,,,,,,,,,,,,,,,,,,,,,,,,,,,,,,,,,,,,,,,,,,,,,,,,,,,,,,,,,,
DAKSHIN KANNADA,2013,17,24,0,14,0,14,17,15,2,6,1,29,109,100,33,67,164,1,52,0,11,292,0,72,2,45,0,5,1089,2050,,,,,,,,,,,,,,,,,,,,,,,,,,,,,,,,,,,,,,,,,,,,,,,,,,,,,,,,,,,,,,,,,,,,,,,,,,,,,,,,,,,,,,,,,,,,
DAVANAGERE,2013,33,23,2,33,0,33,31,21,10,7,7,58,180,397,199,198,352,30,93,2,3,641,14,167,5,127,0,12,1626,3843,,,,,,,,,,,,,,,,,,,,,,,,,,,,,,,,,,,,,,,,,,,,,,,,,,,,,,,,,,,,,,,,,,,,,,,,,,,,,,,,,,,,,,,,,,,,
DHARWAD COMMR.,2013,19,50,0,16,0,16,99,75,24,7,7,65,184,393,201,192,157,14,180,1,9,221,4,37,5,85,0,9,881,2443,,,,,,,,,,,,,,,,,,,,,,,,,,,,,,,,,,,,,,,,,,,,,,,,,,,,,,,,,,,,,,,,,,,,,,,,,,,,,,,,,,,,,,,,,,,,
DHARWAD RURAL,2013,25,42,2,18,0,18,13,0,13,1,0,5,38,54,18,36,85,8,19,0,5,146,1,34,0,27,0,4,711,1238,,,,,,,,,,,,,,,,,,,,,,,,,,,,,,,,,,,,,,,,,,,,,,,,,,,,,,,,,,,,,,,,,,,,,,,,,,,,,,,,,,,,,,,,,,,,
GADAG,2013,24,25,0,18,0,18,13,10,3,1,0,12,39,75,39,36,104,2,27,0,5,130,1,40,0,36,0,140,400,1092,,,,,,,,,,,,,,,,,,,,,,,,,,,,,,,,,,,,,,,,,,,,,,,,,,,,,,,,,,,,,,,,,,,,,,,,,,,,,,,,,,,,,,,,,,,,
GULBARGA,2013,88,118,7,54,0,54,60,46,14,13,12,62,195,274,129,145,470,4,79,1,19,781,8,125,0,122,0,18,2014,4524,,,,,,,,,,,,,,,,,,,,,,,,,,,,,,,,,,,,,,,,,,,,,,,,,,,,,,,,,,,,,,,,,,,,,,,,,,,,,,,,,,,,,,,,,,,,
HASSAN,2013,57,92,4,61,0,61,57,47,10,3,1,52,224,415,227,188,170,12,114,2,19,1275,12,182,0,157,0,0,2524,5433,,,,,,,,,,,,,,,,,,,,,,,,,,,,,,,,,,,,,,,,,,,,,,,,,,,,,,,,,,,,,,,,,,,,,,,,,,,,,,,,,,,,,,,,,,,,
HAVERI,2013,16,31,0,18,0,18,14,0,14,5,1,20,76,145,81,64,254,12,49,0,0,251,1,80,0,55,0,239,890,2157,,,,,,,,,,,,,,,,,,,,,,,,,,,,,,,,,,,,,,,,,,,,,,,,,,,,,,,,,,,,,,,,,,,,,,,,,,,,,,,,,,,,,,,,,,,,
K.G.F.,2013,12,31,0,23,0,23,12,7,5,3,0,15,67,62,30,32,50,0,29,0,0,151,6,13,0,15,0,0,333,822,,,,,,,,,,,,,,,,,,,,,,,,,,,,,,,,,,,,,,,,,,,,,,,,,,,,,,,,,,,,,,,,,,,,,,,,,,,,,,,,,,,,,,,,,,,,
KODAGU,2013,30,33,1,26,0,26,23,17,6,3,0,17,107,128,25,103,48,3,54,0,2,462,2,40,2,41,0,3,682,1707,,,,,,,,,,,,,,,,,,,,,,,,,,,,,,,,,,,,,,,,,,,,,,,,,,,,,,,,,,,,,,,,,,,,,,,,,,,,,,,,,,,,,,,,,,,,
KOLAR,2013,45,43,0,20,0,20,10,9,1,5,0,50,99,187,71,116,251,2,75,0,8,327,3,25,0,25,0,14,1086,2275,,,,,,,,,,,,,,,,,,,,,,,,,,,,,,,,,,,,,,,,,,,,,,,,,,,,,,,,,,,,,,,,,,,,,,,,,,,,,,,,,,,,,,,,,,,,
KOPPAL,2013,22,14,0,22,0,22,14,0,14,3,0,7,49,84,53,31,138,3,54,0,0,206,0,39,0,59,0,0,1018,1732,,,,,,,,,,,,,,,,,,,,,,,,,,,,,,,,,,,,,,,,,,,,,,,,,,,,,,,,,,,,,,,,,,,,,,,,,,,,,,,,,,,,,,,,,,,,
MANDYA,2013,50,76,3,31,0,31,74,64,10,9,3,67,221,559,213,346,305,12,120,1,25,1175,19,221,4,160,0,0,2409,5544,,,,,,,,,,,,,,,,,,,,,,,,,,,,,,,,,,,,,,,,,,,,,,,,,,,,,,,,,,,,,,,,,,,,,,,,,,,,,,,,,,,,,,,,,,,,
MANGALORE CITY,2013,25,32,0,20,0,20,12,6,6,9,0,67,164,241,130,111,118,8,248,1,2,311,1,54,5,65,0,22,1467,2872,,,,,,,,,,,,,,,,,,,,,,,,,,,,,,,,,,,,,,,,,,,,,,,,,,,,,,,,,,,,,,,,,,,,,,,,,,,,,,,,,,,,,,,,,,,,
MYSORE COMMR.,2013,30,28,2,19,0,19,22,16,6,11,2,151,125,580,424,156,71,17,236,8,0,341,12,11,1,43,0,0,1206,2916,,,,,,,,,,,,,,,,,,,,,,,,,,,,,,,,,,,,,,,,,,,,,,,,,,,,,,,,,,,,,,,,,,,,,,,,,,,,,,,,,,,,,,,,,,,,
MYSORE RURAL,2013,66,45,2,26,0,26,55,6,49,8,2,34,220,341,143,198,258,6,98,2,16,869,14,69,0,64,0,0,1921,4116,,,,,,,,,,,,,,,,,,,,,,,,,,,,,,,,,,,,,,,,,,,,,,,,,,,,,,,,,,,,,,,,,,,,,,,,,,,,,,,,,,,,,,,,,,,,
RAICHUR,2013,47,46,0,43,0,43,24,12,12,8,0,13,67,156,78,78,294,8,108,2,4,639,3,156,0,162,0,8,1274,3062,,,,,,,,,,,,,,,,,,,,,,,,,,,,,,,,,,,,,,,,,,,,,,,,,,,,,,,,,,,,,,,,,,,,,,,,,,,,,,,,,,,,,,,,,,,,
RAILWAYS,2013,18,4,0,1,0,1,3,0,3,7,0,65,2,726,8,718,0,1,8,4,0,16,2,3,0,0,0,7,46,913,,,,,,,,,,,,,,,,,,,,,,,,,,,,,,,,,,,,,,,,,,,,,,,,,,,,,,,,,,,,,,,,,,,,,,,,,,,,,,,,,,,,,,,,,,,,
RAMANAGAR,2013,51,71,1,21,0,21,43,41,2,19,9,92,273,507,271,236,250,10,68,2,53,620,11,141,0,57,0,0,2064,4363,,,,,,,,,,,,,,,,,,,,,,,,,,,,,,,,,,,,,,,,,,,,,,,,,,,,,,,,,,,,,,,,,,,,,,,,,,,,,,,,,,,,,,,,,,,,
SHIMOGA,2013,44,65,2,43,0,43,67,51,16,10,7,66,191,340,147,193,330,14,217,1,15,1367,5,267,4,300,0,8,2580,5943,,,,,,,,,,,,,,,,,,,,,,,,,,,,,,,,,,,,,,,,,,,,,,,,,,,,,,,,,,,,,,,,,,,,,,,,,,,,,,,,,,,,,,,,,,,,
TUMKUR,2013,58,49,2,37,0,37,41,16,25,10,7,90,210,421,198,223,201,26,157,0,18,741,14,206,0,87,0,32,2422,4829,,,,,,,,,,,,,,,,,,,,,,,,,,,,,,,,,,,,,,,,,,,,,,,,,,,,,,,,,,,,,,,,,,,,,,,,,,,,,,,,,,,,,,,,,,,,
UDUPI,2013,20,26,0,22,0,22,23,11,12,7,3,41,110,120,45,75,128,6,146,0,7,332,2,67,0,78,0,5,1524,2667,,,,,,,,,,,,,,,,,,,,,,,,,,,,,,,,,,,,,,,,,,,,,,,,,,,,,,,,,,,,,,,,,,,,,,,,,,,,,,,,,,,,,,,,,,,,
UTTAR KANNADA,2013,18,24,0,17,0,17,51,38,13,4,1,35,67,99,38,61,128,7,138,0,11,482,6,155,13,94,0,0,1627,2977,,,,,,,,,,,,,,,,,,,,,,,,,,,,,,,,,,,,,,,,,,,,,,,,,,,,,,,,,,,,,,,,,,,,,,,,,,,,,,,,,,,,,,,,,,,,
YADGIRI,2013,33,31,1,16,0,16,29,23,6,1,0,8,46,54,29,25,204,0,30,0,2,558,3,123,0,61,0,131,158,1489,,,,,,,,,,,,,,,,,,,,,,,,,,,,,,,,,,,,,,,,,,,,,,,,,,,,,,,,,,,,,,,,,,,,,,,,,,,,,,,,,,,,,,,,,,,,
ZZ TOTAL,2013,1601,1984,92,1030,1,1029,1836,1359,477,280,512,2150,6003,19756,9559,10197,7237,477,6598,66,332,21118,277,3913,137,3276,0,897,57117,136689,,,,,,,,,,,,,,,,,,,,,,,,,,,,,,,,,,,,,,,,,,,,,,,,,,,,,,,,,,,,,,,,,,,,,,,,,,,,,,,,,,,,,,,,,,,,
,,,,,,,,,,,,,,,,,,,,,,,,,,,,,,,,,,,,,,,,,,,,,,,,,,,,,,,,,,,,,,,,,,,,,,,,,,,,,,,,,,,,,,,,,,,,,,,,,,,,,,,,,,,,,,,,,,,,,,,,,,,
year,state_name,state_code,district_name,district_code,registration_circles,murder,attempt_to_commit_murder,culpable_homicide_not_amounting_to_murder,attempt_to_commit_culpable_homicide,rape,attempt_to_commit_rape,kidnapping_and_abduction,dacoity,mkng_preparation_and_assembly_for_comm_dacoity,robbery,criminal_trespass_or_burglary,theft,unlawful_assembly,riots,criminal_breach_of_trust,cheating,forgery,counterfeiting,arson,grievous_hurt,dowry_deaths,assault_on_women,insult_to_the_modesty_of_women,cruelty_by_husband_or_his_relatives,importation_of_girls_from_foreign_country,causing_death_by_negligence,offences_against_state,offences_promoting_enmity_between_diff_grp,extortion,disclosure_of_identity_of_victims,incidence_of_rash_driving,human_trafficking,unnatural_offence,other_ipc_crimes,,,,,,,,,,,,,,,,,,,,,,,,,,,,,,,,,,,,,,,,,,,,,,,,,,,,,,,,,,,,,,,,,,,,,,,,,,,,,,,,,,,,
2016,Karnataka,29,Bagalkote,524,Bagalkot,37,47,1,0,27,0,39,5,0,15,77,242,0,139,7,76,11,1,10,26,3,101,0,54,0,342,1,0,0,0,534,0,0,288,,,,,,,,,,,,,,,,,,,,,,,,,,,,,,,,,,,,,,,,,,,,,,,,,,,,,,,,,,,,,,,,,,,,,,,,,,,,,,,,,,,,
2016,Karnataka,29,Bengaluru Urban,525,Bengaluru City,229,590,20,1,321,3,974,101,340,789,1647,10578,19,524,105,3309,52,39,137,220,57,820,51,489,0,943,3,4,151,2,4546,6,2,18725,,,,,,,,,,,,,,,,,,,,,,,,,,,,,,,,,,,,,,,,,,,,,,,,,,,,,,,,,,,,,,,,,,,,,,,,,,,,,,,,,,,,
2016,Karnataka,29,Bengaluru Urban,525,Bengaluru District,72,76,6,0,59,0,178,10,26,96,289,737,0,261,34,343,20,2,25,16,6,124,0,101,0,670,0,0,0,0,1682,0,0,951,,,,,,,,,,,,,,,,,,,,,,,,,,,,,,,,,,,,,,,,,,,,,,,,,,,,,,,,,,,,,,,,,,,,,,,,,,,,,,,,,,,,
2016,Karnataka,29,Belagavi,527,Belagavi District,73,101,1,0,65,0,64,6,1,20,140,220,0,370,22,128,12,1,12,110,2,180,3,130,0,629,0,0,4,0,1407,0,1,675,,,,,,,,,,,,,,,,,,,,,,,,,,,,,,,,,,,,,,,,,,,,,,,,,,,,,,,,,,,,,,,,,,,,,,,,,,,,,,,,,,,,
2016,Karnataka,29,Ballari,528,Ballari,39,78,3,4,62,0,104,5,2,46,165,274,0,246,23,163,9,0,5,9,9,126,6,46,0,337,0,0,2,0,835,0,0,528,,,,,,,,,,,,,,,,,,,,,,,,,,,,,,,,,,,,,,,,,,,,,,,,,,,,,,,,,,,,,,,,,,,,,,,,,,,,,,,,,,,,
2016,Karnataka,29,Bidar,529,Bidar,50,84,1,63,17,4,51,2,6,24,117,196,0,159,11,60,2,0,12,43,8,78,5,89,0,271,0,0,8,0,1101,0,0,1102,,,,,,,,,,,,,,,,,,,,,,,,,,,,,,,,,,,,,,,,,,,,,,,,,,,,,,,,,,,,,,,,,,,,,,,,,,,,,,,,,,,,
2016,Karnataka,29,Vijayapura,530,Vijayapura,75,65,1,0,50,0,58,7,6,28,117,253,0,225,5,77,7,0,6,54,3,102,3,114,0,374,0,0,0,0,791,0,0,540,,,,,,,,,,,,,,,,,,,,,,,,,,,,,,,,,,,,,,,,,,,,,,,,,,,,,,,,,,,,,,,,,,,,,,,,,,,,,,,,,,,,
2016,Karnataka,29,Chikkaballapura,630,Chikkaballapura,38,52,0,0,73,0,50,1,4,34,88,177,0,218,5,78,8,1,14,13,6,63,0,21,0,242,0,0,6,0,483,0,0,597,,,,,,,,,,,,,,,,,,,,,,,,,,,,,,,,,,,,,,,,,,,,,,,,,,,,,,,,,,,,,,,,,,,,,,,,,,,,,,,,,,,,
2016,Karnataka,29,Chamarajanagara,531,Chamarajnagar,26,62,0,0,20,1,23,2,0,14,56,103,27,97,2,108,2,0,5,12,3,123,0,16,0,141,0,0,0,0,425,1,0,442,,,,,,,,,,,,,,,,,,,,,,,,,,,,,,,,,,,,,,,,,,,,,,,,,,,,,,,,,,,,,,,,,,,,,,,,,,,,,,,,,,,,
2016,Karnataka,29,Chikkamagaluru,532,Chikkamagaluru,32,65,6,0,50,0,52,14,1,33,118,219,0,125,4,84,11,0,12,20,5,209,2,74,0,204,0,0,0,0,753,0,0,819,,,,,,,,,,,,,,,,,,,,,,,,,,,,,,,,,,,,,,,,,,,,,,,,,,,,,,,,,,,,,,,,,,,,,,,,,,,,,,,,,,,,
2016,Karnataka,29,Chitradurga,533,Chitradurga,32,34,2,0,32,0,109,6,0,55,116,307,0,209,10,80,9,2,10,10,12,239,2,55,0,364,0,0,0,0,1429,0,0,825,,,,,,,,,,,,,,,,,,,,,,,,,,,,,,,,,,,,,,,,,,,,,,,,,,,,,,,,,,,,,,,,,,,,,,,,,,,,,,,,,,,,
2016,Karnataka,29,Dakshina Kannada,534,Dakshina Kannada,18,28,0,0,34,0,19,8,3,21,93,179,0,100,7,62,7,2,4,8,0,65,5,19,0,170,0,1,1,0,831,0,1,424,,,,,,,,,,,,,,,,,,,,,,,,,,,,,,,,,,,,,,,,,,,,,,,,,,,,,,,,,,,,,,,,,,,,,,,,,,,,,,,,,,,,
2016,Karnataka,29,Davangere,535,Davanagere,40,35,0,0,42,0,83,2,2,27,117,282,0,232,7,95,13,0,13,44,3,182,0,62,0,301,1,1,4,0,907,0,0,497,,,,,,,,,,,,,,,,,,,,,,,,,,,,,,,,,,,,,,,,,,,,,,,,,,,,,,,,,,,,,,,,,,,,,,,,,,,,,,,,,,,,
2016,Karnataka,29,Dharwad,536,Dharwad,21,29,0,0,13,0,23,2,0,8,33,96,0,99,2,29,2,1,1,22,1,29,0,29,0,175,0,0,0,0,318,0,0,173,,,,,,,,,,,,,,,,,,,,,,,,,,,,,,,,,,,,,,,,,,,,,,,,,,,,,,,,,,,,,,,,,,,,,,,,,,,,,,,,,,,,
2016,Karnataka,29,Gadag,537,Gadag,17,32,0,0,23,0,25,3,0,11,73,274,0,113,6,30,4,1,2,14,0,47,0,25,0,153,0,0,0,0,242,0,0,134,,,,,,,,,,,,,,,,,,,,,,,,,,,,,,,,,,,,,,,,,,,,,,,,,,,,,,,,,,,,,,,,,,,,,,,,,,,,,,,,,,,,
2016,Karnataka,29,Kalaburagi,538,Kalaburgi,81,99,3,2,57,3,52,6,19,65,161,280,0,311,16,55,30,2,10,53,7,130,10,111,0,335,0,0,0,0,1055,0,1,847,,,,,,,,,,,,,,,,,,,,,,,,,,,,,,,,,,,,,,,,,,,,,,,,,,,,,,,,,,,,,,,,,,,,,,,,,,,,,,,,,,,,
2016,Karnataka,29,Hassan,539,Hassan,60,108,0,0,49,0,79,10,3,51,196,277,0,164,9,145,0,3,26,64,10,253,0,95,0,445,0,0,2,0,1766,0,0,1365,,,,,,,,,,,,,,,,,,,,,,,,,,,,,,,,,,,,,,,,,,,,,,,,,,,,,,,,,,,,,,,,,,,,,,,,,,,,,,,,,,,,
2016,Karnataka,29,Haveri,540,Haveri,25,70,1,0,40,0,22,4,0,15,73,398,0,254,10,63,0,0,0,25,3,67,0,33,0,238,0,0,0,0,647,0,0,342,,,,,,,,,,,,,,,,,,,,,,,,,,,,,,,,,,,,,,,,,,,,,,,,,,,,,,,,,,,,,,,,,,,,,,,,,,,,,,,,,,,,
2016,Karnataka,29,Dharwad,536,Hubballi Dharwad City,26,53,1,0,19,0,32,9,1,112,147,363,0,114,12,193,19,0,5,35,0,49,4,45,0,115,0,2,0,0,419,3,1,283,,,,,,,,,,,,,,,,,,,,,,,,,,,,,,,,,,,,,,,,,,,,,,,,,,,,,,,,,,,,,,,,,,,,,,,,,,,,,,,,,,,,
2016,Karnataka,29,Belagavi,527,K.G.F.,14,17,0,0,12,1,9,2,0,9,47,55,0,28,0,38,1,0,2,14,3,20,2,3,0,57,0,0,1,0,114,0,0,181,,,,,,,,,,,,,,,,,,,,,,,,,,,,,,,,,,,,,,,,,,,,,,,,,,,,,,,,,,,,,,,,,,,,,,,,,,,,,,,,,,,,
2016,Karnataka,29,Kodagu,541,Kodagu,29,54,0,0,23,0,32,4,0,21,82,214,0,16,3,76,4,0,10,19,1,58,0,19,0,99,0,0,0,0,488,0,0,596,,,,,,,,,,,,,,,,,,,,,,,,,,,,,,,,,,,,,,,,,,,,,,,,,,,,,,,,,,,,,,,,,,,,,,,,,,,,,,,,,,,,
2016,Karnataka,29,Kolar,542,Kolar,27,35,2,0,28,0,47,1,3,19,65,142,0,163,12,78,15,2,3,17,4,47,0,12,0,253,0,0,0,0,483,0,0,441,,,,,,,,,,,,,,,,,,,,,,,,,,,,,,,,,,,,,,,,,,,,,,,,,,,,,,,,,,,,,,,,,,,,,,,,,,,,,,,,,,,,
2016,Karnataka,29,Koppal,543,Koppal,20,35,0,1,35,0,27,4,0,11,57,141,0,143,4,68,3,1,3,23,2,81,4,49,0,189,0,0,0,0,457,0,0,331,,,,,,,,,,,,,,,,,,,,,,,,,,,,,,,,,,,,,,,,,,,,,,,,,,,,,,,,,,,,,,,,,,,,,,,,,,,,,,,,,,,,
2016,Karnataka,29,Mandya,544,Mandya,59,88,2,1,48,4,82,15,4,54,246,418,0,127,8,117,13,0,33,28,9,401,2,104,0,458,0,0,3,0,1601,0,0,1392,,,,,,,,,,,,,,,,,,,,,,,,,,,,,,,,,,,,,,,,,,,,,,,,,,,,,,,,,,,,,,,,,,,,,,,,,,,,,,,,,,,,
2016,Karnataka,29,Dakshina Kannada,534,Mangaluru City,24,91,0,0,28,0,59,19,11,79,154,229,3,142,18,231,16,22,5,10,0,122,10,38,0,188,0,0,1,0,1148,1,0,726,,,,,,,,,,,,,,,,,,,,,,,,,,,,,,,,,,,,,,,,,,,,,,,,,,,,,,,,,,,,,,,,,,,,,,,,,,,,,,,,,,,,
2016,Karnataka,29,Mysuru,545,Mysuru City,25,42,3,0,50,0,128,9,4,95,117,583,0,68,4,283,4,2,11,20,6,125,4,29,0,105,0,1,4,0,612,0,1,548,,,,,,,,,,,,,,,,,,,,,,,,,,,,,,,,,,,,,,,,,,,,,,,,,,,,,,,,,,,,,,,,,,,,,,,,,,,,,,,,,,,,
2016,Karnataka,29,Mysuru,545,Mysuru District,60,52,4,0,45,0,59,10,1,27,189,427,0,210,2,89,15,1,14,32,5,187,3,72,0,357,0,0,0,0,882,1,0,1120,,,,,,,,,,,,,,,,,,,,,,,,,,,,,,,,,,,,,,,,,,,,,,,,,,,,,,,,,,,,,,,,,,,,,,,,,,,,,,,,,,,,
2016,Karnataka,29,Raichur,546,Raichur,49,50,0,2,46,0,49,6,0,20,142,166,0,291,6,103,7,0,9,44,9,218,5,117,0,273,0,0,3,0,522,5,0,700,,,,,,,,,,,,,,,,,,,,,,,,,,,,,,,,,,,,,,,,,,,,,,,,,,,,,,,,,,,,,,,,,,,,,,,,,,,,,,,,,,,,
2016,Karnataka,29,Bengaluru Urban,525,K.Railways,15,5,2,0,2,0,4,1,8,96,7,1180,0,1,0,6,0,6,0,6,0,5,0,0,0,11,0,0,0,0,5,0,1,61,,,,,,,,,,,,,,,,,,,,,,,,,,,,,,,,,,,,,,,,,,,,,,,,,,,,,,,,,,,,,,,,,,,,,,,,,,,,,,,,,,,,
2016,Karnataka,29,Ramanagara,631,Ramanagara,70,61,2,0,30,0,107,14,26,54,223,439,0,234,3,153,16,1,13,42,9,174,15,63,0,428,0,0,0,0,1433,0,0,877,,,,,,,,,,,,,,,,,,,,,,,,,,,,,,,,,,,,,,,,,,,,,,,,,,,,,,,,,,,,,,,,,,,,,,,,,,,,,,,,,,,,
2016,Karnataka,29,Shivamogga,547,Shimoga,43,124,5,0,103,0,75,9,20,53,281,304,0,276,4,194,7,0,24,58,11,378,4,186,0,315,1,0,12,0,1625,1,0,1400,,,,,,,,,,,,,,,,,,,,,,,,,,,,,,,,,,,,,,,,,,,,,,,,,,,,,,,,,,,,,,,,,,,,,,,,,,,,,,,,,,,,
2016,Karnataka,29,Tumakuru,548,Tumakuru,69,76,2,0,48,0,88,11,16,46,144,274,0,147,10,149,13,0,14,35,22,76,3,68,0,642,0,0,12,0,1531,2,0,972,,,,,,,,,,,,,,,,,,,,,,,,,,,,,,,,,,,,,,,,,,,,,,,,,,,,,,,,,,,,,,,,,,,,,,,,,,,,,,,,,,,,
,,,,,,,,,,,,,,,,,,,,,,,,,,,,,,,,,,,,,,,,,,,,,,,,,,,,,,,,,,,,,,,,,,,,,,,,,,,,,,,,,,,,,,,,,,,,,,,,,,,,,,,,,,,,,,,,,,,,,,,,,,,
year,state_name,state_code,district_name,district_code,registration_circles,murder,clpbl_hmcrd_not_amt_murder,hit_and_run,acdnt_other_than_hit_and_run_,deaths_negl_rel_rail_acdnt,deaths_due_med_negnc,deaths_neg_civic_bodies,deaths_other_negnc,dowry_deaths,abetment_of_suicide,atmpt_cmmt_murder,atmpt_cmmt_clpb_hmcrd,atmpt_cmmt_suicide,miscarr_infant_foetic_aband,vlntrly_caus_simple_hurt,vlntrly_caus_dangers_weapons,vlntrly_caus_pub_srvnt_duty,hrt_endgrng_lf_safety,other_simple_hurt,vlntrly_caus_grvus_hurt,grvus_hrt_dangerous_wepn,acid_attack,atmpt_acid_attack,grvus_hrt_pub_srvnt_duty,grvus_hrt_lf_safety,other_grievous_hurt,wrngful_rest_cnfm,assault_on_women,sex_hrrsmt_work_office_prms,sex_hrrsmt_pub_trnsprt_sys,sex_hrrsmt_shelter_homes,sex_hrrsmt_other_places,intnt_disrbe,voyeurism,stalking,missing_child_kidnpd,other_kidnp_abduc,kidnp_abdctn_begging,kidnp_abdctn_murder,kidnapping_for_ransom,kidnp_abdctn_marrg,proc_minor_girls,import_girls_frgn_cntry,other_kidnp_abduc_sec_365_369,human_trafficking,exp_traf_person,sell_minors_prost,buy_minors_prost,rape,atmpt_rape,unnatural_offences,ofnc_agnst_state_sedition,ofnc_agnst_state_other,ofnc_agnst_pub_trnqul,rioting_communal_religious,rioting_sectarian,rioting_industrial,rioting_political,rioting_caste_conflict,rioting_agrarian,rioting_students,rioting_vigilants,rioting_money_dispute,rioting_water_dispute,rioting_land_property_dispute,rioting_family_disputes,rioting_enmity_rivalry,riot_elec_pwr_disp,riot_andolan_morcha,riot_polc_prsnl_gvt_srvnt,other_rioting,prmt_enmty_grps,impt_asrtns_prjudc_intgrtn,affray,auto_motor_vehicle_theft,other_thefts,day_time_burglary,night_burglary,extortion_and_blackmailing,robbery,atmpt_dacoity_robbery,dacoity,dacoity_with_murder,mkng_prprtn_assmbly_cmmttng_dcty,criminal_misappropriation,criminal_breach_of_trust,dsh_hon_rec_deal_stl_prop,counterfeit_coin,cntrfte_govt_stamp,cntrft_seal_mark,cntrft_curr_bank_notes,bank_frauds,atm_fraud,credit_debit_card_fraud,other_frauds,cheating,forgery,ofnc_elections,disbnc_ordr_prmlgtd_pblc_srvnt,harboring_offender,sale_food_drugs,rash_driving_pub_way,csng_hrt_rsh_nglgnt_drvng_pblc_wy,grvus_hrt_rsh_nglgnt_drvng,obstruction_pub_way,sale_obscene_books_objects,obscene_acts_songs_public_places,ofnc_religion,cheating_impersonation,ofnc_mischief,arson,criminal_trespass,crlty_husbnd_relatives,crcl_false_fake_news_rumours,criminal_intimidation,insult_modesty_women,other_ipc_crimes,
2017,Karnataka,29,Vijayapura,530,Vijayapura,82,0,10,336,0,0,0,11,1,4,86,2,0,8,0,271,0,20,0,52,0,0,0,34,13,0,4,108,0,0,0,12,3,0,2,27,1,0,0,1,1,0,0,24,0,0,0,0,24,1,0,0,0,0,0,0,0,10,10,10,0,0,5,4,95,0,60,0,0,0,82,1,0,7,130,97,19,109,1,56,0,8,0,1,0,5,0,0,0,0,0,0,0,0,0,90,4,0,0,0,0,0,0,694,24,0,0,20,0,8,8,29,105,0,24,0,22,
2017,Karnataka,29,Chikkaballapura,630,Chikkaballapura,26,1,24,210,0,0,0,2,10,8,22,0,2,13,0,344,34,0,0,0,16,0,0,0,39,0,9,32,0,0,0,6,13,0,0,47,5,0,0,0,0,0,0,0,0,0,0,0,5,0,0,0,0,0,0,0,0,0,0,0,0,0,0,0,31,0,120,0,0,0,7,1,0,8,73,94,8,81,2,15,1,4,0,5,0,8,0,0,0,0,2,0,0,0,0,81,17,0,0,0,0,0,350,84,0,0,0,2,0,18,7,24,21,0,42,0,22,
2017,Karnataka,29,Chamarajanagara,531,Chamarajnagar,16,1,5,152,0,0,0,0,2,5,47,1,0,3,63,314,27,0,0,0,6,0,1,0,23,0,0,33,0,0,0,0,102,0,0,23,5,0,0,0,0,0,0,0,0,0,0,0,7,0,0,0,0,0,2,0,0,10,0,0,0,0,10,4,60,8,12,0,0,0,0,0,0,9,50,38,11,46,2,13,0,2,0,0,0,0,0,0,0,0,0,4,3,0,14,19,2,15,2,0,0,28,365,33,0,0,0,14,0,5,7,11,24,0,7,0,20,
2017,Karnataka,29,Chikkamagaluru,532,Chikkamagaluru,15,4,21,164,0,1,1,0,6,5,50,0,1,13,91,366,48,6,0,2,19,0,0,0,17,0,12,120,3,0,0,30,81,0,10,8,29,0,0,1,0,4,0,1,0,0,0,0,11,0,0,0,3,0,3,3,0,3,0,0,2,0,3,1,37,6,11,0,0,0,33,0,0,15,60,113,40,71,0,22,0,9,0,0,0,8,0,0,0,0,1,1,0,1,9,70,16,1,3,0,0,83,307,410,1,0,0,9,0,8,11,48,50,0,53,3,19,
2017,Karnataka,29,Chitradurga,533,Chitradurga,16,1,9,323,0,0,0,6,4,3,46,0,4,3,180,294,38,28,0,0,16,0,0,0,0,0,10,157,0,8,0,0,44,3,1,0,91,0,0,0,0,14,0,0,0,0,0,0,17,2,0,0,0,0,0,0,0,1,0,65,0,0,15,12,30,24,19,0,0,0,0,1,0,4,73,109,18,110,0,23,0,2,0,1,0,8,0,0,0,0,2,0,0,2,0,67,6,0,4,0,0,133,651,453,15,0,0,1,0,17,13,35,48,1,33,1,17,
2017,Karnataka,29,Dakshina Kannada,534,Dakshina Kannada,17,0,0,157,0,1,0,4,0,5,37,0,0,5,0,175,31,0,0,0,13,0,0,0,0,0,1,27,0,0,0,12,5,2,5,19,4,0,0,1,0,0,0,0,0,0,0,0,20,1,0,0,0,0,20,0,0,1,0,0,0,0,0,0,23,0,67,0,0,0,0,8,0,6,45,79,16,81,4,20,0,6,0,2,0,9,0,0,0,0,0,0,0,0,0,35,3,0,0,0,0,73,576,132,0,0,0,6,0,17,4,10,22,0,98,3,34,
2017,Karnataka,29,Davangere,535,Davanagere,33,1,29,228,0,0,0,15,5,17,51,0,3,14,124,301,38,0,37,5,43,0,0,14,2,0,16,111,0,0,0,9,75,0,0,63,17,0,0,0,2,0,0,4,0,0,0,0,13,1,0,0,3,0,13,0,0,1,1,0,0,0,0,0,13,0,0,0,0,0,215,0,0,8,196,121,13,138,1,41,0,8,0,6,1,9,0,0,0,0,0,2,0,0,13,107,15,0,3,0,0,126,334,435,6,0,3,8,0,9,10,46,51,0,35,2,13,
2017,Karnataka,29,Dharwad,536,Dharwad,30,0,28,135,0,0,0,2,2,2,25,0,0,2,52,28,11,0,0,0,16,0,0,4,3,0,0,37,0,0,0,5,0,0,0,5,13,0,0,0,0,0,0,0,0,0,0,0,8,0,0,0,1,0,0,0,0,0,0,4,0,0,0,0,13,3,29,0,0,0,21,0,0,6,31,54,8,30,0,6,0,5,0,3,0,5,0,0,0,0,0,0,0,0,0,54,1,0,0,0,1,52,40,202,0,0,0,8,0,5,7,8,19,0,14,0,4,
2017,Karnataka,29,Gadag,537,Gadag,20,0,4,140,0,0,0,7,0,5,32,0,1,3,0,73,17,0,0,3,27,0,0,0,10,0,0,53,0,0,0,7,4,0,1,0,24,0,0,0,0,0,0,0,0,0,0,0,8,2,1,0,0,0,2,0,0,1,0,4,0,0,0,0,14,4,20,0,0,0,39,0,0,2,40,336,12,66,0,10,1,7,0,4,0,11,0,0,0,0,0,0,0,0,0,55,3,0,0,0,0,14,10,181,9,0,0,3,0,3,4,6,28,0,11,0,1,
2017,Karnataka,29,Kalaburagi,538,Kalaburgi,70,3,38,289,0,2,0,9,7,9,119,1,3,10,176,353,0,0,3,9,60,0,0,63,76,0,14,71,0,0,0,51,6,0,0,32,19,0,0,0,6,4,0,3,0,0,0,0,16,0,0,0,0,14,0,0,1,6,0,0,0,0,0,0,20,0,20,0,0,5,262,0,0,14,147,119,21,125,2,39,2,3,0,22,3,4,0,0,0,0,0,0,0,0,0,98,18,0,3,0,0,94,205,681,17,0,0,23,0,14,10,40,105,0,61,35,77,
2017,Karnataka,29,Hassan,539,Hassan,50,3,29,381,0,0,0,8,9,2,146,0,11,11,0,942,0,0,0,0,54,1,0,72,16,0,12,174,0,23,0,0,36,0,2,51,25,0,0,0,4,0,0,0,1,0,0,0,18,0,0,0,0,0,0,3,0,1,0,0,1,0,0,0,42,12,107,0,0,0,0,1,0,10,152,126,47,204,0,51,1,2,0,2,0,4,0,0,0,0,1,0,0,0,0,119,1,0,2,0,0,154,1239,346,0,0,0,10,0,7,28,55,57,0,114,4,22,
2017,Karnataka,29,Haveri,540,Haveri,25,3,8,200,0,0,0,0,8,9,65,0,11,6,0,188,35,0,0,0,30,0,0,0,18,0,0,112,0,0,0,0,0,0,0,6,19,0,0,0,0,0,0,0,0,0,0,0,17,0,0,0,0,0,1,0,0,2,0,4,0,0,0,0,109,0,40,0,0,0,80,0,0,7,60,251,16,82,2,6,0,4,0,0,0,4,0,0,0,0,0,0,0,0,0,51,16,0,3,0,0,51,197,330,0,1,0,11,0,4,3,12,39,0,9,0,6,
2017,Karnataka,29,Dharwad,536,Hubballi Dharwad City,20,0,12,75,0,0,0,14,2,6,52,0,4,6,49,101,10,2,0,5,22,0,0,6,4,0,5,28,1,2,0,0,6,1,2,36,16,0,0,1,0,0,0,1,0,0,0,0,5,0,0,0,0,1,0,5,0,0,0,0,3,0,4,0,11,2,38,0,0,0,13,2,0,4,257,143,25,124,2,96,0,5,0,5,0,12,0,0,0,0,0,11,0,0,0,128,13,0,0,0,0,52,73,182,1,1,0,1,0,5,13,15,48,0,23,1,3,
2017,Karnataka,29,Belagavi,527,K.G.F.,8,0,24,27,0,1,1,2,5,1,11,0,3,2,5,93,7,1,0,5,16,0,0,0,0,0,0,14,0,0,0,3,5,0,0,15,4,0,0,0,1,0,0,0,0,0,0,0,5,0,0,0,0,0,0,0,0,0,0,0,0,0,1,0,13,0,8,0,0,0,1,1,0,2,15,15,8,35,0,9,0,0,0,0,0,0,0,0,0,0,0,0,1,0,3,17,7,0,0,0,0,4,25,69,0,0,0,1,0,0,3,2,5,0,19,1,3,
2017,Karnataka,29,Kodagu,541,Kodagu,27,2,0,86,0,0,0,3,1,4,66,0,0,2,405,0,0,0,0,21,0,0,0,19,6,0,0,37,0,0,0,0,0,0,0,14,0,0,0,4,2,2,0,32,0,0,0,0,7,0,0,0,0,0,1,0,0,0,0,0,1,0,0,0,2,0,0,0,0,0,12,0,0,9,37,179,17,80,0,5,2,3,0,2,0,8,0,0,0,0,0,0,0,0,0,52,2,0,2,0,0,518,0,0,2,0,0,7,0,13,5,44,22,0,47,1,18,
2017,Karnataka,29,Kolar,542,Kolar,38,0,24,217,0,0,0,0,7,1,39,0,2,6,29,258,23,0,0,0,10,0,0,0,0,0,7,38,0,0,0,7,19,0,0,37,4,0,0,0,0,3,0,0,0,0,0,0,9,0,0,0,1,0,0,0,0,0,1,1,1,0,10,15,59,12,16,0,0,0,58,3,0,2,104,40,8,62,0,31,0,1,0,3,0,6,0,0,0,0,0,0,0,0,0,78,3,0,0,0,0,54,148,265,10,0,0,5,0,14,8,28,23,0,40,0,10,
2017,Karnataka,29,Koppal,543,Koppal,15,0,1,192,0,0,0,5,3,17,37,0,0,2,35,94,28,0,0,0,27,0,0,0,0,0,0,63,0,0,0,14,7,1,1,44,0,0,0,0,0,0,0,0,0,0,0,0,15,0,0,0,0,0,0,1,1,0,0,0,0,0,0,0,48,0,8,0,0,0,79,3,0,9,71,165,14,61,0,14,0,6,0,1,1,11,0,0,0,0,1,0,0,0,0,73,9,0,1,0,1,53,67,312,0,0,0,4,0,0,2,0,49,2,41,1,150,
2017,Karnataka,29,Mandya,544,Mandya,44,1,37,414,0,0,0,2,5,7,123,0,13,2,479,371,0,0,0,0,28,0,1,88,15,0,92,166,3,0,0,131,0,0,62,61,17,0,0,0,15,0,0,0,0,3,0,0,13,1,0,0,1,0,0,0,0,3,2,1,0,0,16,0,41,0,13,0,0,0,16,1,0,25,283,239,35,208,4,54,0,12,0,7,0,14,0,0,0,0,0,0,13,0,29,102,8,1,0,0,0,0,1701,28,4,0,0,3,0,30,19,72,69,0,95,6,79,
2017,Manipur,14,Tamenglong,258,Tamenglong,3,0,0,11,0,0,0,0,0,0,14,0,0,0,0,0,0,0,0,0,0,0,0,0,0,2,0,0,0,0,0,0,0,0,0,0,0,0,1,1,0,0,0,8,1,0,0,0,0,0,0,0,0,0,0,0,0,0,0,0,0,0,0,0,0,0,0,0,0,0,3,0,0,0,0,5,0,0,4,1,0,1,0,0,0,0,0,0,0,0,0,0,0,0,0,2,0,0,0,0,0,0,0,32,0,0,0,0,0,0,3,0,0,0,0,0,15,
2017,Karnataka,29,Dakshina Kannada,534,Mangaluru City,16,2,9,169,0,0,0,4,1,5,69,0,6,8,156,128,44,0,0,2,12,1,0,0,52,0,13,48,0,0,0,36,2,1,1,27,22,0,0,0,0,0,0,0,1,0,0,0,8,0,0,0,0,0,2,0,0,2,0,0,0,0,0,0,3,1,38,0,0,0,40,0,0,13,122,99,32,91,4,54,1,17,0,11,0,4,0,0,0,0,18,1,0,0,27,96,8,0,0,0,0,160,337,617,17,0,0,5,0,42,10,20,52,0,113,6,33,
2017,Karnataka,29,Mysuru,545,Mysuru City,22,4,18,114,0,2,5,0,4,11,45,0,5,6,102,240,39,15,0,2,13,0,0,0,0,0,6,79,0,0,0,11,16,0,3,92,9,0,0,0,2,0,0,0,1,0,0,0,13,1,0,0,0,0,0,4,0,0,0,0,0,0,7,6,8,5,7,0,8,0,0,0,0,5,319,152,15,97,10,63,3,3,0,5,0,7,0,0,0,0,0,0,0,0,10,216,12,0,0,0,0,0,323,325,3,1,0,3,0,8,1,36,29,0,47,4,24,
2017,Karnataka,29,Mysuru,545,Mysuru District,53,5,25,322,0,0,0,1,6,7,77,2,7,2,250,525,62,0,0,14,20,0,0,0,19,0,38,154,0,0,0,55,26,15,20,57,6,0,0,2,1,0,0,4,0,0,0,0,9,0,1,0,0,0,2,0,2,5,0,0,0,0,0,0,68,0,0,0,0,0,163,1,0,45,169,137,29,175,0,19,2,13,0,4,0,8,0,0,0,0,0,0,0,0,0,106,9,33,8,0,0,1081,0,0,1,0,0,14,0,17,12,72,72,0,221,1,38,
2017,Karnataka,29,Raichur,546,Raichur,42,1,33,243,0,0,0,8,3,12,55,0,0,0,0,306,33,227,0,11,61,0,0,7,0,0,45,201,0,0,0,5,4,0,2,15,16,0,0,2,1,0,0,2,4,0,0,0,12,0,0,0,0,0,1,0,1,2,1,1,1,0,0,0,60,0,0,0,0,0,163,1,0,7,84,47,19,66,0,7,0,0,0,0,0,5,0,0,0,0,0,0,0,0,0,110,5,1,4,0,12,0,300,149,4,0,0,12,0,8,12,46,133,0,47,1,22,
2017,Karnataka,29,Bengaluru Urban,525,K.Railways,17,0,0,9,0,0,0,0,0,4,4,0,2,13,22,0,4,0,5,0,7,0,0,0,3,0,0,4,0,0,0,0,0,0,0,7,7,0,0,0,0,0,0,0,0,0,0,0,0,0,0,0,0,0,0,0,0,0,0,0,0,0,0,0,0,0,0,0,0,0,0,0,0,2,28,1489,1,0,0,90,0,1,0,8,2,0,0,0,0,0,0,0,0,0,0,7,1,0,0,0,0,0,2,4,0,0,0,0,0,4,0,0,1,0,3,0,10,
2017,Karnataka,29,Ramanagara,631,Ramanagara,42,1,50,337,0,0,0,1,9,9,55,1,19,3,16,443,38,0,0,0,29,0,0,0,23,0,16,127,0,0,0,24,22,0,4,76,12,0,0,7,0,0,0,7,0,0,0,0,12,1,0,0,0,0,0,0,0,0,0,10,0,0,0,0,34,0,25,0,0,0,47,0,0,9,240,291,55,131,5,47,1,10,0,42,0,14,0,0,0,0,0,0,0,0,0,131,23,0,0,0,0,130,1015,215,2,0,0,1,0,12,6,68,55,0,76,1,23,
2017,Karnataka,29,Shivamogga,547,Shimoga,44,9,23,295,0,0,0,6,1,3,112,0,6,9,47,718,81,0,0,8,26,0,0,9,16,0,17,288,0,0,0,74,69,2,10,91,8,0,0,0,1,0,0,1,1,0,0,0,19,0,1,0,1,0,1,0,0,0,0,32,1,0,1,2,63,0,40,0,0,0,108,0,0,18,202,189,42,216,9,70,3,10,0,6,3,6,0,0,0,0,0,0,1,0,0,176,11,0,2,0,0,123,867,433,1,0,0,17,0,18,27,78,191,0,216,5,37,
2017,Karnataka,29,Tumakuru,548,Tumakuru,44,3,56,564,0,0,0,20,8,4,62,0,7,9,454,109,0,0,0,0,54,0,0,63,13,0,10,43,0,0,0,10,14,3,1,0,48,0,0,2,0,21,0,0,0,0,0,0,17,1,0,0,2,0,0,1,0,2,0,4,0,0,7,0,38,0,0,0,0,0,97,1,0,15,211,157,22,119,5,48,4,14,0,18,0,12,0,0,0,0,1,0,0,0,0,164,24,1,0,0,0,232,403,1058,1,0,0,5,0,24,14,79,36,0,113,5,48,
2017,Karnataka,29,Udupi,549,Udupi,12,0,6,220,0,0,1,2,2,0,14,0,1,0,118,113,7,0,0,6,14,0,0,2,0,0,4,76,0,0,2,15,16,0,3,19,9,6,1,0,0,0,0,1,0,0,0,0,14,0,0,0,0,0,2,0,0,0,0,0,2,0,2,0,19,0,25,0,0,0,26,0,0,7,37,66,10,69,3,27,0,6,0,0,0,19,0,0,0,0,0,1,0,0,0,98,7,0,0,0,0,124,383,581,0,0,0,2,0,7,5,33,31,0,71,2,37,
2017,Karnataka,29,Uttara Kannada,550,Uttara Kannada,20,0,22,222,0,0,0,3,0,3,41,0,1,0,173,180,54,17,0,2,34,0,0,0,0,0,5,107,0,0,0,10,30,0,3,30,1,0,0,0,1,0,0,1,0,0,0,0,11,0,0,0,0,0,34,0,0,1,0,0,1,0,3,0,30,2,52,0,0,0,85,0,0,3,50,103,19,105,1,16,0,7,0,1,0,36,0,0,0,0,0,6,2,0,6,70,0,0,0,0,0,97,465,428,2,0,0,76,0,8,10,24,30,0,50,7,39,
2017,Karnataka,29,Yadgir,635,Yadgiri,27,2,5,134,0,0,0,2,3,4,34,1,1,1,19,121,10,2,0,8,26,0,0,0,19,0,8,124,3,0,0,6,2,0,1,6,2,0,0,3,7,6,0,0,0,0,0,0,3,0,0,0,0,0,0,0,0,3,0,0,1,0,0,1,30,3,10,0,0,0,58,0,0,4,35,128,6,31,1,4,0,3,0,0,0,1,0,0,0,0,0,0,0,1,0,27,1,0,0,0,0,23,20,237,5,0,0,7,0,4,5,13,50,0,4,0,37,
2017,Karnataka,29,Belagavi,527,Belagavi City,18,0,14,130,0,0,0,12,0,7,57,1,1,4,0,123,31,2,0,2,26,0,0,4,6,0,2,41,0,0,0,4,2,0,5,18,9,0,0,1,3,8,0,5,2,0,0,0,5,0,0,0,1,0,6,0,0,1,0,0,0,0,0,0,27,0,0,0,0,0,79,18,0,5,147,88,43,148,2,45,0,8,0,3,1,5,0,0,0,0,1,0,4,0,0,109,3,0,2,0,0,54,47,437,7,0,0,4,0,15,8,11,44,0,73,1,8,
,,,,,,,,,,,,,,,,,,,,,,,,,,,,,,,,,,,,,,,,,,,,,,,,,,,,,,,,,,,,,,,,,,,,,,,,,,,,,,,,,,,,,,,,,,,,,,,,,,,,,,,,,,,,,,,,,,,,,,,,,,,
2018,Karnataka,29,Bagalkote,524,Bagalkot,35,3,30,311,0,0,0,6,2,9,52,1,1,0,6,108,28,0,0,4,23,0,0,1,0,0,9,73,0,0,1,2,95,2,2,13,9,0,0,0,2,0,0,4,0,0,0,0,6,0,0,0,0,0,0,0,0,4,0,10,0,0,0,0,22,10,20,0,0,0,37,0,0,7,60,43,13,51,0,12,1,5,0,4,0,5,0,0,0,0,2,4,0,0,0,93,6,55,0,0,1,46,33,431,4,1,0,9,0,5,4,18,19,0,23,2,97,
2018,Karnataka,29,Bengaluru Urban,525,Bengaluru City,218,32,142,521,0,1,3,137,53,116,606,1,19,38,782,2161,204,43,3,61,197,2,0,16,90,1,65,503,20,3,8,124,75,20,76,949,55,0,1,42,2,23,0,18,8,1,0,0,106,0,2,0,0,0,0,0,2,11,0,0,2,1,15,1,63,9,46,0,4,6,98,4,0,57,5441,3944,451,1126,183,949,59,53,0,402,1,168,2,0,2,0,12,51,13,22,421,2504,48,91,62,0,1,649,1247,2052,239,4,3,12,0,150,75,426,410,1,593,83,975,
2018,Himachal Pradesh,2,Shimla,23,Cyber,0,0,0,0,0,0,0,0,0,0,0,0,0,0,0,0,0,0,0,0,0,0,0,0,0,0,0,0,0,0,0,0,0,0,0,0,0,0,0,0,0,0,0,0,0,0,0,0,0,0,0,0,0,0,0,0,0,0,0,0,0,0,0,0,0,0,0,0,0,0,0,0,0,0,0,0,0,0,0,0,0,0,0,0,0,0,0,0,0,0,0,0,0,0,0,2,0,0,0,0,0,0,0,0,0,0,0,0,0,0,0,0,0,0,0,0,0,
2018,Karnataka,29,Bengaluru Urban,525,Bengaluru District,73,1,27,609,0,0,0,10,10,27,101,0,7,5,436,0,42,0,0,0,27,0,0,47,0,0,9,0,39,55,0,56,0,0,0,27,114,0,0,18,3,0,0,0,0,0,0,0,17,0,0,0,0,0,0,0,33,26,10,3,0,0,0,0,38,69,0,0,0,1,0,1,0,11,520,294,80,213,0,68,0,20,0,24,0,15,0,0,0,0,1,0,0,0,0,298,23,21,1,0,0,0,1545,138,23,0,0,0,0,9,10,99,66,0,85,0,21,
2018,Karnataka,29,Belagavi,527,Belagavi District,64,1,60,544,0,0,0,13,3,26,112,1,2,6,48,274,35,0,0,10,107,0,0,4,27,0,13,129,0,0,0,11,97,1,1,16,41,0,0,0,4,1,0,4,0,0,0,0,23,0,0,0,0,0,1,0,0,11,3,25,0,0,1,4,78,25,40,0,0,0,127,3,0,8,202,117,19,169,2,33,0,6,0,4,0,14,0,0,0,0,1,0,1,1,1,103,14,50,9,0,4,48,97,1230,1,0,0,14,0,10,16,42,103,0,101,2,9,
2018,Karnataka,29,Ballari,528,Ballari,30,0,35,274,0,0,0,5,9,11,71,2,6,3,108,156,26,0,0,1,20,1,0,5,54,0,14,126,0,0,0,13,4,0,1,57,22,0,0,1,6,0,0,0,0,0,0,0,15,0,0,0,0,0,0,6,4,9,0,4,1,0,0,0,89,0,11,0,0,0,21,0,0,5,146,102,25,108,0,27,1,3,0,1,0,16,0,0,0,0,0,0,0,0,0,156,11,43,12,0,0,89,574,27,2,0,0,7,0,8,5,33,39,0,28,1,27,
2018,Karnataka,29,Bidar,529,Bidar,43,3,38,231,0,1,1,6,9,13,70,10,1,6,143,552,44,0,1,5,52,0,0,4,0,0,14,76,2,0,0,0,1,0,5,4,22,1,0,1,13,9,0,1,0,0,0,0,9,1,0,0,1,0,1,0,0,6,0,0,1,0,6,2,47,8,70,0,5,0,5,0,0,23,125,81,21,92,2,30,0,9,0,2,0,13,0,0,0,0,1,7,1,0,5,30,6,22,4,0,0,93,301,624,7,0,1,15,0,12,16,69,88,1,41,5,77,
2018,Karnataka,29,Vijayapura,530,Vijayapura,66,1,33,340,0,0,0,10,2,16,85,0,2,5,226,0,0,0,2,0,64,0,0,27,58,0,6,87,0,0,0,8,12,0,2,35,5,0,0,0,1,0,0,7,0,0,0,0,6,0,0,0,0,0,0,0,0,5,13,49,0,0,15,26,36,15,36,0,0,0,11,2,0,6,126,115,13,102,0,24,0,4,0,9,0,4,1,0,0,0,1,0,0,0,0,50,7,27,4,0,0,0,0,639,13,0,0,12,0,9,6,14,79,0,25,0,24,
2018,Karnataka,29,Chikkaballapura,630,Chikkaballapura,33,1,30,229,0,0,0,12,2,16,42,0,5,11,0,374,31,0,0,0,21,1,0,0,0,0,8,10,0,0,0,17,22,0,4,39,4,0,0,0,0,0,0,0,1,0,0,0,7,0,0,0,0,0,0,0,0,2,0,20,0,0,0,0,39,20,40,0,0,0,57,0,0,5,72,78,12,60,0,10,0,3,0,3,0,29,0,0,0,0,1,0,0,0,0,85,18,62,7,0,0,10,366,79,0,0,0,2,0,8,9,31,20,0,49,0,9,
2018,Karnataka,29,Chamarajanagara,531,Chamarajnagar,17,0,14,140,0,0,0,0,4,10,60,0,5,1,26,337,40,0,0,1,11,0,0,1,6,0,2,61,0,0,0,10,76,0,5,28,5,0,0,0,0,0,0,0,0,0,0,0,12,0,1,0,0,0,0,0,0,6,0,0,1,0,5,4,14,11,41,0,0,0,8,0,0,20,72,57,4,56,3,14,0,2,0,0,0,1,0,0,0,0,0,0,0,0,20,27,9,18,4,0,0,45,348,32,28,0,0,10,0,2,2,24,31,0,19,1,12,
2018,Karnataka,29,Chikkamagaluru,532,Chikkamagaluru,32,6,32,136,0,0,0,2,2,9,56,1,1,1,72,315,20,3,1,7,8,0,0,11,12,0,12,72,0,0,1,8,28,0,2,51,5,0,0,0,0,0,0,2,0,0,0,0,16,0,0,0,0,0,0,1,0,1,0,0,0,0,1,1,71,3,33,0,0,0,0,1,0,11,42,162,25,57,0,12,0,3,0,2,0,6,0,0,0,0,0,9,0,0,10,62,14,12,0,0,0,116,235,384,0,0,0,9,0,12,5,35,58,0,74,0,13,
2018,Karnataka,29,Chitradurga,533,Chitradurga,20,6,26,321,0,0,0,4,3,9,38,0,7,8,135,218,32,0,0,8,2,0,0,0,18,0,8,135,2,0,0,8,59,0,2,18,32,0,0,0,0,2,0,0,0,0,0,0,6,0,0,0,0,0,0,0,0,1,2,16,0,0,0,5,48,16,32,0,0,0,4,1,0,5,81,244,19,84,0,14,0,2,0,2,2,10,0,0,0,0,2,0,0,0,0,73,8,20,4,0,0,132,709,303,39,0,0,2,0,9,5,25,46,0,38,1,14,
2018,Karnataka,29,Dakshina Kannada,534,Dakshina Kannada,10,0,3,112,0,0,0,6,1,6,3,1,0,0,0,239,26,0,0,0,12,0,0,0,4,0,4,34,1,0,0,9,3,1,5,22,1,0,0,0,0,0,0,1,0,0,0,0,15,0,0,0,2,0,0,0,0,0,0,0,0,0,0,0,46,2,20,0,0,0,19,15,0,18,29,65,7,66,0,15,1,2,0,4,0,8,0,0,0,0,0,0,0,0,0,51,17,4,3,0,0,70,585,138,3,0,0,2,0,18,1,10,6,0,119,2,20,
2018,Karnataka,29,Davangere,535,Davanagere,31,1,56,245,0,0,0,9,9,19,57,0,5,4,83,221,38,0,1,11,46,0,0,3,6,0,9,70,0,0,0,7,83,0,0,70,0,0,0,0,2,3,0,4,0,0,0,0,20,2,1,0,0,0,0,0,0,6,0,20,1,0,0,0,83,25,45,0,0,0,21,2,0,10,207,209,24,103,4,30,2,11,0,1,0,10,0,0,0,0,1,0,0,0,5,126,10,21,10,0,0,31,348,471,3,0,0,1,0,12,6,51,29,0,24,1,12,
2018,Karnataka,29,Dharwad,536,Dharwad,12,0,31,159,0,0,0,3,0,6,28,0,0,2,34,45,12,0,0,0,15,0,0,0,0,0,2,18,0,0,0,8,1,0,0,1,17,0,0,0,0,0,0,0,0,0,0,0,1,0,0,0,0,0,1,0,0,1,3,2,0,0,0,0,16,9,0,0,0,0,23,0,0,1,22,40,7,24,1,2,0,0,0,2,0,10,0,0,0,0,0,0,0,0,0,21,1,10,0,0,0,48,19,237,0,1,0,4,0,1,4,8,8,0,11,0,9,
2018,Karnataka,29,Gadag,537,Gadag,14,0,2,118,0,0,0,6,0,8,42,0,4,2,0,92,11,0,0,0,19,0,0,0,0,0,5,43,0,0,0,2,4,2,5,0,16,0,0,0,0,0,0,0,0,0,0,0,4,1,0,0,0,0,1,0,0,4,0,0,0,0,0,0,30,7,3,0,0,0,33,0,0,0,40,271,5,42,0,11,1,1,0,5,0,5,0,0,0,0,0,0,0,0,0,44,6,20,0,0,0,20,21,210,5,0,0,2,0,4,2,3,29,0,21,0,19,
2018,Karnataka,29,Kalaburagi,538,Kalaburgi,64,1,51,323,0,1,0,9,15,23,107,0,0,5,226,270,59,0,0,11,46,1,0,15,3,0,12,177,0,0,0,7,7,0,1,6,19,0,0,0,23,2,0,2,0,0,1,0,14,1,0,0,0,41,0,0,3,3,0,45,0,0,0,0,2,35,105,0,0,0,66,0,0,7,196,112,27,132,2,45,1,4,0,22,2,6,0,0,0,0,0,4,0,0,14,59,15,18,5,0,0,54,116,769,5,0,0,15,0,17,15,40,134,0,29,9,31,
2018,Karnataka,29,Hassan,539,Hassan,48,0,24,399,0,0,0,17,6,23,146,0,8,13,523,419,0,0,0,0,56,0,0,48,16,0,11,170,0,0,14,0,36,0,7,68,14,0,0,0,3,0,0,0,0,0,0,0,20,0,0,0,0,0,2,0,0,8,1,0,0,0,0,0,41,18,38,0,0,0,43,0,0,4,187,129,53,163,4,43,0,9,0,1,0,3,0,0,0,0,0,0,0,0,0,127,4,22,12,0,0,1312,0,422,0,0,0,7,0,9,22,45,57,0,102,2,14,
2018,Karnataka,29,Haveri,540,Haveri,17,7,10,242,0,0,0,0,4,9,35,0,2,5,0,195,29,0,0,0,24,0,0,0,23,0,1,106,0,0,0,0,0,0,0,16,17,0,0,0,0,0,0,0,0,0,0,0,9,0,0,0,0,0,5,0,0,3,0,0,0,0,0,0,106,0,52,0,0,0,51,0,0,1,81,138,11,80,0,12,1,9,0,1,0,3,0,0,0,0,1,0,0,0,0,65,10,6,0,0,0,66,206,279,1,0,0,2,0,1,5,10,26,0,10,0,15,
2018,Karnataka,29,Dharwad,536,Hubballi Dharwad City,26,0,12,72,0,0,0,11,2,7,48,0,3,11,33,72,20,0,0,4,16,0,0,0,5,0,9,35,0,0,0,1,1,0,1,28,6,0,0,1,0,0,0,5,0,0,0,0,5,0,0,0,0,0,1,0,2,0,0,0,0,0,5,2,8,3,30,0,0,0,4,2,0,3,177,93,13,67,1,43,0,2,0,0,0,16,0,0,0,0,0,9,2,0,0,106,10,14,0,0,0,52,66,168,1,1,0,2,1,3,9,17,57,0,38,0,10,
2018,Karnataka,29,Belagavi,527,K.G.F.,6,1,23,29,0,0,0,5,2,4,18,0,9,1,17,106,6,0,0,2,9,0,0,1,1,0,0,16,0,0,0,7,2,0,0,6,5,0,0,1,0,0,0,0,0,0,0,0,5,0,0,0,0,0,0,0,0,0,0,0,0,0,5,1,14,0,6,0,0,0,1,0,0,6,21,13,3,44,1,9,1,1,0,2,0,0,0,0,0,0,0,1,0,0,5,15,7,5,0,0,0,14,38,85,0,0,0,0,0,1,0,4,7,0,14,1,4,
2020,Gujarat,24,Gandhinagar,446,Cyber Gandhinagar Range,0,0,0,0,0,0,0,0,0,0,0,0,0,0,0,0,0,0,0,0,0,0,0,0,0,0,0,0,0,0,0,0,0,0,0,0,0,0,0,0,0,0,0,0,0,0,0,0,0,0,0,0,0,0,0,0,0,0,0,0,0,,0,0,0,0,0,0,0,0,0,0,0,0,0,0,0,0,0,0,0,0,0,0,0,0,0,0,0,0,0,0,0,0,0,3,0,0,0,0,0,0,0,0,0,0,0,0,0,0,0,0,0,0,0,0,0,
2018,Karnataka,29,Kodagu,541,Kodagu,24,3,7,68,0,0,0,5,1,14,53,0,0,3,0,388,0,0,0,12,0,0,0,25,8,0,2,25,0,0,0,10,8,1,1,34,0,0,0,0,0,0,0,1,0,0,0,0,10,0,0,0,0,0,0,0,0,0,0,0,2,0,0,0,10,2,0,0,0,0,0,0,0,0,31,103,22,73,0,9,0,1,0,0,0,4,0,0,0,0,0,0,0,0,0,74,1,6,9,0,0,72,401,0,0,0,0,2,0,7,8,27,21,0,56,2,13,
2018,Karnataka,29,Kolar,542,Kolar,24,0,8,218,0,0,0,0,7,2,34,0,8,4,4,277,0,0,0,7,12,1,0,29,0,0,11,36,0,0,0,6,22,1,2,51,1,0,0,0,0,0,0,0,0,0,0,0,6,0,0,0,0,0,0,0,0,1,0,0,0,0,5,0,36,4,4,0,0,0,67,0,0,1,80,62,14,54,5,14,0,4,0,5,0,6,0,0,0,0,0,5,1,0,1,62,6,19,3,0,0,71,131,261,0,0,0,5,0,14,5,23,10,0,38,0,14,
2018,Karnataka,29,Koppal,543,Koppal,13,0,9,186,0,0,0,2,3,8,39,0,3,9,37,62,22,0,0,0,18,0,0,0,0,0,10,75,0,0,0,5,4,0,1,25,7,0,0,0,1,0,0,0,0,0,0,0,11,0,0,2,0,0,2,0,3,7,4,0,4,0,0,1,53,19,55,0,0,0,2,3,0,5,56,407,22,58,0,5,0,13,0,0,1,5,0,0,0,0,1,0,0,0,0,56,5,58,0,0,0,60,59,295,15,0,0,4,0,5,2,34,42,0,45,0,21,
2018,Karnataka,29,Mandya,544,Mandya,46,1,24,457,0,0,0,6,5,41,102,0,14,1,344,565,0,0,0,0,10,0,0,52,12,0,48,75,10,0,0,9,104,4,10,43,31,0,0,0,1,0,0,41,0,3,0,0,11,0,0,0,0,0,0,0,0,1,0,1,0,0,6,0,58,14,9,0,0,0,0,0,0,11,332,162,37,189,8,57,5,8,0,5,0,7,0,0,0,0,0,1,18,0,33,47,8,22,51,0,1,0,1437,271,1,0,0,6,0,42,12,54,51,0,77,4,47,
2018,Karnataka,29,Dakshina Kannada,534,Mangaluru City,21,1,17,150,0,0,0,2,0,4,67,0,5,1,124,109,25,0,0,3,24,0,0,8,40,0,5,71,0,0,0,14,6,1,1,26,7,0,0,0,0,0,0,0,3,0,0,0,10,0,0,0,0,0,0,0,0,3,0,0,1,0,0,0,0,8,28,0,0,0,16,5,0,5,136,111,11,87,4,73,3,9,0,8,0,9,0,0,0,0,1,15,0,0,7,128,6,4,3,0,0,134,223,648,9,0,0,10,0,15,3,30,35,0,114,2,21,
2018,Karnataka,29,Mysuru,545,Mysuru City,24,1,15,132,0,1,0,5,7,15,63,0,5,2,116,226,40,10,0,3,11,0,0,0,0,0,6,45,0,0,0,7,22,1,2,111,9,0,0,0,1,0,0,0,0,0,0,0,12,2,0,0,0,0,0,5,0,4,1,0,1,0,13,0,16,10,11,0,0,1,0,0,0,11,283,156,16,81,2,72,5,1,0,0,1,25,0,0,0,0,1,0,0,42,6,187,8,21,11,0,0,0,263,421,2,1,1,6,0,9,8,39,40,0,33,3,17,
2018,Karnataka,29,Mysuru,545,Mysuru District,51,2,0,403,0,0,0,3,7,2,69,0,29,2,676,0,48,0,0,0,19,0,0,0,16,0,23,200,0,0,0,38,0,0,0,14,54,0,0,0,1,0,0,9,9,0,0,0,14,0,0,0,0,0,0,0,0,5,0,0,0,0,0,0,161,0,0,0,0,0,0,2,0,32,168,160,22,148,0,44,0,2,0,2,0,7,0,0,0,0,0,0,0,0,0,67,0,47,12,0,0,1068,0,0,7,0,0,6,0,13,5,43,48,0,145,1,27,
2018,Karnataka,29,Raichur,546,Raichur,29,3,37,249,0,0,0,6,4,13,52,0,5,3,78,168,31,0,0,18,38,0,0,0,108,0,41,150,0,0,0,19,26,0,0,0,32,0,0,0,0,0,0,7,0,0,0,0,23,0,0,0,0,0,8,0,0,4,1,20,0,0,0,0,48,15,65,0,0,0,64,0,0,8,67,186,14,94,0,8,0,3,0,0,0,14,0,0,0,0,1,0,0,0,0,91,2,55,8,0,0,3,110,301,21,0,0,8,0,9,4,58,98,0,36,0,20,
2018,Karnataka,29,Bengaluru Urban,525,K.Railways,15,0,0,0,0,0,0,1,0,11,3,0,4,8,14,0,4,0,17,0,4,0,0,0,1,0,1,7,0,0,0,0,0,0,0,2,3,0,0,0,0,0,0,0,1,0,0,0,0,0,0,0,1,0,0,0,0,0,0,0,0,0,0,0,0,0,0,0,0,0,0,0,0,2,28,1070,0,7,0,62,0,6,0,7,0,0,0,0,0,0,0,0,0,0,0,1,0,0,0,0,0,0,2,2,0,0,0,0,0,1,0,0,1,0,1,0,4,
2018,Karnataka,29,Ramanagara,631,Ramanagara,58,0,53,319,0,0,0,0,6,17,60,0,1,3,10,441,32,0,2,3,15,0,0,0,32,0,10,110,14,0,0,0,9,0,1,105,0,0,0,4,1,3,0,0,1,0,0,0,5,0,0,0,0,0,0,0,0,0,0,0,0,0,0,0,61,27,8,0,0,0,0,1,0,12,205,187,50,98,3,46,0,5,0,25,0,6,0,0,0,0,0,0,0,0,0,136,5,17,1,0,0,164,570,596,2,0,0,0,0,4,4,58,59,0,63,1,25,
2018,Karnataka,29,Shivamogga,547,Shimoga,36,5,16,290,0,0,0,25,7,31,122,0,2,7,21,663,73,9,0,4,41,0,0,1,16,0,20,266,0,0,0,42,101,2,2,89,12,0,0,1,1,0,0,1,0,0,0,0,18,0,0,0,0,0,1,0,0,2,0,45,1,0,0,3,47,20,54,0,0,0,59,1,0,16,194,218,56,212,3,72,2,8,0,27,0,8,0,0,0,0,1,2,1,0,0,169,15,22,5,0,0,126,590,579,0,0,0,12,0,10,21,71,135,0,208,5,13,
2018,Karnataka,29,Tumakuru,548,Tumakuru,60,4,60,627,0,0,0,29,9,24,50,0,4,18,38,465,0,0,0,0,34,1,0,59,221,0,8,52,0,0,0,5,31,0,0,17,47,0,0,1,2,14,0,1,4,0,0,0,19,0,0,0,0,0,0,0,0,4,0,0,0,0,2,0,62,15,51,0,0,0,2,0,0,16,188,321,40,152,5,74,0,7,0,12,0,13,0,0,0,0,0,0,0,0,0,144,20,38,0,0,0,276,394,908,2,0,0,0,0,13,14,67,40,0,95,2,16,
2018,Karnataka,29,Udupi,549,Udupi,17,0,10,213,0,0,1,15,0,11,27,0,5,1,105,91,26,0,0,4,5,0,0,0,6,0,5,94,0,0,1,3,11,0,2,10,2,0,0,0,0,0,0,5,0,0,0,0,15,0,0,0,0,0,1,0,0,6,0,0,0,0,1,0,17,0,30,0,0,0,1,0,0,6,35,87,6,86,3,39,2,18,0,1,0,8,0,0,0,0,0,1,0,0,0,94,12,20,1,0,0,76,343,630,0,0,0,3,0,14,4,30,35,0,63,2,14,
2018,Karnataka,29,Uttara Kannada,550,Uttara Kannada,20,1,23,235,0,0,0,8,3,15,16,0,1,1,59,247,51,16,0,0,28,0,0,0,0,0,0,87,0,6,0,0,22,0,3,38,6,0,0,0,4,0,0,1,0,0,0,0,13,2,0,0,0,0,0,0,0,2,5,0,0,0,1,0,24,0,93,2,0,0,0,0,0,6,54,98,10,84,0,19,1,9,0,0,0,31,0,0,0,0,0,0,0,0,2,97,13,4,0,0,0,108,346,466,2,0,0,7,0,4,6,23,39,0,50,6,14,
2018,Karnataka,29,Yadgir,635,Yadgiri,22,1,6,126,0,0,0,3,2,9,49,8,1,5,31,163,16,2,0,5,21,0,0,0,1,0,13,134,0,0,0,4,6,0,0,8,11,0,0,0,5,1,0,2,0,0,0,0,5,1,0,0,0,0,0,1,0,10,1,3,0,0,5,1,38,15,14,0,0,0,47,1,0,3,27,120,5,26,0,3,0,0,0,3,0,2,0,0,0,0,0,3,0,0,0,29,1,6,7,0,0,32,28,259,15,0,0,4,0,1,7,15,42,1,13,0,15,
2018,Karnataka,29,Belagavi,527,Belagavi City,15,0,12,122,0,0,0,12,1,11,55,3,1,1,3,118,14,0,0,3,43,0,0,1,9,0,4,27,1,0,0,2,5,2,4,16,13,0,0,2,4,11,0,1,0,0,0,0,4,0,0,0,0,0,5,1,0,1,0,1,0,1,6,2,18,9,29,0,1,0,21,9,0,11,161,90,33,87,6,24,2,3,0,10,0,5,0,0,0,0,2,0,1,2,0,115,6,8,2,0,0,62,26,385,3,0,1,4,0,15,18,14,45,0,46,0,9,
,,,,,,,,,,,,,,,,,,,,,,,,,,,,,,,,,,,,,,,,,,,,,,,,,,,,,,,,,,,,,,,,,,,,,,,,,,,,,,,,,,,,,,,,,,,,,,,,,,,,,,,,,,,,,,,,,,,,,,,,,,,
2019,Karnataka,29,Bagalkote,524,Bagalkot,37,0,29,301,0,1,0,6,5,8,52,1,0,5,40,70,1,0,0,2,35,0,0,14,15,0,5,71,0,1,1,3,101,0,3,37,0,0,0,1,1,0,0,2,0,0,0,0,2,0,1,4,0,0,0,0,0,2,0,1,0,,0,0,36,0,0,0,0,0,73,2,0,4,89,130,13,58,0,12,0,5,0,3,0,2,0,0,0,0,1,0,0,0,0,65,7,3,0,0,3,29,38,451,1,0,0,11,0,2,0,13,30,1,25,1,14,
2019,Karnataka,29,Bengaluru Urban,525,Bengaluru City,204,15,200,563,0,3,49,109,40,150,556,0,13,48,706,1899,217,41,3,49,179,4,1,10,69,0,41,484,12,3,3,140,72,12,77,936,68,0,0,31,3,6,0,9,7,0,0,0,143,5,1,2,0,0,0,0,0,4,0,0,4,,4,0,41,4,26,0,8,1,100,12,0,73,4772,2945,324,947,114,703,27,39,0,366,2,127,0,0,1,0,7,34,9,10,329,2242,91,17,21,0,2,565,1258,2196,676,1,23,8,0,121,67,420,469,4,413,51,390,
2019,Karnataka,29,Bengaluru Urban,525,Bengaluru District,71,1,14,573,0,0,0,9,7,30,65,0,0,4,407,0,31,49,0,0,13,2,0,0,0,0,5,62,2,30,24,6,0,0,0,123,35,0,0,2,2,7,0,13,1,0,0,0,17,0,0,0,2,0,1,0,20,3,0,0,1,,0,0,32,23,1,0,0,0,12,0,0,12,596,274,61,206,3,91,0,21,0,31,0,25,0,0,0,0,1,0,0,0,0,281,19,23,1,0,0,77,1585,21,32,0,0,4,0,9,11,110,82,0,80,1,29,
2019,Karnataka,29,Belagavi,527,Belagavi District,68,7,95,535,0,0,1,42,1,25,118,0,5,6,57,251,39,5,1,5,106,0,0,2,15,0,7,119,0,0,0,18,72,1,2,20,32,0,1,1,3,4,0,3,0,0,0,0,22,0,0,1,0,0,0,0,0,1,0,3,0,,0,0,60,0,0,0,0,0,177,10,0,5,153,83,26,141,1,26,1,6,0,3,0,8,0,0,0,0,3,0,0,0,0,135,20,14,3,0,1,52,49,1148,4,0,0,5,0,14,7,36,112,0,79,3,11,
2019,Karnataka,29,Ballari,528,Ballari,42,1,27,290,0,0,0,5,3,11,85,2,6,7,181,130,60,0,0,0,25,0,0,0,63,0,24,75,0,0,0,15,37,0,11,55,29,0,0,0,1,4,0,0,6,0,0,0,25,0,0,4,0,0,0,0,0,1,2,0,0,,0,0,51,0,0,0,0,0,132,0,0,5,146,423,17,127,2,20,0,3,0,1,0,15,0,0,0,0,0,0,3,0,12,125,5,34,5,0,0,0,291,399,3,1,0,8,0,7,7,27,69,0,42,3,11,
2019,Karnataka,29,Bidar,529,Bidar,50,2,36,232,0,0,0,10,8,18,69,8,11,9,142,511,41,0,0,15,41,0,0,0,116,0,17,71,0,0,0,5,3,0,5,14,20,0,0,1,4,6,0,0,0,0,0,0,14,2,0,0,0,0,0,0,0,2,0,0,1,,3,0,19,0,81,0,0,0,0,0,0,21,119,84,14,115,4,35,0,3,0,2,0,16,0,0,0,0,1,0,0,0,0,37,5,6,1,0,0,92,216,610,3,0,0,12,0,8,7,64,111,0,34,5,19,
2019,Karnataka,29,Vijayapura,530,Vijayapura,59,3,18,326,0,0,0,12,3,13,100,0,1,1,0,243,0,0,0,50,0,0,0,22,27,0,15,109,0,0,0,0,4,0,0,43,0,0,0,0,1,0,0,12,0,0,0,0,8,0,0,0,0,0,0,0,0,4,0,53,0,,25,20,32,10,30,0,0,0,20,1,0,4,110,230,17,71,0,36,0,5,0,6,0,6,0,0,0,0,3,12,0,0,0,74,11,10,0,0,4,0,0,519,1,0,0,6,0,4,2,17,87,2,45,2,21,
2019,Karnataka,29,Chikkaballapura,630,Chikkaballapura,24,2,28,221,0,0,0,4,4,16,50,0,5,8,0,402,42,0,0,0,19,0,0,0,18,0,5,17,0,0,0,13,26,1,6,36,17,0,0,1,2,0,0,1,0,0,0,0,16,0,0,0,2,0,0,0,2,6,0,0,0,,0,0,52,0,14,0,0,0,111,3,0,4,72,105,16,60,3,30,2,6,0,5,0,5,0,0,0,0,0,0,0,0,0,103,11,21,3,0,0,0,221,150,0,0,0,3,0,9,4,25,17,0,46,0,5,
2019,Karnataka,29,Chamarajanagara,531,Chamarajnagar,21,2,12,131,0,0,0,0,3,8,65,1,4,0,87,264,21,0,0,0,7,0,0,0,4,0,1,56,0,0,0,2,88,0,1,28,1,0,0,0,0,0,0,0,0,0,0,0,9,0,0,1,0,0,2,2,0,0,3,0,0,,11,9,32,0,42,0,0,0,3,0,0,15,69,36,20,35,1,9,0,6,0,0,1,0,0,0,0,0,1,1,0,0,13,21,6,22,1,0,0,20,246,180,15,0,0,5,0,3,7,20,52,0,16,2,10,
2019,Karnataka,29,Chikkamagaluru,532,Chikkamagaluru,23,6,32,157,0,0,0,8,5,17,69,5,4,7,103,388,34,9,0,7,14,0,0,6,17,0,9,83,4,0,2,6,39,4,6,42,17,0,0,1,1,0,0,0,0,0,0,0,16,0,0,0,0,0,3,0,0,0,0,0,0,,1,1,44,3,10,0,0,0,0,0,0,11,55,259,29,72,0,39,0,4,0,0,0,4,0,0,0,0,1,0,0,0,0,73,10,3,0,0,0,97,294,304,0,0,0,8,0,14,9,36,65,3,79,1,16,
2019,Karnataka,29,Chitradurga,533,Chitradurga,26,0,7,337,0,0,0,4,10,20,43,0,7,5,166,139,23,0,0,4,7,0,0,0,31,0,3,187,0,0,0,8,46,1,3,68,5,0,0,0,5,0,0,0,0,0,0,0,13,0,0,0,0,0,0,0,0,3,0,26,0,,5,0,22,0,69,0,0,0,0,0,0,13,105,232,14,108,0,34,0,0,0,2,0,12,0,0,0,0,0,0,0,0,0,88,4,4,6,0,0,112,502,453,8,0,0,3,0,0,3,19,49,1,29,1,11,
2019,Karnataka,29,Dakshina Kannada,534,Dakshina Kannada,12,0,1,125,0,0,0,10,0,4,24,3,0,1,0,232,14,0,0,0,6,1,1,0,10,0,0,24,0,0,0,10,2,2,2,16,3,0,0,1,0,0,0,0,0,0,0,0,11,0,0,0,0,0,0,0,0,0,0,0,0,,0,0,20,0,0,0,0,0,28,4,0,12,25,53,16,51,0,4,0,1,0,1,0,5,0,0,0,0,0,0,0,0,0,49,17,2,0,0,0,55,471,268,3,0,0,1,0,0,2,13,25,0,91,2,17,
2019,Karnataka,29,Davangere,535,Davanagere,40,4,10,256,0,0,0,6,10,15,56,0,8,5,112,172,0,0,0,3,28,0,0,30,36,0,9,73,0,0,0,20,72,0,0,77,0,0,0,1,1,1,0,1,1,0,0,0,13,0,0,0,1,0,0,0,0,0,1,1,1,,0,0,63,0,0,0,0,0,108,0,0,7,198,199,14,98,0,44,4,6,0,1,0,10,0,0,0,0,2,0,0,0,121,0,8,4,2,0,0,72,178,574,0,0,0,9,0,8,3,35,58,0,26,1,23,
2019,Karnataka,29,Dharwad,536,Dharwad,23,1,25,139,0,0,0,4,0,2,23,1,1,1,39,37,8,0,0,4,12,0,0,1,0,0,1,18,0,0,0,5,2,0,0,5,8,0,0,0,0,0,0,0,1,0,0,0,5,0,0,0,0,0,0,0,0,0,1,0,0,,1,1,21,0,3,0,0,0,19,1,0,10,8,33,4,19,0,5,0,1,0,1,0,3,0,0,0,0,0,0,1,0,1,34,3,3,0,0,0,29,20,201,0,0,0,4,0,3,0,6,3,0,14,0,6,
2019,Karnataka,29,Gadag,537,Gadag,12,1,6,132,0,0,0,5,1,5,22,0,0,5,0,76,6,0,0,0,16,0,0,0,8,0,2,62,0,0,0,0,6,0,4,5,0,0,0,0,11,0,0,0,0,0,0,0,8,0,0,2,1,0,0,0,0,0,0,0,0,,0,0,20,1,2,0,0,0,56,3,0,0,41,122,11,28,0,6,1,1,0,1,0,1,0,0,0,0,0,0,0,0,0,30,4,3,1,0,0,19,25,162,12,0,0,2,0,5,3,5,16,0,9,0,6,
2019,Karnataka,29,Kalaburagi,538,Kalaburgi,37,1,57,197,0,0,0,9,11,7,88,0,0,4,111,278,17,0,0,11,30,0,0,4,0,0,13,105,0,0,0,17,29,0,1,22,0,0,0,2,0,2,0,34,0,0,0,0,7,1,1,0,1,0,0,0,1,0,0,0,0,,0,0,35,0,0,0,0,0,131,1,0,2,36,130,8,64,0,11,0,5,0,3,0,1,0,0,0,0,1,8,0,0,3,28,1,2,0,0,0,14,67,480,1,0,0,14,0,4,4,28,112,0,47,2,39,
2019,Manipur,14,Kangpokpi,712,Kangpokpi,3,0,0,7,0,0,0,0,0,0,2,0,0,0,0,0,0,0,0,0,0,0,0,0,0,0,0,1,0,0,0,0,0,0,0,0,0,0,0,3,0,0,0,0,0,0,0,0,0,0,0,0,0,0,0,0,0,0,0,0,0,,0,0,0,0,0,0,0,0,2,0,0,0,3,5,0,0,17,0,0,0,0,0,0,0,0,0,0,0,0,0,0,0,0,0,0,0,0,0,0,0,0,10,0,0,0,0,0,0,2,0,0,0,0,0,10,
2019,Karnataka,29,Hassan,539,Hassan,48,1,21,396,0,0,0,12,13,26,116,0,6,7,815,0,0,0,0,0,43,0,0,0,19,0,18,160,4,0,0,0,30,2,4,65,27,0,0,0,2,0,0,0,0,0,0,0,14,0,0,0,0,0,1,0,2,2,0,37,0,,0,0,0,0,0,0,0,0,77,0,0,11,144,139,43,178,0,49,0,4,0,0,0,4,0,0,0,0,1,0,0,0,0,147,3,8,8,0,0,0,693,965,1,0,0,5,0,5,17,43,84,0,122,2,66,
2019,Karnataka,29,Haveri,540,Haveri,23,3,16,179,0,0,0,0,3,11,53,0,2,3,0,242,25,0,0,0,19,0,0,0,17,0,1,72,0,0,0,0,0,0,0,44,8,0,0,0,0,0,0,0,0,0,0,0,13,0,0,2,0,0,0,0,0,0,0,0,0,,0,0,136,0,88,0,0,0,29,1,0,4,106,67,5,83,1,17,0,7,0,0,0,5,0,0,0,0,0,0,0,0,0,59,5,13,10,0,0,70,184,290,1,0,0,6,0,3,6,9,33,0,7,0,8,
2019,Karnataka,29,Dharwad,536,Hubballi Dharwad City,12,1,9,78,0,0,0,4,0,5,46,0,5,5,44,83,26,6,0,7,17,0,0,0,4,0,7,29,1,0,0,3,2,0,4,22,3,0,0,1,0,0,0,2,3,0,0,0,3,0,0,0,0,0,0,2,0,0,0,0,2,,2,2,10,3,34,0,0,0,5,1,0,10,133,81,10,102,2,41,1,4,1,1,0,6,0,0,0,0,0,3,0,0,0,79,16,10,1,0,0,85,82,176,0,0,0,1,0,1,7,16,57,0,13,0,12,
2019,Karnataka,29,Belagavi,527,K.G.F.,7,0,21,28,0,0,0,3,4,2,18,0,4,2,23,128,14,1,0,6,12,0,0,1,1,0,0,20,0,0,0,10,0,0,2,13,5,0,0,0,0,0,0,0,0,0,0,0,5,0,0,0,0,0,0,0,0,1,0,0,0,,4,0,4,0,11,0,0,0,7,1,0,4,58,16,16,34,1,10,0,0,0,1,0,0,0,0,0,0,0,0,0,0,18,18,5,1,1,0,0,6,42,71,0,0,0,1,0,6,0,4,13,0,11,1,3,
2019,Karnataka,29,Kodagu,541,Kodagu,33,2,0,84,0,0,0,1,2,8,54,0,2,2,0,319,0,0,0,19,0,0,0,30,17,0,4,15,0,0,0,8,7,1,3,24,21,0,0,0,0,1,0,0,0,0,0,0,8,0,0,1,0,0,0,0,0,0,0,0,0,,0,0,8,0,0,0,0,0,0,0,0,7,20,136,22,59,0,11,0,2,0,0,0,1,0,0,0,0,1,0,0,0,0,45,7,11,3,0,0,12,338,35,0,0,0,2,0,8,2,26,35,0,33,0,13,
2019,Karnataka,29,Kolar,542,Kolar,26,1,13,197,0,0,0,1,2,12,45,0,2,2,47,209,18,0,0,1,13,0,0,2,0,0,0,43,0,0,0,6,28,0,0,32,14,0,0,0,0,0,0,0,0,0,0,0,4,0,0,0,0,0,0,0,0,1,0,0,0,,0,0,36,0,0,0,0,0,82,0,0,2,113,30,10,58,0,20,0,2,0,8,0,3,0,0,0,0,0,0,0,0,0,66,6,9,3,0,0,60,157,255,0,0,0,2,0,5,8,26,30,0,41,0,20,
2019,Maharashtra,27,Nagpur,484,Nagpur Railway,3,0,0,0,0,0,0,2,0,0,2,0,0,3,0,7,8,1,10,4,3,0,0,0,1,0,0,4,0,0,0,0,0,0,0,3,0,0,0,0,2,1,0,0,0,0,0,0,1,0,0,0,0,0,0,0,0,0,0,0,0,,0,0,0,0,0,0,0,0,0,0,0,2,34,2990,1,1,0,14,0,1,0,0,0,0,0,0,0,0,0,0,0,0,0,1,0,0,0,0,0,0,0,0,1,0,0,0,0,0,0,0,1,0,0,3,5,
2019,Karnataka,29,Koppal,543,Koppal,17,2,7,198,0,0,0,1,5,5,17,0,0,5,116,13,15,0,0,0,18,0,0,0,15,0,16,67,0,0,0,12,7,0,0,17,8,0,0,0,0,4,0,8,0,0,0,0,14,0,0,0,0,0,0,0,0,0,0,0,0,,0,0,31,0,13,0,0,0,49,2,0,6,53,298,15,43,0,6,0,6,0,1,0,11,0,0,0,0,0,0,0,0,0,66,8,12,0,0,0,56,33,296,2,0,0,3,0,4,3,32,60,0,15,2,31,
2019,Karnataka,29,Mandya,544,Mandya,45,1,19,473,0,0,0,4,5,26,109,0,7,6,102,717,65,0,0,0,16,0,0,0,21,0,59,161,0,0,0,4,21,5,2,97,15,0,0,3,2,2,0,0,0,0,0,0,7,0,0,2,1,0,1,0,0,2,0,0,1,,7,0,20,10,21,0,0,0,18,0,0,12,258,157,36,174,0,51,1,11,0,9,0,7,0,0,0,0,0,0,0,0,0,117,26,15,12,0,0,0,658,1000,5,0,0,2,0,25,14,82,71,0,67,5,35,
2019,Karnataka,29,Dakshina Kannada,534,Mangaluru City,17,1,3,141,0,0,0,7,3,6,51,0,4,0,109,110,23,0,0,1,13,0,0,13,25,0,10,38,0,0,0,10,5,0,1,19,11,0,0,0,0,1,0,6,4,0,0,0,5,0,2,1,0,0,1,0,0,1,0,0,0,,0,0,4,0,0,0,0,0,39,5,0,13,85,142,18,70,3,41,0,6,0,5,2,9,0,0,0,0,2,5,0,0,34,114,15,0,0,0,0,103,192,589,9,0,1,21,0,20,5,22,34,1,75,0,60,
2019,Karnataka,29,Mysuru,545,Mysuru City,15,0,4,141,0,0,0,1,4,13,54,0,1,8,109,205,29,0,0,18,24,0,0,0,0,0,9,30,0,0,0,9,23,0,9,78,1,0,0,1,0,0,0,1,4,0,0,0,14,1,0,0,0,0,0,4,0,2,6,0,0,,7,0,2,6,7,0,0,0,0,0,0,3,293,147,15,76,6,80,2,3,0,8,0,28,0,0,0,0,2,1,3,0,0,184,13,20,2,0,0,77,258,385,4,0,0,0,1,6,5,45,75,0,42,2,12,
2019,Karnataka,29,Mysuru,545,Mysuru District,46,0,77,321,0,1,0,1,3,29,63,0,3,9,250,356,53,0,0,0,28,0,0,0,4,0,12,132,0,0,0,10,38,0,3,49,26,0,0,0,2,0,0,3,1,0,0,0,18,1,0,1,0,0,0,0,1,1,9,0,1,,0,0,35,0,0,0,0,0,76,0,0,20,140,285,37,162,0,22,1,5,0,0,0,4,0,0,0,0,1,0,0,0,0,80,6,21,8,0,0,1071,0,0,0,0,0,6,1,5,11,60,57,0,107,1,22,
2019,Karnataka,29,Raichur,546,Raichur,20,2,8,243,0,0,0,5,6,19,53,1,4,4,0,221,0,0,0,34,0,0,0,31,88,0,32,113,0,0,0,5,18,0,1,47,0,0,0,0,1,0,0,15,2,0,0,0,9,1,0,1,0,0,1,0,1,0,0,0,0,,0,0,42,36,45,0,0,0,84,2,0,3,78,179,18,107,2,10,0,4,0,1,0,21,0,0,0,0,0,0,0,0,0,132,5,24,2,0,0,24,44,306,8,0,0,9,0,5,9,36,93,0,38,0,31,
2019,Karnataka,29,Bengaluru Urban,525,K.Railways,16,0,0,7,0,0,0,2,1,12,3,0,0,16,9,0,0,0,0,4,0,0,0,10,2,0,0,10,0,0,0,0,0,0,0,0,4,0,0,0,0,0,0,0,0,0,0,0,0,0,0,0,0,0,0,0,0,0,0,0,0,,0,0,0,0,0,0,0,0,0,0,0,1,23,1558,4,5,0,86,1,3,0,2,0,0,0,0,0,0,0,0,0,0,0,9,2,0,0,0,0,0,7,0,0,0,0,0,0,0,0,1,0,0,5,0,11,
2019,Karnataka,29,Ramanagara,631,Ramanagara,49,0,25,334,0,0,0,1,5,10,48,0,3,1,30,354,38,0,0,3,25,0,0,0,16,0,16,87,8,11,1,0,12,1,11,64,6,0,0,0,0,0,0,17,0,0,0,0,9,1,0,0,3,0,0,0,5,2,2,0,1,,5,0,16,10,4,2,0,0,28,0,0,7,172,198,28,78,0,73,0,20,0,10,0,9,0,0,0,0,0,0,0,0,0,102,8,3,4,0,0,94,662,510,2,0,0,6,0,8,10,50,67,0,64,0,18,
2019,Karnataka,29,Shivamogga,547,Shimoga,35,1,20,309,0,0,0,18,8,28,93,0,2,8,28,601,39,5,0,1,26,0,0,6,10,0,11,200,2,0,0,18,104,2,5,84,1,0,0,1,1,1,0,2,0,0,0,0,11,0,0,0,0,0,0,0,0,0,0,25,1,,1,0,53,6,11,0,0,0,136,2,0,12,170,224,39,178,5,66,2,8,0,26,0,11,0,0,0,0,0,5,0,0,0,151,3,15,3,0,0,84,568,562,0,0,0,3,0,18,20,69,80,0,162,4,10,
2019,Karnataka,29,Tumakuru,548,Tumakuru,56,4,56,657,0,1,0,12,8,16,40,0,2,16,37,606,40,0,0,5,29,0,0,6,85,0,5,59,0,0,0,42,8,0,0,90,3,0,0,0,0,0,0,0,1,0,0,0,14,0,0,0,2,0,0,0,0,1,0,0,0,,5,4,19,6,32,0,0,5,4,3,0,6,196,314,41,140,1,61,0,10,0,14,0,12,0,0,0,0,1,5,3,0,0,166,11,9,3,0,0,240,371,1013,5,0,0,0,0,13,9,56,47,0,58,0,30,
2019,Karnataka,29,Udupi,549,Udupi,16,0,11,242,0,0,0,6,3,3,21,0,3,0,124,63,26,0,0,4,2,0,0,0,0,0,7,72,4,0,1,3,11,0,4,19,4,0,0,0,0,0,0,1,0,0,0,0,9,0,1,0,0,0,0,1,0,1,0,0,1,,0,0,13,0,45,0,0,0,6,1,0,7,29,134,13,63,4,20,1,3,0,2,0,7,0,0,0,0,1,0,0,0,2,121,10,6,0,0,2,66,248,647,0,0,0,11,0,8,4,24,62,0,53,2,34,
2019,Karnataka,29,Uttara Kannada,550,Uttara Kannada,21,5,21,197,0,0,0,14,2,8,29,0,1,3,72,201,50,13,0,2,15,0,0,0,0,0,6,73,0,4,0,29,36,1,3,33,1,0,0,0,0,0,0,1,0,0,0,0,9,0,0,0,1,0,1,0,0,0,2,0,0,,0,2,30,19,39,0,0,1,0,1,0,9,36,93,11,63,0,13,0,6,0,2,0,55,0,0,0,0,0,1,0,0,4,44,22,3,0,0,0,84,403,430,1,0,0,6,0,3,6,30,50,0,41,9,51,
2019,Karnataka,29,Yadgir,635,Yadgiri,14,4,4,148,0,1,0,6,3,6,42,1,0,0,30,96,15,0,0,4,29,0,0,0,2,0,7,147,0,0,0,1,0,0,1,9,5,0,0,0,9,7,0,3,0,0,0,0,5,0,0,0,0,0,0,0,0,0,2,1,0,,1,3,44,11,10,0,1,0,49,0,0,2,25,121,6,36,2,5,0,0,0,1,0,2,0,0,0,0,0,0,0,0,1,29,1,4,2,0,0,42,23,215,4,0,0,6,0,5,4,23,53,3,12,1,11,
2019,Karnataka,29,Belagavi,527,Belagavi City,18,0,27,116,0,0,0,11,1,12,65,1,1,5,13,107,15,1,0,3,26,0,0,1,9,0,2,25,0,0,0,3,5,0,3,18,8,0,0,0,1,7,0,4,0,0,0,0,1,0,0,0,0,0,0,0,0,0,0,0,0,,2,4,17,0,21,0,0,0,33,3,0,8,155,56,57,100,8,19,1,2,0,2,0,3,0,0,0,0,0,1,1,0,0,102,4,1,0,0,0,27,45,358,1,0,3,0,1,16,6,6,77,0,18,0,8,
2019,Karnataka,29,Kalaburagi,538,Kalaburgi City,31,1,14,103,0,0,0,0,2,4,64,1,0,0,71,85,15,0,0,5,19,0,0,0,40,0,8,44,0,0,0,0,0,0,1,3,15,3,0,1,2,5,0,1,1,0,0,0,4,0,0,0,0,0,0,0,0,0,0,0,0,,0,0,5,0,0,0,0,0,74,1,0,0,181,65,27,73,0,59,2,7,0,2,0,5,0,0,0,0,0,10,0,0,9,38,6,2,2,0,0,42,60,303,3,0,0,4,0,2,2,13,37,0,22,3,28,
,,,,,,,,,,,,,,,,,,,,,,,,,,,,,,,,,,,,,,,,,,,,,,,,,,,,,,,,,,,,,,,,,,,,,,,,,,,,,,,,,,,,,,,,,,,,,,,,,,,,,,,,,,,,,,,,,,,,,,,,,,,
2020,Karnataka,29,Bagalkote,524,Bagalkot,36,3,43,318,0,0,0,14,4,13,59,0,1,10,7,94,25,4,0,0,17,0,0,0,0,0,1,33,0,0,0,3,95,1,7,21,2,0,0,0,2,3,0,2,0,0,0,0,10,0,1,0,0,0,0,0,0,0,0,0,0,,0,0,19,0,6,0,0,0,62,1,0,4,73,98,6,52,0,7,0,6,0,0,0,2,0,0,0,0,0,0,0,0,0,60,5,0,8,0,6,45,26,349,1,2,2,4,0,1,2,14,31,0,21,2,38,
2020,Karnataka,29,Bengaluru Urban,525,Bengaluru City,179,10,155,480,0,1,18,85,28,99,502,2,16,29,499,1406,146,43,1,43,103,1,1,7,58,0,39,345,9,2,1,91,50,11,52,625,38,0,1,30,2,7,0,9,6,0,0,0,108,5,0,1,0,0,0,0,2,0,0,0,0,,3,0,50,5,31,0,2,45,58,15,0,64,3797,1535,130,781,92,503,25,32,0,212,2,115,1,0,0,0,8,24,2,9,259,1595,73,7,131,0,0,443,727,1496,385,1,10,17,0,88,55,307,401,4,292,22,764,
2020,Karnataka,29,Bengaluru Urban,525,Bengaluru District,71,2,135,395,0,0,0,5,7,19,78,0,2,9,379,19,34,33,0,14,7,0,0,0,0,0,12,97,9,0,0,0,18,0,4,106,32,0,0,2,1,3,0,0,0,0,0,0,14,0,0,0,0,0,0,0,11,10,9,20,0,,0,0,45,0,10,0,0,0,5,2,0,6,596,202,57,140,5,81,0,9,0,37,0,20,0,0,0,0,0,82,0,0,0,167,16,1,17,0,0,173,504,642,54,0,0,4,0,7,13,112,86,0,59,3,15,
2020,Karnataka,29,Belagavi,527,Belagavi District,82,3,66,509,0,0,0,12,2,34,107,0,3,5,31,297,33,75,1,8,88,0,0,10,9,0,11,100,0,0,0,11,120,0,0,19,29,0,0,2,1,2,0,5,0,0,0,0,31,1,0,0,0,0,3,0,0,2,1,3,0,,0,15,93,65,34,0,0,1,82,3,0,2,183,110,14,96,3,20,0,8,0,1,0,14,0,0,0,0,2,0,0,0,0,90,13,3,139,0,2,59,63,904,0,0,0,10,0,7,6,42,93,3,73,0,99,
2020,Karnataka,29,Ballari,528,Ballari,52,1,22,325,0,0,0,3,9,20,108,0,3,2,104,161,26,0,1,3,14,0,0,13,0,0,14,72,0,0,0,15,57,0,8,35,25,0,0,0,4,0,0,5,0,0,0,0,29,0,0,0,0,28,1,3,0,0,0,0,0,,0,0,18,0,2,0,0,0,129,2,0,5,149,263,22,120,1,16,0,3,0,1,0,13,0,0,0,0,2,1,2,0,5,118,8,2,110,0,3,37,374,251,5,0,0,7,0,12,11,57,87,0,37,0,368,
2020,Madhya Pradesh,23,Jabalpur,411,Jabalpur Railway,0,0,0,0,0,0,0,3,1,4,1,0,0,2,0,0,2,1,0,0,0,0,0,0,0,0,0,4,0,0,0,0,0,0,0,1,0,0,0,0,0,0,0,0,0,0,0,0,1,0,0,0,0,0,0,0,0,0,0,0,0,,0,0,0,0,0,0,0,0,0,0,0,0,4,408,0,0,0,1,0,0,0,0,0,0,0,0,0,0,0,0,0,0,0,1,0,0,0,0,0,0,3,0,0,0,6,0,0,0,0,0,0,0,24,0,16,
2020,Karnataka,29,Bidar,529,Bidar,25,1,43,180,0,1,0,5,8,19,47,11,4,15,62,490,25,0,1,16,27,0,0,1,0,0,19,73,0,0,0,4,0,0,0,16,14,0,0,0,1,2,0,0,0,0,0,0,5,3,0,0,0,0,0,0,0,2,0,0,0,,0,0,29,5,65,0,0,0,52,6,0,37,131,61,10,95,0,15,0,1,0,0,2,5,0,0,0,0,1,4,0,0,0,21,6,2,1,0,0,19,242,604,110,0,0,4,0,2,8,34,61,0,24,4,9,
2020,Karnataka,29,Vijayapura,530,Vijayapura,77,0,36,368,0,0,0,11,3,21,102,1,1,5,12,207,0,0,1,0,33,0,0,32,0,0,4,120,0,0,0,6,4,0,4,37,0,0,0,0,0,0,0,18,0,0,0,0,2,0,0,0,0,0,0,0,0,0,0,9,0,,19,21,47,2,42,0,0,0,55,1,0,1,146,98,16,61,1,8,0,8,0,3,0,4,0,0,0,0,1,24,0,0,0,35,11,2,202,0,0,0,0,448,0,0,0,4,0,8,1,29,90,0,34,2,165,
2020,Karnataka,29,Chikkaballapura,630,Chikkaballapura,27,4,0,217,0,0,0,4,6,18,49,0,1,6,0,420,30,0,0,0,11,0,0,0,0,0,5,20,0,0,0,12,22,3,3,37,7,0,0,0,0,0,0,0,0,0,0,0,20,0,0,0,0,0,0,0,0,0,18,0,0,,0,0,0,0,0,0,0,0,234,0,0,5,64,101,13,59,2,19,0,4,0,2,1,3,0,0,0,0,0,0,0,0,0,76,7,4,5,0,0,0,368,0,94,0,0,2,0,6,9,26,26,0,31,0,18,
2020,Karnataka,29,Chamarajanagara,531,Chamarajnagar,25,1,13,135,0,0,0,0,4,15,46,0,2,3,0,257,19,0,0,0,9,0,0,0,0,0,1,51,0,0,0,3,81,1,2,13,2,0,0,0,0,0,0,0,0,0,0,0,15,0,0,0,1,0,0,0,0,0,0,0,0,,8,8,28,0,62,0,0,0,0,1,0,3,43,34,8,39,0,11,0,2,0,0,0,1,0,0,0,0,0,0,0,0,0,16,5,4,4,0,0,20,248,115,31,0,0,1,0,3,7,9,17,0,19,1,17,
2020,Karnataka,29,Chikkamagaluru,532,Chikkamagaluru,28,2,10,165,0,1,0,17,2,13,65,0,3,4,215,183,45,3,8,15,9,0,0,2,10,0,17,94,0,0,0,12,33,0,4,54,0,0,1,1,1,2,0,0,0,0,0,0,10,0,0,0,0,0,1,0,0,2,0,0,0,,2,0,24,8,50,0,0,0,0,0,0,13,71,167,21,66,0,20,0,3,0,1,0,5,0,0,0,0,2,1,1,0,10,57,4,1,7,0,0,71,268,251,0,0,0,7,1,16,7,31,50,0,47,0,171,
2020,Karnataka,29,Chitradurga,533,Chitradurga,26,3,48,297,0,0,0,5,6,15,37,0,1,1,195,162,16,0,0,0,4,0,0,0,0,0,2,180,0,0,0,4,54,0,1,28,28,0,0,1,3,0,0,0,0,0,0,0,13,0,0,0,0,0,0,0,0,0,0,53,0,,24,7,48,7,11,0,0,0,4,2,0,14,96,113,15,78,0,18,0,2,0,0,1,4,0,0,0,0,0,0,0,0,0,61,5,2,72,0,0,149,663,307,564,0,0,7,0,8,5,21,46,0,36,2,76,
2020,Karnataka,29,Dakshina Kannada,534,Dakshina Kannada,11,0,4,97,0,0,0,4,0,5,18,0,0,0,0,177,31,0,0,0,3,1,0,0,3,0,1,27,0,0,0,11,4,1,2,7,6,0,0,1,0,0,0,0,0,0,0,0,6,0,0,1,0,0,3,0,0,3,4,0,2,,0,0,13,0,0,0,0,0,42,4,0,6,31,64,17,54,1,11,1,3,0,0,0,2,0,0,0,0,0,6,0,0,0,33,7,0,0,0,0,33,394,126,0,0,0,8,0,4,4,16,18,0,119,4,52,
2020,Karnataka,29,Davangere,535,Davanagere,25,1,16,202,0,0,0,9,5,14,43,0,0,4,0,201,24,0,0,0,13,0,0,0,0,0,5,68,0,0,0,5,70,0,1,37,2,0,0,3,2,2,0,5,1,0,0,0,20,0,0,0,0,0,0,0,0,1,0,0,0,,0,0,50,0,0,0,0,0,77,5,0,3,174,179,10,101,0,18,0,2,0,3,0,8,0,0,0,0,1,0,0,0,0,94,12,0,9,0,0,45,530,134,0,0,0,11,0,5,3,28,57,0,28,0,44,
2020,Karnataka,29,Dharwad,536,Dharwad,14,2,37,113,0,0,2,3,1,4,35,0,2,1,25,52,5,0,0,2,17,0,0,4,0,0,2,17,0,0,0,0,0,1,0,12,0,0,0,0,0,0,0,0,0,0,0,0,4,0,0,0,0,0,0,0,0,0,0,0,0,,0,0,25,0,1,0,0,0,24,1,0,2,19,27,7,21,0,10,0,2,0,0,0,3,0,0,0,0,0,1,0,0,0,26,2,0,10,0,0,53,36,183,11,0,0,3,0,1,1,10,13,0,7,0,5,
2020,Karnataka,29,Gadag,537,Gadag,14,1,5,145,0,0,0,8,0,12,36,0,0,1,0,60,11,0,0,0,17,0,0,0,0,0,1,22,0,0,0,6,5,0,2,2,1,0,0,0,17,0,0,0,0,0,0,0,5,0,0,0,1,0,0,0,0,0,0,1,0,,0,0,27,2,6,0,0,0,54,3,0,2,27,42,6,39,0,7,0,0,0,3,0,4,0,0,0,0,0,0,0,0,0,14,5,1,5,0,0,15,14,157,0,1,0,2,0,4,2,4,18,0,11,1,26,
2020,Karnataka,29,Kalaburagi,538,Kalaburgi,38,1,30,230,0,0,0,2,8,13,58,0,0,7,112,233,28,0,0,7,20,0,0,6,0,0,10,155,0,0,0,0,3,0,0,5,18,0,0,0,2,1,0,2,0,0,0,0,21,0,0,0,0,0,0,0,0,0,0,0,0,,0,0,20,0,0,0,0,0,195,3,0,13,50,169,6,60,0,9,0,2,0,2,0,5,0,0,0,0,0,0,0,0,1,15,4,4,37,0,0,31,70,478,0,0,0,10,0,1,2,26,91,0,43,3,81,
2020,Karnataka,29,Hassan,539,Hassan,61,5,54,306,0,0,0,13,14,19,105,0,3,5,0,773,0,0,0,0,54,0,1,44,0,0,9,198,0,0,0,7,28,4,3,75,12,0,0,0,5,0,0,0,0,0,0,0,19,0,0,0,0,0,0,0,0,10,0,0,1,,0,0,52,0,0,0,0,0,95,2,0,5,120,87,37,92,0,21,0,9,0,0,1,1,0,0,0,0,1,0,0,0,0,88,2,6,13,0,0,0,567,845,0,0,0,13,0,5,13,41,64,0,90,2,257,
2020,Manipur,14,Chandel,253,Chandel,2,0,0,0,0,0,0,0,0,0,3,0,0,0,0,0,0,0,0,0,3,0,0,0,0,0,0,0,0,0,0,0,0,0,0,0,0,0,0,0,0,0,0,0,0,0,0,0,0,0,0,0,0,0,0,1,0,0,0,0,0,,0,0,0,0,0,0,0,0,0,3,0,0,2,5,0,3,0,0,0,0,0,0,0,0,0,0,0,0,0,0,0,0,0,0,0,0,0,0,0,0,0,0,0,0,0,0,0,0,1,0,0,0,0,0,13,
2020,Karnataka,29,Haveri,540,Haveri,26,3,16,184,0,0,0,0,6,7,83,0,1,3,0,197,17,0,0,0,27,2,0,0,27,0,1,89,0,0,0,0,0,0,0,22,3,0,0,0,0,0,0,0,0,0,0,0,10,0,0,0,0,0,0,0,0,0,11,0,0,,0,0,97,0,98,0,0,0,0,0,0,3,101,121,9,73,0,9,0,13,0,1,0,12,0,0,0,0,1,0,0,0,0,46,8,12,5,0,0,41,116,303,9,0,0,9,0,1,5,12,35,0,8,0,2,
2020,Karnataka,29,Dharwad,536,Hubballi Dharwad City,15,4,3,84,0,0,0,8,1,16,42,0,1,5,44,93,17,0,0,1,11,0,0,1,2,0,3,22,0,0,0,1,0,0,1,20,2,0,0,0,0,0,0,3,2,0,0,0,5,0,1,1,0,0,0,0,0,0,0,0,0,,0,0,12,5,24,0,1,0,5,1,0,11,184,59,12,78,3,31,1,0,0,1,0,7,0,0,0,0,0,1,0,0,0,54,2,1,42,0,0,52,64,139,0,0,0,0,0,3,1,13,62,0,20,0,64,
2020,Karnataka,29,Belagavi,527,K.G.F.,15,1,15,15,0,0,0,1,0,1,24,0,5,0,17,130,8,0,0,1,5,1,0,0,1,0,0,19,0,0,0,1,4,0,0,9,2,0,0,0,0,0,0,0,0,0,0,0,3,0,0,0,0,0,0,0,0,3,0,0,0,,2,1,12,6,8,0,0,0,7,2,0,2,27,14,5,29,1,3,0,1,0,0,0,1,0,0,0,0,0,0,0,0,3,25,0,0,24,0,0,5,25,70,0,0,0,1,0,6,2,1,6,0,24,0,8,
2020,Karnataka,29,Kodagu,541,Kodagu,28,1,0,62,0,0,0,3,0,5,53,0,1,0,0,308,0,0,0,0,14,0,0,0,0,0,5,28,0,0,0,9,5,0,2,19,13,0,0,0,0,0,0,0,0,0,0,0,9,0,0,0,0,0,0,0,0,0,0,0,0,,0,0,0,0,0,0,0,0,5,6,0,8,23,81,25,48,0,2,0,1,0,1,0,5,0,0,0,0,0,0,0,0,0,34,1,0,4,0,0,0,0,325,18,2,0,6,0,11,1,27,37,0,22,1,34,
2020,Karnataka,29,Kolar,542,Kolar,29,3,34,151,0,0,0,3,6,10,63,0,1,3,25,276,11,1,0,7,16,0,0,15,0,0,5,40,0,0,0,12,17,2,1,42,1,0,0,1,2,0,0,0,0,0,0,0,10,0,0,0,0,0,0,0,0,5,0,30,0,,10,6,51,28,20,0,0,0,35,1,0,1,75,42,14,45,0,9,1,2,0,1,0,9,0,0,0,0,0,0,0,0,0,41,10,2,105,0,1,54,121,191,121,0,0,2,1,7,8,35,11,0,49,1,21,
2020,Karnataka,29,Koppal,543,Koppal,16,2,11,200,0,0,0,3,3,14,19,0,2,1,88,23,12,0,0,0,16,0,0,3,0,0,5,72,0,0,0,4,27,0,0,21,1,0,0,0,0,0,0,1,0,0,0,0,8,0,0,0,0,0,0,0,0,0,0,1,0,,0,0,27,0,10,0,0,0,52,1,0,7,41,167,6,46,0,8,0,1,0,0,0,12,0,0,0,0,0,0,0,0,3,64,4,0,17,0,4,47,26,241,0,0,0,3,0,6,2,49,56,0,43,2,232,
2020,Manipur,14,Churachandpur,254,Churachandpur,3,0,1,9,0,0,0,0,0,0,8,0,0,0,0,0,0,0,0,1,4,0,0,0,0,0,0,0,0,0,0,0,0,0,0,0,0,0,0,0,1,0,0,3,1,0,0,0,0,1,0,1,5,0,0,0,0,0,0,0,0,,0,0,0,0,0,0,0,2,0,2,0,0,3,15,0,3,9,0,0,0,0,1,0,1,0,0,0,0,0,0,0,0,0,4,2,0,0,0,0,0,0,11,0,0,0,0,1,3,1,3,0,2,3,0,18,
2020,Karnataka,29,Mandya,544,Mandya,55,0,1,371,0,0,0,6,10,21,96,0,6,2,1,1064,0,0,0,0,15,0,0,46,0,0,87,278,1,0,0,1,1,0,0,81,15,0,0,0,0,0,0,0,0,0,0,0,13,0,0,0,3,0,0,0,1,0,2,4,0,,8,0,41,0,9,0,0,0,37,5,0,17,239,170,23,167,0,46,0,14,0,4,0,7,0,0,0,0,0,0,0,0,0,90,17,4,116,0,0,91,220,1057,0,0,0,8,0,19,9,70,78,0,63,2,172,
2020,Karnataka,29,Dakshina Kannada,534,Mangaluru City,18,0,2,112,0,0,0,8,0,3,37,0,0,0,87,72,28,0,0,3,15,0,0,3,21,0,5,43,0,0,0,9,0,2,1,17,8,0,0,0,0,0,0,0,2,0,0,0,15,0,0,1,0,0,2,0,0,2,0,0,1,,2,1,1,2,9,0,1,0,2,10,0,6,76,138,13,76,2,28,0,4,0,6,0,14,0,0,0,0,3,0,0,0,2,110,11,0,5,0,0,50,142,386,104,0,0,20,0,14,4,22,15,0,96,3,15,
2020,Karnataka,29,Mysuru,545,Mysuru City,27,0,9,106,0,0,0,2,6,13,57,0,1,5,109,212,19,0,0,3,10,0,0,0,0,0,5,51,0,0,0,5,14,0,1,46,2,0,0,1,0,0,0,0,1,0,0,0,16,0,0,1,1,0,0,0,0,0,2,0,0,,6,0,4,9,2,0,0,0,0,4,0,5,232,92,7,73,1,68,1,5,0,0,0,22,0,0,0,0,0,0,0,0,0,143,11,0,18,0,0,56,89,373,56,0,0,3,0,1,1,36,37,0,27,3,17,
2020,Karnataka,29,Mysuru,545,Mysuru District,41,5,12,347,0,0,0,2,10,27,98,1,5,4,136,494,40,0,0,10,36,0,0,0,14,0,29,179,0,0,0,5,31,1,1,60,7,0,0,1,0,0,0,0,0,0,0,0,11,0,0,0,0,0,0,0,0,2,10,0,0,,0,0,59,0,0,0,0,0,130,0,0,16,149,132,15,149,1,33,1,5,0,2,0,3,0,0,0,0,0,0,0,0,0,85,7,2,6,0,1,1006,0,0,0,0,0,9,0,11,14,53,46,0,136,0,16,
2020,Karnataka,29,Raichur,546,Raichur,39,3,19,254,0,0,0,5,1,15,77,3,1,4,0,198,31,51,0,0,50,0,0,0,0,0,13,142,0,0,0,11,8,0,0,21,0,0,0,0,1,0,0,8,0,0,0,0,12,0,0,0,0,0,0,0,0,0,38,0,0,,0,0,47,12,19,0,0,0,144,2,0,3,81,142,12,39,0,6,0,10,0,3,0,9,0,0,0,0,0,0,0,0,0,89,6,1,40,0,5,0,65,297,28,0,0,6,0,7,4,37,85,0,30,0,109,
2020,Karnataka,29,Bengaluru Urban,525,K.Railways,10,0,0,2,0,0,0,1,1,3,0,0,3,2,0,9,4,0,0,0,3,0,0,0,0,0,0,8,0,0,0,0,0,0,0,3,0,0,0,0,0,0,0,0,0,0,0,0,0,0,0,0,0,0,0,0,0,0,0,0,0,,0,0,0,0,0,0,0,0,0,0,0,1,13,595,1,3,0,40,4,2,0,0,0,0,0,0,0,0,0,0,0,0,0,13,0,0,1,0,1,0,2,0,0,0,0,0,0,1,0,0,0,0,3,0,9,
2020,Karnataka,29,Ramanagara,631,Ramanagara,40,2,12,278,0,0,0,0,12,15,56,0,6,5,0,542,42,0,0,0,23,0,0,0,0,0,8,74,13,26,0,1,27,2,5,42,18,0,0,0,2,0,0,0,0,0,0,0,11,0,0,0,0,0,0,0,0,1,0,0,0,,0,0,24,0,0,0,0,0,50,3,0,9,214,222,19,166,1,79,4,12,0,5,0,8,0,0,0,0,0,0,0,0,0,138,10,3,77,0,0,134,662,165,115,0,0,2,0,9,8,85,29,0,75,0,42,
2020,Karnataka,29,Shivamogga,547,Shimoga,41,1,21,249,0,0,0,22,6,28,119,0,5,3,49,599,52,5,0,5,20,0,0,0,3,0,12,158,1,0,1,14,68,1,7,79,3,0,0,0,1,0,0,2,1,0,0,0,8,2,0,0,0,0,0,0,0,4,0,26,0,,7,0,87,2,17,0,0,0,122,7,0,10,171,141,19,141,14,42,4,7,1,16,1,2,0,0,0,0,0,0,0,0,0,105,4,2,14,0,0,114,454,432,0,0,0,9,0,8,20,55,63,0,148,1,57,
2020,Karnataka,29,Tumakuru,548,Tumakuru,48,1,67,550,0,0,0,7,4,15,59,0,6,10,75,511,46,0,5,6,20,0,0,0,0,0,2,40,0,0,0,104,18,0,5,56,5,0,0,0,2,0,0,21,0,0,0,0,8,0,0,1,0,0,0,0,0,10,0,1,0,,17,6,54,5,14,0,0,0,5,5,0,3,220,169,43,149,0,65,3,7,0,9,0,6,0,0,0,0,0,5,9,13,9,66,9,26,146,0,0,218,428,864,50,0,0,9,0,5,14,72,47,0,65,2,43,
2020,Karnataka,29,Udupi,549,Udupi,9,2,6,171,0,0,0,5,1,7,19,0,2,1,19,130,22,0,0,3,7,0,0,0,0,0,3,50,0,0,2,5,10,0,3,16,0,0,0,0,0,0,0,1,0,0,0,0,11,0,0,1,0,0,0,0,0,1,0,0,1,,0,1,19,0,25,0,0,0,0,1,0,2,24,43,3,42,2,27,2,3,0,0,0,11,0,0,0,0,0,0,0,0,0,106,4,0,2,0,0,65,103,645,0,1,0,4,0,4,1,24,32,0,28,4,168,
2020,Karnataka,29,Uttara Kannada,550,Uttara Kannada,10,1,12,188,0,0,0,15,1,15,36,0,0,1,62,224,25,0,0,3,21,0,1,0,0,0,6,99,0,0,0,3,17,2,3,23,4,0,1,1,1,0,0,0,0,0,0,0,5,0,0,1,0,0,0,0,1,0,0,0,0,,2,0,40,7,62,0,0,0,0,0,0,7,27,50,7,95,2,15,0,7,0,5,0,42,0,0,0,0,0,0,0,0,0,19,10,0,0,0,0,79,396,216,0,0,0,2,0,0,6,15,27,0,28,2,148,
2020,Karnataka,29,Yadgir,635,Yadgiri,23,1,6,128,0,0,0,4,1,6,30,2,0,4,22,116,6,0,1,4,21,0,0,3,1,0,11,135,0,0,0,3,4,0,0,9,4,0,0,0,0,0,0,0,0,0,0,0,12,0,0,0,0,0,0,0,0,1,0,0,0,,2,2,45,3,12,2,0,0,59,1,0,2,40,84,6,19,1,8,0,1,0,0,0,3,0,0,0,0,0,2,0,0,0,19,3,3,24,0,15,18,14,239,0,0,0,2,0,5,2,29,42,9,24,0,36,
2020,Karnataka,29,Belagavi,527,Belagavi City,23,0,15,94,0,0,0,7,0,6,53,2,3,1,6,107,8,0,0,4,11,0,0,0,2,0,0,13,0,0,0,3,8,0,1,11,3,0,0,0,1,2,0,2,0,0,0,0,2,0,0,0,0,0,0,0,0,0,0,0,0,,0,0,18,3,8,0,0,0,37,8,0,7,145,35,25,57,1,9,1,1,0,1,0,4,0,0,0,0,0,0,2,0,0,59,2,0,4,0,0,27,25,260,0,0,0,0,0,9,8,9,47,0,10,0,19,
2020,Karnataka,29,Kalaburagi,538,Kalaburgi City,27,2,13,92,0,0,0,1,0,5,52,2,2,3,84,7,14,0,0,2,11,0,0,4,0,0,4,34,0,0,0,0,0,0,0,8,4,0,0,0,0,2,0,0,0,0,0,0,3,0,0,0,0,4,0,0,0,0,0,0,0,,0,0,2,0,0,0,0,0,67,1,0,0,139,33,15,68,0,32,0,1,0,10,0,0,0,0,0,0,0,0,0,0,2,33,7,1,46,0,0,75,65,172,18,0,0,3,0,3,3,15,51,0,12,3,160,
,,,,,,,,,,,,,,,,,,,,,,,,,,,,,,,,,,,,,,,,,,,,,,,,,,,,,,,,,,,,,,,,,,,,,,,,,,,,,,,,,,,,,,,,,,,,,,,,,,,,,,,,,,,,,,,,,,,,,,,,,,,
2021,Karnataka,29,Bagalkote,524,Bagalkot,39,2,29,292,0,0,0,13,0,15,75,0,0,3,0,116,10,0,0,0,36,0,0,10,0,0,2,46,0,0,0,1,103,1,2,32,0,0,0,2,1,0,0,2,0,0,0,0,7,0,1,0,0,0,0,0,1,1,0,0,0,,0,0,21,0,0,0,0,0,65,0,0,0,149,69,15,81,0,13,0,2,0,0,0,3,0,0,0,0,0,0,0,0,0,82,8,0,0,0,0,37,39,405,0,0,0,15,0,1,3,19,38,0,38,0,80,
2021,Karnataka,29,Bengaluru Urban,525,Bengaluru City,155,17,178,466,0,0,30,100,26,103,371,9,16,21,454,1344,144,27,1,38,94,0,2,7,56,0,33,357,10,4,1,86,53,6,68,739,27,1,0,27,3,3,0,11,4,0,0,0,117,0,0,0,1,0,0,0,1,2,0,0,1,,3,0,29,9,10,0,0,0,55,10,0,72,4124,1942,135,654,79,505,25,36,0,294,0,163,0,0,0,0,20,19,0,2,341,2050,120,1,15,0,0,419,516,1719,974,0,2,17,0,81,39,323,429,5,348,19,730,
2021,Mizoram,15,Aizawl,261,Spl Narcotic,0,0,0,0,0,0,0,0,0,0,0,0,0,0,0,0,0,0,0,0,0,0,0,0,0,0,0,0,0,0,0,0,0,0,0,0,0,0,0,0,0,0,0,0,0,0,0,0,0,0,0,0,0,0,0,0,0,0,0,0,0,,0,0,0,0,0,0,0,0,0,0,0,0,0,0,0,0,0,0,0,0,0,0,0,0,0,0,0,0,0,0,0,0,0,0,0,0,0,0,0,0,0,0,0,0,0,0,0,0,0,0,0,0,0,0,0,
2021,Karnataka,29,Bengaluru Urban,525,Bengaluru District,51,5,153,344,0,0,0,2,11,28,73,0,3,4,386,31,24,56,0,0,29,0,0,0,0,0,10,55,5,45,0,0,2,0,14,132,28,0,0,6,1,0,0,1,0,0,0,0,17,0,1,0,4,0,0,0,1,5,5,0,0,,0,0,41,0,17,0,0,0,58,5,0,6,723,337,43,211,3,112,0,9,0,26,0,34,0,0,0,0,1,0,0,0,0,322,19,2,29,0,0,278,568,400,51,0,2,6,0,10,11,97,94,0,91,3,38,
2021,Karnataka,29,Belagavi,527,Belagavi District,92,4,102,545,0,0,0,14,5,31,174,1,8,6,27,279,31,0,0,6,82,0,0,0,0,2,8,145,0,0,0,8,156,0,8,44,37,0,0,3,1,2,0,0,0,0,0,0,26,0,2,0,0,0,0,2,1,2,0,1,0,,0,0,93,0,0,0,0,0,209,1,1,3,282,151,25,166,4,29,0,7,0,0,4,11,0,0,0,0,0,33,1,0,0,82,46,1,5,0,0,47,42,960,0,1,0,11,0,4,4,48,115,0,57,0,273,
2021,Karnataka,29,Ballari,528,Ballari,40,1,19,396,0,0,0,8,5,27,77,0,6,3,118,149,31,0,0,6,9,0,0,0,0,0,24,54,0,0,0,19,62,0,6,53,19,0,0,1,1,0,0,2,0,0,0,0,13,0,1,0,0,0,1,0,1,1,0,0,1,,0,0,40,0,0,0,0,0,120,1,0,11,283,265,21,131,0,21,0,4,0,1,1,16,0,0,0,0,0,2,2,1,7,133,9,8,18,0,0,95,333,306,0,0,0,2,0,8,9,41,99,0,52,3,553,
2021,Karnataka,29,Bidar,529,Bidar,41,1,35,224,0,0,1,7,3,12,39,4,5,5,63,446,25,0,0,3,41,0,0,1,0,0,27,27,2,0,0,2,3,0,5,25,7,0,0,0,2,2,0,2,1,0,0,0,5,0,0,0,0,0,0,0,0,3,0,2,0,,0,0,37,3,33,0,0,0,38,2,0,22,201,85,18,138,1,33,0,6,0,0,3,8,0,0,0,0,1,1,0,0,1,41,5,8,1,0,0,56,156,616,0,0,0,4,0,4,6,54,68,0,29,0,76,
2021,Karnataka,29,Vijayapura,530,Vijayapura,76,3,37,349,0,0,0,9,5,13,103,1,0,8,0,177,0,0,0,0,70,0,0,26,0,0,4,124,0,0,0,9,4,1,3,46,7,0,0,0,4,0,0,16,0,0,0,0,15,1,0,0,0,0,0,19,0,0,0,0,0,,19,10,35,10,49,0,0,0,46,1,0,5,190,136,23,103,0,10,0,7,0,2,0,6,0,0,0,0,2,49,0,0,0,40,8,4,48,0,10,0,0,511,0,0,0,5,0,4,4,14,93,0,41,1,371,
2021,Karnataka,29,Chikkaballapura,630,Chikkaballapura,44,1,22,231,0,0,0,8,3,15,71,0,4,5,0,380,36,0,0,0,12,1,0,0,0,0,10,40,0,0,0,21,34,2,1,38,0,0,0,2,0,1,0,4,0,0,0,0,14,0,0,0,0,0,0,0,0,1,0,0,0,,0,0,60,0,0,0,0,0,119,4,0,8,137,102,20,93,2,29,0,2,0,1,0,2,0,0,0,0,0,0,0,0,0,80,7,0,38,0,0,19,197,184,0,0,0,4,0,8,12,52,54,0,55,0,44,
2021,Karnataka,29,Chamarajanagara,531,Chamarajnagar,22,3,9,143,0,0,0,0,2,13,57,0,1,4,0,224,7,0,0,0,10,0,0,16,0,0,1,44,0,0,0,8,107,0,1,18,0,0,0,0,0,0,0,0,0,0,0,0,6,0,0,0,0,0,0,0,0,0,0,0,0,,3,4,15,2,21,0,0,0,3,2,0,8,39,57,10,47,0,6,0,1,0,1,0,1,0,0,0,0,0,0,0,0,0,23,9,0,174,0,0,25,199,119,40,0,0,5,0,5,6,8,22,0,24,1,19,
2021,Karnataka,29,Chikkamagaluru,532,Chikkamagaluru,24,1,11,170,0,0,0,9,2,13,64,0,3,4,98,373,41,8,0,7,25,0,0,2,12,0,7,115,0,0,0,19,25,1,4,67,9,0,0,0,1,0,0,0,0,0,0,0,19,0,0,0,0,0,1,0,0,4,1,0,0,,1,0,57,3,0,0,0,0,12,0,0,10,79,150,14,73,0,24,1,4,0,0,1,2,0,0,0,0,0,0,0,0,2,53,13,2,6,0,0,95,238,304,0,0,0,6,0,13,3,63,62,0,53,1,115,
2021,Karnataka,29,Chitradurga,533,Chitradurga,24,5,9,364,0,0,0,5,3,7,45,0,16,2,214,214,32,0,0,5,6,0,0,0,0,0,7,216,10,0,0,0,65,0,3,100,3,0,0,0,1,0,0,1,1,0,0,0,17,0,0,0,0,0,0,0,0,1,0,47,0,,13,6,84,19,18,0,0,0,3,3,0,4,123,109,18,98,0,32,0,5,0,1,0,3,0,0,0,0,1,0,0,0,0,68,8,0,1,0,0,119,645,348,958,0,0,6,0,16,2,28,59,0,39,0,72,
2021,Karnataka,29,Dakshina Kannada,534,Dakshina Kannada,9,1,2,130,0,0,0,8,1,5,22,1,0,0,0,221,27,0,0,0,13,0,0,0,4,0,2,30,0,0,0,15,2,1,4,23,3,0,0,0,0,0,0,1,0,0,0,0,15,0,1,0,0,0,2,0,0,0,0,0,0,,0,0,15,0,41,0,0,0,12,2,0,4,20,64,6,51,1,8,0,0,0,0,0,3,0,0,0,0,0,4,1,0,0,36,2,0,1,0,0,30,417,169,0,0,0,5,0,14,5,28,20,1,138,4,83,
2021,Karnataka,29,Davangere,535,Davanagere,33,3,34,207,0,0,0,6,7,12,81,0,5,2,141,94,24,0,0,7,11,0,0,0,0,0,8,50,0,0,0,14,87,0,0,94,7,0,0,2,1,0,0,1,0,0,0,0,14,0,0,0,0,0,0,0,0,1,0,0,1,,0,0,61,0,0,0,0,0,94,3,0,2,264,201,22,129,3,40,0,4,0,1,0,12,0,0,0,0,0,0,0,0,0,98,12,0,0,0,0,50,357,328,0,0,0,5,0,3,9,63,69,0,28,4,40,
2021,Karnataka,29,Dharwad,536,Dharwad,18,0,54,130,0,0,0,8,2,7,38,1,0,1,28,50,5,0,7,2,8,0,0,5,1,4,6,23,0,1,0,0,8,0,1,2,15,0,0,1,0,0,0,0,1,0,0,0,5,0,0,0,0,0,0,0,0,1,0,0,0,,2,0,22,0,0,0,0,0,25,0,0,6,51,63,13,35,0,15,1,1,0,0,1,2,0,0,0,0,0,0,0,0,0,27,0,1,4,0,0,37,40,175,1,0,0,2,1,3,4,17,24,0,12,2,22,
2021,Karnataka,29,Gadag,537,Gadag,11,0,0,136,0,0,0,4,1,5,39,0,1,1,0,91,10,0,0,0,24,0,0,0,3,0,3,33,0,0,0,5,9,0,2,6,0,0,0,1,31,0,0,0,0,0,0,0,5,0,0,0,0,0,1,0,0,1,0,0,0,,0,0,26,0,3,0,0,0,57,0,0,1,53,33,9,35,0,6,1,0,0,0,0,0,0,0,0,0,0,0,0,0,0,25,2,1,2,0,0,13,14,128,0,0,0,0,0,2,3,7,19,0,20,0,18,
2021,Karnataka,29,Kalaburagi,538,Kalaburgi,41,2,13,251,0,0,0,1,9,11,81,1,0,2,56,251,21,0,0,12,25,1,0,5,0,0,5,116,0,0,0,0,8,0,0,17,18,0,0,2,8,6,0,4,0,0,0,0,15,1,0,0,0,0,0,0,0,2,0,0,0,,0,0,17,0,3,0,0,0,243,0,0,5,62,307,8,90,0,6,1,2,0,1,0,5,0,0,0,0,1,0,0,0,4,17,2,0,3,0,0,18,61,418,0,0,0,8,0,5,5,29,74,0,24,0,68,
2021,Karnataka,29,Hassan,539,Hassan,52,3,37,372,0,0,0,7,7,25,137,0,8,7,0,763,47,0,0,0,54,0,0,0,25,0,11,162,0,0,0,12,44,0,3,56,0,0,0,0,1,0,0,22,0,0,0,0,18,0,0,0,0,0,0,0,0,0,0,0,0,,0,0,0,0,0,0,0,0,112,0,0,29,221,143,32,88,0,58,0,16,0,0,0,4,0,0,0,0,0,0,0,0,0,107,7,2,4,0,1,0,670,722,0,0,0,10,0,9,12,41,49,0,93,1,526,
2021,Karnataka,29,Haveri,540,Haveri,23,5,13,205,0,0,0,0,8,12,74,0,0,0,0,207,25,0,0,0,19,0,0,0,0,0,1,63,0,0,0,0,0,0,0,18,6,0,0,0,0,0,0,0,0,0,0,0,12,0,0,0,0,0,0,0,0,0,0,0,0,,0,0,127,0,149,0,0,0,0,1,0,3,132,118,8,93,0,11,0,8,0,1,0,1,0,0,0,0,0,0,0,0,0,68,4,11,0,0,0,55,118,362,0,0,0,8,0,7,2,13,37,0,8,0,151,
2021,Karnataka,29,Dharwad,536,Hubballi Dharwad City,14,1,10,95,0,0,0,5,0,6,59,0,1,0,44,119,18,0,0,8,9,0,0,1,1,0,7,49,0,0,0,2,4,0,0,29,2,0,0,1,0,0,0,15,1,0,0,0,12,0,0,0,0,0,0,0,0,0,0,0,0,,1,0,4,2,40,0,0,0,5,2,0,29,188,126,16,134,1,52,0,1,0,1,1,14,0,0,0,0,2,1,2,0,0,79,17,0,7,0,0,103,47,173,0,0,0,3,0,8,5,16,62,0,14,1,226,
2021,Karnataka,29,Belagavi,527,K.G.F.,15,0,3,36,0,0,0,0,2,2,17,0,2,0,15,90,9,0,0,3,12,0,0,0,0,0,0,17,0,0,0,0,2,0,0,13,0,0,0,0,0,0,0,0,1,0,0,0,5,0,0,0,0,0,0,0,0,0,0,0,0,,0,0,23,4,3,0,0,0,13,0,0,1,53,22,6,28,0,12,0,0,0,1,0,2,0,0,0,0,0,0,1,0,7,9,6,0,46,0,0,4,22,44,0,0,0,2,0,3,4,1,11,0,24,0,8,
2021,Meghalaya,17,North Garo Hills,656,Garo Hills North,4,0,0,3,0,0,0,0,0,0,3,0,0,1,0,0,0,0,0,0,1,0,0,0,0,0,0,1,0,0,0,0,0,0,0,0,3,0,0,2,0,0,0,0,0,0,0,0,1,0,0,0,0,0,0,0,0,0,0,0,0,,0,0,0,0,0,0,0,0,0,0,0,0,6,6,0,1,0,1,0,2,0,0,0,0,0,0,0,0,0,0,0,0,0,3,6,0,0,0,0,0,1,0,0,0,0,0,0,0,0,0,3,0,0,0,16,
2021,Karnataka,29,Kodagu,541,Kodagu,19,1,0,59,0,0,0,1,1,9,50,0,1,3,4,274,14,0,0,0,14,0,0,0,0,0,3,41,0,0,0,0,2,0,0,38,5,0,0,0,0,0,0,0,0,0,0,0,4,0,0,0,1,0,0,0,0,0,0,0,0,,0,0,0,0,0,0,0,0,8,3,0,5,34,73,15,43,0,12,0,1,0,0,0,9,0,0,0,0,0,0,0,0,0,34,9,0,1,0,0,0,0,322,0,0,0,6,0,3,2,26,31,0,23,1,142,
2021,Karnataka,29,Kolar,542,Kolar,28,2,33,132,0,0,0,0,10,9,54,0,5,4,13,282,5,0,0,6,12,0,0,23,0,0,7,47,0,0,0,12,20,0,1,37,6,0,0,0,1,2,0,0,0,0,0,0,8,0,0,0,0,0,0,0,0,2,0,1,0,,9,2,59,8,8,0,0,0,62,1,0,2,179,76,16,62,4,29,2,5,0,3,0,5,0,0,0,0,0,2,0,0,0,66,13,0,11,0,0,58,119,207,0,0,0,2,0,2,6,37,15,1,47,1,73,
2021,Karnataka,29,Koppal,543,Koppal,14,1,11,215,0,0,0,3,4,13,30,0,0,3,77,0,21,0,0,0,24,0,0,21,0,0,10,79,0,0,0,2,1,0,0,30,0,0,0,0,0,0,0,0,0,0,0,0,12,0,0,0,0,0,0,0,0,4,0,0,0,,0,0,32,6,4,0,0,0,44,1,0,7,79,135,28,59,0,11,1,5,0,0,0,11,0,0,0,0,0,1,0,0,0,35,2,0,2,0,0,69,29,276,0,0,0,0,0,4,2,43,52,0,28,0,218,
2021,Karnataka,29,Mandya,544,Mandya,54,4,17,362,0,0,0,4,6,16,82,0,2,1,171,676,44,0,0,1,9,0,0,0,0,0,62,240,0,0,0,9,59,0,7,101,28,0,0,1,2,0,0,1,0,0,0,0,11,0,0,0,0,0,0,0,0,4,0,0,1,,0,0,23,0,0,0,0,0,53,0,0,12,268,180,33,137,0,47,1,5,0,6,2,9,0,0,0,0,0,0,0,0,0,105,11,0,2,0,0,112,841,372,0,1,0,2,0,19,7,67,75,0,68,5,427,
2021,Karnataka,29,Dakshina Kannada,534,Mangaluru City,12,2,10,114,0,0,0,4,1,11,64,0,1,0,74,47,32,2,0,0,1,0,0,3,17,1,6,50,0,0,0,3,1,3,6,11,13,0,0,0,0,0,0,2,3,0,0,0,13,0,0,0,2,0,0,0,0,0,1,1,0,,0,0,0,0,0,0,0,0,21,6,0,5,73,108,10,58,0,38,4,15,0,3,0,19,0,0,0,0,1,8,0,0,12,89,13,0,0,0,0,46,125,503,0,0,0,23,1,7,1,24,17,1,57,0,538,
2021,Karnataka,29,Mysuru,545,Mysuru City,23,1,9,108,0,0,0,4,1,18,60,0,4,1,75,167,26,6,0,5,2,0,0,0,0,0,7,33,0,2,0,7,8,2,1,59,1,0,0,2,0,0,0,1,1,0,0,0,8,0,1,0,0,0,0,0,0,0,0,0,0,,4,0,7,3,4,0,0,0,2,1,0,10,322,123,20,108,5,72,1,5,1,1,0,36,0,0,0,0,0,0,0,0,13,151,13,0,24,0,1,57,107,370,35,0,0,2,0,4,9,36,33,0,31,3,11,
2021,Karnataka,29,Mysuru,545,Mysuru District,57,2,31,319,0,0,0,3,4,22,87,0,6,1,113,584,54,0,1,12,22,0,0,0,0,0,23,169,0,0,0,11,42,1,4,58,22,0,0,0,0,1,0,3,0,0,0,0,13,0,0,0,0,0,0,0,1,2,2,0,0,,0,0,41,0,0,0,0,0,83,3,0,15,181,272,17,216,0,47,0,8,0,1,0,9,0,0,0,0,0,0,0,0,0,113,6,1,7,0,0,54,468,441,0,0,0,4,0,11,11,58,93,0,121,5,247,
2021,Karnataka,29,Raichur,546,Raichur,36,4,40,265,0,0,0,1,8,16,64,3,1,4,0,181,28,0,0,5,35,0,0,0,0,0,20,209,0,0,0,6,11,0,2,24,7,0,0,0,2,0,0,0,0,0,0,0,28,0,2,0,0,0,1,0,0,3,1,0,0,,0,0,46,0,15,0,0,0,154,2,0,2,109,233,11,47,0,6,0,2,0,0,0,12,0,0,0,0,0,0,0,0,0,104,4,17,6,0,1,32,24,342,64,0,0,1,0,7,4,39,88,2,48,0,169,
2021,Karnataka,29,Bengaluru Urban,525,K.Railways,18,0,0,0,0,0,0,3,0,8,3,0,2,0,0,8,3,0,0,0,3,0,0,0,0,0,0,4,0,0,0,0,0,0,0,1,0,0,0,0,0,0,0,1,0,0,0,0,1,0,0,0,0,0,0,0,0,0,0,0,0,,0,0,0,0,0,0,0,0,0,0,0,1,25,739,0,1,0,43,0,0,0,0,0,0,0,0,0,0,1,0,0,0,0,5,2,0,0,0,0,0,1,0,0,0,0,0,0,2,0,0,0,0,6,0,8,
2021,Karnataka,29,Ramanagara,631,Ramanagara,55,2,36,227,0,0,0,5,1,16,54,0,1,2,105,409,37,0,0,5,23,1,0,0,0,0,2,122,0,0,0,7,34,0,3,69,9,0,0,2,2,0,0,0,0,0,0,0,9,1,0,0,0,0,0,0,1,2,0,0,0,,0,0,9,0,0,0,0,0,32,0,0,13,243,189,37,106,0,51,0,3,0,9,0,9,0,0,0,0,0,0,0,0,0,166,9,2,6,0,0,106,296,412,0,0,0,4,0,12,13,80,56,0,68,0,70,
2021,Karnataka,29,Shivamogga,547,Shimoga,37,2,17,277,0,0,0,14,3,28,121,0,0,4,22,613,49,8,0,6,19,0,0,0,7,0,20,210,1,0,0,10,68,1,4,88,2,0,1,1,3,0,0,4,0,0,0,0,19,0,0,0,0,0,0,2,0,3,1,13,0,,1,0,64,9,6,0,0,0,137,1,0,21,210,183,32,153,6,70,3,7,0,15,1,10,0,0,0,0,1,1,3,7,0,162,7,0,2,0,0,88,420,473,0,0,0,5,0,21,2,74,67,3,111,2,12,
2021,Karnataka,29,Tumakuru,548,Tumakuru,70,2,61,535,0,0,0,9,7,18,90,0,3,3,153,493,62,46,0,15,18,0,1,3,0,0,10,78,0,0,0,41,23,0,15,119,15,0,0,0,0,0,0,0,0,0,0,0,16,0,0,0,0,0,1,0,0,6,0,0,0,,12,5,47,6,14,0,0,0,13,0,0,4,298,180,52,183,0,91,3,5,0,7,0,17,0,0,0,0,2,3,6,10,6,137,36,1,6,0,0,234,263,927,89,0,0,6,0,5,7,83,50,0,65,1,26,
2021,Karnataka,29,Udupi,549,Udupi,10,1,7,182,0,0,1,7,0,3,30,0,0,2,98,91,15,0,0,9,7,0,0,0,0,0,7,49,0,0,0,6,2,0,4,18,4,0,0,0,0,0,0,3,0,0,0,0,6,0,0,0,0,0,0,0,0,0,0,0,0,,0,0,11,1,21,0,0,0,8,1,0,8,36,67,13,69,4,10,1,1,0,0,0,10,0,0,0,0,1,0,0,1,1,88,10,1,0,0,0,92,127,602,0,0,0,7,0,10,4,33,28,0,83,0,373,
2021,Karnataka,29,Uttara Kannada,550,Uttara Kannada,19,0,9,181,0,0,0,9,1,8,42,0,0,2,67,151,25,0,0,5,18,0,0,0,0,0,3,85,0,0,0,4,38,1,2,34,1,0,0,0,2,0,0,2,0,0,0,0,4,0,0,0,0,0,0,0,0,0,0,0,0,,0,0,34,1,0,0,0,0,63,1,0,9,41,68,8,81,0,13,0,2,0,1,0,22,0,0,0,0,1,0,0,0,10,14,17,2,1,0,0,106,406,248,0,0,0,3,0,0,6,17,19,0,37,12,122,
2021,Karnataka,29,Yadgir,635,Yadgiri,21,2,13,129,0,0,0,3,4,8,51,2,1,2,24,121,8,2,0,2,19,0,0,0,3,0,16,123,0,0,0,9,8,0,3,14,10,0,0,0,5,0,0,2,0,0,0,0,19,0,0,0,0,0,2,0,0,1,0,0,2,,0,1,24,0,3,0,0,0,91,1,0,3,34,107,7,35,1,2,0,1,0,0,0,7,0,0,0,0,0,0,0,0,0,32,1,0,5,0,0,23,17,243,0,0,0,6,2,2,1,27,41,1,26,0,39,
2021,Karnataka,29,Belagavi,527,Belagavi City,21,0,22,83,0,0,0,10,2,9,47,0,3,0,11,84,13,0,0,3,24,0,0,1,1,0,6,27,0,0,0,2,1,0,1,19,4,0,0,0,1,2,0,1,0,0,0,0,9,0,0,0,0,0,0,0,0,0,0,0,0,,0,0,21,1,6,0,0,1,42,15,0,5,149,60,26,91,2,19,3,7,0,1,0,0,0,0,0,0,0,0,1,0,0,99,5,1,10,0,0,21,29,269,0,0,0,5,0,5,3,21,84,0,21,0,8,
2021,Karnataka,29,Kalaburagi,538,Kalaburgi City,39,0,7,107,0,0,0,3,3,5,54,0,2,3,12,137,15,7,0,0,20,0,0,3,1,0,8,47,0,0,0,1,0,0,0,33,3,0,0,1,1,0,0,3,0,0,0,0,18,1,0,0,0,0,0,0,0,3,0,0,0,,0,0,2,0,0,0,0,0,36,0,0,0,160,52,18,86,0,35,1,0,0,6,0,1,0,0,0,0,0,0,0,0,0,58,8,1,3,0,2,45,59,236,0,0,0,10,0,4,4,13,89,0,44,1,405,
,,,,,,,,,,,,,,,,,,,,,,,,,,,,,,,,,,,,,,,,,,,,,,,,,,,,,,,,,,,,,,,,,,,,,,,,,,,,,,,,,,,,,,,,,,,,,,,,,,,,,,,,,,,,,,,,,,,,,,,,,,,
2022,Karnataka,29,Bagalkote,524,Bagalkot,41,0,24,332,0,0,0,11,2,19,83,0,0,5,0,90,16,0,0,0,22,0,0,0,0,0,9,59,0,0,0,3,96,0,1,32,6,0,0,0,0,1,0,3,0,0,0,0,12,0,0,0,0,0,1,0,0,0,0,0,0,,0,0,39,0,0,0,0,0,69,1,0,2,181,118,25,90,0,14,0,1,0,2,1,3,0,0,0,0,0,3,0,0,0,76,9,0,1,0,2,44,58,442,1,1,0,10,0,0,6,27,34,0,32,0,39,
2022,Karnataka,29,Chikkaballapura,630,Chikkaballapura,29,0,11,241,0,0,0,4,11,17,62,0,5,2,0,423,25,0,1,0,25,0,0,0,42,0,12,92,0,0,0,11,40,1,2,50,1,0,0,1,1,0,0,0,1,0,0,0,9,0,0,0,0,0,0,0,0,1,0,0,0,,0,0,61,0,0,0,0,0,97,0,0,6,199,144,14,88,0,30,1,3,0,1,0,6,0,0,0,0,0,0,0,0,0,93,6,0,2,0,0,0,246,270,9,0,0,2,0,13,6,50,51,0,35,1,23,
2022,Karnataka,29,Bengaluru Urban,525,Bengaluru City,173,16,222,547,0,3,21,109,29,141,389,11,10,17,680,1691,147,29,2,50,136,6,3,5,66,2,32,488,8,1,3,108,63,16,70,865,41,1,4,22,3,1,0,9,7,0,0,0,151,0,4,0,0,0,0,0,1,5,0,0,0,,0,0,47,2,16,0,1,0,37,14,1,104,5064,2510,180,702,123,603,26,23,0,175,3,147,2,0,0,0,16,22,1,2,444,2462,151,0,21,0,4,476,592,2111,3904,0,3,15,2,92,51,426,584,12,411,29,647,
2022,Karnataka,29,Bengaluru Urban,525,Bengaluru District,70,3,110,462,0,0,0,13,14,34,87,0,0,2,397,72,34,74,0,5,19,0,0,0,0,0,10,85,0,0,0,71,0,0,0,241,8,0,0,3,0,0,0,0,0,0,0,0,21,0,0,0,5,0,0,0,3,0,0,0,0,,0,0,86,0,0,0,0,0,49,0,0,5,841,339,60,200,4,100,4,9,0,22,0,33,0,0,0,0,2,0,0,0,0,375,36,0,6,0,0,702,274,581,12,0,0,3,0,15,8,138,149,0,104,2,29,
2022,Karnataka,29,Belagavi,527,Belagavi District,69,0,59,643,0,0,0,5,3,24,163,0,8,3,59,261,16,0,0,6,125,0,0,12,0,0,8,129,0,0,0,2,138,0,7,83,13,0,0,0,0,0,0,0,0,0,0,0,22,0,1,0,0,0,0,0,0,2,0,0,1,,0,0,65,0,0,0,0,0,193,0,0,0,336,167,38,157,0,31,0,13,0,0,0,26,0,0,0,0,0,9,1,1,2,139,39,0,0,0,1,51,48,1133,0,0,0,13,0,3,5,61,127,0,100,0,82,
2022,Karnataka,29,Ballari,528,Ballari,26,2,0,213,0,0,0,4,1,9,50,1,2,1,1,114,10,0,0,1,14,0,0,0,24,0,16,19,0,0,0,17,41,0,4,37,0,0,0,0,0,0,0,14,0,0,0,0,9,0,0,0,0,0,0,0,0,1,0,0,1,,0,0,12,0,0,0,0,0,79,0,0,2,225,122,22,85,0,22,0,0,0,0,1,9,0,0,0,0,1,0,0,0,0,82,10,0,1,0,0,42,187,86,17,0,0,2,0,6,1,27,65,0,28,0,26,
2022,Karnataka,29,Bidar,529,Bidar,54,1,48,257,0,0,1,6,4,14,43,8,2,2,121,464,15,0,4,8,31,0,0,4,8,0,22,52,0,0,0,2,0,0,0,29,12,0,0,1,2,1,0,7,0,0,0,0,11,1,0,0,0,0,0,0,0,0,0,2,1,,0,0,39,0,98,0,0,0,10,0,0,19,203,128,18,159,0,52,0,5,0,1,1,6,0,0,0,0,1,1,0,0,1,43,15,0,0,0,0,45,183,603,0,0,0,12,0,7,5,62,110,0,29,0,42,
2022,Karnataka,29,Vijayapura,530,Vijayapura,59,1,40,347,0,0,0,8,3,16,128,1,0,7,0,253,0,0,0,0,67,0,0,16,0,0,0,130,6,0,0,0,4,0,0,70,5,0,0,0,0,0,0,9,0,0,0,0,20,0,0,0,0,0,0,0,0,2,0,40,0,,15,5,34,10,34,0,0,0,20,1,0,8,213,160,37,122,0,11,0,6,0,5,0,6,0,0,0,0,0,14,0,0,0,95,17,4,5,0,12,0,29,502,32,0,0,4,0,7,0,16,107,0,48,2,45,
2022,Karnataka,29,Chamarajanagara,531,Chamarajnagar,19,3,14,165,0,0,0,0,1,11,63,0,4,2,0,270,25,0,0,0,18,0,0,0,0,0,0,57,0,0,0,6,89,0,3,21,6,0,0,0,1,0,0,0,0,0,0,0,9,0,0,0,0,0,0,5,0,4,0,0,0,,2,0,50,3,41,0,0,2,0,0,0,7,63,70,8,62,0,9,0,1,0,1,0,1,0,0,0,0,0,0,0,0,7,21,3,4,2,0,0,26,233,167,3,0,0,4,0,19,10,6,19,0,30,2,33,
2022,Karnataka,29,Chikkamagaluru,532,Chikkamagaluru,14,5,55,167,0,0,0,16,4,18,77,0,3,0,143,330,28,6,0,3,30,0,0,2,18,0,15,123,11,0,7,25,48,0,9,76,0,0,0,0,1,0,0,0,0,0,0,0,6,0,0,0,2,0,3,0,0,1,0,0,0,,1,0,38,14,1,0,0,1,42,6,0,12,72,144,29,95,0,19,0,1,0,1,1,7,0,0,0,0,0,0,1,1,5,68,9,0,1,0,0,94,296,373,0,0,0,3,0,10,4,46,43,0,64,0,11,
2022,Karnataka,29,Chitradurga,533,Chitradurga,30,3,110,292,0,0,0,6,7,23,80,0,8,2,293,222,28,0,0,2,14,0,0,0,53,0,11,221,9,0,0,0,150,1,2,51,31,0,0,0,2,1,0,1,0,0,0,0,12,0,0,0,1,0,0,0,0,0,0,43,0,,19,0,51,45,15,0,0,0,1,2,0,7,180,187,20,93,1,30,0,6,0,1,0,3,0,0,0,0,0,0,0,0,0,101,8,0,1,0,0,164,702,454,4,0,0,5,0,14,4,32,72,0,57,4,65,
2022,Karnataka,29,Dakshina Kannada,534,Dakshina Kannada,22,1,6,142,0,0,0,4,0,3,28,0,0,0,10,222,13,0,0,0,12,0,0,0,0,0,5,36,0,0,0,10,3,1,7,15,5,0,0,0,0,0,0,0,0,0,0,0,10,0,0,0,0,0,5,0,0,0,0,0,4,,3,0,13,5,18,0,0,0,1,1,0,2,15,66,12,50,0,16,0,1,0,0,0,2,0,0,0,0,0,3,0,0,5,33,4,0,1,0,0,41,326,428,0,0,0,5,0,9,3,26,31,0,111,2,15,
2022,Karnataka,29,Davangere,535,Davanagere,29,2,36,269,0,0,0,6,7,19,112,0,7,5,111,163,34,0,0,3,15,0,0,10,0,0,5,123,0,0,1,5,87,0,2,103,14,0,0,1,3,0,0,1,3,0,0,0,17,1,0,0,1,0,1,0,0,2,2,0,1,,0,0,80,0,0,0,0,0,96,3,1,7,405,227,19,144,3,54,1,11,0,3,1,6,0,1,0,0,1,3,1,0,126,7,15,0,1,0,0,73,523,152,2,0,0,11,0,11,0,46,59,0,47,1,54,
2022,Karnataka,29,Dharwad,536,Dharwad,26,1,70,140,0,0,0,2,0,10,51,0,1,4,38,72,6,0,5,1,9,0,0,3,0,3,6,33,0,0,0,6,7,0,1,18,0,0,0,0,0,0,0,0,0,0,0,0,3,1,0,0,0,0,0,0,0,0,0,0,0,,0,0,17,0,0,0,0,1,38,0,0,3,68,76,10,42,0,11,0,2,0,0,0,2,0,0,0,0,1,0,0,3,8,39,0,0,0,0,0,55,34,173,3,0,0,2,0,3,3,13,42,0,18,0,9,
2022,Karnataka,29,Gadag,537,Gadag,22,0,3,151,0,0,0,8,2,8,33,6,0,2,0,78,15,3,0,1,18,0,0,0,1,0,2,45,0,0,0,7,2,0,2,9,13,0,0,0,1,0,0,0,0,0,0,0,7,0,0,0,0,0,0,0,0,0,3,0,0,,0,0,18,1,0,0,0,0,74,0,0,5,56,107,6,50,1,10,2,0,0,1,0,4,0,0,0,0,0,0,0,0,0,39,2,0,1,0,0,18,19,138,0,0,0,4,0,1,5,14,23,0,12,1,6,
2022,Karnataka,29,Kalaburagi,538,Kalaburgi,55,3,20,265,0,0,0,5,3,18,64,2,1,4,75,230,6,2,0,7,28,0,0,9,5,0,13,110,0,0,0,0,7,0,0,15,26,0,0,0,0,2,0,2,0,0,0,0,12,0,0,0,0,0,0,0,0,2,0,0,0,,0,0,25,1,0,0,0,0,162,4,0,0,92,204,19,78,0,11,1,6,0,2,0,7,0,0,0,0,0,0,0,0,0,26,1,0,11,0,1,23,36,508,0,0,0,13,0,7,4,32,101,0,55,0,41,
2022,Karnataka,29,Hassan,539,Hassan,63,3,27,412,0,0,0,17,5,15,128,0,0,0,48,764,0,0,1,0,50,0,0,48,0,0,15,196,0,0,0,12,63,0,2,67,0,0,0,1,1,1,0,22,1,0,0,0,13,0,0,0,0,0,2,0,0,3,0,0,0,,0,0,35,0,0,0,0,0,56,2,0,13,202,168,28,111,0,42,1,6,0,5,6,11,0,0,0,0,1,2,0,0,0,118,10,2,1,0,0,0,738,798,0,0,0,7,0,16,9,55,50,0,123,0,56,
2022,Karnataka,29,Haveri,540,Haveri,16,4,24,234,0,0,0,0,4,10,94,0,3,1,0,224,27,0,0,0,27,0,0,0,0,0,0,67,0,0,0,11,34,0,0,63,5,0,0,0,0,0,0,0,0,0,0,0,13,0,0,0,0,0,0,0,0,0,0,0,0,,0,0,136,0,118,0,0,0,0,2,0,3,182,156,13,132,0,19,0,18,0,3,0,3,0,0,0,0,0,0,0,0,0,72,4,0,0,0,0,47,112,418,0,0,0,4,0,5,5,11,36,0,23,0,26,
2022,Karnataka,29,Dharwad,536,Hubballi Dharwad City,17,1,5,90,0,0,0,7,2,11,75,0,3,4,75,174,17,0,0,8,19,0,0,0,15,0,9,41,4,0,0,0,2,0,8,28,0,0,0,0,0,2,0,41,0,0,0,0,10,0,1,0,0,0,0,0,0,1,0,0,0,,0,0,5,2,29,0,0,0,9,0,0,72,164,143,20,118,0,35,0,7,0,0,0,21,0,0,0,0,1,0,0,0,0,111,12,0,0,0,0,149,41,232,0,0,0,6,0,4,4,17,87,0,31,0,16,
2022,Karnataka,29,Belagavi,527,K.G.F.,12,0,11,35,0,0,0,4,1,4,28,0,4,1,30,151,11,1,0,10,23,0,0,1,3,0,0,33,0,0,0,0,6,0,0,17,3,0,0,0,0,0,0,0,0,0,0,0,5,0,0,0,0,0,0,0,0,0,1,0,0,,2,0,15,5,5,0,0,0,8,1,0,3,53,40,10,56,1,10,0,1,0,2,0,0,0,0,0,0,0,0,3,0,25,28,4,0,0,0,0,9,33,66,0,0,0,1,0,18,2,4,13,0,37,0,5,
2022,Mizoram,15,Khawzawl,728,Khawzawl,2,0,0,1,0,0,0,0,0,0,0,0,0,0,1,0,0,0,0,2,0,0,0,0,0,0,0,2,0,0,0,0,0,0,0,0,0,0,0,0,0,0,0,0,0,0,0,0,1,0,0,0,0,1,0,0,0,0,0,0,0,,0,0,0,0,0,0,0,0,0,0,0,0,0,17,5,11,0,1,0,0,0,0,0,1,0,0,0,0,0,0,0,0,0,0,0,0,0,0,0,0,0,0,0,0,0,0,0,0,0,1,0,0,0,0,1,
2022,Karnataka,29,Kodagu,541,Kodagu,19,4,7,60,0,0,0,3,0,4,47,1,1,2,63,247,16,0,0,3,12,1,0,0,16,0,0,41,0,0,0,5,6,0,1,29,5,0,0,0,0,0,0,2,0,0,0,0,8,0,1,0,0,0,0,0,0,3,0,0,0,,0,0,1,0,0,0,0,0,9,3,0,8,21,105,15,45,0,8,0,5,0,0,0,2,0,0,0,0,0,0,0,0,0,27,4,0,0,0,0,49,135,197,0,1,0,5,0,4,5,23,24,0,38,1,13,
2022,Karnataka,29,Kolar,542,Kolar,28,1,38,199,0,0,0,4,7,13,81,0,2,2,11,276,0,0,0,4,32,0,0,22,0,0,11,87,0,0,0,15,20,0,7,62,11,0,0,0,1,0,0,0,0,0,0,0,12,0,0,0,0,0,3,0,2,0,0,0,0,,2,0,45,0,0,0,0,0,106,0,0,4,184,154,20,72,7,24,0,4,0,0,0,6,0,0,0,0,0,0,0,0,0,96,16,0,1,0,0,71,172,261,2,0,0,11,0,3,7,33,23,0,96,1,45,
2022,Karnataka,29,Koppal,543,Koppal,18,0,3,245,0,0,0,3,4,8,63,0,1,5,173,0,0,0,0,0,35,1,0,30,114,0,13,109,0,0,0,0,0,0,0,40,0,0,0,0,1,0,0,0,1,0,0,0,8,0,0,0,0,0,1,1,0,2,0,0,0,,0,0,22,3,4,0,0,0,77,0,0,8,103,281,21,63,0,9,0,4,0,0,0,9,0,0,0,0,0,0,0,0,6,47,1,0,0,0,0,48,25,332,17,0,0,1,0,2,1,46,96,0,38,2,30,
2022,Karnataka,29,Mandya,544,Mandya,57,3,49,404,0,0,0,3,5,18,86,0,2,4,49,767,44,0,0,11,11,0,0,0,0,0,57,199,0,0,0,8,126,1,8,102,16,0,1,1,3,0,0,1,0,0,0,0,10,0,0,0,0,0,0,0,0,1,2,0,0,,0,0,29,0,0,0,0,0,47,1,0,14,278,180,38,145,0,53,0,8,0,12,0,7,0,0,0,0,0,0,0,0,12,67,14,3,1,0,0,115,1155,256,0,0,0,6,0,14,18,86,92,0,69,2,59,
2022,Karnataka,29,Dakshina Kannada,534,Mangaluru City,11,11,12,140,0,0,0,9,3,8,52,0,2,1,87,41,30,112,0,0,4,0,0,3,20,0,1,66,0,2,0,9,1,5,0,29,2,0,0,1,0,0,0,3,3,0,0,0,12,0,1,0,0,0,0,0,0,3,0,0,0,,0,0,2,0,6,0,2,0,2,4,0,9,69,81,10,57,0,24,0,5,0,1,0,4,0,0,0,0,0,4,0,0,27,77,4,0,1,0,0,57,197,522,0,0,0,7,0,5,3,16,32,0,49,4,14,
2022,Karnataka,29,Mysuru,545,Mysuru City,26,0,8,169,0,0,0,4,3,13,69,2,1,5,133,188,18,13,3,13,19,0,0,0,0,0,8,50,0,2,0,9,17,0,3,61,0,0,0,1,1,0,0,1,0,0,0,0,15,0,0,0,1,0,0,0,1,0,0,0,0,,6,0,7,2,7,0,0,0,2,0,0,15,413,130,12,88,1,102,1,4,0,0,3,50,0,0,0,0,2,0,0,0,44,133,25,3,1,0,0,51,92,464,0,0,0,4,0,8,4,46,43,0,26,3,9,
2022,Karnataka,29,Mysuru,545,Mysuru District,62,1,132,312,0,0,0,3,8,21,94,0,7,2,134,559,33,0,0,6,35,0,0,0,0,0,11,208,0,0,0,13,54,1,8,56,26,0,0,0,0,1,0,1,0,0,0,0,22,0,1,0,1,0,0,0,0,0,1,0,0,,0,0,56,0,0,0,0,0,109,1,0,22,209,205,32,172,0,30,2,7,0,0,2,5,0,0,0,0,0,0,0,0,16,106,4,0,0,0,0,73,733,349,0,0,0,6,0,15,10,64,97,0,119,4,54,
2022,Karnataka,29,Raichur,546,Raichur,43,4,36,267,0,0,0,2,6,16,84,0,1,1,0,171,9,0,0,0,63,0,0,0,31,0,32,197,0,0,0,16,2,0,2,25,0,0,0,1,0,0,0,15,0,0,0,0,24,0,0,0,0,0,0,0,0,2,0,1,0,,0,0,35,0,0,0,0,0,152,0,0,4,144,359,24,74,0,14,0,4,0,0,0,5,0,0,0,0,1,0,0,0,0,76,3,0,3,0,5,0,347,0,23,0,0,7,0,4,8,44,115,0,51,0,24,
2022,Karnataka,29,Bengaluru Urban,525,K.Railways,11,0,0,1,0,0,0,2,0,22,9,0,4,2,0,19,4,0,0,0,2,0,0,0,0,0,2,0,0,3,0,0,0,0,0,7,2,0,0,0,0,0,0,0,1,0,0,0,0,0,0,0,0,0,0,0,0,0,0,0,0,,0,0,0,0,0,0,0,0,1,0,0,0,39,1086,0,0,0,55,0,0,0,0,0,0,0,0,0,0,0,0,0,0,0,4,1,0,0,0,0,0,4,0,0,0,0,0,0,0,0,0,3,0,6,1,5,
2022,Karnataka,29,Ramanagara,631,Ramanagara,44,2,0,346,0,0,0,4,4,26,87,0,1,0,8,639,31,0,0,0,33,0,0,0,37,0,12,224,0,0,0,11,49,0,7,117,0,0,0,1,2,1,0,7,1,0,0,0,14,0,0,0,0,0,0,0,0,2,0,0,0,,0,0,13,0,0,0,0,0,38,0,0,8,284,270,39,146,0,45,0,15,0,20,0,16,0,0,0,0,0,0,0,0,0,164,12,0,1,0,0,96,205,764,1,0,0,4,1,15,7,103,46,0,110,1,21,
2022,Karnataka,29,Shivamogga,547,Shimoga,31,6,13,318,0,0,0,16,10,22,142,1,0,2,56,702,51,7,1,1,29,0,1,0,5,0,13,237,4,0,0,6,71,1,8,120,6,0,0,1,0,0,0,1,0,0,0,0,23,0,0,0,1,0,3,0,0,1,0,0,1,,0,0,61,1,18,0,0,0,166,5,0,18,257,152,33,170,6,49,4,7,0,10,0,9,0,0,0,0,0,2,1,2,2,212,10,0,1,0,0,76,421,567,0,0,0,12,1,25,24,98,92,2,149,1,16,
2022,Karnataka,29,Tumakuru,548,Tumakuru,79,5,95,605,0,0,0,2,4,25,120,0,5,4,166,523,34,65,0,5,35,0,0,0,0,0,12,151,0,0,0,123,4,0,6,116,12,0,0,0,2,0,0,0,0,0,0,0,19,0,0,0,0,0,0,0,0,2,0,0,0,,0,0,58,0,0,0,0,0,55,1,0,18,397,254,56,256,4,78,2,6,0,14,0,11,0,0,0,0,0,0,0,0,0,201,38,0,3,0,0,236,323,998,6,0,0,6,0,11,10,97,65,0,59,2,36,
2022,Karnataka,29,Udupi,549,Udupi,16,0,3,231,0,0,0,13,0,9,27,1,2,1,142,57,15,5,0,3,5,0,0,0,9,0,6,52,1,1,4,5,5,0,4,23,6,0,0,1,0,0,0,0,0,0,0,0,10,0,0,0,0,0,0,0,0,0,0,0,0,,5,0,6,0,11,0,0,0,10,0,0,5,65,95,15,96,0,16,4,2,0,1,0,11,0,0,0,0,0,0,0,0,0,88,15,0,0,0,0,67,124,807,0,0,0,8,0,7,0,46,30,0,124,4,23,
2022,Karnataka,29,Uttara Kannada,550,Uttara Kannada,15,1,14,225,0,0,0,2,1,11,47,0,1,3,86,184,21,0,1,25,4,0,0,0,0,0,7,74,0,0,0,11,70,2,3,36,9,0,0,1,0,0,0,2,0,0,0,0,11,0,0,0,0,0,0,0,2,0,0,0,0,,0,0,12,0,0,0,0,0,51,0,0,12,63,109,15,79,3,18,0,13,0,0,1,10,0,0,0,0,1,0,0,0,0,82,18,0,2,0,0,112,426,276,0,0,0,8,0,10,3,23,21,0,40,5,41,
2022,Karnataka,29,Yadgir,635,Yadgiri,21,1,7,157,0,0,0,7,1,4,53,2,2,1,44,130,10,1,0,0,23,0,0,0,1,0,6,84,0,0,0,10,3,0,0,20,1,0,0,0,2,1,0,0,0,0,0,0,15,0,0,0,0,0,0,0,0,1,0,0,0,,4,2,34,1,0,0,0,0,60,3,0,2,43,95,7,43,0,2,0,1,0,1,0,4,0,0,0,0,0,2,0,0,0,27,2,0,0,0,0,14,14,237,0,0,0,2,0,5,2,24,32,0,21,1,23,
2022,Karnataka,29,Belagavi,527,Belagavi City,36,0,15,142,0,0,0,7,2,15,74,0,2,0,16,129,7,3,0,4,21,0,0,1,1,0,3,24,0,0,0,7,11,0,1,26,12,0,0,0,0,0,0,1,0,1,0,0,6,0,1,0,0,0,0,0,0,0,0,0,0,,0,0,13,0,3,0,0,0,45,7,1,10,153,78,26,102,2,13,0,9,0,1,0,4,0,0,0,0,1,3,0,0,0,121,4,0,0,0,0,53,29,329,0,0,0,2,0,13,3,8,88,0,14,1,17,
2022,Karnataka,29,Kalaburagi,538,Kalaburgi City,27,0,6,103,0,0,0,1,3,8,73,0,0,11,144,14,4,5,0,2,40,0,0,8,9,0,9,41,0,0,0,0,0,0,0,43,7,0,0,1,1,0,0,1,0,0,0,0,7,1,0,0,0,0,0,0,0,1,0,0,0,,0,0,0,0,0,0,0,0,52,1,0,8,294,65,22,117,1,30,0,5,0,4,0,1,0,0,0,0,0,0,0,0,0,89,7,0,1,0,0,29,74,239,4,0,0,3,0,10,7,13,53,0,38,0,31,
,,,,,,,,,,,,,,,,,,,,,,,,,,,,,,,,,,,,,,,,,,,,,,,,,,,,,,,,,,,,,,,,,,,,,,,,,,,,,,,,,,,,,,,,,,,,,,,,,,,,,,,,,,,,,,,,,,,,,,,,,,,
year,state_name,state_code,district_name,district_code,registration_circles,dowry_prohibition,immoral_traffic_prevention,women_protection_from_domestic_voilence,indecent_representation_of_women_prohibition,protection_of_children_from_sexual_offences,juvenile_justice_care_and_protection_of_children,prohibition_of_child_marriage,pre_natal_diag_technq_reg_n_prev_of_misuse,child_labour_prohibition_regulation,medical_termination_of_pregnancy,prevention_of_atrocities_against_scs,prevention_of_atrocities_against_sts,protection_of_civil_rights_against_scs,protection_of_civil_rights_against_sts,prevention_of_damage_to_public_property_act,unlawful_activities_act,official_secrets_act,legal_license_arms,illegal_license_arms,other_arms,explosives_act,explosive_substances,information_technology_act,copy_right_act,the_trade_marks_act,lotteries_regulation_act,chit_funds_act,negotiable_instruments_act,benami_transaction_prohibition_act,mines_and_minerals_development_and_regulation,prevention_of_corruption,liquor_narcotic_drugs_prohibition,excise_act,possession_of_drugs_for_personal_use_consumption,possession_of_drugs_for_trafficking,forest_act_and_forest_conservation,wildlife_protection,environmental_protection,air_water_prevention_pollution_control,cigarette_and_tobacco_products,noise_pollution,national_green_tribunal,registration_of_foreigners_and_foreigners,passport_act,emigration_act,citizenship_act,indian_railways_act,railway_property_unlawful_possession,indian_telegraph,telegraph_wire_unlawful_possession,cinematograph_act,cable_television_networks_regulation,essential_commodities,prevention_of_food_adulteration,food_safety_standards,macoca_control_of_organised_crimes,gambling_act,electricity_act,antiques_and_art_treasures,representation_of_the_people,bonded_labour_against_sc,bonded_labour_against_st,bonded_labour_against_others,prevention_of_insults_to_national_honour,defacement_of_public_property,transplantation_of_human_organ,mental_health_act,motor_vehicle_act,city_town_police_acts,other_state_local_acts,other_sll_crimes,transgender_persons_protection_of_rights_act,,,,,,,,,,,,,,,,,,,,,,,,,,,,,,,,,,,,,,,,,,,,,,
,,,,,,,,,,,,,,,,,,,,,,,,,,,,,,,,,,,,,,,,,,,,,,,,,,,,,,,,,,,,,,,,,,,,,,,,,,,,,,,,,,,,,,,,,,,,,,,,,,,,,,,,,,,,,,,,,,,,,,,,,,,
2017,Karnataka,29,Bagalkote,524,Bagalkot,32,0,0,0,35,0,0,0,0,0,28,10,0,0,3,0,0,0,0,0,0,0,8,3,0,0,0,0,0,308,0,0,190,1,12,3,2,0,0,37,0,0,0,0,0,0,0,0,0,0,0,0,2,0,0,0,485,0,1,0,0,0,0,0,3,0,0,0,0,6,23,,,,,,,,,,,,,,,,,,,,,,,,,,,,,,,,,,,,,,,,,,,,,,,
2017,Karnataka,29,Bengaluru Urban,525,Bengaluru City,728,139,0,0,409,29,4,0,19,0,190,9,0,0,29,0,1,5,18,13,3,1,2743,147,1,0,7,0,0,18,1,0,317,2,352,40,18,0,0,264,0,0,28,25,1,0,0,0,3,0,0,0,13,0,0,0,341,0,0,1,0,0,6,1,2,0,1,0,10,412,180,,,,,,,,,,,,,,,,,,,,,,,,,,,,,,,,,,,,,,,,,,,,,,,
2017,Karnataka,29,Bengaluru Urban,525,Bengaluru District,38,4,0,0,58,1,1,0,3,0,84,9,0,0,5,0,0,0,4,0,1,0,24,6,0,0,0,0,0,105,0,0,102,0,23,11,2,0,0,0,0,0,0,0,0,0,0,0,0,0,0,0,7,0,0,0,150,0,0,0,0,0,2,0,0,0,0,0,0,84,13,,,,,,,,,,,,,,,,,,,,,,,,,,,,,,,,,,,,,,,,,,,,,,,
2017,Karnataka,29,Belagavi,527,Belagavi District,12,1,0,0,60,0,1,0,1,0,60,17,0,0,1,0,0,1,0,1,1,1,11,1,0,0,0,0,0,484,0,0,448,16,8,8,1,0,0,1,0,0,0,0,0,0,0,0,0,0,0,0,8,0,0,0,963,0,0,0,0,0,1,0,0,0,0,0,0,2,11,,,,,,,,,,,,,,,,,,,,,,,,,,,,,,,,,,,,,,,,,,,,,,,
2017,Karnataka,29,Ballari,528,Ballari,68,7,0,0,45,0,1,0,1,0,47,15,0,0,0,0,0,0,1,2,0,2,11,1,0,0,0,0,0,421,0,0,429,7,17,2,0,0,0,0,0,0,0,0,0,0,0,0,0,0,0,0,29,0,0,0,938,0,2,0,0,0,0,0,0,0,0,2,0,0,25,,,,,,,,,,,,,,,,,,,,,,,,,,,,,,,,,,,,,,,,,,,,,,,
2017,Karnataka,29,Bidar,529,Bidar,17,3,0,0,35,0,0,0,2,0,0,0,0,0,1,0,0,1,4,0,0,0,3,1,0,0,0,0,0,12,1,0,207,11,2,1,0,0,0,0,0,0,0,0,0,0,0,0,0,0,0,0,8,1,0,0,285,0,0,0,0,0,0,1,0,0,0,0,0,7,59,,,,,,,,,,,,,,,,,,,,,,,,,,,,,,,,,,,,,,,,,,,,,,,
2017,Karnataka,29,Vijayapura,530,Vijayapura,3,0,0,0,43,0,4,0,1,0,0,0,0,0,0,0,0,0,13,0,0,0,9,1,0,0,0,0,0,267,0,0,339,0,10,6,0,0,0,0,0,0,0,0,0,0,0,0,0,0,0,0,21,0,0,0,641,0,0,0,0,0,0,0,0,0,0,0,0,0,110,,,,,,,,,,,,,,,,,,,,,,,,,,,,,,,,,,,,,,,,,,,,,,,
2017,Karnataka,29,Chikkaballapura,630,Chikkaballapura,14,0,0,0,73,0,4,0,0,0,35,16,0,0,3,0,0,0,0,0,0,2,13,0,0,0,0,0,0,319,0,0,64,0,8,4,1,0,0,0,0,0,0,0,0,0,0,0,0,0,0,0,3,0,0,0,266,0,0,0,0,0,0,0,0,0,0,0,0,9,22,,,,,,,,,,,,,,,,,,,,,,,,,,,,,,,,,,,,,,,,,,,,,,,
2017,Karnataka,29,Chamarajanagara,531,Chamarajnagar,6,1,0,0,26,0,6,0,3,0,1,1,0,0,0,0,0,0,0,2,8,0,5,0,0,1,0,0,0,105,0,0,358,0,20,3,8,0,0,0,0,0,0,0,0,0,0,0,0,0,0,0,5,0,0,0,252,2,0,35,0,0,0,0,0,0,0,0,0,1,63,,,,,,,,,,,,,,,,,,,,,,,,,,,,,,,,,,,,,,,,,,,,,,,
2017,Karnataka,29,Chikkamagaluru,532,Chikkamagaluru,8,11,0,0,51,0,1,0,1,0,64,12,0,0,0,1,0,3,16,0,2,0,19,0,0,0,0,0,0,11,0,0,391,0,4,2,5,0,0,0,0,0,0,0,0,0,0,0,0,0,0,0,3,0,0,0,186,7,0,0,0,0,0,0,0,0,0,1,0,8,45,,,,,,,,,,,,,,,,,,,,,,,,,,,,,,,,,,,,,,,,,,,,,,,
2017,Karnataka,29,Chitradurga,533,Chitradurga,41,2,0,1,27,0,0,0,0,0,27,6,8,0,1,0,0,0,0,0,2,0,18,1,0,0,0,0,0,342,0,0,289,7,0,2,0,0,0,0,0,0,0,0,0,0,0,0,0,0,0,0,12,0,0,0,433,3,1,1,0,0,0,0,0,0,0,1,0,15,31,,,,,,,,,,,,,,,,,,,,,,,,,,,,,,,,,,,,,,,,,,,,,,,
2017,Karnataka,29,Dakshina Kannada,534,Dakshina Kannada,2,1,0,0,54,4,2,0,0,0,46,12,0,0,0,0,0,0,0,0,0,0,7,0,0,1,0,0,0,171,0,0,69,10,15,2,0,0,0,0,0,0,1,0,0,0,0,0,0,0,0,0,1,1,0,0,60,1,0,0,0,0,0,0,0,0,0,0,0,33,41,,,,,,,,,,,,,,,,,,,,,,,,,,,,,,,,,,,,,,,,,,,,,,,
2017,Karnataka,29,Davangere,535,Davanagere,40,9,0,0,51,0,3,0,5,0,20,10,0,0,1,0,0,1,0,0,1,0,18,1,0,0,0,0,0,223,0,0,101,4,1,3,2,0,0,0,0,0,0,0,0,0,0,0,0,0,0,0,17,0,0,0,466,1,0,0,0,0,0,0,0,0,0,0,0,6,53,,,,,,,,,,,,,,,,,,,,,,,,,,,,,,,,,,,,,,,,,,,,,,,
2017,Karnataka,29,Dharwad,536,Dharwad,0,0,0,0,27,0,0,0,0,0,15,8,0,0,1,0,0,0,1,0,0,0,0,0,0,0,0,0,0,2,0,0,116,0,0,0,0,0,0,0,0,0,0,0,0,0,0,0,0,0,0,0,2,0,0,0,193,0,0,0,0,0,0,0,0,0,0,0,0,0,5,,,,,,,,,,,,,,,,,,,,,,,,,,,,,,,,,,,,,,,,,,,,,,,
2017,Karnataka,29,Gadag,537,Gadag,1,3,0,0,16,1,1,0,0,0,12,6,0,0,1,0,0,0,0,0,0,0,2,0,0,0,0,0,0,0,0,0,296,0,5,0,0,0,0,0,0,0,0,0,0,0,0,0,0,0,0,0,0,0,0,0,368,0,0,1,0,0,0,0,0,0,0,0,0,1,2,,,,,,,,,,,,,,,,,,,,,,,,,,,,,,,,,,,,,,,,,,,,,,,
2017,Karnataka,29,Kalaburagi,538,Kalaburgi,42,17,0,0,65,1,5,0,0,0,0,0,0,0,8,0,0,0,10,5,3,0,23,0,0,0,0,0,0,296,0,0,86,6,0,1,0,0,0,1,0,0,0,0,0,0,0,0,0,0,0,0,5,0,0,0,558,0,4,0,0,0,0,1,0,0,0,0,0,13,26,,,,,,,,,,,,,,,,,,,,,,,,,,,,,,,,,,,,,,,,,,,,,,,
2017,Karnataka,29,Hassan,539,Hassan,56,2,0,0,57,0,0,0,0,0,106,6,0,0,2,0,0,0,0,6,0,6,11,0,0,0,0,0,0,212,0,0,84,6,0,4,2,0,0,0,0,0,0,0,0,0,0,0,0,0,0,0,4,0,0,0,144,3,0,0,0,0,0,0,0,0,0,1,0,0,103,,,,,,,,,,,,,,,,,,,,,,,,,,,,,,,,,,,,,,,,,,,,,,,
2017,Karnataka,29,Haveri,540,Haveri,20,2,0,0,59,0,0,0,0,0,31,22,0,0,0,0,0,0,0,0,0,0,4,0,0,0,0,0,0,0,1,0,61,6,0,0,0,0,0,0,0,0,0,0,0,0,0,0,0,0,0,0,5,0,0,0,250,0,0,0,0,0,0,2,0,0,0,0,0,11,2,,,,,,,,,,,,,,,,,,,,,,,,,,,,,,,,,,,,,,,,,,,,,,,
2017,Karnataka,29,Dharwad,536,Hubballi Dharwad City,0,10,0,0,25,1,2,0,0,0,19,7,0,0,3,0,0,0,1,0,1,0,21,2,0,0,0,0,0,10,0,0,20,3,1,1,0,0,0,0,0,0,0,0,0,0,0,0,0,0,0,0,3,0,0,0,240,0,0,0,0,0,0,0,0,0,0,0,0,81,3,,,,,,,,,,,,,,,,,,,,,,,,,,,,,,,,,,,,,,,,,,,,,,,
2017,Karnataka,29,Belagavi,527,K.G.F.,7,0,0,0,14,0,0,0,1,0,4,2,0,0,0,0,0,1,0,0,0,0,4,0,0,0,0,0,0,5,0,0,16,0,1,2,0,0,0,0,0,0,0,0,0,0,0,0,0,0,0,0,0,0,0,0,38,0,0,0,0,0,0,0,0,0,0,0,0,17,0,,,,,,,,,,,,,,,,,,,,,,,,,,,,,,,,,,,,,,,,,,,,,,,
2017,Karnataka,29,Kodagu,541,Kodagu,0,7,0,0,47,0,0,0,0,0,17,0,0,0,0,0,0,0,0,0,0,0,5,0,0,4,0,0,0,1,0,0,31,0,8,3,0,0,0,1,0,0,1,0,0,0,0,0,0,0,0,0,1,0,0,0,32,0,0,0,0,0,0,0,0,0,0,0,0,1,41,,,,,,,,,,,,,,,,,,,,,,,,,,,,,,,,,,,,,,,,,,,,,,,
2017,Karnataka,29,Kolar,542,Kolar,29,4,0,0,27,0,0,0,1,0,28,5,0,0,11,0,0,0,0,3,0,2,4,2,0,0,0,0,0,42,0,0,41,6,0,1,3,0,0,4,0,0,0,0,0,0,0,0,0,0,0,0,1,0,0,0,64,0,0,0,0,0,1,0,0,0,0,0,0,0,43,,,,,,,,,,,,,,,,,,,,,,,,,,,,,,,,,,,,,,,,,,,,,,,
2017,Karnataka,29,Koppal,543,Koppal,1,1,0,0,37,0,2,0,1,0,16,1,0,0,2,0,0,0,0,0,0,1,2,0,0,0,0,0,0,0,0,0,201,9,0,0,1,0,0,0,0,0,0,0,0,0,0,0,0,0,0,0,5,0,0,0,499,0,0,0,0,0,0,0,0,0,0,0,0,0,163,,,,,,,,,,,,,,,,,,,,,,,,,,,,,,,,,,,,,,,,,,,,,,,
2017,Karnataka,29,Mandya,544,Mandya,54,7,0,0,79,1,4,0,3,0,64,4,0,0,2,0,0,0,0,1,0,2,7,0,0,0,0,0,0,438,0,0,369,12,0,2,1,0,0,0,0,0,0,0,0,0,0,0,0,0,0,0,11,0,0,0,221,0,0,0,0,0,0,0,0,0,0,0,0,0,164,,,,,,,,,,,,,,,,,,,,,,,,,,,,,,,,,,,,,,,,,,,,,,,
2017,Karnataka,29,Dakshina Kannada,534,Mangaluru City,20,22,0,0,53,1,2,0,2,0,51,7,0,0,0,0,0,1,1,1,0,0,45,1,0,1,0,0,0,132,0,0,7,208,70,3,1,0,0,0,0,0,0,1,0,0,0,0,0,0,0,0,1,0,0,0,78,0,0,0,0,0,0,0,0,0,0,0,0,78,63,,,,,,,,,,,,,,,,,,,,,,,,,,,,,,,,,,,,,,,,,,,,,,,
2017,Karnataka,29,Mysuru,545,Mysuru City,60,25,0,0,39,1,2,0,4,0,18,8,0,0,1,0,0,0,1,0,0,0,21,10,0,0,0,0,0,5,1,0,15,0,14,6,1,0,0,0,0,0,6,0,0,0,0,0,0,0,0,0,11,0,0,0,83,0,0,0,0,0,0,0,0,0,0,0,0,0,36,,,,,,,,,,,,,,,,,,,,,,,,,,,,,,,,,,,,,,,,,,,,,,,
2017,Karnataka,29,Mysuru,545,Mysuru District,22,7,0,0,81,1,9,0,1,0,43,14,0,0,1,0,0,3,0,0,0,0,8,0,0,0,0,0,0,201,0,0,582,7,0,1,1,0,0,0,0,0,0,0,0,0,0,0,0,0,0,0,13,0,0,0,244,5,0,14,0,0,0,0,0,0,0,1,0,24,27,,,,,,,,,,,,,,,,,,,,,,,,,,,,,,,,,,,,,,,,,,,,,,,
2017,Karnataka,29,Raichur,546,Raichur,71,1,0,0,49,0,1,0,1,0,57,27,1,0,1,0,0,0,0,0,1,0,3,0,0,0,0,0,0,515,0,0,116,1,0,1,0,0,0,0,0,0,0,0,0,0,0,0,0,0,0,0,10,0,0,0,505,0,1,0,0,0,0,0,0,0,0,0,0,0,7,,,,,,,,,,,,,,,,,,,,,,,,,,,,,,,,,,,,,,,,,,,,,,,
2017,Karnataka,29,Bengaluru Urban,525,K.Railways,0,0,0,0,3,0,0,0,0,0,2,0,0,0,0,0,0,0,0,0,0,0,0,0,0,0,0,0,0,0,0,0,24,0,5,0,0,0,0,0,0,0,0,0,0,0,5,1,0,0,0,0,0,0,0,0,4,0,0,0,0,0,0,0,0,0,0,0,0,0,19,,,,,,,,,,,,,,,,,,,,,,,,,,,,,,,,,,,,,,,,,,,,,,,
2017,Karnataka,29,Ramanagara,631,Ramanagara,31,0,0,0,41,0,0,0,0,0,38,7,0,0,3,0,0,0,0,0,4,4,9,3,0,0,0,0,0,199,0,0,61,0,9,3,5,0,0,0,0,0,1,0,0,0,0,0,0,0,0,0,7,0,0,0,123,0,0,1,0,0,0,0,0,0,0,0,0,18,60,,,,,,,,,,,,,,,,,,,,,,,,,,,,,,,,,,,,,,,,,,,,,,,
2017,Karnataka,29,Shivamogga,547,Shimoga,0,3,0,0,83,1,4,0,12,0,65,4,0,0,4,0,0,0,10,0,5,5,30,2,0,0,0,0,0,344,0,0,305,70,24,2,1,0,0,0,0,0,1,1,0,0,0,0,0,0,0,0,8,0,0,0,697,2,0,0,0,0,0,0,0,0,0,0,0,14,57,,,,,,,,,,,,,,,,,,,,,,,,,,,,,,,,,,,,,,,,,,,,,,,
2017,Karnataka,29,Tumakuru,548,Tumakuru,61,4,0,0,71,2,4,0,4,0,0,0,0,0,3,0,0,0,0,1,0,0,11,2,0,0,0,0,0,428,0,0,380,14,0,8,2,0,0,1,0,0,0,0,0,0,0,0,0,0,0,0,10,0,0,0,598,0,0,0,0,0,0,1,0,0,0,0,0,127,21,,,,,,,,,,,,,,,,,,,,,,,,,,,,,,,,,,,,,,,,,,,,,,,
2017,Karnataka,29,Udupi,549,Udupi,3,1,0,0,38,1,0,0,0,0,42,15,0,0,0,0,0,0,1,0,2,1,11,1,0,0,0,0,0,63,0,0,19,47,2,0,0,0,0,0,0,0,1,1,0,0,0,0,0,0,0,0,0,0,0,0,375,0,0,0,0,0,0,0,0,0,0,0,0,11,45,,,,,,,,,,,,,,,,,,,,,,,,,,,,,,,,,,,,,,,,,,,,,,,
2017,Karnataka,29,Uttara Kannada,550,Uttara Kannada,17,1,0,0,37,0,1,0,0,0,26,7,0,0,7,0,0,2,5,2,0,0,18,0,0,2,0,0,0,90,0,0,85,12,20,0,1,0,0,0,0,0,1,0,0,0,0,0,0,0,0,0,0,0,0,0,209,0,0,0,0,0,0,0,0,0,0,0,0,7,41,,,,,,,,,,,,,,,,,,,,,,,,,,,,,,,,,,,,,,,,,,,,,,,
2017,Karnataka,29,Yadgir,635,Yadgiri,20,0,0,0,18,0,0,0,2,0,26,15,0,0,0,0,0,1,0,0,0,0,7,0,0,0,0,0,0,134,0,0,51,1,0,0,0,0,0,0,0,0,0,1,0,0,0,0,0,0,0,0,1,0,0,0,295,0,0,0,0,0,0,0,0,0,0,0,0,0,21,,,,,,,,,,,,,,,,,,,,,,,,,,,,,,,,,,,,,,,,,,,,,,,
2017,Karnataka,29,Belagavi,527,Belagavi City,43,7,0,0,23,0,1,0,4,0,16,5,0,0,0,0,0,0,0,0,0,0,17,4,0,0,0,0,0,41,0,0,49,15,14,1,0,0,0,1,0,0,2,0,0,0,0,0,0,0,0,0,1,0,0,0,203,0,0,0,0,0,0,1,0,0,0,0,0,3,26,,,,,,,,,,,,,,,,,,,,,,,,,,,,,,,,,,,,,,,,,,,,,,,
,,,,,,,,,,,,,,,,,,,,,,,,,,,,,,,,,,,,,,,,,,,,,,,,,,,,,,,,,,,,,,,,,,,,,,,,,,,,,,,,,,,,,,,,,,,,,,,,,,,,,,,,,,,,,,,,,,,,,,,,,,,
2018,Karnataka,29,Bagalkote,524,Bagalkot,25,0,0,0,37,0,1,0,0,0,0,1,0,0,2,0,0,0,1,0,0,0,6,5,0,0,0,0,0,75,0,0,222,1,2,1,1,0,0,48,0,0,0,0,0,0,0,0,0,0,0,0,11,0,0,0,585,0,0,19,0,0,0,0,0,0,0,0,0,3,8,,,,,,,,,,,,,,,,,,,,,,,,,,,,,,,,,,,,,,,,,,,,,,,
2018,Karnataka,29,Bengaluru Urban,525,Bengaluru City,692,80,0,0,406,17,4,0,15,0,12,0,0,0,36,0,0,7,9,21,2,1,5253,98,0,0,14,0,0,14,0,0,177,2,284,48,16,0,0,185,0,0,79,12,0,0,0,0,1,0,0,0,8,0,0,0,318,0,0,74,0,0,0,1,898,0,0,0,2,290,108,,,,,,,,,,,,,,,,,,,,,,,,,,,,,,,,,,,,,,,,,,,,,,,
2018,Karnataka,29,Bengaluru Urban,525,Bengaluru District,27,4,0,0,52,3,3,0,1,0,1,0,0,0,2,0,0,0,0,4,1,0,18,0,0,0,0,0,0,105,0,0,138,0,20,6,0,0,0,0,0,0,3,0,0,0,0,0,0,0,0,0,12,0,0,0,156,0,0,5,0,0,2,0,0,0,0,0,0,10,37,,,,,,,,,,,,,,,,,,,,,,,,,,,,,,,,,,,,,,,,,,,,,,,
2018,Karnataka,29,Dharwad,536,Dharwad,1,0,0,0,19,0,0,0,0,0,1,0,0,0,0,0,0,0,0,0,0,0,1,0,0,0,0,0,0,3,0,0,120,2,1,0,0,0,0,0,0,0,0,0,0,0,0,0,0,0,0,0,2,0,0,0,228,0,0,8,0,0,0,0,0,0,0,0,0,0,6,,,,,,,,,,,,,,,,,,,,,,,,,,,,,,,,,,,,,,,,,,,,,,,
2018,Karnataka,29,Belagavi,527,Belagavi District,8,2,0,0,90,0,1,0,1,0,39,10,0,0,7,0,0,1,2,2,2,0,13,2,0,0,0,0,0,261,0,0,359,17,7,1,0,0,0,1,0,0,0,0,0,0,0,0,0,0,0,0,12,0,0,0,620,0,0,25,0,0,0,0,1,0,0,0,0,8,10,,,,,,,,,,,,,,,,,,,,,,,,,,,,,,,,,,,,,,,,,,,,,,,
2018,Karnataka,29,Ballari,528,Ballari,73,9,0,0,42,0,1,0,6,0,0,0,1,1,3,0,0,0,0,0,0,2,11,4,0,0,0,0,0,181,0,0,370,12,5,0,0,0,0,0,0,0,0,0,0,0,0,0,0,0,0,0,36,0,0,0,777,0,0,16,0,0,0,0,10,0,0,0,0,47,17,,,,,,,,,,,,,,,,,,,,,,,,,,,,,,,,,,,,,,,,,,,,,,,
2018,Karnataka,29,Bidar,529,Bidar,37,3,0,0,36,0,1,0,5,0,0,0,0,0,4,0,1,0,0,0,0,0,14,0,0,0,0,0,0,5,0,0,171,1,9,2,1,0,0,4,0,0,0,0,0,0,0,0,0,0,0,0,22,0,0,0,347,1,0,29,0,0,0,0,0,0,0,0,0,25,10,,,,,,,,,,,,,,,,,,,,,,,,,,,,,,,,,,,,,,,,,,,,,,,
2018,Karnataka,29,Vijayapura,530,Vijayapura,0,2,0,0,48,1,4,0,0,0,0,0,0,0,3,0,0,0,5,0,0,0,1,2,0,0,0,0,0,194,0,0,231,0,15,6,0,0,0,10,0,0,0,0,0,0,0,0,0,0,0,0,11,0,0,0,521,0,1,6,0,0,0,0,0,0,0,0,0,11,1,,,,,,,,,,,,,,,,,,,,,,,,,,,,,,,,,,,,,,,,,,,,,,,
2018,Karnataka,29,Chikkaballapura,630,Chikkaballapura,14,6,0,0,84,2,4,0,0,0,0,0,0,0,1,0,0,0,0,1,0,2,10,2,0,0,0,0,0,65,0,0,81,1,7,4,0,0,0,0,0,0,0,0,0,0,0,0,0,0,0,0,2,1,0,0,257,0,0,30,0,0,1,1,0,0,0,0,0,0,16,,,,,,,,,,,,,,,,,,,,,,,,,,,,,,,,,,,,,,,,,,,,,,,
2018,Karnataka,29,Chamarajanagara,531,Chamarajnagar,10,3,0,0,28,0,1,0,3,0,0,0,0,0,1,0,0,0,0,2,0,3,9,0,0,4,0,0,0,73,0,0,544,0,46,2,4,0,0,0,0,0,0,0,0,0,0,0,0,0,0,0,10,0,0,0,230,5,0,2,0,0,0,0,1,0,0,0,0,2,17,,,,,,,,,,,,,,,,,,,,,,,,,,,,,,,,,,,,,,,,,,,,,,,
2018,Karnataka,29,Chikkamagaluru,532,Chikkamagaluru,11,0,0,0,69,1,2,0,0,0,1,0,0,0,3,0,0,2,10,0,1,1,17,0,0,0,0,0,0,6,0,0,272,6,1,4,1,0,0,0,0,0,0,0,0,0,0,0,0,0,0,0,2,0,0,0,164,1,0,1,1,0,0,0,1,0,0,0,0,14,17,,,,,,,,,,,,,,,,,,,,,,,,,,,,,,,,,,,,,,,,,,,,,,,
2018,Karnataka,29,Chitradurga,533,Chitradurga,29,4,0,0,29,0,2,0,2,0,0,0,2,0,4,0,0,0,0,0,2,2,7,2,0,0,0,0,0,107,0,0,320,4,0,1,0,0,0,0,0,0,1,0,0,0,0,0,0,0,0,0,16,1,0,0,520,6,1,9,0,0,0,0,3,0,0,3,0,1,33,,,,,,,,,,,,,,,,,,,,,,,,,,,,,,,,,,,,,,,,,,,,,,,
2018,Karnataka,29,Dakshina Kannada,534,Dakshina Kannada,3,0,0,0,50,5,1,0,0,0,2,0,0,0,1,0,0,0,0,0,3,0,10,0,0,0,0,0,0,26,0,0,123,17,0,3,0,0,0,0,0,0,0,0,0,0,0,0,0,0,0,0,2,0,0,0,63,1,0,6,0,0,0,0,1,0,0,0,0,10,51,,,,,,,,,,,,,,,,,,,,,,,,,,,,,,,,,,,,,,,,,,,,,,,
2018,Karnataka,29,Davangere,535,Davanagere,66,11,0,0,58,0,2,0,2,0,1,0,0,0,2,0,0,0,0,0,1,1,17,1,0,0,0,0,0,39,0,0,301,14,0,1,4,0,0,0,0,0,0,1,0,0,0,0,0,0,0,0,12,0,2,0,627,0,0,5,2,0,0,0,0,0,0,0,0,6,7,,,,,,,,,,,,,,,,,,,,,,,,,,,,,,,,,,,,,,,,,,,,,,,
2018,Sikkim,11,Mangan,226,North,0,0,0,0,3,0,0,0,0,0,0,0,0,0,0,0,0,0,0,0,1,0,1,0,0,0,0,0,0,0,0,1,0,0,0,0,0,0,0,0,0,0,0,0,0,0,0,0,0,0,0,0,0,0,0,0,0,0,0,0,0,0,0,0,0,0,0,0,0,1,0,,,,,,,,,,,,,,,,,,,,,,,,,,,,,,,,,,,,,,,,,,,,,,,
2018,Karnataka,29,Gadag,537,Gadag,4,0,0,0,22,0,0,0,0,0,0,0,0,0,0,0,0,0,0,0,0,0,6,1,0,0,0,0,0,0,0,0,310,0,4,0,0,0,0,0,0,0,0,0,0,0,0,0,0,0,0,0,3,0,0,0,397,0,0,8,0,0,0,0,0,0,0,0,0,4,4,,,,,,,,,,,,,,,,,,,,,,,,,,,,,,,,,,,,,,,,,,,,,,,
2018,Karnataka,29,Kalaburagi,538,Kalaburgi,39,11,0,0,56,1,0,0,0,0,0,0,0,0,0,0,0,1,6,0,0,0,16,3,0,0,0,0,0,300,0,0,160,10,2,2,1,0,0,1,0,0,0,0,0,0,0,0,0,0,0,0,2,0,0,0,548,0,0,14,0,0,0,2,0,0,0,0,0,3,7,,,,,,,,,,,,,,,,,,,,,,,,,,,,,,,,,,,,,,,,,,,,,,,
2018,Karnataka,29,Hassan,539,Hassan,83,3,0,0,78,0,6,0,0,0,1,0,0,0,2,0,0,0,0,3,0,1,17,0,0,0,0,0,0,64,0,0,509,9,0,2,0,0,0,0,0,0,0,0,0,0,0,0,0,0,0,0,4,0,0,0,109,4,0,26,0,0,0,0,0,0,0,1,0,5,48,,,,,,,,,,,,,,,,,,,,,,,,,,,,,,,,,,,,,,,,,,,,,,,
2018,Karnataka,29,Haveri,540,Haveri,20,0,0,0,58,0,0,0,0,0,1,0,0,0,0,0,0,0,0,0,0,0,4,1,0,0,0,0,0,0,0,0,197,4,0,0,0,0,0,0,0,0,0,0,0,0,0,0,0,0,0,0,6,0,0,0,412,0,0,3,0,0,0,0,0,0,0,0,0,9,2,,,,,,,,,,,,,,,,,,,,,,,,,,,,,,,,,,,,,,,,,,,,,,,
2018,Karnataka,29,Dharwad,536,Hubballi Dharwad City,0,5,0,0,21,1,0,0,0,0,3,0,0,0,3,0,0,0,0,3,0,0,33,2,0,0,0,0,0,1,0,0,40,20,2,0,1,0,0,0,0,0,0,0,0,0,0,0,0,0,0,0,0,0,0,0,193,0,0,21,0,0,0,0,0,0,0,0,0,103,0,,,,,,,,,,,,,,,,,,,,,,,,,,,,,,,,,,,,,,,,,,,,,,,
2018,Karnataka,29,Belagavi,527,K.G.F.,8,0,0,0,21,0,0,0,2,0,0,0,0,0,1,0,0,0,0,0,0,1,18,1,0,0,0,0,0,1,0,0,33,0,2,0,0,0,0,0,0,0,0,0,0,0,0,0,0,0,0,0,4,0,0,0,30,0,0,9,0,0,0,0,0,0,0,0,0,18,0,,,,,,,,,,,,,,,,,,,,,,,,,,,,,,,,,,,,,,,,,,,,,,,
2018,Karnataka,29,Kodagu,541,Kodagu,0,0,0,0,36,2,0,0,0,0,2,0,0,0,0,1,0,0,5,0,1,1,12,0,0,5,0,0,0,6,0,0,53,22,0,5,1,0,0,0,0,0,0,0,0,0,0,0,0,0,0,0,0,0,0,0,27,0,0,1,0,0,0,0,5,0,0,0,0,22,14,,,,,,,,,,,,,,,,,,,,,,,,,,,,,,,,,,,,,,,,,,,,,,,
2018,Karnataka,29,Kolar,542,Kolar,23,0,0,0,48,0,1,0,0,0,1,0,0,0,3,0,0,0,0,1,1,3,18,0,0,0,0,0,0,1,0,0,48,11,0,3,0,0,0,0,0,0,0,0,0,0,0,0,0,0,0,0,6,0,0,0,96,0,0,14,1,0,0,0,0,0,0,0,0,0,13,,,,,,,,,,,,,,,,,,,,,,,,,,,,,,,,,,,,,,,,,,,,,,,
2018,Karnataka,29,Koppal,543,Koppal,12,1,0,0,54,1,9,0,7,0,0,0,0,0,1,0,0,1,0,0,0,0,5,1,0,0,0,0,0,1,0,0,404,8,0,1,0,0,0,0,0,0,0,0,0,0,0,0,0,0,0,0,6,0,0,0,762,0,0,13,0,0,0,0,2,0,0,0,0,49,5,,,,,,,,,,,,,,,,,,,,,,,,,,,,,,,,,,,,,,,,,,,,,,,
2018,Karnataka,29,Mandya,544,Mandya,23,10,0,0,76,0,7,0,2,0,0,0,0,0,1,0,0,1,1,0,0,8,6,1,0,1,0,0,0,137,0,0,553,1,0,1,1,0,0,1,0,0,0,0,0,0,0,0,0,0,0,0,11,0,0,0,189,0,2,15,0,0,0,0,2,0,0,0,0,17,18,,,,,,,,,,,,,,,,,,,,,,,,,,,,,,,,,,,,,,,,,,,,,,,
2018,Karnataka,29,Dakshina Kannada,534,Mangaluru City,12,24,0,0,35,5,1,0,0,0,8,1,0,0,1,0,0,0,2,0,1,0,77,3,0,0,0,0,0,1,0,0,3,147,51,1,0,0,0,0,0,0,0,4,0,0,0,0,0,0,0,0,5,0,0,0,77,0,0,13,0,0,0,0,10,0,0,0,0,5,74,,,,,,,,,,,,,,,,,,,,,,,,,,,,,,,,,,,,,,,,,,,,,,,
2018,Karnataka,29,Mysuru,545,Mysuru City,77,17,0,1,39,3,0,0,2,0,1,0,0,0,4,0,0,0,2,0,0,0,21,7,1,0,0,0,0,0,0,0,136,14,3,7,1,0,0,0,0,0,4,0,0,0,0,0,0,0,0,0,8,0,0,0,93,0,0,5,0,0,0,0,1,0,0,1,0,0,22,,,,,,,,,,,,,,,,,,,,,,,,,,,,,,,,,,,,,,,,,,,,,,,
2018,Karnataka,29,Mysuru,545,Mysuru District,27,9,0,0,57,0,3,0,0,0,0,0,0,0,4,0,0,3,0,0,0,2,2,1,0,0,0,0,0,32,0,0,413,3,0,1,3,0,0,1,0,0,0,0,0,0,0,0,0,0,0,0,3,0,0,0,143,2,0,27,0,0,11,0,0,0,0,0,0,20,60,,,,,,,,,,,,,,,,,,,,,,,,,,,,,,,,,,,,,,,,,,,,,,,
2018,Karnataka,29,Raichur,546,Raichur,47,2,0,0,40,1,2,0,9,0,2,0,0,0,1,0,0,0,0,0,0,2,6,2,0,0,0,0,0,235,0,0,181,0,6,0,0,0,0,0,0,0,0,1,0,0,0,0,0,0,0,0,17,1,0,0,531,0,0,0,0,0,0,0,0,0,0,7,0,16,12,,,,,,,,,,,,,,,,,,,,,,,,,,,,,,,,,,,,,,,,,,,,,,,
2018,Karnataka,29,Bengaluru Urban,525,K.Railways,0,0,0,0,0,0,0,0,0,0,1,0,0,0,0,0,0,0,0,0,0,1,0,0,0,0,0,0,0,0,0,0,10,0,4,0,0,0,0,0,0,0,0,0,0,0,7,0,0,0,0,0,0,0,0,0,5,0,0,0,0,0,0,0,0,0,0,1,0,22,2,,,,,,,,,,,,,,,,,,,,,,,,,,,,,,,,,,,,,,,,,,,,,,,
2018,Karnataka,29,Ramanagara,631,Ramanagara,20,0,0,0,35,1,3,0,6,0,2,0,0,0,1,0,0,0,3,0,2,4,10,3,0,1,0,0,0,37,0,0,60,0,5,0,1,0,0,0,0,0,2,0,0,0,0,0,0,0,0,0,3,0,0,0,97,0,0,23,0,0,3,0,2,0,0,0,0,0,6,,,,,,,,,,,,,,,,,,,,,,,,,,,,,,,,,,,,,,,,,,,,,,,
2018,Karnataka,29,Shivamogga,547,Shimoga,4,0,0,0,100,3,5,0,0,0,0,0,0,0,6,0,0,2,5,2,0,2,52,4,0,0,0,0,0,93,0,0,465,57,13,2,2,0,0,0,0,0,0,0,0,0,0,0,0,0,0,0,11,0,0,0,591,1,0,25,0,0,0,3,0,0,0,0,0,39,15,,,,,,,,,,,,,,,,,,,,,,,,,,,,,,,,,,,,,,,,,,,,,,,
2018,Karnataka,29,Tumakuru,548,Tumakuru,94,1,0,0,53,0,6,0,0,0,6,7,0,0,4,0,0,0,0,4,0,2,14,0,0,0,0,0,0,39,0,0,220,12,0,2,0,0,0,0,0,0,0,0,0,0,0,0,0,0,0,0,5,0,0,1,699,0,0,10,0,0,0,1,0,0,0,0,0,60,16,,,,,,,,,,,,,,,,,,,,,,,,,,,,,,,,,,,,,,,,,,,,,,,
2018,Karnataka,29,Udupi,549,Udupi,22,2,0,0,73,3,2,0,0,0,8,0,0,0,2,0,0,1,1,0,1,0,22,1,0,0,0,0,0,36,0,0,23,92,13,0,2,0,0,0,0,0,1,0,0,0,0,0,0,0,0,0,2,0,0,0,388,0,1,20,0,0,0,0,0,0,0,0,0,13,29,,,,,,,,,,,,,,,,,,,,,,,,,,,,,,,,,,,,,,,,,,,,,,,
2018,Karnataka,29,Uttara Kannada,550,Uttara Kannada,14,5,0,0,37,2,1,0,0,0,0,0,0,0,1,0,0,0,7,0,1,0,22,2,0,0,0,0,0,56,1,0,186,9,7,1,0,0,0,0,0,0,0,0,0,0,0,0,0,0,1,0,1,0,0,0,379,2,0,7,0,0,0,0,0,0,0,0,0,31,38,,,,,,,,,,,,,,,,,,,,,,,,,,,,,,,,,,,,,,,,,,,,,,,
2018,Karnataka,29,Yadgir,635,Yadgiri,18,1,0,0,24,0,0,0,0,0,2,0,0,0,0,0,0,1,0,0,0,0,7,1,0,0,0,0,0,93,0,0,121,1,1,0,0,0,0,0,0,0,0,0,0,0,0,0,0,0,0,0,0,0,0,0,273,0,0,2,0,0,0,0,0,0,0,0,0,0,6,,,,,,,,,,,,,,,,,,,,,,,,,,,,,,,,,,,,,,,,,,,,,,,
2018,Karnataka,29,Belagavi,527,Belagavi City,25,6,0,0,25,0,0,0,0,0,1,0,0,0,0,0,0,0,0,0,0,0,22,1,0,0,0,0,0,12,0,0,101,20,3,0,1,0,1,0,0,0,0,0,0,0,0,0,0,0,0,0,3,0,0,0,164,0,0,14,0,0,0,0,0,0,0,0,0,8,13,,,,,,,,,,,,,,,,,,,,,,,,,,,,,,,,,,,,,,,,,,,,,,,
,,,,,,,,,,,,,,,,,,,,,,,,,,,,,,,,,,,,,,,,,,,,,,,,,,,,,,,,,,,,,,,,,,,,,,,,,,,,,,,,,,,,,,,,,,,,,,,,,,,,,,,,,,,,,,,,,,,,,,,,,,,
2018,Karnataka,29,Bagalkote,524,Bagalkot,25,0,0,0,37,0,1,0,0,0,0,1,0,0,2,0,0,0,1,0,0,0,6,5,0,0,0,0,0,75,0,0,222,1,2,1,1,0,0,48,0,0,0,0,0,0,0,0,0,0,0,0,11,0,0,0,585,0,0,19,0,0,0,0,0,0,0,0,0,3,8,,,,,,,,,,,,,,,,,,,,,,,,,,,,,,,,,,,,,,,,,,,,,,,
2018,Karnataka,29,Bengaluru Urban,525,Bengaluru City,692,80,0,0,406,17,4,0,15,0,12,0,0,0,36,0,0,7,9,21,2,1,5253,98,0,0,14,0,0,14,0,0,177,2,284,48,16,0,0,185,0,0,79,12,0,0,0,0,1,0,0,0,8,0,0,0,318,0,0,74,0,0,0,1,898,0,0,0,2,290,108,,,,,,,,,,,,,,,,,,,,,,,,,,,,,,,,,,,,,,,,,,,,,,,
2018,Karnataka,29,Bengaluru Urban,525,Bengaluru District,27,4,0,0,52,3,3,0,1,0,1,0,0,0,2,0,0,0,0,4,1,0,18,0,0,0,0,0,0,105,0,0,138,0,20,6,0,0,0,0,0,0,3,0,0,0,0,0,0,0,0,0,12,0,0,0,156,0,0,5,0,0,2,0,0,0,0,0,0,10,37,,,,,,,,,,,,,,,,,,,,,,,,,,,,,,,,,,,,,,,,,,,,,,,
2018,Karnataka,29,Dharwad,536,Dharwad,1,0,0,0,19,0,0,0,0,0,1,0,0,0,0,0,0,0,0,0,0,0,1,0,0,0,0,0,0,3,0,0,120,2,1,0,0,0,0,0,0,0,0,0,0,0,0,0,0,0,0,0,2,0,0,0,228,0,0,8,0,0,0,0,0,0,0,0,0,0,6,,,,,,,,,,,,,,,,,,,,,,,,,,,,,,,,,,,,,,,,,,,,,,,
2018,Karnataka,29,Belagavi,527,Belagavi District,8,2,0,0,90,0,1,0,1,0,39,10,0,0,7,0,0,1,2,2,2,0,13,2,0,0,0,0,0,261,0,0,359,17,7,1,0,0,0,1,0,0,0,0,0,0,0,0,0,0,0,0,12,0,0,0,620,0,0,25,0,0,0,0,1,0,0,0,0,8,10,,,,,,,,,,,,,,,,,,,,,,,,,,,,,,,,,,,,,,,,,,,,,,,
2018,Karnataka,29,Ballari,528,Ballari,73,9,0,0,42,0,1,0,6,0,0,0,1,1,3,0,0,0,0,0,0,2,11,4,0,0,0,0,0,181,0,0,370,12,5,0,0,0,0,0,0,0,0,0,0,0,0,0,0,0,0,0,36,0,0,0,777,0,0,16,0,0,0,0,10,0,0,0,0,47,17,,,,,,,,,,,,,,,,,,,,,,,,,,,,,,,,,,,,,,,,,,,,,,,
2018,Karnataka,29,Bidar,529,Bidar,37,3,0,0,36,0,1,0,5,0,0,0,0,0,4,0,1,0,0,0,0,0,14,0,0,0,0,0,0,5,0,0,171,1,9,2,1,0,0,4,0,0,0,0,0,0,0,0,0,0,0,0,22,0,0,0,347,1,0,29,0,0,0,0,0,0,0,0,0,25,10,,,,,,,,,,,,,,,,,,,,,,,,,,,,,,,,,,,,,,,,,,,,,,,
2018,Karnataka,29,Vijayapura,530,Vijayapura,0,2,0,0,48,1,4,0,0,0,0,0,0,0,3,0,0,0,5,0,0,0,1,2,0,0,0,0,0,194,0,0,231,0,15,6,0,0,0,10,0,0,0,0,0,0,0,0,0,0,0,0,11,0,0,0,521,0,1,6,0,0,0,0,0,0,0,0,0,11,1,,,,,,,,,,,,,,,,,,,,,,,,,,,,,,,,,,,,,,,,,,,,,,,
2018,Karnataka,29,Chikkaballapura,630,Chikkaballapura,14,6,0,0,84,2,4,0,0,0,0,0,0,0,1,0,0,0,0,1,0,2,10,2,0,0,0,0,0,65,0,0,81,1,7,4,0,0,0,0,0,0,0,0,0,0,0,0,0,0,0,0,2,1,0,0,257,0,0,30,0,0,1,1,0,0,0,0,0,0,16,,,,,,,,,,,,,,,,,,,,,,,,,,,,,,,,,,,,,,,,,,,,,,,
2018,Karnataka,29,Chamarajanagara,531,Chamarajnagar,10,3,0,0,28,0,1,0,3,0,0,0,0,0,1,0,0,0,0,2,0,3,9,0,0,4,0,0,0,73,0,0,544,0,46,2,4,0,0,0,0,0,0,0,0,0,0,0,0,0,0,0,10,0,0,0,230,5,0,2,0,0,0,0,1,0,0,0,0,2,17,,,,,,,,,,,,,,,,,,,,,,,,,,,,,,,,,,,,,,,,,,,,,,,
2018,Karnataka,29,Chikkamagaluru,532,Chikkamagaluru,11,0,0,0,69,1,2,0,0,0,1,0,0,0,3,0,0,2,10,0,1,1,17,0,0,0,0,0,0,6,0,0,272,6,1,4,1,0,0,0,0,0,0,0,0,0,0,0,0,0,0,0,2,0,0,0,164,1,0,1,1,0,0,0,1,0,0,0,0,14,17,,,,,,,,,,,,,,,,,,,,,,,,,,,,,,,,,,,,,,,,,,,,,,,
2018,Karnataka,29,Chitradurga,533,Chitradurga,29,4,0,0,29,0,2,0,2,0,0,0,2,0,4,0,0,0,0,0,2,2,7,2,0,0,0,0,0,107,0,0,320,4,0,1,0,0,0,0,0,0,1,0,0,0,0,0,0,0,0,0,16,1,0,0,520,6,1,9,0,0,0,0,3,0,0,3,0,1,33,,,,,,,,,,,,,,,,,,,,,,,,,,,,,,,,,,,,,,,,,,,,,,,
2018,Karnataka,29,Dakshina Kannada,534,Dakshina Kannada,3,0,0,0,50,5,1,0,0,0,2,0,0,0,1,0,0,0,0,0,3,0,10,0,0,0,0,0,0,26,0,0,123,17,0,3,0,0,0,0,0,0,0,0,0,0,0,0,0,0,0,0,2,0,0,0,63,1,0,6,0,0,0,0,1,0,0,0,0,10,51,,,,,,,,,,,,,,,,,,,,,,,,,,,,,,,,,,,,,,,,,,,,,,,
2018,Karnataka,29,Davangere,535,Davanagere,66,11,0,0,58,0,2,0,2,0,1,0,0,0,2,0,0,0,0,0,1,1,17,1,0,0,0,0,0,39,0,0,301,14,0,1,4,0,0,0,0,0,0,1,0,0,0,0,0,0,0,0,12,0,2,0,627,0,0,5,2,0,0,0,0,0,0,0,0,6,7,,,,,,,,,,,,,,,,,,,,,,,,,,,,,,,,,,,,,,,,,,,,,,,
2018,Sikkim,11,Mangan,226,North,0,0,0,0,3,0,0,0,0,0,0,0,0,0,0,0,0,0,0,0,1,0,1,0,0,0,0,0,0,0,0,1,0,0,0,0,0,0,0,0,0,0,0,0,0,0,0,0,0,0,0,0,0,0,0,0,0,0,0,0,0,0,0,0,0,0,0,0,0,1,0,,,,,,,,,,,,,,,,,,,,,,,,,,,,,,,,,,,,,,,,,,,,,,,
2018,Karnataka,29,Gadag,537,Gadag,4,0,0,0,22,0,0,0,0,0,0,0,0,0,0,0,0,0,0,0,0,0,6,1,0,0,0,0,0,0,0,0,310,0,4,0,0,0,0,0,0,0,0,0,0,0,0,0,0,0,0,0,3,0,0,0,397,0,0,8,0,0,0,0,0,0,0,0,0,4,4,,,,,,,,,,,,,,,,,,,,,,,,,,,,,,,,,,,,,,,,,,,,,,,
2018,Karnataka,29,Kalaburagi,538,Kalaburgi,39,11,0,0,56,1,0,0,0,0,0,0,0,0,0,0,0,1,6,0,0,0,16,3,0,0,0,0,0,300,0,0,160,10,2,2,1,0,0,1,0,0,0,0,0,0,0,0,0,0,0,0,2,0,0,0,548,0,0,14,0,0,0,2,0,0,0,0,0,3,7,,,,,,,,,,,,,,,,,,,,,,,,,,,,,,,,,,,,,,,,,,,,,,,
2018,Karnataka,29,Hassan,539,Hassan,83,3,0,0,78,0,6,0,0,0,1,0,0,0,2,0,0,0,0,3,0,1,17,0,0,0,0,0,0,64,0,0,509,9,0,2,0,0,0,0,0,0,0,0,0,0,0,0,0,0,0,0,4,0,0,0,109,4,0,26,0,0,0,0,0,0,0,1,0,5,48,,,,,,,,,,,,,,,,,,,,,,,,,,,,,,,,,,,,,,,,,,,,,,,
2018,Karnataka,29,Haveri,540,Haveri,20,0,0,0,58,0,0,0,0,0,1,0,0,0,0,0,0,0,0,0,0,0,4,1,0,0,0,0,0,0,0,0,197,4,0,0,0,0,0,0,0,0,0,0,0,0,0,0,0,0,0,0,6,0,0,0,412,0,0,3,0,0,0,0,0,0,0,0,0,9,2,,,,,,,,,,,,,,,,,,,,,,,,,,,,,,,,,,,,,,,,,,,,,,,
2018,Karnataka,29,Dharwad,536,Hubballi Dharwad City,0,5,0,0,21,1,0,0,0,0,3,0,0,0,3,0,0,0,0,3,0,0,33,2,0,0,0,0,0,1,0,0,40,20,2,0,1,0,0,0,0,0,0,0,0,0,0,0,0,0,0,0,0,0,0,0,193,0,0,21,0,0,0,0,0,0,0,0,0,103,0,,,,,,,,,,,,,,,,,,,,,,,,,,,,,,,,,,,,,,,,,,,,,,,
2018,Karnataka,29,Belagavi,527,K.G.F.,8,0,0,0,21,0,0,0,2,0,0,0,0,0,1,0,0,0,0,0,0,1,18,1,0,0,0,0,0,1,0,0,33,0,2,0,0,0,0,0,0,0,0,0,0,0,0,0,0,0,0,0,4,0,0,0,30,0,0,9,0,0,0,0,0,0,0,0,0,18,0,,,,,,,,,,,,,,,,,,,,,,,,,,,,,,,,,,,,,,,,,,,,,,,
2018,Karnataka,29,Kodagu,541,Kodagu,0,0,0,0,36,2,0,0,0,0,2,0,0,0,0,1,0,0,5,0,1,1,12,0,0,5,0,0,0,6,0,0,53,22,0,5,1,0,0,0,0,0,0,0,0,0,0,0,0,0,0,0,0,0,0,0,27,0,0,1,0,0,0,0,5,0,0,0,0,22,14,,,,,,,,,,,,,,,,,,,,,,,,,,,,,,,,,,,,,,,,,,,,,,,
2018,Karnataka,29,Kolar,542,Kolar,23,0,0,0,48,0,1,0,0,0,1,0,0,0,3,0,0,0,0,1,1,3,18,0,0,0,0,0,0,1,0,0,48,11,0,3,0,0,0,0,0,0,0,0,0,0,0,0,0,0,0,0,6,0,0,0,96,0,0,14,1,0,0,0,0,0,0,0,0,0,13,,,,,,,,,,,,,,,,,,,,,,,,,,,,,,,,,,,,,,,,,,,,,,,
2018,Karnataka,29,Koppal,543,Koppal,12,1,0,0,54,1,9,0,7,0,0,0,0,0,1,0,0,1,0,0,0,0,5,1,0,0,0,0,0,1,0,0,404,8,0,1,0,0,0,0,0,0,0,0,0,0,0,0,0,0,0,0,6,0,0,0,762,0,0,13,0,0,0,0,2,0,0,0,0,49,5,,,,,,,,,,,,,,,,,,,,,,,,,,,,,,,,,,,,,,,,,,,,,,,
2018,Karnataka,29,Mandya,544,Mandya,23,10,0,0,76,0,7,0,2,0,0,0,0,0,1,0,0,1,1,0,0,8,6,1,0,1,0,0,0,137,0,0,553,1,0,1,1,0,0,1,0,0,0,0,0,0,0,0,0,0,0,0,11,0,0,0,189,0,2,15,0,0,0,0,2,0,0,0,0,17,18,,,,,,,,,,,,,,,,,,,,,,,,,,,,,,,,,,,,,,,,,,,,,,,
2018,Karnataka,29,Dakshina Kannada,534,Mangaluru City,12,24,0,0,35,5,1,0,0,0,8,1,0,0,1,0,0,0,2,0,1,0,77,3,0,0,0,0,0,1,0,0,3,147,51,1,0,0,0,0,0,0,0,4,0,0,0,0,0,0,0,0,5,0,0,0,77,0,0,13,0,0,0,0,10,0,0,0,0,5,74,,,,,,,,,,,,,,,,,,,,,,,,,,,,,,,,,,,,,,,,,,,,,,,
2018,Karnataka,29,Mysuru,545,Mysuru City,77,17,0,1,39,3,0,0,2,0,1,0,0,0,4,0,0,0,2,0,0,0,21,7,1,0,0,0,0,0,0,0,136,14,3,7,1,0,0,0,0,0,4,0,0,0,0,0,0,0,0,0,8,0,0,0,93,0,0,5,0,0,0,0,1,0,0,1,0,0,22,,,,,,,,,,,,,,,,,,,,,,,,,,,,,,,,,,,,,,,,,,,,,,,
2018,Karnataka,29,Mysuru,545,Mysuru District,27,9,0,0,57,0,3,0,0,0,0,0,0,0,4,0,0,3,0,0,0,2,2,1,0,0,0,0,0,32,0,0,413,3,0,1,3,0,0,1,0,0,0,0,0,0,0,0,0,0,0,0,3,0,0,0,143,2,0,27,0,0,11,0,0,0,0,0,0,20,60,,,,,,,,,,,,,,,,,,,,,,,,,,,,,,,,,,,,,,,,,,,,,,,
2018,Karnataka,29,Raichur,546,Raichur,47,2,0,0,40,1,2,0,9,0,2,0,0,0,1,0,0,0,0,0,0,2,6,2,0,0,0,0,0,235,0,0,181,0,6,0,0,0,0,0,0,0,0,1,0,0,0,0,0,0,0,0,17,1,0,0,531,0,0,0,0,0,0,0,0,0,0,7,0,16,12,,,,,,,,,,,,,,,,,,,,,,,,,,,,,,,,,,,,,,,,,,,,,,,
2018,Karnataka,29,Bengaluru Urban,525,K.Railways,0,0,0,0,0,0,0,0,0,0,1,0,0,0,0,0,0,0,0,0,0,1,0,0,0,0,0,0,0,0,0,0,10,0,4,0,0,0,0,0,0,0,0,0,0,0,7,0,0,0,0,0,0,0,0,0,5,0,0,0,0,0,0,0,0,0,0,1,0,22,2,,,,,,,,,,,,,,,,,,,,,,,,,,,,,,,,,,,,,,,,,,,,,,,
2018,Karnataka,29,Ramanagara,631,Ramanagara,20,0,0,0,35,1,3,0,6,0,2,0,0,0,1,0,0,0,3,0,2,4,10,3,0,1,0,0,0,37,0,0,60,0,5,0,1,0,0,0,0,0,2,0,0,0,0,0,0,0,0,0,3,0,0,0,97,0,0,23,0,0,3,0,2,0,0,0,0,0,6,,,,,,,,,,,,,,,,,,,,,,,,,,,,,,,,,,,,,,,,,,,,,,,
2018,Karnataka,29,Shivamogga,547,Shimoga,4,0,0,0,100,3,5,0,0,0,0,0,0,0,6,0,0,2,5,2,0,2,52,4,0,0,0,0,0,93,0,0,465,57,13,2,2,0,0,0,0,0,0,0,0,0,0,0,0,0,0,0,11,0,0,0,591,1,0,25,0,0,0,3,0,0,0,0,0,39,15,,,,,,,,,,,,,,,,,,,,,,,,,,,,,,,,,,,,,,,,,,,,,,,
2018,Karnataka,29,Tumakuru,548,Tumakuru,94,1,0,0,53,0,6,0,0,0,6,7,0,0,4,0,0,0,0,4,0,2,14,0,0,0,0,0,0,39,0,0,220,12,0,2,0,0,0,0,0,0,0,0,0,0,0,0,0,0,0,0,5,0,0,1,699,0,0,10,0,0,0,1,0,0,0,0,0,60,16,,,,,,,,,,,,,,,,,,,,,,,,,,,,,,,,,,,,,,,,,,,,,,,
2018,Karnataka,29,Udupi,549,Udupi,22,2,0,0,73,3,2,0,0,0,8,0,0,0,2,0,0,1,1,0,1,0,22,1,0,0,0,0,0,36,0,0,23,92,13,0,2,0,0,0,0,0,1,0,0,0,0,0,0,0,0,0,2,0,0,0,388,0,1,20,0,0,0,0,0,0,0,0,0,13,29,,,,,,,,,,,,,,,,,,,,,,,,,,,,,,,,,,,,,,,,,,,,,,,
2018,Karnataka,29,Uttara Kannada,550,Uttara Kannada,14,5,0,0,37,2,1,0,0,0,0,0,0,0,1,0,0,0,7,0,1,0,22,2,0,0,0,0,0,56,1,0,186,9,7,1,0,0,0,0,0,0,0,0,0,0,0,0,0,0,1,0,1,0,0,0,379,2,0,7,0,0,0,0,0,0,0,0,0,31,38,,,,,,,,,,,,,,,,,,,,,,,,,,,,,,,,,,,,,,,,,,,,,,,
2018,Karnataka,29,Yadgir,635,Yadgiri,18,1,0,0,24,0,0,0,0,0,2,0,0,0,0,0,0,1,0,0,0,0,7,1,0,0,0,0,0,93,0,0,121,1,1,0,0,0,0,0,0,0,0,0,0,0,0,0,0,0,0,0,0,0,0,0,273,0,0,2,0,0,0,0,0,0,0,0,0,0,6,,,,,,,,,,,,,,,,,,,,,,,,,,,,,,,,,,,,,,,,,,,,,,,
2018,Karnataka,29,Belagavi,527,Belagavi City,25,6,0,0,25,0,0,0,0,0,1,0,0,0,0,0,0,0,0,0,0,0,22,1,0,0,0,0,0,12,0,0,101,20,3,0,1,0,1,0,0,0,0,0,0,0,0,0,0,0,0,0,3,0,0,0,164,0,0,14,0,0,0,0,0,0,0,0,0,8,13,,,,,,,,,,,,,,,,,,,,,,,,,,,,,,,,,,,,,,,,,,,,,,,
,,,,,,,,,,,,,,,,,,,,,,,,,,,,,,,,,,,,,,,,,,,,,,,,,,,,,,,,,,,,,,,,,,,,,,,,,,,,,,,,,,,,,,,,,,,,,,,,,,,,,,,,,,,,,,,,,,,,,,,,,,,
2019,Karnataka,29,Bagalkote,524,Bagalkot,8,3,0,0,32,0,3,0,0,0,0,1,0,0,1,0,0,0,1,0,0,0,4,0,0,0,0,0,0,17,0,0,133,1,7,3,1,0,0,57,0,0,0,0,0,0,0,0,0,0,0,0,8,0,0,0,518,0,1,3,0,0,0,0,1,0,0,0,0,5,1,,,,,,,,,,,,,,,,,,,,,,,,,,,,,,,,,,,,,,,,,,,,,,,
2019,Karnataka,29,Bengaluru Urban,525,Bengaluru City,751,96,0,0,350,16,6,0,21,0,13,1,0,0,105,5,0,3,13,19,2,0,10555,100,1,0,13,0,0,5,0,0,283,467,301,31,17,0,0,203,24,0,47,45,0,0,0,0,0,0,0,0,12,0,0,1,400,1,0,40,0,0,2,4,302,0,0,0,0,308,40,,,,,,,,,,,,,,,,,,,,,,,,,,,,,,,,,,,,,,,,,,,,,,,
2019,Karnataka,29,Bengaluru Urban,525,Bengaluru District,31,1,0,0,79,1,1,0,3,0,2,0,0,0,1,1,0,0,0,6,1,0,19,9,0,0,0,0,0,6,0,0,186,0,42,25,0,0,0,3,0,0,2,0,0,0,0,0,0,0,0,0,4,0,0,0,123,0,0,8,0,0,1,0,1,0,0,2,0,14,50,,,,,,,,,,,,,,,,,,,,,,,,,,,,,,,,,,,,,,,,,,,,,,,
2019,Karnataka,29,Belagavi,527,Belagavi District,23,6,0,0,87,0,6,0,0,0,0,2,0,0,5,0,0,0,0,3,0,0,9,0,0,0,0,0,0,1,0,0,355,13,12,6,0,0,0,0,0,0,0,0,0,0,0,0,0,0,0,0,9,0,1,0,680,1,0,11,0,0,0,0,0,0,0,0,0,12,14,,,,,,,,,,,,,,,,,,,,,,,,,,,,,,,,,,,,,,,,,,,,,,,
2019,Karnataka,29,Ballari,528,Ballari,98,11,0,0,65,0,3,0,14,0,0,0,0,0,4,0,0,0,1,0,0,0,69,2,0,1,0,0,0,15,0,0,367,13,0,0,0,0,0,13,0,0,0,0,0,0,0,0,0,0,0,0,60,0,0,0,997,0,3,7,0,0,0,0,3,0,0,0,0,95,6,,,,,,,,,,,,,,,,,,,,,,,,,,,,,,,,,,,,,,,,,,,,,,,
2019,Karnataka,29,Bidar,529,Bidar,36,1,0,0,39,0,1,0,5,0,0,0,0,0,0,0,0,1,0,1,0,0,36,0,0,0,0,0,0,1,0,0,137,2,9,0,1,0,0,1,0,0,0,0,0,0,0,0,0,0,0,0,29,0,0,0,241,0,0,4,0,0,0,0,1,0,0,0,0,8,4,,,,,,,,,,,,,,,,,,,,,,,,,,,,,,,,,,,,,,,,,,,,,,,
2019,Karnataka,29,Vijayapura,530,Vijayapura,19,2,0,0,33,0,1,0,0,0,1,0,0,0,3,0,0,0,11,0,0,0,9,1,0,0,0,0,0,1,0,0,251,0,6,9,0,0,0,17,0,0,0,0,0,0,0,0,0,0,0,0,14,0,0,0,778,0,3,0,0,0,0,0,0,0,0,1,1,28,0,,,,,,,,,,,,,,,,,,,,,,,,,,,,,,,,,,,,,,,,,,,,,,,
2019,Karnataka,29,Chikkaballapura,630,Chikkaballapura,25,11,0,0,73,3,17,0,3,0,0,0,0,0,1,0,0,0,1,0,1,0,23,1,0,0,0,0,0,2,1,0,1634,0,15,4,0,0,0,1,0,0,0,0,0,0,0,0,0,1,0,0,0,0,0,0,751,0,0,5,1,0,1,0,0,0,0,0,0,22,2,,,,,,,,,,,,,,,,,,,,,,,,,,,,,,,,,,,,,,,,,,,,,,,
2019,Karnataka,29,Chamarajanagara,531,Chamarajnagar,7,3,0,0,33,0,1,0,1,0,0,0,0,0,0,0,0,0,5,0,1,1,23,0,0,5,0,0,0,58,0,0,515,0,10,0,3,0,0,0,0,0,0,0,0,0,0,0,0,0,0,0,21,0,0,0,180,1,0,2,0,0,0,0,0,0,0,0,0,8,1,,,,,,,,,,,,,,,,,,,,,,,,,,,,,,,,,,,,,,,,,,,,,,,
2019,Karnataka,29,Chikkamagaluru,532,Chikkamagaluru,18,1,0,0,61,1,2,0,0,0,0,0,0,0,5,1,0,3,12,0,1,2,26,0,0,0,0,0,0,1,0,0,219,3,11,4,0,0,0,0,0,0,0,0,0,0,0,0,0,0,0,0,1,0,0,0,190,1,0,1,0,0,0,0,0,0,0,2,0,17,0,,,,,,,,,,,,,,,,,,,,,,,,,,,,,,,,,,,,,,,,,,,,,,,
2019,Karnataka,29,Chitradurga,533,Chitradurga,27,3,0,0,52,0,3,0,5,0,0,0,4,0,0,0,0,0,0,0,0,0,19,0,0,1,0,0,0,126,0,0,370,5,0,2,1,0,0,1,0,0,0,0,0,0,0,0,0,0,0,0,19,0,0,0,690,2,0,4,0,0,0,1,0,0,0,0,0,31,13,,,,,,,,,,,,,,,,,,,,,,,,,,,,,,,,,,,,,,,,,,,,,,,
2019,Karnataka,29,Dakshina Kannada,534,Dakshina Kannada,4,1,0,0,57,5,2,0,1,0,1,0,0,0,0,0,0,0,1,0,3,0,21,0,0,0,0,0,0,1,0,0,61,17,0,3,0,0,0,0,0,0,0,0,0,0,0,0,0,0,0,0,1,0,0,0,47,0,0,2,0,0,0,0,2,0,0,0,0,55,3,,,,,,,,,,,,,,,,,,,,,,,,,,,,,,,,,,,,,,,,,,,,,,,
2019,Karnataka,29,Davangere,535,Davanagere,56,2,0,0,64,0,1,0,0,0,0,0,0,0,4,0,0,0,0,0,0,3,45,3,0,0,0,0,0,1,0,0,200,15,0,2,0,0,0,0,0,0,0,0,0,0,0,0,0,0,0,0,12,0,0,0,575,0,0,1,0,0,0,0,3,0,0,0,0,8,2,,,,,,,,,,,,,,,,,,,,,,,,,,,,,,,,,,,,,,,,,,,,,,,
2019,Karnataka,29,Dharwad,536,Dharwad,5,1,0,0,29,0,0,0,0,0,9,4,0,0,1,0,0,0,0,0,0,0,0,0,0,0,0,0,0,0,0,0,186,1,3,0,0,0,0,0,0,0,0,0,0,0,0,0,0,0,0,0,2,0,0,0,208,0,0,5,1,0,0,0,0,0,0,0,0,0,6,,,,,,,,,,,,,,,,,,,,,,,,,,,,,,,,,,,,,,,,,,,,,,,
2019,Karnataka,29,Gadag,537,Gadag,6,1,0,0,18,0,2,0,1,0,0,0,0,0,0,0,0,0,0,0,0,0,11,0,0,0,0,0,0,0,0,0,242,0,2,0,0,0,0,0,0,0,0,0,0,0,0,0,0,0,0,0,4,0,0,0,356,0,0,1,0,0,0,0,0,0,0,0,0,4,3,,,,,,,,,,,,,,,,,,,,,,,,,,,,,,,,,,,,,,,,,,,,,,,
2019,Karnataka,29,Kalaburagi,538,Kalaburgi,30,2,0,0,69,0,8,0,1,0,8,0,0,0,3,0,0,1,8,2,0,1,17,0,0,0,0,0,0,152,0,0,86,2,11,2,0,0,0,1,0,0,0,0,0,0,0,0,0,0,0,0,13,0,0,0,360,0,0,5,0,0,0,0,0,0,0,1,0,4,25,,,,,,,,,,,,,,,,,,,,,,,,,,,,,,,,,,,,,,,,,,,,,,,
2019,Karnataka,29,Hassan,539,Hassan,78,3,0,0,87,5,1,0,2,0,2,0,0,0,4,0,0,0,0,3,0,4,20,0,0,0,0,0,0,23,0,0,184,7,0,3,0,0,0,0,0,0,0,0,0,0,0,0,0,0,0,0,5,0,0,0,114,2,0,12,0,0,0,0,3,0,0,0,0,24,27,,,,,,,,,,,,,,,,,,,,,,,,,,,,,,,,,,,,,,,,,,,,,,,
2019,Karnataka,29,Haveri,540,Haveri,33,3,0,0,44,1,0,0,1,0,5,1,0,0,0,0,0,1,0,0,0,1,16,0,0,0,0,0,0,0,0,0,149,1,0,4,0,0,0,0,0,0,0,0,0,0,0,0,0,0,0,0,14,0,0,0,534,0,0,9,0,0,0,0,0,0,0,0,0,12,9,,,,,,,,,,,,,,,,,,,,,,,,,,,,,,,,,,,,,,,,,,,,,,,
2019,Karnataka,29,Dharwad,536,Hubballi Dharwad City,0,1,0,0,19,1,0,0,0,0,15,1,0,0,3,0,0,1,0,9,0,0,110,0,0,0,0,0,0,0,0,0,51,12,4,1,0,0,0,0,0,0,2,0,0,0,0,0,0,0,0,0,3,0,0,0,137,0,0,7,0,0,0,0,0,0,0,0,0,102,0,,,,,,,,,,,,,,,,,,,,,,,,,,,,,,,,,,,,,,,,,,,,,,,
2019,Karnataka,29,Belagavi,527,K.G.F.,11,0,0,0,27,0,0,0,1,0,0,0,0,0,0,0,0,0,0,0,0,0,19,1,0,0,0,0,0,4,0,0,19,0,1,1,0,0,0,0,0,0,0,1,0,0,0,0,0,0,0,0,8,0,0,0,28,0,0,7,0,0,0,0,0,0,0,0,0,10,0,,,,,,,,,,,,,,,,,,,,,,,,,,,,,,,,,,,,,,,,,,,,,,,
2019,Karnataka,29,Kodagu,541,Kodagu,2,5,0,0,65,0,0,0,0,0,1,0,0,0,1,0,0,0,3,0,0,1,67,0,0,16,0,0,0,3,0,0,57,38,0,9,0,0,0,17,0,0,0,0,0,0,0,0,0,0,0,0,0,0,0,0,45,0,0,0,0,0,0,0,2,0,0,0,0,30,2,,,,,,,,,,,,,,,,,,,,,,,,,,,,,,,,,,,,,,,,,,,,,,,
2019,Karnataka,29,Kolar,542,Kolar,21,2,0,0,47,0,2,0,0,0,0,0,0,0,1,0,0,3,2,0,0,0,22,1,0,0,0,0,0,0,0,0,75,6,0,3,0,0,0,0,0,0,0,0,0,0,0,0,0,0,0,0,0,0,0,0,65,0,0,8,0,0,0,0,0,0,0,1,0,16,12,,,,,,,,,,,,,,,,,,,,,,,,,,,,,,,,,,,,,,,,,,,,,,,
2019,Karnataka,29,Koppal,543,Koppal,1,2,0,0,57,1,7,0,9,0,7,1,0,0,1,0,0,0,0,0,0,0,35,0,0,0,0,0,0,6,0,0,200,4,0,0,0,0,0,0,0,0,0,0,0,0,0,0,0,0,0,0,9,0,0,0,521,0,0,16,1,0,0,0,1,0,0,0,0,30,0,,,,,,,,,,,,,,,,,,,,,,,,,,,,,,,,,,,,,,,,,,,,,,,
2019,Karnataka,29,Mandya,544,Mandya,30,5,0,0,70,0,10,0,1,0,4,0,0,0,2,0,0,1,3,0,0,8,64,3,0,0,0,0,0,48,0,0,420,11,0,2,0,0,0,0,0,0,0,0,0,0,0,0,0,0,0,0,13,0,0,0,225,1,0,8,0,0,0,0,0,0,0,0,0,13,31,,,,,,,,,,,,,,,,,,,,,,,,,,,,,,,,,,,,,,,,,,,,,,,
2019,Karnataka,29,Dakshina Kannada,534,Mangaluru City,16,14,1,0,54,2,2,0,0,0,3,0,0,0,1,0,0,2,0,2,0,0,125,3,0,0,0,0,0,0,0,0,27,120,115,0,1,0,0,2,0,0,1,2,0,0,0,0,0,0,0,0,5,0,0,0,147,0,0,2,0,0,0,0,0,0,0,0,0,86,0,,,,,,,,,,,,,,,,,,,,,,,,,,,,,,,,,,,,,,,,,,,,,,,
2019,Karnataka,29,Mysuru,545,Mysuru City,91,32,0,0,34,4,0,0,3,0,1,0,0,0,2,0,0,0,0,3,0,0,264,5,0,0,0,0,0,0,0,0,34,17,2,9,0,0,0,0,0,0,2,0,0,0,0,0,0,1,0,0,18,0,0,0,75,0,0,6,0,0,0,0,0,0,0,0,0,0,15,,,,,,,,,,,,,,,,,,,,,,,,,,,,,,,,,,,,,,,,,,,,,,,
2019,Karnataka,29,Mysuru,545,Mysuru District,12,8,0,0,68,0,2,0,1,0,0,0,0,0,3,0,0,0,0,0,1,0,35,2,0,0,0,0,0,26,0,0,416,9,0,1,3,0,0,0,0,0,0,0,0,0,0,0,0,0,0,0,5,0,0,0,202,2,0,14,0,0,0,0,0,0,0,0,0,51,0,,,,,,,,,,,,,,,,,,,,,,,,,,,,,,,,,,,,,,,,,,,,,,,
2019,Karnataka,29,Raichur,546,Raichur,69,0,0,0,43,2,1,0,2,0,0,0,0,0,2,0,0,0,0,2,0,0,16,0,0,0,0,0,0,1,0,0,158,3,0,0,0,0,0,0,0,0,0,0,0,0,0,0,0,0,0,0,8,1,0,0,621,0,0,5,0,0,0,0,0,0,0,0,0,28,4,,,,,,,,,,,,,,,,,,,,,,,,,,,,,,,,,,,,,,,,,,,,,,,
2019,Karnataka,29,Bengaluru Urban,525,K.Railways,0,0,0,0,1,0,0,0,0,0,0,0,0,0,0,0,0,0,1,0,1,1,0,0,0,0,0,0,0,0,0,0,13,11,0,1,1,0,0,0,0,0,0,0,0,0,4,0,0,0,0,0,0,0,0,0,3,0,0,0,0,0,0,0,0,0,0,0,0,0,12,,,,,,,,,,,,,,,,,,,,,,,,,,,,,,,,,,,,,,,,,,,,,,,
2019,Karnataka,29,Ramanagara,631,Ramanagara,31,4,0,0,57,0,12,0,3,0,0,0,0,0,12,0,0,2,0,0,3,1,69,9,0,2,0,0,0,2,0,0,205,0,25,0,0,0,0,6,0,0,0,0,0,0,0,0,0,0,0,0,3,0,0,0,171,0,0,3,0,0,2,0,0,0,0,0,0,55,3,,,,,,,,,,,,,,,,,,,,,,,,,,,,,,,,,,,,,,,,,,,,,,,
2019,Karnataka,29,Shivamogga,547,Shimoga,64,1,0,0,117,1,9,0,3,0,0,0,0,0,7,0,0,1,0,0,3,2,114,0,0,0,0,0,0,0,0,0,292,49,3,2,0,0,0,35,0,0,0,2,0,0,0,0,0,0,0,0,10,0,0,0,490,2,0,9,0,0,0,0,0,0,0,0,0,19,33,,,,,,,,,,,,,,,,,,,,,,,,,,,,,,,,,,,,,,,,,,,,,,,
2019,Karnataka,29,Tumakuru,548,Tumakuru,73,7,0,0,71,0,5,0,0,0,0,0,0,0,7,0,0,0,0,6,1,2,27,5,0,0,0,0,0,12,0,0,279,3,4,1,1,0,0,2,0,0,0,0,0,0,0,0,0,0,0,0,4,0,0,0,714,1,2,7,0,0,0,0,1,0,0,0,0,91,3,,,,,,,,,,,,,,,,,,,,,,,,,,,,,,,,,,,,,,,,,,,,,,,
2019,Karnataka,29,Udupi,549,Udupi,23,2,0,0,53,3,0,0,0,0,10,0,0,0,2,0,0,0,1,1,4,1,30,0,0,0,0,0,0,0,0,0,31,185,18,1,0,0,0,0,0,0,0,0,0,0,0,0,3,0,0,0,3,0,0,0,313,0,0,18,0,0,0,1,0,0,0,2,0,56,5,,,,,,,,,,,,,,,,,,,,,,,,,,,,,,,,,,,,,,,,,,,,,,,
2019,Karnataka,29,Uttara Kannada,550,Uttara Kannada,21,1,0,0,46,1,0,0,0,0,0,0,0,0,4,0,0,0,7,2,1,0,49,1,0,0,0,0,0,1,0,0,146,10,2,3,0,0,0,0,0,0,1,0,0,0,0,0,0,0,0,0,1,0,0,0,533,0,2,8,0,0,0,0,0,0,0,0,0,37,7,,,,,,,,,,,,,,,,,,,,,,,,,,,,,,,,,,,,,,,,,,,,,,,
2019,Karnataka,29,Yadgir,635,Yadgiri,14,2,0,0,32,0,1,0,0,0,1,0,0,0,1,0,0,0,1,0,0,0,11,1,0,0,0,0,0,85,0,0,100,2,5,3,0,0,0,0,0,0,0,0,0,0,0,0,0,0,0,0,7,0,0,0,325,0,0,2,0,0,1,0,0,0,0,0,0,0,12,,,,,,,,,,,,,,,,,,,,,,,,,,,,,,,,,,,,,,,,,,,,,,,
2019,Karnataka,29,Belagavi,527,Belagavi City,10,5,0,0,18,0,0,0,0,0,0,0,0,0,0,0,0,1,0,0,0,0,13,1,0,0,0,0,0,0,0,0,40,14,0,1,0,0,0,0,0,0,0,0,0,0,0,0,0,0,0,0,2,0,0,0,198,0,0,3,0,0,0,0,0,0,0,0,0,3,5,,,,,,,,,,,,,,,,,,,,,,,,,,,,,,,,,,,,,,,,,,,,,,,
2019,Karnataka,29,Kalaburagi,538,Kalaburgi City,1,4,0,0,9,0,2,0,2,0,0,0,0,0,0,0,0,0,2,1,0,1,15,1,0,0,0,0,0,21,0,0,17,2,1,0,1,0,0,0,0,0,0,0,0,0,0,0,0,0,0,0,2,0,0,0,216,0,0,6,0,0,0,0,0,0,0,0,0,12,2,,,,,,,,,,,,,,,,,,,,,,,,,,,,,,,,,,,,,,,,,,,,,,,
,,,,,,,,,,,,,,,,,,,,,,,,,,,,,,,,,,,,,,,,,,,,,,,,,,,,,,,,,,,,,,,,,,,,,,,,,,,,,,,,,,,,,,,,,,,,,,,,,,,,,,,,,,,,,,,,,,,,,,,,,,,
2020,Karnataka,29,Bagalkote,524,Bagalkot,23,2,0,0,31,0,4,0,0,0,7,1,0,0,0,0,0,0,0,0,1,1,6,0,0,0,0,0,0,2,0,0,178,2,18,0,0,0,0,84,0,0,0,0,0,0,0,0,0,0,0,0,18,0,0,0,412,0,0,0,0,0,0,0,0,0,0,0,0,8,2,0,,,,,,,,,,,,,,,,,,,,,,,,,,,,,,,,,,,,,,,,,,,,,,
2020,Karnataka,29,Bengaluru Urban,525,Bengaluru City,580,136,0,0,278,10,9,0,7,0,14,0,0,0,64,1,0,1,7,16,8,1,8892,78,2,0,12,0,0,4,0,1,119,2305,461,17,5,0,0,114,6,0,73,15,0,0,0,0,3,0,0,0,23,0,0,0,589,0,0,5,0,0,2,1,118,0,0,0,0,132,83,0,,,,,,,,,,,,,,,,,,,,,,,,,,,,,,,,,,,,,,,,,,,,,,
2020,Karnataka,29,Bengaluru Urban,525,Bengaluru District,31,2,0,0,56,0,6,0,2,0,0,0,0,0,1,0,0,0,0,5,1,1,56,1,0,0,0,0,0,0,0,0,197,0,53,17,0,0,0,2,0,0,2,0,0,0,0,0,0,0,0,0,4,0,0,0,155,0,0,1,0,0,2,0,1,0,0,1,0,71,14,0,,,,,,,,,,,,,,,,,,,,,,,,,,,,,,,,,,,,,,,,,,,,,,
2020,Karnataka,29,Belagavi,527,Belagavi District,11,1,0,0,87,2,13,0,1,0,17,6,0,0,22,0,0,2,3,7,2,3,18,0,0,0,0,0,0,0,0,0,336,39,18,5,0,0,0,3,0,0,0,0,0,0,0,0,0,0,0,0,30,1,0,0,837,0,0,3,0,0,1,0,0,0,0,0,0,21,32,0,,,,,,,,,,,,,,,,,,,,,,,,,,,,,,,,,,,,,,,,,,,,,,
2020,Karnataka,29,Ballari,528,Ballari,79,6,0,0,74,1,17,0,3,0,16,5,3,0,9,0,0,1,0,0,1,0,52,2,0,0,0,0,0,1,0,0,291,5,33,1,0,0,0,4,0,0,0,0,0,0,0,0,0,0,0,0,68,1,0,0,1149,0,0,2,0,0,0,0,0,0,0,0,0,52,12,0,,,,,,,,,,,,,,,,,,,,,,,,,,,,,,,,,,,,,,,,,,,,,,
2020,Manipur,14,Senapati,257,Senapati,0,0,0,0,3,0,0,0,0,0,0,0,0,0,0,2,0,0,0,0,0,1,0,0,0,0,0,0,0,0,0,0,0,0,4,0,0,0,0,0,0,0,0,0,0,0,0,0,0,0,0,0,0,0,0,0,0,0,0,0,0,0,0,0,0,0,0,0,0,0,0,0,,,,,,,,,,,,,,,,,,,,,,,,,,,,,,,,,,,,,,,,,,,,,,
2020,Karnataka,29,Bidar,529,Bidar,18,4,0,0,27,0,1,0,7,0,0,0,0,0,3,0,0,0,0,0,0,1,12,0,0,0,0,0,0,0,0,0,207,3,19,2,0,0,0,7,0,0,8,0,0,0,0,0,0,0,0,0,31,0,0,0,391,0,0,0,0,0,0,1,0,0,0,0,0,0,12,0,,,,,,,,,,,,,,,,,,,,,,,,,,,,,,,,,,,,,,,,,,,,,,
2020,Karnataka,29,Vijayapura,530,Vijayapura,22,0,0,0,48,0,6,0,0,0,0,0,0,0,2,0,0,0,12,0,3,0,9,1,0,0,0,0,0,0,0,0,372,0,18,4,0,0,0,28,0,0,0,0,0,0,0,0,0,0,0,0,26,0,0,0,759,0,0,0,0,0,0,0,0,0,0,0,0,18,1,0,,,,,,,,,,,,,,,,,,,,,,,,,,,,,,,,,,,,,,,,,,,,,,
2020,Karnataka,29,Chikkaballapura,630,Chikkaballapura,30,0,0,0,96,4,8,0,1,0,0,0,0,0,2,0,0,1,1,0,0,0,32,0,0,0,0,0,0,0,0,0,509,2,26,1,0,0,0,3,0,0,0,0,0,0,0,0,0,0,0,0,3,0,0,0,421,0,0,0,0,0,6,0,0,0,0,0,0,7,15,0,,,,,,,,,,,,,,,,,,,,,,,,,,,,,,,,,,,,,,,,,,,,,,
2020,Karnataka,29,Chamarajanagara,531,Chamarajnagar,3,0,0,0,36,1,2,0,1,0,0,0,0,0,0,0,0,0,7,0,1,5,13,1,0,10,0,0,0,23,0,0,219,0,27,1,1,0,0,0,0,0,0,0,0,0,0,0,0,0,0,0,24,0,0,0,171,2,0,0,0,0,0,0,0,0,0,0,0,18,5,0,,,,,,,,,,,,,,,,,,,,,,,,,,,,,,,,,,,,,,,,,,,,,,
2020,Karnataka,29,Chikkamagaluru,532,Chikkamagaluru,12,0,0,0,74,1,7,0,0,0,0,0,0,0,6,0,0,2,8,0,0,2,31,0,0,0,0,0,0,5,0,0,368,29,21,2,1,0,0,0,0,0,0,0,0,0,0,0,0,0,0,0,4,0,0,0,252,1,0,0,0,0,0,0,0,0,0,0,0,0,83,0,,,,,,,,,,,,,,,,,,,,,,,,,,,,,,,,,,,,,,,,,,,,,,
2020,Karnataka,29,Chitradurga,533,Chitradurga,26,1,0,1,67,0,1,0,5,0,0,0,0,2,1,0,0,0,0,1,0,2,40,1,0,0,0,0,0,93,0,0,280,5,5,2,0,0,0,2,0,0,0,0,0,0,0,0,0,0,0,0,12,3,0,0,592,1,0,0,0,0,0,0,0,0,0,0,0,9,6,0,,,,,,,,,,,,,,,,,,,,,,,,,,,,,,,,,,,,,,,,,,,,,,
2020,Karnataka,29,Dakshina Kannada,534,Dakshina Kannada,6,1,0,0,58,3,1,0,0,0,2,0,0,0,0,0,0,2,2,0,3,0,24,1,0,0,0,0,0,0,0,0,63,26,2,2,0,0,0,0,0,0,0,2,0,0,0,0,0,0,0,0,5,0,0,0,34,0,0,0,0,0,0,0,2,0,0,0,0,15,69,0,,,,,,,,,,,,,,,,,,,,,,,,,,,,,,,,,,,,,,,,,,,,,,
2020,Karnataka,29,Davangere,535,Davanagere,72,1,0,0,60,0,2,0,1,0,0,0,0,0,3,0,0,0,1,0,1,0,68,0,0,0,0,0,0,1,0,0,99,0,19,3,0,0,0,0,0,0,0,1,0,0,0,0,0,0,0,0,19,0,0,0,685,0,0,2,0,0,0,0,2,0,0,0,0,5,7,0,,,,,,,,,,,,,,,,,,,,,,,,,,,,,,,,,,,,,,,,,,,,,,
2020,Karnataka,29,Dharwad,536,Dharwad,9,0,0,0,19,0,0,0,0,0,0,0,0,0,2,0,0,0,0,0,2,0,5,0,0,0,0,0,0,0,0,0,169,19,0,0,0,0,0,0,0,0,0,0,0,0,0,0,0,0,0,0,1,0,0,0,273,0,0,0,0,0,0,0,0,0,0,0,0,6,0,0,,,,,,,,,,,,,,,,,,,,,,,,,,,,,,,,,,,,,,,,,,,,,,
2020,Karnataka,29,Gadag,537,Gadag,6,0,0,0,13,0,3,0,0,0,0,0,0,0,0,0,0,0,0,0,3,0,15,1,0,0,0,0,0,0,0,0,190,0,10,0,0,0,0,19,0,0,0,0,0,0,0,0,0,0,0,0,20,0,0,0,339,0,0,0,0,0,0,0,2,0,0,0,0,13,3,0,,,,,,,,,,,,,,,,,,,,,,,,,,,,,,,,,,,,,,,,,,,,,,
2020,Karnataka,29,Kalaburagi,538,Kalaburgi,5,0,0,0,62,1,0,0,0,0,9,1,0,0,2,0,0,0,3,0,1,0,13,0,0,0,0,0,0,62,0,0,122,16,12,0,0,0,0,2,0,0,0,0,0,0,0,0,0,0,0,0,20,0,0,0,493,1,0,0,0,0,0,0,0,0,0,0,0,40,0,0,,,,,,,,,,,,,,,,,,,,,,,,,,,,,,,,,,,,,,,,,,,,,,
2020,Karnataka,29,Hassan,539,Hassan,93,1,0,0,79,2,11,0,1,0,1,0,0,0,5,0,0,7,0,0,0,3,47,0,0,0,0,0,0,51,0,0,487,33,0,3,1,0,0,0,0,0,0,0,0,0,0,0,0,0,0,0,9,0,0,0,354,0,3,0,0,0,0,0,1,0,0,0,0,25,67,0,,,,,,,,,,,,,,,,,,,,,,,,,,,,,,,,,,,,,,,,,,,,,,
2020,Karnataka,29,Haveri,540,Haveri,19,0,0,0,59,2,0,0,0,0,2,0,0,0,0,0,0,0,0,0,0,2,35,0,0,0,0,0,0,0,0,0,84,8,0,3,0,0,0,0,0,0,0,0,0,0,0,0,0,0,0,0,21,0,0,0,638,0,1,0,0,0,0,0,1,0,0,0,0,4,21,0,,,,,,,,,,,,,,,,,,,,,,,,,,,,,,,,,,,,,,,,,,,,,,
2020,Karnataka,29,Dharwad,536,Hubballi Dharwad City,0,0,0,0,26,0,1,0,0,0,21,0,0,0,0,0,0,0,0,5,0,0,118,2,0,0,0,0,0,0,0,0,37,23,1,1,0,0,0,0,0,0,0,0,0,0,0,0,0,0,0,0,8,0,0,0,194,0,0,2,0,0,0,0,0,0,0,0,0,35,5,0,,,,,,,,,,,,,,,,,,,,,,,,,,,,,,,,,,,,,,,,,,,,,,
2020,Karnataka,29,Belagavi,527,K.G.F.,9,0,0,0,27,0,1,0,0,0,0,0,0,0,1,0,0,0,0,0,0,0,14,0,0,2,0,0,0,0,0,0,55,1,4,1,0,0,0,0,0,0,0,0,0,0,0,0,0,0,0,0,0,0,0,0,18,0,0,0,0,0,0,0,0,0,0,0,0,3,1,0,,,,,,,,,,,,,,,,,,,,,,,,,,,,,,,,,,,,,,,,,,,,,,
2020,Karnataka,29,Kodagu,541,Kodagu,13,1,0,0,79,2,0,0,0,0,0,1,0,0,0,0,0,4,4,0,0,0,71,0,0,0,0,0,0,1,0,0,82,12,18,1,0,0,0,0,0,0,0,0,0,0,0,0,0,0,0,0,1,0,0,0,51,0,0,0,0,0,0,0,2,0,0,0,0,17,33,0,,,,,,,,,,,,,,,,,,,,,,,,,,,,,,,,,,,,,,,,,,,,,,
2020,Karnataka,29,Kolar,542,Kolar,15,0,0,0,42,0,3,0,0,0,0,0,0,0,0,0,0,0,0,0,0,1,15,1,0,0,0,0,0,0,0,0,55,17,0,0,0,0,0,1,0,0,0,0,0,0,0,0,0,0,0,0,2,0,0,0,44,1,0,0,0,0,0,0,0,0,0,0,0,9,8,0,,,,,,,,,,,,,,,,,,,,,,,,,,,,,,,,,,,,,,,,,,,,,,
2020,Karnataka,29,Koppal,543,Koppal,1,1,0,0,59,1,12,0,1,0,6,0,0,0,2,0,0,0,0,0,1,1,11,0,0,0,0,0,0,8,0,0,200,6,2,1,0,0,0,0,0,0,0,0,0,0,0,0,0,0,0,0,11,0,0,0,489,0,1,4,0,0,0,0,0,0,0,0,0,9,9,0,,,,,,,,,,,,,,,,,,,,,,,,,,,,,,,,,,,,,,,,,,,,,,
2020,Karnataka,29,Mandya,544,Mandya,32,7,0,0,71,0,10,0,0,0,1,0,0,0,2,0,0,5,0,0,0,8,68,1,0,0,0,0,0,27,0,0,362,2,11,1,0,0,0,1,0,0,0,0,0,0,0,0,0,0,0,0,7,0,0,0,287,0,0,1,0,0,1,0,0,0,0,2,0,4,35,0,,,,,,,,,,,,,,,,,,,,,,,,,,,,,,,,,,,,,,,,,,,,,,
2020,Karnataka,29,Dakshina Kannada,534,Mangaluru City,20,2,0,0,35,0,1,0,0,0,1,0,0,0,0,0,0,0,1,0,0,1,73,0,0,0,0,0,0,0,0,0,13,154,35,2,0,0,0,0,0,0,0,0,0,0,0,0,0,0,0,0,2,0,0,0,67,0,0,0,0,0,0,0,4,0,0,0,0,4,50,0,,,,,,,,,,,,,,,,,,,,,,,,,,,,,,,,,,,,,,,,,,,,,,
2020,Karnataka,29,Mysuru,545,Mysuru City,65,9,0,0,36,3,2,0,1,0,0,0,0,0,0,0,0,0,0,0,1,0,194,5,0,0,0,0,0,1,0,0,22,12,15,3,1,0,0,2,0,0,1,0,0,0,0,0,0,0,0,0,8,0,0,0,83,0,0,0,0,0,0,0,0,0,0,0,0,16,0,0,,,,,,,,,,,,,,,,,,,,,,,,,,,,,,,,,,,,,,,,,,,,,,
2020,Karnataka,29,Mysuru,545,Mysuru District,32,0,0,0,53,0,22,0,1,0,0,0,0,0,1,0,0,0,1,0,0,1,21,1,0,0,0,0,0,138,0,0,511,14,2,3,0,0,0,0,0,0,1,0,0,0,0,0,0,0,0,0,20,0,0,0,494,2,0,1,0,0,0,0,0,0,0,0,1,51,0,0,,,,,,,,,,,,,,,,,,,,,,,,,,,,,,,,,,,,,,,,,,,,,,
2020,Karnataka,29,Raichur,546,Raichur,66,0,0,0,45,0,15,0,16,0,1,1,1,0,0,0,0,1,0,0,0,8,31,0,0,0,0,0,0,0,0,0,224,22,0,1,0,0,0,0,0,0,0,0,0,0,0,0,0,0,0,0,15,0,0,0,642,0,0,0,0,0,0,0,0,0,0,0,0,16,0,0,,,,,,,,,,,,,,,,,,,,,,,,,,,,,,,,,,,,,,,,,,,,,,
2020,Karnataka,29,Bengaluru Urban,525,K.Railways,0,0,0,0,2,0,0,0,0,0,0,0,0,0,0,0,0,0,0,0,0,0,1,0,0,0,0,0,0,0,0,0,3,0,2,0,0,0,0,0,0,0,1,0,0,0,3,2,0,0,0,0,0,0,0,0,0,0,0,0,0,0,0,0,1,0,0,0,0,3,0,0,,,,,,,,,,,,,,,,,,,,,,,,,,,,,,,,,,,,,,,,,,,,,,
2020,Karnataka,29,Ramanagara,631,Ramanagara,42,1,0,0,66,2,12,0,3,0,0,0,0,0,2,0,0,3,7,0,6,1,186,5,0,0,0,0,0,0,0,0,237,16,18,2,0,0,0,0,0,0,2,0,0,0,0,0,0,0,0,0,9,0,0,0,324,0,0,6,0,0,0,0,2,0,0,0,0,40,6,0,,,,,,,,,,,,,,,,,,,,,,,,,,,,,,,,,,,,,,,,,,,,,,
2020,Karnataka,29,Shivamogga,547,Shimoga,53,1,0,0,133,1,8,0,2,0,0,0,0,0,8,0,0,0,8,2,5,9,201,0,0,0,0,0,0,0,0,0,222,73,16,6,0,0,0,30,0,0,0,1,0,0,0,0,0,0,0,0,19,0,0,0,498,0,1,0,0,0,1,0,0,0,0,0,0,30,40,0,,,,,,,,,,,,,,,,,,,,,,,,,,,,,,,,,,,,,,,,,,,,,,
2020,Karnataka,29,Tumakuru,548,Tumakuru,36,2,0,0,59,1,3,0,0,0,0,0,0,0,3,0,0,1,2,0,0,3,210,0,0,0,0,0,0,34,0,0,432,3,16,5,0,0,0,1,0,0,8,0,0,0,0,0,0,0,0,0,1,0,0,0,562,0,0,0,0,0,0,0,0,0,0,0,0,36,12,0,,,,,,,,,,,,,,,,,,,,,,,,,,,,,,,,,,,,,,,,,,,,,,
2020,Karnataka,29,Udupi,549,Udupi,27,1,0,0,44,1,0,0,0,0,33,7,0,0,1,0,0,0,2,0,0,0,50,0,0,0,0,0,0,0,0,0,40,217,32,0,0,0,0,0,0,0,0,0,0,0,0,0,0,0,0,0,15,0,0,0,192,0,0,1,0,0,0,0,1,0,0,1,0,56,11,0,,,,,,,,,,,,,,,,,,,,,,,,,,,,,,,,,,,,,,,,,,,,,,
2020,Karnataka,29,Uttara Kannada,550,Uttara Kannada,11,4,0,0,46,3,0,0,0,0,0,0,0,0,5,0,0,5,16,0,2,0,48,0,0,0,0,0,0,0,0,0,154,15,16,2,0,0,0,1,0,0,2,1,0,0,0,0,0,0,0,0,2,0,0,0,410,0,0,1,0,0,0,0,0,0,0,0,0,7,61,0,,,,,,,,,,,,,,,,,,,,,,,,,,,,,,,,,,,,,,,,,,,,,,
2020,Karnataka,29,Yadgir,635,Yadgiri,11,2,0,0,28,0,1,0,1,0,0,0,0,0,1,0,0,1,1,0,1,0,10,0,0,0,0,0,0,74,0,0,137,2,11,1,0,0,0,0,0,0,0,0,0,0,0,0,0,0,0,0,10,0,0,0,511,0,0,2,0,0,0,0,0,0,0,0,0,12,2,0,,,,,,,,,,,,,,,,,,,,,,,,,,,,,,,,,,,,,,,,,,,,,,
2020,Karnataka,29,Belagavi,527,Belagavi City,5,1,0,0,17,0,2,0,0,0,0,0,0,0,0,0,0,0,2,0,0,0,38,1,0,0,0,0,0,0,0,0,37,0,15,1,0,0,0,0,0,0,10,0,0,0,0,0,0,0,0,0,2,0,1,0,141,0,0,0,0,0,0,0,0,0,0,0,0,4,5,0,,,,,,,,,,,,,,,,,,,,,,,,,,,,,,,,,,,,,,,,,,,,,,
2020,Karnataka,29,Kalaburagi,538,Kalaburgi City,28,7,0,0,12,0,0,0,0,0,0,0,0,0,1,0,0,1,0,1,0,1,12,1,0,0,0,0,0,11,0,0,11,17,0,0,0,0,0,0,0,0,0,0,0,0,0,0,0,0,0,0,8,0,0,0,173,0,0,1,0,0,0,0,0,0,0,0,0,12,10,0,,,,,,,,,,,,,,,,,,,,,,,,,,,,,,,,,,,,,,,,,,,,,,
,,,,,,,,,,,,,,,,,,,,,,,,,,,,,,,,,,,,,,,,,,,,,,,,,,,,,,,,,,,,,,,,,,,,,,,,,,,,,,,,,,,,,,,,,,,,,,,,,,,,,,,,,,,,,,,,,,,,,,,,,,,
2021,Karnataka,29,Bagalkote,524,Bagalkot,31,2,0,0,42,0,40,0,0,0,0,0,0,0,4,0,0,0,1,0,0,0,20,1,0,0,0,0,0,0,0,0,111,0,9,1,0,0,0,42,0,0,0,0,0,0,0,0,1,0,0,0,36,0,0,0,421,0,1,2,0,0,0,0,3,0,0,0,0,32,4,0,,,,,,,,,,,,,,,,,,,,,,,,,,,,,,,,,,,,,,,,,,,,,,
2021,Karnataka,29,Bengaluru Urban,525,Bengaluru City,736,129,0,0,397,33,13,0,9,0,13,2,0,0,64,0,0,3,12,202,0,0,6423,135,1,0,4,0,0,0,0,0,135,3864,691,15,1,0,0,110,0,0,39,24,2,0,0,0,2,0,0,0,22,0,0,0,588,0,1,2,2,0,0,0,18,0,0,0,2,452,616,0,,,,,,,,,,,,,,,,,,,,,,,,,,,,,,,,,,,,,,,,,,,,,,
2021,Karnataka,29,Bengaluru Urban,525,Bengaluru District,29,4,0,0,88,2,10,0,2,0,3,0,0,0,9,0,0,4,0,2,2,2,85,2,0,0,0,0,0,0,0,0,121,16,43,2,0,0,0,4,0,0,2,0,0,0,0,0,0,0,0,0,4,0,0,0,158,0,0,1,0,0,0,0,0,0,0,2,0,127,13,0,,,,,,,,,,,,,,,,,,,,,,,,,,,,,,,,,,,,,,,,,,,,,,
2021,Karnataka,29,Belagavi,527,Belagavi District,18,2,0,0,108,0,17,0,3,0,1,0,0,0,14,0,0,2,0,1,8,0,25,2,0,0,0,0,0,0,1,0,237,24,4,13,3,0,0,18,0,0,1,0,0,0,0,0,0,0,0,0,34,0,0,0,827,0,0,4,0,0,0,0,0,0,0,1,0,111,15,0,,,,,,,,,,,,,,,,,,,,,,,,,,,,,,,,,,,,,,,,,,,,,,
2021,Karnataka,29,Ballari,528,Ballari,68,4,0,0,97,1,15,0,4,0,0,0,0,0,5,0,0,0,0,0,1,1,59,3,0,0,0,0,0,3,0,0,296,0,24,2,0,0,0,10,0,0,0,0,0,0,0,0,0,0,0,0,55,0,0,0,1567,0,1,0,0,0,0,0,0,0,0,1,0,148,0,0,,,,,,,,,,,,,,,,,,,,,,,,,,,,,,,,,,,,,,,,,,,,,,
2021,Karnataka,29,Bidar,529,Bidar,26,3,0,0,41,1,0,0,0,0,0,0,0,0,3,0,0,0,0,1,4,0,6,0,0,0,0,0,0,1,0,0,201,0,12,1,1,0,0,0,0,0,0,0,0,0,0,0,0,0,0,0,18,0,0,0,281,0,0,0,0,0,0,0,0,0,0,0,0,150,6,0,,,,,,,,,,,,,,,,,,,,,,,,,,,,,,,,,,,,,,,,,,,,,,
2021,Karnataka,29,Vijayapura,530,Vijayapura,7,1,0,0,50,0,26,0,0,0,0,0,0,0,7,0,0,0,6,0,0,3,24,1,0,0,0,0,0,7,0,0,350,0,20,7,0,0,0,23,0,0,0,0,0,0,0,0,0,0,0,0,27,0,0,0,868,0,1,8,0,0,0,0,0,0,0,0,0,11,14,0,,,,,,,,,,,,,,,,,,,,,,,,,,,,,,,,,,,,,,,,,,,,,,
2021,Karnataka,29,Chikkaballapura,630,Chikkaballapura,23,2,0,0,159,1,5,0,2,0,0,0,0,0,2,0,0,0,0,3,6,7,47,1,0,0,0,0,0,0,0,0,858,0,27,2,0,0,0,1,0,0,0,0,0,0,0,0,0,0,0,0,4,0,0,0,430,0,0,0,0,0,0,0,0,0,0,0,0,80,19,0,,,,,,,,,,,,,,,,,,,,,,,,,,,,,,,,,,,,,,,,,,,,,,
2021,Karnataka,29,Chamarajanagara,531,Chamarajnagar,25,0,0,0,48,0,4,0,5,0,0,0,0,0,2,0,0,0,10,0,7,5,10,0,0,7,0,0,0,2,0,0,371,0,26,0,0,0,0,0,0,0,0,0,0,0,0,0,0,0,0,0,13,0,0,0,144,4,0,0,0,0,0,0,0,0,0,0,0,71,0,0,,,,,,,,,,,,,,,,,,,,,,,,,,,,,,,,,,,,,,,,,,,,,,
2021,Manipur,14,Imphal West,256,Imphal West,0,0,0,1,12,2,0,0,0,0,0,0,0,0,0,28,1,0,6,0,0,1,1,0,0,0,0,0,0,0,0,0,0,27,0,0,0,0,0,0,0,0,1,0,0,0,0,0,0,0,0,0,0,0,0,0,0,2,0,0,0,0,0,0,0,0,0,0,0,0,1,0,,,,,,,,,,,,,,,,,,,,,,,,,,,,,,,,,,,,,,,,,,,,,,
2021,Karnataka,29,Chikkamagaluru,532,Chikkamagaluru,9,1,0,0,112,6,10,0,0,0,0,0,0,1,8,0,0,1,8,0,1,1,68,0,0,0,0,0,0,0,0,0,456,15,8,2,0,0,0,0,0,0,0,0,0,0,0,0,0,0,0,0,2,0,0,0,218,5,6,1,0,0,0,1,5,0,0,6,0,78,4,0,,,,,,,,,,,,,,,,,,,,,,,,,,,,,,,,,,,,,,,,,,,,,,
2021,Karnataka,29,Chitradurga,533,Chitradurga,24,1,0,0,78,2,4,0,2,0,0,0,0,2,0,0,0,0,1,0,6,1,22,0,0,0,0,0,0,45,0,0,184,6,0,1,0,0,0,0,0,0,0,0,0,0,0,0,0,0,2,0,13,0,0,0,411,0,0,0,0,0,0,0,0,0,0,0,0,66,2,0,,,,,,,,,,,,,,,,,,,,,,,,,,,,,,,,,,,,,,,,,,,,,,
2021,Karnataka,29,Dakshina Kannada,534,Dakshina Kannada,11,2,0,0,59,2,1,0,0,0,2,0,0,0,0,0,0,4,3,0,0,0,58,2,0,0,0,0,0,0,0,0,43,1,7,1,0,0,0,0,0,0,0,0,0,0,0,0,0,0,0,0,2,0,0,0,30,0,0,0,0,0,0,0,0,0,0,0,0,52,1,0,,,,,,,,,,,,,,,,,,,,,,,,,,,,,,,,,,,,,,,,,,,,,,
2021,Karnataka,29,Davangere,535,Davanagere,87,3,0,0,85,1,1,0,6,0,0,0,0,0,1,0,0,0,1,0,9,1,71,1,0,0,0,0,0,0,0,0,107,21,0,2,0,0,0,0,0,0,0,0,0,0,0,0,0,0,0,0,26,0,0,0,572,0,1,0,0,0,0,0,0,0,0,0,0,153,9,0,,,,,,,,,,,,,,,,,,,,,,,,,,,,,,,,,,,,,,,,,,,,,,
2021,Karnataka,29,Dharwad,536,Dharwad,2,0,0,0,26,0,11,0,0,0,0,0,0,0,0,0,0,2,0,1,3,0,3,1,0,0,0,0,0,0,0,0,262,14,0,1,0,0,0,1,0,0,0,0,0,0,0,0,0,0,0,0,0,0,0,0,273,0,0,0,0,0,0,0,0,0,0,0,0,71,6,0,,,,,,,,,,,,,,,,,,,,,,,,,,,,,,,,,,,,,,,,,,,,,,
2021,Karnataka,29,Gadag,537,Gadag,5,0,0,0,18,0,5,0,0,0,0,0,0,0,0,0,0,0,0,0,0,1,15,0,0,0,0,0,0,0,0,0,172,0,12,0,0,0,0,1,0,0,0,0,0,0,0,0,0,0,0,0,25,0,0,0,432,0,0,1,0,0,0,0,0,0,0,0,0,12,10,0,,,,,,,,,,,,,,,,,,,,,,,,,,,,,,,,,,,,,,,,,,,,,,
2021,Karnataka,29,Kalaburagi,538,Kalaburgi,9,2,0,0,53,0,4,0,1,0,2,0,0,0,3,0,0,1,2,0,4,0,6,0,0,0,0,0,0,6,0,0,55,21,8,0,0,0,0,0,0,0,0,0,0,0,0,0,0,0,0,0,22,2,0,0,468,0,0,0,0,0,0,0,0,0,0,0,0,34,23,0,,,,,,,,,,,,,,,,,,,,,,,,,,,,,,,,,,,,,,,,,,,,,,
2021,Karnataka,29,Hassan,539,Hassan,77,6,0,0,138,1,23,0,0,0,0,0,0,0,31,0,0,0,8,0,6,0,46,0,0,0,0,0,0,34,0,0,664,0,38,4,0,0,0,0,0,0,0,0,0,0,0,0,0,0,0,0,6,0,0,0,382,0,0,1,0,0,0,0,0,0,0,2,0,101,66,0,,,,,,,,,,,,,,,,,,,,,,,,,,,,,,,,,,,,,,,,,,,,,,
2021,Karnataka,29,Haveri,540,Haveri,14,2,0,0,78,0,0,0,0,0,0,0,0,0,0,0,0,0,0,1,0,10,65,0,0,0,0,0,0,0,0,0,51,4,0,2,0,0,0,0,0,0,0,0,0,0,0,0,0,0,0,0,11,0,0,0,563,0,0,1,0,0,0,0,1,0,0,0,0,2,12,0,,,,,,,,,,,,,,,,,,,,,,,,,,,,,,,,,,,,,,,,,,,,,,
2021,Karnataka,29,Dharwad,536,Hubballi Dharwad City,0,5,0,0,39,0,0,0,0,0,0,0,0,0,0,0,0,0,0,10,0,0,169,2,0,0,0,0,0,0,0,0,106,46,0,1,4,0,0,0,0,0,0,1,0,0,0,0,0,0,0,0,15,0,0,0,446,0,0,0,0,0,0,0,0,0,0,0,0,165,29,0,,,,,,,,,,,,,,,,,,,,,,,,,,,,,,,,,,,,,,,,,,,,,,
2021,Karnataka,29,Belagavi,527,K.G.F.,10,2,0,0,18,0,0,0,0,0,0,0,0,0,1,0,0,0,0,0,1,2,53,0,0,0,0,0,0,0,0,0,92,5,4,3,1,0,0,0,0,0,0,0,0,0,0,0,0,0,0,0,3,0,0,0,45,0,0,1,0,0,1,0,0,0,0,0,0,5,0,0,,,,,,,,,,,,,,,,,,,,,,,,,,,,,,,,,,,,,,,,,,,,,,
2021,Karnataka,29,Kodagu,541,Kodagu,3,1,0,0,65,0,1,0,0,0,0,0,0,0,0,0,0,0,1,0,0,0,41,0,0,10,0,0,0,0,0,0,100,6,11,0,0,0,0,0,0,0,1,0,0,0,0,0,0,0,0,0,0,0,0,0,49,0,0,0,0,0,0,0,3,0,0,0,0,41,3,0,,,,,,,,,,,,,,,,,,,,,,,,,,,,,,,,,,,,,,,,,,,,,,
2021,Karnataka,29,Kolar,542,Kolar,30,1,0,0,61,2,3,0,0,0,0,0,0,0,1,0,0,0,1,1,0,3,36,0,0,0,0,0,0,0,0,0,11,2,23,5,1,0,0,0,0,0,0,0,0,0,0,0,0,0,0,0,4,0,0,0,113,0,0,0,0,0,0,0,0,0,0,0,0,136,9,0,,,,,,,,,,,,,,,,,,,,,,,,,,,,,,,,,,,,,,,,,,,,,,
2021,Karnataka,29,Koppal,543,Koppal,0,3,0,0,40,0,3,0,2,0,0,0,0,0,1,0,0,0,0,0,0,3,15,1,0,0,0,0,0,0,0,0,235,4,0,0,0,0,0,0,0,0,0,0,0,0,0,0,0,0,0,0,26,0,0,0,530,0,0,0,0,0,0,0,1,0,0,0,0,26,11,0,,,,,,,,,,,,,,,,,,,,,,,,,,,,,,,,,,,,,,,,,,,,,,
2021,Karnataka,29,Mandya,544,Mandya,51,4,0,0,94,1,19,0,0,0,1,0,0,0,16,0,0,0,3,0,0,31,31,1,0,0,0,0,0,3,0,0,354,0,15,1,0,0,0,1,0,0,0,0,0,0,0,0,0,0,0,0,17,0,0,0,363,0,0,0,0,0,0,0,0,0,0,0,0,201,0,0,,,,,,,,,,,,,,,,,,,,,,,,,,,,,,,,,,,,,,,,,,,,,,
2021,Karnataka,29,Dakshina Kannada,534,Mangaluru City,14,10,0,0,62,1,0,0,0,0,0,1,0,0,0,0,0,0,1,3,21,0,102,1,0,0,0,0,0,0,0,0,16,277,51,0,0,0,0,0,0,0,0,0,0,0,0,0,0,0,0,0,2,0,0,0,82,2,0,0,0,0,0,0,0,0,0,0,0,164,0,0,,,,,,,,,,,,,,,,,,,,,,,,,,,,,,,,,,,,,,,,,,,,,,
2021,Karnataka,29,Mysuru,545,Mysuru City,87,18,0,0,42,2,6,0,1,0,1,0,0,0,3,0,0,2,1,1,0,0,110,4,0,0,0,0,0,1,0,0,21,2,19,5,1,0,0,1,0,0,1,0,0,0,0,0,0,0,0,0,7,0,0,0,66,0,0,0,0,0,0,0,0,0,0,0,0,140,0,0,,,,,,,,,,,,,,,,,,,,,,,,,,,,,,,,,,,,,,,,,,,,,,
2021,Karnataka,29,Mysuru,545,Mysuru District,7,4,0,0,104,1,17,0,0,0,0,0,0,0,7,0,0,1,2,0,2,0,48,1,0,1,0,0,0,111,0,0,556,0,9,3,0,0,0,0,0,0,0,0,0,0,0,0,0,0,0,0,7,0,0,0,392,3,0,0,0,0,0,0,0,0,0,0,0,116,0,0,,,,,,,,,,,,,,,,,,,,,,,,,,,,,,,,,,,,,,,,,,,,,,
2021,Karnataka,29,Raichur,546,Raichur,63,2,0,0,50,0,11,0,3,0,0,0,0,0,1,0,0,0,0,0,1,3,21,0,0,0,0,0,0,1,0,2,123,3,2,0,0,0,0,0,0,0,0,0,0,0,0,0,0,0,0,0,22,0,0,0,583,0,0,5,0,0,0,0,0,0,0,0,0,39,7,0,,,,,,,,,,,,,,,,,,,,,,,,,,,,,,,,,,,,,,,,,,,,,,
2021,Karnataka,29,Bengaluru Urban,525,K.Railways,0,0,0,0,2,0,0,0,1,0,0,0,0,0,0,0,0,0,0,0,0,0,0,0,0,0,0,0,0,0,0,0,5,9,3,0,0,0,0,0,0,0,0,0,0,0,8,1,0,0,0,0,0,0,0,0,0,0,0,0,0,0,0,0,0,0,0,0,0,2,0,0,,,,,,,,,,,,,,,,,,,,,,,,,,,,,,,,,,,,,,,,,,,,,,
2021,Karnataka,29,Ramanagara,631,Ramanagara,52,0,0,0,92,3,10,0,16,0,1,0,0,0,1,0,0,0,5,0,4,4,82,4,0,0,0,0,0,2,0,0,123,0,37,0,0,0,0,0,0,0,0,0,0,0,0,0,0,0,0,0,7,0,0,0,235,0,0,6,0,0,1,0,0,0,0,1,0,256,0,0,,,,,,,,,,,,,,,,,,,,,,,,,,,,,,,,,,,,,,,,,,,,,,
2021,Karnataka,29,Shivamogga,547,Shimoga,86,3,0,0,143,2,4,0,0,0,0,0,0,0,1,0,0,0,3,8,4,2,90,0,0,0,0,0,0,0,0,0,343,122,23,3,0,0,0,18,0,0,0,0,0,0,0,0,0,0,0,0,19,0,0,0,486,1,0,0,0,0,0,0,0,0,0,0,0,201,80,0,,,,,,,,,,,,,,,,,,,,,,,,,,,,,,,,,,,,,,,,,,,,,,
2021,Karnataka,29,Tumakuru,548,Tumakuru,96,4,0,1,107,4,3,0,0,0,0,0,0,0,5,0,0,0,6,0,1,3,142,2,0,0,0,0,0,40,0,0,437,27,24,1,0,0,0,2,0,0,0,1,0,0,0,0,0,0,0,0,5,0,0,0,796,1,0,0,0,0,0,0,0,0,0,0,0,190,11,0,,,,,,,,,,,,,,,,,,,,,,,,,,,,,,,,,,,,,,,,,,,,,,
2021,Karnataka,29,Udupi,549,Udupi,15,2,0,0,58,6,0,0,0,0,4,0,0,0,1,0,0,4,4,1,2,0,44,0,0,0,0,0,0,0,0,0,12,48,17,0,0,0,0,0,0,0,1,0,0,0,0,0,0,0,0,0,8,0,0,0,124,0,0,0,0,0,0,0,0,0,0,0,0,63,6,0,,,,,,,,,,,,,,,,,,,,,,,,,,,,,,,,,,,,,,,,,,,,,,
2021,Karnataka,29,Uttara Kannada,550,Uttara Kannada,17,1,0,0,50,5,1,0,1,0,1,0,0,0,4,0,0,1,21,0,4,0,44,0,0,0,0,0,0,0,0,0,195,45,11,1,1,0,0,0,0,0,1,0,0,0,0,0,0,0,0,0,7,0,0,0,569,0,0,0,0,0,0,0,0,0,0,0,0,68,0,0,,,,,,,,,,,,,,,,,,,,,,,,,,,,,,,,,,,,,,,,,,,,,,
2021,Karnataka,29,Yadgir,635,Yadgiri,13,1,0,0,46,0,4,0,0,0,2,0,0,0,2,0,0,1,1,0,1,0,7,0,0,0,0,0,0,17,0,0,73,0,2,0,0,0,0,0,0,0,0,0,0,0,0,0,0,0,0,0,4,0,0,0,375,0,0,2,0,0,0,0,0,0,0,0,0,9,24,0,,,,,,,,,,,,,,,,,,,,,,,,,,,,,,,,,,,,,,,,,,,,,,
2021,Karnataka,29,Belagavi,527,Belagavi City,6,2,0,0,32,0,0,0,0,0,0,0,0,0,4,0,0,3,0,2,0,1,25,0,0,0,0,0,0,0,1,0,34,1,10,0,0,0,0,0,0,0,0,0,0,0,0,0,0,0,0,0,4,0,0,0,132,0,0,2,0,0,0,0,0,0,0,0,0,83,8,0,,,,,,,,,,,,,,,,,,,,,,,,,,,,,,,,,,,,,,,,,,,,,,
2021,Karnataka,29,Kalaburagi,538,Kalaburgi City,94,5,0,0,31,1,2,0,0,0,0,0,0,0,4,0,0,0,2,0,0,0,12,0,0,0,0,0,0,2,0,0,19,5,9,0,0,0,0,0,0,0,1,0,0,0,0,0,0,0,0,0,10,0,0,0,209,0,0,0,0,0,0,0,0,0,0,0,0,50,9,0,,,,,,,,,,,,,,,,,,,,,,,,,,,,,,,,,,,,,,,,,,,,,,
,,,,,,,,,,,,,,,,,,,,,,,,,,,,,,,,,,,,,,,,,,,,,,,,,,,,,,,,,,,,,,,,,,,,,,,,,,,,,,,,,,,,,,,,,,,,,,,,,,,,,,,,,,,,,,,,,,,,,,,,,,,
2022,Karnataka,29,Bagalkote,524,Bagalkot,29,0,0,0,44,0,36,0,0,0,1,0,0,0,2,0,0,0,0,0,1,0,21,1,0,0,0,0,0,0,0,0,125,0,7,4,0,0,0,81,0,0,0,0,0,0,0,0,0,0,0,0,46,0,0,0,318,0,1,0,0,0,1,0,0,0,0,0,0,11,6,0,,,,,,,,,,,,,,,,,,,,,,,,,,,,,,,,,,,,,,,,,,,,,,
2022,Karnataka,29,Bengaluru Urban,525,Bengaluru City,964,155,0,0,468,37,11,0,9,0,12,2,0,0,85,1,0,5,13,107,1,0,9940,172,2,0,1,0,0,0,0,0,182,3457,570,28,0,1,0,98,0,0,37,21,0,0,0,0,0,2,1,0,88,0,0,0,622,0,1,0,0,0,1,0,66,0,0,2,0,256,103,0,,,,,,,,,,,,,,,,,,,,,,,,,,,,,,,,,,,,,,,,,,,,,,
2022,Karnataka,29,Bengaluru Urban,525,Bengaluru District,34,5,0,0,103,2,5,0,2,0,2,0,0,0,0,0,0,5,0,7,3,0,239,5,0,0,0,0,0,1,0,0,166,60,84,8,0,0,0,1,0,0,6,0,0,0,0,0,0,0,0,0,8,0,0,0,128,0,0,0,0,0,0,0,0,0,0,2,0,0,85,0,,,,,,,,,,,,,,,,,,,,,,,,,,,,,,,,,,,,,,,,,,,,,,
2022,Karnataka,29,Belagavi,527,Belagavi District,17,1,0,0,127,0,19,0,0,0,0,0,0,0,4,0,0,5,0,0,3,0,30,0,0,0,0,0,0,2,0,0,219,53,9,1,0,0,0,2,0,0,0,0,0,0,0,0,0,0,0,0,49,0,0,0,745,0,0,1,0,0,1,0,0,0,0,0,0,30,6,0,,,,,,,,,,,,,,,,,,,,,,,,,,,,,,,,,,,,,,,,,,,,,,
2022,Karnataka,29,Ballari,528,Ballari,45,1,0,0,41,5,4,0,4,0,0,0,0,0,0,0,0,0,0,0,0,0,44,2,0,0,0,0,0,0,0,0,318,22,1,0,0,0,0,1,0,0,0,0,0,0,0,0,0,0,0,0,52,0,0,0,832,0,0,0,0,0,0,0,0,0,0,0,0,62,0,0,,,,,,,,,,,,,,,,,,,,,,,,,,,,,,,,,,,,,,,,,,,,,,
2022,Karnataka,29,Bidar,529,Bidar,26,4,0,1,51,0,0,0,0,0,0,0,0,0,2,0,0,0,0,2,1,0,19,0,0,0,0,0,0,0,0,0,234,3,9,2,0,0,0,0,0,0,0,0,0,0,0,0,0,0,0,0,25,0,0,0,476,0,0,0,0,0,0,0,0,0,0,1,0,0,30,0,,,,,,,,,,,,,,,,,,,,,,,,,,,,,,,,,,,,,,,,,,,,,,
2022,Karnataka,29,Vijayapura,530,Vijayapura,8,1,0,0,53,0,14,0,0,0,0,0,0,0,0,0,0,0,3,0,0,0,59,1,0,0,0,0,0,1,0,0,456,0,21,6,0,0,0,16,0,0,0,0,0,0,0,0,0,0,0,0,29,0,0,0,757,0,0,0,0,0,0,0,0,0,0,1,0,12,0,0,,,,,,,,,,,,,,,,,,,,,,,,,,,,,,,,,,,,,,,,,,,,,,
2022,Karnataka,29,Chikkaballapura,630,Chikkaballapura,36,4,0,0,138,0,8,0,2,0,0,0,0,0,3,0,0,0,4,0,2,0,96,1,0,0,0,0,0,0,0,0,882,18,46,2,0,0,0,3,0,0,0,0,0,0,0,0,0,0,0,0,11,0,0,0,441,0,0,0,0,0,0,0,0,0,0,0,0,44,2,0,,,,,,,,,,,,,,,,,,,,,,,,,,,,,,,,,,,,,,,,,,,,,,
2022,Karnataka,29,Chamarajanagara,531,Chamarajnagar,29,0,0,0,48,1,0,0,0,0,2,0,0,0,0,0,0,0,4,0,2,1,20,0,0,27,0,0,0,5,0,0,300,0,28,0,0,0,0,0,0,0,0,0,0,0,0,0,0,0,0,0,26,0,0,0,123,3,0,0,0,0,0,0,0,0,0,0,0,49,0,0,,,,,,,,,,,,,,,,,,,,,,,,,,,,,,,,,,,,,,,,,,,,,,
2022,Karnataka,29,Chikkamagaluru,532,Chikkamagaluru,40,2,0,0,122,1,6,0,0,0,1,0,1,0,2,0,0,2,10,2,1,0,69,0,0,0,0,0,0,0,0,0,335,248,18,2,0,0,0,0,0,0,0,0,0,0,0,0,0,0,0,0,1,0,0,0,164,4,0,0,0,0,0,2,0,0,0,0,0,59,4,0,,,,,,,,,,,,,,,,,,,,,,,,,,,,,,,,,,,,,,,,,,,,,,
2022,Karnataka,29,Chitradurga,533,Chitradurga,47,1,0,0,96,1,2,0,9,0,0,0,4,0,1,0,0,0,0,0,0,0,50,3,0,0,0,0,0,16,0,0,443,18,0,2,0,0,0,0,0,0,0,0,0,0,0,0,0,0,0,0,16,0,0,0,505,2,2,0,0,0,0,0,0,0,0,0,0,0,46,0,,,,,,,,,,,,,,,,,,,,,,,,,,,,,,,,,,,,,,,,,,,,,,
2022,Karnataka,29,Dakshina Kannada,534,Dakshina Kannada,4,0,0,0,69,5,0,0,0,0,2,0,0,0,0,0,0,0,1,0,2,0,28,0,0,0,0,0,0,0,0,0,44,25,8,0,0,0,0,0,0,0,0,0,0,0,0,0,0,0,0,0,4,0,0,0,18,1,0,0,0,0,0,0,0,0,0,0,0,54,1,0,,,,,,,,,,,,,,,,,,,,,,,,,,,,,,,,,,,,,,,,,,,,,,
2022,Karnataka,29,Davangere,535,Davanagere,93,3,0,0,94,0,6,0,4,0,6,2,0,0,1,0,0,0,0,3,1,0,91,1,1,0,0,0,0,0,0,0,168,15,1,4,0,0,0,0,0,0,0,0,0,0,0,0,0,0,0,0,62,0,0,0,410,0,0,1,0,0,0,0,0,0,0,0,0,28,0,0,,,,,,,,,,,,,,,,,,,,,,,,,,,,,,,,,,,,,,,,,,,,,,
2022,Karnataka,29,Dharwad,536,Dharwad,5,1,0,0,33,0,6,0,0,0,1,0,0,0,0,0,0,0,0,0,0,0,12,1,0,0,0,0,0,0,0,0,213,10,0,0,0,0,0,0,0,0,0,0,0,0,0,0,0,0,0,0,4,0,0,0,241,0,0,0,0,0,0,0,0,0,0,0,0,7,2,0,,,,,,,,,,,,,,,,,,,,,,,,,,,,,,,,,,,,,,,,,,,,,,
2022,Karnataka,29,Gadag,537,Gadag,5,0,0,0,35,0,5,0,0,0,0,0,0,0,1,0,0,0,0,2,1,0,16,0,0,0,0,0,0,0,0,0,247,12,3,0,0,0,0,0,0,0,0,0,0,0,0,0,0,0,0,0,39,0,0,0,475,0,0,0,0,0,0,0,0,0,0,0,0,12,3,0,,,,,,,,,,,,,,,,,,,,,,,,,,,,,,,,,,,,,,,,,,,,,,
2022,Karnataka,29,Kalaburagi,538,Kalaburgi,3,1,0,0,55,1,4,0,2,0,0,0,0,0,2,0,0,2,3,0,0,0,20,2,0,0,0,0,0,0,0,0,155,39,14,0,0,0,0,1,0,0,0,0,0,0,0,0,0,0,0,0,42,0,0,0,471,0,0,0,0,0,0,2,0,0,0,0,0,31,0,0,,,,,,,,,,,,,,,,,,,,,,,,,,,,,,,,,,,,,,,,,,,,,,
2022,Karnataka,29,Hassan,539,Hassan,78,3,0,0,152,1,13,0,0,0,2,0,0,0,2,0,0,0,4,0,2,2,43,0,0,0,0,0,0,9,0,0,422,70,0,1,0,0,0,0,0,0,0,0,0,0,0,0,0,0,0,0,12,0,0,0,247,2,0,0,0,0,3,0,0,0,0,2,0,119,0,0,,,,,,,,,,,,,,,,,,,,,,,,,,,,,,,,,,,,,,,,,,,,,,
2022,Karnataka,29,Haveri,540,Haveri,31,0,0,0,78,2,1,0,0,0,1,0,0,0,2,0,0,0,5,0,0,3,118,0,0,0,0,0,0,0,0,0,36,14,0,3,0,0,0,0,0,0,0,0,0,0,0,0,0,0,0,0,12,0,0,0,442,0,1,0,0,0,1,1,1,0,0,0,0,0,15,0,,,,,,,,,,,,,,,,,,,,,,,,,,,,,,,,,,,,,,,,,,,,,,
2022,Karnataka,29,Dharwad,536,Hubballi Dharwad City,0,6,0,0,39,0,2,0,1,0,1,0,0,0,8,0,0,0,0,24,0,0,343,4,0,0,0,0,0,0,0,0,103,53,0,0,0,0,0,0,0,0,0,0,0,0,0,0,0,0,0,0,4,0,0,0,493,0,0,0,0,0,0,0,0,0,0,0,0,8,50,0,,,,,,,,,,,,,,,,,,,,,,,,,,,,,,,,,,,,,,,,,,,,,,
2022,Karnataka,29,Belagavi,527,K.G.F.,17,0,0,0,30,0,1,0,2,0,0,0,0,0,0,0,0,0,1,0,0,3,55,1,0,1,0,0,0,0,0,0,114,80,3,1,0,0,0,0,0,0,0,0,0,0,0,0,0,0,0,0,1,0,0,0,43,0,0,0,0,0,1,0,0,0,0,0,0,16,0,0,,,,,,,,,,,,,,,,,,,,,,,,,,,,,,,,,,,,,,,,,,,,,,
2022,Karnataka,29,Kodagu,541,Kodagu,2,0,0,0,66,0,2,0,0,0,0,0,0,0,0,0,0,0,3,0,1,1,28,0,0,26,0,0,0,0,0,0,78,21,0,1,0,0,0,0,0,0,0,0,0,0,0,0,0,0,0,0,4,0,0,0,19,0,0,0,0,0,0,0,2,0,0,0,0,30,0,0,,,,,,,,,,,,,,,,,,,,,,,,,,,,,,,,,,,,,,,,,,,,,,
2022,Karnataka,29,Kolar,542,Kolar,36,0,0,0,69,0,5,0,0,0,0,0,0,0,2,0,0,0,0,2,0,3,55,1,0,0,0,0,0,0,0,0,45,46,0,7,0,0,0,0,0,0,0,0,0,0,0,0,0,0,0,0,11,0,0,0,66,0,0,0,0,0,0,0,0,0,0,0,0,0,12,0,,,,,,,,,,,,,,,,,,,,,,,,,,,,,,,,,,,,,,,,,,,,,,
2022,Karnataka,29,Koppal,543,Koppal,1,0,0,0,71,0,4,0,0,0,0,0,0,0,0,0,0,0,0,0,0,3,22,0,0,0,0,0,0,0,0,0,263,3,1,3,0,0,0,0,0,0,0,0,0,0,0,0,0,0,0,0,21,1,0,0,481,0,1,0,0,0,0,0,0,0,0,0,0,0,18,0,,,,,,,,,,,,,,,,,,,,,,,,,,,,,,,,,,,,,,,,,,,,,,
2022,Karnataka,29,Mandya,544,Mandya,39,3,0,1,99,1,10,0,1,0,1,0,0,0,2,0,0,0,5,0,0,4,56,1,0,1,0,0,0,0,0,0,237,0,10,2,0,0,0,0,0,0,0,0,0,0,0,0,0,0,0,0,18,0,0,0,238,0,0,0,0,0,0,0,2,0,0,0,0,50,0,0,,,,,,,,,,,,,,,,,,,,,,,,,,,,,,,,,,,,,,,,,,,,,,
2022,Karnataka,29,Dakshina Kannada,534,Mangaluru City,17,2,0,0,67,2,0,0,0,0,2,0,0,0,2,2,0,0,1,0,0,1,68,3,0,0,0,0,0,5,0,0,18,365,34,1,0,0,0,0,0,0,0,1,0,0,0,0,0,0,0,0,4,0,0,0,40,4,0,0,0,0,0,0,0,0,0,0,0,47,0,0,,,,,,,,,,,,,,,,,,,,,,,,,,,,,,,,,,,,,,,,,,,,,,
2022,Karnataka,29,Mysuru,545,Mysuru City,119,16,0,0,55,0,3,0,4,0,1,0,0,0,4,0,0,0,0,2,0,0,274,6,0,0,0,0,0,0,0,0,9,1,32,1,0,0,0,0,0,0,2,0,0,0,0,0,0,1,0,0,14,0,0,0,64,0,0,0,0,0,0,0,0,0,0,0,0,39,0,0,,,,,,,,,,,,,,,,,,,,,,,,,,,,,,,,,,,,,,,,,,,,,,
2022,Karnataka,29,Mysuru,545,Mysuru District,23,7,0,0,135,1,9,0,2,0,1,0,0,0,2,0,0,0,3,0,0,1,54,0,0,4,0,0,0,34,0,0,429,2,14,2,1,0,0,0,0,0,0,0,0,0,0,0,0,1,0,0,33,1,0,0,264,1,0,0,0,0,0,0,1,0,0,0,0,63,0,0,,,,,,,,,,,,,,,,,,,,,,,,,,,,,,,,,,,,,,,,,,,,,,
2022,Karnataka,29,Raichur,546,Raichur,60,3,0,0,52,2,1,0,6,0,0,0,0,0,1,0,0,1,0,0,0,0,25,0,0,0,0,0,0,0,0,0,236,0,16,3,0,0,0,0,0,0,0,0,0,0,0,0,0,0,0,0,25,0,0,0,886,0,0,0,0,0,0,0,0,0,0,0,0,0,31,0,,,,,,,,,,,,,,,,,,,,,,,,,,,,,,,,,,,,,,,,,,,,,,
2022,Karnataka,29,Bengaluru Urban,525,K.Railways,0,0,0,0,2,0,0,0,1,0,0,0,0,0,0,0,0,0,0,0,0,0,0,0,0,0,0,0,0,0,0,0,15,0,28,1,0,0,0,0,0,0,0,0,0,0,0,8,0,0,0,0,0,0,0,0,0,0,0,0,0,0,0,0,0,0,0,0,0,2,0,0,,,,,,,,,,,,,,,,,,,,,,,,,,,,,,,,,,,,,,,,,,,,,,
2022,Karnataka,29,Ramanagara,631,Ramanagara,68,2,0,0,92,1,14,0,5,0,0,0,0,0,4,0,0,0,2,0,2,2,239,8,0,0,0,0,0,1,0,0,821,0,99,3,0,0,0,8,0,0,0,0,0,0,0,0,0,0,0,0,28,6,0,0,212,0,0,1,0,0,2,0,0,0,0,0,0,99,1,0,,,,,,,,,,,,,,,,,,,,,,,,,,,,,,,,,,,,,,,,,,,,,,
2022,Karnataka,29,Shivamogga,547,Shimoga,90,2,0,0,182,3,3,0,5,0,1,0,0,0,8,1,0,0,4,9,0,0,25,0,0,0,0,0,0,0,0,0,413,182,17,2,0,0,0,38,0,0,0,0,0,0,0,0,0,0,0,0,28,0,0,0,382,0,1,0,0,1,0,0,0,0,0,0,0,84,19,0,,,,,,,,,,,,,,,,,,,,,,,,,,,,,,,,,,,,,,,,,,,,,,
2022,Karnataka,29,Tumakuru,548,Tumakuru,114,4,0,0,103,4,8,0,2,0,0,0,0,0,3,0,0,0,4,0,0,5,154,2,0,0,0,0,0,21,0,0,353,60,44,1,0,0,0,0,0,0,0,0,0,0,0,0,0,0,0,0,19,0,0,0,497,0,0,1,0,0,0,0,0,0,0,0,0,125,0,0,,,,,,,,,,,,,,,,,,,,,,,,,,,,,,,,,,,,,,,,,,,,,,
2022,Karnataka,29,Udupi,549,Udupi,21,2,0,0,68,3,0,0,0,0,4,0,0,0,3,0,0,1,0,2,0,0,48,0,0,0,0,0,0,0,0,0,9,249,13,0,0,0,0,0,0,0,0,0,0,0,0,0,0,0,0,0,13,0,0,0,86,0,0,0,0,0,0,0,0,0,0,0,0,44,0,0,,,,,,,,,,,,,,,,,,,,,,,,,,,,,,,,,,,,,,,,,,,,,,
2022,Karnataka,29,Uttara Kannada,550,Uttara Kannada,21,6,0,0,64,3,1,0,0,0,1,0,0,0,0,0,0,0,16,0,8,0,48,0,0,0,0,0,0,0,0,0,321,19,38,0,0,0,0,1,0,0,0,0,0,0,0,0,0,0,0,0,7,0,0,0,594,1,0,0,0,0,0,0,0,0,0,0,0,53,0,0,,,,,,,,,,,,,,,,,,,,,,,,,,,,,,,,,,,,,,,,,,,,,,
2022,Karnataka,29,Yadgir,635,Yadgiri,20,0,0,0,46,0,3,0,1,0,0,0,0,0,2,0,0,0,1,0,0,0,8,0,0,0,0,0,0,20,0,0,69,0,2,0,0,0,0,0,0,0,0,0,0,0,0,0,0,0,0,0,13,0,0,0,313,0,0,0,0,0,0,0,0,0,0,0,0,3,7,0,,,,,,,,,,,,,,,,,,,,,,,,,,,,,,,,,,,,,,,,,,,,,,
2022,Karnataka,29,Belagavi,527,Belagavi City,2,3,0,0,28,0,0,0,0,0,0,0,0,0,3,0,0,0,0,0,0,0,109,2,0,0,0,0,0,0,0,0,48,13,20,0,0,0,0,0,0,0,0,0,0,0,0,0,0,0,0,0,13,0,0,0,125,0,0,2,0,0,0,0,0,0,0,0,0,34,4,0,,,,,,,,,,,,,,,,,,,,,,,,,,,,,,,,,,,,,,,,,,,,,,
2022,Karnataka,29,Kalaburagi,538,Kalaburgi City,50,3,0,0,18,0,4,0,0,0,0,0,0,0,1,0,0,0,0,0,1,0,18,0,0,0,0,0,0,1,0,0,35,9,38,0,0,0,0,0,0,0,0,0,0,0,0,0,0,0,0,0,42,1,0,0,320,0,0,0,0,0,0,0,1,0,0,0,0,29,11,0,,,,,,,,,,,,,,,,,,,,,,,,,,,,,,,,,,,,,,,,,,,,,,
2022,Karnataka,29,Vijayanagar,738,Vijayanagara,30,0,0,0,62,1,5,0,0,0,0,0,0,0,1,0,0,1,0,1,0,0,5,3,0,0,0,0,0,55,0,0,297,3,1,0,0,0,0,0,0,0,0,0,0,0,0,0,0,0,0,0,66,0,0,0,526,0,0,0,0,0,0,0,0,0,0,0,0,34,0,0,,,,,,,,,,,,,,,,,,,,,,,,,,,,,,,,,,,,,,,,,,,,,,
,,,,,,,,,,,,,,,,,,,,,,,,,,,,,,,,,,,,,,,,,,,,,,,,,,,,,,,,,,,,,,,,,,,,,,,,,,,,,,,,,,,,,,,,,,,,,,,,,,,,,,,,,,,,,,,,,,,,,,,,,,,
2016,Karnataka,29,Bagalkote,524,Bagalkot,1,4,452,129,0,5,1,0,0,0,1,4,0,5,0,3,0,32,3,0,0,5,0,0,1,1,0,0,0,0,0,0,0,0,0,0,1,0,0,0,0,0,0,21,0,0,0,0,0,0,0,0,0,0,0,128,,,,,,,,,,,,,,,,,,,,,,,,,,,,,,,,,,,,,,,,,,,,,,,,,,,,,,,,,,,,,,
2016,Karnataka,29,Bengaluru Urban,525,Bengaluru City,19,128,267,54,0,5,152,0,0,0,79,53,0,727,0,143,0,199,33,3,0,762,0,0,24,12,0,0,0,0,1,0,0,40,1,0,2,0,1,0,27,0,0,5,0,44,0,0,0,0,0,0,0,0,0,460,,,,,,,,,,,,,,,,,,,,,,,,,,,,,,,,,,,,,,,,,,,,,,,,,,,,,,,,,,,,,,
2016,Karnataka,29,Bengaluru Urban,525,Bengaluru District,4,20,149,100,0,3,5,0,0,0,0,9,0,26,0,0,0,95,10,4,0,18,0,0,0,3,0,0,0,0,0,0,0,0,0,0,0,0,0,0,0,0,0,3,0,1,0,0,0,0,0,0,0,0,0,483,,,,,,,,,,,,,,,,,,,,,,,,,,,,,,,,,,,,,,,,,,,,,,,,,,,,,,,,,,,,,,
2016,Karnataka,29,Belagavi,527,Belagavi District,2,14,859,355,0,0,1,0,0,0,0,2,1,19,0,1,0,68,12,1,0,4,0,0,1,2,0,0,0,0,0,0,0,4,0,0,0,0,0,0,0,0,0,8,0,0,0,0,0,0,0,0,0,0,0,446,,,,,,,,,,,,,,,,,,,,,,,,,,,,,,,,,,,,,,,,,,,,,,,,,,,,,,,,,,,,,,
2016,Karnataka,29,Ballari,528,Ballari,1,7,787,232,0,5,13,0,0,0,1,27,0,78,0,2,0,65,0,0,0,11,0,0,0,0,0,0,0,0,0,0,0,0,0,0,0,0,0,0,0,0,0,0,0,0,0,0,0,0,0,0,0,0,0,528,,,,,,,,,,,,,,,,,,,,,,,,,,,,,,,,,,,,,,,,,,,,,,,,,,,,,,,,,,,,,,
2016,Karnataka,29,Bidar,529,Bidar,2,6,323,296,0,0,7,0,0,0,0,15,0,20,0,1,0,33,3,0,0,14,0,0,0,0,0,0,0,0,0,0,0,7,0,0,1,0,0,0,0,0,0,1,0,1,0,0,0,0,0,0,0,0,0,73,,,,,,,,,,,,,,,,,,,,,,,,,,,,,,,,,,,,,,,,,,,,,,,,,,,,,,,,,,,,,,
2016,Karnataka,29,Vijayapura,530,Vijayapura,11,6,512,275,0,0,6,0,0,0,1,12,0,4,0,1,0,61,5,1,0,0,0,0,0,0,0,0,0,0,0,0,0,0,0,0,0,0,0,0,0,0,0,0,0,0,0,0,0,0,0,0,0,0,0,109,,,,,,,,,,,,,,,,,,,,,,,,,,,,,,,,,,,,,,,,,,,,,,,,,,,,,,,,,,,,,,
2016,Karnataka,29,Chikkaballapura,630,Chikkaballapura,2,3,213,72,0,1,7,0,0,0,0,3,0,26,0,2,0,42,1,0,0,8,0,0,1,0,0,0,0,0,0,0,0,3,0,0,0,0,0,0,1,0,0,0,0,0,0,0,0,0,0,0,0,0,0,276,,,,,,,,,,,,,,,,,,,,,,,,,,,,,,,,,,,,,,,,,,,,,,,,,,,,,,,,,,,,,,
2016,Karnataka,29,Chamarajanagara,531,Chamarajnagar,2,12,194,259,0,1,0,0,0,0,0,7,0,5,0,0,0,23,3,5,0,7,0,4,6,0,0,0,0,0,0,0,0,3,0,0,1,0,3,0,0,0,0,0,0,0,0,0,0,0,0,0,0,0,0,275,,,,,,,,,,,,,,,,,,,,,,,,,,,,,,,,,,,,,,,,,,,,,,,,,,,,,,,,,,,,,,
2016,Karnataka,29,Chikkamagaluru,532,Chikkamagaluru,24,1,273,403,0,1,2,0,0,0,0,1,0,24,0,1,0,80,2,1,0,10,0,4,4,0,0,0,0,0,2,0,0,1,0,0,0,0,0,0,0,0,0,0,0,0,0,0,0,0,0,0,0,0,0,128,,,,,,,,,,,,,,,,,,,,,,,,,,,,,,,,,,,,,,,,,,,,,,,,,,,,,,,,,,,,,,
2016,Karnataka,29,Chitradurga,533,Chitradurga,1,4,677,156,0,3,5,0,0,3,0,18,0,46,0,1,0,39,4,1,0,27,0,1,1,0,0,0,0,0,0,0,0,1,0,0,0,0,0,0,0,0,0,0,0,1,0,0,0,0,0,0,0,0,0,318,,,,,,,,,,,,,,,,,,,,,,,,,,,,,,,,,,,,,,,,,,,,,,,,,,,,,,,,,,,,,,
2016,Karnataka,29,Dakshina Kannada,534,Dakshina Kannada,1,16,68,28,0,0,0,0,0,0,2,1,0,13,0,1,0,41,5,0,0,6,0,1,3,0,0,0,0,0,0,0,0,3,0,0,0,0,0,0,0,0,0,3,0,3,0,0,0,0,0,0,0,0,0,78,,,,,,,,,,,,,,,,,,,,,,,,,,,,,,,,,,,,,,,,,,,,,,,,,,,,,,,,,,,,,,
2016,Karnataka,29,Davangere,535,Davanagere,1,8,410,114,0,1,2,0,0,0,0,9,0,43,0,0,0,36,1,2,0,17,0,0,3,0,0,0,0,0,0,0,0,3,0,0,0,0,0,0,0,0,0,2,0,0,0,0,0,0,0,0,0,0,0,252,,,,,,,,,,,,,,,,,,,,,,,,,,,,,,,,,,,,,,,,,,,,,,,,,,,,,,,,,,,,,,
2016,Karnataka,29,Dharwad,536,Dharwad,1,4,231,124,0,0,0,0,0,0,0,0,0,1,0,0,0,25,0,0,0,1,0,0,0,0,0,0,0,0,0,0,0,20,0,0,0,0,0,0,0,0,0,13,0,0,0,0,0,0,0,0,0,0,0,7,,,,,,,,,,,,,,,,,,,,,,,,,,,,,,,,,,,,,,,,,,,,,,,,,,,,,,,,,,,,,,
2016,Karnataka,29,Gadag,537,Gadag,0,2,323,209,0,2,2,0,0,0,0,3,0,7,0,1,0,17,0,1,0,3,0,0,0,0,0,0,0,0,0,0,0,0,0,0,0,0,0,0,0,0,0,0,0,0,0,0,0,0,0,0,0,0,0,11,,,,,,,,,,,,,,,,,,,,,,,,,,,,,,,,,,,,,,,,,,,,,,,,,,,,,,,,,,,,,,
2016,Karnataka,29,Kalaburagi,538,Kalaburgi,3,3,715,126,0,0,7,0,0,0,1,7,0,35,0,2,0,70,3,6,0,22,0,0,0,0,0,0,0,0,0,0,0,2,0,0,0,0,0,0,0,0,0,1,0,0,0,0,0,0,0,0,0,0,0,314,,,,,,,,,,,,,,,,,,,,,,,,,,,,,,,,,,,,,,,,,,,,,,,,,,,,,,,,,,,,,,
2016,Karnataka,29,Hassan,539,Hassan,2,1,140,134,0,5,5,0,0,0,0,10,0,32,0,0,0,90,1,1,0,5,0,1,0,0,0,0,0,0,0,0,0,7,0,0,0,0,0,0,0,0,0,6,0,0,0,0,0,0,0,0,0,0,0,376,,,,,,,,,,,,,,,,,,,,,,,,,,,,,,,,,,,,,,,,,,,,,,,,,,,,,,,,,,,,,,
2016,Karnataka,29,Haveri,540,Haveri,1,2,225,132,0,2,2,0,0,0,0,3,0,22,0,0,0,35,4,1,0,3,0,0,2,0,0,0,0,0,0,0,0,0,0,0,0,0,0,0,0,0,0,0,0,0,0,0,0,0,0,0,0,0,0,30,,,,,,,,,,,,,,,,,,,,,,,,,,,,,,,,,,,,,,,,,,,,,,,,,,,,,,,,,,,,,,
2016,Karnataka,29,Dharwad,536,Hubballi Dharwad City,4,3,237,12,0,0,14,0,0,0,0,7,0,0,0,4,0,24,1,0,0,23,0,0,1,0,0,0,0,0,0,0,0,3,0,0,0,0,0,0,0,0,0,0,0,2,0,0,0,0,0,0,0,0,0,73,,,,,,,,,,,,,,,,,,,,,,,,,,,,,,,,,,,,,,,,,,,,,,,,,,,,,,,,,,,,,,
2016,Karnataka,29,Belagavi,527,K.G.F.,1,2,16,6,0,1,0,0,0,0,0,19,0,20,0,0,0,8,0,1,0,2,0,0,0,0,0,0,0,0,0,0,0,1,0,0,0,0,0,0,0,0,0,0,0,0,0,0,0,0,0,0,0,0,0,74,,,,,,,,,,,,,,,,,,,,,,,,,,,,,,,,,,,,,,,,,,,,,,,,,,,,,,,,,,,,,,
2016,Karnataka,29,Kodagu,541,Kodagu,0,12,34,37,0,0,2,0,0,0,0,0,0,1,0,4,0,15,2,0,0,1,0,1,0,0,0,0,0,0,0,0,0,0,0,0,0,0,10,0,0,0,0,0,0,0,0,0,0,0,0,0,0,0,0,51,,,,,,,,,,,,,,,,,,,,,,,,,,,,,,,,,,,,,,,,,,,,,,,,,,,,,,,,,,,,,,
2016,Karnataka,29,Kolar,542,Kolar,0,6,72,18,0,1,0,0,0,0,0,4,0,23,0,0,0,53,2,0,0,0,0,0,0,0,0,0,0,0,0,0,0,9,0,0,0,0,0,0,0,0,0,0,0,1,0,0,0,0,0,0,0,0,0,63,,,,,,,,,,,,,,,,,,,,,,,,,,,,,,,,,,,,,,,,,,,,,,,,,,,,,,,,,,,,,,
2016,Karnataka,29,Koppal,543,Koppal,2,2,530,14,0,4,1,0,0,0,0,2,0,7,0,0,0,46,0,2,0,2,0,0,0,0,0,0,0,0,0,0,0,0,0,0,0,0,0,0,0,0,0,0,0,0,0,0,0,0,0,0,0,0,0,16,,,,,,,,,,,,,,,,,,,,,,,,,,,,,,,,,,,,,,,,,,,,,,,,,,,,,,,,,,,,,,
2016,Karnataka,29,Mandya,544,Mandya,1,9,234,556,0,6,12,0,0,0,0,21,0,58,0,0,0,68,4,7,0,4,0,0,0,0,0,0,0,0,0,0,0,8,0,0,0,0,0,0,0,0,0,0,0,4,0,0,0,0,0,0,0,0,0,776,,,,,,,,,,,,,,,,,,,,,,,,,,,,,,,,,,,,,,,,,,,,,,,,,,,,,,,,,,,,,,
2016,Karnataka,29,Dakshina Kannada,534,Mangaluru City,4,239,75,7,0,1,22,1,0,0,3,0,0,44,0,0,0,39,0,0,0,14,0,0,9,0,0,0,0,0,0,0,0,0,0,0,0,0,0,0,0,0,0,0,0,1,0,0,0,0,0,0,0,0,0,244,,,,,,,,,,,,,,,,,,,,,,,,,,,,,,,,,,,,,,,,,,,,,,,,,,,,,,,,,,,,,,
2016,Karnataka,29,Mysuru,545,Mysuru City,12,10,69,5,0,1,22,0,0,0,1,14,0,99,0,11,0,28,1,1,0,10,0,0,0,0,0,0,0,0,0,0,0,7,0,0,0,0,0,0,1,0,0,1,0,5,0,0,0,0,0,0,0,0,0,73,,,,,,,,,,,,,,,,,,,,,,,,,,,,,,,,,,,,,,,,,,,,,,,,,,,,,,,,,,,,,,
2016,Karnataka,29,Mysuru,545,Mysuru District,1,8,264,519,0,0,1,0,0,0,0,6,0,15,0,0,0,63,2,3,0,4,0,4,6,0,0,0,0,0,0,0,0,5,0,0,0,0,2,0,0,0,0,10,0,0,0,0,0,0,0,0,0,0,0,408,,,,,,,,,,,,,,,,,,,,,,,,,,,,,,,,,,,,,,,,,,,,,,,,,,,,,,,,,,,,,,
2016,Karnataka,29,Raichur,546,Raichur,0,3,386,91,0,1,1,0,0,3,0,7,0,71,0,0,0,99,0,0,0,9,0,0,0,0,0,0,0,0,0,0,0,4,0,0,0,0,0,0,0,0,0,1,0,0,0,0,0,0,0,0,0,0,0,429,,,,,,,,,,,,,,,,,,,,,,,,,,,,,,,,,,,,,,,,,,,,,,,,,,,,,,,,,,,,,,
2016,Karnataka,29,Bengaluru Urban,525,K.Railways,0,5,1,8,0,1,0,5,0,0,0,0,0,0,0,0,0,0,0,0,0,0,0,0,0,0,0,0,0,0,0,0,0,0,0,0,0,0,0,0,0,0,0,0,0,0,0,0,0,0,0,0,0,0,0,37,,,,,,,,,,,,,,,,,,,,,,,,,,,,,,,,,,,,,,,,,,,,,,,,,,,,,,,,,,,,,,
2016,Karnataka,29,Ramanagara,631,Ramanagara,0,6,134,48,0,9,15,0,1,0,0,4,0,61,0,3,0,56,0,0,0,15,0,0,0,0,0,0,0,0,0,0,0,0,0,0,0,0,2,0,1,0,0,3,0,0,0,0,0,0,0,0,0,0,0,364,,,,,,,,,,,,,,,,,,,,,,,,,,,,,,,,,,,,,,,,,,,,,,,,,,,,,,,,,,,,,,
2016,Karnataka,29,Shivamogga,547,Shimoga,12,49,378,479,0,10,5,0,0,0,1,26,0,0,0,3,0,53,4,2,0,23,0,0,4,0,0,0,0,0,1,0,0,4,0,0,0,0,0,0,1,0,0,3,0,0,0,0,0,0,0,0,0,0,0,286,,,,,,,,,,,,,,,,,,,,,,,,,,,,,,,,,,,,,,,,,,,,,,,,,,,,,,,,,,,,,,
2016,Karnataka,29,Tumakuru,548,Tumakuru,1,3,481,133,0,2,15,0,0,0,0,18,0,72,0,11,0,5,0,6,0,5,0,0,2,0,0,0,0,0,0,0,0,0,0,0,0,0,0,0,0,0,0,6,0,1,0,0,0,0,0,0,0,0,0,660,,,,,,,,,,,,,,,,,,,,,,,,,,,,,,,,,,,,,,,,,,,,,,,,,,,,,,,,,,,,,,
2016,Karnataka,29,Udupi,549,Udupi,3,11,212,10,0,2,2,0,1,0,0,1,0,12,0,2,0,33,1,1,0,10,0,0,0,0,0,0,0,0,2,0,0,0,0,0,0,0,0,0,0,0,0,0,0,0,0,0,0,0,0,0,0,0,0,92,,,,,,,,,,,,,,,,,,,,,,,,,,,,,,,,,,,,,,,,,,,,,,,,,,,,,,,,,,,,,,
2016,Karnataka,29,Uttara Kannada,550,Uttara Kannada,6,15,177,67,0,2,3,0,0,0,0,0,0,21,0,0,0,28,1,0,0,21,0,1,1,0,0,0,0,0,0,0,0,0,0,0,0,0,1,0,0,0,0,0,0,2,0,0,0,0,0,0,0,0,0,111,,,,,,,,,,,,,,,,,,,,,,,,,,,,,,,,,,,,,,,,,,,,,,,,,,,,,,,,,,,,,,
2016,Karnataka,29,Yadgir,635,Yadgiri,3,6,207,43,0,0,1,0,0,0,0,3,0,19,0,0,0,55,0,1,0,4,0,0,0,0,0,0,0,0,0,0,0,1,0,0,0,0,0,0,0,0,0,0,0,0,0,0,0,0,0,0,0,0,0,152,,,,,,,,,,,,,,,,,,,,,,,,,,,,,,,,,,,,,,,,,,,,,,,,,,,,,,,,,,,,,,
2016,Karnataka,29,Belagavi,527,Belagavi City,5,25,204,49,0,1,5,0,0,0,0,7,0,42,0,1,0,17,1,0,0,21,0,0,0,0,0,0,0,0,0,0,0,0,0,0,0,0,1,0,0,0,0,1,0,0,0,0,0,0,0,0,0,0,0,72,,,,,,,,,,,,,,,,,,,,,,,,,,,,,,,,,,,,,,,,,,,,,,,,,,,,,,,,,,,,,,
,,,,,,,,,,,,,,,,,,,,,,,,,,,,,,,,,,,,,,,,,,,,,,,,,,,,,,,,,,,,,,,,,,,,,,,,,,,,,,,,,,,,,,,,,,,,,,,,,,,,,,,,,,,,,,,,,,,,,,,,,,,
year,state_name,state_code,district_name,district_code,registration_circles,murder_with_rape,other_murder,abetment_suicide_of_child,attempt_to_commit_murder,infanticide,foeticide,exposure_and_abandonment,simple_hurt,grievous_hurt,missing_child_kidnapped,other_kidnp_abductn_sec_363,kidnp_abductn_purpose_begging,kidnp_abductn_order_to_murder,kidnp_for_ransom,kidnp_abductn_minor_girls,procuratn_minor_girls,import_girls_frm_frgn_cnt,other_kidnp_abductn,humn_traffick_children,sell_minors_prost_boys,sell_minors_prost_girls,buy_minors_prost_boys,buy_minors_prost_girls,rape,atmpt_to_commit_rape,assault_women_intnt_outrage_modsty,insult_to_modesty_women,other_ipc_crimes,sec_4_6_pocso_act_girls,sec_4_6_pocso_act_boys,sec_8_10_pocso_act_girls,sec_8_10_pocso_act_boys,sec_12_pocso_act_girls,sec_12_pocso_act_boys,sec_14_15_pocso_girls,sec_14_15_pocso_boys,sec_377_pocso_act_girls,sec_377_pocso_act_boys,sec_17_22_pocso_act_girls,sec_17_22_pocso_act_boys,offences_care_takers,other_offences_juveniles,procur_induc_children_sake_prost,detain_prsn_whr_prost_carried,other_immoral_traffic,child_labour,prohib_child_marriage,transplantn_human_organs,pub_trns_mat_depict_child_sexul_explicit,other_cyber_crimes_agnst_children,other_sll_crimes,,,,,,,,,,,,,,,,,,,,,,,,,,,,,,,,,,,,,,,,,,,,,,,,,,,,,,,,,,,,,,,,,,,
2022,Karnataka,29,Bagalkote,524,Bagalkot,0,1,0,0,0,0,5,0,0,32,1,0,0,0,0,1,0,0,0,0,0,0,0,0,0,0,0,0,34,1,0,0,0,1,1,0,0,0,7,0,0,0,0,0,0,0,36,0,3,0,0,,,,,,,,,,,,,,,,,,,,,,,,,,,,,,,,,,,,,,,,,,,,,,,,,,,,,,,,,,,,,,,,,,,
2022,Karnataka,29,Bengaluru Urban,525,Bengaluru City,0,9,3,3,0,0,17,5,3,865,15,1,0,3,0,1,0,1,0,0,0,0,0,0,0,0,0,57,371,0,87,0,4,0,4,0,1,0,1,0,3,34,0,0,0,9,11,0,67,1,2,,,,,,,,,,,,,,,,,,,,,,,,,,,,,,,,,,,,,,,,,,,,,,,,,,,,,,,,,,,,,,,,,,,
2022,Karnataka,29,Bengaluru Urban,525,Bengaluru District,0,4,0,0,0,0,2,0,0,241,0,0,0,0,0,0,0,0,0,0,0,0,0,0,0,0,0,1,53,0,43,0,7,0,0,0,0,0,0,0,0,2,0,0,0,2,5,0,16,0,0,,,,,,,,,,,,,,,,,,,,,,,,,,,,,,,,,,,,,,,,,,,,,,,,,,,,,,,,,,,,,,,,,,,
2022,Karnataka,29,Belagavi,527,Belagavi District,0,7,0,0,0,0,3,0,0,83,0,0,0,0,0,0,0,0,0,0,0,0,0,0,0,0,0,11,95,0,22,0,8,0,0,0,0,1,1,0,0,0,0,0,0,0,19,0,14,0,0,,,,,,,,,,,,,,,,,,,,,,,,,,,,,,,,,,,,,,,,,,,,,,,,,,,,,,,,,,,,,,,,,,,
2022,Karnataka,29,Ballari,528,Ballari,0,2,0,0,0,0,1,0,0,37,0,0,0,0,0,0,0,0,0,0,0,0,0,0,0,0,0,3,26,0,13,0,0,0,0,0,0,0,2,0,0,5,0,0,0,4,4,0,5,0,0,,,,,,,,,,,,,,,,,,,,,,,,,,,,,,,,,,,,,,,,,,,,,,,,,,,,,,,,,,,,,,,,,,,
2022,Karnataka,29,Bidar,529,Bidar,0,6,0,0,0,0,2,2,1,29,9,0,0,0,0,1,0,0,0,0,0,0,0,0,0,0,0,36,40,0,3,0,8,0,0,0,0,0,0,0,0,0,0,0,0,0,0,0,7,0,0,,,,,,,,,,,,,,,,,,,,,,,,,,,,,,,,,,,,,,,,,,,,,,,,,,,,,,,,,,,,,,,,,,,
2022,Karnataka,29,Vijayapura,530,Vijayapura,0,3,0,0,0,0,3,0,0,70,0,0,0,0,0,0,0,0,0,0,0,0,0,0,0,0,0,4,36,0,17,0,0,0,0,0,0,0,0,0,0,0,0,0,0,0,14,0,9,0,0,,,,,,,,,,,,,,,,,,,,,,,,,,,,,,,,,,,,,,,,,,,,,,,,,,,,,,,,,,,,,,,,,,,
2022,Karnataka,29,Chikkaballapura,630,Chikkaballapura,0,1,1,2,0,0,1,1,1,50,0,0,0,0,1,0,0,0,0,0,0,0,0,0,0,0,0,42,116,0,0,0,22,0,0,0,0,0,0,0,0,0,0,0,0,2,8,0,0,0,0,,,,,,,,,,,,,,,,,,,,,,,,,,,,,,,,,,,,,,,,,,,,,,,,,,,,,,,,,,,,,,,,,,,
2022,Karnataka,29,Chamarajanagara,531,Chamarajnagar,0,0,0,0,0,0,2,0,0,21,0,0,0,0,0,0,0,0,0,0,0,0,0,0,0,0,0,44,29,0,12,0,7,0,0,0,0,0,0,0,0,1,0,0,0,0,0,0,0,0,0,,,,,,,,,,,,,,,,,,,,,,,,,,,,,,,,,,,,,,,,,,,,,,,,,,,,,,,,,,,,,,,,,,,
2022,Karnataka,29,Chikkamagaluru,532,Chikkamagaluru,1,0,0,2,0,0,0,4,1,76,0,0,0,0,0,0,0,0,0,0,0,0,0,0,0,0,0,6,74,0,38,0,6,0,1,0,0,0,3,0,0,1,0,0,0,0,6,0,0,0,0,,,,,,,,,,,,,,,,,,,,,,,,,,,,,,,,,,,,,,,,,,,,,,,,,,,,,,,,,,,,,,,,,,,
2022,Karnataka,29,Chitradurga,533,Chitradurga,0,2,0,0,0,0,2,0,0,51,30,0,0,0,0,1,0,1,0,0,0,0,0,0,0,0,0,15,53,0,36,0,0,0,0,0,0,0,7,0,0,1,0,0,0,9,2,0,0,0,0,,,,,,,,,,,,,,,,,,,,,,,,,,,,,,,,,,,,,,,,,,,,,,,,,,,,,,,,,,,,,,,,,,,
2022,Karnataka,29,Dakshina Kannada,534,Dakshina Kannada,0,1,1,0,0,0,0,0,0,15,2,0,0,0,0,0,0,0,0,0,0,0,0,0,0,0,0,63,41,1,7,3,17,0,0,0,0,0,0,0,0,5,0,0,0,0,0,0,5,1,0,,,,,,,,,,,,,,,,,,,,,,,,,,,,,,,,,,,,,,,,,,,,,,,,,,,,,,,,,,,,,,,,,,,
2022,Karnataka,29,Davangere,535,Davanagere,0,1,0,0,0,0,5,0,0,103,14,0,0,1,0,0,0,1,3,0,0,0,0,0,0,0,0,3,63,0,23,0,8,0,0,0,0,0,0,0,0,0,0,0,0,4,6,0,3,0,1,,,,,,,,,,,,,,,,,,,,,,,,,,,,,,,,,,,,,,,,,,,,,,,,,,,,,,,,,,,,,,,,,,,
2022,Karnataka,29,Dharwad,536,Dharwad,0,0,0,0,0,0,4,0,0,18,0,0,0,0,0,0,0,0,0,0,0,0,0,0,0,0,0,16,20,0,6,0,7,0,0,0,0,0,0,0,0,0,0,0,0,0,6,0,1,0,1,,,,,,,,,,,,,,,,,,,,,,,,,,,,,,,,,,,,,,,,,,,,,,,,,,,,,,,,,,,,,,,,,,,
2022,Karnataka,29,Gadag,537,Gadag,0,1,0,0,0,0,2,0,0,9,12,0,0,0,0,0,0,0,0,0,0,0,0,0,0,0,0,5,31,1,1,0,2,0,0,0,0,0,0,0,0,0,0,0,0,0,5,0,3,0,0,,,,,,,,,,,,,,,,,,,,,,,,,,,,,,,,,,,,,,,,,,,,,,,,,,,,,,,,,,,,,,,,,,,
2022,Karnataka,29,Kalaburagi,538,Kalaburgi,1,4,2,1,0,0,3,0,0,15,16,0,0,0,0,2,0,0,0,0,0,0,0,0,0,1,0,21,47,0,4,0,4,0,0,0,0,0,0,0,0,1,0,0,0,2,4,0,6,0,0,,,,,,,,,,,,,,,,,,,,,,,,,,,,,,,,,,,,,,,,,,,,,,,,,,,,,,,,,,,,,,,,,,,
2022,Karnataka,29,Hassan,539,Hassan,0,0,0,0,0,0,0,0,0,67,0,0,0,0,0,1,0,0,1,0,0,0,0,0,0,0,0,15,109,0,43,0,0,0,0,0,0,0,0,0,1,0,0,0,0,0,13,0,4,0,3,,,,,,,,,,,,,,,,,,,,,,,,,,,,,,,,,,,,,,,,,,,,,,,,,,,,,,,,,,,,,,,,,,,
2022,Karnataka,29,Haveri,540,Haveri,0,0,0,0,0,0,1,0,0,63,0,0,0,0,0,0,0,0,0,0,0,0,0,0,0,0,0,1,63,0,10,0,4,0,1,0,0,0,0,0,0,2,0,0,0,0,1,0,0,0,0,,,,,,,,,,,,,,,,,,,,,,,,,,,,,,,,,,,,,,,,,,,,,,,,,,,,,,,,,,,,,,,,,,,
2022,Karnataka,29,Dharwad,536,Hubballi Dharwad City,0,0,0,0,0,0,4,0,0,28,0,0,0,0,0,2,0,0,0,0,0,0,0,0,0,0,0,0,23,0,13,0,3,0,0,0,0,0,0,0,0,0,0,0,0,1,2,0,10,0,0,,,,,,,,,,,,,,,,,,,,,,,,,,,,,,,,,,,,,,,,,,,,,,,,,,,,,,,,,,,,,,,,,,,
2022,Karnataka,29,Belagavi,527,K.G.F.,0,1,0,0,0,1,0,0,0,17,0,0,0,0,0,0,0,0,0,0,0,0,0,0,0,0,0,0,26,0,3,0,1,0,0,0,0,0,0,0,0,0,0,0,0,2,1,0,3,1,0,,,,,,,,,,,,,,,,,,,,,,,,,,,,,,,,,,,,,,,,,,,,,,,,,,,,,,,,,,,,,,,,,,,
2022,Karnataka,29,Kodagu,541,Kodagu,0,0,0,1,0,0,2,6,0,29,4,0,0,0,0,0,0,0,0,0,0,0,0,0,0,0,0,18,57,0,5,0,4,0,0,0,0,0,0,0,0,0,0,0,0,0,2,0,1,0,0,,,,,,,,,,,,,,,,,,,,,,,,,,,,,,,,,,,,,,,,,,,,,,,,,,,,,,,,,,,,,,,,,,,
2022,Karnataka,29,Kolar,542,Kolar,0,3,0,0,0,0,2,0,0,62,0,0,0,0,0,0,0,0,0,0,0,0,0,0,0,0,0,6,60,0,5,0,4,0,0,0,0,0,0,0,0,0,0,0,0,0,5,0,3,0,2,,,,,,,,,,,,,,,,,,,,,,,,,,,,,,,,,,,,,,,,,,,,,,,,,,,,,,,,,,,,,,,,,,,
2022,Karnataka,29,Koppal,543,Koppal,0,1,0,0,0,0,4,0,0,40,0,0,0,0,0,0,0,0,0,0,0,0,0,0,0,0,0,28,65,0,6,0,0,0,0,0,0,0,0,0,0,0,0,0,0,0,4,0,4,0,0,,,,,,,,,,,,,,,,,,,,,,,,,,,,,,,,,,,,,,,,,,,,,,,,,,,,,,,,,,,,,,,,,,,
2022,Karnataka,29,Mandya,544,Mandya,1,4,0,0,0,0,4,0,0,102,12,0,0,0,0,0,0,0,0,0,0,0,0,0,0,0,0,41,67,0,30,0,1,0,0,0,0,0,1,0,0,1,0,0,0,1,10,0,0,0,0,,,,,,,,,,,,,,,,,,,,,,,,,,,,,,,,,,,,,,,,,,,,,,,,,,,,,,,,,,,,,,,,,,,
2022,Karnataka,29,Dakshina Kannada,534,Mangaluru City,0,1,0,0,0,0,1,0,0,29,0,0,0,1,0,0,0,0,0,0,0,0,0,0,0,0,0,36,41,0,23,0,3,0,0,0,0,0,0,0,1,1,0,0,0,0,0,0,10,1,0,,,,,,,,,,,,,,,,,,,,,,,,,,,,,,,,,,,,,,,,,,,,,,,,,,,,,,,,,,,,,,,,,,,
2022,Karnataka,29,Mysuru,545,Mysuru City,0,1,0,0,0,0,5,1,0,61,0,0,0,0,1,0,0,0,0,0,0,0,0,0,0,0,0,0,34,0,20,1,0,0,0,0,0,0,0,0,0,0,0,0,0,4,3,0,5,0,0,,,,,,,,,,,,,,,,,,,,,,,,,,,,,,,,,,,,,,,,,,,,,,,,,,,,,,,,,,,,,,,,,,,
2022,Karnataka,29,Mysuru,545,Mysuru District,0,4,0,0,1,0,1,0,0,56,25,0,0,0,0,1,0,0,0,0,0,0,0,0,0,0,0,64,79,0,14,0,42,0,0,0,0,0,0,0,0,1,0,0,0,2,9,0,7,0,0,,,,,,,,,,,,,,,,,,,,,,,,,,,,,,,,,,,,,,,,,,,,,,,,,,,,,,,,,,,,,,,,,,,
2022,Karnataka,29,Raichur,546,Raichur,0,3,0,0,0,0,1,0,0,25,0,0,0,0,0,0,0,9,0,0,0,0,0,0,0,0,0,36,45,0,0,0,7,0,0,0,0,0,0,0,0,2,0,0,0,6,1,0,6,0,0,,,,,,,,,,,,,,,,,,,,,,,,,,,,,,,,,,,,,,,,,,,,,,,,,,,,,,,,,,,,,,,,,,,
2022,Karnataka,29,Bengaluru Urban,525,K.Railways,0,0,0,0,0,0,2,0,0,7,0,0,0,0,0,0,0,0,0,0,0,0,0,0,0,0,0,0,2,0,0,0,0,0,0,0,0,0,0,0,0,0,0,0,0,1,0,0,0,0,0,,,,,,,,,,,,,,,,,,,,,,,,,,,,,,,,,,,,,,,,,,,,,,,,,,,,,,,,,,,,,,,,,,,
2022,Karnataka,29,Ramanagara,631,Ramanagara,0,2,0,0,0,0,0,0,0,117,0,0,0,0,0,1,0,0,1,0,0,0,0,0,0,0,0,0,69,0,23,0,0,0,0,0,0,0,0,0,0,1,0,0,0,5,14,0,5,0,1,,,,,,,,,,,,,,,,,,,,,,,,,,,,,,,,,,,,,,,,,,,,,,,,,,,,,,,,,,,,,,,,,,,
2022,Karnataka,29,Shivamogga,547,Shimoga,0,2,3,0,0,0,2,0,0,120,1,0,0,1,0,0,0,0,0,0,0,0,0,0,0,0,0,27,146,0,18,0,11,0,4,0,0,0,3,0,0,3,0,0,0,5,3,0,5,0,1,,,,,,,,,,,,,,,,,,,,,,,,,,,,,,,,,,,,,,,,,,,,,,,,,,,,,,,,,,,,,,,,,,,
2022,Karnataka,29,Tumakuru,548,Tumakuru,0,6,0,10,0,0,3,36,0,116,12,0,0,0,0,0,0,0,0,0,0,0,0,0,0,0,0,164,69,1,10,0,20,0,1,0,0,1,1,0,0,4,0,0,0,2,8,0,9,0,0,,,,,,,,,,,,,,,,,,,,,,,,,,,,,,,,,,,,,,,,,,,,,,,,,,,,,,,,,,,,,,,,,,,
2022,Karnataka,29,Udupi,549,Udupi,0,1,0,0,0,1,0,0,2,23,1,0,0,0,0,0,0,0,0,0,0,0,0,0,0,0,0,1,46,1,19,1,1,0,0,0,0,0,0,0,1,2,0,0,0,0,0,0,10,0,0,,,,,,,,,,,,,,,,,,,,,,,,,,,,,,,,,,,,,,,,,,,,,,,,,,,,,,,,,,,,,,,,,,,
2022,Karnataka,29,Uttara Kannada,550,Uttara Kannada,0,3,0,0,0,0,3,0,1,36,6,0,0,1,0,0,0,0,0,0,0,0,0,0,0,0,0,84,46,0,13,0,4,0,0,0,0,0,1,0,0,3,0,0,0,0,1,0,2,0,2,,,,,,,,,,,,,,,,,,,,,,,,,,,,,,,,,,,,,,,,,,,,,,,,,,,,,,,,,,,,,,,,,,,
2022,Karnataka,29,Yadgir,635,Yadgiri,0,1,0,0,0,0,1,0,0,20,0,0,0,0,1,1,0,0,0,0,0,0,0,0,0,0,0,9,33,0,8,0,2,0,0,0,0,0,3,0,0,0,0,0,0,1,3,0,2,0,0,,,,,,,,,,,,,,,,,,,,,,,,,,,,,,,,,,,,,,,,,,,,,,,,,,,,,,,,,,,,,,,,,,,
2022,Karnataka,29,Belagavi,527,Belagavi City,0,4,1,3,0,0,0,3,1,26,8,0,0,0,0,0,0,0,0,0,0,0,0,0,0,0,0,34,23,0,3,0,2,0,0,0,0,0,0,0,0,0,0,0,0,0,0,0,6,0,0,,,,,,,,,,,,,,,,,,,,,,,,,,,,,,,,,,,,,,,,,,,,,,,,,,,,,,,,,,,,,,,,,,,
2022,Karnataka,29,Kalaburagi,538,Kalaburgi City,1,1,0,0,0,0,6,0,0,43,1,0,0,0,1,0,0,0,0,0,0,0,0,0,0,0,0,8,14,0,0,0,3,0,0,0,0,1,0,0,0,0,0,0,0,0,4,0,4,0,0,,,,,,,,,,,,,,,,,,,,,,,,,,,,,,,,,,,,,,,,,,,,,,,,,,,,,,,,,,,,,,,,,,,
2022,Karnataka,29,Vijayanagar,738,Vijayanagara,0,0,2,0,0,0,2,0,0,5,19,0,0,1,2,0,0,1,0,0,0,0,0,0,0,0,0,1,48,0,12,0,2,0,0,0,0,0,0,0,0,1,0,0,0,0,5,0,0,0,0,,,,,,,,,,,,,,,,,,,,,,,,,,,,,,,,,,,,,,,,,,,,,,,,,,,,,,,,,,,,,,,,,,,
,,,,,,,,,,,,,,,,,,,,,,,,,,,,,,,,,,,,,,,,,,,,,,,,,,,,,,,,,,,,,,,,,,,,,,,,,,,,,,,,,,,,,,,,,,,,,,,,,,,,,,,,,,,,,,,,,,,,,,,,,,,
2017,Karnataka,29,Bagalkote,524,Bagalkot,1,3,0,0,0,0,4,0,0,9,0,0,0,0,0,1,0,0,0,0,0,0,0,0,0,0,0,4,21,0,4,0,8,1,0,0,1,0,0,0,0,0,0,0,0,0,0,0,0,0,1,,,,,,,,,,,,,,,,,,,,,,,,,,,,,,,,,,,,,,,,,,,,,,,,,,,,,,,,,,,,,,,,,,,
2017,Karnataka,29,Bengaluru Urban,525,Bengaluru City,2,13,3,1,0,0,33,1,1,894,27,0,0,3,3,14,0,1,1,0,0,0,0,0,0,1,0,119,276,1,83,2,33,1,1,1,4,1,6,0,4,25,0,0,0,19,4,0,0,0,4,,,,,,,,,,,,,,,,,,,,,,,,,,,,,,,,,,,,,,,,,,,,,,,,,,,,,,,,,,,,,,,,,,,
2017,Karnataka,29,Bengaluru Urban,525,Bengaluru District,0,2,1,1,0,0,5,0,0,0,0,0,0,0,0,10,0,0,0,0,0,0,0,0,0,0,0,2,42,0,10,0,6,0,0,0,0,0,0,0,1,0,0,0,0,3,1,0,0,0,2,,,,,,,,,,,,,,,,,,,,,,,,,,,,,,,,,,,,,,,,,,,,,,,,,,,,,,,,,,,,,,,,,,,
2017,Karnataka,29,Belagavi,527,Belagavi District,1,8,0,2,0,0,5,3,1,13,29,0,0,0,0,10,0,0,0,0,0,0,0,0,0,0,0,39,45,0,10,0,3,0,0,0,0,1,1,0,0,0,0,0,0,1,1,0,0,0,0,,,,,,,,,,,,,,,,,,,,,,,,,,,,,,,,,,,,,,,,,,,,,,,,,,,,,,,,,,,,,,,,,,,
2017,Karnataka,29,Ballari,528,Ballari,0,3,0,1,0,0,9,1,0,28,28,26,0,0,0,0,0,0,0,0,0,0,0,0,0,2,0,11,36,1,5,0,1,0,2,0,0,0,0,0,0,0,0,0,0,1,1,0,0,0,0,,,,,,,,,,,,,,,,,,,,,,,,,,,,,,,,,,,,,,,,,,,,,,,,,,,,,,,,,,,,,,,,,,,
2017,Karnataka,29,Bidar,529,Bidar,0,2,0,2,0,0,5,0,0,6,3,0,0,0,1,7,0,0,0,0,0,0,0,0,0,0,0,24,18,0,6,0,10,0,1,0,0,0,0,0,0,0,0,0,0,2,0,0,0,0,0,,,,,,,,,,,,,,,,,,,,,,,,,,,,,,,,,,,,,,,,,,,,,,,,,,,,,,,,,,,,,,,,,,,
2017,Karnataka,29,Vijayapura,530,Vijayapura,0,10,0,0,0,2,6,0,0,27,0,0,0,0,0,0,0,0,0,0,0,0,0,0,0,0,0,0,34,0,0,0,0,0,9,0,0,0,0,0,0,0,0,0,0,1,4,0,0,0,0,,,,,,,,,,,,,,,,,,,,,,,,,,,,,,,,,,,,,,,,,,,,,,,,,,,,,,,,,,,,,,,,,,,
2017,Karnataka,29,Chikkaballapura,630,Chikkaballapura,1,2,1,0,0,0,11,0,0,47,0,0,0,0,0,0,0,0,0,0,0,0,0,0,0,0,0,12,60,0,13,0,0,0,0,0,0,0,0,0,0,0,0,0,0,0,4,0,0,0,0,,,,,,,,,,,,,,,,,,,,,,,,,,,,,,,,,,,,,,,,,,,,,,,,,,,,,,,,,,,,,,,,,,,
2017,Karnataka,29,Chamarajanagara,531,Chamarajnagar,0,0,0,0,3,0,0,0,0,23,0,0,0,0,0,0,0,0,0,0,0,0,0,0,0,0,0,2,14,0,0,0,0,0,12,0,0,0,0,0,0,0,0,0,0,3,6,0,0,0,0,,,,,,,,,,,,,,,,,,,,,,,,,,,,,,,,,,,,,,,,,,,,,,,,,,,,,,,,,,,,,,,,,,,
2017,Karnataka,29,Chikkamagaluru,532,Chikkamagaluru,0,3,0,0,0,0,12,1,0,8,26,0,0,1,0,4,0,1,0,0,0,0,0,0,0,0,0,27,32,0,12,0,3,0,0,0,0,0,4,0,0,0,0,0,0,1,1,0,0,0,0,,,,,,,,,,,,,,,,,,,,,,,,,,,,,,,,,,,,,,,,,,,,,,,,,,,,,,,,,,,,,,,,,,,
2017,Karnataka,29,Chitradurga,533,Chitradurga,0,1,0,2,0,0,0,6,0,0,70,0,0,0,0,14,0,0,0,0,0,0,0,0,0,0,0,128,18,0,6,0,0,0,3,0,0,0,0,0,0,0,0,0,0,0,0,0,0,0,0,,,,,,,,,,,,,,,,,,,,,,,,,,,,,,,,,,,,,,,,,,,,,,,,,,,,,,,,,,,,,,,,,,,
2017,Karnataka,29,Dakshina Kannada,534,Dakshina Kannada,0,0,0,0,0,0,5,0,0,19,1,0,0,0,0,0,0,0,0,0,0,0,0,0,0,0,0,104,24,0,12,1,14,2,0,0,0,0,1,0,0,4,0,0,0,0,2,0,0,0,0,,,,,,,,,,,,,,,,,,,,,,,,,,,,,,,,,,,,,,,,,,,,,,,,,,,,,,,,,,,,,,,,,,,
2017,Karnataka,29,Davangere,535,Davanagere,0,5,0,0,0,0,14,0,0,63,8,0,0,0,0,0,0,4,0,0,0,0,0,0,0,0,0,14,41,0,5,0,5,0,0,0,0,0,0,0,0,0,0,0,0,5,3,0,0,0,0,,,,,,,,,,,,,,,,,,,,,,,,,,,,,,,,,,,,,,,,,,,,,,,,,,,,,,,,,,,,,,,,,,,
2017,Karnataka,29,Dharwad,536,Dharwad,0,0,0,0,0,0,0,0,0,5,7,0,0,0,0,0,0,0,0,0,0,0,0,0,0,0,0,3,22,0,5,0,0,0,0,0,0,0,0,0,0,0,0,0,0,0,0,0,0,0,0,,,,,,,,,,,,,,,,,,,,,,,,,,,,,,,,,,,,,,,,,,,,,,,,,,,,,,,,,,,,,,,,,,,
2017,Karnataka,29,Gadag,537,Gadag,0,0,0,0,0,0,3,0,0,0,18,0,0,0,0,0,0,0,0,0,0,0,0,0,0,0,0,1,16,0,0,0,0,0,0,0,0,0,0,0,0,1,0,0,0,0,1,0,0,0,0,,,,,,,,,,,,,,,,,,,,,,,,,,,,,,,,,,,,,,,,,,,,,,,,,,,,,,,,,,,,,,,,,,,
2017,Karnataka,29,Kalaburagi,538,Kalaburgi,1,3,0,0,1,0,4,2,0,32,19,0,0,0,0,4,0,0,0,0,0,0,0,0,0,0,1,52,51,0,7,0,5,0,0,0,0,0,2,0,0,1,0,0,0,0,5,0,0,0,0,,,,,,,,,,,,,,,,,,,,,,,,,,,,,,,,,,,,,,,,,,,,,,,,,,,,,,,,,,,,,,,,,,,
2017,Karnataka,29,Hassan,539,Hassan,0,0,0,0,0,0,6,0,0,51,8,0,0,0,0,0,0,0,1,0,0,0,0,0,0,0,0,64,31,0,26,0,0,0,0,0,0,0,0,0,0,0,0,0,0,0,0,0,0,0,0,,,,,,,,,,,,,,,,,,,,,,,,,,,,,,,,,,,,,,,,,,,,,,,,,,,,,,,,,,,,,,,,,,,
2017,Karnataka,29,Haveri,540,Haveri,0,1,0,0,0,0,6,0,0,6,11,0,0,0,0,0,0,0,0,0,0,0,0,0,0,0,0,52,37,0,0,0,21,1,0,0,0,0,0,0,0,0,0,0,0,0,0,0,0,0,0,,,,,,,,,,,,,,,,,,,,,,,,,,,,,,,,,,,,,,,,,,,,,,,,,,,,,,,,,,,,,,,,,,,
2017,Karnataka,29,Dharwad,536,Hubballi Dharwad City,0,2,0,0,0,2,4,0,1,36,5,0,0,0,0,0,0,0,0,0,0,0,0,0,0,0,0,0,11,0,10,0,1,0,2,0,0,0,1,0,1,0,0,0,0,0,2,0,0,0,0,,,,,,,,,,,,,,,,,,,,,,,,,,,,,,,,,,,,,,,,,,,,,,,,,,,,,,,,,,,,,,,,,,,
2017,Karnataka,29,Belagavi,527,K.G.F.,0,1,0,0,0,0,2,0,1,15,1,0,0,0,0,0,0,0,0,0,0,0,0,0,0,0,0,15,13,0,0,0,1,0,0,0,0,0,0,0,0,0,0,0,0,1,0,0,0,0,0,,,,,,,,,,,,,,,,,,,,,,,,,,,,,,,,,,,,,,,,,,,,,,,,,,,,,,,,,,,,,,,,,,,
2017,Karnataka,29,Kodagu,541,Kodagu,0,0,0,0,0,0,1,0,0,14,0,0,0,3,2,2,0,0,0,0,0,0,0,0,0,0,0,1,33,0,6,0,0,0,8,0,0,0,0,0,0,0,0,0,0,0,0,0,0,0,0,,,,,,,,,,,,,,,,,,,,,,,,,,,,,,,,,,,,,,,,,,,,,,,,,,,,,,,,,,,,,,,,,,,
2017,Karnataka,29,Kolar,542,Kolar,0,0,0,0,0,1,5,0,0,37,0,0,0,0,0,3,0,0,0,0,0,0,0,0,0,0,0,57,21,0,2,0,4,0,0,0,0,0,0,0,0,0,0,0,4,1,0,0,0,0,0,,,,,,,,,,,,,,,,,,,,,,,,,,,,,,,,,,,,,,,,,,,,,,,,,,,,,,,,,,,,,,,,,,,
2017,Karnataka,29,Koppal,543,Koppal,0,2,0,0,0,0,2,0,0,44,0,0,0,0,0,0,0,0,0,0,0,0,0,0,0,0,0,2,27,0,5,0,5,0,0,0,0,0,0,0,0,0,0,0,0,1,2,0,0,0,0,,,,,,,,,,,,,,,,,,,,,,,,,,,,,,,,,,,,,,,,,,,,,,,,,,,,,,,,,,,,,,,,,,,
2017,Karnataka,29,Mandya,544,Mandya,0,2,0,0,0,0,0,0,0,61,0,0,0,0,0,0,0,0,0,0,0,0,0,0,0,0,0,23,42,0,8,0,29,0,0,0,0,0,0,0,0,1,0,0,0,3,4,0,0,0,0,,,,,,,,,,,,,,,,,,,,,,,,,,,,,,,,,,,,,,,,,,,,,,,,,,,,,,,,,,,,,,,,,,,
2017,Karnataka,29,Dakshina Kannada,534,Mangaluru City,0,0,0,0,0,0,7,0,0,27,14,0,0,0,0,0,0,0,0,0,0,0,0,0,0,0,0,36,29,1,17,0,5,0,0,0,0,1,0,0,0,1,0,0,0,2,2,0,0,0,0,,,,,,,,,,,,,,,,,,,,,,,,,,,,,,,,,,,,,,,,,,,,,,,,,,,,,,,,,,,,,,,,,,,
2017,Karnataka,29,Mysuru,545,Mysuru City,0,1,0,0,0,0,0,0,0,92,0,0,0,0,1,0,0,0,1,0,0,0,0,0,0,0,0,10,29,0,10,0,0,0,0,0,0,0,0,0,1,0,0,0,0,4,2,0,0,0,0,,,,,,,,,,,,,,,,,,,,,,,,,,,,,,,,,,,,,,,,,,,,,,,,,,,,,,,,,,,,,,,,,,,
2017,Karnataka,29,Mysuru,545,Mysuru District,0,4,0,0,0,0,1,0,0,57,5,0,0,0,1,0,0,4,0,0,0,0,0,0,0,0,0,121,50,0,31,0,0,0,0,0,0,0,0,0,0,1,0,0,0,1,9,0,0,0,0,,,,,,,,,,,,,,,,,,,,,,,,,,,,,,,,,,,,,,,,,,,,,,,,,,,,,,,,,,,,,,,,,,,
2017,Karnataka,29,Raichur,546,Raichur,0,3,0,0,0,0,1,0,0,15,0,0,0,0,0,0,0,0,4,0,0,0,0,0,0,0,0,18,33,0,8,0,8,0,0,0,0,0,0,0,0,0,0,0,0,1,1,0,0,0,0,,,,,,,,,,,,,,,,,,,,,,,,,,,,,,,,,,,,,,,,,,,,,,,,,,,,,,,,,,,,,,,,,,,
2017,Karnataka,29,Bengaluru Urban,525,K.Railways,0,0,0,0,0,0,11,0,0,7,0,0,0,0,0,0,0,0,0,0,0,0,0,0,0,0,0,2,3,0,0,0,0,0,0,0,0,0,0,0,0,0,0,0,0,0,0,0,0,0,0,,,,,,,,,,,,,,,,,,,,,,,,,,,,,,,,,,,,,,,,,,,,,,,,,,,,,,,,,,,,,,,,,,,
2017,Karnataka,29,Ramanagara,631,Ramanagara,0,4,0,0,1,0,0,0,0,76,0,0,0,0,0,0,0,0,0,0,0,0,0,0,0,0,0,2,21,0,12,0,0,0,8,0,0,0,0,0,0,0,0,0,0,0,0,0,0,0,0,,,,,,,,,,,,,,,,,,,,,,,,,,,,,,,,,,,,,,,,,,,,,,,,,,,,,,,,,,,,,,,,,,,
2017,Karnataka,29,Shivamogga,547,Shimoga,0,6,0,0,1,0,6,0,0,91,0,0,0,0,0,0,0,0,1,0,0,0,0,0,0,0,0,5,56,0,13,0,9,0,0,0,0,0,5,0,1,0,0,0,0,12,4,0,0,0,0,,,,,,,,,,,,,,,,,,,,,,,,,,,,,,,,,,,,,,,,,,,,,,,,,,,,,,,,,,,,,,,,,,,
2017,Karnataka,29,Tumakuru,548,Tumakuru,0,2,0,3,0,0,6,4,0,0,40,0,0,2,0,21,0,0,0,0,0,0,0,0,0,0,0,32,41,0,18,0,12,0,0,0,0,0,0,0,0,2,0,0,0,4,4,0,0,0,0,,,,,,,,,,,,,,,,,,,,,,,,,,,,,,,,,,,,,,,,,,,,,,,,,,,,,,,,,,,,,,,,,,,
2017,Karnataka,29,Udupi,549,Udupi,0,2,0,0,0,0,0,0,0,19,3,6,0,0,0,0,0,4,0,0,0,0,0,1,0,0,0,5,26,0,4,0,8,0,0,0,0,0,0,0,1,0,0,0,0,0,0,0,0,0,0,,,,,,,,,,,,,,,,,,,,,,,,,,,,,,,,,,,,,,,,,,,,,,,,,,,,,,,,,,,,,,,,,,,
2017,Karnataka,29,Uttara Kannada,550,Uttara Kannada,0,0,0,0,0,0,0,0,0,30,0,0,0,0,0,0,0,0,0,0,0,0,0,0,0,0,0,10,20,0,12,0,4,0,0,0,0,0,1,0,0,0,0,0,0,0,1,0,0,0,0,,,,,,,,,,,,,,,,,,,,,,,,,,,,,,,,,,,,,,,,,,,,,,,,,,,,,,,,,,,,,,,,,,,
2017,Karnataka,29,Yadgir,635,Yadgiri,0,2,0,1,0,0,1,0,0,6,1,0,0,0,2,6,0,0,0,0,0,0,0,0,0,0,0,19,15,0,2,0,1,0,0,0,0,0,0,0,0,0,0,0,0,2,0,0,0,0,0,,,,,,,,,,,,,,,,,,,,,,,,,,,,,,,,,,,,,,,,,,,,,,,,,,,,,,,,,,,,,,,,,,,
2017,Karnataka,29,Belagavi,527,Belagavi City,0,2,0,3,0,0,2,2,1,18,3,0,0,0,2,8,0,0,0,0,0,0,0,0,0,0,0,9,17,0,2,0,4,0,0,0,0,0,0,0,0,0,0,0,0,4,1,0,0,0,0,,,,,,,,,,,,,,,,,,,,,,,,,,,,,,,,,,,,,,,,,,,,,,,,,,,,,,,,,,,,,,,,,,,
,,,,,,,,,,,,,,,,,,,,,,,,,,,,,,,,,,,,,,,,,,,,,,,,,,,,,,,,,,,,,,,,,,,,,,,,,,,,,,,,,,,,,,,,,,,,,,,,,,,,,,,,,,,,,,,,,,,,,,,,,,,
2018,Karnataka,29,Bagalkote,524,Bagalkot,0,1,0,0,0,0,0,0,0,13,5,0,0,0,0,0,0,0,0,0,0,0,0,0,0,0,0,0,21,0,3,0,9,0,0,0,0,0,4,0,0,0,0,0,0,0,1,0,0,0,0,,,,,,,,,,,,,,,,,,,,,,,,,,,,,,,,,,,,,,,,,,,,,,,,,,,,,,,,,,,,,,,,,,,
2018,Karnataka,29,Bengaluru Urban,525,Bengaluru City,1,15,2,2,1,0,22,5,1,949,9,0,0,3,0,23,0,0,0,0,0,0,0,0,0,0,0,318,293,2,64,10,31,1,1,0,0,3,1,0,2,15,0,0,0,15,4,0,0,22,0,,,,,,,,,,,,,,,,,,,,,,,,,,,,,,,,,,,,,,,,,,,,,,,,,,,,,,,,,,,,,,,,,,,
2018,Karnataka,29,Bengaluru Urban,525,Bengaluru District,0,6,0,0,0,0,2,12,0,27,18,0,0,14,0,0,0,0,0,0,0,0,0,0,0,0,0,0,39,0,7,0,4,0,0,0,0,0,2,0,0,3,0,0,0,1,3,0,1,0,0,,,,,,,,,,,,,,,,,,,,,,,,,,,,,,,,,,,,,,,,,,,,,,,,,,,,,,,,,,,,,,,,,,,
2018,Karnataka,29,Belagavi,527,Belagavi District,0,2,0,0,0,0,4,4,2,16,29,0,0,0,3,1,0,2,0,0,0,0,0,0,0,0,0,42,71,1,12,0,4,0,1,0,0,1,0,0,0,0,0,0,0,1,1,0,0,0,0,,,,,,,,,,,,,,,,,,,,,,,,,,,,,,,,,,,,,,,,,,,,,,,,,,,,,,,,,,,,,,,,,,,
2018,Karnataka,29,Ballari,528,Ballari,0,0,0,0,0,0,0,0,0,57,13,0,0,0,2,0,0,0,0,0,0,0,0,0,0,0,0,29,28,0,12,0,2,0,0,0,0,0,0,0,0,0,0,0,0,6,1,0,0,0,0,,,,,,,,,,,,,,,,,,,,,,,,,,,,,,,,,,,,,,,,,,,,,,,,,,,,,,,,,,,,,,,,,,,
2018,Karnataka,29,Bidar,529,Bidar,0,0,0,0,0,0,2,1,0,4,22,1,0,1,1,9,0,0,0,0,0,0,0,0,0,0,1,79,25,0,2,0,7,0,0,0,0,0,2,0,0,0,0,0,0,5,1,0,0,0,0,,,,,,,,,,,,,,,,,,,,,,,,,,,,,,,,,,,,,,,,,,,,,,,,,,,,,,,,,,,,,,,,,,,
2018,Karnataka,29,Vijayapura,530,Vijayapura,2,1,0,0,0,0,2,0,0,35,0,0,0,0,0,0,0,0,0,0,0,0,0,0,0,0,0,3,30,0,0,0,12,0,0,0,0,0,6,0,0,1,0,0,0,0,4,0,0,0,0,,,,,,,,,,,,,,,,,,,,,,,,,,,,,,,,,,,,,,,,,,,,,,,,,,,,,,,,,,,,,,,,,,,
2018,Karnataka,29,Chikkaballapura,630,Chikkaballapura,0,4,1,0,0,0,5,1,2,39,1,0,0,0,0,0,0,0,0,0,0,0,0,0,0,0,0,57,68,1,0,0,15,0,0,0,0,0,0,0,2,0,0,0,0,0,4,0,0,0,0,,,,,,,,,,,,,,,,,,,,,,,,,,,,,,,,,,,,,,,,,,,,,,,,,,,,,,,,,,,,,,,,,,,
2018,Karnataka,29,Chamarajanagara,531,Chamarajnagar,0,2,0,0,0,0,1,0,0,28,2,0,0,0,0,0,0,0,0,0,0,0,0,0,0,0,0,22,19,0,0,0,0,0,0,0,0,0,9,0,0,0,0,0,0,3,1,0,0,0,0,,,,,,,,,,,,,,,,,,,,,,,,,,,,,,,,,,,,,,,,,,,,,,,,,,,,,,,,,,,,,,,,,,,
2018,Karnataka,29,Chikkamagaluru,532,Chikkamagaluru,1,3,0,1,0,0,1,0,0,51,2,0,0,0,0,0,0,0,0,0,0,0,0,0,0,0,0,30,47,0,18,0,3,0,1,0,0,0,0,0,0,1,0,0,0,0,2,0,1,0,0,,,,,,,,,,,,,,,,,,,,,,,,,,,,,,,,,,,,,,,,,,,,,,,,,,,,,,,,,,,,,,,,,,,
2018,Karnataka,29,Chitradurga,533,Chitradurga,0,0,0,0,0,0,6,0,0,18,25,0,0,0,0,2,0,0,0,0,0,0,0,0,0,0,0,1,22,0,6,0,1,0,0,0,0,0,0,0,0,0,0,0,0,2,2,0,0,0,0,,,,,,,,,,,,,,,,,,,,,,,,,,,,,,,,,,,,,,,,,,,,,,,,,,,,,,,,,,,,,,,,,,,
2018,Karnataka,29,Dakshina Kannada,534,Dakshina Kannada,0,2,0,0,0,0,0,0,0,22,1,0,0,0,0,0,0,0,0,0,0,0,0,2,0,0,0,86,29,1,18,2,0,0,0,0,0,0,0,0,0,5,0,0,0,0,1,0,0,0,0,,,,,,,,,,,,,,,,,,,,,,,,,,,,,,,,,,,,,,,,,,,,,,,,,,,,,,,,,,,,,,,,,,,
2018,Karnataka,29,Davangere,535,Davanagere,1,2,0,0,0,0,4,0,0,70,0,0,0,0,2,3,0,3,0,0,0,0,0,0,0,0,0,10,43,1,8,0,3,0,3,0,0,0,0,0,0,0,0,0,0,2,2,0,0,0,2,,,,,,,,,,,,,,,,,,,,,,,,,,,,,,,,,,,,,,,,,,,,,,,,,,,,,,,,,,,,,,,,,,,
2018,Karnataka,29,Dharwad,536,Dharwad,0,0,0,0,0,0,2,0,0,1,6,0,0,0,0,0,0,0,0,0,0,0,0,0,0,0,0,3,19,0,0,0,0,0,0,0,0,0,0,0,0,0,0,0,0,0,0,0,0,0,0,,,,,,,,,,,,,,,,,,,,,,,,,,,,,,,,,,,,,,,,,,,,,,,,,,,,,,,,,,,,,,,,,,,
2018,Karnataka,29,Gadag,537,Gadag,0,0,0,0,0,0,2,0,0,0,0,0,0,0,0,0,0,0,0,0,0,0,0,0,0,0,0,0,20,0,1,0,1,0,0,0,0,0,0,0,0,0,0,0,0,0,0,0,0,0,0,,,,,,,,,,,,,,,,,,,,,,,,,,,,,,,,,,,,,,,,,,,,,,,,,,,,,,,,,,,,,,,,,,,
2018,Karnataka,29,Kalaburagi,538,Kalaburgi,0,5,0,1,0,0,0,0,0,6,8,0,0,0,9,2,0,1,0,0,1,0,0,0,0,0,0,79,42,0,3,0,5,0,3,1,0,0,2,0,1,0,0,0,0,0,0,0,0,0,0,,,,,,,,,,,,,,,,,,,,,,,,,,,,,,,,,,,,,,,,,,,,,,,,,,,,,,,,,,,,,,,,,,,
2018,Karnataka,29,Hassan,539,Hassan,0,0,0,0,0,0,8,0,0,68,0,0,0,0,1,0,0,0,0,0,0,0,0,0,0,0,0,3,58,0,20,0,0,0,0,0,0,0,0,0,0,0,0,0,0,0,6,0,0,0,0,,,,,,,,,,,,,,,,,,,,,,,,,,,,,,,,,,,,,,,,,,,,,,,,,,,,,,,,,,,,,,,,,,,
2018,Karnataka,29,Haveri,540,Haveri,1,1,0,0,0,0,5,0,0,16,6,0,0,0,0,0,0,0,0,0,0,0,0,0,0,0,0,63,45,0,0,0,13,0,0,0,0,0,0,0,0,0,0,0,0,0,0,0,0,0,0,,,,,,,,,,,,,,,,,,,,,,,,,,,,,,,,,,,,,,,,,,,,,,,,,,,,,,,,,,,,,,,,,,,
2018,Karnataka,29,Dharwad,536,Hubballi Dharwad City,0,3,0,0,0,0,9,0,0,28,0,0,0,1,0,0,0,0,0,0,0,0,0,0,0,0,0,17,13,0,4,0,2,0,0,0,0,2,0,0,1,0,0,0,0,0,0,0,0,0,0,,,,,,,,,,,,,,,,,,,,,,,,,,,,,,,,,,,,,,,,,,,,,,,,,,,,,,,,,,,,,,,,,,,
2018,Karnataka,29,Belagavi,527,K.G.F.,0,0,0,0,0,0,1,1,0,6,1,0,0,0,0,0,0,0,0,0,0,0,0,0,0,0,0,6,13,0,5,0,3,0,0,0,0,0,0,0,0,0,0,0,0,2,0,0,0,0,0,,,,,,,,,,,,,,,,,,,,,,,,,,,,,,,,,,,,,,,,,,,,,,,,,,,,,,,,,,,,,,,,,,,
2018,Karnataka,29,Kodagu,541,Kodagu,0,0,0,0,0,0,1,10,0,34,0,0,0,0,0,0,0,0,0,0,0,0,0,0,0,0,0,34,22,0,8,0,6,0,0,0,0,0,0,0,0,2,0,0,0,0,0,0,0,0,0,,,,,,,,,,,,,,,,,,,,,,,,,,,,,,,,,,,,,,,,,,,,,,,,,,,,,,,,,,,,,,,,,,,
2018,Karnataka,29,Kolar,542,Kolar,2,1,0,0,0,0,0,2,0,51,1,0,0,0,0,0,0,0,0,0,0,0,0,0,0,0,0,8,36,0,8,0,4,0,0,0,0,0,0,0,0,0,0,0,0,0,1,0,0,0,0,,,,,,,,,,,,,,,,,,,,,,,,,,,,,,,,,,,,,,,,,,,,,,,,,,,,,,,,,,,,,,,,,,,
2018,Karnataka,29,Koppal,543,Koppal,0,1,0,0,0,0,4,0,0,25,0,0,0,0,0,0,0,0,0,0,0,0,0,0,0,0,0,12,30,0,23,0,0,0,0,0,0,0,1,0,1,0,0,0,0,7,9,0,0,0,0,,,,,,,,,,,,,,,,,,,,,,,,,,,,,,,,,,,,,,,,,,,,,,,,,,,,,,,,,,,,,,,,,,,
2018,Karnataka,29,Mandya,544,Mandya,0,5,0,0,0,0,1,0,0,43,0,0,0,0,0,0,0,20,0,0,0,0,0,0,0,0,0,23,41,0,13,0,22,0,0,0,0,0,0,0,0,0,0,0,0,2,7,0,0,0,0,,,,,,,,,,,,,,,,,,,,,,,,,,,,,,,,,,,,,,,,,,,,,,,,,,,,,,,,,,,,,,,,,,,
2018,Karnataka,29,Dakshina Kannada,534,Mangaluru City,0,1,0,3,0,0,1,0,1,26,5,0,0,0,0,0,0,0,0,0,0,0,0,0,0,0,0,53,25,0,8,0,2,0,0,0,0,0,0,0,0,5,0,0,0,0,1,0,0,0,0,,,,,,,,,,,,,,,,,,,,,,,,,,,,,,,,,,,,,,,,,,,,,,,,,,,,,,,,,,,,,,,,,,,
2018,Karnataka,29,Mysuru,545,Mysuru City,1,1,0,0,0,0,0,5,0,111,0,0,0,0,1,0,0,0,0,0,0,0,0,0,0,0,0,61,26,0,12,0,1,0,0,0,0,0,0,0,0,3,0,0,0,2,0,0,0,0,0,,,,,,,,,,,,,,,,,,,,,,,,,,,,,,,,,,,,,,,,,,,,,,,,,,,,,,,,,,,,,,,,,,,
2018,Karnataka,29,Mysuru,545,Mysuru District,0,1,0,0,0,0,0,0,0,14,0,0,0,0,0,0,0,0,0,0,0,0,0,0,0,0,0,0,39,0,8,0,0,0,10,0,0,0,0,0,0,0,0,0,0,0,3,0,0,0,0,,,,,,,,,,,,,,,,,,,,,,,,,,,,,,,,,,,,,,,,,,,,,,,,,,,,,,,,,,,,,,,,,,,
2018,Karnataka,29,Raichur,546,Raichur,0,1,0,0,0,0,2,0,0,0,27,0,0,0,0,0,0,1,0,0,0,0,0,1,0,0,0,14,26,0,14,0,0,0,0,0,0,0,0,0,0,1,0,0,0,9,2,0,0,0,0,,,,,,,,,,,,,,,,,,,,,,,,,,,,,,,,,,,,,,,,,,,,,,,,,,,,,,,,,,,,,,,,,,,
2018,Karnataka,29,Bengaluru Urban,525,K.Railways,0,0,0,0,0,0,8,0,0,2,0,0,0,0,0,0,0,0,1,0,0,0,0,0,0,0,0,0,0,0,0,0,0,0,0,0,0,0,0,0,0,0,0,0,0,0,0,0,0,0,0,,,,,,,,,,,,,,,,,,,,,,,,,,,,,,,,,,,,,,,,,,,,,,,,,,,,,,,,,,,,,,,,,,,
2018,Karnataka,29,Ramanagara,631,Ramanagara,0,2,1,0,0,0,2,6,0,105,0,0,0,0,1,3,0,0,1,0,0,0,0,0,0,0,0,35,24,0,11,0,0,0,0,0,0,0,0,0,0,1,0,0,0,6,3,0,0,0,0,,,,,,,,,,,,,,,,,,,,,,,,,,,,,,,,,,,,,,,,,,,,,,,,,,,,,,,,,,,,,,,,,,,
2018,Karnataka,29,Shivamogga,547,Shimoga,0,3,0,1,0,0,7,0,0,89,4,0,0,0,0,0,0,0,0,0,0,0,0,0,0,0,0,0,77,0,13,0,8,0,0,0,0,0,1,1,1,2,0,0,0,0,5,0,0,0,0,,,,,,,,,,,,,,,,,,,,,,,,,,,,,,,,,,,,,,,,,,,,,,,,,,,,,,,,,,,,,,,,,,,
2018,Karnataka,29,Tumakuru,548,Tumakuru,0,4,1,1,1,0,14,6,1,17,44,0,0,0,2,14,0,0,0,0,0,0,0,0,0,0,0,22,30,0,15,0,5,0,0,0,0,0,3,0,0,0,0,0,0,0,6,0,0,0,0,,,,,,,,,,,,,,,,,,,,,,,,,,,,,,,,,,,,,,,,,,,,,,,,,,,,,,,,,,,,,,,,,,,
2018,Karnataka,29,Udupi,549,Udupi,0,1,0,0,0,0,1,0,0,10,0,0,0,0,0,0,0,3,0,0,0,0,0,0,0,0,0,5,35,0,9,3,7,0,0,0,0,19,0,0,1,2,0,0,0,0,2,0,0,0,0,,,,,,,,,,,,,,,,,,,,,,,,,,,,,,,,,,,,,,,,,,,,,,,,,,,,,,,,,,,,,,,,,,,
2018,Karnataka,29,Uttara Kannada,550,Uttara Kannada,0,5,0,0,0,0,0,0,2,38,0,0,0,0,0,0,0,0,0,0,0,0,0,0,0,0,0,13,23,0,3,0,10,0,0,0,0,1,0,0,0,2,0,0,0,0,1,0,0,0,0,,,,,,,,,,,,,,,,,,,,,,,,,,,,,,,,,,,,,,,,,,,,,,,,,,,,,,,,,,,,,,,,,,,
2018,Karnataka,29,Yadgir,635,Yadgiri,0,1,1,0,0,0,4,1,0,8,2,0,0,0,0,1,0,0,0,0,0,0,0,0,0,0,0,17,11,0,11,0,1,0,0,0,0,0,1,0,0,0,0,0,0,0,0,0,0,0,0,,,,,,,,,,,,,,,,,,,,,,,,,,,,,,,,,,,,,,,,,,,,,,,,,,,,,,,,,,,,,,,,,,,
2018,Karnataka,29,Belagavi,527,Belagavi City,0,0,2,0,0,0,0,0,2,16,8,0,0,0,2,11,0,0,0,0,0,0,0,0,0,0,0,16,12,0,7,0,5,0,0,0,0,0,1,0,0,0,0,0,0,0,0,0,0,0,0,,,,,,,,,,,,,,,,,,,,,,,,,,,,,,,,,,,,,,,,,,,,,,,,,,,,,,,,,,,,,,,,,,,
,,,,,,,,,,,,,,,,,,,,,,,,,,,,,,,,,,,,,,,,,,,,,,,,,,,,,,,,,,,,,,,,,,,,,,,,,,,,,,,,,,,,,,,,,,,,,,,,,,,,,,,,,,,,,,,,,,,,,,,,,,,
2019,Karnataka,29,Bagalkote,524,Bagalkot,0,3,0,0,0,0,2,0,0,37,0,0,0,1,0,0,0,0,0,0,0,0,0,0,0,0,0,2,26,1,1,0,2,0,0,0,0,0,2,0,0,0,0,0,0,0,3,0,0,0,0,,,,,,,,,,,,,,,,,,,,,,,,,,,,,,,,,,,,,,,,,,,,,,,,,,,,,,,,,,,,,,,,,,,
2019,Karnataka,29,Bengaluru Urban,525,Bengaluru City,0,17,4,1,1,0,25,5,1,936,12,0,0,3,1,6,0,0,2,0,0,0,0,0,0,0,0,73,260,2,63,0,18,2,2,1,0,1,1,0,6,10,0,0,0,21,6,0,0,8,0,,,,,,,,,,,,,,,,,,,,,,,,,,,,,,,,,,,,,,,,,,,,,,,,,,,,,,,,,,,,,,,,,,,
2019,Karnataka,29,Bengaluru Urban,525,Bengaluru District,0,3,0,0,0,0,2,0,0,123,35,0,0,2,0,7,0,13,0,0,0,0,0,0,0,0,0,4,60,0,9,0,5,0,4,0,0,0,1,0,0,1,0,0,0,3,1,0,0,0,1,,,,,,,,,,,,,,,,,,,,,,,,,,,,,,,,,,,,,,,,,,,,,,,,,,,,,,,,,,,,,,,,,,,
2019,Karnataka,29,Belagavi,527,Belagavi District,3,6,0,1,0,0,4,4,2,20,27,0,0,0,2,4,0,0,0,0,0,0,0,0,0,0,0,29,65,0,7,0,9,0,1,0,0,1,4,0,0,0,0,0,0,0,6,0,0,0,0,,,,,,,,,,,,,,,,,,,,,,,,,,,,,,,,,,,,,,,,,,,,,,,,,,,,,,,,,,,,,,,,,,,
2019,Karnataka,29,Ballari,528,Ballari,1,3,0,1,0,0,7,0,0,55,0,0,0,0,0,4,0,0,0,0,0,0,0,0,0,0,0,62,42,0,23,0,0,0,0,0,0,0,0,0,0,0,0,0,0,14,3,0,1,0,0,,,,,,,,,,,,,,,,,,,,,,,,,,,,,,,,,,,,,,,,,,,,,,,,,,,,,,,,,,,,,,,,,,,
2019,Karnataka,29,Bidar,529,Bidar,0,2,0,0,0,0,7,13,0,14,12,0,0,0,0,6,0,0,0,0,0,0,0,0,0,0,0,90,32,1,2,0,4,0,0,0,0,0,0,0,0,0,0,0,0,5,1,0,0,0,0,,,,,,,,,,,,,,,,,,,,,,,,,,,,,,,,,,,,,,,,,,,,,,,,,,,,,,,,,,,,,,,,,,,
2019,Karnataka,29,Vijayapura,530,Vijayapura,0,2,0,0,0,0,3,0,0,43,0,0,0,0,0,0,0,0,0,0,0,0,0,0,0,0,2,0,27,0,2,0,0,0,4,0,0,0,0,0,0,0,0,0,0,0,1,0,0,0,0,,,,,,,,,,,,,,,,,,,,,,,,,,,,,,,,,,,,,,,,,,,,,,,,,,,,,,,,,,,,,,,,,,,
2019,Karnataka,29,Chikkaballapura,630,Chikkaballapura,0,3,1,0,0,0,8,0,0,36,10,0,0,0,0,0,0,0,0,0,0,0,0,0,0,0,0,15,61,0,12,0,0,0,0,0,0,0,0,0,0,3,0,0,0,3,17,0,0,0,0,,,,,,,,,,,,,,,,,,,,,,,,,,,,,,,,,,,,,,,,,,,,,,,,,,,,,,,,,,,,,,,,,,,
2019,Karnataka,29,Chamarajanagara,531,Chamarajnagar,0,2,0,0,0,0,0,0,0,28,0,0,0,0,0,0,0,0,0,0,0,0,0,0,0,0,0,0,22,0,6,0,2,0,0,0,0,1,2,0,0,0,0,0,0,1,1,0,0,0,0,,,,,,,,,,,,,,,,,,,,,,,,,,,,,,,,,,,,,,,,,,,,,,,,,,,,,,,,,,,,,,,,,,,
2019,Karnataka,29,Chikkamagaluru,532,Chikkamagaluru,0,3,1,0,0,1,5,5,1,42,17,0,0,0,0,0,0,0,0,0,0,0,0,0,0,0,0,14,39,0,16,1,2,0,0,0,2,0,1,0,1,0,0,0,0,0,2,0,0,0,0,,,,,,,,,,,,,,,,,,,,,,,,,,,,,,,,,,,,,,,,,,,,,,,,,,,,,,,,,,,,,,,,,,,
2019,Karnataka,29,Chitradurga,533,Chitradurga,0,1,0,1,0,0,2,0,0,68,0,0,0,0,3,0,0,0,0,0,0,0,0,0,0,0,1,27,45,0,2,0,0,0,5,0,0,0,0,0,0,0,0,0,0,5,3,0,0,0,0,,,,,,,,,,,,,,,,,,,,,,,,,,,,,,,,,,,,,,,,,,,,,,,,,,,,,,,,,,,,,,,,,,,
2019,Karnataka,29,Dakshina Kannada,534,Dakshina Kannada,0,4,0,0,0,0,1,0,0,16,0,0,0,0,0,0,0,0,0,0,0,0,0,0,0,0,0,57,38,1,8,1,9,0,0,0,0,0,0,0,0,5,0,0,0,1,2,0,0,0,0,,,,,,,,,,,,,,,,,,,,,,,,,,,,,,,,,,,,,,,,,,,,,,,,,,,,,,,,,,,,,,,,,,,
2019,Karnataka,29,Davangere,535,Davanagere,0,0,0,0,0,0,0,0,0,77,0,0,0,1,0,1,0,0,0,0,0,0,0,0,0,1,0,28,53,0,1,0,9,0,0,0,0,0,1,0,0,0,0,0,0,0,1,0,0,0,0,,,,,,,,,,,,,,,,,,,,,,,,,,,,,,,,,,,,,,,,,,,,,,,,,,,,,,,,,,,,,,,,,,,
2019,Karnataka,29,Dharwad,536,Dharwad,0,0,0,1,0,0,1,0,0,5,3,0,0,0,0,0,0,0,0,0,0,0,0,0,0,0,0,2,29,0,0,0,0,0,0,0,0,0,0,0,0,0,0,0,0,0,0,0,0,0,0,,,,,,,,,,,,,,,,,,,,,,,,,,,,,,,,,,,,,,,,,,,,,,,,,,,,,,,,,,,,,,,,,,,
2019,Karnataka,29,Gadag,537,Gadag,0,0,0,0,0,0,0,0,0,5,0,0,0,0,7,0,0,0,0,0,0,0,0,0,0,0,0,5,15,0,1,0,2,0,0,0,0,0,0,0,0,0,0,0,0,1,2,0,0,0,0,,,,,,,,,,,,,,,,,,,,,,,,,,,,,,,,,,,,,,,,,,,,,,,,,,,,,,,,,,,,,,,,,,,
2019,Karnataka,29,Kalaburagi,538,Kalaburgi,1,3,0,1,0,0,2,0,0,22,0,0,0,0,0,2,0,0,0,0,0,0,0,0,1,2,0,32,45,0,8,0,6,0,4,0,0,0,4,2,0,0,0,0,0,1,8,0,0,0,0,,,,,,,,,,,,,,,,,,,,,,,,,,,,,,,,,,,,,,,,,,,,,,,,,,,,,,,,,,,,,,,,,,,
2019,Karnataka,29,Hassan,539,Hassan,1,1,0,0,0,0,1,0,0,65,0,0,0,0,0,0,0,0,0,0,0,0,0,0,0,0,0,6,62,0,25,0,0,0,0,0,0,0,0,0,0,5,0,0,0,2,1,0,0,0,0,,,,,,,,,,,,,,,,,,,,,,,,,,,,,,,,,,,,,,,,,,,,,,,,,,,,,,,,,,,,,,,,,,,
2019,Karnataka,29,Haveri,540,Haveri,1,1,0,0,0,0,3,0,0,44,2,0,0,0,0,0,0,0,0,0,0,0,0,0,0,0,0,15,35,0,0,0,9,0,0,0,0,0,0,0,0,1,0,0,0,1,0,0,0,0,0,,,,,,,,,,,,,,,,,,,,,,,,,,,,,,,,,,,,,,,,,,,,,,,,,,,,,,,,,,,,,,,,,,,
2019,Karnataka,29,Dharwad,536,Hubballi Dharwad City,0,1,0,0,0,1,4,0,1,22,0,0,0,1,0,0,0,0,1,0,0,0,0,0,0,0,0,27,15,0,3,0,1,0,0,0,0,0,0,0,1,0,0,0,0,0,0,0,0,0,0,,,,,,,,,,,,,,,,,,,,,,,,,,,,,,,,,,,,,,,,,,,,,,,,,,,,,,,,,,,,,,,,,,,
2019,Karnataka,29,Belagavi,527,K.G.F.,0,0,0,0,0,1,0,3,0,13,1,0,0,0,0,0,0,0,0,0,0,0,0,0,0,0,0,2,20,1,4,0,2,0,0,0,0,0,0,0,0,0,0,0,0,1,0,0,0,0,0,,,,,,,,,,,,,,,,,,,,,,,,,,,,,,,,,,,,,,,,,,,,,,,,,,,,,,,,,,,,,,,,,,,
2019,Karnataka,29,Kodagu,541,Kodagu,1,0,3,0,0,0,1,5,0,24,0,0,0,0,0,1,0,0,0,0,0,0,0,0,0,0,0,7,47,0,10,0,7,0,0,0,0,0,1,0,0,0,0,0,0,0,0,0,0,0,0,,,,,,,,,,,,,,,,,,,,,,,,,,,,,,,,,,,,,,,,,,,,,,,,,,,,,,,,,,,,,,,,,,,
2019,Karnataka,29,Kolar,542,Kolar,3,1,0,0,0,0,2,3,0,32,2,0,0,0,0,0,0,0,0,0,0,0,0,0,0,0,0,3,36,0,8,0,1,0,0,0,0,0,2,0,0,0,0,0,0,0,2,0,0,0,0,,,,,,,,,,,,,,,,,,,,,,,,,,,,,,,,,,,,,,,,,,,,,,,,,,,,,,,,,,,,,,,,,,,
2019,Karnataka,29,Koppal,543,Koppal,0,4,0,0,0,0,2,0,0,17,8,0,0,0,0,4,0,8,0,0,0,0,0,0,0,0,0,1,35,0,22,0,0,0,0,0,0,0,0,0,1,0,0,0,0,9,7,0,0,0,1,,,,,,,,,,,,,,,,,,,,,,,,,,,,,,,,,,,,,,,,,,,,,,,,,,,,,,,,,,,,,,,,,,,
2019,Karnataka,29,Mandya,544,Mandya,0,3,3,0,2,0,3,0,0,97,0,0,0,0,0,2,0,0,0,0,0,0,0,0,0,0,0,11,44,0,26,0,0,0,0,0,0,0,0,0,0,0,0,0,0,1,10,0,0,0,0,,,,,,,,,,,,,,,,,,,,,,,,,,,,,,,,,,,,,,,,,,,,,,,,,,,,,,,,,,,,,,,,,,,
2019,Karnataka,29,Dakshina Kannada,534,Mangaluru City,0,2,0,1,0,0,0,0,0,19,9,0,0,0,0,1,0,0,0,0,0,0,0,0,0,0,0,72,28,1,19,0,4,0,0,0,0,0,2,0,0,2,0,0,0,0,2,0,1,0,0,,,,,,,,,,,,,,,,,,,,,,,,,,,,,,,,,,,,,,,,,,,,,,,,,,,,,,,,,,,,,,,,,,,
2019,Karnataka,29,Mysuru,545,Mysuru City,0,1,0,0,0,0,0,2,1,78,0,0,0,0,0,0,0,0,0,0,0,0,0,0,0,0,0,0,26,1,7,0,0,0,0,0,0,0,0,0,0,4,0,0,0,3,0,0,0,0,0,,,,,,,,,,,,,,,,,,,,,,,,,,,,,,,,,,,,,,,,,,,,,,,,,,,,,,,,,,,,,,,,,,,
2019,Karnataka,29,Mysuru,545,Mysuru District,0,2,0,0,0,0,0,0,0,49,26,0,0,0,0,0,0,3,1,0,0,0,0,0,0,0,0,70,55,0,8,0,5,0,0,0,0,0,0,0,0,0,0,0,0,1,2,0,0,0,0,,,,,,,,,,,,,,,,,,,,,,,,,,,,,,,,,,,,,,,,,,,,,,,,,,,,,,,,,,,,,,,,,,,
2019,Karnataka,29,Raichur,546,Raichur,0,0,0,0,0,0,1,0,0,47,0,0,0,0,0,0,0,0,0,0,0,0,0,0,0,0,0,21,34,0,4,0,5,0,0,0,0,0,0,0,0,2,0,0,0,2,1,0,0,0,0,,,,,,,,,,,,,,,,,,,,,,,,,,,,,,,,,,,,,,,,,,,,,,,,,,,,,,,,,,,,,,,,,,,
2019,Karnataka,29,Bengaluru Urban,525,K.Railways,0,0,0,0,0,0,16,0,0,0,0,0,0,0,0,0,0,0,0,0,0,0,0,0,0,0,0,0,0,0,0,0,1,0,0,0,0,0,0,0,0,0,0,0,0,0,0,0,0,0,0,,,,,,,,,,,,,,,,,,,,,,,,,,,,,,,,,,,,,,,,,,,,,,,,,,,,,,,,,,,,,,,,,,,
2019,Karnataka,29,Ramanagara,631,Ramanagara,0,0,0,0,0,0,1,0,0,64,0,0,0,0,0,0,0,0,0,0,0,0,0,0,0,0,0,8,48,0,6,0,3,0,0,0,0,0,0,0,0,0,0,0,0,3,12,0,0,0,0,,,,,,,,,,,,,,,,,,,,,,,,,,,,,,,,,,,,,,,,,,,,,,,,,,,,,,,,,,,,,,,,,,,
2019,Karnataka,29,Shivamogga,547,Shimoga,0,5,1,2,2,0,4,0,0,84,0,0,0,0,0,1,0,0,0,0,0,0,0,0,0,0,0,5,97,1,12,0,6,0,1,0,0,0,0,0,0,1,0,0,0,3,9,0,0,0,0,,,,,,,,,,,,,,,,,,,,,,,,,,,,,,,,,,,,,,,,,,,,,,,,,,,,,,,,,,,,,,,,,,,
2019,Karnataka,29,Tumakuru,548,Tumakuru,0,3,0,0,0,0,9,10,2,90,0,0,0,0,0,0,0,0,0,0,0,0,0,0,0,0,0,157,51,0,16,0,4,0,0,0,0,0,0,0,0,0,0,0,0,0,5,0,0,0,0,,,,,,,,,,,,,,,,,,,,,,,,,,,,,,,,,,,,,,,,,,,,,,,,,,,,,,,,,,,,,,,,,,,
2019,Karnataka,29,Udupi,549,Udupi,0,3,0,0,0,0,0,0,0,19,0,0,0,0,0,0,0,0,0,0,0,0,0,0,0,0,0,2,43,0,5,1,3,0,1,0,0,0,0,0,0,3,0,0,0,0,0,0,0,0,0,,,,,,,,,,,,,,,,,,,,,,,,,,,,,,,,,,,,,,,,,,,,,,,,,,,,,,,,,,,,,,,,,,,
2019,Karnataka,29,Uttara Kannada,550,Uttara Kannada,0,2,0,0,0,0,0,0,0,33,0,0,0,0,0,0,0,0,0,0,0,0,0,0,0,0,0,6,33,0,7,0,6,0,0,0,0,0,0,0,1,0,0,0,0,0,0,0,0,0,0,,,,,,,,,,,,,,,,,,,,,,,,,,,,,,,,,,,,,,,,,,,,,,,,,,,,,,,,,,,,,,,,,,,
2019,Karnataka,29,Yadgir,635,Yadgiri,0,0,1,1,0,0,0,0,1,9,3,0,0,0,1,7,0,1,0,0,0,0,0,0,0,0,0,18,24,0,7,0,1,0,0,0,0,0,0,0,0,0,0,0,0,0,1,0,0,0,1,,,,,,,,,,,,,,,,,,,,,,,,,,,,,,,,,,,,,,,,,,,,,,,,,,,,,,,,,,,,,,,,,,,
2019,Karnataka,29,Belagavi,527,Belagavi City,0,1,0,2,0,0,5,4,1,18,8,0,0,0,0,7,0,0,0,0,0,0,0,0,0,0,0,52,17,0,0,0,1,0,0,0,0,0,0,0,0,0,0,0,0,0,0,0,0,0,0,,,,,,,,,,,,,,,,,,,,,,,,,,,,,,,,,,,,,,,,,,,,,,,,,,,,,,,,,,,,,,,,,,,
2019,Karnataka,29,Kalaburagi,538,Kalaburgi City,0,1,0,0,0,0,0,0,0,3,2,3,0,0,1,5,0,0,1,0,0,0,0,0,0,0,0,3,5,0,2,0,1,0,0,0,0,1,0,0,0,0,0,0,0,2,2,0,0,0,0,,,,,,,,,,,,,,,,,,,,,,,,,,,,,,,,,,,,,,,,,,,,,,,,,,,,,,,,,,,,,,,,,,,
,,,,,,,,,,,,,,,,,,,,,,,,,,,,,,,,,,,,,,,,,,,,,,,,,,,,,,,,,,,,,,,,,,,,,,,,,,,,,,,,,,,,,,,,,,,,,,,,,,,,,,,,,,,,,,,,,,,,,,,,,,,
2020,Karnataka,29,Bagalkote,524,Bagalkot,0,3,0,1,0,0,5,0,0,21,0,0,0,0,0,3,0,0,0,0,0,0,0,0,0,0,0,8,23,0,2,0,5,0,0,0,0,0,1,0,0,0,0,0,0,0,4,0,0,0,,,,,,,,,,,,,,,,,,,,,,,,,,,,,,,,,,,,,,,,,,,,,,,,,,,,,,,,,,,,,,,,,,,,
2020,Karnataka,29,Bengaluru Urban,525,Bengaluru City,0,8,0,1,0,0,19,0,1,625,11,0,0,3,1,7,0,1,0,0,0,0,0,0,0,0,0,41,219,0,42,1,12,0,1,0,0,0,3,0,6,4,0,0,0,7,9,0,59,22,,,,,,,,,,,,,,,,,,,,,,,,,,,,,,,,,,,,,,,,,,,,,,,,,,,,,,,,,,,,,,,,,,,,
2020,Karnataka,29,Bengaluru Urban,525,Bengaluru District,0,3,1,0,0,0,7,0,0,106,22,0,0,2,1,3,0,0,0,0,0,0,0,0,0,0,0,2,42,0,5,0,9,0,0,0,0,0,0,0,0,0,0,0,0,2,6,0,16,0,,,,,,,,,,,,,,,,,,,,,,,,,,,,,,,,,,,,,,,,,,,,,,,,,,,,,,,,,,,,,,,,,,,,
2020,Karnataka,29,Belagavi,527,Belagavi District,1,7,0,2,0,0,4,0,0,19,15,0,0,0,0,2,0,1,0,0,0,0,0,0,0,1,0,14,62,0,13,0,4,0,8,0,0,0,0,0,0,2,0,0,0,1,13,0,0,0,,,,,,,,,,,,,,,,,,,,,,,,,,,,,,,,,,,,,,,,,,,,,,,,,,,,,,,,,,,,,,,,,,,,
2020,Karnataka,29,Ballari,528,Ballari,0,3,1,2,0,0,0,0,0,35,17,0,0,0,4,0,0,2,0,0,0,0,0,0,0,0,0,21,55,1,16,0,2,0,0,0,0,0,0,0,0,1,0,0,0,3,17,0,6,0,,,,,,,,,,,,,,,,,,,,,,,,,,,,,,,,,,,,,,,,,,,,,,,,,,,,,,,,,,,,,,,,,,,,
2020,Karnataka,29,Bidar,529,Bidar,0,4,0,0,0,0,12,3,0,16,7,0,0,0,0,2,0,0,0,0,0,0,0,0,0,1,0,56,21,1,3,0,2,0,0,0,0,0,0,0,0,0,0,0,0,7,1,0,1,0,,,,,,,,,,,,,,,,,,,,,,,,,,,,,,,,,,,,,,,,,,,,,,,,,,,,,,,,,,,,,,,,,,,,
2020,Karnataka,29,Vijayapura,530,Vijayapura,1,0,0,0,0,0,2,0,0,37,0,0,0,0,0,0,0,0,0,0,0,0,0,0,0,0,0,3,40,0,0,0,7,0,0,0,0,1,0,0,0,0,0,0,0,0,6,0,1,0,,,,,,,,,,,,,,,,,,,,,,,,,,,,,,,,,,,,,,,,,,,,,,,,,,,,,,,,,,,,,,,,,,,,
2020,Karnataka,29,Chikkaballapura,630,Chikkaballapura,1,0,0,1,0,0,5,0,0,37,7,0,0,0,0,0,0,0,0,0,0,0,0,0,0,0,0,1,84,0,7,0,5,0,0,0,0,0,0,0,0,4,0,0,0,1,8,0,0,0,,,,,,,,,,,,,,,,,,,,,,,,,,,,,,,,,,,,,,,,,,,,,,,,,,,,,,,,,,,,,,,,,,,,
2020,Karnataka,29,Chamarajanagara,531,Chamarajnagar,0,2,0,0,0,0,2,0,0,13,2,0,0,0,0,0,0,0,0,0,0,0,0,0,0,0,0,28,24,0,5,0,7,0,0,0,0,0,0,0,0,1,0,0,0,1,2,0,0,0,,,,,,,,,,,,,,,,,,,,,,,,,,,,,,,,,,,,,,,,,,,,,,,,,,,,,,,,,,,,,,,,,,,,
2020,Karnataka,29,Chikkamagaluru,532,Chikkamagaluru,0,7,0,0,0,0,3,1,1,54,0,0,0,0,0,2,0,0,0,0,0,0,0,0,0,0,0,12,54,0,18,0,2,0,0,0,0,0,0,0,0,1,0,0,0,0,7,0,0,0,,,,,,,,,,,,,,,,,,,,,,,,,,,,,,,,,,,,,,,,,,,,,,,,,,,,,,,,,,,,,,,,,,,,
2020,Karnataka,29,Chitradurga,533,Chitradurga,0,5,1,1,0,0,0,0,0,28,19,0,0,1,2,0,0,0,0,0,0,0,0,0,0,0,0,14,53,0,5,0,0,0,9,0,0,0,0,0,0,0,0,0,0,5,1,0,0,0,,,,,,,,,,,,,,,,,,,,,,,,,,,,,,,,,,,,,,,,,,,,,,,,,,,,,,,,,,,,,,,,,,,,
2020,Karnataka,29,Dakshina Kannada,534,Dakshina Kannada,0,2,1,0,0,0,0,0,1,7,4,0,0,1,0,0,0,0,0,0,0,0,0,0,0,0,0,79,30,1,19,1,7,0,0,0,0,0,0,0,0,3,0,0,0,0,1,0,4,0,,,,,,,,,,,,,,,,,,,,,,,,,,,,,,,,,,,,,,,,,,,,,,,,,,,,,,,,,,,,,,,,,,,,
2020,Karnataka,29,Davangere,535,Davanagere,0,0,0,0,0,0,0,0,0,37,0,0,0,0,0,2,0,0,1,0,0,0,0,0,0,0,0,18,46,0,14,0,0,0,0,0,0,0,0,0,0,0,0,0,0,1,2,0,1,0,,,,,,,,,,,,,,,,,,,,,,,,,,,,,,,,,,,,,,,,,,,,,,,,,,,,,,,,,,,,,,,,,,,,
2020,Karnataka,29,Dharwad,536,Dharwad,0,0,0,0,0,0,1,0,0,12,0,0,0,0,0,0,0,0,0,0,0,0,0,0,0,0,0,1,15,0,2,0,1,0,0,0,0,0,1,0,0,0,0,0,0,0,0,0,3,0,,,,,,,,,,,,,,,,,,,,,,,,,,,,,,,,,,,,,,,,,,,,,,,,,,,,,,,,,,,,,,,,,,,,
2020,Karnataka,29,Gadag,537,Gadag,0,3,0,0,0,0,1,0,0,2,0,0,0,0,16,0,0,0,0,0,0,0,0,0,0,0,0,19,13,0,0,0,0,0,0,0,0,0,0,0,0,0,0,0,0,0,3,0,2,0,,,,,,,,,,,,,,,,,,,,,,,,,,,,,,,,,,,,,,,,,,,,,,,,,,,,,,,,,,,,,,,,,,,,
2020,Karnataka,29,Kalaburagi,538,Kalaburgi,0,2,0,2,0,0,7,1,0,5,7,0,0,0,0,1,0,0,0,0,0,0,0,0,0,2,0,4,41,0,18,0,3,0,0,0,0,0,0,0,0,1,0,0,0,0,0,0,0,0,,,,,,,,,,,,,,,,,,,,,,,,,,,,,,,,,,,,,,,,,,,,,,,,,,,,,,,,,,,,,,,,,,,,
2020,Karnataka,29,Hassan,539,Hassan,0,0,0,0,0,0,0,0,0,75,0,0,0,0,0,0,0,0,0,0,0,0,0,0,0,0,0,5,56,0,0,0,0,0,23,0,0,0,0,0,2,0,0,0,0,1,11,0,0,0,,,,,,,,,,,,,,,,,,,,,,,,,,,,,,,,,,,,,,,,,,,,,,,,,,,,,,,,,,,,,,,,,,,,
2020,Karnataka,29,Haveri,540,Haveri,0,1,0,0,0,0,3,0,0,22,0,0,0,0,0,0,0,0,0,0,0,0,0,0,0,0,0,64,48,0,7,0,3,0,0,0,0,1,0,0,0,2,0,0,0,0,0,0,0,0,,,,,,,,,,,,,,,,,,,,,,,,,,,,,,,,,,,,,,,,,,,,,,,,,,,,,,,,,,,,,,,,,,,,
2020,Karnataka,29,Dharwad,536,Hubballi Dharwad City,0,0,1,0,0,2,3,0,0,20,0,0,0,0,0,0,0,0,0,0,0,0,0,0,0,0,0,2,20,0,1,0,0,0,4,0,0,0,1,0,0,0,0,0,0,0,1,0,4,0,,,,,,,,,,,,,,,,,,,,,,,,,,,,,,,,,,,,,,,,,,,,,,,,,,,,,,,,,,,,,,,,,,,,
2020,Karnataka,29,Belagavi,527,K.G.F.,0,3,0,0,0,0,0,0,0,9,1,0,0,0,0,0,0,0,0,0,0,0,0,0,0,0,0,1,19,0,3,0,1,0,2,2,0,0,0,0,0,0,0,0,0,0,1,0,0,0,,,,,,,,,,,,,,,,,,,,,,,,,,,,,,,,,,,,,,,,,,,,,,,,,,,,,,,,,,,,,,,,,,,,
2020,Karnataka,29,Kodagu,541,Kodagu,0,0,0,0,0,0,0,0,0,19,0,0,0,0,0,0,0,0,0,0,0,0,0,0,0,0,0,0,63,0,16,0,0,0,0,0,0,0,0,0,0,2,0,0,0,0,0,0,0,0,,,,,,,,,,,,,,,,,,,,,,,,,,,,,,,,,,,,,,,,,,,,,,,,,,,,,,,,,,,,,,,,,,,,
2020,Karnataka,29,Kolar,542,Kolar,0,5,0,0,0,0,2,0,0,42,1,0,0,1,1,0,0,0,0,0,0,0,0,0,0,0,0,1,36,0,4,0,1,0,1,0,0,0,0,0,0,0,0,0,0,0,3,0,3,0,,,,,,,,,,,,,,,,,,,,,,,,,,,,,,,,,,,,,,,,,,,,,,,,,,,,,,,,,,,,,,,,,,,,
2020,Karnataka,29,Koppal,543,Koppal,0,3,0,0,0,0,0,0,0,21,1,0,0,0,0,0,0,1,0,0,0,0,0,0,0,1,0,1,49,0,10,0,0,0,0,0,0,0,0,0,0,1,0,0,0,1,12,0,2,0,,,,,,,,,,,,,,,,,,,,,,,,,,,,,,,,,,,,,,,,,,,,,,,,,,,,,,,,,,,,,,,,,,,,
2020,Karnataka,29,Mandya,544,Mandya,0,0,0,0,0,0,2,0,0,81,0,0,0,0,0,0,0,0,0,0,0,0,0,0,0,0,0,0,53,0,18,0,0,0,0,0,0,0,0,0,0,0,0,0,0,0,10,0,0,0,,,,,,,,,,,,,,,,,,,,,,,,,,,,,,,,,,,,,,,,,,,,,,,,,,,,,,,,,,,,,,,,,,,,
2020,Karnataka,29,Dakshina Kannada,534,Mangaluru City,0,3,0,0,0,0,0,3,0,17,2,0,0,0,0,0,0,0,1,0,0,0,0,0,0,0,0,22,23,0,10,0,0,0,1,0,0,1,0,0,0,0,0,0,0,0,1,0,3,0,,,,,,,,,,,,,,,,,,,,,,,,,,,,,,,,,,,,,,,,,,,,,,,,,,,,,,,,,,,,,,,,,,,,
2020,Karnataka,29,Mysuru,545,Mysuru City,0,3,0,0,0,0,4,0,1,46,0,0,0,0,0,0,0,0,0,0,0,0,0,0,0,0,0,0,28,0,8,0,0,0,0,0,0,0,0,0,0,3,0,0,0,1,2,0,0,0,,,,,,,,,,,,,,,,,,,,,,,,,,,,,,,,,,,,,,,,,,,,,,,,,,,,,,,,,,,,,,,,,,,,
2020,Karnataka,29,Mysuru,545,Mysuru District,0,0,0,0,0,0,1,0,0,60,7,0,0,1,0,0,0,0,0,0,0,0,0,0,0,0,0,52,40,0,9,0,4,0,0,0,0,0,0,0,0,0,0,0,0,1,22,0,0,0,,,,,,,,,,,,,,,,,,,,,,,,,,,,,,,,,,,,,,,,,,,,,,,,,,,,,,,,,,,,,,,,,,,,
2020,Karnataka,29,Raichur,546,Raichur,0,1,0,0,0,0,4,0,0,21,0,0,0,0,0,0,0,0,0,0,0,0,0,0,0,0,0,70,35,0,10,0,0,0,0,0,0,0,0,0,0,0,0,0,0,16,15,0,2,0,,,,,,,,,,,,,,,,,,,,,,,,,,,,,,,,,,,,,,,,,,,,,,,,,,,,,,,,,,,,,,,,,,,,
2020,Karnataka,29,Bengaluru Urban,525,K.Railways,0,3,0,0,1,0,0,0,0,3,0,0,0,0,0,0,0,0,0,0,0,0,0,0,0,0,0,1,2,0,0,0,0,0,0,0,0,0,0,0,0,0,0,0,0,0,0,0,0,0,,,,,,,,,,,,,,,,,,,,,,,,,,,,,,,,,,,,,,,,,,,,,,,,,,,,,,,,,,,,,,,,,,,,
2020,Karnataka,29,Ramanagara,631,Ramanagara,0,2,0,0,0,0,0,0,0,42,4,0,0,0,0,0,0,0,0,0,0,0,0,0,0,0,0,0,43,0,23,0,0,0,0,0,0,0,0,0,0,2,0,0,0,3,12,0,0,0,,,,,,,,,,,,,,,,,,,,,,,,,,,,,,,,,,,,,,,,,,,,,,,,,,,,,,,,,,,,,,,,,,,,
2020,Karnataka,29,Shivamogga,547,Shimoga,0,5,0,1,0,0,2,0,0,79,0,0,0,0,0,0,0,0,0,0,0,0,0,0,0,0,0,4,106,0,12,0,10,0,4,0,0,0,1,0,0,1,0,0,0,2,8,0,0,0,,,,,,,,,,,,,,,,,,,,,,,,,,,,,,,,,,,,,,,,,,,,,,,,,,,,,,,,,,,,,,,,,,,,
2020,Karnataka,29,Tumakuru,548,Tumakuru,0,1,2,5,0,0,7,8,0,56,5,0,0,0,2,0,0,0,0,0,0,0,0,0,0,0,0,62,33,0,21,0,5,0,0,0,0,0,0,0,0,1,0,0,0,0,3,0,2,0,,,,,,,,,,,,,,,,,,,,,,,,,,,,,,,,,,,,,,,,,,,,,,,,,,,,,,,,,,,,,,,,,,,,
2020,Karnataka,29,Udupi,549,Udupi,0,1,0,0,0,0,1,0,0,16,0,0,0,0,0,0,0,0,0,0,0,0,0,0,0,0,0,2,35,0,5,0,2,0,0,1,0,1,0,0,0,1,0,0,0,0,0,0,8,0,,,,,,,,,,,,,,,,,,,,,,,,,,,,,,,,,,,,,,,,,,,,,,,,,,,,,,,,,,,,,,,,,,,,
2020,Karnataka,29,Uttara Kannada,550,Uttara Kannada,0,3,0,0,0,0,0,0,0,23,0,0,0,0,0,0,0,0,0,0,0,0,0,0,0,0,0,76,40,0,4,0,0,0,0,0,0,0,2,0,3,0,0,0,0,0,0,0,0,0,,,,,,,,,,,,,,,,,,,,,,,,,,,,,,,,,,,,,,,,,,,,,,,,,,,,,,,,,,,,,,,,,,,,
2020,Karnataka,29,Yadgir,635,Yadgiri,0,3,0,1,0,0,3,0,0,9,1,0,0,0,0,0,0,0,0,0,0,0,0,0,0,1,0,20,23,0,3,0,2,0,0,0,0,0,0,0,0,0,0,0,0,1,1,0,0,0,,,,,,,,,,,,,,,,,,,,,,,,,,,,,,,,,,,,,,,,,,,,,,,,,,,,,,,,,,,,,,,,,,,,
2020,Karnataka,29,Belagavi,527,Belagavi City,0,0,0,3,0,0,1,2,2,11,2,0,0,0,0,2,0,0,0,0,0,0,0,0,0,0,0,27,16,0,0,0,1,0,0,0,0,0,0,0,0,0,0,0,0,0,2,0,5,0,,,,,,,,,,,,,,,,,,,,,,,,,,,,,,,,,,,,,,,,,,,,,,,,,,,,,,,,,,,,,,,,,,,,
2020,Karnataka,29,Kalaburagi,538,Kalaburgi City,0,1,0,0,0,0,2,0,0,8,0,0,0,0,0,2,0,0,0,0,0,0,0,0,0,0,0,19,8,0,2,0,0,0,1,0,0,0,1,0,0,0,0,0,0,0,0,0,0,0,,,,,,,,,,,,,,,,,,,,,,,,,,,,,,,,,,,,,,,,,,,,,,,,,,,,,,,,,,,,,,,,,,,,
,,,,,,,,,,,,,,,,,,,,,,,,,,,,,,,,,,,,,,,,,,,,,,,,,,,,,,,,,,,,,,,,,,,,,,,,,,,,,,,,,,,,,,,,,,,,,,,,,,,,,,,,,,,,,,,,,,,,,,,,,,,
2021,Karnataka,29,Bagalkote,524,Bagalkot,0,1,0,0,0,0,3,0,0,32,0,0,0,1,0,0,0,0,0,0,0,0,0,0,0,0,0,2,37,0,1,0,4,0,0,0,0,0,0,0,0,0,0,0,0,0,40,0,3,0,0,,,,,,,,,,,,,,,,,,,,,,,,,,,,,,,,,,,,,,,,,,,,,,,,,,,,,,,,,,,,,,,,,,,
2021,Karnataka,29,Bengaluru Urban,525,Bengaluru City,2,10,0,3,0,0,16,2,0,739,11,1,0,0,0,3,0,0,1,0,0,0,0,0,0,0,0,42,312,1,54,4,24,0,0,0,0,2,0,0,6,27,2,0,0,9,13,0,57,0,1,,,,,,,,,,,,,,,,,,,,,,,,,,,,,,,,,,,,,,,,,,,,,,,,,,,,,,,,,,,,,,,,,,,
2021,Karnataka,29,Bengaluru Urban,525,Bengaluru District,0,5,1,0,0,0,3,20,0,132,28,0,0,1,1,0,0,0,0,0,0,0,0,0,0,0,0,0,49,1,8,0,30,0,0,0,0,0,0,0,1,1,0,0,0,2,10,0,5,0,0,,,,,,,,,,,,,,,,,,,,,,,,,,,,,,,,,,,,,,,,,,,,,,,,,,,,,,,,,,,,,,,,,,,
2021,Karnataka,29,Belagavi,527,Belagavi District,2,7,0,4,0,0,6,1,0,44,3,0,0,0,0,2,0,0,0,0,0,0,0,0,0,2,0,1,91,0,12,0,5,0,0,0,0,0,0,0,0,0,0,0,0,3,17,0,9,0,0,,,,,,,,,,,,,,,,,,,,,,,,,,,,,,,,,,,,,,,,,,,,,,,,,,,,,,,,,,,,,,,,,,,
2021,Karnataka,29,Ballari,528,Ballari,0,1,0,0,0,0,3,1,0,53,19,0,0,0,0,0,0,0,0,0,0,0,0,0,0,0,0,31,77,0,14,0,4,0,0,0,0,0,2,0,0,1,0,0,0,4,15,0,5,0,0,,,,,,,,,,,,,,,,,,,,,,,,,,,,,,,,,,,,,,,,,,,,,,,,,,,,,,,,,,,,,,,,,,,
2021,Karnataka,29,Bidar,529,Bidar,0,3,0,1,0,0,2,2,0,25,5,0,0,0,0,2,0,0,0,0,0,0,0,0,0,0,0,46,32,0,3,0,5,0,1,0,0,0,0,0,0,1,0,0,0,0,0,0,1,0,0,,,,,,,,,,,,,,,,,,,,,,,,,,,,,,,,,,,,,,,,,,,,,,,,,,,,,,,,,,,,,,,,,,,
2021,Karnataka,29,Vijayapura,530,Vijayapura,1,5,0,0,0,2,4,0,0,46,0,0,0,0,0,0,0,0,0,0,0,0,0,0,0,0,0,2,30,0,0,0,20,0,0,0,0,0,0,0,0,0,0,0,0,0,26,0,0,0,0,,,,,,,,,,,,,,,,,,,,,,,,,,,,,,,,,,,,,,,,,,,,,,,,,,,,,,,,,,,,,,,,,,,
2021,Karnataka,29,Chikkaballapura,630,Chikkaballapura,0,6,0,0,2,0,2,6,1,38,0,0,0,1,0,1,0,0,0,0,0,0,0,0,0,0,0,85,135,0,0,0,23,1,0,0,0,0,0,0,0,1,0,0,0,2,5,0,0,1,0,,,,,,,,,,,,,,,,,,,,,,,,,,,,,,,,,,,,,,,,,,,,,,,,,,,,,,,,,,,,,,,,,,,
2021,Karnataka,29,Chamarajanagara,531,Chamarajnagar,0,0,0,0,0,0,0,0,0,18,0,0,0,0,0,0,0,0,0,0,0,0,0,0,0,0,0,17,37,0,7,0,4,0,0,0,0,0,0,0,0,0,0,0,0,5,4,0,2,0,0,,,,,,,,,,,,,,,,,,,,,,,,,,,,,,,,,,,,,,,,,,,,,,,,,,,,,,,,,,,,,,,,,,,
2021,Karnataka,29,Chikkamagaluru,532,Chikkamagaluru,0,2,1,2,0,0,3,1,0,67,9,0,0,0,0,0,0,0,0,0,0,0,0,0,0,0,0,6,88,0,16,0,0,0,0,0,0,0,8,0,0,6,0,0,0,0,10,0,0,0,0,,,,,,,,,,,,,,,,,,,,,,,,,,,,,,,,,,,,,,,,,,,,,,,,,,,,,,,,,,,,,,,,,,,
2021,Karnataka,29,Chitradurga,533,Chitradurga,1,1,0,0,0,0,2,0,0,100,0,0,0,0,0,0,0,1,1,0,0,0,0,0,0,0,0,9,28,0,38,0,9,0,3,0,0,0,0,0,0,2,0,0,0,2,4,0,0,0,0,,,,,,,,,,,,,,,,,,,,,,,,,,,,,,,,,,,,,,,,,,,,,,,,,,,,,,,,,,,,,,,,,,,
2021,Karnataka,29,Dakshina Kannada,534,Dakshina Kannada,0,1,0,0,0,0,0,0,0,23,0,0,0,0,0,0,0,0,0,0,0,0,0,0,0,0,0,66,32,0,16,2,9,0,0,0,0,0,0,0,0,2,0,0,0,0,1,0,12,0,0,,,,,,,,,,,,,,,,,,,,,,,,,,,,,,,,,,,,,,,,,,,,,,,,,,,,,,,,,,,,,,,,,,,
2021,Karnataka,29,Davangere,535,Davanagere,0,4,0,0,0,0,0,0,0,94,6,0,0,2,1,0,0,1,0,0,0,0,0,0,0,0,0,2,68,0,12,0,3,0,1,0,0,0,1,0,1,0,0,0,0,6,1,0,0,0,0,,,,,,,,,,,,,,,,,,,,,,,,,,,,,,,,,,,,,,,,,,,,,,,,,,,,,,,,,,,,,,,,,,,
2021,Karnataka,29,Dharwad,536,Dharwad,0,2,0,0,0,0,1,0,0,2,11,0,0,0,0,0,0,0,0,0,0,0,0,0,0,0,0,2,19,0,6,0,1,0,0,0,0,0,0,0,0,0,0,0,0,0,11,0,2,0,0,,,,,,,,,,,,,,,,,,,,,,,,,,,,,,,,,,,,,,,,,,,,,,,,,,,,,,,,,,,,,,,,,,,
2021,Karnataka,29,Gadag,537,Gadag,0,0,0,0,0,0,1,0,0,6,0,0,0,0,27,0,0,0,0,0,0,0,0,0,0,0,0,0,12,0,1,0,5,0,0,0,0,0,0,0,0,0,0,0,0,0,5,0,0,0,1,,,,,,,,,,,,,,,,,,,,,,,,,,,,,,,,,,,,,,,,,,,,,,,,,,,,,,,,,,,,,,,,,,,
2021,Karnataka,29,Kalaburagi,538,Kalaburgi,0,4,0,0,0,0,0,0,0,17,11,0,0,0,1,6,0,0,0,0,0,0,0,0,1,0,0,19,45,0,4,0,0,0,2,0,0,0,2,0,0,0,0,0,0,1,4,0,2,0,0,,,,,,,,,,,,,,,,,,,,,,,,,,,,,,,,,,,,,,,,,,,,,,,,,,,,,,,,,,,,,,,,,,,
2021,Karnataka,29,Hassan,539,Hassan,0,2,0,0,0,0,7,0,0,56,0,0,0,0,0,0,0,11,0,0,0,0,0,0,0,0,0,13,102,0,36,0,0,0,0,0,0,0,0,0,0,1,0,0,0,0,23,0,0,1,0,,,,,,,,,,,,,,,,,,,,,,,,,,,,,,,,,,,,,,,,,,,,,,,,,,,,,,,,,,,,,,,,,,,
2021,Karnataka,29,Haveri,540,Haveri,0,3,0,0,0,0,0,0,0,18,0,0,0,0,0,0,0,0,0,0,0,0,0,0,0,0,0,110,64,1,5,0,6,0,2,0,0,0,0,0,0,0,0,0,0,0,0,0,0,0,0,,,,,,,,,,,,,,,,,,,,,,,,,,,,,,,,,,,,,,,,,,,,,,,,,,,,,,,,,,,,,,,,,,,
2021,Karnataka,29,Dharwad,536,Hubballi Dharwad City,0,0,0,0,0,0,0,0,0,29,0,0,0,0,0,0,0,0,1,0,0,0,0,0,0,0,0,0,30,0,5,0,4,0,0,0,0,0,0,0,0,0,0,0,0,0,0,0,3,0,0,,,,,,,,,,,,,,,,,,,,,,,,,,,,,,,,,,,,,,,,,,,,,,,,,,,,,,,,,,,,,,,,,,,
2021,Karnataka,29,Belagavi,527,K.G.F.,0,1,0,0,0,0,0,0,0,13,0,0,0,0,0,0,0,0,1,0,0,0,0,0,0,0,0,0,17,0,1,0,0,0,0,0,0,0,0,0,0,0,0,0,0,0,0,0,1,0,0,,,,,,,,,,,,,,,,,,,,,,,,,,,,,,,,,,,,,,,,,,,,,,,,,,,,,,,,,,,,,,,,,,,
2021,Karnataka,29,Kodagu,541,Kodagu,0,0,1,0,0,0,0,0,0,38,0,0,0,0,0,0,0,0,0,0,0,0,0,0,0,0,0,1,43,0,22,0,0,0,0,0,0,0,0,0,0,0,0,0,0,0,1,0,0,0,0,,,,,,,,,,,,,,,,,,,,,,,,,,,,,,,,,,,,,,,,,,,,,,,,,,,,,,,,,,,,,,,,,,,
2021,Karnataka,29,Kolar,542,Kolar,0,0,0,0,0,0,3,2,0,37,0,0,0,0,0,2,0,0,0,0,0,0,0,0,0,0,0,11,51,0,3,0,7,0,0,0,0,0,0,0,0,2,0,0,0,0,3,0,1,0,1,,,,,,,,,,,,,,,,,,,,,,,,,,,,,,,,,,,,,,,,,,,,,,,,,,,,,,,,,,,,,,,,,,,
2021,Karnataka,29,Koppal,543,Koppal,0,0,0,0,0,0,1,0,0,30,0,0,0,0,0,0,0,0,0,0,0,0,0,0,0,0,0,0,33,0,3,0,4,0,0,0,0,0,0,0,0,0,0,0,0,2,3,0,3,0,0,,,,,,,,,,,,,,,,,,,,,,,,,,,,,,,,,,,,,,,,,,,,,,,,,,,,,,,,,,,,,,,,,,,
2021,Karnataka,29,Mandya,544,Mandya,0,1,0,0,0,0,0,0,0,101,19,0,0,0,0,0,0,0,0,0,0,0,0,0,0,0,0,52,59,0,35,0,0,0,0,0,0,0,0,0,1,0,0,0,0,0,19,0,6,0,0,,,,,,,,,,,,,,,,,,,,,,,,,,,,,,,,,,,,,,,,,,,,,,,,,,,,,,,,,,,,,,,,,,,
2021,Karnataka,29,Dakshina Kannada,534,Mangaluru City,1,2,2,0,0,0,0,0,0,11,8,0,0,0,0,0,0,2,2,0,0,0,0,0,0,0,0,38,28,0,16,0,15,0,2,0,0,1,0,0,0,1,0,0,0,0,0,0,11,2,0,,,,,,,,,,,,,,,,,,,,,,,,,,,,,,,,,,,,,,,,,,,,,,,,,,,,,,,,,,,,,,,,,,,
2021,Karnataka,29,Mysuru,545,Mysuru City,0,2,1,0,0,0,1,0,0,59,0,0,0,0,0,0,0,0,0,0,0,0,0,0,0,0,0,29,34,0,7,1,0,0,0,0,0,0,0,0,0,2,0,0,0,1,6,0,3,0,0,,,,,,,,,,,,,,,,,,,,,,,,,,,,,,,,,,,,,,,,,,,,,,,,,,,,,,,,,,,,,,,,,,,
2021,Karnataka,29,Mysuru,545,Mysuru District,0,4,0,0,0,0,1,15,0,58,22,0,0,0,0,1,0,0,0,0,0,0,0,0,0,0,0,63,72,0,30,0,2,0,0,0,0,0,0,0,1,0,0,0,0,0,17,0,3,0,0,,,,,,,,,,,,,,,,,,,,,,,,,,,,,,,,,,,,,,,,,,,,,,,,,,,,,,,,,,,,,,,,,,,
2021,Karnataka,29,Raichur,546,Raichur,0,6,1,0,0,0,3,0,0,24,0,0,0,0,2,0,0,0,0,0,0,0,0,0,0,0,0,21,43,0,7,0,0,0,0,0,0,0,0,0,0,0,0,0,0,3,11,0,2,0,0,,,,,,,,,,,,,,,,,,,,,,,,,,,,,,,,,,,,,,,,,,,,,,,,,,,,,,,,,,,,,,,,,,,
2021,Karnataka,29,Bengaluru Urban,525,K.Railways,0,1,0,0,0,0,0,0,0,1,0,0,0,0,0,0,0,0,0,0,0,0,0,0,0,0,0,0,1,0,1,0,0,0,0,0,0,0,0,0,0,0,0,0,0,1,0,0,0,0,0,,,,,,,,,,,,,,,,,,,,,,,,,,,,,,,,,,,,,,,,,,,,,,,,,,,,,,,,,,,,,,,,,,,
2021,Karnataka,29,Ramanagara,631,Ramanagara,0,3,0,0,0,0,1,0,1,69,8,0,0,0,0,0,0,0,0,0,0,0,0,0,0,0,0,48,75,1,5,0,8,0,0,0,0,0,3,0,0,3,0,0,0,16,10,0,4,0,1,,,,,,,,,,,,,,,,,,,,,,,,,,,,,,,,,,,,,,,,,,,,,,,,,,,,,,,,,,,,,,,,,,,
2021,Karnataka,29,Shivamogga,547,Shimoga,0,2,1,1,2,0,1,1,0,88,1,0,0,0,0,0,0,0,0,0,0,0,0,0,0,0,0,6,110,0,22,0,9,0,2,0,0,0,0,0,0,2,0,0,0,0,4,0,4,0,0,,,,,,,,,,,,,,,,,,,,,,,,,,,,,,,,,,,,,,,,,,,,,,,,,,,,,,,,,,,,,,,,,,,
2021,Karnataka,29,Tumakuru,548,Tumakuru,1,6,2,7,0,0,1,57,0,119,0,0,0,0,0,0,0,0,0,0,0,0,0,0,0,0,0,190,67,0,0,0,40,0,0,0,0,0,0,0,0,4,0,0,0,0,3,0,2,0,0,,,,,,,,,,,,,,,,,,,,,,,,,,,,,,,,,,,,,,,,,,,,,,,,,,,,,,,,,,,,,,,,,,,
2021,Karnataka,29,Udupi,549,Udupi,0,1,0,0,0,0,1,0,0,18,1,0,0,0,0,0,0,3,0,0,0,0,0,0,0,0,0,1,39,0,15,1,3,0,0,0,0,0,0,0,0,6,0,0,0,0,0,0,7,0,0,,,,,,,,,,,,,,,,,,,,,,,,,,,,,,,,,,,,,,,,,,,,,,,,,,,,,,,,,,,,,,,,,,,
2021,Karnataka,29,Uttara Kannada,550,Uttara Kannada,0,1,1,0,0,0,1,1,1,34,0,0,0,0,0,0,0,0,0,0,0,0,0,0,0,0,0,13,42,0,7,0,1,0,0,0,0,0,0,0,0,5,0,0,0,1,1,0,9,0,0,,,,,,,,,,,,,,,,,,,,,,,,,,,,,,,,,,,,,,,,,,,,,,,,,,,,,,,,,,,,,,,,,,,
2021,Karnataka,29,Yadgir,635,Yadgiri,0,1,1,0,0,0,0,0,0,14,0,0,0,0,1,0,0,0,0,0,0,0,0,0,0,0,0,21,39,0,6,0,1,0,0,0,0,0,0,0,0,0,0,0,0,0,4,0,1,0,0,,,,,,,,,,,,,,,,,,,,,,,,,,,,,,,,,,,,,,,,,,,,,,,,,,,,,,,,,,,,,,,,,,,
2021,Karnataka,29,Belagavi,527,Belagavi City,0,2,0,0,0,0,0,4,0,19,2,0,0,0,0,2,0,1,0,0,0,0,0,0,0,0,0,42,24,0,7,0,1,0,0,0,0,0,0,0,0,0,0,0,0,0,0,0,1,1,1,,,,,,,,,,,,,,,,,,,,,,,,,,,,,,,,,,,,,,,,,,,,,,,,,,,,,,,,,,,,,,,,,,,
2021,Karnataka,29,Kalaburagi,538,Kalaburgi City,0,1,0,0,1,0,2,1,0,33,0,0,0,0,0,0,0,0,0,0,0,0,0,0,0,0,0,2,25,0,2,0,2,0,0,1,0,0,1,0,1,0,0,0,0,0,2,0,0,0,0,,,,,,,,,,,,,,,,,,,,,,,,,,,,,,,,,,,,,,,,,,,,,,,,,,,,,,,,,,,,,,,,,,,
